start_time,role,duration_ms,operation,resource,is_error
0.002178507,Regular,60,Create,Deployment,true
0.002502499,Regular,70,Create,Deployment,true
0.002327348,Regular,70,Create,Deployment,true
0.002224644,Regular,60,Create,Deployment,true
0.062443196,Regular,57,Create,ConfigMap,true
0.119901511,Regular,5,Update,Deployment,true
0.062431544,Regular,57,Create,ConfigMap,true
0.119586636,Regular,6,Update,Deployment,true
0.125597524,Regular,3,Delete,ConfigMap,true
0.129092869,Regular,3,Delete,Deployment,true
0.132856221,Regular,53,Create,Deployment,true
0.185971159,Regular,52,Create,ConfigMap,true
0.238348323,Regular,1,Update,Deployment,true
0.239809434,Regular,1,Delete,ConfigMap,true
0.241735503,Regular,3,Delete,Deployment,true
0.245562806,Regular,54,Create,Deployment,true
0.30004091,Regular,54,Create,ConfigMap,true
0.354253201,Regular,4,Update,Deployment,true
0.359093127,Regular,2,Delete,ConfigMap,true
0.361736202,Regular,4,Delete,Deployment,true
0.366702416,Regular,54,Create,Deployment,true
0.420925067,Regular,52,Create,ConfigMap,true
0.473274088,Regular,1,Update,Deployment,true
0.474695284,Regular,1,Delete,ConfigMap,true
0.476295387,Regular,1,Delete,Deployment,true
0.477876685,Regular,53,Create,Deployment,true
0.531035226,Regular,52,Create,ConfigMap,true
0.583081635,Regular,3,Update,Deployment,true
0.586912654,Regular,1,Delete,ConfigMap,true
0.588379305,Regular,1,Delete,Deployment,true
0.589875643,Regular,51,Create,Deployment,true
0.641526735,Regular,52,Create,ConfigMap,true
0.693933314,Regular,1,Update,Deployment,true
0.695510294,Regular,1,Delete,ConfigMap,true
0.696976505,Regular,1,Delete,Deployment,true
0.698276982,Regular,53,Create,Deployment,true
0.751482351,Regular,53,Create,ConfigMap,true
0.804583233,Regular,2,Update,Deployment,true
0.806664716,Regular,2,Delete,ConfigMap,true
0.808751299,Regular,1,Delete,Deployment,true
0.810284937,Regular,53,Create,Deployment,true
0.864583231,Regular,53,Create,ConfigMap,true
0.91787817,Regular,1,Update,Deployment,true
0.919754876,Regular,1,Delete,ConfigMap,true
0.92119109,Regular,1,Delete,Deployment,true
0.922787266,Regular,52,Create,Deployment,true
0.975315836,Regular,52,Create,ConfigMap,true
0.002518389,Regular,70,Create,Deployment,true
0.072875088,Regular,56,Create,ConfigMap,true
0.129474581,Regular,2,Update,Deployment,true
0.132186726,Regular,1,Delete,ConfigMap,true
0.134008829,Regular,1,Delete,Deployment,true
0.135631716,Regular,52,Create,Deployment,true
0.187649801,Regular,51,Create,ConfigMap,true
0.239439204,Regular,1,Update,Deployment,true
0.241004582,Regular,2,Delete,ConfigMap,true
0.243229727,Regular,1,Delete,Deployment,true
0.245232361,Regular,54,Create,Deployment,true
0.300005633,Regular,53,Create,ConfigMap,true
0.353979124,Regular,5,Update,Deployment,true
0.359512169,Regular,2,Delete,ConfigMap,true
0.36154998,Regular,5,Delete,Deployment,true
0.366697967,Regular,54,Create,Deployment,true
0.421198303,Regular,52,Create,ConfigMap,true
0.473315105,Regular,1,Update,Deployment,true
0.474772399,Regular,1,Delete,ConfigMap,true
0.476287362,Regular,1,Delete,Deployment,true
0.477626042,Regular,53,Create,Deployment,true
0.530800993,Regular,51,Create,ConfigMap,true
0.582719861,Regular,1,Update,Deployment,true
0.584586338,Regular,1,Delete,ConfigMap,true
0.586567772,Regular,1,Delete,Deployment,true
0.588111389,Regular,51,Create,Deployment,true
0.639963681,Regular,52,Create,ConfigMap,true
0.692201452,Regular,1,Update,Deployment,true
0.693659968,Regular,1,Delete,ConfigMap,true
0.695228742,Regular,1,Delete,Deployment,true
0.696569466,Regular,54,Create,Deployment,true
0.751503531,Regular,52,Create,ConfigMap,true
0.80428004,Regular,2,Update,Deployment,true
0.80630129,Regular,1,Delete,ConfigMap,true
0.808082485,Regular,1,Delete,Deployment,true
0.809795222,Regular,54,Create,Deployment,true
0.864736751,Regular,53,Create,ConfigMap,true
0.9178679,Regular,1,Update,Deployment,true
0.919509212,Regular,1,Delete,ConfigMap,true
0.920881925,Regular,1,Delete,Deployment,true
0.922462182,Regular,52,Create,Deployment,true
0.975353127,Regular,52,Create,ConfigMap,true
0.002269419,Regular,59,Create,Deployment,true
0.061987695,Regular,55,Create,ConfigMap,true
0.117905529,Regular,3,Update,Deployment,true
0.12101237,Regular,4,Delete,ConfigMap,true
0.125341601,Regular,3,Delete,Deployment,true
0.129322293,Regular,55,Create,Deployment,true
0.184348653,Regular,52,Create,ConfigMap,true
0.236961092,Regular,1,Update,Deployment,true
0.238325419,Regular,1,Delete,ConfigMap,true
0.239698334,Regular,2,Delete,Deployment,true
0.241780498,Regular,54,Create,Deployment,true
0.295901287,Regular,54,Create,ConfigMap,true
0.350670071,Regular,7,Update,Deployment,true
0.357935119,Regular,3,Delete,ConfigMap,true
0.361074191,Regular,4,Delete,Deployment,true
0.365832672,Regular,53,Create,Deployment,true
0.419091923,Regular,52,Create,ConfigMap,true
0.471813298,Regular,1,Update,Deployment,true
0.473024226,Regular,1,Delete,ConfigMap,true
0.474395707,Regular,1,Delete,Deployment,true
0.476022381,Regular,52,Create,Deployment,true
0.528146898,Regular,52,Create,ConfigMap,true
0.58061819,Regular,1,Update,Deployment,true
0.582203034,Regular,2,Delete,ConfigMap,true
0.584297683,Regular,2,Delete,Deployment,true
0.586988567,Regular,52,Create,Deployment,true
0.639537406,Regular,52,Create,ConfigMap,true
0.692466413,Regular,1,Update,Deployment,true
0.69392593,Regular,1,Delete,ConfigMap,true
0.695477172,Regular,1,Delete,Deployment,true
0.696961687,Regular,54,Create,Deployment,true
0.751531915,Regular,53,Create,ConfigMap,true
0.804544379,Regular,2,Update,Deployment,true
0.80667181,Regular,2,Delete,ConfigMap,true
0.809079139,Regular,1,Delete,Deployment,true
0.810572961,Regular,53,Create,Deployment,true
0.864194346,Regular,53,Create,ConfigMap,true
0.917570308,Regular,2,Update,Deployment,true
0.919769213,Regular,1,Delete,ConfigMap,true
0.921157296,Regular,1,Delete,Deployment,true
0.922768681,Regular,52,Create,Deployment,true
0.97535499,Regular,52,Create,ConfigMap,true
0.002289056,Regular,59,Create,Deployment,true
0.061993596,Regular,55,Create,ConfigMap,true
0.117946296,Regular,3,Update,Deployment,true
0.120966834,Regular,4,Delete,ConfigMap,true
0.125633973,Regular,3,Delete,Deployment,true
0.129280083,Regular,55,Create,Deployment,true
0.184345758,Regular,52,Create,ConfigMap,true
0.236712913,Regular,1,Update,Deployment,true
0.238080487,Regular,1,Delete,ConfigMap,true
0.23970178,Regular,2,Delete,Deployment,true
0.241768907,Regular,54,Create,Deployment,true
0.296297947,Regular,54,Create,ConfigMap,true
0.351201134,Regular,4,Update,Deployment,true
0.356201453,Regular,5,Delete,ConfigMap,true
0.361437818,Regular,4,Delete,Deployment,true
0.366253067,Regular,53,Create,Deployment,true
0.41942899,Regular,52,Create,ConfigMap,true
0.471561001,Regular,1,Update,Deployment,true
0.473311148,Regular,1,Delete,ConfigMap,true
0.474721363,Regular,1,Delete,Deployment,true
0.476287041,Regular,52,Create,Deployment,true
0.528302421,Regular,52,Create,ConfigMap,true
0.580906534,Regular,1,Update,Deployment,true
0.582586609,Regular,1,Delete,ConfigMap,true
0.584580267,Regular,2,Delete,Deployment,true
0.58691565,Regular,52,Create,Deployment,true
0.639804641,Regular,52,Create,ConfigMap,true
0.692474378,Regular,1,Update,Deployment,true
0.693908878,Regular,1,Delete,ConfigMap,true
0.69547648,Regular,1,Delete,Deployment,true
0.696857921,Regular,54,Create,Deployment,true
0.751544038,Regular,53,Create,ConfigMap,true
0.804562734,Regular,2,Update,Deployment,true
0.806918516,Regular,2,Delete,ConfigMap,true
0.809035917,Regular,1,Delete,Deployment,true
0.81065711,Regular,53,Create,Deployment,true
0.863807465,Regular,54,Create,ConfigMap,true
0.917850467,Regular,1,Update,Deployment,true
0.919779733,Regular,1,Delete,ConfigMap,true
0.921169088,Regular,1,Delete,Deployment,true
0.922681687,Regular,52,Create,Deployment,true
0.975315806,Regular,52,Create,ConfigMap,true
0.073228295,Regular,56,Create,ConfigMap,true
0.129375032,Regular,3,Update,Deployment,true
0.133285161,Regular,1,Delete,ConfigMap,true
0.135101724,Regular,1,Delete,Deployment,true
0.136905302,Regular,52,Create,Deployment,true
0.189621016,Regular,52,Create,ConfigMap,true
0.241701609,Regular,3,Update,Deployment,true
0.24482398,Regular,2,Delete,ConfigMap,true
0.247824129,Regular,5,Delete,Deployment,true
0.252997525,Regular,54,Create,Deployment,true
0.307605243,Regular,65,Create,ConfigMap,true
0.372630578,Regular,3,Update,Deployment,true
0.376133627,Regular,2,Delete,ConfigMap,true
0.378330178,Regular,2,Delete,Deployment,true
0.380527911,Regular,52,Create,Deployment,true
0.433377017,Regular,53,Create,ConfigMap,true
0.486480714,Regular,1,Update,Deployment,true
0.488391995,Regular,1,Delete,ConfigMap,true
0.490055809,Regular,1,Delete,Deployment,true
0.491515558,Regular,52,Create,Deployment,true
0.543837347,Regular,52,Create,ConfigMap,true
0.596475685,Regular,1,Update,Deployment,true
0.597747498,Regular,1,Delete,ConfigMap,true
0.599090416,Regular,1,Delete,Deployment,true
0.600530326,Regular,52,Create,Deployment,true
0.653410681,Regular,53,Create,ConfigMap,true
0.706860752,Regular,1,Update,Deployment,true
0.708573469,Regular,1,Delete,ConfigMap,true
0.709958867,Regular,1,Delete,Deployment,true
0.711299801,Regular,52,Create,Deployment,true
0.763746777,Regular,52,Create,ConfigMap,true
0.816082402,Regular,1,Update,Deployment,true
0.81727205,Regular,1,Delete,ConfigMap,true
0.818456929,Regular,1,Delete,Deployment,true
0.820401864,Regular,52,Create,Deployment,true
0.872413708,Regular,51,Create,ConfigMap,true
0.9243877,Regular,1,Update,Deployment,true
0.925977174,Regular,1,Delete,ConfigMap,true
0.927648602,Regular,1,Delete,Deployment,true
0.928943809,Regular,53,Create,Deployment,true
0.982537403,Regular,52,Create,ConfigMap,true
0.002510424,Regular,70,Create,Deployment,true
0.073300051,Regular,56,Create,ConfigMap,true
0.129475582,Regular,4,Update,Deployment,true
0.133567925,Regular,1,Delete,ConfigMap,true
0.135198256,Regular,1,Delete,Deployment,true
0.137005712,Regular,52,Create,Deployment,true
0.18936931,Regular,52,Create,ConfigMap,true
0.241419106,Regular,2,Update,Deployment,true
0.244102927,Regular,1,Delete,ConfigMap,true
0.245964605,Regular,6,Delete,Deployment,true
0.252225516,Regular,56,Create,Deployment,true
0.309151095,Regular,61,Create,ConfigMap,true
0.370639435,Regular,5,Update,Deployment,true
0.376577216,Regular,2,Delete,ConfigMap,true
0.378960329,Regular,3,Delete,Deployment,true
0.382063313,Regular,52,Create,Deployment,true
0.434901307,Regular,53,Create,ConfigMap,true
0.488717029,Regular,1,Update,Deployment,true
0.490407744,Regular,1,Delete,ConfigMap,true
0.491850891,Regular,1,Delete,Deployment,true
0.493565722,Regular,52,Create,Deployment,true
0.546111374,Regular,53,Create,ConfigMap,true
0.599655073,Regular,1,Update,Deployment,true
0.60112524,Regular,1,Delete,ConfigMap,true
0.602732297,Regular,4,Delete,Deployment,true
0.607142922,Regular,52,Create,Deployment,true
0.659606349,Regular,52,Create,ConfigMap,true
0.711690479,Regular,1,Update,Deployment,true
0.713364432,Regular,2,Delete,ConfigMap,true
0.715396863,Regular,1,Delete,Deployment,true
0.716909131,Regular,52,Create,Deployment,true
0.7696172,Regular,52,Create,ConfigMap,true
0.82261161,Regular,4,Update,Deployment,true
0.827186805,Regular,2,Delete,ConfigMap,true
0.82996212,Regular,1,Delete,Deployment,true
0.831560761,Regular,53,Create,Deployment,true
0.885398725,Regular,52,Create,ConfigMap,true
0.937820383,Regular,1,Update,Deployment,true
0.939018046,Regular,1,Delete,ConfigMap,true
0.940354552,Regular,1,Delete,Deployment,true
0.941656432,Regular,51,Create,Deployment,true
0.993569508,Regular,53,Create,ConfigMap,true
0.125429106,Regular,4,Delete,ConfigMap,true
0.12956441,Regular,3,Delete,Deployment,true
0.132576713,Regular,54,Create,Deployment,true
0.187108057,Regular,51,Create,ConfigMap,true
0.238966351,Regular,1,Update,Deployment,true
0.240448652,Regular,1,Delete,ConfigMap,true
0.242387325,Regular,3,Delete,Deployment,true
0.245537989,Regular,54,Create,Deployment,true
0.300005483,Regular,71,Create,ConfigMap,true
0.371696803,Regular,4,Update,Deployment,true
0.376528153,Regular,2,Delete,ConfigMap,true
0.37942671,Regular,2,Delete,Deployment,true
0.381736926,Regular,54,Create,Deployment,true
0.435841664,Regular,52,Create,ConfigMap,true
0.488750453,Regular,1,Update,Deployment,true
0.490380513,Regular,1,Delete,ConfigMap,true
0.492104781,Regular,1,Delete,Deployment,true
0.49358082,Regular,52,Create,Deployment,true
0.545979605,Regular,53,Create,ConfigMap,true
0.599435417,Regular,1,Update,Deployment,true
0.600884415,Regular,1,Delete,ConfigMap,true
0.602755331,Regular,4,Delete,Deployment,true
0.60740149,Regular,52,Create,Deployment,true
0.659893281,Regular,51,Create,ConfigMap,true
0.711665622,Regular,1,Update,Deployment,true
0.713073473,Regular,1,Delete,ConfigMap,true
0.714485891,Regular,1,Delete,Deployment,true
0.715799013,Regular,52,Create,Deployment,true
0.767947234,Regular,52,Create,ConfigMap,true
0.820716529,Regular,1,Update,Deployment,true
0.822335639,Regular,4,Delete,ConfigMap,true
0.827440875,Regular,2,Delete,Deployment,true
0.830060235,Regular,53,Create,Deployment,true
0.883138273,Regular,53,Create,ConfigMap,true
0.9366917,Regular,1,Update,Deployment,true
0.938003329,Regular,1,Delete,ConfigMap,true
0.939285742,Regular,1,Delete,Deployment,true
0.94060789,Regular,53,Create,Deployment,true
0.993864836,Regular,56,Create,ConfigMap,true
0.00250833,Regular,70,Create,Deployment,true
0.073286986,Regular,56,Create,ConfigMap,true
0.129452549,Regular,3,Update,Deployment,true
0.132782722,Regular,1,Delete,ConfigMap,true
0.134599495,Regular,1,Delete,Deployment,true
0.136555321,Regular,52,Create,Deployment,true
0.188735262,Regular,51,Create,ConfigMap,true
0.240743329,Regular,2,Update,Deployment,true
0.242933998,Regular,2,Delete,ConfigMap,true
0.245219858,Regular,3,Delete,Deployment,true
0.24845981,Regular,52,Create,Deployment,true
0.301192726,Regular,70,Create,ConfigMap,true
0.371425541,Regular,5,Update,Deployment,true
0.376528173,Regular,3,Delete,ConfigMap,true
0.379697001,Regular,1,Delete,Deployment,true
0.381704324,Regular,53,Create,Deployment,true
0.435448401,Regular,53,Create,ConfigMap,true
0.48872267,Regular,1,Update,Deployment,true
0.490385001,Regular,1,Delete,ConfigMap,true
0.49182396,Regular,1,Delete,Deployment,true
0.493264533,Regular,52,Create,Deployment,true
0.546080366,Regular,53,Create,ConfigMap,true
0.599377759,Regular,1,Update,Deployment,true
0.600951743,Regular,1,Delete,ConfigMap,true
0.602579939,Regular,4,Delete,Deployment,true
0.606748737,Regular,52,Create,Deployment,true
0.65922595,Regular,52,Create,ConfigMap,true
0.711731987,Regular,1,Update,Deployment,true
0.713380393,Regular,2,Delete,ConfigMap,true
0.715664048,Regular,1,Delete,Deployment,true
0.717212003,Regular,52,Create,Deployment,true
0.769611349,Regular,52,Create,ConfigMap,true
0.822403196,Regular,3,Update,Deployment,true
0.82628946,Regular,3,Delete,ConfigMap,true
0.829659759,Regular,1,Delete,Deployment,true
0.83129611,Regular,53,Create,Deployment,true
0.884336147,Regular,52,Create,ConfigMap,true
0.936457989,Regular,1,Update,Deployment,true
0.937748127,Regular,1,Delete,ConfigMap,true
0.939336318,Regular,1,Delete,Deployment,true
0.940700435,Regular,53,Create,Deployment,true
0.9938616,Regular,56,Create,ConfigMap,true
0.073216974,Regular,55,Create,ConfigMap,true
0.129080706,Regular,3,Update,Deployment,true
0.132868284,Regular,2,Delete,ConfigMap,true
0.134894132,Regular,2,Delete,Deployment,true
0.136921072,Regular,52,Create,Deployment,true
0.189652425,Regular,52,Create,ConfigMap,true
0.241701609,Regular,3,Update,Deployment,true
0.245514685,Regular,3,Delete,ConfigMap,true
0.2488144,Regular,4,Delete,Deployment,true
0.253142449,Regular,53,Create,Deployment,true
0.306364239,Regular,66,Create,ConfigMap,true
0.373185146,Regular,3,Update,Deployment,true
0.376591382,Regular,2,Delete,ConfigMap,true
0.379482736,Regular,2,Delete,Deployment,true
0.381826505,Regular,53,Create,Deployment,true
0.435338544,Regular,53,Create,ConfigMap,true
0.488707041,Regular,1,Update,Deployment,true
0.490391213,Regular,1,Delete,ConfigMap,true
0.491939308,Regular,1,Delete,Deployment,true
0.49358085,Regular,52,Create,Deployment,true
0.546023648,Regular,53,Create,ConfigMap,true
0.600018259,Regular,1,Update,Deployment,true
0.601565352,Regular,2,Delete,ConfigMap,true
0.603655231,Regular,3,Delete,Deployment,true
0.607095292,Regular,52,Create,Deployment,true
0.659644411,Regular,52,Create,ConfigMap,true
0.711731286,Regular,1,Update,Deployment,true
0.713331741,Regular,2,Delete,ConfigMap,true
0.715659108,Regular,1,Delete,Deployment,true
0.717179231,Regular,52,Create,Deployment,true
0.769325338,Regular,51,Create,ConfigMap,true
0.821217967,Regular,3,Update,Deployment,true
0.824258692,Regular,2,Delete,ConfigMap,true
0.827188238,Regular,2,Delete,Deployment,true
0.829972379,Regular,53,Create,Deployment,true
0.883138293,Regular,53,Create,ConfigMap,true
0.936464892,Regular,1,Update,Deployment,true
0.937784135,Regular,1,Delete,ConfigMap,true
0.939336318,Regular,1,Delete,Deployment,true
0.94085652,Regular,53,Create,Deployment,true
0.993867942,Regular,54,Create,ConfigMap,true
1.048621937,Regular,8,Update,Deployment,true
0.002202893,Regular,71,Create,Deployment,true
0.073326761,Regular,56,Create,ConfigMap,true
0.129656003,Regular,3,Update,Deployment,true
0.133488706,Regular,1,Delete,ConfigMap,true
0.135344072,Regular,1,Delete,Deployment,true
0.136987157,Regular,52,Create,Deployment,true
0.189637838,Regular,52,Create,ConfigMap,true
0.241741174,Regular,2,Update,Deployment,true
0.244510848,Regular,2,Delete,ConfigMap,true
0.247500046,Regular,5,Delete,Deployment,true
0.253027872,Regular,56,Create,Deployment,true
0.309168578,Regular,62,Create,ConfigMap,true
0.372177672,Regular,4,Update,Deployment,true
0.376503777,Regular,3,Delete,ConfigMap,true
0.379591972,Regular,2,Delete,Deployment,true
0.381736936,Regular,53,Create,Deployment,true
0.435357419,Regular,53,Create,ConfigMap,true
0.488708834,Regular,1,Update,Deployment,true
0.490411532,Regular,1,Delete,ConfigMap,true
0.491850731,Regular,1,Delete,Deployment,true
0.493552126,Regular,52,Create,Deployment,true
0.546028758,Regular,53,Create,ConfigMap,true
0.599657858,Regular,1,Update,Deployment,true
0.601386835,Regular,1,Delete,ConfigMap,true
0.602983843,Regular,4,Delete,Deployment,true
0.607173991,Regular,52,Create,Deployment,true
0.659539222,Regular,52,Create,ConfigMap,true
0.711616129,Regular,1,Update,Deployment,true
0.713364012,Regular,2,Delete,ConfigMap,true
0.715683524,Regular,1,Delete,Deployment,true
0.717209989,Regular,52,Create,Deployment,true
0.769613934,Regular,51,Create,ConfigMap,true
0.821492626,Regular,3,Update,Deployment,true
0.824549442,Regular,2,Delete,ConfigMap,true
0.826661854,Regular,3,Delete,Deployment,true
0.830045838,Regular,53,Create,Deployment,true
0.883169162,Regular,53,Create,ConfigMap,true
0.936630755,Regular,1,Update,Deployment,true
0.937984704,Regular,1,Delete,ConfigMap,true
0.93934827,Regular,1,Delete,Deployment,true
0.940868573,Regular,52,Create,Deployment,true
0.993848295,Regular,56,Create,ConfigMap,true
1.050050847,Regular,5,Update,Deployment,true
1.055139332,Regular,4,Delete,ConfigMap,true
1.050117403,Regular,6,Update,Deployment,true
1.056663863,Regular,3,Delete,ConfigMap,true
1.060139562,Regular,2,Delete,Deployment,true
1.062206397,Regular,54,Create,Deployment,true
1.116815028,Regular,59,Create,ConfigMap,true
1.176760264,Regular,7,Update,Deployment,true
1.184274212,Regular,11,Delete,ConfigMap,true
1.195664245,Regular,13,Delete,Deployment,true
1.208888704,Regular,63,Create,Deployment,true
1.271995943,Regular,65,Create,ConfigMap,true
1.337967694,Regular,17,Update,Deployment,true
1.355664916,Regular,17,Delete,ConfigMap,true
1.372717771,Regular,21,Delete,Deployment,true
1.394009724,Regular,70,Create,Deployment,true
1.464420144,Regular,53,Create,ConfigMap,true
1.5178232459999998,Regular,2,Update,Deployment,true
1.520817444,Regular,1,Delete,ConfigMap,true
1.522117731,Regular,3,Delete,Deployment,true
1.525559464,Regular,53,Create,Deployment,true
1.578806011,Regular,51,Create,ConfigMap,true
1.630512057,Regular,1,Update,Deployment,true
1.631633286,Regular,1,Delete,ConfigMap,true
1.632731741,Regular,1,Delete,Deployment,true
1.633890681,Regular,52,Create,Deployment,true
1.686746951,Regular,51,Create,ConfigMap,true
1.7384770920000001,Regular,1,Update,Deployment,true
1.739530362,Regular,1,Delete,ConfigMap,true
1.740595916,Regular,1,Delete,Deployment,true
1.741649096,Regular,52,Create,Deployment,true
1.794029646,Regular,51,Create,ConfigMap,true
1.845816825,Regular,1,Update,Deployment,true
1.847621185,Regular,1,Delete,ConfigMap,true
1.8489404280000001,Regular,1,Delete,Deployment,true
1.850013195,Regular,51,Create,Deployment,true
1.901530755,Regular,52,Create,ConfigMap,true
1.9535457539999999,Regular,1,Update,Deployment,true
1.9546792659999999,Regular,1,Delete,ConfigMap,true
1.955779185,Regular,1,Delete,Deployment,true
1.95685607,Regular,52,Create,Deployment,true
1.027864714,Regular,1,Update,Deployment,true
1.029488232,Regular,1,Delete,ConfigMap,true
1.031257755,Regular,1,Delete,Deployment,true
1.032695272,Regular,53,Create,Deployment,true
1.08574672,Regular,53,Create,ConfigMap,true
1.139623017,Regular,4,Update,Deployment,true
1.1440384909999999,Regular,2,Delete,ConfigMap,true
1.146981933,Regular,24,Delete,Deployment,true
1.171647672,Regular,64,Create,Deployment,true
1.23567954,Regular,58,Create,ConfigMap,true
1.2944933650000001,Regular,14,Update,Deployment,true
1.309121035,Regular,22,Delete,ConfigMap,true
1.331520982,Regular,7,Delete,Deployment,true
1.338646457,Regular,62,Create,Deployment,true
1.401228526,Regular,63,Create,ConfigMap,true
1.4644172690000001,Regular,2,Update,Deployment,true
1.46742359,Regular,3,Delete,ConfigMap,true
1.470832972,Regular,2,Delete,Deployment,true
1.47317637,Regular,53,Create,Deployment,true
1.526185948,Regular,52,Create,ConfigMap,true
1.578843742,Regular,1,Update,Deployment,true
1.580041065,Regular,1,Delete,ConfigMap,true
1.5812647370000001,Regular,1,Delete,Deployment,true
1.582610079,Regular,54,Create,Deployment,true
1.636734806,Regular,53,Create,ConfigMap,true
1.690582448,Regular,1,Update,Deployment,true
1.692175589,Regular,1,Delete,ConfigMap,true
1.6936013330000002,Regular,1,Delete,Deployment,true
1.694846546,Regular,53,Create,Deployment,true
1.7483155830000001,Regular,52,Create,ConfigMap,true
1.80058869,Regular,1,Update,Deployment,true
1.801785442,Regular,2,Delete,ConfigMap,true
1.8038824340000001,Regular,3,Delete,Deployment,true
1.807162052,Regular,52,Create,Deployment,true
1.859854231,Regular,52,Create,ConfigMap,true
1.9124307219999999,Regular,1,Update,Deployment,true
1.913743132,Regular,1,Delete,ConfigMap,true
1.915083134,Regular,1,Delete,Deployment,true
1.91649952,Regular,51,Create,Deployment,true
1.968130705,Regular,52,Create,ConfigMap,true
1.028041538,Regular,2,Update,Deployment,true
1.03070476,Regular,1,Delete,ConfigMap,true
1.032707445,Regular,2,Delete,Deployment,true
1.035025595,Regular,52,Create,Deployment,true
1.087949763,Regular,52,Create,ConfigMap,true
1.140521515,Regular,4,Update,Deployment,true
1.145078386,Regular,5,Delete,ConfigMap,true
1.150202729,Regular,23,Delete,Deployment,true
1.173246253,Regular,63,Create,Deployment,true
1.236775,Regular,57,Create,ConfigMap,true
1.2946740970000001,Regular,15,Update,Deployment,true
1.310437894,Regular,20,Delete,ConfigMap,true
1.330523147,Regular,8,Delete,Deployment,true
1.338958096,Regular,60,Create,Deployment,true
1.399471986,Regular,64,Create,ConfigMap,true
1.464273938,Regular,6,Update,Deployment,true
1.4705156019999999,Regular,2,Delete,ConfigMap,true
1.4729253359999999,Regular,1,Delete,Deployment,true
1.474421974,Regular,52,Create,Deployment,true
1.526506313,Regular,52,Create,ConfigMap,true
1.578862738,Regular,1,Update,Deployment,true
1.580246904,Regular,1,Delete,ConfigMap,true
1.58150934,Regular,1,Delete,Deployment,true
1.5830950860000002,Regular,53,Create,Deployment,true
1.636457091,Regular,54,Create,ConfigMap,true
1.69076335,Regular,1,Update,Deployment,true
1.692200215,Regular,1,Delete,ConfigMap,true
1.6936336939999999,Regular,1,Delete,Deployment,true
1.6948377589999999,Regular,53,Create,Deployment,true
1.748241223,Regular,52,Create,ConfigMap,true
1.8005914459999999,Regular,1,Update,Deployment,true
1.801780533,Regular,1,Delete,ConfigMap,true
1.803670394,Regular,3,Delete,Deployment,true
1.80733564,Regular,52,Create,Deployment,true
1.85986442,Regular,52,Create,ConfigMap,true
1.912184707,Regular,1,Update,Deployment,true
1.913518477,Regular,1,Delete,ConfigMap,true
1.914796923,Regular,1,Delete,Deployment,true
1.916016347,Regular,51,Create,Deployment,true
1.967874721,Regular,52,Create,ConfigMap,true
1.027834828,Regular,2,Update,Deployment,true
1.03073644,Regular,1,Delete,ConfigMap,true
1.032680173,Regular,2,Delete,Deployment,true
1.035354226,Regular,52,Create,Deployment,true
1.08786871,Regular,53,Create,ConfigMap,true
1.140896223,Regular,4,Update,Deployment,true
1.145575696,Regular,8,Delete,ConfigMap,true
1.15361672,Regular,19,Delete,Deployment,true
1.172972846,Regular,62,Create,Deployment,true
1.235492436,Regular,58,Create,ConfigMap,true
1.2939384760000001,Regular,16,Update,Deployment,true
1.310895368,Regular,18,Delete,ConfigMap,true
1.329803818,Regular,7,Delete,Deployment,true
1.337750815,Regular,59,Create,Deployment,true
1.397177801,Regular,67,Create,ConfigMap,true
1.464721724,Regular,4,Update,Deployment,true
1.468983878,Regular,2,Delete,ConfigMap,true
1.471161473,Regular,2,Delete,Deployment,true
1.473198371,Regular,52,Create,Deployment,true
1.526087942,Regular,52,Create,ConfigMap,true
1.5788244759999999,Regular,1,Update,Deployment,true
1.580257394,Regular,1,Delete,ConfigMap,true
1.581523787,Regular,1,Delete,Deployment,true
1.583098532,Regular,53,Create,Deployment,true
1.636704118,Regular,53,Create,ConfigMap,true
1.690611483,Regular,1,Update,Deployment,true
1.691960222,Regular,1,Delete,ConfigMap,true
1.693391997,Regular,1,Delete,Deployment,true
1.694566587,Regular,53,Create,Deployment,true
1.747841057,Regular,52,Create,ConfigMap,true
1.8005604769999999,Regular,1,Update,Deployment,true
1.801744394,Regular,2,Delete,ConfigMap,true
1.8038813820000001,Regular,3,Delete,Deployment,true
1.8070793360000001,Regular,52,Create,Deployment,true
1.8598806209999998,Regular,52,Create,ConfigMap,true
1.912413569,Regular,1,Update,Deployment,true
1.913731329,Regular,1,Delete,ConfigMap,true
1.915082182,Regular,1,Delete,Deployment,true
1.916275317,Regular,51,Create,Deployment,true
1.968112941,Regular,52,Create,ConfigMap,true
1.027639058,Regular,2,Update,Deployment,true
1.03042956,Regular,2,Delete,ConfigMap,true
1.03272623,Regular,2,Delete,Deployment,true
1.035368804,Regular,52,Create,Deployment,true
1.087957157,Regular,52,Create,ConfigMap,true
1.14024919,Regular,5,Update,Deployment,true
1.145898896,Regular,6,Delete,ConfigMap,true
1.152827178,Regular,19,Delete,Deployment,true
1.171932049,Regular,62,Create,Deployment,true
1.23493338,Regular,59,Create,ConfigMap,true
1.294275954,Regular,16,Update,Deployment,true
1.31067935,Regular,21,Delete,ConfigMap,true
1.332597386,Regular,5,Delete,Deployment,true
1.33816096,Regular,61,Create,Deployment,true
1.399188581,Regular,65,Create,ConfigMap,true
1.464543307,Regular,3,Update,Deployment,true
1.467708097,Regular,3,Delete,ConfigMap,true
1.471074138,Regular,2,Delete,Deployment,true
1.473178243,Regular,53,Create,Deployment,true
1.526375386,Regular,52,Create,ConfigMap,true
1.578813475,Regular,1,Update,Deployment,true
1.580256482,Regular,1,Delete,ConfigMap,true
1.581507787,Regular,1,Delete,Deployment,true
1.5828892369999998,Regular,53,Create,Deployment,true
1.6367257689999999,Regular,53,Create,ConfigMap,true
1.690681906,Regular,1,Update,Deployment,true
1.6921822309999999,Regular,1,Delete,ConfigMap,true
1.693590272,Regular,1,Delete,Deployment,true
1.6948374990000001,Regular,53,Create,Deployment,true
1.7486718159999999,Regular,51,Create,ConfigMap,true
1.800340051,Regular,1,Update,Deployment,true
1.8015316220000002,Regular,1,Delete,ConfigMap,true
1.802939743,Regular,4,Delete,Deployment,true
1.807402086,Regular,52,Create,Deployment,true
1.8596165519999999,Regular,52,Create,ConfigMap,true
1.912417847,Regular,1,Update,Deployment,true
1.9137224019999999,Regular,1,Delete,ConfigMap,true
1.915052646,Regular,1,Delete,Deployment,true
1.9163546569999999,Regular,51,Create,Deployment,true
1.968135894,Regular,52,Create,ConfigMap,true
2.02073098,Regular,4,Update,Deployment,true
2.025632943,Regular,3,Delete,ConfigMap,true
1.050011022,Regular,5,Update,Deployment,true
1.055411467,Regular,4,Delete,ConfigMap,true
1.060144771,Regular,2,Delete,Deployment,true
1.062622934,Regular,54,Create,Deployment,true
1.116819897,Regular,59,Create,ConfigMap,true
1.176729846,Regular,9,Update,Deployment,true
1.186103048,Regular,9,Delete,ConfigMap,true
1.19525979,Regular,13,Delete,Deployment,true
1.209250508,Regular,64,Create,Deployment,true
1.274348128,Regular,65,Create,ConfigMap,true
1.339739362,Regular,13,Update,Deployment,true
1.35360837,Regular,13,Delete,ConfigMap,true
1.367000217,Regular,11,Delete,Deployment,true
1.378557566,Regular,56,Create,Deployment,true
1.434595848,Regular,52,Create,ConfigMap,true
1.487314285,Regular,1,Update,Deployment,true
1.489247638,Regular,1,Delete,ConfigMap,true
1.490586178,Regular,1,Delete,Deployment,true
1.491789041,Regular,52,Create,Deployment,true
1.544116801,Regular,52,Create,ConfigMap,true
1.596836232,Regular,1,Update,Deployment,true
1.598031811,Regular,1,Delete,ConfigMap,true
1.5991273110000002,Regular,1,Delete,Deployment,true
1.600393474,Regular,52,Create,Deployment,true
1.653073951,Regular,54,Create,ConfigMap,true
1.707182346,Regular,2,Update,Deployment,true
1.7092322599999998,Regular,1,Delete,ConfigMap,true
1.710481991,Regular,1,Delete,Deployment,true
1.711657793,Regular,52,Create,Deployment,true
1.7639993,Regular,52,Create,ConfigMap,true
1.816114479,Regular,1,Update,Deployment,true
1.8172158600000001,Regular,1,Delete,ConfigMap,true
1.818279961,Regular,2,Delete,Deployment,true
1.820399876,Regular,51,Create,Deployment,true
1.872143383,Regular,53,Create,ConfigMap,true
1.925646695,Regular,1,Update,Deployment,true
1.927460763,Regular,2,Delete,ConfigMap,true
1.930266435,Regular,1,Delete,Deployment,true
1.931852422,Regular,53,Create,Deployment,true
1.984902137,Regular,53,Create,ConfigMap,true
1.05686331,Regular,3,Delete,ConfigMap,true
1.060749013,Regular,2,Delete,Deployment,true
1.062782415,Regular,53,Create,Deployment,true
1.116447464,Regular,60,Create,ConfigMap,true
1.176729866,Regular,8,Update,Deployment,true
1.185499037,Regular,10,Delete,ConfigMap,true
1.1958415900000001,Regular,14,Delete,Deployment,true
1.210425819,Regular,61,Create,Deployment,true
1.27176635,Regular,65,Create,ConfigMap,true
1.3370638160000001,Regular,17,Update,Deployment,true
1.355000601,Regular,8,Delete,ConfigMap,true
1.36354128,Regular,10,Delete,Deployment,true
1.373671403,Regular,60,Create,Deployment,true
1.43426331,Regular,52,Create,ConfigMap,true
1.486828056,Regular,2,Update,Deployment,true
1.4890156399999999,Regular,1,Delete,ConfigMap,true
1.49034405,Regular,1,Delete,Deployment,true
1.4915614910000001,Regular,52,Create,Deployment,true
1.544150234,Regular,52,Create,ConfigMap,true
1.596598132,Regular,1,Update,Deployment,true
1.5978199210000001,Regular,1,Delete,ConfigMap,true
1.598932172,Regular,1,Delete,Deployment,true
1.6000862630000001,Regular,52,Create,Deployment,true
1.6528057139999999,Regular,53,Create,ConfigMap,true
1.706762393,Regular,1,Update,Deployment,true
1.708649028,Regular,1,Delete,ConfigMap,true
1.710019778,Regular,1,Delete,Deployment,true
1.7111793990000002,Regular,52,Create,Deployment,true
1.7640021049999999,Regular,52,Create,ConfigMap,true
1.816343792,Regular,1,Update,Deployment,true
1.817523321,Regular,1,Delete,ConfigMap,true
1.818665129,Regular,1,Delete,Deployment,true
1.820404746,Regular,51,Create,Deployment,true
1.871899693,Regular,53,Create,ConfigMap,true
1.925482294,Regular,1,Update,Deployment,true
1.9273916629999999,Regular,2,Delete,ConfigMap,true
1.9299987189999999,Regular,1,Delete,Deployment,true
1.931589054,Regular,53,Create,Deployment,true
1.984905082,Regular,53,Create,ConfigMap,true
1.035374474,Regular,1,Update,Deployment,true
1.037119041,Regular,2,Delete,ConfigMap,true
1.040049549,Regular,1,Delete,Deployment,true
1.041750974,Regular,53,Create,Deployment,true
1.095479542,Regular,55,Create,ConfigMap,true
1.150911789,Regular,11,Update,Deployment,true
1.162148563,Regular,11,Delete,ConfigMap,true
1.173374946,Regular,11,Delete,Deployment,true
1.184932897,Regular,60,Create,Deployment,true
1.245542958,Regular,58,Create,ConfigMap,true
1.304264709,Regular,34,Update,Deployment,true
1.339262772,Regular,15,Delete,ConfigMap,true
1.354784994,Regular,16,Delete,Deployment,true
1.37090201,Regular,59,Create,Deployment,true
1.430646625,Regular,52,Create,ConfigMap,true
1.483557216,Regular,2,Update,Deployment,true
1.486452366,Regular,2,Delete,ConfigMap,true
1.489228592,Regular,1,Delete,Deployment,true
1.490560259,Regular,53,Create,Deployment,true
1.543806134,Regular,53,Create,ConfigMap,true
1.596828497,Regular,1,Update,Deployment,true
1.598019548,Regular,1,Delete,ConfigMap,true
1.5991467080000001,Regular,1,Delete,Deployment,true
1.600334492,Regular,52,Create,Deployment,true
1.652793651,Regular,54,Create,ConfigMap,true
1.7069715680000002,Regular,2,Update,Deployment,true
1.7090515179999999,Regular,1,Delete,ConfigMap,true
1.710231678,Regular,1,Delete,Deployment,true
1.7114331790000001,Regular,52,Create,Deployment,true
1.7640489129999999,Regular,52,Create,ConfigMap,true
1.816345345,Regular,1,Update,Deployment,true
1.817445594,Regular,1,Delete,ConfigMap,true
1.8188415519999999,Regular,1,Delete,Deployment,true
1.8201436420000001,Regular,51,Create,Deployment,true
1.872152921,Regular,53,Create,ConfigMap,true
1.925526959,Regular,1,Update,Deployment,true
1.92748005,Regular,3,Delete,ConfigMap,true
1.931113205,Regular,1,Delete,Deployment,true
1.932488564,Regular,52,Create,Deployment,true
1.984933997,Regular,53,Create,ConfigMap,true
2.038102195,Regular,4,Update,Deployment,true
1.059957698,Regular,2,Delete,Deployment,true
1.062082292,Regular,54,Create,Deployment,true
1.116814758,Regular,60,Create,ConfigMap,true
1.176956274,Regular,9,Update,Deployment,true
1.186266447,Regular,9,Delete,ConfigMap,true
1.195627455,Regular,15,Delete,Deployment,true
1.210653289,Regular,62,Create,Deployment,true
1.273029797,Regular,64,Create,ConfigMap,true
1.337962354,Regular,19,Update,Deployment,true
1.357296339,Regular,18,Delete,ConfigMap,true
1.376165386,Regular,10,Delete,Deployment,true
1.386223922,Regular,57,Create,Deployment,true
1.443878889,Regular,54,Create,ConfigMap,true
1.498424319,Regular,1,Update,Deployment,true
1.4997740689999999,Regular,1,Delete,ConfigMap,true
1.5011051050000002,Regular,1,Delete,Deployment,true
1.502527733,Regular,52,Create,Deployment,true
1.555448734,Regular,52,Create,ConfigMap,true
1.607486958,Regular,1,Update,Deployment,true
1.6086813549999999,Regular,1,Delete,ConfigMap,true
1.6097442229999999,Regular,1,Delete,Deployment,true
1.610756396,Regular,52,Create,Deployment,true
1.663476848,Regular,52,Create,ConfigMap,true
1.715687387,Regular,1,Update,Deployment,true
1.716891663,Regular,1,Delete,ConfigMap,true
1.7180952779999998,Regular,1,Delete,Deployment,true
1.719328307,Regular,51,Create,Deployment,true
1.771188515,Regular,52,Create,ConfigMap,true
1.823824077,Regular,4,Update,Deployment,true
1.82799589,Regular,1,Delete,ConfigMap,true
1.829487178,Regular,1,Delete,Deployment,true
1.8306544740000001,Regular,52,Create,Deployment,true
1.882693188,Regular,52,Create,ConfigMap,true
1.935512318,Regular,1,Update,Deployment,true
1.936802946,Regular,1,Delete,ConfigMap,true
1.9382336900000001,Regular,1,Delete,Deployment,true
1.939442234,Regular,52,Create,Deployment,true
1.991855486,Regular,53,Create,ConfigMap,true
2.045231818,Regular,3,Update,Deployment,true
1.047208976,Regular,7,Update,Deployment,true
1.054590215,Regular,4,Delete,ConfigMap,true
1.05939772,Regular,2,Delete,Deployment,true
1.061952237,Regular,54,Create,Deployment,true
1.116812133,Regular,60,Create,ConfigMap,true
1.176960392,Regular,7,Update,Deployment,true
1.1847097149999999,Regular,10,Delete,ConfigMap,true
1.19540777,Regular,14,Delete,Deployment,true
1.210170036,Regular,61,Create,Deployment,true
1.271551744,Regular,66,Create,ConfigMap,true
1.338158986,Regular,18,Update,Deployment,true
1.356189908,Regular,17,Delete,ConfigMap,true
1.373936634,Regular,20,Delete,Deployment,true
1.394734564,Regular,61,Create,Deployment,true
1.456602051,Regular,53,Create,ConfigMap,true
1.509971188,Regular,1,Update,Deployment,true
1.511045749,Regular,1,Delete,ConfigMap,true
1.512242911,Regular,1,Delete,Deployment,true
1.513260263,Regular,59,Create,Deployment,true
1.572946148,Regular,53,Create,ConfigMap,true
1.626218414,Regular,1,Update,Deployment,true
1.627786316,Regular,1,Delete,ConfigMap,true
1.6289303880000001,Regular,1,Delete,Deployment,true
1.630100079,Regular,55,Create,Deployment,true
1.685657753,Regular,52,Create,ConfigMap,true
1.7380635309999999,Regular,1,Update,Deployment,true
1.739198525,Regular,1,Delete,ConfigMap,true
1.7402794080000001,Regular,1,Delete,Deployment,true
1.74139708,Regular,52,Create,Deployment,true
1.79379354,Regular,51,Create,ConfigMap,true
1.845602881,Regular,2,Update,Deployment,true
1.847608691,Regular,1,Delete,ConfigMap,true
1.8487524020000001,Regular,1,Delete,Deployment,true
1.8498040900000001,Regular,51,Create,Deployment,true
1.901533229,Regular,52,Create,ConfigMap,true
1.953768194,Regular,1,Update,Deployment,true
1.954900444,Regular,1,Delete,ConfigMap,true
1.955974804,Regular,1,Delete,Deployment,true
1.957112855,Regular,52,Create,Deployment,true
2.009996967,Regular,52,Create,ConfigMap,true
2.020755336,Regular,4,Update,Deployment,true
2.025666897,Regular,2,Delete,ConfigMap,true
2.028490593,Regular,3,Delete,Deployment,true
2.032052915,Regular,53,Create,Deployment,true
2.085536068,Regular,53,Create,ConfigMap,true
2.139237715,Regular,3,Update,Deployment,true
2.14273284,Regular,2,Delete,ConfigMap,true
2.145422673,Regular,12,Delete,Deployment,true
2.157626393,Regular,53,Create,Deployment,true
2.211598231,Regular,52,Create,ConfigMap,true
2.263725853,Regular,3,Update,Deployment,true
2.267220266,Regular,1,Delete,ConfigMap,true
2.268671629,Regular,1,Delete,Deployment,true
2.269946307,Regular,52,Create,Deployment,true
2.3227720290000002,Regular,52,Create,ConfigMap,true
2.375266024,Regular,1,Update,Deployment,true
2.376984942,Regular,1,Delete,ConfigMap,true
2.378388684,Regular,1,Delete,Deployment,true
2.379628147,Regular,52,Create,Deployment,true
2.432284017,Regular,52,Create,ConfigMap,true
2.485053673,Regular,5,Update,Deployment,true
2.4905795250000002,Regular,1,Delete,ConfigMap,true
2.491943652,Regular,1,Delete,Deployment,true
2.493243238,Regular,51,Create,Deployment,true
2.545184919,Regular,52,Create,ConfigMap,true
2.59753926,Regular,1,Update,Deployment,true
2.598763253,Regular,1,Delete,ConfigMap,true
2.6000338039999997,Regular,1,Delete,Deployment,true
2.6017230959999997,Regular,51,Create,Deployment,true
2.653549429,Regular,57,Create,ConfigMap,true
2.711022282,Regular,2,Update,Deployment,true
2.713968059,Regular,1,Delete,ConfigMap,true
2.715319713,Regular,1,Delete,Deployment,true
2.716627794,Regular,52,Create,Deployment,true
2.769521314,Regular,52,Create,ConfigMap,true
2.8222157279999998,Regular,3,Update,Deployment,true
2.825400686,Regular,2,Delete,ConfigMap,true
2.828037499,Regular,1,Delete,Deployment,true
2.829929153,Regular,56,Create,Deployment,true
2.886523867,Regular,53,Create,ConfigMap,true
2.940074268,Regular,1,Update,Deployment,true
2.9417621670000003,Regular,2,Delete,ConfigMap,true
2.9443891620000002,Regular,6,Delete,Deployment,true
2.951374491,Regular,52,Create,Deployment,true
2.009503645,Regular,53,Create,ConfigMap,true
2.062935852,Regular,2,Update,Deployment,true
2.065712439,Regular,3,Delete,ConfigMap,true
2.068800354,Regular,3,Delete,Deployment,true
2.072046197,Regular,54,Create,Deployment,true
2.12662431,Regular,52,Create,ConfigMap,true
2.179166175,Regular,1,Update,Deployment,true
2.180473536,Regular,1,Delete,ConfigMap,true
2.182075644,Regular,3,Delete,Deployment,true
2.185791165,Regular,52,Create,Deployment,true
2.237924678,Regular,51,Create,ConfigMap,true
2.289706216,Regular,1,Update,Deployment,true
2.291039656,Regular,1,Delete,ConfigMap,true
2.292425485,Regular,1,Delete,Deployment,true
2.293733627,Regular,52,Create,Deployment,true
2.346699173,Regular,52,Create,ConfigMap,true
2.399382024,Regular,1,Update,Deployment,true
2.400998278,Regular,1,Delete,ConfigMap,true
2.402601778,Regular,2,Delete,Deployment,true
2.404778983,Regular,52,Create,Deployment,true
2.457566422,Regular,52,Create,ConfigMap,true
2.510020832,Regular,0,Update,Deployment,true
2.511015932,Regular,1,Delete,ConfigMap,true
2.512238643,Regular,1,Delete,Deployment,true
2.513418041,Regular,52,Create,Deployment,true
2.565869846,Regular,52,Create,ConfigMap,true
2.618510568,Regular,1,Update,Deployment,true
2.619611979,Regular,1,Delete,ConfigMap,true
2.620722207,Regular,1,Delete,Deployment,true
2.621830943,Regular,52,Create,Deployment,true
2.674400771,Regular,51,Create,ConfigMap,true
2.726350697,Regular,1,Update,Deployment,true
2.7275403750000002,Regular,0,Delete,ConfigMap,true
2.728524074,Regular,0,Delete,Deployment,true
2.729487996,Regular,51,Create,Deployment,true
2.781209761,Regular,52,Create,ConfigMap,true
2.833310633,Regular,0,Update,Deployment,true
2.834317015,Regular,1,Delete,ConfigMap,true
2.835529476,Regular,1,Delete,Deployment,true
2.836670632,Regular,53,Create,Deployment,true
2.8898704,Regular,51,Create,ConfigMap,true
2.941803686,Regular,2,Update,Deployment,true
2.944360207,Regular,5,Delete,ConfigMap,true
2.9499802969999998,Regular,1,Delete,Deployment,true
2.951745913,Regular,52,Create,Deployment,true
2.028840484,Regular,3,Delete,Deployment,true
2.032364854,Regular,53,Create,Deployment,true
2.085977813,Regular,53,Create,ConfigMap,true
2.139237795,Regular,3,Update,Deployment,true
2.1427013,Regular,2,Delete,ConfigMap,true
2.14506684,Regular,11,Delete,Deployment,true
2.156396719,Regular,52,Create,Deployment,true
2.209388936,Regular,52,Create,ConfigMap,true
2.261787801,Regular,1,Update,Deployment,true
2.263752844,Regular,3,Delete,ConfigMap,true
2.267160734,Regular,1,Delete,Deployment,true
2.268671689,Regular,52,Create,Deployment,true
2.320910912,Regular,52,Create,ConfigMap,true
2.3735789560000002,Regular,1,Update,Deployment,true
2.375010781,Regular,1,Delete,ConfigMap,true
2.376715252,Regular,1,Delete,Deployment,true
2.378026861,Regular,53,Create,Deployment,true
2.43145454,Regular,53,Create,ConfigMap,true
2.484672052,Regular,4,Update,Deployment,true
2.489124626,Regular,1,Delete,ConfigMap,true
2.490747612,Regular,1,Delete,Deployment,true
2.492224744,Regular,52,Create,Deployment,true
2.544891795,Regular,52,Create,ConfigMap,true
2.597544781,Regular,1,Update,Deployment,true
2.598734178,Regular,1,Delete,ConfigMap,true
2.600023935,Regular,1,Delete,Deployment,true
2.601477642,Regular,51,Create,Deployment,true
2.653358899,Regular,57,Create,ConfigMap,true
2.71084143,Regular,2,Update,Deployment,true
2.713474576,Regular,1,Delete,ConfigMap,true
2.715067657,Regular,1,Delete,Deployment,true
2.716410093,Regular,53,Create,Deployment,true
2.769543987,Regular,52,Create,ConfigMap,true
2.82218004,Regular,4,Update,Deployment,true
2.8265997819999997,Regular,1,Delete,ConfigMap,true
2.828315875,Regular,2,Delete,Deployment,true
2.830377811,Regular,55,Create,Deployment,true
2.885649815,Regular,54,Create,ConfigMap,true
2.940128721,Regular,1,Update,Deployment,true
2.941709979,Regular,2,Delete,ConfigMap,true
2.944644123,Regular,6,Delete,Deployment,true
2.951337551,Regular,52,Create,Deployment,true
2.038112234,Regular,2,Update,Deployment,true
2.040341988,Regular,3,Delete,ConfigMap,true
2.043665328,Regular,5,Delete,Deployment,true
2.049213041,Regular,53,Create,Deployment,true
2.102263838,Regular,54,Create,ConfigMap,true
2.157077917,Regular,2,Update,Deployment,true
2.159758712,Regular,1,Delete,ConfigMap,true
2.161039593,Regular,1,Delete,Deployment,true
2.162552281,Regular,53,Create,Deployment,true
2.215808496,Regular,52,Create,ConfigMap,true
2.268229874,Regular,1,Update,Deployment,true
2.269946378,Regular,1,Delete,ConfigMap,true
2.271474615,Regular,1,Delete,Deployment,true
2.272838212,Regular,53,Create,Deployment,true
2.326671498,Regular,52,Create,ConfigMap,true
2.378714931,Regular,1,Update,Deployment,true
2.380010399,Regular,1,Delete,ConfigMap,true
2.381401287,Regular,1,Delete,Deployment,true
2.383091591,Regular,52,Create,Deployment,true
2.435416847,Regular,55,Create,ConfigMap,true
2.490530622,Regular,1,Update,Deployment,true
2.492192202,Regular,1,Delete,ConfigMap,true
2.493706373,Regular,1,Delete,Deployment,true
2.495428598,Regular,53,Create,Deployment,true
2.548882276,Regular,51,Create,ConfigMap,true
2.600575427,Regular,1,Update,Deployment,true
2.602277965,Regular,3,Delete,ConfigMap,true
2.606259949,Regular,2,Delete,Deployment,true
2.608422385,Regular,52,Create,Deployment,true
2.660460188,Regular,52,Create,ConfigMap,true
2.7129424909999997,Regular,2,Update,Deployment,true
2.714987144,Regular,1,Delete,ConfigMap,true
2.716410784,Regular,1,Delete,Deployment,true
2.717681636,Regular,51,Create,Deployment,true
2.76955641,Regular,52,Create,ConfigMap,true
2.822175552,Regular,4,Update,Deployment,true
2.826501276,Regular,2,Delete,ConfigMap,true
2.828602907,Regular,2,Delete,Deployment,true
2.830635408,Regular,56,Create,Deployment,true
2.886738442,Regular,53,Create,ConfigMap,true
2.940138309,Regular,1,Update,Deployment,true
2.941777677,Regular,2,Delete,ConfigMap,true
2.944602475,Regular,6,Delete,Deployment,true
2.9510926790000003,Regular,52,Create,Deployment,true
2.020820149,Regular,4,Update,Deployment,true
2.025221085,Regular,3,Delete,ConfigMap,true
2.028929763,Regular,3,Delete,Deployment,true
2.032105113,Regular,53,Create,Deployment,true
2.085919122,Regular,53,Create,ConfigMap,true
2.139255018,Regular,1,Update,Deployment,true
2.141154167,Regular,1,Delete,ConfigMap,true
2.142995175,Regular,2,Delete,Deployment,true
2.145170155,Regular,53,Create,Deployment,true
2.198561135,Regular,52,Create,ConfigMap,true
2.251014193,Regular,1,Update,Deployment,true
2.252403668,Regular,1,Delete,ConfigMap,true
2.253670081,Regular,1,Delete,Deployment,true
2.254943227,Regular,52,Create,Deployment,true
2.307440047,Regular,52,Create,ConfigMap,true
2.35974263,Regular,1,Update,Deployment,true
2.36108157,Regular,1,Delete,ConfigMap,true
2.362555896,Regular,2,Delete,Deployment,true
2.364803624,Regular,52,Create,Deployment,true
2.41775911,Regular,52,Create,ConfigMap,true
2.470505722,Regular,2,Update,Deployment,true
2.473271569,Regular,1,Delete,ConfigMap,true
2.474652528,Regular,1,Delete,Deployment,true
2.476604858,Regular,52,Create,Deployment,true
2.52892839,Regular,53,Create,ConfigMap,true
2.582014614,Regular,3,Update,Deployment,true
2.585398448,Regular,1,Delete,ConfigMap,true
2.587122847,Regular,1,Delete,Deployment,true
2.588345046,Regular,54,Create,Deployment,true
2.642622672,Regular,52,Create,ConfigMap,true
2.694878877,Regular,1,Update,Deployment,true
2.695943949,Regular,1,Delete,ConfigMap,true
2.697028008,Regular,1,Delete,Deployment,true
2.698052594,Regular,51,Create,Deployment,true
2.7498699,Regular,52,Create,ConfigMap,true
2.802418167,Regular,1,Update,Deployment,true
2.804262432,Regular,3,Delete,ConfigMap,true
2.807480954,Regular,1,Delete,Deployment,true
2.809101877,Regular,52,Create,Deployment,true
2.86120839,Regular,52,Create,ConfigMap,true
2.913798306,Regular,1,Update,Deployment,true
2.915145572,Regular,1,Delete,ConfigMap,true
2.916468672,Regular,1,Delete,Deployment,true
2.917710789,Regular,52,Create,Deployment,true
2.970408549,Regular,52,Create,ConfigMap,true
2.042443449,Regular,2,Delete,ConfigMap,true
2.044914949,Regular,3,Delete,Deployment,true
2.048718737,Regular,53,Create,Deployment,true
2.102251224,Regular,54,Create,ConfigMap,true
2.156822985,Regular,2,Update,Deployment,true
2.159728435,Regular,1,Delete,ConfigMap,true
2.161321676,Regular,1,Delete,Deployment,true
2.162963629,Regular,52,Create,Deployment,true
2.215594192,Regular,52,Create,ConfigMap,true
2.268278506,Regular,1,Update,Deployment,true
2.269724128,Regular,1,Delete,ConfigMap,true
2.2710848390000002,Regular,1,Delete,Deployment,true
2.272426754,Regular,54,Create,Deployment,true
2.326631472,Regular,52,Create,ConfigMap,true
2.3787602359999998,Regular,1,Update,Deployment,true
2.380002324,Regular,1,Delete,ConfigMap,true
2.381402299,Regular,1,Delete,Deployment,true
2.3833353219999998,Regular,52,Create,Deployment,true
2.43547118,Regular,55,Create,ConfigMap,true
2.490545811,Regular,1,Update,Deployment,true
2.492233059,Regular,1,Delete,ConfigMap,true
2.493659575,Regular,1,Delete,Deployment,true
2.495452222,Regular,53,Create,Deployment,true
2.548792286,Regular,52,Create,ConfigMap,true
2.600861558,Regular,2,Update,Deployment,true
2.603125506,Regular,3,Delete,ConfigMap,true
2.6061695780000003,Regular,2,Delete,Deployment,true
2.608465366,Regular,51,Create,Deployment,true
2.660448325,Regular,52,Create,ConfigMap,true
2.712690414,Regular,1,Update,Deployment,true
2.713983017,Regular,1,Delete,ConfigMap,true
2.715267815,Regular,1,Delete,Deployment,true
2.716648093,Regular,52,Create,Deployment,true
2.769543987,Regular,52,Create,ConfigMap,true
2.822192003,Regular,3,Update,Deployment,true
2.826173857,Regular,2,Delete,ConfigMap,true
2.828288133,Regular,2,Delete,Deployment,true
2.830621902,Regular,53,Create,Deployment,true
2.883860965,Regular,54,Create,ConfigMap,true
2.938599301,Regular,1,Update,Deployment,true
2.940091621,Regular,1,Delete,ConfigMap,true
2.9414876789999997,Regular,2,Delete,Deployment,true
2.944384573,Regular,54,Create,Deployment,true
2.998459735,Regular,53,Create,ConfigMap,true
2.048554276,Regular,7,Delete,ConfigMap,true
2.056027778,Regular,1,Delete,Deployment,true
2.057460446,Regular,53,Create,Deployment,true
2.110562129,Regular,52,Create,ConfigMap,true
2.162618136,Regular,1,Update,Deployment,true
2.164279174,Regular,2,Delete,ConfigMap,true
2.166771043,Regular,1,Delete,Deployment,true
2.167933931,Regular,51,Create,Deployment,true
2.21952528,Regular,51,Create,ConfigMap,true
2.271388002,Regular,1,Update,Deployment,true
2.272683369,Regular,1,Delete,ConfigMap,true
2.273834855,Regular,1,Delete,Deployment,true
2.2749026629999998,Regular,51,Create,Deployment,true
2.326819658,Regular,51,Create,ConfigMap,true
2.378605805,Regular,1,Update,Deployment,true
2.379940276,Regular,1,Delete,ConfigMap,true
2.381148359,Regular,1,Delete,Deployment,true
2.382381559,Regular,52,Create,Deployment,true
2.435080732,Regular,55,Create,ConfigMap,true
2.4906116750000002,Regular,1,Update,Deployment,true
2.492197432,Regular,1,Delete,ConfigMap,true
2.49368349,Regular,1,Delete,Deployment,true
2.495439528,Regular,53,Create,Deployment,true
2.548922131,Regular,51,Create,ConfigMap,true
2.600812806,Regular,2,Update,Deployment,true
2.603379135,Regular,2,Delete,ConfigMap,true
2.6061498910000003,Regular,2,Delete,Deployment,true
2.6084865969999997,Regular,51,Create,Deployment,true
2.660230714,Regular,52,Create,ConfigMap,true
2.712938503,Regular,1,Update,Deployment,true
2.714725079,Regular,1,Delete,ConfigMap,true
2.71605906,Regular,1,Delete,Deployment,true
2.717282822,Regular,51,Create,Deployment,true
2.769184277,Regular,53,Create,ConfigMap,true
2.822316919,Regular,4,Update,Deployment,true
2.82677359,Regular,2,Delete,ConfigMap,true
2.829419791,Regular,1,Delete,Deployment,true
2.830867907,Regular,52,Create,Deployment,true
2.883687327,Regular,54,Create,ConfigMap,true
2.9385998620000002,Regular,1,Update,Deployment,true
2.940139451,Regular,1,Delete,ConfigMap,true
2.941733483,Regular,2,Delete,Deployment,true
2.944378562,Regular,54,Create,Deployment,true
2.998789047,Regular,52,Create,ConfigMap,true
2.038194259,Regular,4,Update,Deployment,true
2.0422856,Regular,3,Delete,ConfigMap,true
2.046045185,Regular,5,Delete,Deployment,true
2.051278344,Regular,52,Create,Deployment,true
2.104060803,Regular,53,Create,ConfigMap,true
2.157984971,Regular,1,Update,Deployment,true
2.159784651,Regular,1,Delete,ConfigMap,true
2.161310485,Regular,2,Delete,Deployment,true
2.163511123,Regular,52,Create,Deployment,true
2.21589482,Regular,52,Create,ConfigMap,true
2.268184388,Regular,1,Update,Deployment,true
2.269946788,Regular,1,Delete,ConfigMap,true
2.271459026,Regular,1,Delete,Deployment,true
2.272920708,Regular,53,Create,Deployment,true
2.326526504,Regular,52,Create,ConfigMap,true
2.378703549,Regular,1,Update,Deployment,true
2.380118203,Regular,1,Delete,ConfigMap,true
2.381378835,Regular,1,Delete,Deployment,true
2.382739446,Regular,52,Create,Deployment,true
2.435083046,Regular,55,Create,ConfigMap,true
2.490494684,Regular,1,Update,Deployment,true
2.492190148,Regular,1,Delete,ConfigMap,true
2.493672129,Regular,1,Delete,Deployment,true
2.495214463,Regular,53,Create,Deployment,true
2.548961055,Regular,51,Create,ConfigMap,true
2.600819418,Regular,2,Update,Deployment,true
2.603160482,Regular,2,Delete,ConfigMap,true
2.605856367,Regular,1,Delete,Deployment,true
2.607175319,Regular,51,Create,Deployment,true
2.65899539,Regular,52,Create,ConfigMap,true
2.7117493660000003,Regular,2,Update,Deployment,true
2.714003836,Regular,1,Delete,ConfigMap,true
2.715221597,Regular,1,Delete,Deployment,true
2.7165629620000002,Regular,52,Create,Deployment,true
2.769534739,Regular,52,Create,ConfigMap,true
2.822181543,Regular,2,Update,Deployment,true
2.824256254,Regular,2,Delete,ConfigMap,true
2.826557903,Regular,2,Delete,Deployment,true
2.829105547,Regular,53,Create,Deployment,true
2.882910389,Regular,55,Create,ConfigMap,true
2.938599291,Regular,1,Update,Deployment,true
2.940162665,Regular,1,Delete,ConfigMap,true
2.941738463,Regular,2,Delete,Deployment,true
2.944579401,Regular,54,Create,Deployment,true
2.998749823,Regular,52,Create,ConfigMap,true
3.051603758,Regular,1,Update,Deployment,true
2.020742843,Regular,4,Update,Deployment,true
2.025650326,Regular,3,Delete,ConfigMap,true
2.028878847,Regular,3,Delete,Deployment,true
2.032561716,Regular,53,Create,Deployment,true
2.08594439,Regular,53,Create,ConfigMap,true
2.139237865,Regular,3,Update,Deployment,true
2.142583387,Regular,2,Delete,ConfigMap,true
2.145038807,Regular,11,Delete,Deployment,true
2.15614855,Regular,55,Create,Deployment,true
2.211354691,Regular,52,Create,ConfigMap,true
2.263702649,Regular,3,Update,Deployment,true
2.266903608,Regular,1,Delete,ConfigMap,true
2.268430072,Regular,1,Delete,Deployment,true
2.269956597,Regular,52,Create,Deployment,true
2.322692218,Regular,52,Create,ConfigMap,true
2.375326889,Regular,1,Update,Deployment,true
2.376951448,Regular,1,Delete,ConfigMap,true
2.378350332,Regular,1,Delete,Deployment,true
2.379874141,Regular,52,Create,Deployment,true
2.432281082,Regular,54,Create,ConfigMap,true
2.487000371,Regular,3,Update,Deployment,true
2.490545691,Regular,1,Delete,ConfigMap,true
2.492197713,Regular,1,Delete,Deployment,true
2.493548194,Regular,51,Create,Deployment,true
2.54550812,Regular,51,Create,ConfigMap,true
2.597329534,Regular,1,Update,Deployment,true
2.598524031,Regular,1,Delete,ConfigMap,true
2.599770236,Regular,1,Delete,Deployment,true
2.601107443,Regular,51,Create,Deployment,true
2.653101753,Regular,57,Create,ConfigMap,true
2.710945818,Regular,2,Update,Deployment,true
2.713856207,Regular,1,Delete,ConfigMap,true
2.715265561,Regular,1,Delete,Deployment,true
2.716624618,Regular,52,Create,Deployment,true
2.769526053,Regular,52,Create,ConfigMap,true
2.822179609,Regular,4,Update,Deployment,true
2.826693289,Regular,2,Delete,ConfigMap,true
2.8294746440000003,Regular,1,Delete,Deployment,true
2.830752469,Regular,52,Create,Deployment,true
2.883357163,Regular,55,Create,ConfigMap,true
2.938599281,Regular,1,Update,Deployment,true
2.94013908,Regular,1,Delete,ConfigMap,true
2.941738473,Regular,2,Delete,Deployment,true
2.944336943,Regular,54,Create,Deployment,true
2.998789088,Regular,52,Create,ConfigMap,true
3.051600542,Regular,1,Update,Deployment,true
3.052971453,Regular,1,Delete,ConfigMap,true
2.062976699,Regular,2,Update,Deployment,true
2.065403014,Regular,3,Delete,ConfigMap,true
2.068653657,Regular,3,Delete,Deployment,true
2.072040968,Regular,56,Create,Deployment,true
2.128406839,Regular,52,Create,ConfigMap,true
2.180703711,Regular,1,Update,Deployment,true
2.182206411,Regular,3,Delete,ConfigMap,true
2.185755247,Regular,1,Delete,Deployment,true
2.187283214,Regular,51,Create,Deployment,true
2.239194528,Regular,52,Create,ConfigMap,true
2.291292314,Regular,1,Update,Deployment,true
2.292647104,Regular,1,Delete,ConfigMap,true
2.29397324,Regular,1,Delete,Deployment,true
2.295084349,Regular,56,Create,Deployment,true
2.351446153,Regular,53,Create,ConfigMap,true
2.405004879,Regular,2,Update,Deployment,true
2.407404604,Regular,1,Delete,ConfigMap,true
2.409257205,Regular,1,Delete,Deployment,true
2.410590063,Regular,53,Create,Deployment,true
2.463923795,Regular,51,Create,ConfigMap,true
2.515574827,Regular,1,Update,Deployment,true
2.516614762,Regular,1,Delete,ConfigMap,true
2.517669836,Regular,1,Delete,Deployment,true
2.518731682,Regular,52,Create,Deployment,true
2.571327429,Regular,52,Create,ConfigMap,true
2.623463988,Regular,2,Update,Deployment,true
2.62555507,Regular,1,Delete,ConfigMap,true
2.626965345,Regular,1,Delete,Deployment,true
2.628165462,Regular,51,Create,Deployment,true
2.67995188,Regular,51,Create,ConfigMap,true
2.731854648,Regular,0,Update,Deployment,true
2.732856701,Regular,0,Delete,ConfigMap,true
2.7338564,Regular,1,Delete,Deployment,true
2.7349986189999997,Regular,51,Create,Deployment,true
2.78669179,Regular,53,Create,ConfigMap,true
2.840147713,Regular,1,Update,Deployment,true
2.841445495,Regular,1,Delete,ConfigMap,true
2.84271318,Regular,2,Delete,Deployment,true
2.845670859,Regular,53,Create,Deployment,true
2.8986864,Regular,52,Create,ConfigMap,true
2.951063634,Regular,1,Update,Deployment,true
2.952510558,Regular,1,Delete,ConfigMap,true
2.953554912,Regular,1,Delete,Deployment,true
2.95476069,Regular,51,Create,Deployment,true
3.006551496,Regular,51,Create,ConfigMap,true
3.058417865,Regular,1,Update,Deployment,true
3.059635936,Regular,1,Delete,ConfigMap,true
3.060660232,Regular,0,Delete,Deployment,true
3.003977372,Regular,51,Create,ConfigMap,true
3.055776062,Regular,1,Update,Deployment,true
3.057027027,Regular,1,Delete,ConfigMap,true
3.058199021,Regular,1,Delete,Deployment,true
3.059374262,Regular,52,Create,Deployment,true
3.11144146,Regular,52,Create,ConfigMap,true
3.164101929,Regular,2,Update,Deployment,true
3.166415772,Regular,1,Delete,ConfigMap,true
3.167988343,Regular,1,Delete,Deployment,true
3.16920915,Regular,53,Create,Deployment,true
3.222236623,Regular,53,Create,ConfigMap,true
3.275788346,Regular,5,Update,Deployment,true
3.281488918,Regular,2,Delete,ConfigMap,true
3.283842827,Regular,3,Delete,Deployment,true
3.287702961,Regular,53,Create,Deployment,true
3.34083411,Regular,51,Create,ConfigMap,true
3.392646827,Regular,1,Update,Deployment,true
3.39374935,Regular,0,Delete,ConfigMap,true
3.394729713,Regular,0,Delete,Deployment,true
3.395692362,Regular,53,Create,Deployment,true
3.448791039,Regular,53,Create,ConfigMap,true
3.5021340480000003,Regular,6,Update,Deployment,true
3.508466344,Regular,3,Delete,ConfigMap,true
3.511674116,Regular,1,Delete,Deployment,true
3.512898018,Regular,52,Create,Deployment,true
3.565177999,Regular,51,Create,ConfigMap,true
3.61695039,Regular,1,Update,Deployment,true
3.618565883,Regular,1,Delete,ConfigMap,true
3.620264132,Regular,1,Delete,Deployment,true
3.621759978,Regular,52,Create,Deployment,true
3.674288398,Regular,52,Create,ConfigMap,true
3.726893473,Regular,1,Update,Deployment,true
3.7288465029999998,Regular,1,Delete,ConfigMap,true
3.730216071,Regular,1,Delete,Deployment,true
3.731676671,Regular,52,Create,Deployment,true
3.7844431309999997,Regular,53,Create,ConfigMap,true
3.837763507,Regular,1,Update,Deployment,true
3.839424095,Regular,1,Delete,ConfigMap,true
3.8411115540000003,Regular,1,Delete,Deployment,true
3.842742145,Regular,52,Create,Deployment,true
3.895591291,Regular,52,Create,ConfigMap,true
3.948439204,Regular,1,Update,Deployment,true
3.949652237,Regular,1,Delete,ConfigMap,true
3.950723962,Regular,1,Delete,Deployment,true
3.9518433870000003,Regular,52,Create,Deployment,true
3.061633171,Regular,52,Create,Deployment,true
3.113742839,Regular,52,Create,ConfigMap,true
3.166436271,Regular,1,Update,Deployment,true
3.167754131,Regular,1,Delete,ConfigMap,true
3.168990056,Regular,1,Delete,Deployment,true
3.170409368,Regular,52,Create,Deployment,true
3.222513827,Regular,52,Create,ConfigMap,true
3.2749620249999998,Regular,2,Update,Deployment,true
3.277620799,Regular,3,Delete,ConfigMap,true
3.280993903,Regular,2,Delete,Deployment,true
3.283161489,Regular,51,Create,Deployment,true
3.3350120580000002,Regular,52,Create,ConfigMap,true
3.387705209,Regular,1,Update,Deployment,true
3.389590321,Regular,1,Delete,ConfigMap,true
3.390994084,Regular,1,Delete,Deployment,true
3.392404259,Regular,52,Create,Deployment,true
3.445242935,Regular,54,Create,ConfigMap,true
3.499760483,Regular,2,Update,Deployment,true
3.5018487990000002,Regular,2,Delete,ConfigMap,true
3.504779868,Regular,3,Delete,Deployment,true
3.508292335,Regular,55,Create,Deployment,true
3.563448661,Regular,53,Create,ConfigMap,true
3.61680746,Regular,2,Update,Deployment,true
3.618935531,Regular,1,Delete,ConfigMap,true
3.620835992,Regular,2,Delete,Deployment,true
3.6234444310000002,Regular,53,Create,Deployment,true
3.676593263,Regular,52,Create,ConfigMap,true
3.729228485,Regular,1,Update,Deployment,true
3.730607441,Regular,1,Delete,ConfigMap,true
3.732321149,Regular,1,Delete,Deployment,true
3.7336629649999997,Regular,53,Create,Deployment,true
3.786915803,Regular,52,Create,ConfigMap,true
3.839810455,Regular,1,Update,Deployment,true
3.841476784,Regular,2,Delete,ConfigMap,true
3.843966399,Regular,2,Delete,Deployment,true
3.846208786,Regular,54,Create,Deployment,true
3.901051218,Regular,52,Create,ConfigMap,true
3.953758997,Regular,1,Update,Deployment,true
3.955452687,Regular,2,Delete,ConfigMap,true
3.95797861,Regular,1,Delete,Deployment,true
3.959300298,Regular,51,Create,Deployment,true
3.003965109,Regular,51,Create,ConfigMap,true
3.055733622,Regular,1,Update,Deployment,true
3.057220953,Regular,1,Delete,ConfigMap,true
3.05844194,Regular,1,Delete,Deployment,true
3.059610258,Regular,51,Create,Deployment,true
3.111467599,Regular,52,Create,ConfigMap,true
3.1638658729999998,Regular,2,Update,Deployment,true
3.166423336,Regular,1,Delete,ConfigMap,true
3.167976311,Regular,1,Delete,Deployment,true
3.169321873,Regular,53,Create,Deployment,true
3.222424408,Regular,52,Create,ConfigMap,true
3.275354908,Regular,4,Update,Deployment,true
3.279636097,Regular,2,Delete,ConfigMap,true
3.282277268,Regular,2,Delete,Deployment,true
3.284607061,Regular,51,Create,Deployment,true
3.336297858,Regular,51,Create,ConfigMap,true
3.3882160040000002,Regular,1,Update,Deployment,true
3.389897401,Regular,1,Delete,ConfigMap,true
3.391311333,Regular,1,Delete,Deployment,true
3.392656946,Regular,52,Create,Deployment,true
3.445025825,Regular,55,Create,ConfigMap,true
3.500034671,Regular,1,Update,Deployment,true
3.501936044,Regular,2,Delete,ConfigMap,true
3.504531048,Regular,3,Delete,Deployment,true
3.508498415,Regular,54,Create,Deployment,true
3.563354413,Regular,53,Create,ConfigMap,true
3.6168102749999997,Regular,2,Update,Deployment,true
3.618915303,Regular,1,Delete,ConfigMap,true
3.620799093,Regular,2,Delete,Deployment,true
3.623519052,Regular,53,Create,Deployment,true
3.676593554,Regular,52,Create,ConfigMap,true
3.728747847,Regular,1,Update,Deployment,true
3.730135379,Regular,1,Delete,ConfigMap,true
3.731674647,Regular,1,Delete,Deployment,true
3.73336421,Regular,53,Create,Deployment,true
3.78704097,Regular,52,Create,ConfigMap,true
3.839805456,Regular,1,Update,Deployment,true
3.841477295,Regular,2,Delete,ConfigMap,true
3.84422671,Regular,2,Delete,Deployment,true
3.846777921,Regular,54,Create,Deployment,true
3.901012826,Regular,52,Create,ConfigMap,true
3.953791458,Regular,2,Update,Deployment,true
3.956447417,Regular,1,Delete,ConfigMap,true
3.95841751,Regular,1,Delete,Deployment,true
3.959733066,Regular,51,Create,Deployment,true
3.003969256,Regular,51,Create,ConfigMap,true
3.055761184,Regular,1,Update,Deployment,true
3.05724578,Regular,1,Delete,ConfigMap,true
3.058408888,Regular,1,Delete,Deployment,true
3.059629274,Regular,51,Create,Deployment,true
3.111202839,Regular,52,Create,ConfigMap,true
3.1641568429999998,Regular,2,Update,Deployment,true
3.166438605,Regular,1,Delete,ConfigMap,true
3.16799189,Regular,1,Delete,Deployment,true
3.169315682,Regular,52,Create,Deployment,true
3.222259166,Regular,53,Create,ConfigMap,true
3.275575835,Regular,3,Update,Deployment,true
3.27916639,Regular,2,Delete,ConfigMap,true
3.281252562,Regular,2,Delete,Deployment,true
3.283456326,Regular,52,Create,Deployment,true
3.335798905,Regular,52,Create,ConfigMap,true
3.387924383,Regular,1,Update,Deployment,true
3.389858378,Regular,1,Delete,ConfigMap,true
3.3913442160000002,Regular,1,Delete,Deployment,true
3.392770591,Regular,52,Create,Deployment,true
3.445509599,Regular,54,Create,ConfigMap,true
3.499751015,Regular,2,Update,Deployment,true
3.501815987,Regular,3,Delete,ConfigMap,true
3.504889966,Regular,3,Delete,Deployment,true
3.5079132189999997,Regular,55,Create,Deployment,true
3.563028287,Regular,53,Create,ConfigMap,true
3.616821025,Regular,2,Update,Deployment,true
3.6188637249999998,Regular,1,Delete,ConfigMap,true
3.620560171,Regular,3,Delete,Deployment,true
3.623702409,Regular,52,Create,Deployment,true
3.6766196730000003,Regular,52,Create,ConfigMap,true
3.729161238,Regular,1,Update,Deployment,true
3.730590629,Regular,1,Delete,ConfigMap,true
3.732282225,Regular,1,Delete,Deployment,true
3.733632517,Regular,53,Create,Deployment,true
3.78712027,Regular,52,Create,ConfigMap,true
3.839764348,Regular,1,Update,Deployment,true
3.841737266,Regular,2,Delete,ConfigMap,true
3.843944868,Regular,2,Delete,Deployment,true
3.846633849,Regular,54,Create,Deployment,true
3.900982038,Regular,52,Create,ConfigMap,true
3.953735803,Regular,2,Update,Deployment,true
3.955755409,Regular,2,Delete,ConfigMap,true
3.9584710210000003,Regular,1,Delete,Deployment,true
3.959992766,Regular,51,Create,Deployment,true
3.054246883,Regular,1,Delete,Deployment,true
3.055462109,Regular,52,Create,Deployment,true
3.107582568,Regular,52,Create,ConfigMap,true
3.160370418,Regular,1,Update,Deployment,true
3.161586817,Regular,2,Delete,ConfigMap,true
3.164116627,Regular,2,Delete,Deployment,true
3.166458453,Regular,52,Create,Deployment,true
3.219340861,Regular,52,Create,ConfigMap,true
3.272099025,Regular,2,Update,Deployment,true
3.274897223,Regular,4,Delete,ConfigMap,true
3.279630357,Regular,2,Delete,Deployment,true
3.282005384,Regular,53,Create,Deployment,true
3.335032216,Regular,52,Create,ConfigMap,true
3.387751757,Regular,2,Update,Deployment,true
3.389846495,Regular,1,Delete,ConfigMap,true
3.391344246,Regular,1,Delete,Deployment,true
3.392695529,Regular,52,Create,Deployment,true
3.445448644,Regular,54,Create,ConfigMap,true
3.4999056570000002,Regular,1,Update,Deployment,true
3.501828381,Regular,2,Delete,ConfigMap,true
3.504798223,Regular,2,Delete,Deployment,true
3.507609665,Regular,55,Create,Deployment,true
3.563421399,Regular,53,Create,ConfigMap,true
3.6168176389999998,Regular,2,Update,Deployment,true
3.6190006439999998,Regular,1,Delete,ConfigMap,true
3.620597251,Regular,2,Delete,Deployment,true
3.6234936639999997,Regular,53,Create,Deployment,true
3.676631255,Regular,52,Create,ConfigMap,true
3.7292187869999998,Regular,1,Update,Deployment,true
3.730590168,Regular,1,Delete,ConfigMap,true
3.732332761,Regular,1,Delete,Deployment,true
3.733598683,Regular,53,Create,Deployment,true
3.78686093,Regular,52,Create,ConfigMap,true
3.839753237,Regular,1,Update,Deployment,true
3.84140061,Regular,2,Delete,ConfigMap,true
3.843610807,Regular,2,Delete,Deployment,true
3.846297433,Regular,54,Create,Deployment,true
3.901015821,Regular,52,Create,ConfigMap,true
3.953794183,Regular,2,Update,Deployment,true
3.955882149,Regular,2,Delete,ConfigMap,true
3.958568545,Regular,1,Delete,Deployment,true
3.96000016,Regular,51,Create,Deployment,true
3.003967633,Regular,51,Create,ConfigMap,true
3.055771744,Regular,1,Update,Deployment,true
3.057236092,Regular,1,Delete,ConfigMap,true
3.05845744,Regular,1,Delete,Deployment,true
3.059636938,Regular,51,Create,Deployment,true
3.111460796,Regular,52,Create,ConfigMap,true
3.164159849,Regular,2,Update,Deployment,true
3.1665087180000002,Regular,1,Delete,ConfigMap,true
3.167995246,Regular,1,Delete,Deployment,true
3.169324729,Regular,53,Create,Deployment,true
3.222490954,Regular,52,Create,ConfigMap,true
3.2749769029999998,Regular,2,Update,Deployment,true
3.277620869,Regular,2,Delete,ConfigMap,true
3.280000826,Regular,2,Delete,Deployment,true
3.282083031,Regular,52,Create,Deployment,true
3.334703385,Regular,52,Create,ConfigMap,true
3.386801992,Regular,2,Update,Deployment,true
3.38901841,Regular,1,Delete,ConfigMap,true
3.39047874,Regular,1,Delete,Deployment,true
3.391694477,Regular,53,Create,Deployment,true
3.445051503,Regular,54,Create,ConfigMap,true
3.499751156,Regular,2,Update,Deployment,true
3.501835174,Regular,3,Delete,ConfigMap,true
3.504869507,Regular,5,Delete,Deployment,true
3.509975987,Regular,53,Create,Deployment,true
3.5633544329999998,Regular,53,Create,ConfigMap,true
3.6168113269999997,Regular,2,Update,Deployment,true
3.618996697,Regular,1,Delete,ConfigMap,true
3.620870558,Regular,2,Delete,Deployment,true
3.6235594989999997,Regular,53,Create,Deployment,true
3.676667794,Regular,52,Create,ConfigMap,true
3.7289753169999997,Regular,1,Update,Deployment,true
3.7305671350000003,Regular,1,Delete,ConfigMap,true
3.732062069,Regular,1,Delete,Deployment,true
3.733610596,Regular,53,Create,Deployment,true
3.786931212,Regular,52,Create,ConfigMap,true
3.839766492,Regular,1,Update,Deployment,true
3.841688905,Regular,2,Delete,ConfigMap,true
3.844023156,Regular,3,Delete,Deployment,true
3.847482984,Regular,53,Create,Deployment,true
3.901067299,Regular,52,Create,ConfigMap,true
3.953707379,Regular,2,Update,Deployment,true
3.9559515,Regular,2,Delete,ConfigMap,true
3.958770667,Regular,1,Delete,Deployment,true
3.960053852,Regular,51,Create,Deployment,true
3.051601454,Regular,1,Update,Deployment,true
3.052982925,Regular,1,Delete,ConfigMap,true
3.054437844,Regular,1,Delete,Deployment,true
3.05571652,Regular,52,Create,Deployment,true
3.107747299,Regular,52,Create,ConfigMap,true
3.16035046,Regular,1,Update,Deployment,true
3.161589241,Regular,2,Delete,ConfigMap,true
3.164094055,Regular,2,Delete,Deployment,true
3.166506604,Regular,52,Create,Deployment,true
3.218988285,Regular,53,Create,ConfigMap,true
3.27274208,Regular,1,Update,Deployment,true
3.274565165,Regular,2,Delete,ConfigMap,true
3.277297458,Regular,2,Delete,Deployment,true
3.279840934,Regular,52,Create,Deployment,true
3.332741928,Regular,53,Create,ConfigMap,true
3.386491956,Regular,1,Update,Deployment,true
3.388496945,Regular,1,Delete,ConfigMap,true
3.390238035,Regular,1,Delete,Deployment,true
3.391629915,Regular,53,Create,Deployment,true
3.445016086,Regular,54,Create,ConfigMap,true
3.4998233819999998,Regular,2,Update,Deployment,true
3.5018413649999998,Regular,3,Delete,ConfigMap,true
3.505059737,Regular,3,Delete,Deployment,true
3.508526468,Regular,54,Create,Deployment,true
3.5633905710000002,Regular,53,Create,ConfigMap,true
3.616817218,Regular,2,Update,Deployment,true
3.619118537,Regular,1,Delete,ConfigMap,true
3.620780027,Regular,2,Delete,Deployment,true
3.623688192,Regular,52,Create,Deployment,true
3.676595427,Regular,52,Create,ConfigMap,true
3.728773064,Regular,1,Update,Deployment,true
3.730140478,Regular,1,Delete,ConfigMap,true
3.73165481,Regular,1,Delete,Deployment,true
3.732990895,Regular,54,Create,Deployment,true
3.7870632520000003,Regular,52,Create,ConfigMap,true
3.8397417860000003,Regular,1,Update,Deployment,true
3.84172375,Regular,1,Delete,ConfigMap,true
3.843269942,Regular,3,Delete,Deployment,true
3.846751611,Regular,53,Create,Deployment,true
3.9007115260000003,Regular,52,Create,ConfigMap,true
3.953669558,Regular,2,Update,Deployment,true
3.956469479,Regular,2,Delete,ConfigMap,true
3.958590527,Regular,1,Delete,Deployment,true
3.959991594,Regular,51,Create,Deployment,true
3.053002942,Regular,1,Delete,ConfigMap,true
3.054421744,Regular,1,Delete,Deployment,true
3.055736027,Regular,51,Create,Deployment,true
3.107708496,Regular,52,Create,ConfigMap,true
3.16009602,Regular,1,Update,Deployment,true
3.161369947,Regular,1,Delete,ConfigMap,true
3.16314942,Regular,3,Delete,Deployment,true
3.166501915,Regular,52,Create,Deployment,true
3.219354788,Regular,52,Create,ConfigMap,true
3.272098965,Regular,2,Update,Deployment,true
3.274627774,Regular,4,Delete,ConfigMap,true
3.279627321,Regular,2,Delete,Deployment,true
3.28174361,Regular,53,Create,Deployment,true
3.335098281,Regular,52,Create,ConfigMap,true
3.387766104,Regular,2,Update,Deployment,true
3.389836256,Regular,1,Delete,ConfigMap,true
3.39120884,Regular,1,Delete,Deployment,true
3.392655293,Regular,52,Create,Deployment,true
3.44556871,Regular,54,Create,ConfigMap,true
3.499751306,Regular,2,Update,Deployment,true
3.501878786,Regular,2,Delete,ConfigMap,true
3.504128267,Regular,4,Delete,Deployment,true
3.508487093,Regular,55,Create,Deployment,true
3.563623491,Regular,53,Create,ConfigMap,true
3.6168421950000003,Regular,2,Update,Deployment,true
3.619144195,Regular,1,Delete,ConfigMap,true
3.620802238,Regular,2,Delete,Deployment,true
3.623524603,Regular,53,Create,Deployment,true
3.676610025,Regular,52,Create,ConfigMap,true
3.7290883299999997,Regular,1,Update,Deployment,true
3.7306543899999998,Regular,1,Delete,ConfigMap,true
3.732344142,Regular,1,Delete,Deployment,true
3.733650271,Regular,53,Create,Deployment,true
3.787002748,Regular,52,Create,ConfigMap,true
3.839973924,Regular,1,Update,Deployment,true
3.841725754,Regular,2,Delete,ConfigMap,true
3.844074633,Regular,2,Delete,Deployment,true
3.846574487,Regular,54,Create,Deployment,true
3.901055126,Regular,52,Create,ConfigMap,true
3.953777702,Regular,1,Update,Deployment,true
3.955685948,Regular,3,Delete,ConfigMap,true
3.958970715,Regular,1,Delete,Deployment,true
3.960743776,Regular,51,Create,Deployment,true
3.022553714,Regular,1,Update,Deployment,true
3.024046375,Regular,2,Delete,ConfigMap,true
3.026262903,Regular,1,Delete,Deployment,true
3.027877875,Regular,52,Create,Deployment,true
3.080446701,Regular,52,Create,ConfigMap,true
3.13325506,Regular,1,Update,Deployment,true
3.134638905,Regular,1,Delete,ConfigMap,true
3.136118701,Regular,1,Delete,Deployment,true
3.137591003,Regular,52,Create,Deployment,true
3.190085479,Regular,52,Create,ConfigMap,true
3.242541632,Regular,1,Update,Deployment,true
3.244273354,Regular,1,Delete,ConfigMap,true
3.246089426,Regular,10,Delete,Deployment,true
3.256406001,Regular,52,Create,Deployment,true
3.308675331,Regular,51,Create,ConfigMap,true
3.360670323,Regular,1,Update,Deployment,true
3.362082902,Regular,1,Delete,ConfigMap,true
3.363809395,Regular,1,Delete,Deployment,true
3.365520718,Regular,52,Create,Deployment,true
3.417965029,Regular,51,Create,ConfigMap,true
3.469794779,Regular,1,Update,Deployment,true
3.471218559,Regular,1,Delete,ConfigMap,true
3.472582727,Regular,1,Delete,Deployment,true
3.474013691,Regular,53,Create,Deployment,true
3.527300704,Regular,53,Create,ConfigMap,true
3.580920797,Regular,1,Update,Deployment,true
3.582852467,Regular,1,Delete,ConfigMap,true
3.584368281,Regular,2,Delete,Deployment,true
3.586379903,Regular,53,Create,Deployment,true
3.639844772,Regular,51,Create,ConfigMap,true
3.691786523,Regular,1,Update,Deployment,true
3.6930029319999997,Regular,1,Delete,ConfigMap,true
3.694265868,Regular,1,Delete,Deployment,true
3.695343725,Regular,53,Create,Deployment,true
3.749132015,Regular,53,Create,ConfigMap,true
3.8025880880000003,Regular,1,Update,Deployment,true
3.804444977,Regular,3,Delete,ConfigMap,true
3.808332173,Regular,6,Delete,Deployment,true
3.814353811,Regular,53,Create,Deployment,true
3.868025542,Regular,52,Create,ConfigMap,true
3.920106907,Regular,1,Update,Deployment,true
3.921213708,Regular,1,Delete,ConfigMap,true
3.922472777,Regular,2,Delete,Deployment,true
3.925398225,Regular,52,Create,Deployment,true
3.978189942,Regular,52,Create,ConfigMap,true
3.051590333,Regular,1,Update,Deployment,true
3.053004776,Regular,1,Delete,ConfigMap,true
3.054405563,Regular,1,Delete,Deployment,true
3.055738692,Regular,51,Create,Deployment,true
3.107733814,Regular,52,Create,ConfigMap,true
3.160338528,Regular,1,Update,Deployment,true
3.161591365,Regular,2,Delete,ConfigMap,true
3.164108031,Regular,2,Delete,Deployment,true
3.1664781,Regular,52,Create,Deployment,true
3.219332305,Regular,53,Create,ConfigMap,true
3.2723924589999998,Regular,2,Update,Deployment,true
3.274934383,Regular,2,Delete,ConfigMap,true
3.277815537,Regular,3,Delete,Deployment,true
3.281338324,Regular,52,Create,Deployment,true
3.334287529,Regular,52,Create,ConfigMap,true
3.386627342,Regular,2,Update,Deployment,true
3.388787594,Regular,1,Delete,ConfigMap,true
3.390492456,Regular,1,Delete,Deployment,true
3.391907129,Regular,53,Create,Deployment,true
3.445638232,Regular,54,Create,ConfigMap,true
3.4997685880000002,Regular,1,Update,Deployment,true
3.5015358279999997,Regular,2,Delete,ConfigMap,true
3.503824823,Regular,4,Delete,Deployment,true
3.508228805,Regular,55,Create,Deployment,true
3.56348006,Regular,53,Create,ConfigMap,true
3.616806308,Regular,2,Update,Deployment,true
3.619119058,Regular,1,Delete,ConfigMap,true
3.620868454,Regular,2,Delete,Deployment,true
3.623516517,Regular,53,Create,Deployment,true
3.676580149,Regular,52,Create,ConfigMap,true
3.728773054,Regular,1,Update,Deployment,true
3.730155607,Regular,1,Delete,ConfigMap,true
3.731666212,Regular,1,Delete,Deployment,true
3.7329893419999998,Regular,53,Create,Deployment,true
3.7869939710000002,Regular,52,Create,ConfigMap,true
3.839799745,Regular,1,Update,Deployment,true
3.841682653,Regular,2,Delete,ConfigMap,true
3.84403609,Regular,2,Delete,Deployment,true
3.84697841,Regular,54,Create,Deployment,true
3.901012826,Regular,52,Create,ConfigMap,true
3.953451135,Regular,1,Update,Deployment,true
3.954965006,Regular,3,Delete,ConfigMap,true
3.9583005289999997,Regular,1,Delete,Deployment,true
3.960034034,Regular,51,Create,Deployment,true
4.011922805,Regular,53,Create,ConfigMap,true
4.0304947,Regular,1,Update,Deployment,true
4.031748709,Regular,1,Delete,ConfigMap,true
4.032911527,Regular,1,Delete,Deployment,true
4.033993341,Regular,53,Create,Deployment,true
4.087424607,Regular,51,Create,ConfigMap,true
4.13925071,Regular,1,Update,Deployment,true
4.140371106,Regular,1,Delete,ConfigMap,true
4.141410731,Regular,1,Delete,Deployment,true
4.142559813,Regular,52,Create,Deployment,true
4.195398368,Regular,52,Create,ConfigMap,true
4.247755975,Regular,2,Update,Deployment,true
4.250334297,Regular,1,Delete,ConfigMap,true
4.25154228,Regular,1,Delete,Deployment,true
4.252576364,Regular,53,Create,Deployment,true
4.306135201,Regular,52,Create,ConfigMap,true
4.358180568,Regular,1,Update,Deployment,true
4.359500152,Regular,1,Delete,ConfigMap,true
4.360864029,Regular,1,Delete,Deployment,true
4.362073594,Regular,52,Create,Deployment,true
4.414887854,Regular,52,Create,ConfigMap,true
4.467379695,Regular,1,Update,Deployment,true
4.46874787,Regular,1,Delete,ConfigMap,true
4.47037759,Regular,1,Delete,Deployment,true
4.471919163,Regular,52,Create,Deployment,true
4.524109614,Regular,52,Create,ConfigMap,true
4.576714318,Regular,1,Update,Deployment,true
4.578113903,Regular,1,Delete,ConfigMap,true
4.579298571,Regular,2,Delete,Deployment,true
4.582109543,Regular,53,Create,Deployment,true
4.635703607,Regular,53,Create,ConfigMap,true
4.689613206,Regular,1,Update,Deployment,true
4.690899667,Regular,1,Delete,ConfigMap,true
4.692162834,Regular,1,Delete,Deployment,true
4.693547791,Regular,52,Create,Deployment,true
4.746348465,Regular,53,Create,ConfigMap,true
4.79979495,Regular,1,Update,Deployment,true
4.801553693,Regular,1,Delete,ConfigMap,true
4.803348725,Regular,4,Delete,Deployment,true
4.808289702,Regular,52,Create,Deployment,true
4.860509519,Regular,52,Create,ConfigMap,true
4.912619197,Regular,1,Update,Deployment,true
4.913831308,Regular,1,Delete,ConfigMap,true
4.915254587,Regular,1,Delete,Deployment,true
4.9164565289999995,Regular,52,Create,Deployment,true
4.9686697429999995,Regular,52,Create,ConfigMap,true
4.011964063,Regular,53,Create,ConfigMap,true
4.065221451,Regular,2,Update,Deployment,true
4.068145206,Regular,3,Delete,ConfigMap,true
4.071526956,Regular,1,Delete,Deployment,true
4.073440251,Regular,54,Create,Deployment,true
4.127494404,Regular,56,Create,ConfigMap,true
4.183722375,Regular,2,Update,Deployment,true
4.18650317,Regular,2,Delete,ConfigMap,true
4.189387159,Regular,2,Delete,Deployment,true
4.191683789,Regular,54,Create,Deployment,true
4.245791583,Regular,52,Create,ConfigMap,true
4.298117761,Regular,2,Update,Deployment,true
4.300249219,Regular,1,Delete,ConfigMap,true
4.301661327,Regular,5,Delete,Deployment,true
4.307523384,Regular,52,Create,Deployment,true
4.359756456,Regular,53,Create,ConfigMap,true
4.413094987,Regular,1,Update,Deployment,true
4.414791602,Regular,1,Delete,ConfigMap,true
4.416512685,Regular,1,Delete,Deployment,true
4.417817761,Regular,52,Create,Deployment,true
4.470416113,Regular,51,Create,ConfigMap,true
4.522412567,Regular,5,Update,Deployment,true
4.527856975,Regular,2,Delete,ConfigMap,true
4.530173373,Regular,1,Delete,Deployment,true
4.531799004,Regular,53,Create,Deployment,true
4.58510334,Regular,52,Create,ConfigMap,true
4.637945373,Regular,1,Update,Deployment,true
4.639370666,Regular,1,Delete,ConfigMap,true
4.640802772,Regular,1,Delete,Deployment,true
4.642182109,Regular,52,Create,Deployment,true
4.695033619,Regular,54,Create,ConfigMap,true
4.749204823,Regular,2,Update,Deployment,true
4.7513194290000005,Regular,2,Delete,ConfigMap,true
4.753361548,Regular,2,Delete,Deployment,true
4.755496332,Regular,53,Create,Deployment,true
4.808988252,Regular,52,Create,ConfigMap,true
4.8612091809999995,Regular,2,Update,Deployment,true
4.8636040860000005,Regular,2,Delete,ConfigMap,true
4.866541497,Regular,1,Delete,Deployment,true
4.868099391,Regular,52,Create,Deployment,true
4.92055874,Regular,51,Create,ConfigMap,true
4.972067253,Regular,1,Update,Deployment,true
4.9736316590000005,Regular,1,Delete,ConfigMap,true
4.975057884,Regular,1,Delete,Deployment,true
4.976430407,Regular,55,Create,Deployment,true
4.011811896,Regular,52,Create,ConfigMap,true
4.064112796,Regular,3,Update,Deployment,true
4.068080714,Regular,3,Delete,ConfigMap,true
4.071528819,Regular,2,Delete,Deployment,true
4.073664195,Regular,54,Create,Deployment,true
4.127814098,Regular,55,Create,ConfigMap,true
4.183755317,Regular,2,Update,Deployment,true
4.186723466,Regular,2,Delete,ConfigMap,true
4.189492689,Regular,2,Delete,Deployment,true
4.191624036,Regular,53,Create,Deployment,true
4.245082714,Regular,53,Create,ConfigMap,true
4.29815991,Regular,1,Update,Deployment,true
4.299963679,Regular,1,Delete,ConfigMap,true
4.301611863,Regular,2,Delete,Deployment,true
4.303747229,Regular,53,Create,Deployment,true
4.356890901,Regular,54,Create,ConfigMap,true
4.411086461,Regular,2,Update,Deployment,true
4.413414981,Regular,1,Delete,ConfigMap,true
4.415158235,Regular,1,Delete,Deployment,true
4.416715578,Regular,52,Create,Deployment,true
4.469043579,Regular,52,Create,ConfigMap,true
4.521649155,Regular,4,Update,Deployment,true
4.526611632,Regular,3,Delete,ConfigMap,true
4.530027036,Regular,1,Delete,Deployment,true
4.53153207,Regular,56,Create,Deployment,true
4.587663808,Regular,52,Create,ConfigMap,true
4.640594018,Regular,1,Update,Deployment,true
4.642192939,Regular,1,Delete,ConfigMap,true
4.644151811,Regular,3,Delete,Deployment,true
4.648100382,Regular,52,Create,Deployment,true
4.700117576,Regular,51,Create,ConfigMap,true
4.752120413,Regular,1,Update,Deployment,true
4.75366977,Regular,1,Delete,ConfigMap,true
4.7555049480000005,Regular,1,Delete,Deployment,true
4.756730764,Regular,53,Create,Deployment,true
4.810282247,Regular,52,Create,ConfigMap,true
4.862665062,Regular,1,Update,Deployment,true
4.864480943,Regular,2,Delete,ConfigMap,true
4.867172139,Regular,1,Delete,Deployment,true
4.868417793,Regular,52,Create,Deployment,true
4.9205639,Regular,51,Create,ConfigMap,true
4.972253805,Regular,1,Update,Deployment,true
4.973638452,Regular,1,Delete,ConfigMap,true
4.974904704,Regular,1,Delete,Deployment,true
4.976417774,Regular,55,Create,Deployment,true
4.065048374,Regular,3,Update,Deployment,true
4.068080774,Regular,3,Delete,ConfigMap,true
4.07144958,Regular,1,Delete,Deployment,true
4.073357204,Regular,54,Create,Deployment,true
4.127590867,Regular,56,Create,ConfigMap,true
4.183781587,Regular,2,Update,Deployment,true
4.186546872,Regular,2,Delete,ConfigMap,true
4.189439107,Regular,2,Delete,Deployment,true
4.191617955,Regular,54,Create,Deployment,true
4.24565747,Regular,53,Create,ConfigMap,true
4.298926449,Regular,1,Update,Deployment,true
4.300272633,Regular,1,Delete,ConfigMap,true
4.301602476,Regular,1,Delete,Deployment,true
4.303518667,Regular,53,Create,Deployment,true
4.356602967,Regular,55,Create,ConfigMap,true
4.411758691,Regular,1,Update,Deployment,true
4.413748672,Regular,1,Delete,ConfigMap,true
4.415243767,Regular,1,Delete,Deployment,true
4.41676932,Regular,52,Create,Deployment,true
4.469067044,Regular,52,Create,ConfigMap,true
4.521794319,Regular,2,Update,Deployment,true
4.524104775,Regular,2,Delete,ConfigMap,true
4.526587777,Regular,2,Delete,Deployment,true
4.528688206,Regular,53,Create,Deployment,true
4.582318208,Regular,53,Create,ConfigMap,true
4.636082052,Regular,1,Update,Deployment,true
4.637958978,Regular,1,Delete,ConfigMap,true
4.639457861,Regular,1,Delete,Deployment,true
4.640855422,Regular,51,Create,Deployment,true
4.692584841,Regular,52,Create,ConfigMap,true
4.745220554,Regular,4,Update,Deployment,true
4.749503026,Regular,1,Delete,ConfigMap,true
4.751296796,Regular,2,Delete,Deployment,true
4.753623072,Regular,54,Create,Deployment,true
4.808453191,Regular,52,Create,ConfigMap,true
4.860974357,Regular,1,Update,Deployment,true
4.86268508,Regular,2,Delete,ConfigMap,true
4.864715897,Regular,2,Delete,Deployment,true
4.867148875,Regular,51,Create,Deployment,true
4.919120633,Regular,51,Create,ConfigMap,true
4.970687385,Regular,1,Update,Deployment,true
4.972021005,Regular,1,Delete,ConfigMap,true
4.973606351,Regular,1,Delete,Deployment,true
4.974901488,Regular,57,Create,Deployment,true
4.01197292,Regular,53,Create,ConfigMap,true
4.065060246,Regular,3,Update,Deployment,true
4.068187986,Regular,3,Delete,ConfigMap,true
4.071398713,Regular,2,Delete,Deployment,true
4.073462143,Regular,54,Create,Deployment,true
4.128036539,Regular,55,Create,ConfigMap,true
4.1835525239999996,Regular,2,Update,Deployment,true
4.186192002,Regular,2,Delete,ConfigMap,true
4.189095187,Regular,2,Delete,Deployment,true
4.191708185,Regular,53,Create,Deployment,true
4.245076732,Regular,52,Create,ConfigMap,true
4.297726261,Regular,1,Update,Deployment,true
4.299708256,Regular,1,Delete,ConfigMap,true
4.301618706,Regular,2,Delete,Deployment,true
4.304056042,Regular,52,Create,Deployment,true
4.356859121,Regular,54,Create,ConfigMap,true
4.411336363,Regular,2,Update,Deployment,true
4.413551569,Regular,1,Delete,ConfigMap,true
4.415348014,Regular,1,Delete,Deployment,true
4.416732811,Regular,52,Create,Deployment,true
4.469014594,Regular,52,Create,ConfigMap,true
4.52183703,Regular,5,Update,Deployment,true
4.527592686,Regular,2,Delete,ConfigMap,true
4.530155739,Regular,1,Delete,Deployment,true
4.53177561,Regular,55,Create,Deployment,true
4.587169444,Regular,53,Create,ConfigMap,true
4.640568119,Regular,1,Update,Deployment,true
4.642094814,Regular,2,Delete,ConfigMap,true
4.644190233,Regular,3,Delete,Deployment,true
4.647332671,Regular,52,Create,Deployment,true
4.699875979,Regular,51,Create,ConfigMap,true
4.751661375,Regular,2,Update,Deployment,true
4.754089844,Regular,1,Delete,ConfigMap,true
4.755939189,Regular,1,Delete,Deployment,true
4.757312924,Regular,53,Create,Deployment,true
4.81059079,Regular,52,Create,ConfigMap,true
4.862680711,Regular,2,Update,Deployment,true
4.864693405,Regular,2,Delete,ConfigMap,true
4.866929751,Regular,1,Delete,Deployment,true
4.868339976,Regular,51,Create,Deployment,true
4.92034143,Regular,51,Create,ConfigMap,true
4.972066181,Regular,1,Update,Deployment,true
4.973624956,Regular,1,Delete,ConfigMap,true
4.974927868,Regular,1,Delete,Deployment,true
4.976386815,Regular,57,Create,Deployment,true
4.011751161,Regular,53,Create,ConfigMap,true
4.065061519,Regular,2,Update,Deployment,true
4.067834158,Regular,3,Delete,ConfigMap,true
4.071422689,Regular,1,Delete,Deployment,true
4.073357134,Regular,54,Create,Deployment,true
4.127713669,Regular,55,Create,ConfigMap,true
4.183525964,Regular,3,Update,Deployment,true
4.186625751,Regular,2,Delete,ConfigMap,true
4.189412347,Regular,1,Delete,Deployment,true
4.191325332,Regular,54,Create,Deployment,true
4.245597777,Regular,52,Create,ConfigMap,true
4.298145523,Regular,1,Update,Deployment,true
4.300094797,Regular,1,Delete,ConfigMap,true
4.301659173,Regular,6,Delete,Deployment,true
4.307736697,Regular,52,Create,Deployment,true
4.3597872540000004,Regular,53,Create,ConfigMap,true
4.413097501,Regular,1,Update,Deployment,true
4.414568541,Regular,2,Delete,ConfigMap,true
4.416731538,Regular,1,Delete,Deployment,true
4.418109262,Regular,52,Create,Deployment,true
4.470392257,Regular,51,Create,ConfigMap,true
4.522094937,Regular,5,Update,Deployment,true
4.527620619,Regular,2,Delete,ConfigMap,true
4.53012453,Regular,1,Delete,Deployment,true
4.531764299,Regular,56,Create,Deployment,true
4.58792894,Regular,52,Create,ConfigMap,true
4.6405960010000005,Regular,1,Update,Deployment,true
4.642099182,Regular,2,Delete,ConfigMap,true
4.644750542,Regular,3,Delete,Deployment,true
4.648099831,Regular,51,Create,Deployment,true
4.700083451,Regular,52,Create,ConfigMap,true
4.752362189,Regular,1,Update,Deployment,true
4.7539964470000005,Regular,1,Delete,ConfigMap,true
4.755381114,Regular,1,Delete,Deployment,true
4.756632439,Regular,54,Create,Deployment,true
4.810681712,Regular,52,Create,ConfigMap,true
4.862842257,Regular,3,Update,Deployment,true
4.866227964,Regular,1,Delete,ConfigMap,true
4.868108318,Regular,1,Delete,Deployment,true
4.870053203,Regular,51,Create,Deployment,true
4.921757455,Regular,51,Create,ConfigMap,true
4.973606702,Regular,1,Update,Deployment,true
4.97493954,Regular,1,Delete,ConfigMap,true
4.976417774,Regular,1,Delete,Deployment,true
4.977867062,Regular,57,Create,Deployment,true
4.012392834,Regular,52,Create,ConfigMap,true
4.065138354,Regular,3,Update,Deployment,true
4.06815311,Regular,3,Delete,ConfigMap,true
4.071506968,Regular,1,Delete,Deployment,true
4.073416166,Regular,53,Create,Deployment,true
4.126686818,Regular,56,Create,ConfigMap,true
4.183584935,Regular,2,Update,Deployment,true
4.186192342,Regular,3,Delete,ConfigMap,true
4.189442384,Regular,2,Delete,Deployment,true
4.191608036,Regular,53,Create,Deployment,true
4.245188884,Regular,52,Create,ConfigMap,true
4.298180229,Regular,1,Update,Deployment,true
4.299967106,Regular,1,Delete,ConfigMap,true
4.301371619,Regular,2,Delete,Deployment,true
4.303980449,Regular,52,Create,Deployment,true
4.3568756220000004,Regular,54,Create,ConfigMap,true
4.411320583,Regular,2,Update,Deployment,true
4.41419759,Regular,1,Delete,ConfigMap,true
4.41572174,Regular,1,Delete,Deployment,true
4.416972363,Regular,52,Create,Deployment,true
4.469067464,Regular,52,Create,ConfigMap,true
4.521692467,Regular,6,Update,Deployment,true
4.527840524,Regular,2,Delete,ConfigMap,true
4.530131073,Regular,1,Delete,Deployment,true
4.531791891,Regular,55,Create,Deployment,true
4.587611279,Regular,52,Create,ConfigMap,true
4.6405757229999995,Regular,1,Update,Deployment,true
4.64239962,Regular,2,Delete,ConfigMap,true
4.64513034,Regular,2,Delete,Deployment,true
4.647854407,Regular,52,Create,Deployment,true
4.700097688,Regular,52,Create,ConfigMap,true
4.752794957,Regular,2,Update,Deployment,true
4.755130661,Regular,1,Delete,ConfigMap,true
4.75635774,Regular,1,Delete,Deployment,true
4.757665661,Regular,52,Create,Deployment,true
4.810656064,Regular,52,Create,ConfigMap,true
4.863361819,Regular,3,Update,Deployment,true
4.866477366,Regular,1,Delete,ConfigMap,true
4.867866741,Regular,1,Delete,Deployment,true
4.869831494,Regular,51,Create,Deployment,true
4.921537049,Regular,51,Create,ConfigMap,true
4.973377419,Regular,1,Update,Deployment,true
4.974676593,Regular,1,Delete,ConfigMap,true
4.976169955,Regular,1,Delete,Deployment,true
4.977441909,Regular,58,Create,Deployment,true
4.00470669,Regular,52,Create,ConfigMap,true
4.057152503,Regular,1,Update,Deployment,true
4.05878621,Regular,1,Delete,ConfigMap,true
4.060149436,Regular,1,Delete,Deployment,true
4.061348242,Regular,51,Create,Deployment,true
4.113167982,Regular,53,Create,ConfigMap,true
4.16625062,Regular,1,Update,Deployment,true
4.167484601,Regular,1,Delete,ConfigMap,true
4.168562388,Regular,1,Delete,Deployment,true
4.16984428,Regular,51,Create,Deployment,true
4.221737219,Regular,53,Create,ConfigMap,true
4.275003754,Regular,1,Update,Deployment,true
4.276104564,Regular,1,Delete,ConfigMap,true
4.277172382,Regular,1,Delete,Deployment,true
4.278200945,Regular,52,Create,Deployment,true
4.330603096,Regular,52,Create,ConfigMap,true
4.382719738,Regular,1,Update,Deployment,true
4.38416023,Regular,3,Delete,ConfigMap,true
4.387377029,Regular,2,Delete,Deployment,true
4.389389973,Regular,53,Create,Deployment,true
4.443222196,Regular,53,Create,ConfigMap,true
4.496340691,Regular,1,Update,Deployment,true
4.498061533,Regular,1,Delete,ConfigMap,true
4.499625758,Regular,2,Delete,Deployment,true
4.502234839,Regular,53,Create,Deployment,true
4.555816559,Regular,52,Create,ConfigMap,true
4.60812367,Regular,1,Update,Deployment,true
4.609386928,Regular,1,Delete,ConfigMap,true
4.610611942,Regular,1,Delete,Deployment,true
4.611672807,Regular,52,Create,Deployment,true
4.664519869,Regular,51,Create,ConfigMap,true
4.7164939310000005,Regular,1,Update,Deployment,true
4.717810168,Regular,1,Delete,ConfigMap,true
4.71899099,Regular,1,Delete,Deployment,true
4.720154028,Regular,52,Create,Deployment,true
4.772777827,Regular,53,Create,ConfigMap,true
4.826768771,Regular,1,Update,Deployment,true
4.828591625,Regular,2,Delete,ConfigMap,true
4.831116086,Regular,1,Delete,Deployment,true
4.832576916,Regular,52,Create,Deployment,true
4.884968447,Regular,52,Create,ConfigMap,true
4.937534769,Regular,1,Update,Deployment,true
4.9387260699999995,Regular,1,Delete,ConfigMap,true
4.939864772,Regular,1,Delete,Deployment,true
4.941008002,Regular,52,Create,Deployment,true
4.993796603,Regular,53,Create,ConfigMap,true
4.011158141,Regular,52,Create,ConfigMap,true
4.063789615,Regular,4,Update,Deployment,true
4.068243902,Regular,3,Delete,ConfigMap,true
4.071507249,Regular,1,Delete,Deployment,true
4.07346078,Regular,54,Create,Deployment,true
4.127882578,Regular,55,Create,ConfigMap,true
4.183885142,Regular,2,Update,Deployment,true
4.186446623,Regular,2,Delete,ConfigMap,true
4.189446071,Regular,2,Delete,Deployment,true
4.191658251,Regular,52,Create,Deployment,true
4.244411415,Regular,53,Create,ConfigMap,true
4.298182714,Regular,2,Update,Deployment,true
4.300242416,Regular,1,Delete,ConfigMap,true
4.301681435,Regular,5,Delete,Deployment,true
4.307573188,Regular,52,Create,Deployment,true
4.359781784,Regular,53,Create,ConfigMap,true
4.412834705,Regular,1,Update,Deployment,true
4.414794017,Regular,1,Delete,ConfigMap,true
4.416216525,Regular,1,Delete,Deployment,true
4.417441971,Regular,51,Create,Deployment,true
4.468999296,Regular,52,Create,ConfigMap,true
4.521654014,Regular,5,Update,Deployment,true
4.527334528,Regular,2,Delete,ConfigMap,true
4.530042595,Regular,1,Delete,Deployment,true
4.531757175,Regular,53,Create,Deployment,true
4.585533283,Regular,52,Create,ConfigMap,true
4.637945493,Regular,1,Update,Deployment,true
4.639267591,Regular,1,Delete,ConfigMap,true
4.64080696,Regular,1,Delete,Deployment,true
4.642268472,Regular,52,Create,Deployment,true
4.694782064,Regular,52,Create,ConfigMap,true
4.747149169,Regular,2,Update,Deployment,true
4.749204823,Regular,1,Delete,ConfigMap,true
4.751037135,Regular,1,Delete,Deployment,true
4.752757376,Regular,52,Create,Deployment,true
4.805270457,Regular,52,Create,ConfigMap,true
4.857463663,Regular,1,Update,Deployment,true
4.8588800899999995,Regular,1,Delete,ConfigMap,true
4.860290044,Regular,1,Delete,Deployment,true
4.861671905,Regular,52,Create,Deployment,true
4.914031937,Regular,53,Create,ConfigMap,true
4.967524959,Regular,1,Update,Deployment,true
4.969264036,Regular,1,Delete,ConfigMap,true
4.970485584,Regular,1,Delete,Deployment,true
4.971733181,Regular,56,Create,Deployment,true
5.028232895,Regular,52,Create,ConfigMap,true
4.011563907,Regular,52,Create,ConfigMap,true
4.064022806,Regular,4,Update,Deployment,true
4.068288236,Regular,3,Delete,ConfigMap,true
4.071633948,Regular,1,Delete,Deployment,true
4.07352967,Regular,54,Create,Deployment,true
4.127842482,Regular,55,Create,ConfigMap,true
4.183221789,Regular,3,Update,Deployment,true
4.186477321,Regular,2,Delete,ConfigMap,true
4.189446281,Regular,2,Delete,Deployment,true
4.191641339,Regular,53,Create,Deployment,true
4.245500543,Regular,52,Create,ConfigMap,true
4.298124594,Regular,1,Update,Deployment,true
4.300030225,Regular,1,Delete,ConfigMap,true
4.301610601,Regular,5,Delete,Deployment,true
4.307469362,Regular,52,Create,Deployment,true
4.359805128,Regular,53,Create,ConfigMap,true
4.413159308,Regular,1,Update,Deployment,true
4.415030694,Regular,1,Delete,ConfigMap,true
4.416744302,Regular,1,Delete,Deployment,true
4.418041133,Regular,52,Create,Deployment,true
4.470138157,Regular,51,Create,ConfigMap,true
4.522130444,Regular,2,Update,Deployment,true
4.525095136,Regular,2,Delete,ConfigMap,true
4.527821468,Regular,1,Delete,Deployment,true
4.529233627,Regular,53,Create,Deployment,true
4.582389602,Regular,53,Create,ConfigMap,true
4.636079256,Regular,1,Update,Deployment,true
4.637676945,Regular,1,Delete,ConfigMap,true
4.639013631,Regular,1,Delete,Deployment,true
4.640289953,Regular,52,Create,Deployment,true
4.692452081,Regular,52,Create,ConfigMap,true
4.7448840279999995,Regular,2,Update,Deployment,true
4.746922861,Regular,2,Delete,ConfigMap,true
4.74962687,Regular,1,Delete,Deployment,true
4.751328807,Regular,53,Create,Deployment,true
4.804344948,Regular,52,Create,ConfigMap,true
4.857156022,Regular,1,Update,Deployment,true
4.858638333,Regular,1,Delete,ConfigMap,true
4.860010796,Regular,1,Delete,Deployment,true
4.861479762,Regular,52,Create,Deployment,true
4.9140449109999995,Regular,54,Create,ConfigMap,true
4.968421694,Regular,1,Update,Deployment,true
4.969667679,Regular,1,Delete,ConfigMap,true
4.970763569,Regular,1,Delete,Deployment,true
4.972019292,Regular,56,Create,Deployment,true
5.028190886,Regular,52,Create,ConfigMap,true
5.021333468,Regular,1,Update,Deployment,true
5.023119854,Regular,9,Delete,ConfigMap,true
5.032719203,Regular,4,Delete,Deployment,true
5.037217894,Regular,51,Create,Deployment,true
5.089057662,Regular,52,Create,ConfigMap,true
5.141088462,Regular,1,Update,Deployment,true
5.142642629,Regular,1,Delete,ConfigMap,true
5.144632459,Regular,2,Delete,Deployment,true
5.147097968,Regular,52,Create,Deployment,true
5.199384791,Regular,51,Create,ConfigMap,true
5.250997651,Regular,1,Update,Deployment,true
5.25226225,Regular,1,Delete,ConfigMap,true
5.253411973,Regular,1,Delete,Deployment,true
5.254534604,Regular,52,Create,Deployment,true
5.307108219,Regular,52,Create,ConfigMap,true
5.359738131,Regular,1,Update,Deployment,true
5.360924974,Regular,1,Delete,ConfigMap,true
5.362335499,Regular,1,Delete,Deployment,true
5.364110283,Regular,52,Create,Deployment,true
5.416241041,Regular,52,Create,ConfigMap,true
5.468720819,Regular,1,Update,Deployment,true
5.469999696,Regular,1,Delete,ConfigMap,true
5.4713354,Regular,1,Delete,Deployment,true
5.472556136,Regular,52,Create,Deployment,true
5.525369815,Regular,52,Create,ConfigMap,true
5.5779961,Regular,1,Update,Deployment,true
5.579571868,Regular,1,Delete,ConfigMap,true
5.581173684,Regular,3,Delete,Deployment,true
5.584276508,Regular,53,Create,Deployment,true
5.637497436,Regular,52,Create,ConfigMap,true
5.689693187,Regular,1,Update,Deployment,true
5.69101739,Regular,1,Delete,ConfigMap,true
5.692226014,Regular,1,Delete,Deployment,true
5.693727,Regular,53,Create,Deployment,true
5.746806541,Regular,53,Create,ConfigMap,true
5.799880832,Regular,1,Update,Deployment,true
5.801661427,Regular,4,Delete,ConfigMap,true
5.806539945,Regular,1,Delete,Deployment,true
5.808354424,Regular,52,Create,Deployment,true
5.860636589,Regular,52,Create,ConfigMap,true
5.913053257,Regular,1,Update,Deployment,true
5.914211917,Regular,1,Delete,ConfigMap,true
5.91593879,Regular,1,Delete,Deployment,true
5.917264134,Regular,53,Create,Deployment,true
5.970701171,Regular,53,Create,ConfigMap,true
5.031556125,Regular,56,Create,ConfigMap,true
5.088120582,Regular,1,Update,Deployment,true
5.0899620819999996,Regular,2,Delete,ConfigMap,true
5.092322191,Regular,1,Delete,Deployment,true
5.093763425,Regular,53,Create,Deployment,true
5.147110522,Regular,51,Create,ConfigMap,true
5.199016896,Regular,1,Update,Deployment,true
5.200376024,Regular,1,Delete,ConfigMap,true
5.201684837,Regular,2,Delete,Deployment,true
5.20445922,Regular,51,Create,Deployment,true
5.256189191,Regular,52,Create,ConfigMap,true
5.308356879,Regular,1,Update,Deployment,true
5.309565693,Regular,1,Delete,ConfigMap,true
5.310721357,Regular,1,Delete,Deployment,true
5.311794104,Regular,52,Create,Deployment,true
5.36383907,Regular,52,Create,ConfigMap,true
5.415980308,Regular,1,Update,Deployment,true
5.417345068,Regular,1,Delete,ConfigMap,true
5.418464212,Regular,1,Delete,Deployment,true
5.419577045,Regular,51,Create,Deployment,true
5.471535377,Regular,52,Create,ConfigMap,true
5.524352443,Regular,4,Update,Deployment,true
5.529269124,Regular,1,Delete,ConfigMap,true
5.531090094,Regular,1,Delete,Deployment,true
5.532522231,Regular,52,Create,Deployment,true
5.585417273,Regular,52,Create,ConfigMap,true
5.637839843,Regular,1,Update,Deployment,true
5.639336572,Regular,1,Delete,ConfigMap,true
5.640699597,Regular,1,Delete,Deployment,true
5.642173552,Regular,52,Create,Deployment,true
5.694528073,Regular,52,Create,ConfigMap,true
5.746696162,Regular,1,Update,Deployment,true
5.748689028,Regular,2,Delete,ConfigMap,true
5.751487116,Regular,1,Delete,Deployment,true
5.752763628,Regular,55,Create,Deployment,true
5.807871562,Regular,52,Create,ConfigMap,true
5.86064268,Regular,1,Update,Deployment,true
5.862047715,Regular,2,Delete,ConfigMap,true
5.864137815,Regular,2,Delete,Deployment,true
5.866427191,Regular,52,Create,Deployment,true
5.918785529,Regular,52,Create,ConfigMap,true
5.971650214,Regular,2,Update,Deployment,true
5.973814715,Regular,1,Delete,ConfigMap,true
5.975668377,Regular,2,Delete,Deployment,true
5.978165787,Regular,52,Create,Deployment,true
5.080756456,Regular,1,Update,Deployment,true
5.082277811,Regular,2,Delete,ConfigMap,true
5.084438764,Regular,2,Delete,Deployment,true
5.087130842,Regular,53,Create,Deployment,true
5.140637369,Regular,53,Create,ConfigMap,true
5.194345398,Regular,1,Update,Deployment,true
5.195694818,Regular,1,Delete,ConfigMap,true
5.197037836,Regular,1,Delete,Deployment,true
5.198723371,Regular,51,Create,Deployment,true
5.250675542,Regular,53,Create,ConfigMap,true
5.304147846,Regular,2,Update,Deployment,true
5.306881611,Regular,1,Delete,ConfigMap,true
5.308621479,Regular,1,Delete,Deployment,true
5.309787563,Regular,51,Create,Deployment,true
5.361533794,Regular,52,Create,ConfigMap,true
5.413609338,Regular,1,Update,Deployment,true
5.414941816,Regular,1,Delete,ConfigMap,true
5.416456548,Regular,1,Delete,Deployment,true
5.41778031,Regular,52,Create,Deployment,true
5.470249718,Regular,52,Create,ConfigMap,true
5.522383051,Regular,3,Update,Deployment,true
5.526214802,Regular,3,Delete,ConfigMap,true
5.5297532579999995,Regular,1,Delete,Deployment,true
5.531726497,Regular,53,Create,Deployment,true
5.585477056,Regular,52,Create,ConfigMap,true
5.637844071,Regular,1,Update,Deployment,true
5.639130282,Regular,1,Delete,ConfigMap,true
5.640395011,Regular,1,Delete,Deployment,true
5.641515859,Regular,52,Create,Deployment,true
5.694012629,Regular,52,Create,ConfigMap,true
5.74662096,Regular,2,Update,Deployment,true
5.749203941,Regular,2,Delete,ConfigMap,true
5.751508967,Regular,1,Delete,Deployment,true
5.752747978,Regular,55,Create,Deployment,true
5.807968385,Regular,52,Create,ConfigMap,true
5.860661786,Regular,1,Update,Deployment,true
5.86222505,Regular,1,Delete,ConfigMap,true
5.864148435,Regular,2,Delete,Deployment,true
5.86665452,Regular,52,Create,Deployment,true
5.9190200520000005,Regular,52,Create,ConfigMap,true
5.971455947,Regular,2,Update,Deployment,true
5.974039139,Regular,1,Delete,ConfigMap,true
5.975662406,Regular,2,Delete,Deployment,true
5.978651164,Regular,52,Create,Deployment,true
5.047123883,Regular,2,Update,Deployment,true
5.049219473,Regular,1,Delete,ConfigMap,true
5.050601845,Regular,1,Delete,Deployment,true
5.051832881,Regular,52,Create,Deployment,true
5.104424971,Regular,51,Create,ConfigMap,true
5.156405956,Regular,1,Update,Deployment,true
5.157784962,Regular,1,Delete,ConfigMap,true
5.159232588,Regular,1,Delete,Deployment,true
5.16047217,Regular,52,Create,Deployment,true
5.212692618,Regular,53,Create,ConfigMap,true
5.266161675,Regular,1,Update,Deployment,true
5.267220326,Regular,1,Delete,ConfigMap,true
5.268282353,Regular,1,Delete,Deployment,true
5.269399594,Regular,52,Create,Deployment,true
5.322001502,Regular,52,Create,ConfigMap,true
5.374219295,Regular,1,Update,Deployment,true
5.375269119,Regular,1,Delete,ConfigMap,true
5.376340213,Regular,1,Delete,Deployment,true
5.377408171,Regular,52,Create,Deployment,true
5.429693602,Regular,52,Create,ConfigMap,true
5.482352408,Regular,2,Update,Deployment,true
5.4849254,Regular,2,Delete,ConfigMap,true
5.487436134,Regular,1,Delete,Deployment,true
5.488926951,Regular,51,Create,Deployment,true
5.540623309,Regular,51,Create,ConfigMap,true
5.592186555,Regular,0,Update,Deployment,true
5.593181064,Regular,1,Delete,ConfigMap,true
5.594316329,Regular,1,Delete,Deployment,true
5.595380841,Regular,55,Create,Deployment,true
5.6505107070000005,Regular,52,Create,ConfigMap,true
5.703449221,Regular,2,Update,Deployment,true
5.706333572,Regular,1,Delete,ConfigMap,true
5.707836792,Regular,1,Delete,Deployment,true
5.708900212,Regular,51,Create,Deployment,true
5.760442558,Regular,52,Create,ConfigMap,true
5.813011124,Regular,1,Update,Deployment,true
5.814440024,Regular,1,Delete,ConfigMap,true
5.815773333,Regular,1,Delete,Deployment,true
5.816889042,Regular,51,Create,Deployment,true
5.8684747900000005,Regular,52,Create,ConfigMap,true
5.920487355,Regular,1,Update,Deployment,true
5.921594978,Regular,1,Delete,ConfigMap,true
5.922997659,Regular,3,Delete,Deployment,true
5.926313705,Regular,52,Create,Deployment,true
5.979011495,Regular,52,Create,ConfigMap,true
5.081079426,Regular,1,Update,Deployment,true
5.082479342,Regular,4,Delete,ConfigMap,true
5.086646116,Regular,1,Delete,Deployment,true
5.088370865,Regular,52,Create,Deployment,true
5.141017307,Regular,53,Create,ConfigMap,true
5.1940515529999995,Regular,1,Update,Deployment,true
5.195460956,Regular,1,Delete,ConfigMap,true
5.196790358,Regular,1,Delete,Deployment,true
5.198361147,Regular,52,Create,Deployment,true
5.250945913,Regular,52,Create,ConfigMap,true
5.303866694,Regular,2,Update,Deployment,true
5.306545416,Regular,1,Delete,ConfigMap,true
5.308287227,Regular,1,Delete,Deployment,true
5.309795227,Regular,51,Create,Deployment,true
5.36152119,Regular,52,Create,ConfigMap,true
5.413601784,Regular,1,Update,Deployment,true
5.414946765,Regular,1,Delete,ConfigMap,true
5.416345949,Regular,1,Delete,Deployment,true
5.417638231,Regular,52,Create,Deployment,true
5.470262743,Regular,52,Create,ConfigMap,true
5.5223878509999995,Regular,4,Update,Deployment,true
5.527049269,Regular,3,Delete,ConfigMap,true
5.530423174,Regular,1,Delete,Deployment,true
5.531757636,Regular,53,Create,Deployment,true
5.585451448,Regular,52,Create,ConfigMap,true
5.637837829,Regular,1,Update,Deployment,true
5.639351029,Regular,1,Delete,ConfigMap,true
5.640594899,Regular,1,Delete,Deployment,true
5.642187669,Regular,52,Create,Deployment,true
5.694564613,Regular,52,Create,ConfigMap,true
5.746642801,Regular,2,Update,Deployment,true
5.749569772,Regular,1,Delete,ConfigMap,true
5.751279032,Regular,1,Delete,Deployment,true
5.752512994,Regular,54,Create,Deployment,true
5.806834522,Regular,53,Create,ConfigMap,true
5.86027235,Regular,1,Update,Deployment,true
5.862073995,Regular,2,Delete,ConfigMap,true
5.864136653,Regular,2,Delete,Deployment,true
5.866624934,Regular,52,Create,Deployment,true
5.919026885,Regular,52,Create,ConfigMap,true
5.971485413,Regular,2,Update,Deployment,true
5.973826287,Regular,1,Delete,ConfigMap,true
5.975615457,Regular,3,Delete,Deployment,true
5.979037444,Regular,52,Create,Deployment,true
5.035577203,Regular,52,Create,ConfigMap,true
5.088154466,Regular,1,Update,Deployment,true
5.089970778,Regular,2,Delete,ConfigMap,true
5.09255986,Regular,1,Delete,Deployment,true
5.094033886,Regular,53,Create,Deployment,true
5.147097377,Regular,51,Create,ConfigMap,true
5.199097117,Regular,1,Update,Deployment,true
5.200608063,Regular,2,Delete,ConfigMap,true
5.2031479019999995,Regular,4,Delete,Deployment,true
5.207853764,Regular,52,Create,Deployment,true
5.260780046,Regular,51,Create,ConfigMap,true
5.312365364,Regular,1,Update,Deployment,true
5.313511319,Regular,1,Delete,ConfigMap,true
5.315460472,Regular,1,Delete,Deployment,true
5.316580028,Regular,52,Create,Deployment,true
5.368830533,Regular,51,Create,ConfigMap,true
5.420825705,Regular,1,Update,Deployment,true
5.42238472,Regular,3,Delete,ConfigMap,true
5.425877611,Regular,2,Delete,Deployment,true
5.428733097,Regular,52,Create,Deployment,true
5.481121542,Regular,52,Create,ConfigMap,true
5.533177319,Regular,1,Update,Deployment,true
5.534709654,Regular,1,Delete,ConfigMap,true
5.536327992,Regular,1,Delete,Deployment,true
5.538047902,Regular,52,Create,Deployment,true
5.590167259,Regular,51,Create,ConfigMap,true
5.641817409,Regular,2,Update,Deployment,true
5.644149676,Regular,3,Delete,ConfigMap,true
5.648076687,Regular,5,Delete,Deployment,true
5.654051217,Regular,52,Create,Deployment,true
5.706256185,Regular,52,Create,ConfigMap,true
5.758387004,Regular,1,Update,Deployment,true
5.759583425,Regular,1,Delete,ConfigMap,true
5.7609433039999995,Regular,1,Delete,Deployment,true
5.762466583,Regular,52,Create,Deployment,true
5.814764707,Regular,52,Create,ConfigMap,true
5.866909021,Regular,1,Update,Deployment,true
5.86823142,Regular,1,Delete,ConfigMap,true
5.869570471,Regular,1,Delete,Deployment,true
5.871243802,Regular,51,Create,Deployment,true
5.923210731,Regular,52,Create,ConfigMap,true
5.975584308,Regular,1,Update,Deployment,true
5.977017397,Regular,1,Delete,ConfigMap,true
5.978736184,Regular,3,Delete,Deployment,true
5.9825001669999995,Regular,53,Create,Deployment,true
5.031834762,Regular,56,Create,ConfigMap,true
5.088129328,Regular,1,Update,Deployment,true
5.089914932,Regular,2,Delete,ConfigMap,true
5.09255986,Regular,1,Delete,Deployment,true
5.094010972,Regular,55,Create,Deployment,true
5.149374159,Regular,54,Create,ConfigMap,true
5.203528501,Regular,3,Update,Deployment,true
5.207325436,Regular,1,Delete,ConfigMap,true
5.209039755,Regular,1,Delete,Deployment,true
5.210115729,Regular,52,Create,Deployment,true
5.262273187,Regular,52,Create,ConfigMap,true
5.31466573,Regular,1,Update,Deployment,true
5.315781679,Regular,1,Delete,ConfigMap,true
5.316928166,Regular,1,Delete,Deployment,true
5.31820071,Regular,52,Create,Deployment,true
5.370254503,Regular,52,Create,ConfigMap,true
5.422457418,Regular,2,Update,Deployment,true
5.42450116,Regular,1,Delete,ConfigMap,true
5.426066528,Regular,2,Delete,Deployment,true
5.429006333,Regular,52,Create,Deployment,true
5.481523973,Regular,51,Create,ConfigMap,true
5.533474691,Regular,1,Update,Deployment,true
5.534742967,Regular,1,Delete,ConfigMap,true
5.536371094,Regular,1,Delete,Deployment,true
5.537761972,Regular,52,Create,Deployment,true
5.589907909,Regular,52,Create,ConfigMap,true
5.642199431,Regular,1,Update,Deployment,true
5.644169554,Regular,6,Delete,ConfigMap,true
5.650629621,Regular,3,Delete,Deployment,true
5.654052149,Regular,52,Create,Deployment,true
5.706573655,Regular,52,Create,ConfigMap,true
5.758618772,Regular,1,Update,Deployment,true
5.7596563419999995,Regular,1,Delete,ConfigMap,true
5.760876097,Regular,1,Delete,Deployment,true
5.762478325,Regular,52,Create,Deployment,true
5.814969755,Regular,52,Create,ConfigMap,true
5.867084363,Regular,1,Update,Deployment,true
5.86849062,Regular,2,Delete,ConfigMap,true
5.870587192,Regular,1,Delete,Deployment,true
5.87227976,Regular,53,Create,Deployment,true
5.92548573,Regular,53,Create,ConfigMap,true
5.978679187,Regular,3,Update,Deployment,true
5.981870197,Regular,7,Delete,ConfigMap,true
5.988892767,Regular,2,Delete,Deployment,true
5.990972376,Regular,53,Create,Deployment,true
5.032120682,Regular,54,Create,ConfigMap,true
5.086644142,Regular,1,Update,Deployment,true
5.088351728,Regular,1,Delete,ConfigMap,true
5.090228515,Regular,2,Delete,Deployment,true
5.092602821,Regular,52,Create,Deployment,true
5.145118948,Regular,52,Create,ConfigMap,true
5.19747942,Regular,1,Update,Deployment,true
5.199034549,Regular,1,Delete,ConfigMap,true
5.200624754,Regular,1,Delete,Deployment,true
5.202172008,Regular,52,Create,Deployment,true
5.255118478,Regular,52,Create,ConfigMap,true
5.307174104,Regular,1,Update,Deployment,true
5.308843679,Regular,1,Delete,ConfigMap,true
5.309993602,Regular,1,Delete,Deployment,true
5.311092989,Regular,51,Create,Deployment,true
5.363058225,Regular,51,Create,ConfigMap,true
5.414731418,Regular,1,Update,Deployment,true
5.416246471,Regular,1,Delete,ConfigMap,true
5.417586724,Regular,1,Delete,Deployment,true
5.418713463,Regular,51,Create,Deployment,true
5.470312858,Regular,52,Create,ConfigMap,true
5.522400094,Regular,4,Update,Deployment,true
5.526511863,Regular,2,Delete,ConfigMap,true
5.529459994,Regular,2,Delete,Deployment,true
5.531473789,Regular,53,Create,Deployment,true
5.585091027,Regular,52,Create,ConfigMap,true
5.637840975,Regular,1,Update,Deployment,true
5.639366097,Regular,1,Delete,ConfigMap,true
5.640683456,Regular,1,Delete,Deployment,true
5.642263532,Regular,52,Create,Deployment,true
5.694321433,Regular,52,Create,ConfigMap,true
5.746670063,Regular,3,Update,Deployment,true
5.7501771999999995,Regular,1,Delete,ConfigMap,true
5.75150542,Regular,1,Delete,Deployment,true
5.752763958,Regular,55,Create,Deployment,true
5.808149908,Regular,52,Create,ConfigMap,true
5.860638252,Regular,1,Update,Deployment,true
5.862073985,Regular,2,Delete,ConfigMap,true
5.864139127,Regular,2,Delete,Deployment,true
5.86662779,Regular,52,Create,Deployment,true
5.919054117,Regular,52,Create,ConfigMap,true
5.971394802,Regular,2,Update,Deployment,true
5.973817139,Regular,1,Delete,ConfigMap,true
5.975258553,Regular,2,Delete,Deployment,true
5.97760125,Regular,52,Create,Deployment,true
6.030319709,Regular,53,Create,ConfigMap,true
5.035058473,Regular,53,Create,ConfigMap,true
5.088120582,Regular,1,Update,Deployment,true
5.089671282,Regular,2,Delete,ConfigMap,true
5.092576301,Regular,1,Delete,Deployment,true
5.093989261,Regular,55,Create,Deployment,true
5.149467355,Regular,53,Create,ConfigMap,true
5.203143183,Regular,3,Update,Deployment,true
5.206694123,Regular,2,Delete,ConfigMap,true
5.209295849,Regular,1,Delete,Deployment,true
5.210420985,Regular,51,Create,Deployment,true
5.262187876,Regular,52,Create,ConfigMap,true
5.314440114,Regular,1,Update,Deployment,true
5.315657434,Regular,1,Delete,ConfigMap,true
5.316853415,Regular,1,Delete,Deployment,true
5.317997887,Regular,52,Create,Deployment,true
5.370521067,Regular,51,Create,ConfigMap,true
5.422482375,Regular,2,Update,Deployment,true
5.425425687,Regular,1,Delete,ConfigMap,true
5.426967791,Regular,2,Delete,Deployment,true
5.429335675,Regular,52,Create,Deployment,true
5.482210129,Regular,52,Create,ConfigMap,true
5.534758907,Regular,1,Update,Deployment,true
5.536024018,Regular,1,Delete,ConfigMap,true
5.537352087,Regular,1,Delete,Deployment,true
5.53859699,Regular,51,Create,Deployment,true
5.590172058,Regular,51,Create,ConfigMap,true
5.642064977,Regular,2,Update,Deployment,true
5.644235929,Regular,3,Delete,ConfigMap,true
5.64759133,Regular,6,Delete,Deployment,true
5.653991334,Regular,52,Create,Deployment,true
5.706245956,Regular,51,Create,ConfigMap,true
5.758168581,Regular,1,Update,Deployment,true
5.759367547,Regular,1,Delete,ConfigMap,true
5.760668575,Regular,1,Delete,Deployment,true
5.762062569,Regular,52,Create,Deployment,true
5.814684526,Regular,52,Create,ConfigMap,true
5.867227693,Regular,1,Update,Deployment,true
5.868489568,Regular,2,Delete,ConfigMap,true
5.870599765,Regular,1,Delete,Deployment,true
5.872502742,Regular,54,Create,Deployment,true
5.926562575,Regular,53,Create,ConfigMap,true
5.979954216,Regular,2,Update,Deployment,true
5.982294539,Regular,3,Delete,ConfigMap,true
5.98534331,Regular,5,Delete,Deployment,true
5.991033221,Regular,53,Create,Deployment,true
6.044066054,Regular,52,Create,ConfigMap,true
5.034076338,Regular,54,Create,ConfigMap,true
5.088201595,Regular,1,Update,Deployment,true
5.089916616,Regular,2,Delete,ConfigMap,true
5.092548068,Regular,1,Delete,Deployment,true
5.094034397,Regular,53,Create,Deployment,true
5.147110471,Regular,52,Create,ConfigMap,true
5.199267119,Regular,1,Update,Deployment,true
5.200591712,Regular,1,Delete,ConfigMap,true
5.202394178,Regular,5,Delete,Deployment,true
5.207564247,Regular,53,Create,Deployment,true
5.261019258,Regular,51,Create,ConfigMap,true
5.312650643,Regular,1,Update,Deployment,true
5.313840591,Regular,1,Delete,ConfigMap,true
5.315674647,Regular,1,Delete,Deployment,true
5.316877099,Regular,52,Create,Deployment,true
5.369086717,Regular,51,Create,ConfigMap,true
5.421050339,Regular,1,Update,Deployment,true
5.422450204,Regular,3,Delete,ConfigMap,true
5.425719903,Regular,3,Delete,Deployment,true
5.429243962,Regular,53,Create,Deployment,true
5.4824616840000004,Regular,52,Create,ConfigMap,true
5.534920152,Regular,1,Update,Deployment,true
5.536809031,Regular,1,Delete,ConfigMap,true
5.538112985,Regular,1,Delete,Deployment,true
5.539317942,Regular,51,Create,Deployment,true
5.59110438,Regular,53,Create,ConfigMap,true
5.644175285,Regular,6,Update,Deployment,true
5.650739218,Regular,2,Delete,ConfigMap,true
5.653665578,Regular,1,Delete,Deployment,true
5.655001513,Regular,52,Create,Deployment,true
5.707344803,Regular,51,Create,ConfigMap,true
5.758977099,Regular,1,Update,Deployment,true
5.760125709,Regular,1,Delete,ConfigMap,true
5.761360212,Regular,1,Delete,Deployment,true
5.762693141,Regular,52,Create,Deployment,true
5.814931432,Regular,52,Create,ConfigMap,true
5.867163823,Regular,1,Update,Deployment,true
5.868589607,Regular,2,Delete,ConfigMap,true
5.87062856,Regular,1,Delete,Deployment,true
5.872499646,Regular,52,Create,Deployment,true
5.924595097,Regular,53,Create,ConfigMap,true
5.977613854,Regular,2,Update,Deployment,true
5.979685087,Regular,2,Delete,ConfigMap,true
5.982247319,Regular,8,Delete,Deployment,true
5.99067809,Regular,53,Create,Deployment,true
6.044653274,Regular,52,Create,ConfigMap,true
6.031735654,Regular,2,Update,Deployment,true
6.034683164,Regular,1,Delete,ConfigMap,true
6.036137502,Regular,1,Delete,Deployment,true
6.037479678,Regular,51,Create,Deployment,true
6.089369411,Regular,52,Create,ConfigMap,true
6.142302887,Regular,2,Update,Deployment,true
6.144808501,Regular,2,Delete,ConfigMap,true
6.147156729,Regular,2,Delete,Deployment,true
6.14942232,Regular,51,Create,Deployment,true
6.201217454,Regular,52,Create,ConfigMap,true
6.253806528,Regular,2,Update,Deployment,true
6.255836063,Regular,1,Delete,ConfigMap,true
6.257490519,Regular,1,Delete,Deployment,true
6.259013628,Regular,52,Create,Deployment,true
6.311837376,Regular,52,Create,ConfigMap,true
6.364623973,Regular,2,Update,Deployment,true
6.366965608,Regular,1,Delete,ConfigMap,true
6.3682949,Regular,1,Delete,Deployment,true
6.370203857,Regular,52,Create,Deployment,true
6.42237903,Regular,54,Create,ConfigMap,true
6.4765804209999995,Regular,1,Update,Deployment,true
6.478205271,Regular,1,Delete,ConfigMap,true
6.480012917,Regular,1,Delete,Deployment,true
6.4813224609999995,Regular,52,Create,Deployment,true
6.534216713,Regular,52,Create,ConfigMap,true
6.586902049,Regular,1,Update,Deployment,true
6.588155217,Regular,1,Delete,ConfigMap,true
6.589392415,Regular,1,Delete,Deployment,true
6.590518463,Regular,53,Create,Deployment,true
6.643732809,Regular,52,Create,ConfigMap,true
6.696094002,Regular,1,Update,Deployment,true
6.697665672,Regular,2,Delete,ConfigMap,true
6.700170435,Regular,1,Delete,Deployment,true
6.7012948,Regular,52,Create,Deployment,true
6.753425979,Regular,54,Create,ConfigMap,true
6.807936023,Regular,1,Update,Deployment,true
6.809753458,Regular,1,Delete,ConfigMap,true
6.810988271,Regular,1,Delete,Deployment,true
6.812095664,Regular,52,Create,Deployment,true
6.864435908,Regular,52,Create,ConfigMap,true
6.917141362,Regular,1,Update,Deployment,true
6.918266919,Regular,2,Delete,ConfigMap,true
6.92031034,Regular,1,Delete,Deployment,true
6.921741765,Regular,52,Create,Deployment,true
6.973862585,Regular,52,Create,ConfigMap,true
6.024563912,Regular,2,Update,Deployment,true
6.027247664,Regular,2,Delete,ConfigMap,true
6.02950564,Regular,1,Delete,Deployment,true
6.03135753,Regular,54,Create,Deployment,true
6.085372949,Regular,52,Create,ConfigMap,true
6.137919884,Regular,1,Update,Deployment,true
6.139138557,Regular,1,Delete,ConfigMap,true
6.140429647,Regular,1,Delete,Deployment,true
6.142063224,Regular,54,Create,Deployment,true
6.196387948,Regular,55,Create,ConfigMap,true
6.251842006,Regular,2,Update,Deployment,true
6.254048776,Regular,1,Delete,ConfigMap,true
6.255574369,Regular,1,Delete,Deployment,true
6.25710959,Regular,53,Create,Deployment,true
6.31086043,Regular,53,Create,ConfigMap,true
6.364349234,Regular,2,Update,Deployment,true
6.367285262,Regular,1,Delete,ConfigMap,true
6.368538741,Regular,1,Delete,Deployment,true
6.370507491,Regular,51,Create,Deployment,true
6.422420468,Regular,53,Create,ConfigMap,true
6.476276346,Regular,1,Update,Deployment,true
6.477949177,Regular,2,Delete,ConfigMap,true
6.480244975,Regular,1,Delete,Deployment,true
6.481653918,Regular,52,Create,Deployment,true
6.533978242,Regular,52,Create,ConfigMap,true
6.586735915,Regular,1,Update,Deployment,true
6.587925974,Regular,1,Delete,ConfigMap,true
6.589167139,Regular,1,Delete,Deployment,true
6.590279331,Regular,53,Create,Deployment,true
6.64340566,Regular,53,Create,ConfigMap,true
6.696421892,Regular,1,Update,Deployment,true
6.697920464,Regular,2,Delete,ConfigMap,true
6.700398817,Regular,1,Delete,Deployment,true
6.701523512,Regular,51,Create,Deployment,true
6.753178031,Regular,54,Create,ConfigMap,true
6.807953537,Regular,1,Update,Deployment,true
6.809753879,Regular,1,Delete,ConfigMap,true
6.81119402,Regular,1,Delete,Deployment,true
6.812365694,Regular,52,Create,Deployment,true
6.864422883,Regular,52,Create,ConfigMap,true
6.916923921,Regular,1,Update,Deployment,true
6.918045451,Regular,2,Delete,ConfigMap,true
6.920331601,Regular,1,Delete,Deployment,true
6.9214941880000005,Regular,52,Create,Deployment,true
6.973626318,Regular,53,Create,ConfigMap,true
7.026802382,Regular,3,Update,Deployment,true
6.030709966,Regular,52,Create,ConfigMap,true
6.083433455,Regular,3,Update,Deployment,true
6.086846925,Regular,1,Delete,ConfigMap,true
6.088822428,Regular,1,Delete,Deployment,true
6.090605367,Regular,52,Create,Deployment,true
6.143190444,Regular,53,Create,ConfigMap,true
6.196333806,Regular,2,Update,Deployment,true
6.198512362,Regular,2,Delete,ConfigMap,true
6.200642598,Regular,1,Delete,Deployment,true
6.202263601,Regular,51,Create,Deployment,true
6.254248894,Regular,56,Create,ConfigMap,true
6.310504266,Regular,2,Update,Deployment,true
6.312689937,Regular,1,Delete,ConfigMap,true
6.314288678,Regular,3,Delete,Deployment,true
6.317933515,Regular,52,Create,Deployment,true
6.370509976,Regular,51,Create,ConfigMap,true
6.422380763,Regular,4,Update,Deployment,true
6.426727346,Regular,2,Delete,ConfigMap,true
6.429097315,Regular,1,Delete,Deployment,true
6.430347036,Regular,53,Create,Deployment,true
6.484069492,Regular,53,Create,ConfigMap,true
6.53711545,Regular,1,Update,Deployment,true
6.538413603,Regular,1,Delete,ConfigMap,true
6.539869264,Regular,1,Delete,Deployment,true
6.54121128,Regular,52,Create,Deployment,true
6.593298045,Regular,52,Create,ConfigMap,true
6.645558128,Regular,5,Update,Deployment,true
6.650783141,Regular,1,Delete,ConfigMap,true
6.652680106,Regular,1,Delete,Deployment,true
6.654131909,Regular,52,Create,Deployment,true
6.706933655,Regular,52,Create,ConfigMap,true
6.759150186,Regular,1,Update,Deployment,true
6.7605444,Regular,1,Delete,ConfigMap,true
6.762331227,Regular,3,Delete,Deployment,true
6.765681538,Regular,51,Create,Deployment,true
6.817431206,Regular,51,Create,ConfigMap,true
6.869026182,Regular,1,Update,Deployment,true
6.87036928,Regular,1,Delete,ConfigMap,true
6.871737435,Regular,1,Delete,Deployment,true
6.873103897,Regular,52,Create,Deployment,true
6.925635623,Regular,51,Create,ConfigMap,true
6.977521098,Regular,1,Update,Deployment,true
6.978795757,Regular,1,Delete,ConfigMap,true
6.9801081069999995,Regular,1,Delete,Deployment,true
6.981523511,Regular,52,Create,Deployment,true
6.03173344,Regular,53,Create,ConfigMap,true
6.085442982,Regular,2,Update,Deployment,true
6.088020653,Regular,1,Delete,ConfigMap,true
6.089505508,Regular,1,Delete,Deployment,true
6.090915884,Regular,52,Create,Deployment,true
6.143519866,Regular,52,Create,ConfigMap,true
6.195880038,Regular,2,Update,Deployment,true
6.198056591,Regular,2,Delete,ConfigMap,true
6.200294189,Regular,1,Delete,Deployment,true
6.201984413,Regular,53,Create,Deployment,true
6.255818861,Regular,54,Create,ConfigMap,true
6.310284481,Regular,2,Update,Deployment,true
6.312635504,Regular,1,Delete,ConfigMap,true
6.314274811,Regular,3,Delete,Deployment,true
6.317927033,Regular,52,Create,Deployment,true
6.370497432,Regular,51,Create,ConfigMap,true
6.422409357,Regular,4,Update,Deployment,true
6.427026672,Regular,1,Delete,ConfigMap,true
6.429019708,Regular,1,Delete,Deployment,true
6.430400588,Regular,53,Create,Deployment,true
6.484353719,Regular,52,Create,ConfigMap,true
6.536836192,Regular,1,Update,Deployment,true
6.538108276,Regular,1,Delete,ConfigMap,true
6.539656662,Regular,1,Delete,Deployment,true
6.540856048,Regular,52,Create,Deployment,true
6.5933182729999995,Regular,52,Create,ConfigMap,true
6.645524664,Regular,5,Update,Deployment,true
6.6505887040000005,Regular,2,Delete,ConfigMap,true
6.652692018,Regular,2,Delete,Deployment,true
6.6547900129999995,Regular,52,Create,Deployment,true
6.707279619,Regular,51,Create,ConfigMap,true
6.759180693,Regular,1,Update,Deployment,true
6.760541826,Regular,1,Delete,ConfigMap,true
6.762152158,Regular,2,Delete,Deployment,true
6.76430139,Regular,53,Create,Deployment,true
6.817317661,Regular,51,Create,ConfigMap,true
6.868991276,Regular,1,Update,Deployment,true
6.87039049,Regular,1,Delete,ConfigMap,true
6.8717347,Regular,1,Delete,Deployment,true
6.873079952,Regular,52,Create,Deployment,true
6.9257596580000005,Regular,51,Create,ConfigMap,true
6.977761302,Regular,1,Update,Deployment,true
6.979053775,Regular,1,Delete,ConfigMap,true
6.9803359270000005,Regular,1,Delete,Deployment,true
6.981711947,Regular,52,Create,Deployment,true
6.096619271,Regular,1,Update,Deployment,true
6.098208564,Regular,1,Delete,ConfigMap,true
6.099555419,Regular,1,Delete,Deployment,true
6.100691847,Regular,52,Create,Deployment,true
6.153392883,Regular,54,Create,ConfigMap,true
6.208032853,Regular,2,Update,Deployment,true
6.210184919,Regular,1,Delete,ConfigMap,true
6.211904949,Regular,3,Delete,Deployment,true
6.215355149,Regular,53,Create,Deployment,true
6.268886384,Regular,51,Create,ConfigMap,true
6.320848213,Regular,2,Update,Deployment,true
6.32302722,Regular,4,Delete,ConfigMap,true
6.327470216,Regular,2,Delete,Deployment,true
6.329820958,Regular,52,Create,Deployment,true
6.382359487,Regular,52,Create,ConfigMap,true
6.434521475,Regular,1,Update,Deployment,true
6.435544237,Regular,1,Delete,ConfigMap,true
6.436735047,Regular,1,Delete,Deployment,true
6.437817803,Regular,52,Create,Deployment,true
6.490788098,Regular,51,Create,ConfigMap,true
6.5427715079999995,Regular,1,Update,Deployment,true
6.544414983,Regular,1,Delete,ConfigMap,true
6.545942119,Regular,3,Delete,Deployment,true
6.549051465,Regular,52,Create,Deployment,true
6.601216518,Regular,51,Create,ConfigMap,true
6.653111801,Regular,1,Update,Deployment,true
6.6547543749999996,Regular,1,Delete,ConfigMap,true
6.656272434,Regular,1,Delete,Deployment,true
6.6574828010000004,Regular,51,Create,Deployment,true
6.709321177,Regular,51,Create,ConfigMap,true
6.761117914,Regular,1,Update,Deployment,true
6.762638628,Regular,2,Delete,ConfigMap,true
6.7650428609999995,Regular,1,Delete,Deployment,true
6.766901072,Regular,51,Create,Deployment,true
6.818605214,Regular,51,Create,ConfigMap,true
6.87041171,Regular,1,Update,Deployment,true
6.871710624,Regular,1,Delete,ConfigMap,true
6.872950167,Regular,1,Delete,Deployment,true
6.874496258,Regular,52,Create,Deployment,true
6.926702139,Regular,51,Create,ConfigMap,true
6.978530085,Regular,1,Update,Deployment,true
6.980172498,Regular,1,Delete,ConfigMap,true
6.981489046,Regular,2,Delete,Deployment,true
6.983624351,Regular,52,Create,Deployment,true
6.083457751,Regular,2,Update,Deployment,true
6.085878785,Regular,2,Delete,ConfigMap,true
6.087927557,Regular,1,Delete,Deployment,true
6.089380091,Regular,52,Create,Deployment,true
6.142335538,Regular,54,Create,ConfigMap,true
6.1963627,Regular,2,Update,Deployment,true
6.199030261,Regular,1,Delete,ConfigMap,true
6.200942695,Regular,1,Delete,Deployment,true
6.202240116,Regular,53,Create,Deployment,true
6.255864477,Regular,54,Create,ConfigMap,true
6.310190423,Regular,2,Update,Deployment,true
6.31295107,Regular,1,Delete,ConfigMap,true
6.31432698,Regular,3,Delete,Deployment,true
6.317929728,Regular,52,Create,Deployment,true
6.370464049,Regular,51,Create,ConfigMap,true
6.42237895,Regular,4,Update,Deployment,true
6.426871589,Regular,2,Delete,ConfigMap,true
6.429097315,Regular,1,Delete,Deployment,true
6.430395959,Regular,54,Create,Deployment,true
6.484518851,Regular,52,Create,ConfigMap,true
6.53711005,Regular,1,Update,Deployment,true
6.538551173,Regular,1,Delete,ConfigMap,true
6.539938585,Regular,1,Delete,Deployment,true
6.5412009,Regular,52,Create,Deployment,true
6.593298035,Regular,52,Create,ConfigMap,true
6.6457333290000005,Regular,4,Update,Deployment,true
6.650570319,Regular,2,Delete,ConfigMap,true
6.652700144,Regular,2,Delete,Deployment,true
6.655073288,Regular,52,Create,Deployment,true
6.70728513,Regular,51,Create,ConfigMap,true
6.759178579,Regular,1,Update,Deployment,true
6.760535273,Regular,1,Delete,ConfigMap,true
6.762299076,Regular,4,Delete,Deployment,true
6.76709061,Regular,51,Create,Deployment,true
6.818678964,Regular,51,Create,ConfigMap,true
6.87036911,Regular,1,Update,Deployment,true
6.8717188700000005,Regular,1,Delete,ConfigMap,true
6.873089731,Regular,1,Delete,Deployment,true
6.874514383,Regular,52,Create,Deployment,true
6.926640592,Regular,51,Create,ConfigMap,true
6.97853276,Regular,1,Update,Deployment,true
6.980116983,Regular,1,Delete,ConfigMap,true
6.9814882350000005,Regular,2,Delete,Deployment,true
6.983633609,Regular,53,Create,Deployment,true
6.044549528,Regular,52,Create,ConfigMap,true
6.09703141,Regular,1,Update,Deployment,true
6.098461693,Regular,1,Delete,ConfigMap,true
6.099779212,Regular,1,Delete,Deployment,true
6.100983748,Regular,52,Create,Deployment,true
6.153407971,Regular,54,Create,ConfigMap,true
6.207603862,Regular,3,Update,Deployment,true
6.210788329,Regular,1,Delete,ConfigMap,true
6.21239195,Regular,3,Delete,Deployment,true
6.21556728,Regular,53,Create,Deployment,true
6.268620471,Regular,52,Create,ConfigMap,true
6.320929927,Regular,1,Update,Deployment,true
6.322775164,Regular,3,Delete,ConfigMap,true
6.325805571,Regular,1,Delete,Deployment,true
6.3275938400000005,Regular,52,Create,Deployment,true
6.380594672,Regular,51,Create,ConfigMap,true
6.432263638,Regular,1,Update,Deployment,true
6.433706014,Regular,1,Delete,ConfigMap,true
6.434940967,Regular,1,Delete,Deployment,true
6.436132869,Regular,54,Create,Deployment,true
6.490787066,Regular,52,Create,ConfigMap,true
6.542867169,Regular,1,Update,Deployment,true
6.544380007,Regular,1,Delete,ConfigMap,true
6.546227779,Regular,3,Delete,Deployment,true
6.549418919,Regular,52,Create,Deployment,true
6.601486087,Regular,52,Create,ConfigMap,true
6.653892426,Regular,1,Update,Deployment,true
6.655263928,Regular,1,Delete,ConfigMap,true
6.656392681,Regular,1,Delete,Deployment,true
6.657695703,Regular,51,Create,Deployment,true
6.709297462,Regular,51,Create,ConfigMap,true
6.760870797,Regular,1,Update,Deployment,true
6.762588954,Regular,4,Delete,ConfigMap,true
6.767141436,Regular,1,Delete,Deployment,true
6.7684749459999995,Regular,52,Create,Deployment,true
6.820538187,Regular,51,Create,ConfigMap,true
6.87199926,Regular,1,Update,Deployment,true
6.873340324,Regular,1,Delete,ConfigMap,true
6.874514192,Regular,1,Delete,Deployment,true
6.875696897,Regular,52,Create,Deployment,true
6.927720473,Regular,51,Create,ConfigMap,true
6.979147141,Regular,1,Update,Deployment,true
6.980340385,Regular,1,Delete,ConfigMap,true
6.981688764,Regular,1,Delete,Deployment,true
6.983691288,Regular,53,Create,Deployment,true
6.030613985,Regular,54,Create,ConfigMap,true
6.085049779,Regular,3,Update,Deployment,true
6.088842856,Regular,1,Delete,ConfigMap,true
6.090646675,Regular,1,Delete,Deployment,true
6.09203082,Regular,52,Create,Deployment,true
6.144840993,Regular,53,Create,ConfigMap,true
6.198092809,Regular,2,Update,Deployment,true
6.200250817,Regular,1,Delete,ConfigMap,true
6.202135779,Regular,5,Delete,Deployment,true
6.207603862,Regular,53,Create,Deployment,true
6.261125689,Regular,52,Create,ConfigMap,true
6.313150126,Regular,1,Update,Deployment,true
6.314499787,Regular,3,Delete,ConfigMap,true
6.317914239,Regular,2,Delete,Deployment,true
6.320688261,Regular,52,Create,Deployment,true
6.373424062,Regular,53,Create,ConfigMap,true
6.42676095,Regular,1,Update,Deployment,true
6.4287598169999995,Regular,1,Delete,ConfigMap,true
6.4299106120000005,Regular,1,Delete,Deployment,true
6.431261143,Regular,53,Create,Deployment,true
6.484385219,Regular,52,Create,ConfigMap,true
6.537104038,Regular,1,Update,Deployment,true
6.5385356439999995,Regular,1,Delete,ConfigMap,true
6.5398711370000004,Regular,1,Delete,Deployment,true
6.541113084,Regular,51,Create,Deployment,true
6.593040729,Regular,52,Create,ConfigMap,true
6.645067841,Regular,2,Update,Deployment,true
6.647234516,Regular,3,Delete,ConfigMap,true
6.650570319,Regular,1,Delete,Deployment,true
6.652287855,Regular,52,Create,Deployment,true
6.7044344129999995,Regular,52,Create,ConfigMap,true
6.756767664,Regular,1,Update,Deployment,true
6.75779235,Regular,1,Delete,ConfigMap,true
6.758942664,Regular,1,Delete,Deployment,true
6.760251547,Regular,52,Create,Deployment,true
6.812370964,Regular,52,Create,ConfigMap,true
6.86438412,Regular,3,Update,Deployment,true
6.867581011,Regular,1,Delete,ConfigMap,true
6.869024178,Regular,1,Delete,Deployment,true
6.870412642,Regular,51,Create,Deployment,true
6.922359823,Regular,51,Create,ConfigMap,true
6.973954909,Regular,1,Update,Deployment,true
6.975009602,Regular,1,Delete,ConfigMap,true
6.97603006,Regular,1,Delete,Deployment,true
6.977103369,Regular,53,Create,Deployment,true
7.0303419,Regular,53,Create,ConfigMap,true
6.036412682,Regular,52,Create,ConfigMap,true
6.088956741,Regular,1,Update,Deployment,true
6.090605437,Regular,1,Delete,ConfigMap,true
6.09180847,Regular,1,Delete,Deployment,true
6.093024889,Regular,51,Create,Deployment,true
6.1448397,Regular,52,Create,ConfigMap,true
6.197752376,Regular,2,Update,Deployment,true
6.199968063,Regular,1,Delete,ConfigMap,true
6.201602161,Regular,6,Delete,Deployment,true
6.207818187,Regular,53,Create,Deployment,true
6.260885595,Regular,52,Create,ConfigMap,true
6.312944688,Regular,1,Update,Deployment,true
6.314298316,Regular,3,Delete,ConfigMap,true
6.317949185,Regular,2,Delete,Deployment,true
6.320649528,Regular,52,Create,Deployment,true
6.3736343,Regular,52,Create,ConfigMap,true
6.426536596,Regular,2,Update,Deployment,true
6.428709863,Regular,1,Delete,ConfigMap,true
6.4301581389999996,Regular,1,Delete,Deployment,true
6.431557704,Regular,53,Create,Deployment,true
6.485535192,Regular,51,Create,ConfigMap,true
6.537147561,Regular,1,Update,Deployment,true
6.538551183,Regular,1,Delete,ConfigMap,true
6.539907837,Regular,1,Delete,Deployment,true
6.5411768850000005,Regular,52,Create,Deployment,true
6.59332733,Regular,52,Create,ConfigMap,true
6.645721867,Regular,4,Update,Deployment,true
6.650543398,Regular,2,Delete,ConfigMap,true
6.6526489170000005,Regular,2,Delete,Deployment,true
6.655252947,Regular,52,Create,Deployment,true
6.707274099,Regular,51,Create,ConfigMap,true
6.759200791,Regular,1,Update,Deployment,true
6.760547767,Regular,1,Delete,ConfigMap,true
6.762231779,Regular,2,Delete,Deployment,true
6.764552745,Regular,52,Create,Deployment,true
6.8170870059999995,Regular,51,Create,ConfigMap,true
6.868781139,Regular,1,Update,Deployment,true
6.870108417,Regular,1,Delete,ConfigMap,true
6.8714639779999995,Regular,1,Delete,Deployment,true
6.8727017870000005,Regular,53,Create,Deployment,true
6.925801427,Regular,51,Create,ConfigMap,true
6.9777392,Regular,1,Update,Deployment,true
6.979002438,Regular,1,Delete,ConfigMap,true
6.980325006,Regular,1,Delete,Deployment,true
6.981600697,Regular,52,Create,Deployment,true
7.034421349,Regular,53,Create,ConfigMap,true
6.097274609,Regular,1,Update,Deployment,true
6.098535652,Regular,1,Delete,ConfigMap,true
6.099814318,Regular,1,Delete,Deployment,true
6.101070031,Regular,52,Create,Deployment,true
6.153147759,Regular,54,Create,ConfigMap,true
6.207202934,Regular,2,Update,Deployment,true
6.209356283,Regular,1,Delete,ConfigMap,true
6.211237268,Regular,1,Delete,Deployment,true
6.212756799,Regular,54,Create,Deployment,true
6.267188706,Regular,51,Create,ConfigMap,true
6.319176253,Regular,1,Update,Deployment,true
6.320684584,Regular,2,Delete,ConfigMap,true
6.322841029,Regular,2,Delete,Deployment,true
6.325835397,Regular,52,Create,Deployment,true
6.378237628,Regular,51,Create,ConfigMap,true
6.430127982,Regular,1,Update,Deployment,true
6.431532496,Regular,1,Delete,ConfigMap,true
6.433039063,Regular,1,Delete,Deployment,true
6.43428645,Regular,56,Create,Deployment,true
6.490781255,Regular,51,Create,ConfigMap,true
6.542787869,Regular,1,Update,Deployment,true
6.544380338,Regular,1,Delete,ConfigMap,true
6.546229873,Regular,3,Delete,Deployment,true
6.54941393,Regular,52,Create,Deployment,true
6.6014583049999995,Regular,51,Create,ConfigMap,true
6.653122822,Regular,1,Update,Deployment,true
6.654781677,Regular,1,Delete,ConfigMap,true
6.6560685490000004,Regular,1,Delete,Deployment,true
6.65713286,Regular,51,Create,Deployment,true
6.708794562,Regular,51,Create,ConfigMap,true
6.760566081,Regular,1,Update,Deployment,true
6.762270041,Regular,2,Delete,ConfigMap,true
6.764839737,Regular,1,Delete,Deployment,true
6.766710843,Regular,51,Create,Deployment,true
6.818374027,Regular,51,Create,ConfigMap,true
6.870335526,Regular,1,Update,Deployment,true
6.871707859,Regular,1,Delete,ConfigMap,true
6.873120298,Regular,1,Delete,Deployment,true
6.87426419,Regular,52,Create,Deployment,true
6.926610395,Regular,51,Create,ConfigMap,true
6.978530876,Regular,1,Update,Deployment,true
6.979878042,Regular,1,Delete,ConfigMap,true
6.981249884,Regular,2,Delete,Deployment,true
6.983390349,Regular,53,Create,Deployment,true
7.03653319,Regular,53,Create,ConfigMap,true
7.090364602,Regular,3,Update,Deployment,true
7.034488516,Regular,53,Create,ConfigMap,true
7.087931614,Regular,2,Update,Deployment,true
7.090465402,Regular,2,Delete,ConfigMap,true
7.093464089,Regular,1,Delete,Deployment,true
7.094974032,Regular,55,Create,Deployment,true
7.150061457,Regular,52,Create,ConfigMap,true
7.202100833,Regular,5,Update,Deployment,true
7.207678162,Regular,2,Delete,ConfigMap,true
7.210606495,Regular,1,Delete,Deployment,true
7.21225979,Regular,53,Create,Deployment,true
7.265839045,Regular,51,Create,ConfigMap,true
7.317451915,Regular,1,Update,Deployment,true
7.318768823,Regular,1,Delete,ConfigMap,true
7.319898208,Regular,1,Delete,Deployment,true
7.321039524,Regular,51,Create,Deployment,true
7.372699092,Regular,53,Create,ConfigMap,true
7.42614739,Regular,2,Update,Deployment,true
7.428490828,Regular,3,Delete,ConfigMap,true
7.431880213,Regular,1,Delete,Deployment,true
7.433818025,Regular,58,Create,Deployment,true
7.492502267,Regular,57,Create,ConfigMap,true
7.549755545,Regular,1,Update,Deployment,true
7.551180257,Regular,1,Delete,ConfigMap,true
7.552516813,Regular,2,Delete,Deployment,true
7.554588808,Regular,52,Create,Deployment,true
7.607491265,Regular,51,Create,ConfigMap,true
7.659385226,Regular,1,Update,Deployment,true
7.661174948,Regular,3,Delete,ConfigMap,true
7.665116496,Regular,2,Delete,Deployment,true
7.66792348,Regular,52,Create,Deployment,true
7.720757167,Regular,51,Create,ConfigMap,true
7.772554164,Regular,1,Update,Deployment,true
7.774527753,Regular,2,Delete,ConfigMap,true
7.777362651,Regular,1,Delete,Deployment,true
7.77903985,Regular,52,Create,Deployment,true
7.831280516,Regular,52,Create,ConfigMap,true
7.883480305,Regular,5,Update,Deployment,true
7.889117637,Regular,1,Delete,ConfigMap,true
7.891038287,Regular,1,Delete,Deployment,true
7.892675651,Regular,53,Create,Deployment,true
7.945872183,Regular,52,Create,ConfigMap,true
7.998405412,Regular,2,Update,Deployment,true
8.000851614,Regular,2,Delete,ConfigMap,true
7.093492893,Regular,1,Delete,ConfigMap,true
7.09507902,Regular,1,Delete,Deployment,true
7.09682534,Regular,54,Create,Deployment,true
7.15151803,Regular,52,Create,ConfigMap,true
7.204253811,Regular,3,Update,Deployment,true
7.208021281,Regular,2,Delete,ConfigMap,true
7.210551962,Regular,1,Delete,Deployment,true
7.212279186,Regular,51,Create,Deployment,true
7.264260512,Regular,51,Create,ConfigMap,true
7.3159465,Regular,1,Update,Deployment,true
7.317073149,Regular,1,Delete,ConfigMap,true
7.318318953,Regular,1,Delete,Deployment,true
7.319433199,Regular,51,Create,Deployment,true
7.371169822,Regular,53,Create,ConfigMap,true
7.424214708,Regular,4,Update,Deployment,true
7.428321969,Regular,3,Delete,ConfigMap,true
7.431663373,Regular,2,Delete,Deployment,true
7.433759194,Regular,57,Create,Deployment,true
7.491013594,Regular,58,Create,ConfigMap,true
7.549868519,Regular,1,Update,Deployment,true
7.551455217,Regular,1,Delete,ConfigMap,true
7.55299152,Regular,1,Delete,Deployment,true
7.554586614,Regular,52,Create,Deployment,true
7.607189024,Regular,52,Create,ConfigMap,true
7.659378774,Regular,1,Update,Deployment,true
7.660841377,Regular,4,Delete,ConfigMap,true
7.665177842,Regular,2,Delete,Deployment,true
7.6676143660000005,Regular,53,Create,Deployment,true
7.72076438,Regular,52,Create,ConfigMap,true
7.772842269,Regular,3,Update,Deployment,true
7.775864039,Regular,1,Delete,ConfigMap,true
7.777682355,Regular,1,Delete,Deployment,true
7.779328585,Regular,51,Create,Deployment,true
7.83125641,Regular,54,Create,ConfigMap,true
7.885378391,Regular,3,Update,Deployment,true
7.889154938,Regular,1,Delete,ConfigMap,true
7.891040511,Regular,1,Delete,Deployment,true
7.892393708,Regular,53,Create,Deployment,true
7.94580166,Regular,52,Create,ConfigMap,true
7.998417515,Regular,2,Update,Deployment,true
8.000909984,Regular,2,Delete,ConfigMap,true
7.036682592,Regular,53,Create,ConfigMap,true
7.090230859,Regular,3,Update,Deployment,true
7.093545843,Regular,1,Delete,ConfigMap,true
7.09509998,Regular,1,Delete,Deployment,true
7.096834056,Regular,54,Create,Deployment,true
7.151177156,Regular,53,Create,ConfigMap,true
7.204254903,Regular,4,Update,Deployment,true
7.20826455,Regular,2,Delete,ConfigMap,true
7.210574655,Regular,1,Delete,Deployment,true
7.212234081,Regular,54,Create,Deployment,true
7.266549698,Regular,51,Create,ConfigMap,true
7.318162878,Regular,1,Update,Deployment,true
7.319468916,Regular,1,Delete,ConfigMap,true
7.32066133,Regular,1,Delete,Deployment,true
7.321933594,Regular,52,Create,Deployment,true
7.373976306,Regular,54,Create,ConfigMap,true
7.428194488,Regular,1,Update,Deployment,true
7.429797468,Regular,2,Delete,ConfigMap,true
7.431958681,Regular,1,Delete,Deployment,true
7.433823365,Regular,56,Create,Deployment,true
7.490768291,Regular,59,Create,ConfigMap,true
7.549780843,Regular,1,Update,Deployment,true
7.551417516,Regular,1,Delete,ConfigMap,true
7.552776183,Regular,1,Delete,Deployment,true
7.554300263,Regular,52,Create,Deployment,true
7.606741198,Regular,52,Create,ConfigMap,true
7.659352484,Regular,1,Update,Deployment,true
7.661209493,Regular,3,Delete,ConfigMap,true
7.665112799,Regular,2,Delete,Deployment,true
7.667904705,Regular,52,Create,Deployment,true
7.720763659,Regular,52,Create,ConfigMap,true
7.772861445,Regular,2,Update,Deployment,true
7.77543615,Regular,1,Delete,ConfigMap,true
7.777321894,Regular,1,Delete,Deployment,true
7.779086207,Regular,52,Create,Deployment,true
7.831270677,Regular,54,Create,ConfigMap,true
7.885391386,Regular,3,Update,Deployment,true
7.889168413,Regular,1,Delete,ConfigMap,true
7.891083412,Regular,1,Delete,Deployment,true
7.892679899,Regular,53,Create,Deployment,true
7.945799435,Regular,52,Create,ConfigMap,true
7.998455306,Regular,2,Update,Deployment,true
8.000872524,Regular,2,Delete,ConfigMap,true
7.036214307,Regular,54,Create,ConfigMap,true
7.090421579,Regular,2,Update,Deployment,true
7.093182597,Regular,1,Delete,ConfigMap,true
7.094716565,Regular,1,Delete,Deployment,true
7.096003727,Regular,55,Create,Deployment,true
7.15134894,Regular,52,Create,ConfigMap,true
7.204225348,Regular,3,Update,Deployment,true
7.207838335,Regular,2,Delete,ConfigMap,true
7.210517187,Regular,1,Delete,Deployment,true
7.212250332,Regular,54,Create,Deployment,true
7.266335994,Regular,51,Create,ConfigMap,true
7.318009549,Regular,1,Update,Deployment,true
7.319168328,Regular,1,Delete,ConfigMap,true
7.320376251,Regular,1,Delete,Deployment,true
7.321480387,Regular,51,Create,Deployment,true
7.373096744,Regular,55,Create,ConfigMap,true
7.428194709,Regular,3,Update,Deployment,true
7.431361493,Regular,1,Delete,ConfigMap,true
7.432954613,Regular,2,Delete,Deployment,true
7.435627925,Regular,56,Create,Deployment,true
7.492326154,Regular,57,Create,ConfigMap,true
7.54984279,Regular,1,Update,Deployment,true
7.551463663,Regular,1,Delete,ConfigMap,true
7.55292255,Regular,1,Delete,Deployment,true
7.554586364,Regular,53,Create,Deployment,true
7.6080083720000005,Regular,52,Create,ConfigMap,true
7.660173145,Regular,2,Update,Deployment,true
7.662210314,Regular,6,Delete,ConfigMap,true
7.668360225,Regular,1,Delete,Deployment,true
7.670046021,Regular,51,Create,Deployment,true
7.721946334,Regular,53,Create,ConfigMap,true
7.775878135,Regular,1,Update,Deployment,true
7.777563901,Regular,1,Delete,ConfigMap,true
7.779296445,Regular,1,Delete,Deployment,true
7.780799465,Regular,52,Create,Deployment,true
7.8328760509999995,Regular,52,Create,ConfigMap,true
7.885459545,Regular,3,Update,Deployment,true
7.889185606,Regular,1,Delete,ConfigMap,true
7.891064907,Regular,1,Delete,Deployment,true
7.892673497,Regular,53,Create,Deployment,true
7.945826487,Regular,52,Create,ConfigMap,true
7.998469453,Regular,2,Update,Deployment,true
8.000994053,Regular,2,Delete,ConfigMap,true
8.00307207,Regular,3,Delete,Deployment,true
7.037078761,Regular,53,Create,ConfigMap,true
7.090302023,Regular,3,Update,Deployment,true
7.093505256,Regular,1,Delete,ConfigMap,true
7.09507882,Regular,1,Delete,Deployment,true
7.096588152,Regular,54,Create,Deployment,true
7.15126961,Regular,52,Create,ConfigMap,true
7.204264201,Regular,4,Update,Deployment,true
7.208315707,Regular,2,Delete,ConfigMap,true
7.210504242,Regular,1,Delete,Deployment,true
7.211900872,Regular,52,Create,Deployment,true
7.264049644,Regular,51,Create,ConfigMap,true
7.315609413,Regular,1,Update,Deployment,true
7.31688825,Regular,1,Delete,ConfigMap,true
7.318244042,Regular,1,Delete,Deployment,true
7.319670307,Regular,51,Create,Deployment,true
7.371408543,Regular,53,Create,ConfigMap,true
7.424554099,Regular,3,Update,Deployment,true
7.428225136,Regular,3,Delete,ConfigMap,true
7.431685335,Regular,1,Delete,Deployment,true
7.433454899,Regular,56,Create,Deployment,true
7.490039614,Regular,59,Create,ConfigMap,true
7.549941717,Regular,1,Update,Deployment,true
7.551449436,Regular,1,Delete,ConfigMap,true
7.552972584,Regular,1,Delete,Deployment,true
7.554580252,Regular,53,Create,Deployment,true
7.607805379,Regular,51,Create,ConfigMap,true
7.659739004,Regular,1,Update,Deployment,true
7.661247034,Regular,3,Delete,ConfigMap,true
7.665136033,Regular,2,Delete,Deployment,true
7.667969307,Regular,52,Create,Deployment,true
7.720537973,Regular,52,Create,ConfigMap,true
7.772842129,Regular,2,Update,Deployment,true
7.774875861,Regular,2,Delete,ConfigMap,true
7.777064517,Regular,1,Delete,Deployment,true
7.778731507,Regular,52,Create,Deployment,true
7.831025123,Regular,54,Create,ConfigMap,true
7.885449756,Regular,3,Update,Deployment,true
7.889228336,Regular,1,Delete,ConfigMap,true
7.891058735,Regular,1,Delete,Deployment,true
7.892677935,Regular,53,Create,Deployment,true
7.945873866,Regular,52,Create,ConfigMap,true
7.998406724,Regular,2,Update,Deployment,true
8.000853788,Regular,2,Delete,ConfigMap,true
8.003550534,Regular,3,Delete,Deployment,true
7.084290163,Regular,3,Update,Deployment,true
7.088011425,Regular,2,Delete,ConfigMap,true
7.090082178,Regular,3,Delete,Deployment,true
7.093502561,Regular,53,Create,Deployment,true
7.146690998,Regular,52,Create,ConfigMap,true
7.199643279,Regular,1,Update,Deployment,true
7.201270564,Regular,2,Delete,ConfigMap,true
7.203515436,Regular,4,Delete,Deployment,true
7.207891365,Regular,53,Create,Deployment,true
7.260971037,Regular,52,Create,ConfigMap,true
7.3133415379999995,Regular,1,Update,Deployment,true
7.315049195,Regular,1,Delete,ConfigMap,true
7.316439782,Regular,1,Delete,Deployment,true
7.317675217,Regular,51,Create,Deployment,true
7.369590919,Regular,53,Create,ConfigMap,true
7.4233617259999995,Regular,5,Update,Deployment,true
7.42846499,Regular,3,Delete,ConfigMap,true
7.431844926,Regular,1,Delete,Deployment,true
7.433809459,Regular,57,Create,Deployment,true
7.491710341,Regular,57,Create,ConfigMap,true
7.549689931,Regular,1,Update,Deployment,true
7.551459846,Regular,1,Delete,ConfigMap,true
7.552932398,Regular,1,Delete,Deployment,true
7.554579471,Regular,53,Create,Deployment,true
7.607761796,Regular,51,Create,ConfigMap,true
7.6594538960000005,Regular,1,Update,Deployment,true
7.661174366,Regular,6,Delete,ConfigMap,true
7.667946403,Regular,1,Delete,Deployment,true
7.669504247,Regular,52,Create,Deployment,true
7.722021967,Regular,53,Create,ConfigMap,true
7.775864039,Regular,1,Update,Deployment,true
7.777429387,Regular,1,Delete,ConfigMap,true
7.779374773,Regular,1,Delete,Deployment,true
7.7807878729999995,Regular,52,Create,Deployment,true
7.832865531,Regular,52,Create,ConfigMap,true
7.885341923,Regular,3,Update,Deployment,true
7.889194723,Regular,1,Delete,ConfigMap,true
7.891034379,Regular,1,Delete,Deployment,true
7.89267524,Regular,52,Create,Deployment,true
7.945466256,Regular,52,Create,ConfigMap,true
7.998394822,Regular,1,Update,Deployment,true
8.000208369,Regular,2,Delete,ConfigMap,true
8.003058334,Regular,3,Delete,Deployment,true
7.026856955,Regular,2,Update,Deployment,true
7.029556075,Regular,3,Delete,ConfigMap,true
7.032668437,Regular,1,Delete,Deployment,true
7.034422081,Regular,53,Create,Deployment,true
7.087955379,Regular,53,Create,ConfigMap,true
7.141348593,Regular,2,Update,Deployment,true
7.144102177,Regular,2,Delete,ConfigMap,true
7.14627891,Regular,4,Delete,Deployment,true
7.15116907,Regular,53,Create,Deployment,true
7.204288667,Regular,52,Create,ConfigMap,true
7.256674538,Regular,1,Update,Deployment,true
7.258031101,Regular,1,Delete,ConfigMap,true
7.259361264,Regular,1,Delete,Deployment,true
7.260674055,Regular,52,Create,Deployment,true
7.313337069,Regular,54,Create,ConfigMap,true
7.367430817,Regular,1,Update,Deployment,true
7.368921624,Regular,1,Delete,ConfigMap,true
7.370356265,Regular,1,Delete,Deployment,true
7.371729109,Regular,53,Create,Deployment,true
7.424879524,Regular,53,Create,ConfigMap,true
7.478123206,Regular,1,Update,Deployment,true
7.479823178,Regular,1,Delete,ConfigMap,true
7.481712528,Regular,1,Delete,Deployment,true
7.483471342,Regular,53,Create,Deployment,true
7.536756842,Regular,52,Create,ConfigMap,true
7.588892931,Regular,1,Update,Deployment,true
7.590124899,Regular,1,Delete,ConfigMap,true
7.591295791,Regular,1,Delete,Deployment,true
7.592603362,Regular,51,Create,Deployment,true
7.64438994,Regular,53,Create,ConfigMap,true
7.697416732,Regular,1,Update,Deployment,true
7.698612671,Regular,1,Delete,ConfigMap,true
7.699783744,Regular,1,Delete,Deployment,true
7.700920292,Regular,52,Create,Deployment,true
7.753535987,Regular,54,Create,ConfigMap,true
7.807744391,Regular,1,Update,Deployment,true
7.809641175,Regular,1,Delete,ConfigMap,true
7.810928648,Regular,1,Delete,Deployment,true
7.812251628,Regular,52,Create,Deployment,true
7.864369502,Regular,52,Create,ConfigMap,true
7.916706671,Regular,1,Update,Deployment,true
7.918002489,Regular,1,Delete,ConfigMap,true
7.919202857,Regular,1,Delete,Deployment,true
7.920337411,Regular,51,Create,Deployment,true
7.97225674,Regular,52,Create,ConfigMap,true
7.030392717,Regular,2,Delete,ConfigMap,true
7.032443131,Regular,1,Delete,Deployment,true
7.034448901,Regular,53,Create,Deployment,true
7.08799285,Regular,53,Create,ConfigMap,true
7.141016826,Regular,3,Update,Deployment,true
7.144375763,Regular,1,Delete,ConfigMap,true
7.14627927,Regular,4,Delete,Deployment,true
7.150977659,Regular,53,Create,Deployment,true
7.204344853,Regular,52,Create,ConfigMap,true
7.256910464,Regular,1,Update,Deployment,true
7.258269581,Regular,1,Delete,ConfigMap,true
7.25961822,Regular,1,Delete,Deployment,true
7.2609356,Regular,52,Create,Deployment,true
7.313404307,Regular,54,Create,ConfigMap,true
7.367444543,Regular,1,Update,Deployment,true
7.368721165,Regular,1,Delete,ConfigMap,true
7.370290922,Regular,1,Delete,Deployment,true
7.371696147,Regular,53,Create,Deployment,true
7.424804122,Regular,52,Create,ConfigMap,true
7.477805726,Regular,1,Update,Deployment,true
7.479544983,Regular,1,Delete,ConfigMap,true
7.481351967,Regular,1,Delete,Deployment,true
7.483136429,Regular,53,Create,Deployment,true
7.536373628,Regular,52,Create,ConfigMap,true
7.588654831,Regular,1,Update,Deployment,true
7.589890015,Regular,1,Delete,ConfigMap,true
7.591070997,Regular,1,Delete,Deployment,true
7.592338522,Regular,52,Create,Deployment,true
7.644666853,Regular,52,Create,ConfigMap,true
7.69765379,Regular,1,Update,Deployment,true
7.698828058,Regular,1,Delete,ConfigMap,true
7.699990515,Regular,1,Delete,Deployment,true
7.70114124,Regular,52,Create,Deployment,true
7.753241651,Regular,54,Create,ConfigMap,true
7.807768477,Regular,1,Update,Deployment,true
7.8093501960000005,Regular,1,Delete,ConfigMap,true
7.81072306,Regular,1,Delete,Deployment,true
7.812017486,Regular,52,Create,Deployment,true
7.864598996,Regular,52,Create,ConfigMap,true
7.916706821,Regular,1,Update,Deployment,true
7.917785379,Regular,1,Delete,ConfigMap,true
7.918996087,Regular,1,Delete,Deployment,true
7.920101015,Regular,52,Create,Deployment,true
7.972532732,Regular,52,Create,ConfigMap,true
7.034489989,Regular,53,Create,ConfigMap,true
7.087926304,Regular,3,Update,Deployment,true
7.09103033,Regular,2,Delete,ConfigMap,true
7.093483856,Regular,1,Delete,Deployment,true
7.09513685,Regular,52,Create,Deployment,true
7.14763903,Regular,52,Create,ConfigMap,true
7.200020702,Regular,1,Update,Deployment,true
7.201509585,Regular,2,Delete,ConfigMap,true
7.203987388,Regular,4,Delete,Deployment,true
7.208512549,Regular,52,Create,Deployment,true
7.261002757,Regular,52,Create,ConfigMap,true
7.313396321,Regular,1,Update,Deployment,true
7.315287896,Regular,1,Delete,ConfigMap,true
7.316722447,Regular,1,Delete,Deployment,true
7.318317871,Regular,51,Create,Deployment,true
7.370319636,Regular,53,Create,ConfigMap,true
7.423378418,Regular,4,Update,Deployment,true
7.428345844,Regular,3,Delete,ConfigMap,true
7.431670166,Regular,2,Delete,Deployment,true
7.433835198,Regular,58,Create,Deployment,true
7.491923203,Regular,56,Create,ConfigMap,true
7.548562,Regular,1,Update,Deployment,true
7.550363815,Regular,1,Delete,ConfigMap,true
7.551728884,Regular,1,Delete,Deployment,true
7.55304443,Regular,52,Create,Deployment,true
7.605550497,Regular,52,Create,ConfigMap,true
7.657767228,Regular,1,Update,Deployment,true
7.658964581,Regular,1,Delete,ConfigMap,true
7.660580034,Regular,2,Delete,Deployment,true
7.6628475080000005,Regular,54,Create,Deployment,true
7.716987624,Regular,51,Create,ConfigMap,true
7.768642573,Regular,1,Update,Deployment,true
7.7698901,Regular,1,Delete,ConfigMap,true
7.771196128,Regular,1,Delete,Deployment,true
7.772789168,Regular,53,Create,Deployment,true
7.826559936,Regular,52,Create,ConfigMap,true
7.8792595290000005,Regular,1,Update,Deployment,true
7.880786084,Regular,2,Delete,ConfigMap,true
7.882993795,Regular,5,Delete,Deployment,true
7.88821405,Regular,52,Create,Deployment,true
7.940623755,Regular,52,Create,ConfigMap,true
7.993120094,Regular,1,Update,Deployment,true
7.994495564,Regular,1,Delete,ConfigMap,true
7.995845474,Regular,1,Delete,Deployment,true
7.997244688,Regular,52,Create,Deployment,true
8.049645968,Regular,52,Create,ConfigMap,true
7.088006896,Regular,2,Update,Deployment,true
7.090825012,Regular,2,Delete,ConfigMap,true
7.093523501,Regular,1,Delete,Deployment,true
7.095138924,Regular,52,Create,Deployment,true
7.147553198,Regular,52,Create,ConfigMap,true
7.200052522,Regular,1,Update,Deployment,true
7.201531567,Regular,1,Delete,ConfigMap,true
7.203102015,Regular,4,Delete,Deployment,true
7.208094038,Regular,52,Create,Deployment,true
7.260980444,Regular,52,Create,ConfigMap,true
7.313391242,Regular,1,Update,Deployment,true
7.315277055,Regular,1,Delete,ConfigMap,true
7.316666862,Regular,1,Delete,Deployment,true
7.318038804,Regular,52,Create,Deployment,true
7.370063953,Regular,54,Create,ConfigMap,true
7.4245176,Regular,3,Update,Deployment,true
7.42849148,Regular,3,Delete,ConfigMap,true
7.43198962,Regular,1,Delete,Deployment,true
7.43375198,Regular,60,Create,Deployment,true
7.494019604,Regular,55,Create,ConfigMap,true
7.549856195,Regular,1,Update,Deployment,true
7.551455748,Regular,1,Delete,ConfigMap,true
7.552973065,Regular,1,Delete,Deployment,true
7.554594389,Regular,53,Create,Deployment,true
7.608147715,Regular,51,Create,ConfigMap,true
7.659851206,Regular,3,Update,Deployment,true
7.662967986,Regular,4,Delete,ConfigMap,true
7.667980528,Regular,2,Delete,Deployment,true
7.67006667,Regular,51,Create,Deployment,true
7.722009463,Regular,53,Create,ConfigMap,true
7.775904485,Regular,1,Update,Deployment,true
7.777412605,Regular,1,Delete,ConfigMap,true
7.779294321,Regular,1,Delete,Deployment,true
7.7805619759999995,Regular,52,Create,Deployment,true
7.832599889,Regular,52,Create,ConfigMap,true
7.885592907,Regular,3,Update,Deployment,true
7.889131243,Regular,1,Delete,ConfigMap,true
7.8910568009999995,Regular,1,Delete,Deployment,true
7.892722589,Regular,53,Create,Deployment,true
7.945771212,Regular,52,Create,ConfigMap,true
7.998098762,Regular,1,Update,Deployment,true
7.999606161,Regular,2,Delete,ConfigMap,true
8.001639323,Regular,1,Delete,Deployment,true
8.00353257,Regular,52,Create,Deployment,true
8.056489049,Regular,51,Create,ConfigMap,true
8.108455617,Regular,0,Update,Deployment,true
8.109429287,Regular,1,Delete,ConfigMap,true
8.110451398,Regular,1,Delete,Deployment,true
8.111656546,Regular,52,Create,Deployment,true
8.164518686,Regular,51,Create,ConfigMap,true
8.216247966,Regular,1,Update,Deployment,true
8.217403339,Regular,1,Delete,ConfigMap,true
8.218675693,Regular,1,Delete,Deployment,true
8.220344687,Regular,53,Create,Deployment,true
8.273849081,Regular,52,Create,ConfigMap,true
8.326782556,Regular,1,Update,Deployment,true
8.328754943,Regular,1,Delete,ConfigMap,true
8.330207088,Regular,1,Delete,Deployment,true
8.33165315,Regular,55,Create,Deployment,true
8.387000496,Regular,51,Create,ConfigMap,true
8.438923693,Regular,1,Update,Deployment,true
8.439977364,Regular,1,Delete,ConfigMap,true
8.4411289,Regular,1,Delete,Deployment,true
8.442516312,Regular,51,Create,Deployment,true
8.494522264,Regular,54,Create,ConfigMap,true
8.548563773,Regular,4,Update,Deployment,true
8.553266189,Regular,1,Delete,ConfigMap,true
8.554868126,Regular,1,Delete,Deployment,true
8.556802291,Regular,53,Create,Deployment,true
8.609856704,Regular,53,Create,ConfigMap,true
8.663661356,Regular,5,Update,Deployment,true
8.669377057,Regular,2,Delete,ConfigMap,true
8.672367818,Regular,1,Delete,Deployment,true
8.673888201,Regular,52,Create,Deployment,true
8.726759228,Regular,53,Create,ConfigMap,true
8.780045119,Regular,1,Update,Deployment,true
8.781797811,Regular,1,Delete,ConfigMap,true
8.78349615,Regular,4,Delete,Deployment,true
8.787620885,Regular,53,Create,Deployment,true
8.840735472,Regular,53,Create,ConfigMap,true
8.893913209,Regular,1,Update,Deployment,true
8.895646074,Regular,2,Delete,ConfigMap,true
8.898165565,Regular,2,Delete,Deployment,true
8.900484306,Regular,52,Create,Deployment,true
8.952725363,Regular,52,Create,ConfigMap,true
8.003277158,Regular,3,Delete,Deployment,true
8.006700747,Regular,52,Create,Deployment,true
8.059517802,Regular,51,Create,ConfigMap,true
8.111419057,Regular,1,Update,Deployment,true
8.112947184,Regular,1,Delete,ConfigMap,true
8.114330549,Regular,1,Delete,Deployment,true
8.115763697,Regular,51,Create,Deployment,true
8.16769582,Regular,52,Create,ConfigMap,true
8.220336381,Regular,1,Update,Deployment,true
8.222244697,Regular,4,Delete,ConfigMap,true
8.226458991,Regular,2,Delete,Deployment,true
8.229325448,Regular,52,Create,Deployment,true
8.282223085,Regular,53,Create,ConfigMap,true
8.335417183,Regular,1,Update,Deployment,true
8.33677068,Regular,1,Delete,ConfigMap,true
8.338312674,Regular,1,Delete,Deployment,true
8.339989763,Regular,52,Create,Deployment,true
8.392088331,Regular,52,Create,ConfigMap,true
8.444357981,Regular,3,Update,Deployment,true
8.447691891,Regular,1,Delete,ConfigMap,true
8.449122555,Regular,1,Delete,Deployment,true
8.45045328,Regular,52,Create,Deployment,true
8.503338704,Regular,52,Create,ConfigMap,true
8.556081359,Regular,1,Update,Deployment,true
8.55747422,Regular,1,Delete,ConfigMap,true
8.558980627,Regular,1,Delete,Deployment,true
8.560577014,Regular,52,Create,Deployment,true
8.613067762,Regular,52,Create,ConfigMap,true
8.66574866,Regular,3,Update,Deployment,true
8.669041372,Regular,2,Delete,ConfigMap,true
8.671868164,Regular,1,Delete,Deployment,true
8.673481042,Regular,53,Create,Deployment,true
8.726729342,Regular,53,Create,ConfigMap,true
8.780709314,Regular,1,Update,Deployment,true
8.78245313,Regular,2,Delete,ConfigMap,true
8.784841403,Regular,2,Delete,Deployment,true
8.78750182,Regular,52,Create,Deployment,true
8.840335476,Regular,53,Create,ConfigMap,true
8.893912888,Regular,1,Update,Deployment,true
8.895634141,Regular,2,Delete,ConfigMap,true
8.898420596,Regular,1,Delete,Deployment,true
8.900237299,Regular,52,Create,Deployment,true
8.952708851,Regular,52,Create,ConfigMap,true
8.003275946,Regular,3,Delete,Deployment,true
8.006441227,Regular,53,Create,Deployment,true
8.059611189,Regular,51,Create,ConfigMap,true
8.11136792,Regular,1,Update,Deployment,true
8.11272776,Regular,1,Delete,ConfigMap,true
8.114048345,Regular,1,Delete,Deployment,true
8.115337622,Regular,52,Create,Deployment,true
8.167366047,Regular,51,Create,ConfigMap,true
8.219207218,Regular,1,Update,Deployment,true
8.22058407,Regular,1,Delete,ConfigMap,true
8.222372228,Regular,1,Delete,Deployment,true
8.224098961,Regular,52,Create,Deployment,true
8.276536169,Regular,51,Create,ConfigMap,true
8.328463362,Regular,1,Update,Deployment,true
8.329979738,Regular,1,Delete,ConfigMap,true
8.331367971,Regular,1,Delete,Deployment,true
8.332786842,Regular,53,Create,Deployment,true
8.386632,Regular,52,Create,ConfigMap,true
8.438934603,Regular,1,Update,Deployment,true
8.439962646,Regular,1,Delete,ConfigMap,true
8.441170969,Regular,1,Delete,Deployment,true
8.442461288,Regular,52,Create,Deployment,true
8.494491506,Regular,55,Create,ConfigMap,true
8.550445368,Regular,2,Update,Deployment,true
8.553199954,Regular,3,Delete,ConfigMap,true
8.556786771,Regular,2,Delete,Deployment,true
8.558823941,Regular,52,Create,Deployment,true
8.611516972,Regular,54,Create,ConfigMap,true
8.665723934,Regular,3,Update,Deployment,true
8.66943721,Regular,2,Delete,ConfigMap,true
8.671889033,Regular,2,Delete,Deployment,true
8.674074182,Regular,52,Create,Deployment,true
8.727017245999999,Regular,53,Create,ConfigMap,true
8.780983483,Regular,2,Update,Deployment,true
8.783228364,Regular,4,Delete,ConfigMap,true
8.787372666,Regular,1,Delete,Deployment,true
8.78903667,Regular,52,Create,Deployment,true
8.841158862,Regular,52,Create,ConfigMap,true
8.893902128,Regular,1,Update,Deployment,true
8.895648498,Regular,3,Delete,ConfigMap,true
8.89881379,Regular,1,Delete,Deployment,true
8.900493473000001,Regular,52,Create,Deployment,true
8.952684726,Regular,52,Create,ConfigMap,true
8.006785617,Regular,52,Create,Deployment,true
8.05952709,Regular,52,Create,ConfigMap,true
8.111613094,Regular,1,Update,Deployment,true
8.112992911,Regular,1,Delete,ConfigMap,true
8.114277508,Regular,1,Delete,Deployment,true
8.115778465,Regular,51,Create,Deployment,true
8.167709155,Regular,52,Create,ConfigMap,true
8.220440989,Regular,1,Update,Deployment,true
8.222233216,Regular,4,Delete,ConfigMap,true
8.22643225,Regular,3,Delete,Deployment,true
8.229680478,Regular,52,Create,Deployment,true
8.282477646,Regular,52,Create,ConfigMap,true
8.335104091,Regular,1,Update,Deployment,true
8.336361667,Regular,1,Delete,ConfigMap,true
8.338057582,Regular,1,Delete,Deployment,true
8.339965768,Regular,52,Create,Deployment,true
8.392386955,Regular,52,Create,ConfigMap,true
8.444682425,Regular,4,Update,Deployment,true
8.449072831,Regular,1,Delete,ConfigMap,true
8.450469711,Regular,1,Delete,Deployment,true
8.451623821,Regular,52,Create,Deployment,true
8.50392385,Regular,52,Create,ConfigMap,true
8.556681623,Regular,2,Update,Deployment,true
8.558773846,Regular,1,Delete,ConfigMap,true
8.560338774,Regular,1,Delete,Deployment,true
8.56179732,Regular,52,Create,Deployment,true
8.614723531,Regular,54,Create,ConfigMap,true
8.669434686,Regular,2,Update,Deployment,true
8.671873714,Regular,1,Delete,ConfigMap,true
8.673873213,Regular,1,Delete,Deployment,true
8.675808961,Regular,53,Create,Deployment,true
8.728902078,Regular,52,Create,ConfigMap,true
8.781438583,Regular,2,Update,Deployment,true
8.7834961,Regular,4,Delete,ConfigMap,true
8.787936671,Regular,1,Delete,Deployment,true
8.789672732,Regular,52,Create,Deployment,true
8.841759177,Regular,52,Create,ConfigMap,true
8.893905885,Regular,1,Update,Deployment,true
8.895646064,Regular,2,Delete,ConfigMap,true
8.897816635,Regular,2,Delete,Deployment,true
8.90051271,Regular,52,Create,Deployment,true
8.952746433,Regular,54,Create,ConfigMap,true
8.003492214,Regular,3,Delete,Deployment,true
8.006833338,Regular,52,Create,Deployment,true
8.059541557,Regular,51,Create,ConfigMap,true
8.111395943,Regular,1,Update,Deployment,true
8.112831776,Regular,1,Delete,ConfigMap,true
8.114284922,Regular,1,Delete,Deployment,true
8.115560603,Regular,52,Create,Deployment,true
8.167622641,Regular,52,Create,ConfigMap,true
8.220339427,Regular,1,Update,Deployment,true
8.222348834,Regular,4,Delete,ConfigMap,true
8.226447309,Regular,2,Delete,Deployment,true
8.229098769,Regular,53,Create,Deployment,true
8.282205391,Regular,53,Create,ConfigMap,true
8.335566615,Regular,1,Update,Deployment,true
8.336933668,Regular,1,Delete,ConfigMap,true
8.338356557000001,Regular,1,Delete,Deployment,true
8.339971629,Regular,52,Create,Deployment,true
8.392354043,Regular,52,Create,ConfigMap,true
8.444703304,Regular,4,Update,Deployment,true
8.448714764,Regular,1,Delete,ConfigMap,true
8.450256367,Regular,1,Delete,Deployment,true
8.451408194,Regular,52,Create,Deployment,true
8.503657937,Regular,52,Create,ConfigMap,true
8.556496603,Regular,2,Update,Deployment,true
8.558796048,Regular,1,Delete,ConfigMap,true
8.560576513,Regular,1,Delete,Deployment,true
8.562033396,Regular,52,Create,Deployment,true
8.614773596,Regular,54,Create,ConfigMap,true
8.669561485,Regular,2,Update,Deployment,true
8.671838037,Regular,2,Delete,ConfigMap,true
8.67407283,Regular,1,Delete,Deployment,true
8.675791267,Regular,54,Create,Deployment,true
8.730571762,Regular,51,Create,ConfigMap,true
8.782439945,Regular,2,Update,Deployment,true
8.784816075,Regular,2,Delete,ConfigMap,true
8.787122112,Regular,1,Delete,Deployment,true
8.788695856,Regular,51,Create,Deployment,true
8.840689315,Regular,53,Create,ConfigMap,true
8.893869757000001,Regular,1,Update,Deployment,true
8.895663146,Regular,2,Delete,ConfigMap,true
8.898522479,Regular,1,Delete,Deployment,true
8.900468476,Regular,52,Create,Deployment,true
8.952874945,Regular,54,Create,ConfigMap,true
8.006678335,Regular,52,Create,Deployment,true
8.059232433,Regular,51,Create,ConfigMap,true
8.11110313,Regular,1,Update,Deployment,true
8.112347552,Regular,1,Delete,ConfigMap,true
8.1135533,Regular,1,Delete,Deployment,true
8.114729122,Regular,52,Create,Deployment,true
8.166927728,Regular,52,Create,ConfigMap,true
8.218973696,Regular,1,Update,Deployment,true
8.220598046,Regular,1,Delete,ConfigMap,true
8.222409088,Regular,2,Delete,Deployment,true
8.224937406,Regular,51,Create,Deployment,true
8.276839422,Regular,52,Create,ConfigMap,true
8.329376749,Regular,1,Update,Deployment,true
8.33062101,Regular,1,Delete,ConfigMap,true
8.332012609,Regular,1,Delete,Deployment,true
8.333409329,Regular,53,Create,Deployment,true
8.387000426,Regular,51,Create,ConfigMap,true
8.438705621,Regular,1,Update,Deployment,true
8.439759081,Regular,1,Delete,ConfigMap,true
8.440881152,Regular,1,Delete,Deployment,true
8.442074096,Regular,52,Create,Deployment,true
8.494517154,Regular,53,Create,ConfigMap,true
8.547888197,Regular,4,Update,Deployment,true
8.552093844,Regular,2,Delete,ConfigMap,true
8.554236292,Regular,2,Delete,Deployment,true
8.556453091,Regular,53,Create,Deployment,true
8.610072652,Regular,54,Create,ConfigMap,true
8.664098021000001,Regular,5,Update,Deployment,true
8.669327092,Regular,2,Delete,ConfigMap,true
8.671838037,Regular,2,Delete,Deployment,true
8.674053363,Regular,52,Create,Deployment,true
8.726794765,Regular,53,Create,ConfigMap,true
8.780045089,Regular,2,Update,Deployment,true
8.782192347,Regular,2,Delete,ConfigMap,true
8.78461754,Regular,2,Delete,Deployment,true
8.787165965,Regular,53,Create,Deployment,true
8.840738197,Regular,53,Create,ConfigMap,true
8.893873684,Regular,1,Update,Deployment,true
8.895396232,Regular,1,Delete,ConfigMap,true
8.896817918,Regular,2,Delete,Deployment,true
8.899115049,Regular,53,Create,Deployment,true
8.9525756,Regular,54,Create,ConfigMap,true
9.007527078,Regular,1,Update,Deployment,true
8.006722598,Regular,52,Create,Deployment,true
8.059557688,Regular,51,Create,ConfigMap,true
8.111382127,Regular,1,Update,Deployment,true
8.112869408,Regular,1,Delete,ConfigMap,true
8.114284792,Regular,1,Delete,Deployment,true
8.115649782,Regular,52,Create,Deployment,true
8.167738911,Regular,52,Create,ConfigMap,true
8.220426502,Regular,2,Update,Deployment,true
8.222458421,Regular,3,Delete,ConfigMap,true
8.226397915,Regular,2,Delete,Deployment,true
8.22871297,Regular,53,Create,Deployment,true
8.282206503,Regular,53,Create,ConfigMap,true
8.335404969,Regular,1,Update,Deployment,true
8.336800236,Regular,1,Delete,ConfigMap,true
8.338329546,Regular,1,Delete,Deployment,true
8.339962151,Regular,52,Create,Deployment,true
8.392386865,Regular,51,Create,ConfigMap,true
8.444376306,Regular,4,Update,Deployment,true
8.44908836,Regular,1,Delete,ConfigMap,true
8.450464851,Regular,1,Delete,Deployment,true
8.451614935,Regular,52,Create,Deployment,true
8.504464311,Regular,52,Create,ConfigMap,true
8.55690233,Regular,1,Update,Deployment,true
8.558520898,Regular,1,Delete,ConfigMap,true
8.559964997,Regular,1,Delete,Deployment,true
8.561541496,Regular,53,Create,Deployment,true
8.614786851,Regular,54,Create,ConfigMap,true
8.669736396,Regular,2,Update,Deployment,true
8.671955368999999,Regular,2,Delete,ConfigMap,true
8.674228845,Regular,1,Delete,Deployment,true
8.675935299,Regular,54,Create,Deployment,true
8.730285972,Regular,52,Create,ConfigMap,true
8.782577264,Regular,2,Update,Deployment,true
8.784838327,Regular,2,Delete,ConfigMap,true
8.787798611,Regular,1,Delete,Deployment,true
8.789425074,Regular,52,Create,Deployment,true
8.841493805,Regular,52,Create,ConfigMap,true
8.893546546,Regular,1,Update,Deployment,true
8.895017165,Regular,1,Delete,ConfigMap,true
8.896817918,Regular,2,Delete,Deployment,true
8.899110811,Regular,53,Create,Deployment,true
8.952216912,Regular,54,Create,ConfigMap,true
9.007154945,Regular,2,Update,Deployment,true
9.009710314,Regular,1,Delete,ConfigMap,true
8.024571757,Regular,2,Update,Deployment,true
8.026679189,Regular,1,Delete,ConfigMap,true
8.028360867,Regular,1,Delete,Deployment,true
8.02943133,Regular,52,Create,Deployment,true
8.081815717,Regular,53,Create,ConfigMap,true
8.13482747,Regular,1,Update,Deployment,true
8.135960642,Regular,1,Delete,ConfigMap,true
8.137127897,Regular,1,Delete,Deployment,true
8.13844165,Regular,52,Create,Deployment,true
8.19093851,Regular,54,Create,ConfigMap,true
8.245405193,Regular,4,Update,Deployment,true
8.249636678,Regular,3,Delete,ConfigMap,true
8.253016245,Regular,1,Delete,Deployment,true
8.254415478,Regular,52,Create,Deployment,true
8.307314639,Regular,54,Create,ConfigMap,true
8.362060659,Regular,3,Update,Deployment,true
8.365805656,Regular,1,Delete,ConfigMap,true
8.36717303,Regular,1,Delete,Deployment,true
8.368331579,Regular,51,Create,Deployment,true
8.420128537,Regular,51,Create,ConfigMap,true
8.471998963,Regular,1,Update,Deployment,true
8.473114711000001,Regular,1,Delete,ConfigMap,true
8.474318146,Regular,1,Delete,Deployment,true
8.475510689,Regular,52,Create,Deployment,true
8.528267179,Regular,52,Create,ConfigMap,true
8.580916077,Regular,1,Update,Deployment,true
8.582779599,Regular,1,Delete,ConfigMap,true
8.584776943,Regular,2,Delete,Deployment,true
8.58751126,Regular,52,Create,Deployment,true
8.640453502,Regular,53,Create,ConfigMap,true
8.694154166,Regular,1,Update,Deployment,true
8.695692032,Regular,1,Delete,ConfigMap,true
8.697030051,Regular,1,Delete,Deployment,true
8.69899316,Regular,56,Create,Deployment,true
8.755742025,Regular,52,Create,ConfigMap,true
8.808607602,Regular,1,Update,Deployment,true
8.80978131,Regular,1,Delete,ConfigMap,true
8.810898822,Regular,1,Delete,Deployment,true
8.812014951,Regular,53,Create,Deployment,true
8.865260145,Regular,52,Create,ConfigMap,true
8.917563349,Regular,2,Update,Deployment,true
8.919837026,Regular,1,Delete,ConfigMap,true
8.92141614,Regular,2,Delete,Deployment,true
8.923818499,Regular,52,Create,Deployment,true
8.976676381,Regular,51,Create,ConfigMap,true
8.024733312,Regular,1,Update,Deployment,true
8.026300934,Regular,1,Delete,ConfigMap,true
8.027751265,Regular,1,Delete,Deployment,true
8.028976951,Regular,52,Create,Deployment,true
8.081815727,Regular,52,Create,ConfigMap,true
8.134590863,Regular,1,Update,Deployment,true
8.13618207,Regular,1,Delete,ConfigMap,true
8.137347161,Regular,1,Delete,Deployment,true
8.138673187,Regular,52,Create,Deployment,true
8.191213991,Regular,54,Create,ConfigMap,true
8.245238077,Regular,4,Update,Deployment,true
8.249615759,Regular,3,Delete,ConfigMap,true
8.252703173,Regular,1,Delete,Deployment,true
8.254165176,Regular,53,Create,Deployment,true
8.307340818,Regular,54,Create,ConfigMap,true
8.362063274,Regular,1,Update,Deployment,true
8.36400317,Regular,2,Delete,ConfigMap,true
8.366869596,Regular,1,Delete,Deployment,true
8.368055247,Regular,51,Create,Deployment,true
8.41987616,Regular,51,Create,ConfigMap,true
8.471771543,Regular,1,Update,Deployment,true
8.47290775,Regular,1,Delete,ConfigMap,true
8.474110603,Regular,1,Delete,Deployment,true
8.475255156,Regular,52,Create,Deployment,true
8.528252201,Regular,52,Create,ConfigMap,true
8.580961343,Regular,1,Update,Deployment,true
8.582784368,Regular,2,Delete,ConfigMap,true
8.585095384,Regular,2,Delete,Deployment,true
8.587474621,Regular,52,Create,Deployment,true
8.64045814,Regular,53,Create,ConfigMap,true
8.693812431,Regular,1,Update,Deployment,true
8.695439565000001,Regular,1,Delete,ConfigMap,true
8.696796209,Regular,1,Delete,Deployment,true
8.698300461,Regular,57,Create,Deployment,true
8.755366415,Regular,53,Create,ConfigMap,true
8.808616419,Regular,1,Update,Deployment,true
8.809979384,Regular,1,Delete,ConfigMap,true
8.811115701,Regular,1,Delete,Deployment,true
8.812232853,Regular,52,Create,Deployment,true
8.865032445,Regular,52,Create,ConfigMap,true
8.917173723,Regular,2,Update,Deployment,true
8.919841364,Regular,1,Delete,ConfigMap,true
8.921168201,Regular,2,Delete,Deployment,true
8.92381361,Regular,52,Create,Deployment,true
8.976337251,Regular,52,Create,ConfigMap,true
8.101743223,Regular,1,Update,Deployment,true
8.103733875,Regular,1,Delete,ConfigMap,true
8.105610901,Regular,1,Delete,Deployment,true
8.107211005,Regular,52,Create,Deployment,true
8.159348055,Regular,52,Create,ConfigMap,true
8.211668352,Regular,1,Update,Deployment,true
8.212739757,Regular,1,Delete,ConfigMap,true
8.213881925,Regular,1,Delete,Deployment,true
8.215871565,Regular,52,Create,Deployment,true
8.268506155,Regular,54,Create,ConfigMap,true
8.322710221,Regular,1,Update,Deployment,true
8.324485426,Regular,1,Delete,ConfigMap,true
8.326484012,Regular,2,Delete,Deployment,true
8.328740957,Regular,52,Create,Deployment,true
8.381426494,Regular,52,Create,ConfigMap,true
8.434147948,Regular,1,Update,Deployment,true
8.435266482,Regular,1,Delete,ConfigMap,true
8.436332516,Regular,1,Delete,Deployment,true
8.437371269,Regular,52,Create,Deployment,true
8.489742372,Regular,54,Create,ConfigMap,true
8.543923405,Regular,2,Update,Deployment,true
8.546267644,Regular,5,Delete,ConfigMap,true
8.551732651,Regular,2,Delete,Deployment,true
8.554519597,Regular,55,Create,Deployment,true
8.610137295,Regular,55,Create,ConfigMap,true
8.665450026,Regular,3,Update,Deployment,true
8.66936812,Regular,2,Delete,ConfigMap,true
8.671962312,Regular,1,Delete,Deployment,true
8.67392467,Regular,53,Create,Deployment,true
8.726935712,Regular,54,Create,ConfigMap,true
8.780971921,Regular,2,Update,Deployment,true
8.783524594,Regular,3,Delete,ConfigMap,true
8.787452066,Regular,1,Delete,Deployment,true
8.7893119,Regular,52,Create,Deployment,true
8.841470301,Regular,52,Create,ConfigMap,true
8.893847555,Regular,1,Update,Deployment,true
8.895674978,Regular,2,Delete,ConfigMap,true
8.898042873,Regular,2,Delete,Deployment,true
8.900481621,Regular,52,Create,Deployment,true
8.952647335,Regular,52,Create,ConfigMap,true
9.005158082,Regular,2,Update,Deployment,true
9.00717342,Regular,2,Delete,ConfigMap,true
9.009642726,Regular,1,Delete,Deployment,true
9.011576861,Regular,52,Create,Deployment,true
9.007345465,Regular,1,Update,Deployment,true
9.009188398,Regular,1,Delete,ConfigMap,true
9.010821614,Regular,1,Delete,Deployment,true
9.012131058,Regular,52,Create,Deployment,true
9.064429954,Regular,51,Create,ConfigMap,true
9.11625213,Regular,1,Update,Deployment,true
9.117560321,Regular,1,Delete,ConfigMap,true
9.119202515,Regular,1,Delete,Deployment,true
9.120866289,Regular,52,Create,Deployment,true
9.173199941,Regular,52,Create,ConfigMap,true
9.226132464,Regular,1,Update,Deployment,true
9.227804553,Regular,1,Delete,ConfigMap,true
9.229219066,Regular,1,Delete,Deployment,true
9.230617078,Regular,57,Create,Deployment,true
9.288557244,Regular,52,Create,ConfigMap,true
9.341213295,Regular,2,Update,Deployment,true
9.34386702,Regular,2,Delete,ConfigMap,true
9.345886626,Regular,2,Delete,Deployment,true
9.348564767,Regular,53,Create,Deployment,true
9.402549028,Regular,54,Create,ConfigMap,true
9.457065083,Regular,1,Update,Deployment,true
9.458885262999999,Regular,1,Delete,ConfigMap,true
9.460255953,Regular,1,Delete,Deployment,true
9.461492469,Regular,52,Create,Deployment,true
9.513742172,Regular,53,Create,ConfigMap,true
9.567138312,Regular,1,Update,Deployment,true
9.568581008,Regular,1,Delete,ConfigMap,true
9.569942551,Regular,1,Delete,Deployment,true
9.57136556,Regular,52,Create,Deployment,true
9.624353077,Regular,51,Create,ConfigMap,true
9.676311019,Regular,1,Update,Deployment,true
9.677945397,Regular,1,Delete,ConfigMap,true
9.679828546,Regular,1,Delete,Deployment,true
9.681533287,Regular,52,Create,Deployment,true
9.734421277,Regular,52,Create,ConfigMap,true
9.787207343,Regular,1,Update,Deployment,true
9.78858159,Regular,1,Delete,ConfigMap,true
9.789866248,Regular,1,Delete,Deployment,true
9.791219895,Regular,52,Create,Deployment,true
9.844153972,Regular,52,Create,ConfigMap,true
9.896741784,Regular,2,Update,Deployment,true
9.899063852,Regular,1,Delete,ConfigMap,true
9.900381962,Regular,1,Delete,Deployment,true
9.90155004,Regular,52,Create,Deployment,true
9.953970335,Regular,53,Create,ConfigMap,true
9.005169954,Regular,2,Update,Deployment,true
9.007403365,Regular,2,Delete,ConfigMap,true
9.009934057,Regular,1,Delete,Deployment,true
9.01154972,Regular,52,Create,Deployment,true
9.064471082,Regular,52,Create,ConfigMap,true
9.116518834,Regular,1,Update,Deployment,true
9.117869095,Regular,2,Delete,ConfigMap,true
9.119996575,Regular,1,Delete,Deployment,true
9.121461653,Regular,52,Create,Deployment,true
9.17349095,Regular,53,Create,ConfigMap,true
9.226616719,Regular,2,Update,Deployment,true
9.228683404,Regular,1,Delete,ConfigMap,true
9.230266135,Regular,1,Delete,Deployment,true
9.231725743,Regular,56,Create,Deployment,true
9.288403504,Regular,52,Create,ConfigMap,true
9.341201853,Regular,1,Update,Deployment,true
9.343115289,Regular,2,Delete,ConfigMap,true
9.345621876,Regular,2,Delete,Deployment,true
9.348184378,Regular,54,Create,Deployment,true
9.402887277,Regular,54,Create,ConfigMap,true
9.457049754,Regular,2,Update,Deployment,true
9.459148730999999,Regular,1,Delete,ConfigMap,true
9.460896483,Regular,1,Delete,Deployment,true
9.462624448,Regular,52,Create,Deployment,true
9.51536555,Regular,52,Create,ConfigMap,true
9.567618129,Regular,1,Update,Deployment,true
9.569158398999999,Regular,1,Delete,ConfigMap,true
9.570567021,Regular,1,Delete,Deployment,true
9.571926059,Regular,52,Create,Deployment,true
9.624574706,Regular,52,Create,ConfigMap,true
9.676593333,Regular,1,Update,Deployment,true
9.678225366,Regular,1,Delete,ConfigMap,true
9.680143301,Regular,1,Delete,Deployment,true
9.681865956,Regular,52,Create,Deployment,true
9.734421287,Regular,53,Create,ConfigMap,true
9.787550211,Regular,1,Update,Deployment,true
9.788802628,Regular,1,Delete,ConfigMap,true
9.790084089,Regular,1,Delete,Deployment,true
9.791465039,Regular,52,Create,Deployment,true
9.844473556,Regular,52,Create,ConfigMap,true
9.896503333,Regular,2,Update,Deployment,true
9.899054334,Regular,1,Delete,ConfigMap,true
9.900178318,Regular,1,Delete,Deployment,true
9.901329102,Regular,52,Create,Deployment,true
9.95420567,Regular,53,Create,ConfigMap,true
10.007529864,Regular,1,Update,Deployment,true
10.007580409,Regular,1,Update,Deployment,true
10.009292023,Regular,2,Delete,ConfigMap,true
9.009531135,Regular,1,Delete,ConfigMap,true
9.011529852,Regular,1,Delete,Deployment,true
9.013272585,Regular,53,Create,Deployment,true
9.066997496,Regular,51,Create,ConfigMap,true
9.118722668,Regular,1,Update,Deployment,true
9.120260544,Regular,1,Delete,ConfigMap,true
9.121457726,Regular,1,Delete,Deployment,true
9.122842122,Regular,52,Create,Deployment,true
9.174855028,Regular,51,Create,ConfigMap,true
9.226774567,Regular,1,Update,Deployment,true
9.22875011,Regular,1,Delete,ConfigMap,true
9.230247369,Regular,1,Delete,Deployment,true
9.23161806,Regular,56,Create,Deployment,true
9.288340705,Regular,52,Create,ConfigMap,true
9.341186444,Regular,2,Update,Deployment,true
9.343421077,Regular,2,Delete,ConfigMap,true
9.34566122,Regular,5,Delete,Deployment,true
9.351455629,Regular,54,Create,Deployment,true
9.406210006,Regular,52,Create,ConfigMap,true
9.459132189,Regular,1,Update,Deployment,true
9.460583562,Regular,1,Delete,ConfigMap,true
9.462258637,Regular,2,Delete,Deployment,true
9.464981843,Regular,51,Create,Deployment,true
9.516860154,Regular,51,Create,ConfigMap,true
9.568830308999999,Regular,1,Update,Deployment,true
9.570298443,Regular,1,Delete,ConfigMap,true
9.571626353,Regular,1,Delete,Deployment,true
9.573082865,Regular,54,Create,Deployment,true
9.627207551,Regular,52,Create,ConfigMap,true
9.680178337,Regular,1,Update,Deployment,true
9.681818306,Regular,3,Delete,ConfigMap,true
9.685119454,Regular,3,Delete,Deployment,true
9.688553663,Regular,52,Create,Deployment,true
9.741156414,Regular,51,Create,ConfigMap,true
9.792962849,Regular,1,Update,Deployment,true
9.794102523,Regular,1,Delete,ConfigMap,true
9.795250522,Regular,2,Delete,Deployment,true
9.798209714,Regular,52,Create,Deployment,true
9.850828745,Regular,53,Create,ConfigMap,true
9.904588742,Regular,2,Update,Deployment,true
9.906932902,Regular,1,Delete,ConfigMap,true
9.908650327,Regular,1,Delete,Deployment,true
9.910113582,Regular,51,Create,Deployment,true
9.961792045,Regular,51,Create,ConfigMap,true
9.007392013,Regular,2,Update,Deployment,true
9.009659568,Regular,1,Delete,ConfigMap,true
9.011551774,Regular,1,Delete,Deployment,true
9.013255142,Regular,53,Create,Deployment,true
9.067096343,Regular,51,Create,ConfigMap,true
9.119013067,Regular,1,Update,Deployment,true
9.12026381,Regular,1,Delete,ConfigMap,true
9.121468436,Regular,1,Delete,Deployment,true
9.123104799,Regular,51,Create,Deployment,true
9.174838016,Regular,51,Create,ConfigMap,true
9.226807599,Regular,1,Update,Deployment,true
9.228721336,Regular,1,Delete,ConfigMap,true
9.230282355,Regular,1,Delete,Deployment,true
9.231652094,Regular,56,Create,Deployment,true
9.288256997,Regular,52,Create,ConfigMap,true
9.341186975,Regular,2,Update,Deployment,true
9.343505496,Regular,2,Delete,ConfigMap,true
9.345594574,Regular,2,Delete,Deployment,true
9.348576769,Regular,53,Create,Deployment,true
9.402255102,Regular,55,Create,ConfigMap,true
9.457522037,Regular,1,Update,Deployment,true
9.459151245,Regular,1,Delete,ConfigMap,true
9.460897595,Regular,1,Delete,Deployment,true
9.462500324,Regular,52,Create,Deployment,true
9.515345122,Regular,52,Create,ConfigMap,true
9.567584465,Regular,1,Update,Deployment,true
9.569251776,Regular,1,Delete,ConfigMap,true
9.570796344,Regular,2,Delete,Deployment,true
9.573102662,Regular,54,Create,Deployment,true
9.627196921,Regular,52,Create,ConfigMap,true
9.680173979,Regular,2,Update,Deployment,true
9.682468615,Regular,3,Delete,ConfigMap,true
9.686321435,Regular,2,Delete,Deployment,true
9.688543945,Regular,52,Create,Deployment,true
9.741485706,Regular,52,Create,ConfigMap,true
9.793803498,Regular,1,Update,Deployment,true
9.794866426,Regular,1,Delete,ConfigMap,true
9.796166182,Regular,1,Delete,Deployment,true
9.797855194,Regular,52,Create,Deployment,true
9.850603579,Regular,53,Create,ConfigMap,true
9.904349249,Regular,2,Update,Deployment,true
9.906378203,Regular,1,Delete,ConfigMap,true
9.907875733000001,Regular,1,Delete,Deployment,true
9.909627353,Regular,51,Create,Deployment,true
9.961468885,Regular,51,Create,ConfigMap,true
10.013177315,Regular,3,Update,Deployment,true
10.016531924,Regular,1,Delete,ConfigMap,true
9.004969926,Regular,2,Update,Deployment,true
9.007587493,Regular,2,Delete,ConfigMap,true
9.009678073,Regular,1,Delete,Deployment,true
9.011283887,Regular,53,Create,Deployment,true
9.064466924,Regular,52,Create,ConfigMap,true
9.116526468,Regular,1,Update,Deployment,true
9.117944497,Regular,2,Delete,ConfigMap,true
9.119983981,Regular,1,Delete,Deployment,true
9.121199648,Regular,52,Create,Deployment,true
9.173467206,Regular,52,Create,ConfigMap,true
9.226400971,Regular,2,Update,Deployment,true
9.228562845999999,Regular,1,Delete,ConfigMap,true
9.230249143,Regular,1,Delete,Deployment,true
9.231657604,Regular,57,Create,Deployment,true
9.288787129,Regular,52,Create,ConfigMap,true
9.341186434,Regular,2,Update,Deployment,true
9.343426006,Regular,2,Delete,ConfigMap,true
9.345950377,Regular,2,Delete,Deployment,true
9.348523769,Regular,53,Create,Deployment,true
9.402254291,Regular,55,Create,ConfigMap,true
9.457447466,Regular,1,Update,Deployment,true
9.459176864,Regular,1,Delete,ConfigMap,true
9.460913335,Regular,1,Delete,Deployment,true
9.462535721,Regular,52,Create,Deployment,true
9.515111129,Regular,52,Create,ConfigMap,true
9.567636874,Regular,1,Update,Deployment,true
9.569201651,Regular,1,Delete,ConfigMap,true
9.570806494,Regular,2,Delete,Deployment,true
9.572855325,Regular,54,Create,Deployment,true
9.626919918,Regular,53,Create,ConfigMap,true
9.68042882,Regular,3,Update,Deployment,true
9.683867819,Regular,4,Delete,ConfigMap,true
9.688706352,Regular,2,Delete,Deployment,true
9.691558191,Regular,53,Create,Deployment,true
9.745346551,Regular,52,Create,ConfigMap,true
9.798194816,Regular,1,Update,Deployment,true
9.799761015,Regular,1,Delete,ConfigMap,true
9.801156031,Regular,1,Delete,Deployment,true
9.802578449,Regular,52,Create,Deployment,true
9.855489813,Regular,52,Create,ConfigMap,true
9.908115336,Regular,1,Update,Deployment,true
9.909996811,Regular,1,Delete,ConfigMap,true
9.911395514,Regular,1,Delete,Deployment,true
9.912615599,Regular,53,Create,Deployment,true
9.965983706,Regular,52,Create,ConfigMap,true
9.064463638,Regular,52,Create,ConfigMap,true
9.116547418,Regular,1,Update,Deployment,true
9.117837866,Regular,1,Delete,ConfigMap,true
9.119370963,Regular,1,Delete,Deployment,true
9.120591179,Regular,52,Create,Deployment,true
9.173445775,Regular,53,Create,ConfigMap,true
9.226736154,Regular,1,Update,Deployment,true
9.228683514,Regular,1,Delete,ConfigMap,true
9.230249143,Regular,1,Delete,Deployment,true
9.231759657,Regular,56,Create,Deployment,true
9.288256957,Regular,52,Create,ConfigMap,true
9.341186514,Regular,2,Update,Deployment,true
9.343474167,Regular,2,Delete,ConfigMap,true
9.345785014,Regular,3,Delete,Deployment,true
9.348880754,Regular,53,Create,Deployment,true
9.402522267,Regular,54,Create,ConfigMap,true
9.457500516,Regular,1,Update,Deployment,true
9.459140706,Regular,1,Delete,ConfigMap,true
9.460922342,Regular,1,Delete,Deployment,true
9.462573743,Regular,52,Create,Deployment,true
9.515100229,Regular,52,Create,ConfigMap,true
9.567558767,Regular,1,Update,Deployment,true
9.568948783,Regular,1,Delete,ConfigMap,true
9.570558024,Regular,2,Delete,Deployment,true
9.573102652,Regular,54,Create,Deployment,true
9.627116179,Regular,53,Create,ConfigMap,true
9.680415605,Regular,2,Update,Deployment,true
9.683377071,Regular,5,Delete,ConfigMap,true
9.688560266,Regular,3,Delete,Deployment,true
9.692552961,Regular,52,Create,Deployment,true
9.745370076,Regular,52,Create,ConfigMap,true
9.798203061,Regular,1,Update,Deployment,true
9.799991771,Regular,1,Delete,ConfigMap,true
9.801410763,Regular,1,Delete,Deployment,true
9.803363863,Regular,52,Create,Deployment,true
9.855460718,Regular,53,Create,ConfigMap,true
9.909291819,Regular,1,Update,Deployment,true
9.910552732,Regular,1,Delete,ConfigMap,true
9.911752268,Regular,1,Delete,Deployment,true
9.912965781,Regular,53,Create,Deployment,true
9.966030685,Regular,52,Create,ConfigMap,true
9.005168822,Regular,1,Update,Deployment,true
9.007161177,Regular,2,Delete,ConfigMap,true
9.009682151,Regular,1,Delete,Deployment,true
9.011574006,Regular,52,Create,Deployment,true
9.064439733,Regular,52,Create,ConfigMap,true
9.116491853,Regular,1,Update,Deployment,true
9.117802399,Regular,2,Delete,ConfigMap,true
9.119972239,Regular,1,Delete,Deployment,true
9.121334152,Regular,52,Create,Deployment,true
9.17349101,Regular,53,Create,ConfigMap,true
9.226600919,Regular,2,Update,Deployment,true
9.228756703,Regular,1,Delete,ConfigMap,true
9.230273008,Regular,1,Delete,Deployment,true
9.231652094,Regular,56,Create,Deployment,true
9.288256826,Regular,53,Create,ConfigMap,true
9.341478106,Regular,1,Update,Deployment,true
9.343502621,Regular,2,Delete,ConfigMap,true
9.345594264,Regular,2,Delete,Deployment,true
9.348550159,Regular,53,Create,Deployment,true
9.402255904,Regular,54,Create,ConfigMap,true
9.457067598,Regular,2,Update,Deployment,true
9.459165352,Regular,1,Delete,ConfigMap,true
9.46078376,Regular,1,Delete,Deployment,true
9.462529128,Regular,52,Create,Deployment,true
9.515329823,Regular,52,Create,ConfigMap,true
9.567595686,Regular,1,Update,Deployment,true
9.569194267,Regular,1,Delete,ConfigMap,true
9.570616404,Regular,2,Delete,Deployment,true
9.573082484,Regular,53,Create,Deployment,true
9.627147418,Regular,53,Create,ConfigMap,true
9.680447546,Regular,2,Update,Deployment,true
9.683266703,Regular,5,Delete,ConfigMap,true
9.688606223,Regular,3,Delete,Deployment,true
9.692238316,Regular,53,Create,Deployment,true
9.745299503,Regular,52,Create,ConfigMap,true
9.798176451,Regular,1,Update,Deployment,true
9.800016267,Regular,1,Delete,ConfigMap,true
9.801401185,Regular,1,Delete,Deployment,true
9.803373982,Regular,52,Create,Deployment,true
9.855477299,Regular,52,Create,ConfigMap,true
9.907507076,Regular,2,Update,Deployment,true
9.909616222,Regular,1,Delete,ConfigMap,true
9.911153337,Regular,1,Delete,Deployment,true
9.912374223,Regular,53,Create,Deployment,true
9.966005638,Regular,52,Create,ConfigMap,true
9.011557094,Regular,1,Delete,Deployment,true
9.013006753,Regular,53,Create,Deployment,true
9.06658671,Regular,51,Create,ConfigMap,true
9.118423062,Regular,1,Update,Deployment,true
9.119747234,Regular,1,Delete,ConfigMap,true
9.121014818999999,Regular,1,Delete,Deployment,true
9.12243895,Regular,52,Create,Deployment,true
9.174625795,Regular,52,Create,ConfigMap,true
9.226803993,Regular,1,Update,Deployment,true
9.228711357,Regular,1,Delete,ConfigMap,true
9.230012896,Regular,1,Delete,Deployment,true
9.231336006,Regular,56,Create,Deployment,true
9.288265513,Regular,52,Create,ConfigMap,true
9.341186975,Regular,2,Update,Deployment,true
9.343544941,Regular,2,Delete,ConfigMap,true
9.345675708,Regular,2,Delete,Deployment,true
9.348523769,Regular,54,Create,Deployment,true
9.402863041,Regular,54,Create,ConfigMap,true
9.457092785,Regular,2,Update,Deployment,true
9.459112322,Regular,1,Delete,ConfigMap,true
9.460896403,Regular,1,Delete,Deployment,true
9.4625193,Regular,52,Create,Deployment,true
9.515154862,Regular,52,Create,ConfigMap,true
9.567641743,Regular,1,Update,Deployment,true
9.569244011,Regular,1,Delete,ConfigMap,true
9.570796344,Regular,2,Delete,Deployment,true
9.573070421,Regular,53,Create,Deployment,true
9.627010519,Regular,53,Create,ConfigMap,true
9.680453577,Regular,3,Update,Deployment,true
9.683612977,Regular,5,Delete,ConfigMap,true
9.688782856,Regular,3,Delete,Deployment,true
9.691966132,Regular,53,Create,Deployment,true
9.745384613,Regular,52,Create,ConfigMap,true
9.798178244,Regular,1,Update,Deployment,true
9.800016257,Regular,1,Delete,ConfigMap,true
9.801400042000001,Regular,1,Delete,Deployment,true
9.80327208,Regular,52,Create,Deployment,true
9.855460688,Regular,53,Create,ConfigMap,true
9.908905439,Regular,1,Update,Deployment,true
9.9105624,Regular,1,Delete,ConfigMap,true
9.911981742,Regular,1,Delete,Deployment,true
9.913262081,Regular,52,Create,Deployment,true
9.965996921,Regular,52,Create,ConfigMap,true
10.018221366,Regular,1,Update,Deployment,true
10.019476378,Regular,1,Delete,ConfigMap,true
9.028743229,Regular,1,Update,Deployment,true
9.029822799,Regular,1,Delete,ConfigMap,true
9.030883223,Regular,1,Delete,Deployment,true
9.031958756,Regular,52,Create,Deployment,true
9.083972964,Regular,52,Create,ConfigMap,true
9.136284323,Regular,1,Update,Deployment,true
9.137397647,Regular,1,Delete,ConfigMap,true
9.138573679,Regular,1,Delete,Deployment,true
9.139653059,Regular,52,Create,Deployment,true
9.192240119,Regular,51,Create,ConfigMap,true
9.243978877,Regular,1,Update,Deployment,true
9.245877926,Regular,2,Delete,ConfigMap,true
9.248197378,Regular,1,Delete,Deployment,true
9.249517183,Regular,52,Create,Deployment,true
9.302207058,Regular,53,Create,ConfigMap,true
9.35522388,Regular,1,Update,Deployment,true
9.356404661,Regular,1,Delete,ConfigMap,true
9.357523185,Regular,1,Delete,Deployment,true
9.358695741,Regular,55,Create,Deployment,true
9.414523124,Regular,53,Create,ConfigMap,true
9.467985359,Regular,1,Update,Deployment,true
9.469711651,Regular,1,Delete,ConfigMap,true
9.471048377,Regular,1,Delete,Deployment,true
9.472179724,Regular,51,Create,Deployment,true
9.524165299,Regular,51,Create,ConfigMap,true
9.575632934,Regular,1,Update,Deployment,true
9.576736479000001,Regular,1,Delete,ConfigMap,true
9.577761816,Regular,1,Delete,Deployment,true
9.578956885,Regular,52,Create,Deployment,true
9.631016168,Regular,53,Create,ConfigMap,true
9.684859202,Regular,4,Update,Deployment,true
9.688876864000001,Regular,3,Delete,ConfigMap,true
9.692257061,Regular,4,Delete,Deployment,true
9.696952434,Regular,52,Create,Deployment,true
9.749767796,Regular,53,Create,ConfigMap,true
9.80327217,Regular,4,Update,Deployment,true
9.808138556,Regular,1,Delete,ConfigMap,true
9.809726456,Regular,1,Delete,Deployment,true
9.810861291,Regular,52,Create,Deployment,true
9.863348132,Regular,52,Create,ConfigMap,true
9.916052534,Regular,1,Update,Deployment,true
9.917192308,Regular,1,Delete,ConfigMap,true
9.918562607,Regular,1,Delete,Deployment,true
9.920243524,Regular,52,Create,Deployment,true
9.972787793,Regular,52,Create,ConfigMap,true
9.028572938,Regular,1,Update,Deployment,true
9.029605869,Regular,1,Delete,ConfigMap,true
9.03068607,Regular,1,Delete,Deployment,true
9.031735363,Regular,52,Create,Deployment,true
9.084229548,Regular,51,Create,ConfigMap,true
9.136085688,Regular,1,Update,Deployment,true
9.137173734,Regular,1,Delete,ConfigMap,true
9.138376086,Regular,1,Delete,Deployment,true
9.139436259,Regular,52,Create,Deployment,true
9.192019913,Regular,51,Create,ConfigMap,true
9.243978997,Regular,4,Update,Deployment,true
9.248302938,Regular,1,Delete,ConfigMap,true
9.249750894,Regular,1,Delete,Deployment,true
9.250951112,Regular,52,Create,Deployment,true
9.303103982,Regular,52,Create,ConfigMap,true
9.35521355,Regular,1,Update,Deployment,true
9.356637591,Regular,1,Delete,ConfigMap,true
9.357730517,Regular,1,Delete,Deployment,true
9.358947897,Regular,55,Create,Deployment,true
9.414501684,Regular,53,Create,ConfigMap,true
9.468037327,Regular,1,Update,Deployment,true
9.469485203,Regular,1,Delete,ConfigMap,true
9.47084896,Regular,1,Delete,Deployment,true
9.47196554,Regular,51,Create,Deployment,true
9.523952026,Regular,51,Create,ConfigMap,true
9.575823324,Regular,1,Update,Deployment,true
9.576942979,Regular,1,Delete,ConfigMap,true
9.578120705,Regular,1,Delete,Deployment,true
9.579226965,Regular,51,Create,Deployment,true
9.630803837,Regular,52,Create,ConfigMap,true
9.683160652,Regular,5,Update,Deployment,true
9.688543935,Regular,3,Delete,ConfigMap,true
9.691924212,Regular,4,Delete,Deployment,true
9.696591201,Regular,52,Create,Deployment,true
9.749490722,Regular,53,Create,ConfigMap,true
9.803011267,Regular,4,Update,Deployment,true
9.807957203,Regular,1,Delete,ConfigMap,true
9.809408095,Regular,1,Delete,Deployment,true
9.810625836,Regular,53,Create,Deployment,true
9.863692142,Regular,52,Create,ConfigMap,true
9.915860672,Regular,1,Update,Deployment,true
9.916990156,Regular,1,Delete,ConfigMap,true
9.918321762,Regular,1,Delete,Deployment,true
9.920231189999999,Regular,51,Create,Deployment,true
9.97198658,Regular,52,Create,ConfigMap,true
10.024855663,Regular,1,Update,Deployment,true
10.017791013,Regular,1,Delete,Deployment,true
10.019105337,Regular,53,Create,Deployment,true
10.072490596,Regular,52,Create,ConfigMap,true
10.124950897,Regular,2,Update,Deployment,true
10.12728622,Regular,2,Delete,ConfigMap,true
10.013680937,Regular,2,Update,Deployment,true
10.016266232,Regular,1,Delete,ConfigMap,true
10.017799098,Regular,1,Delete,Deployment,true
10.019368334,Regular,52,Create,Deployment,true
10.072153539,Regular,52,Create,ConfigMap,true
10.12453438,Regular,2,Update,Deployment,true
10.12728621,Regular,2,Delete,ConfigMap,true
10.130013523,Regular,1,Delete,Deployment,true
10.131470246,Regular,52,Create,Deployment,true
10.183835157,Regular,52,Create,ConfigMap,true
