start_time,role,duration_ms,operation,resource,is_error
0.002433351,Regular,59,Create,Deployment,true
0.002330385,Regular,66,Create,Deployment,true
0.002666503,Regular,69,Create,Deployment,true
0.00234327,Regular,66,Create,Deployment,true
0.069146286,Regular,53,Create,ConfigMap,true
0.002671513,Regular,58,Create,Deployment,true
0.061569609,Regular,61,Create,ConfigMap,true
0.002665652,Regular,66,Create,Deployment,true
0.069484939,Regular,53,Create,ConfigMap,true
0.002665812,Regular,66,Create,Deployment,true
0.068953199,Regular,54,Create,ConfigMap,true
0.002325275,Regular,66,Create,Deployment,true
0.068846055,Regular,54,Create,ConfigMap,true
0.12351975,Regular,10,Update,Deployment,true
0.134297725,Regular,5,Delete,ConfigMap,true
0.139620121,Regular,5,Delete,Deployment,true
0.144963858,Regular,52,Create,Deployment,true
0.197175388,Regular,55,Create,ConfigMap,true
0.253165071,Regular,2,Update,Deployment,true
0.255990075,Regular,2,Delete,ConfigMap,true
0.258832773,Regular,2,Delete,Deployment,true
0.260970693,Regular,52,Create,Deployment,true
0.313873244,Regular,57,Create,ConfigMap,true
0.370927249,Regular,5,Update,Deployment,true
0.376609528,Regular,2,Delete,ConfigMap,true
0.37943854,Regular,2,Delete,Deployment,true
0.381878303,Regular,53,Create,Deployment,true
0.435196343,Regular,52,Create,ConfigMap,true
0.487477425,Regular,1,Update,Deployment,true
0.488815365,Regular,2,Delete,ConfigMap,true
0.491708359,Regular,2,Delete,Deployment,true
0.494091504,Regular,52,Create,Deployment,true
0.546664129,Regular,51,Create,ConfigMap,true
0.598517709,Regular,1,Update,Deployment,true
0.599750059,Regular,1,Delete,ConfigMap,true
0.601199621,Regular,2,Delete,Deployment,true
0.603223745,Regular,53,Create,Deployment,true
0.656679757,Regular,52,Create,ConfigMap,true
0.709200674,Regular,1,Update,Deployment,true
0.710560897,Regular,1,Delete,ConfigMap,true
0.71180536,Regular,1,Delete,Deployment,true
0.713567105,Regular,53,Create,Deployment,true
0.766719451,Regular,52,Create,ConfigMap,true
0.818904771,Regular,1,Update,Deployment,true
0.820372167,Regular,1,Delete,ConfigMap,true
0.821997363,Regular,4,Delete,Deployment,true
0.826312888,Regular,53,Create,Deployment,true
0.879605329,Regular,52,Create,ConfigMap,true
0.932340954,Regular,1,Update,Deployment,true
0.933647565,Regular,1,Delete,ConfigMap,true
0.935197168,Regular,1,Delete,Deployment,true
0.936870846,Regular,53,Create,Deployment,true
0.990523381,Regular,52,Create,ConfigMap,true
0.12322487,Regular,7,Update,Deployment,true
0.130541473,Regular,6,Delete,ConfigMap,true
0.13655923,Regular,3,Delete,Deployment,true
0.139714972,Regular,53,Create,Deployment,true
0.193553771,Regular,53,Create,ConfigMap,true
0.246623791,Regular,6,Update,Deployment,true
0.253609084,Regular,2,Delete,ConfigMap,true
0.256411846,Regular,2,Delete,Deployment,true
0.258853252,Regular,54,Create,Deployment,true
0.313656352,Regular,58,Create,ConfigMap,true
0.372514022,Regular,5,Update,Deployment,true
0.378255133,Regular,2,Delete,ConfigMap,true
0.380753918,Regular,4,Delete,Deployment,true
0.385507183,Regular,53,Create,Deployment,true
0.438568526,Regular,53,Create,ConfigMap,true
0.491893089,Regular,2,Update,Deployment,true
0.49411583,Regular,1,Delete,ConfigMap,true
0.495886682,Regular,1,Delete,Deployment,true
0.497532938,Regular,52,Create,Deployment,true
0.549639449,Regular,51,Create,ConfigMap,true
0.601555788,Regular,1,Update,Deployment,true
0.603278589,Regular,4,Delete,ConfigMap,true
0.607533588,Regular,2,Delete,Deployment,true
0.609669423,Regular,51,Create,Deployment,true
0.661615389,Regular,51,Create,ConfigMap,true
0.713546847,Regular,1,Update,Deployment,true
0.714920204,Regular,1,Delete,ConfigMap,true
0.716451242,Regular,1,Delete,Deployment,true
0.717752873,Regular,51,Create,Deployment,true
0.769415069,Regular,51,Create,ConfigMap,true
0.821262618,Regular,1,Update,Deployment,true
0.823003584,Regular,5,Delete,ConfigMap,true
0.828084251,Regular,2,Delete,Deployment,true
0.830208344,Regular,52,Create,Deployment,true
0.882654058,Regular,53,Create,ConfigMap,true
0.936090604,Regular,1,Update,Deployment,true
0.937825098,Regular,1,Delete,ConfigMap,true
0.939447418,Regular,1,Delete,Deployment,true
0.940945593,Regular,51,Create,Deployment,true
0.992951842,Regular,52,Create,ConfigMap,true
0.122989112,Regular,11,Update,Deployment,true
0.134508766,Regular,5,Delete,ConfigMap,true
0.139831363,Regular,5,Delete,Deployment,true
0.144921618,Regular,52,Create,Deployment,true
0.197489725,Regular,55,Create,ConfigMap,true
0.253485309,Regular,2,Update,Deployment,true
0.256206366,Regular,2,Delete,ConfigMap,true
0.25890477,Regular,2,Delete,Deployment,true
0.261287304,Regular,52,Create,Deployment,true
0.314049028,Regular,57,Create,ConfigMap,true
0.37191772,Regular,6,Update,Deployment,true
0.378737689,Regular,2,Delete,ConfigMap,true
0.381403962,Regular,3,Delete,Deployment,true
0.385137461,Regular,53,Create,Deployment,true
0.438581972,Regular,53,Create,ConfigMap,true
0.492077039,Regular,2,Update,Deployment,true
0.494090752,Regular,1,Delete,ConfigMap,true
0.495912391,Regular,1,Delete,Deployment,true
0.497542486,Regular,51,Create,Deployment,true
0.549391558,Regular,52,Create,ConfigMap,true
0.601522695,Regular,1,Update,Deployment,true
0.603217853,Regular,4,Delete,ConfigMap,true
0.607690977,Regular,3,Delete,Deployment,true
0.610728374,Regular,52,Create,Deployment,true
0.662905839,Regular,51,Create,ConfigMap,true
0.714682523,Regular,1,Update,Deployment,true
0.715909603,Regular,1,Delete,ConfigMap,true
0.717200604,Regular,1,Delete,Deployment,true
0.718309059,Regular,51,Create,Deployment,true
0.770013115,Regular,52,Create,ConfigMap,true
0.822221078,Regular,5,Update,Deployment,true
0.827404841,Regular,2,Delete,ConfigMap,true
0.829790891,Regular,1,Delete,Deployment,true
0.831237308,Regular,52,Create,Deployment,true
0.883451252,Regular,52,Create,ConfigMap,true
0.935478312,Regular,1,Update,Deployment,true
0.937071627,Regular,2,Delete,ConfigMap,true
0.939229113,Regular,1,Delete,Deployment,true
0.94092831,Regular,52,Create,Deployment,true
0.992981178,Regular,52,Create,ConfigMap,true
0.00235929,Regular,66,Create,Deployment,true
0.068451496,Regular,54,Create,ConfigMap,true
0.123189944,Regular,7,Update,Deployment,true
0.130909051,Regular,4,Delete,ConfigMap,true
0.135689218,Regular,4,Delete,Deployment,true
0.140277159,Regular,53,Create,Deployment,true
0.193364511,Regular,53,Create,ConfigMap,true
0.246614072,Regular,7,Update,Deployment,true
0.253818171,Regular,2,Delete,ConfigMap,true
0.256062673,Regular,2,Delete,Deployment,true
0.258920339,Regular,54,Create,Deployment,true
0.313452325,Regular,58,Create,ConfigMap,true
0.371502942,Regular,4,Update,Deployment,true
0.37631046,Regular,2,Delete,ConfigMap,true
0.3784116,Regular,2,Delete,Deployment,true
0.3807341,Regular,54,Create,Deployment,true
0.435216752,Regular,52,Create,ConfigMap,true
0.487479319,Regular,1,Update,Deployment,true
0.488890759,Regular,3,Delete,ConfigMap,true
0.491963543,Regular,2,Delete,Deployment,true
0.494117814,Regular,52,Create,Deployment,true
0.54667026,Regular,52,Create,ConfigMap,true
0.598777723,Regular,1,Update,Deployment,true
0.600070207,Regular,1,Delete,ConfigMap,true
0.601548163,Regular,2,Delete,Deployment,true
0.603586393,Regular,53,Create,Deployment,true
0.656712449,Regular,52,Create,ConfigMap,true
0.709186868,Regular,1,Update,Deployment,true
0.710589481,Regular,1,Delete,ConfigMap,true
0.711812524,Regular,1,Delete,Deployment,true
0.713605178,Regular,53,Create,Deployment,true
0.766906416,Regular,52,Create,ConfigMap,true
0.819174934,Regular,1,Update,Deployment,true
0.820666456,Regular,1,Delete,ConfigMap,true
0.822402853,Regular,5,Delete,Deployment,true
0.827784221,Regular,53,Create,Deployment,true
0.881041707,Regular,52,Create,ConfigMap,true
0.933665129,Regular,1,Update,Deployment,true
0.935118999,Regular,1,Delete,ConfigMap,true
0.936734597,Regular,2,Delete,Deployment,true
0.938899337,Regular,53,Create,Deployment,true
0.992733357,Regular,52,Create,ConfigMap,true
0.072437314,Regular,58,Create,ConfigMap,true
0.131085987,Regular,5,Update,Deployment,true
0.136488024,Regular,4,Delete,ConfigMap,true
0.140599661,Regular,3,Delete,Deployment,true
0.143877776,Regular,52,Create,Deployment,true
0.196019443,Regular,57,Create,ConfigMap,true
0.253898915,Regular,2,Update,Deployment,true
0.256212658,Regular,2,Delete,ConfigMap,true
0.258859834,Regular,2,Delete,Deployment,true
0.261241918,Regular,52,Create,Deployment,true
0.314062444,Regular,59,Create,ConfigMap,true
0.373408881,Regular,4,Update,Deployment,true
0.378293616,Regular,2,Delete,ConfigMap,true
0.38052854,Regular,5,Delete,Deployment,true
0.385848742,Regular,52,Create,Deployment,true
0.438557365,Regular,53,Create,ConfigMap,true
0.49189877,Regular,2,Update,Deployment,true
0.494146949,Regular,1,Delete,ConfigMap,true
0.496081152,Regular,1,Delete,Deployment,true
0.497558146,Regular,52,Create,Deployment,true
0.549652714,Regular,51,Create,ConfigMap,true
0.601528546,Regular,1,Update,Deployment,true
0.603099899,Regular,4,Delete,ConfigMap,true
0.607449058,Regular,2,Delete,Deployment,true
0.609617164,Regular,51,Create,Deployment,true
0.661383349,Regular,52,Create,ConfigMap,true
0.713579158,Regular,1,Update,Deployment,true
0.714974848,Regular,1,Delete,ConfigMap,true
0.716787129,Regular,1,Delete,Deployment,true
0.718081697,Regular,51,Create,Deployment,true
0.769785503,Regular,51,Create,ConfigMap,true
0.821549593,Regular,2,Update,Deployment,true
0.824367133,Regular,3,Delete,ConfigMap,true
0.827448875,Regular,2,Delete,Deployment,true
0.830115999,Regular,52,Create,Deployment,true
0.88268654,Regular,53,Create,ConfigMap,true
0.935840639,Regular,1,Update,Deployment,true
0.937255125,Regular,2,Delete,ConfigMap,true
0.939291933,Regular,1,Delete,Deployment,true
0.941005577,Regular,52,Create,Deployment,true
0.993071229,Regular,52,Create,ConfigMap,true
0.002453349,Regular,66,Create,Deployment,true
0.069122731,Regular,53,Create,ConfigMap,true
0.122950078,Regular,7,Update,Deployment,true
0.130904092,Regular,5,Delete,ConfigMap,true
0.136282574,Regular,3,Delete,Deployment,true
0.140204531,Regular,54,Create,Deployment,true
0.194357267,Regular,53,Create,ConfigMap,true
0.247604493,Regular,6,Update,Deployment,true
0.2536331,Regular,2,Delete,ConfigMap,true
0.255888092,Regular,2,Delete,Deployment,true
0.258114309,Regular,53,Create,Deployment,true
0.311679769,Regular,55,Create,ConfigMap,true
0.367360276,Regular,6,Update,Deployment,true
0.373408891,Regular,5,Delete,ConfigMap,true
0.37889104,Regular,3,Delete,Deployment,true
0.382057302,Regular,54,Create,Deployment,true
0.43656368,Regular,52,Create,ConfigMap,true
0.488816728,Regular,2,Update,Deployment,true
0.491417366,Regular,1,Delete,ConfigMap,true
0.493145748,Regular,2,Delete,Deployment,true
0.495390861,Regular,53,Create,Deployment,true
0.54861347,Regular,51,Create,ConfigMap,true
0.600339578,Regular,1,Update,Deployment,true
0.601771697,Regular,1,Delete,ConfigMap,true
0.603064943,Regular,4,Delete,Deployment,true
0.6077347,Regular,52,Create,Deployment,true
0.660181536,Regular,51,Create,ConfigMap,true
0.711793257,Regular,1,Update,Deployment,true
0.713567766,Regular,1,Delete,ConfigMap,true
0.715239461,Regular,1,Delete,Deployment,true
0.716827847,Regular,51,Create,Deployment,true
0.768433285,Regular,52,Create,ConfigMap,true
0.820737591,Regular,2,Update,Deployment,true
0.822989988,Regular,5,Delete,ConfigMap,true
0.828002255,Regular,1,Delete,Deployment,true
0.829501452,Regular,52,Create,Deployment,true
0.881535184,Regular,52,Create,ConfigMap,true
0.933664968,Regular,1,Update,Deployment,true
0.935215432,Regular,1,Delete,ConfigMap,true
0.93684136,Regular,2,Delete,Deployment,true
0.939271203,Regular,53,Create,Deployment,true
0.992792049,Regular,53,Create,ConfigMap,true
0.061590368,Regular,61,Create,ConfigMap,true
0.122942905,Regular,8,Update,Deployment,true
0.131512888,Regular,5,Delete,ConfigMap,true
0.1366488,Regular,2,Delete,Deployment,true
0.13930843,Regular,56,Create,Deployment,true
0.195339903,Regular,54,Create,ConfigMap,true
0.249537944,Regular,4,Update,Deployment,true
0.253631417,Regular,1,Delete,ConfigMap,true
0.255555731,Regular,1,Delete,Deployment,true
0.257216724,Regular,53,Create,Deployment,true
0.310307584,Regular,56,Create,ConfigMap,true
0.366987698,Regular,7,Update,Deployment,true
0.37487762,Regular,3,Delete,ConfigMap,true
0.378298425,Regular,1,Delete,Deployment,true
0.380201569,Regular,54,Create,Deployment,true
0.434914608,Regular,52,Create,ConfigMap,true
0.487236247,Regular,1,Update,Deployment,true
0.488476101,Regular,2,Delete,ConfigMap,true
0.491453264,Regular,1,Delete,Deployment,true
0.49343643,Regular,52,Create,Deployment,true
0.546388265,Regular,52,Create,ConfigMap,true
0.598776089,Regular,1,Update,Deployment,true
0.600017366,Regular,1,Delete,ConfigMap,true
0.601470606,Regular,1,Delete,Deployment,true
0.603203486,Regular,53,Create,Deployment,true
0.656446735,Regular,52,Create,ConfigMap,true
0.709144888,Regular,1,Update,Deployment,true
0.710366488,Regular,1,Delete,ConfigMap,true
0.711561106,Regular,1,Delete,Deployment,true
0.713301852,Regular,53,Create,Deployment,true
0.766836523,Regular,52,Create,ConfigMap,true
0.819196905,Regular,1,Update,Deployment,true
0.82068951,Regular,1,Delete,ConfigMap,true
0.822643961,Regular,4,Delete,Deployment,true
0.827060928,Regular,52,Create,Deployment,true
0.879988116,Regular,52,Create,ConfigMap,true
0.932092372,Regular,1,Update,Deployment,true
0.933387411,Regular,1,Delete,ConfigMap,true
0.934704602,Regular,2,Delete,Deployment,true
0.936972729,Regular,53,Create,Deployment,true
0.990112641,Regular,52,Create,ConfigMap,true
1.042743707,Regular,3,Update,Deployment,true
1.046108517,Regular,5,Delete,ConfigMap,true
0.068803314,Regular,58,Create,ConfigMap,true
0.127135616,Regular,6,Update,Deployment,true
0.134019868,Regular,6,Delete,ConfigMap,true
0.140095614,Regular,4,Delete,Deployment,true
0.144503664,Regular,52,Create,Deployment,true
0.196772593,Regular,57,Create,ConfigMap,true
0.253898925,Regular,2,Update,Deployment,true
0.255940551,Regular,3,Delete,ConfigMap,true
0.259155867,Regular,2,Delete,Deployment,true
0.261236267,Regular,52,Create,Deployment,true
0.313950291,Regular,60,Create,ConfigMap,true
0.374654877,Regular,4,Update,Deployment,true
0.378906961,Regular,2,Delete,ConfigMap,true
0.381816836,Regular,3,Delete,Deployment,true
0.385140787,Regular,53,Create,Deployment,true
0.438589446,Regular,53,Create,ConfigMap,true
0.491904651,Regular,1,Update,Deployment,true
0.493835808,Regular,1,Delete,ConfigMap,true
0.495766554,Regular,1,Delete,Deployment,true
0.497294505,Regular,52,Create,Deployment,true
0.549495074,Regular,52,Create,ConfigMap,true
0.601505652,Regular,2,Update,Deployment,true
0.603561035,Regular,3,Delete,ConfigMap,true
0.60748726,Regular,3,Delete,Deployment,true
0.61072639,Regular,51,Create,Deployment,true
0.662561245,Regular,51,Create,ConfigMap,true
0.714456754,Regular,1,Update,Deployment,true
0.715670058,Regular,1,Delete,ConfigMap,true
0.716874285,Regular,1,Delete,Deployment,true
0.718326633,Regular,53,Create,Deployment,true
0.771471544,Regular,52,Create,ConfigMap,true
0.824125624,Regular,2,Update,Deployment,true
0.827079673,Regular,2,Delete,ConfigMap,true
0.829859001,Regular,1,Delete,Deployment,true
0.831468747,Regular,52,Create,Deployment,true
0.884006566,Regular,52,Create,ConfigMap,true
0.936112285,Regular,1,Update,Deployment,true
0.938097765,Regular,1,Delete,ConfigMap,true
0.939572956,Regular,2,Delete,Deployment,true
0.941650531,Regular,52,Create,Deployment,true
0.994215983,Regular,52,Create,ConfigMap,true
1.046335638,Regular,6,Update,Deployment,true
0.123153575,Regular,7,Update,Deployment,true
0.130977661,Regular,4,Delete,ConfigMap,true
0.135940695,Regular,2,Delete,Deployment,true
0.138932205,Regular,54,Create,Deployment,true
0.193040055,Regular,53,Create,ConfigMap,true
0.246618551,Regular,7,Update,Deployment,true
0.25414917,Regular,1,Delete,ConfigMap,true
0.255942365,Regular,2,Delete,Deployment,true
0.258892266,Regular,54,Create,Deployment,true
0.313598422,Regular,58,Create,ConfigMap,true
0.37218676,Regular,6,Update,Deployment,true
0.378776172,Regular,1,Delete,ConfigMap,true
0.38066061,Regular,4,Delete,Deployment,true
0.385104017,Regular,53,Create,Deployment,true
0.438256604,Regular,52,Create,ConfigMap,true
0.491104041,Regular,1,Update,Deployment,true
0.492739056,Regular,2,Delete,ConfigMap,true
0.495738571,Regular,1,Delete,Deployment,true
0.497301358,Regular,52,Create,Deployment,true
0.549652714,Regular,52,Create,ConfigMap,true
0.601758402,Regular,1,Update,Deployment,true
0.60320573,Regular,2,Delete,ConfigMap,true
0.606088123,Regular,1,Delete,Deployment,true
0.607432246,Regular,52,Create,Deployment,true
0.660385434,Regular,51,Create,ConfigMap,true
0.711795752,Regular,1,Update,Deployment,true
0.713620777,Regular,1,Delete,ConfigMap,true
0.714971151,Regular,1,Delete,Deployment,true
0.716226314,Regular,51,Create,Deployment,true
0.768134187,Regular,52,Create,ConfigMap,true
0.82071103,Regular,1,Update,Deployment,true
0.822633311,Regular,4,Delete,ConfigMap,true
0.827405342,Regular,1,Delete,Deployment,true
0.829088538,Regular,52,Create,Deployment,true
0.881335735,Regular,52,Create,ConfigMap,true
0.933642375,Regular,1,Update,Deployment,true
0.935101616,Regular,1,Delete,ConfigMap,true
0.936774282,Regular,2,Delete,Deployment,true
0.939165994,Regular,53,Create,Deployment,true
0.992422898,Regular,53,Create,ConfigMap,true
1.045447431,Regular,8,Update,Deployment,true
0.123076839,Regular,11,Update,Deployment,true
0.134402444,Regular,6,Delete,ConfigMap,true
0.140644316,Regular,4,Delete,Deployment,true
0.144888996,Regular,52,Create,Deployment,true
0.197483623,Regular,56,Create,ConfigMap,true
0.253671092,Regular,2,Update,Deployment,true
0.25604534,Regular,1,Delete,ConfigMap,true
0.257778631,Regular,3,Delete,Deployment,true
0.261281703,Regular,52,Create,Deployment,true
0.314136965,Regular,59,Create,ConfigMap,true
0.373485657,Regular,5,Update,Deployment,true
0.378793796,Regular,3,Delete,ConfigMap,true
0.382131984,Regular,3,Delete,Deployment,true
0.385922001,Regular,52,Create,Deployment,true
0.438601279,Regular,53,Create,ConfigMap,true
0.491900934,Regular,2,Update,Deployment,true
0.494062959,Regular,1,Delete,ConfigMap,true
0.495725807,Regular,1,Delete,Deployment,true
0.497257996,Regular,51,Create,Deployment,true
0.549127577,Regular,52,Create,ConfigMap,true
0.601540188,Regular,1,Update,Deployment,true
0.603347139,Regular,4,Delete,ConfigMap,true
0.60775061,Regular,2,Delete,Deployment,true
0.610452661,Regular,51,Create,Deployment,true
0.662019967,Regular,51,Create,ConfigMap,true
0.713953018,Regular,1,Update,Deployment,true
0.715244941,Regular,1,Delete,ConfigMap,true
0.716786388,Regular,1,Delete,Deployment,true
0.718323316,Regular,51,Create,Deployment,true
0.770013285,Regular,52,Create,ConfigMap,true
0.822024705,Regular,5,Update,Deployment,true
0.827102567,Regular,1,Delete,ConfigMap,true
0.828982266,Regular,1,Delete,Deployment,true
0.830454942,Regular,52,Create,Deployment,true
0.882483685,Regular,53,Create,ConfigMap,true
0.93610962,Regular,1,Update,Deployment,true
0.938040336,Regular,1,Delete,ConfigMap,true
0.939447428,Regular,1,Delete,Deployment,true
0.941349049,Regular,52,Create,Deployment,true
0.993938205,Regular,52,Create,ConfigMap,true
1.046360104,Regular,7,Update,Deployment,true
1.053653052,Regular,2,Delete,ConfigMap,true
1.0556598130000001,Regular,2,Delete,Deployment,true
1.058321817,Regular,52,Create,Deployment,true
1.110598791,Regular,52,Create,ConfigMap,true
1.045438805,Regular,8,Update,Deployment,true
1.053612155,Regular,2,Delete,ConfigMap,true
1.056208735,Regular,2,Delete,Deployment,true
1.058831325,Regular,53,Create,Deployment,true
1.111937974,Regular,53,Create,ConfigMap,true
1.165225497,Regular,3,Update,Deployment,true
1.168601547,Regular,2,Delete,ConfigMap,true
1.17153139,Regular,1,Delete,Deployment,true
1.173489087,Regular,53,Create,Deployment,true
1.227054748,Regular,52,Create,ConfigMap,true
1.279392958,Regular,1,Update,Deployment,true
1.281026079,Regular,3,Delete,ConfigMap,true
1.2842499809999999,Regular,2,Delete,Deployment,true
1.286658134,Regular,53,Create,Deployment,true
1.340318344,Regular,52,Create,ConfigMap,true
1.393054279,Regular,1,Update,Deployment,true
1.394801086,Regular,1,Delete,ConfigMap,true
1.396099451,Regular,1,Delete,Deployment,true
1.397791995,Regular,52,Create,Deployment,true
1.450695799,Regular,52,Create,ConfigMap,true
1.503453927,Regular,4,Update,Deployment,true
1.507738833,Regular,2,Delete,ConfigMap,true
1.510274858,Regular,1,Delete,Deployment,true
1.511658425,Regular,52,Create,Deployment,true
1.563761649,Regular,52,Create,ConfigMap,true
1.616045556,Regular,1,Update,Deployment,true
1.617456365,Regular,2,Delete,ConfigMap,true
1.619508201,Regular,1,Delete,Deployment,true
1.620960288,Regular,52,Create,Deployment,true
1.673064214,Regular,53,Create,ConfigMap,true
1.7269454629999998,Regular,3,Update,Deployment,true
1.730207568,Regular,1,Delete,ConfigMap,true
1.731628185,Regular,1,Delete,Deployment,true
1.7327184450000002,Regular,52,Create,Deployment,true
1.784778698,Regular,52,Create,ConfigMap,true
1.837005446,Regular,1,Update,Deployment,true
1.8385627530000002,Regular,1,Delete,ConfigMap,true
1.840211854,Regular,1,Delete,Deployment,true
1.841764903,Regular,52,Create,Deployment,true
1.894181722,Regular,52,Create,ConfigMap,true
1.946531284,Regular,3,Update,Deployment,true
1.9495819170000002,Regular,1,Delete,ConfigMap,true
1.951161436,Regular,1,Delete,Deployment,true
1.952565793,Regular,56,Create,Deployment,true
1.045639025,Regular,7,Update,Deployment,true
1.053259164,Regular,2,Delete,ConfigMap,true
1.056000329,Regular,3,Delete,Deployment,true
1.059017308,Regular,52,Create,Deployment,true
1.111928085,Regular,53,Create,ConfigMap,true
1.165316559,Regular,3,Update,Deployment,true
1.168601547,Regular,2,Delete,ConfigMap,true
1.171203628,Regular,2,Delete,Deployment,true
1.173436367,Regular,53,Create,Deployment,true
1.226849829,Regular,52,Create,ConfigMap,true
1.279478471,Regular,1,Update,Deployment,true
1.281103276,Regular,3,Delete,ConfigMap,true
1.2844611320000001,Regular,2,Delete,Deployment,true
1.2870643849999999,Regular,53,Create,Deployment,true
1.340312433,Regular,53,Create,ConfigMap,true
1.3933929919999999,Regular,1,Update,Deployment,true
1.395068514,Regular,1,Delete,ConfigMap,true
1.396459515,Regular,1,Delete,Deployment,true
1.397767969,Regular,52,Create,Deployment,true
1.4505980840000001,Regular,52,Create,ConfigMap,true
1.503349308,Regular,4,Update,Deployment,true
1.5076295549999998,Regular,2,Delete,ConfigMap,true
1.510274868,Regular,1,Delete,Deployment,true
1.511557464,Regular,52,Create,Deployment,true
1.5637156920000002,Regular,52,Create,ConfigMap,true
1.615787025,Regular,1,Update,Deployment,true
1.617209135,Regular,1,Delete,ConfigMap,true
1.6185094850000001,Regular,1,Delete,Deployment,true
1.619717949,Regular,52,Create,Deployment,true
1.67190368,Regular,52,Create,ConfigMap,true
1.72465805,Regular,1,Update,Deployment,true
1.726191512,Regular,2,Delete,ConfigMap,true
1.7291761490000002,Regular,1,Delete,Deployment,true
1.7305784320000002,Regular,51,Create,Deployment,true
1.782380053,Regular,53,Create,ConfigMap,true
1.8354894069999999,Regular,1,Update,Deployment,true
1.837066322,Regular,1,Delete,ConfigMap,true
1.8387513210000002,Regular,1,Delete,Deployment,true
1.840397206,Regular,53,Create,Deployment,true
1.894162817,Regular,52,Create,ConfigMap,true
1.94653948,Regular,2,Update,Deployment,true
1.949301645,Regular,1,Delete,ConfigMap,true
1.9512083649999998,Regular,1,Delete,Deployment,true
1.952815807,Regular,57,Create,Deployment,true
1.053196746,Regular,2,Delete,ConfigMap,true
1.056000329,Regular,2,Delete,Deployment,true
1.058753176,Regular,53,Create,Deployment,true
1.112095293,Regular,53,Create,ConfigMap,true
1.1652673359999999,Regular,3,Update,Deployment,true
1.168881438,Regular,2,Delete,ConfigMap,true
1.170926471,Regular,2,Delete,Deployment,true
1.173454031,Regular,53,Create,Deployment,true
1.226811016,Regular,52,Create,ConfigMap,true
1.279299561,Regular,1,Update,Deployment,true
1.281122372,Regular,3,Delete,ConfigMap,true
1.284494996,Regular,2,Delete,Deployment,true
1.286657082,Regular,53,Create,Deployment,true
1.340308305,Regular,53,Create,ConfigMap,true
1.39332317,Regular,1,Update,Deployment,true
1.395019821,Regular,1,Delete,ConfigMap,true
1.396315101,Regular,1,Delete,Deployment,true
1.397489531,Regular,53,Create,Deployment,true
1.450704716,Regular,52,Create,ConfigMap,true
1.503105405,Regular,1,Update,Deployment,true
1.504845759,Regular,2,Delete,ConfigMap,true
1.507153992,Regular,2,Delete,Deployment,true
1.509797411,Regular,51,Create,Deployment,true
1.561784946,Regular,51,Create,ConfigMap,true
1.6136201510000001,Regular,1,Update,Deployment,true
1.614807415,Regular,1,Delete,ConfigMap,true
1.616249133,Regular,1,Delete,Deployment,true
1.617553319,Regular,51,Create,Deployment,true
1.669300547,Regular,52,Create,ConfigMap,true
1.7213655380000001,Regular,1,Update,Deployment,true
1.7226926580000002,Regular,4,Delete,ConfigMap,true
1.726960682,Regular,2,Delete,Deployment,true
1.72935046,Regular,53,Create,Deployment,true
1.7823820270000001,Regular,52,Create,ConfigMap,true
1.835249883,Regular,1,Update,Deployment,true
1.836659439,Regular,1,Delete,ConfigMap,true
1.838268665,Regular,1,Delete,Deployment,true
1.83991454,Regular,54,Create,Deployment,true
1.894155663,Regular,52,Create,ConfigMap,true
1.946278655,Regular,2,Update,Deployment,true
1.9489738920000002,Regular,1,Delete,ConfigMap,true
1.950681845,Regular,1,Delete,Deployment,true
1.9520006090000002,Regular,58,Create,Deployment,true
1.053607335,Regular,2,Delete,ConfigMap,true
1.05650091,Regular,2,Delete,Deployment,true
1.05884475,Regular,53,Create,Deployment,true
1.112080324,Regular,53,Create,ConfigMap,true
1.165266635,Regular,3,Update,Deployment,true
1.168943075,Regular,2,Delete,ConfigMap,true
1.1714670680000001,Regular,2,Delete,Deployment,true
1.173489308,Regular,53,Create,Deployment,true
1.22725581,Regular,52,Create,ConfigMap,true
1.279490704,Regular,1,Update,Deployment,true
1.2810460670000001,Regular,3,Delete,ConfigMap,true
1.284488504,Regular,2,Delete,Deployment,true
1.28663513,Regular,53,Create,Deployment,true
1.340415108,Regular,52,Create,ConfigMap,true
1.393362093,Regular,1,Update,Deployment,true
1.395024179,Regular,1,Delete,ConfigMap,true
1.3964594049999999,Regular,1,Delete,Deployment,true
1.397899088,Regular,52,Create,Deployment,true
1.450582454,Regular,52,Create,ConfigMap,true
1.503449348,Regular,4,Update,Deployment,true
1.507741818,Regular,2,Delete,ConfigMap,true
1.509865531,Regular,1,Delete,Deployment,true
1.511326154,Regular,51,Create,Deployment,true
1.563144988,Regular,51,Create,ConfigMap,true
1.615132452,Regular,1,Update,Deployment,true
1.616629154,Regular,1,Delete,ConfigMap,true
1.618388735,Regular,1,Delete,Deployment,true
1.6197696069999998,Regular,51,Create,Deployment,true
1.671687499,Regular,52,Create,ConfigMap,true
1.724680132,Regular,3,Update,Deployment,true
1.727706719,Regular,2,Delete,ConfigMap,true
1.7301573019999998,Regular,1,Delete,Deployment,true
1.7314040689999999,Regular,52,Create,Deployment,true
1.7843736479999999,Regular,52,Create,ConfigMap,true
1.836981591,Regular,1,Update,Deployment,true
1.838797709,Regular,1,Delete,ConfigMap,true
1.84044643,Regular,1,Delete,Deployment,true
1.8419987770000001,Regular,55,Create,Deployment,true
1.897315784,Regular,52,Create,ConfigMap,true
1.9497112620000001,Regular,1,Update,Deployment,true
1.951284099,Regular,2,Delete,ConfigMap,true
1.953665942,Regular,1,Delete,Deployment,true
1.955316776,Regular,56,Create,Deployment,true
1.042772993,Regular,3,Update,Deployment,true
1.046037211,Regular,6,Delete,ConfigMap,true
1.052455278,Regular,2,Delete,Deployment,true
1.055281614,Regular,52,Create,Deployment,true
1.108118722,Regular,54,Create,ConfigMap,true
1.162685844,Regular,2,Update,Deployment,true
1.165307793,Regular,3,Delete,ConfigMap,true
1.168661481,Regular,2,Delete,Deployment,true
1.1712695929999999,Regular,53,Create,Deployment,true
1.224350724,Regular,52,Create,ConfigMap,true
1.276579827,Regular,1,Update,Deployment,true
1.277762152,Regular,1,Delete,ConfigMap,true
1.2790960949999999,Regular,1,Delete,Deployment,true
1.281076104,Regular,53,Create,Deployment,true
1.334172103,Regular,52,Create,ConfigMap,true
1.3870678220000001,Regular,2,Update,Deployment,true
1.38961026,Regular,2,Delete,ConfigMap,true
1.3921797790000001,Regular,1,Delete,Deployment,true
1.393554349,Regular,52,Create,Deployment,true
1.445888882,Regular,51,Create,ConfigMap,true
1.497597096,Regular,1,Update,Deployment,true
1.4989035259999999,Regular,1,Delete,ConfigMap,true
1.500244012,Regular,2,Delete,Deployment,true
1.5026844050000001,Regular,53,Create,Deployment,true
1.555832263,Regular,52,Create,ConfigMap,true
1.608117352,Regular,1,Update,Deployment,true
1.609252948,Regular,1,Delete,ConfigMap,true
1.610324884,Regular,1,Delete,Deployment,true
1.6113405219999999,Regular,51,Create,Deployment,true
1.663306896,Regular,52,Create,ConfigMap,true
1.715598738,Regular,1,Update,Deployment,true
1.716683097,Regular,1,Delete,ConfigMap,true
1.717824284,Regular,1,Delete,Deployment,true
1.71896,Regular,52,Create,Deployment,true
1.771539419,Regular,53,Create,ConfigMap,true
1.824770765,Regular,2,Update,Deployment,true
1.827249672,Regular,1,Delete,ConfigMap,true
1.8288377470000001,Regular,1,Delete,Deployment,true
1.8300342889999999,Regular,53,Create,Deployment,true
1.8833033769999998,Regular,52,Create,ConfigMap,true
1.9358478080000001,Regular,1,Update,Deployment,true
1.93692833,Regular,1,Delete,ConfigMap,true
1.938066461,Regular,1,Delete,Deployment,true
1.9391543470000001,Regular,52,Create,Deployment,true
1.9914577709999999,Regular,53,Create,ConfigMap,true
1.051308831,Regular,2,Delete,Deployment,true
1.054151729,Regular,53,Create,Deployment,true
1.108076892,Regular,54,Create,ConfigMap,true
1.162680634,Regular,2,Update,Deployment,true
1.165266635,Regular,2,Delete,ConfigMap,true
1.168222878,Regular,1,Delete,Deployment,true
1.170146661,Regular,53,Create,Deployment,true
1.223549062,Regular,52,Create,ConfigMap,true
1.276350952,Regular,1,Update,Deployment,true
1.277553365,Regular,1,Delete,ConfigMap,true
1.278792759,Regular,1,Delete,Deployment,true
1.280782437,Regular,53,Create,Deployment,true
1.333852957,Regular,53,Create,ConfigMap,true
1.3871246799999999,Regular,2,Update,Deployment,true
1.389539245,Regular,2,Delete,ConfigMap,true
1.391930235,Regular,1,Delete,Deployment,true
1.393392511,Regular,52,Create,Deployment,true
1.44610953,Regular,51,Create,ConfigMap,true
1.497866076,Regular,1,Update,Deployment,true
1.499108776,Regular,1,Delete,ConfigMap,true
1.5005531890000001,Regular,2,Delete,Deployment,true
1.5032411319999999,Regular,52,Create,Deployment,true
1.556094501,Regular,51,Create,ConfigMap,true
1.607894549,Regular,1,Update,Deployment,true
1.6090188840000001,Regular,1,Delete,ConfigMap,true
1.6101193440000001,Regular,1,Delete,Deployment,true
1.61112877,Regular,52,Create,Deployment,true
1.663595073,Regular,52,Create,ConfigMap,true
1.715898087,Regular,1,Update,Deployment,true
1.716927892,Regular,1,Delete,ConfigMap,true
1.7180317980000002,Regular,1,Delete,Deployment,true
1.719181241,Regular,52,Create,Deployment,true
1.7717861670000001,Regular,52,Create,ConfigMap,true
1.824273951,Regular,2,Update,Deployment,true
1.827235234,Regular,2,Delete,ConfigMap,true
1.8294846649999998,Regular,1,Delete,Deployment,true
1.830658474,Regular,52,Create,Deployment,true
1.88309441,Regular,52,Create,ConfigMap,true
1.93562236,Regular,1,Update,Deployment,true
1.936723221,Regular,1,Delete,ConfigMap,true
1.937859047,Regular,1,Delete,Deployment,true
1.938938898,Regular,52,Create,Deployment,true
1.9918227339999999,Regular,56,Create,ConfigMap,true
2.047983983,Regular,1,Update,Deployment,true
2.049879322,Regular,3,Delete,ConfigMap,true
1.0453986180000001,Regular,7,Update,Deployment,true
1.052882649,Regular,3,Delete,ConfigMap,true
1.056807402,Regular,2,Delete,Deployment,true
1.059009262,Regular,52,Create,Deployment,true
1.111716874,Regular,53,Create,ConfigMap,true
1.16524309,Regular,3,Update,Deployment,true
1.168820022,Regular,2,Delete,ConfigMap,true
1.170845778,Regular,2,Delete,Deployment,true
1.173599838,Regular,53,Create,Deployment,true
1.2268291900000001,Regular,52,Create,ConfigMap,true
1.279406584,Regular,1,Update,Deployment,true
1.2811032359999999,Regular,3,Delete,ConfigMap,true
1.284494886,Regular,2,Delete,Deployment,true
1.287281948,Regular,53,Create,Deployment,true
1.340312433,Regular,53,Create,ConfigMap,true
1.393420074,Regular,1,Update,Deployment,true
1.395055078,Regular,1,Delete,ConfigMap,true
1.3965153510000001,Regular,1,Delete,Deployment,true
1.398008766,Regular,52,Create,Deployment,true
1.450617,Regular,52,Create,ConfigMap,true
1.503416015,Regular,4,Update,Deployment,true
1.508089799,Regular,2,Delete,ConfigMap,true
1.510215415,Regular,1,Delete,Deployment,true
1.5115865990000001,Regular,51,Create,Deployment,true
1.563511855,Regular,51,Create,ConfigMap,true
1.615381886,Regular,1,Update,Deployment,true
1.616873679,Regular,1,Delete,ConfigMap,true
1.61833345,Regular,1,Delete,Deployment,true
1.6197536970000002,Regular,52,Create,Deployment,true
1.671913669,Regular,52,Create,ConfigMap,true
1.7246542329999999,Regular,1,Update,Deployment,true
1.72643277,Regular,2,Delete,ConfigMap,true
1.728530493,Regular,1,Delete,Deployment,true
1.730248956,Regular,52,Create,Deployment,true
1.782396765,Regular,53,Create,ConfigMap,true
1.835505338,Regular,1,Update,Deployment,true
1.836974748,Regular,1,Delete,ConfigMap,true
1.838795435,Regular,1,Delete,Deployment,true
1.840428776,Regular,53,Create,Deployment,true
1.894129724,Regular,52,Create,ConfigMap,true
1.9465557709999999,Regular,3,Update,Deployment,true
1.949582879,Regular,1,Delete,ConfigMap,true
1.951197294,Regular,1,Delete,Deployment,true
1.953179328,Regular,57,Create,Deployment,true
2.010242149,Regular,53,Create,ConfigMap,true
1.0461685,Regular,7,Update,Deployment,true
1.053243364,Regular,3,Delete,ConfigMap,true
1.056499196,Regular,2,Delete,Deployment,true
1.059014492,Regular,53,Create,Deployment,true
1.112073922,Regular,53,Create,ConfigMap,true
1.16524309,Regular,3,Update,Deployment,true
1.168744719,Regular,2,Delete,ConfigMap,true
1.170764173,Regular,2,Delete,Deployment,true
1.17317977,Regular,53,Create,Deployment,true
1.2270240000000001,Regular,52,Create,ConfigMap,true
1.279528065,Regular,1,Update,Deployment,true
1.281060996,Regular,3,Delete,ConfigMap,true
1.284464909,Regular,2,Delete,Deployment,true
1.2866639850000001,Regular,53,Create,Deployment,true
1.340372897,Regular,52,Create,ConfigMap,true
1.393359198,Regular,1,Update,Deployment,true
1.395056721,Regular,1,Delete,ConfigMap,true
1.396499801,Regular,1,Delete,Deployment,true
1.397992265,Regular,52,Create,Deployment,true
1.450716569,Regular,52,Create,ConfigMap,true
1.50335576,Regular,3,Update,Deployment,true
1.507150245,Regular,2,Delete,ConfigMap,true
1.509778425,Regular,1,Delete,Deployment,true
1.511565569,Regular,52,Create,Deployment,true
1.563843114,Regular,52,Create,ConfigMap,true
1.6160569580000002,Regular,1,Update,Deployment,true
1.617448189,Regular,2,Delete,ConfigMap,true
1.619753717,Regular,1,Delete,Deployment,true
1.621253164,Regular,51,Create,Deployment,true
1.673079212,Regular,54,Create,ConfigMap,true
1.727640193,Regular,2,Update,Deployment,true
1.730176358,Regular,1,Delete,ConfigMap,true
1.731643153,Regular,1,Delete,Deployment,true
1.732915399,Regular,51,Create,Deployment,true
1.784806821,Regular,52,Create,ConfigMap,true
1.837037807,Regular,1,Update,Deployment,true
1.8387719,Regular,1,Delete,ConfigMap,true
1.8403804240000001,Regular,1,Delete,Deployment,true
1.8420054000000001,Regular,55,Create,Deployment,true
1.89703486,Regular,52,Create,ConfigMap,true
1.949691745,Regular,1,Update,Deployment,true
1.9512301459999999,Regular,2,Delete,ConfigMap,true
1.953665871,Regular,1,Delete,Deployment,true
1.955060509,Regular,56,Create,Deployment,true
2.011381082,Regular,52,Create,ConfigMap,true
1.045690162,Regular,5,Update,Deployment,true
1.050980948,Regular,5,Delete,ConfigMap,true
1.057337819,Regular,1,Delete,Deployment,true
1.059200215,Regular,53,Create,Deployment,true
1.112321582,Regular,53,Create,ConfigMap,true
1.1654108380000001,Regular,3,Update,Deployment,true
1.168820022,Regular,2,Delete,ConfigMap,true
1.171483419,Regular,1,Delete,Deployment,true
1.173468278,Regular,53,Create,Deployment,true
1.22683437,Regular,52,Create,ConfigMap,true
1.279406584,Regular,1,Update,Deployment,true
1.281134345,Regular,3,Delete,ConfigMap,true
1.284511788,Regular,2,Delete,Deployment,true
1.287218428,Regular,53,Create,Deployment,true
1.340364502,Regular,52,Create,ConfigMap,true
1.393367053,Regular,1,Update,Deployment,true
1.395025352,Regular,1,Delete,ConfigMap,true
1.396457952,Regular,1,Delete,Deployment,true
1.398050486,Regular,52,Create,Deployment,true
1.4505824440000001,Regular,52,Create,ConfigMap,true
1.5033748660000001,Regular,3,Update,Deployment,true
1.507135567,Regular,1,Delete,ConfigMap,true
1.509115998,Regular,1,Delete,Deployment,true
1.510885548,Regular,51,Create,Deployment,true
1.562839208,Regular,52,Create,ConfigMap,true
1.615096244,Regular,1,Update,Deployment,true
1.616472637,Regular,1,Delete,ConfigMap,true
1.61800686,Regular,1,Delete,Deployment,true
1.619767102,Regular,52,Create,Deployment,true
1.671943405,Regular,52,Create,ConfigMap,true
1.724395632,Regular,3,Update,Deployment,true
1.7274921619999999,Regular,2,Delete,ConfigMap,true
1.7301567009999999,Regular,1,Delete,Deployment,true
1.7316040990000001,Regular,53,Create,Deployment,true
1.784665092,Regular,52,Create,ConfigMap,true
1.837038038,Regular,1,Update,Deployment,true
1.8387775610000001,Regular,1,Delete,ConfigMap,true
1.840396675,Regular,1,Delete,Deployment,true
1.8420276119999999,Regular,55,Create,Deployment,true
1.8972899349999999,Regular,52,Create,ConfigMap,true
1.949621442,Regular,1,Update,Deployment,true
1.951283708,Regular,1,Delete,ConfigMap,true
1.9531803490000001,Regular,1,Delete,Deployment,true
1.954595036,Regular,56,Create,Deployment,true
2.010904206,Regular,52,Create,ConfigMap,true
1.162924998,Regular,2,Update,Deployment,true
1.164960463,Regular,3,Delete,ConfigMap,true
1.168854117,Regular,1,Delete,Deployment,true
1.170533666,Regular,53,Create,Deployment,true
1.223544834,Regular,53,Create,ConfigMap,true
1.2765946449999999,Regular,1,Update,Deployment,true
1.277771409,Regular,1,Delete,ConfigMap,true
1.279093309,Regular,2,Delete,Deployment,true
1.281154563,Regular,52,Create,Deployment,true
1.334160311,Regular,52,Create,ConfigMap,true
1.387134158,Regular,2,Update,Deployment,true
1.389529767,Regular,2,Delete,ConfigMap,true
1.392154731,Regular,1,Delete,Deployment,true
1.393705245,Regular,54,Create,Deployment,true
1.448391674,Regular,54,Create,ConfigMap,true
1.502430433,Regular,2,Update,Deployment,true
1.5048233469999999,Regular,1,Delete,ConfigMap,true
1.5068224730000002,Regular,2,Delete,Deployment,true
1.5088412660000001,Regular,52,Create,Deployment,true
1.561531625,Regular,52,Create,ConfigMap,true
1.613822886,Regular,1,Update,Deployment,true
1.615094941,Regular,1,Delete,ConfigMap,true
1.6167363780000001,Regular,1,Delete,Deployment,true
1.6183682959999999,Regular,52,Create,Deployment,true
1.670443096,Regular,52,Create,ConfigMap,true
1.7227665490000001,Regular,4,Update,Deployment,true
1.7268622759999999,Regular,3,Delete,ConfigMap,true
1.7302081390000001,Regular,1,Delete,Deployment,true
1.7316251089999999,Regular,53,Create,Deployment,true
1.7847478890000001,Regular,52,Create,ConfigMap,true
1.837072413,Regular,1,Update,Deployment,true
1.8385101929999998,Regular,1,Delete,ConfigMap,true
1.840194541,Regular,1,Delete,Deployment,true
1.842035367,Regular,55,Create,Deployment,true
1.89729828,Regular,52,Create,ConfigMap,true
1.94979948,Regular,1,Update,Deployment,true
1.9512549240000001,Regular,1,Delete,ConfigMap,true
1.953182323,Regular,1,Delete,Deployment,true
1.9546025299999998,Regular,55,Create,Deployment,true
2.009927351,Regular,54,Create,ConfigMap,true
2.06448747,Regular,2,Update,Deployment,true
2.00953167,Regular,52,Create,ConfigMap,true
2.061663548,Regular,1,Update,Deployment,true
2.063046504,Regular,4,Delete,ConfigMap,true
2.067343513,Regular,2,Delete,Deployment,true
2.069691331,Regular,53,Create,Deployment,true
2.122940732,Regular,52,Create,ConfigMap,true
2.17575713,Regular,1,Update,Deployment,true
2.177269301,Regular,2,Delete,ConfigMap,true
2.179289246,Regular,1,Delete,Deployment,true
2.181259467,Regular,53,Create,Deployment,true
2.234791855,Regular,52,Create,ConfigMap,true
2.287482825,Regular,1,Update,Deployment,true
2.28867057,Regular,2,Delete,ConfigMap,true
2.290901697,Regular,1,Delete,Deployment,true
2.292422404,Regular,52,Create,Deployment,true
2.344932551,Regular,53,Create,ConfigMap,true
2.3980792060000002,Regular,1,Update,Deployment,true
2.399521204,Regular,1,Delete,ConfigMap,true
2.401042072,Regular,1,Delete,Deployment,true
2.402695822,Regular,53,Create,Deployment,true
2.456396739,Regular,52,Create,ConfigMap,true
2.508636142,Regular,3,Update,Deployment,true
2.51177364,Regular,1,Delete,ConfigMap,true
2.513329253,Regular,1,Delete,Deployment,true
2.514984266,Regular,52,Create,Deployment,true
2.567231673,Regular,52,Create,ConfigMap,true
2.619857249,Regular,1,Update,Deployment,true
2.621168489,Regular,1,Delete,ConfigMap,true
2.622462606,Regular,1,Delete,Deployment,true
2.624031586,Regular,52,Create,Deployment,true
2.676301235,Regular,51,Create,ConfigMap,true
2.7282015040000003,Regular,1,Update,Deployment,true
2.729288708,Regular,1,Delete,ConfigMap,true
2.73032188,Regular,1,Delete,Deployment,true
2.731393675,Regular,52,Create,Deployment,true
2.783784656,Regular,52,Create,ConfigMap,true
2.836601945,Regular,1,Update,Deployment,true
2.837813606,Regular,1,Delete,ConfigMap,true
2.838997253,Regular,1,Delete,Deployment,true
2.840134182,Regular,52,Create,Deployment,true
2.892648306,Regular,51,Create,ConfigMap,true
2.944594873,Regular,2,Update,Deployment,true
2.947248301,Regular,5,Delete,ConfigMap,true
2.9528622909999998,Regular,1,Delete,Deployment,true
2.954459794,Regular,52,Create,Deployment,true
2.067331781,Regular,2,Delete,ConfigMap,true
2.069983987,Regular,1,Delete,Deployment,true
2.071804744,Regular,52,Create,Deployment,true
2.124232835,Regular,52,Create,ConfigMap,true
2.176870423,Regular,2,Update,Deployment,true
2.179226457,Regular,1,Delete,ConfigMap,true
2.180837195,Regular,3,Delete,Deployment,true
2.184498507,Regular,52,Create,Deployment,true
2.236623303,Regular,52,Create,ConfigMap,true
2.2889443099999998,Regular,1,Update,Deployment,true
2.290862763,Regular,1,Delete,ConfigMap,true
2.292427103,Regular,1,Delete,Deployment,true
2.293991353,Regular,51,Create,Deployment,true
2.345922851,Regular,53,Create,ConfigMap,true
2.399773964,Regular,1,Update,Deployment,true
2.401349125,Regular,1,Delete,ConfigMap,true
2.403318113,Regular,3,Delete,Deployment,true
2.406789856,Regular,51,Create,Deployment,true
2.458795043,Regular,53,Create,ConfigMap,true
2.511988818,Regular,1,Update,Deployment,true
2.513329454,Regular,1,Delete,ConfigMap,true
2.515244209,Regular,1,Delete,Deployment,true
2.516877691,Regular,51,Create,Deployment,true
2.568567099,Regular,51,Create,ConfigMap,true
2.620104669,Regular,1,Update,Deployment,true
2.621391903,Regular,1,Delete,ConfigMap,true
2.622716579,Regular,4,Delete,Deployment,true
2.626757101,Regular,52,Create,Deployment,true
2.678855886,Regular,51,Create,ConfigMap,true
2.730522882,Regular,1,Update,Deployment,true
2.731687082,Regular,1,Delete,ConfigMap,true
2.733004364,Regular,1,Delete,Deployment,true
2.734123338,Regular,53,Create,Deployment,true
2.78724162,Regular,51,Create,ConfigMap,true
2.83923793,Regular,1,Update,Deployment,true
2.840442808,Regular,1,Delete,ConfigMap,true
2.841644299,Regular,1,Delete,Deployment,true
2.843329319,Regular,53,Create,Deployment,true
2.8964754729999997,Regular,56,Create,ConfigMap,true
2.953151911,Regular,1,Update,Deployment,true
2.954728855,Regular,1,Delete,ConfigMap,true
2.9560321099999998,Regular,1,Delete,Deployment,true
2.957287213,Regular,52,Create,Deployment,true
2.009896933,Regular,53,Create,ConfigMap,true
2.063743197,Regular,3,Update,Deployment,true
2.067517884,Regular,2,Delete,ConfigMap,true
2.07000696,Regular,2,Delete,Deployment,true
2.072059407,Regular,52,Create,Deployment,true
2.124463042,Regular,52,Create,ConfigMap,true
2.176881494,Regular,2,Update,Deployment,true
2.179203664,Regular,1,Delete,ConfigMap,true
2.180879846,Regular,3,Delete,Deployment,true
2.184287166,Regular,52,Create,Deployment,true
2.236650715,Regular,52,Create,ConfigMap,true
2.288932117,Regular,1,Update,Deployment,true
2.290880066,Regular,1,Delete,ConfigMap,true
2.29241493,Regular,1,Delete,Deployment,true
2.293744334,Regular,52,Create,Deployment,true
2.345988446,Regular,53,Create,ConfigMap,true
2.399804131,Regular,1,Update,Deployment,true
2.40137273,Regular,1,Delete,ConfigMap,true
2.403286574,Regular,3,Delete,Deployment,true
2.407117969,Regular,52,Create,Deployment,true
2.4601142080000002,Regular,52,Create,ConfigMap,true
2.5121955910000002,Regular,2,Update,Deployment,true
2.514402671,Regular,1,Delete,ConfigMap,true
2.515780027,Regular,1,Delete,Deployment,true
2.5169968369999998,Regular,51,Create,Deployment,true
2.5685587930000002,Regular,51,Create,ConfigMap,true
2.620146208,Regular,1,Update,Deployment,true
2.621373919,Regular,1,Delete,ConfigMap,true
2.622662746,Regular,3,Delete,Deployment,true
2.626485214,Regular,52,Create,Deployment,true
2.67862109,Regular,51,Create,ConfigMap,true
2.730550424,Regular,1,Update,Deployment,true
2.731661233,Regular,1,Delete,ConfigMap,true
2.732814012,Regular,1,Delete,Deployment,true
2.733853987,Regular,53,Create,Deployment,true
2.787062359,Regular,52,Create,ConfigMap,true
2.8392064809999997,Regular,1,Update,Deployment,true
2.840442818,Regular,1,Delete,ConfigMap,true
2.841867153,Regular,1,Delete,Deployment,true
2.843803109,Regular,52,Create,Deployment,true
2.89626272,Regular,57,Create,ConfigMap,true
2.953286166,Regular,1,Update,Deployment,true
2.954733043,Regular,1,Delete,ConfigMap,true
2.95603731,Regular,1,Delete,Deployment,true
2.95754909,Regular,52,Create,Deployment,true
2.063521716,Regular,3,Update,Deployment,true
2.06737371,Regular,2,Delete,ConfigMap,true
2.069957707,Regular,1,Delete,Deployment,true
2.071783934,Regular,55,Create,Deployment,true
2.126850626,Regular,52,Create,ConfigMap,true
2.179321838,Regular,1,Update,Deployment,true
2.180920363,Regular,3,Delete,ConfigMap,true
2.184579391,Regular,2,Delete,Deployment,true
2.187280791,Regular,51,Create,Deployment,true
2.239130303,Regular,52,Create,ConfigMap,true
2.291261199,Regular,1,Update,Deployment,true
2.292645347,Regular,1,Delete,ConfigMap,true
2.294045556,Regular,1,Delete,Deployment,true
2.295301591,Regular,52,Create,Deployment,true
2.348354629,Regular,53,Create,ConfigMap,true
2.4013727400000002,Regular,1,Update,Deployment,true
2.403004708,Regular,3,Delete,ConfigMap,true
2.406305095,Regular,3,Delete,Deployment,true
2.410245868,Regular,52,Create,Deployment,true
2.462517802,Regular,52,Create,ConfigMap,true
2.515258356,Regular,1,Update,Deployment,true
2.516854998,Regular,1,Delete,ConfigMap,true
2.518180575,Regular,1,Delete,Deployment,true
2.520115499,Regular,52,Create,Deployment,true
2.57292824,Regular,54,Create,ConfigMap,true
2.627123176,Regular,1,Update,Deployment,true
2.629051267,Regular,1,Delete,ConfigMap,true
2.6303859210000002,Regular,1,Delete,Deployment,true
2.631532318,Regular,52,Create,Deployment,true
2.683733197,Regular,51,Create,ConfigMap,true
2.735507036,Regular,1,Update,Deployment,true
2.736903888,Regular,1,Delete,ConfigMap,true
2.738036318,Regular,1,Delete,Deployment,true
2.739181012,Regular,52,Create,Deployment,true
2.79166591,Regular,52,Create,ConfigMap,true
2.844246491,Regular,4,Update,Deployment,true
2.848893344,Regular,1,Delete,ConfigMap,true
2.850160881,Regular,1,Delete,Deployment,true
2.85129805,Regular,52,Create,Deployment,true
2.903950908,Regular,52,Create,ConfigMap,true
2.956249272,Regular,1,Update,Deployment,true
2.95760653,Regular,1,Delete,ConfigMap,true
2.958944911,Regular,1,Delete,Deployment,true
2.960115053,Regular,51,Create,Deployment,true
2.010153621,Regular,53,Create,ConfigMap,true
2.063430122,Regular,4,Update,Deployment,true
2.067551268,Regular,2,Delete,ConfigMap,true
2.069994958,Regular,2,Delete,Deployment,true
2.07200287,Regular,54,Create,Deployment,true
2.126974882,Regular,52,Create,ConfigMap,true
2.179223301,Regular,1,Update,Deployment,true
2.180873715,Regular,2,Delete,ConfigMap,true
2.183386977,Regular,3,Delete,Deployment,true
2.187281061,Regular,52,Create,Deployment,true
2.23938706,Regular,51,Create,ConfigMap,true
2.29120357,Regular,1,Update,Deployment,true
2.292513417,Regular,1,Delete,ConfigMap,true
2.293991353,Regular,1,Delete,Deployment,true
2.295299918,Regular,53,Create,Deployment,true
2.348802309,Regular,52,Create,ConfigMap,true
2.401392477,Regular,1,Update,Deployment,true
2.40306348,Regular,3,Delete,ConfigMap,true
2.406879636,Regular,3,Delete,Deployment,true
2.410357379,Regular,52,Create,Deployment,true
2.462731578,Regular,52,Create,ConfigMap,true
2.515268285,Regular,1,Update,Deployment,true
2.516857543,Regular,1,Delete,ConfigMap,true
2.5184321130000002,Regular,1,Delete,Deployment,true
2.5203676379999997,Regular,52,Create,Deployment,true
2.5729623249999998,Regular,54,Create,ConfigMap,true
2.627091566,Regular,1,Update,Deployment,true
2.629011271,Regular,1,Delete,ConfigMap,true
2.630253299,Regular,1,Delete,Deployment,true
2.63147012,Regular,52,Create,Deployment,true
2.683968544,Regular,51,Create,ConfigMap,true
2.735808208,Regular,1,Update,Deployment,true
2.737092196,Regular,1,Delete,ConfigMap,true
2.738259903,Regular,1,Delete,Deployment,true
2.739388596,Regular,52,Create,Deployment,true
2.791427958,Regular,52,Create,ConfigMap,true
2.843652503,Regular,1,Update,Deployment,true
2.845568371,Regular,3,Delete,ConfigMap,true
2.848687313,Regular,1,Delete,Deployment,true
2.849915315,Regular,52,Create,Deployment,true
2.90253547,Regular,53,Create,ConfigMap,true
2.956317842,Regular,1,Update,Deployment,true
2.957630425,Regular,1,Delete,ConfigMap,true
2.959196959,Regular,1,Delete,Deployment,true
2.960421224,Regular,51,Create,Deployment,true
2.063844189,Regular,3,Update,Deployment,true
2.067386014,Regular,2,Delete,ConfigMap,true
2.070046215,Regular,2,Delete,Deployment,true
2.072493031,Regular,54,Create,Deployment,true
2.12694227,Regular,52,Create,ConfigMap,true
2.179492292,Regular,1,Update,Deployment,true
2.18114497,Regular,3,Delete,ConfigMap,true
2.184645396,Regular,2,Delete,Deployment,true
2.187286762,Regular,52,Create,Deployment,true
2.23938158,Regular,51,Create,ConfigMap,true
2.291258825,Regular,1,Update,Deployment,true
2.292663993,Regular,1,Delete,ConfigMap,true
2.2940579,Regular,1,Delete,Deployment,true
2.295347348,Regular,52,Create,Deployment,true
2.347895477,Regular,53,Create,ConfigMap,true
2.401610321,Regular,1,Update,Deployment,true
2.403232832,Regular,4,Delete,ConfigMap,true
2.40727168,Regular,2,Delete,Deployment,true
2.410228886,Regular,52,Create,Deployment,true
2.462751887,Regular,52,Create,ConfigMap,true
2.5152765710000002,Regular,1,Update,Deployment,true
2.516613219,Regular,1,Delete,ConfigMap,true
2.517900193,Regular,2,Delete,Deployment,true
2.520403686,Regular,52,Create,Deployment,true
2.572759981,Regular,54,Create,ConfigMap,true
2.6271912950000003,Regular,1,Update,Deployment,true
2.628748712,Regular,1,Delete,ConfigMap,true
2.630043811,Regular,1,Delete,Deployment,true
2.631182794,Regular,52,Create,Deployment,true
2.6833558,Regular,51,Create,ConfigMap,true
2.735215051,Regular,1,Update,Deployment,true
2.736528425,Regular,1,Delete,ConfigMap,true
2.737738954,Regular,1,Delete,Deployment,true
2.738871374,Regular,52,Create,Deployment,true
2.791682402,Regular,52,Create,ConfigMap,true
2.844188881,Regular,2,Update,Deployment,true
2.846533303,Regular,2,Delete,ConfigMap,true
2.848677615,Regular,1,Delete,Deployment,true
2.850158777,Regular,52,Create,Deployment,true
2.902861649,Regular,53,Create,ConfigMap,true
2.95629061,Regular,1,Update,Deployment,true
2.9578220589999997,Regular,1,Delete,ConfigMap,true
2.959240262,Regular,1,Delete,Deployment,true
2.960458745,Regular,51,Create,Deployment,true
2.011336357,Regular,52,Create,ConfigMap,true
2.064239149,Regular,3,Update,Deployment,true
2.0674549349999998,Regular,2,Delete,ConfigMap,true
2.069972385,Regular,1,Delete,Deployment,true
2.071835633,Regular,53,Create,Deployment,true
2.125734997,Regular,51,Create,ConfigMap,true
2.177592665,Regular,1,Update,Deployment,true
2.179223301,Regular,1,Delete,ConfigMap,true
2.18057639,Regular,2,Delete,Deployment,true
2.183059926,Regular,53,Create,Deployment,true
2.236372286,Regular,52,Create,ConfigMap,true
2.288955261,Regular,1,Update,Deployment,true
2.290898701,Regular,1,Delete,ConfigMap,true
2.292170806,Regular,1,Delete,Deployment,true
2.293977026,Regular,53,Create,Deployment,true
2.347608602,Regular,53,Create,ConfigMap,true
2.401437623,Regular,1,Update,Deployment,true
2.403412533,Regular,3,Delete,ConfigMap,true
2.4067672829999998,Regular,3,Delete,Deployment,true
2.410127373,Regular,52,Create,Deployment,true
2.462763118,Regular,52,Create,ConfigMap,true
2.515303642,Regular,1,Update,Deployment,true
2.516892389,Regular,1,Delete,ConfigMap,true
2.518411333,Regular,1,Delete,Deployment,true
2.520388688,Regular,52,Create,Deployment,true
2.572767966,Regular,54,Create,ConfigMap,true
2.62705156,Regular,2,Update,Deployment,true
2.629148341,Regular,1,Delete,ConfigMap,true
2.630347989,Regular,1,Delete,Deployment,true
2.631536045,Regular,52,Create,Deployment,true
2.6839707280000002,Regular,51,Create,ConfigMap,true
2.735569915,Regular,1,Update,Deployment,true
2.736822864,Regular,1,Delete,ConfigMap,true
2.737978208,Regular,1,Delete,Deployment,true
2.739157116,Regular,52,Create,Deployment,true
2.7916917789999998,Regular,52,Create,ConfigMap,true
2.844232915,Regular,2,Update,Deployment,true
2.846292516,Regular,2,Delete,ConfigMap,true
2.848747678,Regular,1,Delete,Deployment,true
2.8501595379999998,Regular,52,Create,Deployment,true
2.902474184,Regular,53,Create,ConfigMap,true
2.956304226,Regular,1,Update,Deployment,true
2.957794777,Regular,1,Delete,ConfigMap,true
2.959422928,Regular,1,Delete,Deployment,true
2.960637885,Regular,51,Create,Deployment,true
2.045114775,Regular,1,Update,Deployment,true
2.046911777,Regular,3,Delete,ConfigMap,true
2.050601874,Regular,3,Delete,Deployment,true
2.054390708,Regular,53,Create,Deployment,true
2.108250979,Regular,53,Create,ConfigMap,true
2.161384148,Regular,1,Update,Deployment,true
2.162923932,Regular,2,Delete,ConfigMap,true
2.165832334,Regular,1,Delete,Deployment,true
2.167122193,Regular,51,Create,Deployment,true
2.21893717,Regular,52,Create,ConfigMap,true
2.271689416,Regular,1,Update,Deployment,true
2.273278363,Regular,1,Delete,ConfigMap,true
2.274593941,Regular,1,Delete,Deployment,true
2.275633365,Regular,52,Create,Deployment,true
2.3282694409999998,Regular,52,Create,ConfigMap,true
2.380861844,Regular,2,Update,Deployment,true
2.383016204,Regular,1,Delete,ConfigMap,true
2.384845538,Regular,2,Delete,Deployment,true
2.387435475,Regular,53,Create,Deployment,true
2.441174986,Regular,52,Create,ConfigMap,true
2.4935719880000002,Regular,1,Update,Deployment,true
2.494718896,Regular,1,Delete,ConfigMap,true
2.495877195,Regular,1,Delete,Deployment,true
2.497066373,Regular,51,Create,Deployment,true
2.549060199,Regular,51,Create,ConfigMap,true
2.600990665,Regular,1,Update,Deployment,true
2.602432302,Regular,2,Delete,ConfigMap,true
2.605121048,Regular,1,Delete,Deployment,true
2.60672806,Regular,52,Create,Deployment,true
2.6595425539999997,Regular,51,Create,ConfigMap,true
2.711042392,Regular,1,Update,Deployment,true
2.712304068,Regular,1,Delete,ConfigMap,true
2.713628342,Regular,2,Delete,Deployment,true
2.716575769,Regular,51,Create,Deployment,true
2.7685048119999998,Regular,52,Create,ConfigMap,true
2.820635227,Regular,1,Update,Deployment,true
2.821865023,Regular,1,Delete,ConfigMap,true
2.823660612,Regular,2,Delete,Deployment,true
2.825884685,Regular,52,Create,Deployment,true
2.878636841,Regular,52,Create,ConfigMap,true
2.930997795,Regular,1,Update,Deployment,true
2.9323703009999997,Regular,1,Delete,ConfigMap,true
2.93363393,Regular,1,Delete,Deployment,true
2.93480286,Regular,53,Create,Deployment,true
2.98798402,Regular,52,Create,ConfigMap,true
2.053223822,Regular,1,Delete,Deployment,true
2.054825834,Regular,53,Create,Deployment,true
2.108237473,Regular,53,Create,ConfigMap,true
2.161649822,Regular,1,Update,Deployment,true
2.163066062,Regular,1,Delete,ConfigMap,true
2.164992459,Regular,1,Delete,Deployment,true
2.16694684,Regular,51,Create,Deployment,true
2.218937851,Regular,52,Create,ConfigMap,true
2.2714335,Regular,1,Update,Deployment,true
2.272945181,Regular,1,Delete,ConfigMap,true
2.274404361,Regular,1,Delete,Deployment,true
2.275859885,Regular,52,Create,Deployment,true
2.328285691,Regular,52,Create,ConfigMap,true
2.380868146,Regular,1,Update,Deployment,true
2.382617487,Regular,1,Delete,ConfigMap,true
2.384611704,Regular,2,Delete,Deployment,true
2.387094488,Regular,54,Create,Deployment,true
2.441806365,Regular,52,Create,ConfigMap,true
2.493817665,Regular,1,Update,Deployment,true
2.494921781,Regular,1,Delete,ConfigMap,true
2.496087845,Regular,1,Delete,Deployment,true
2.497310557,Regular,51,Create,Deployment,true
2.549277803,Regular,51,Create,ConfigMap,true
2.600990685,Regular,1,Update,Deployment,true
2.60228334,Regular,1,Delete,ConfigMap,true
2.604181424,Regular,2,Delete,Deployment,true
2.606457135,Regular,52,Create,Deployment,true
2.659312457,Regular,51,Create,ConfigMap,true
2.711305482,Regular,1,Update,Deployment,true
2.712544234,Regular,1,Delete,ConfigMap,true
2.713862627,Regular,2,Delete,Deployment,true
2.716356943,Regular,51,Create,Deployment,true
2.768337665,Regular,52,Create,ConfigMap,true
2.820395783,Regular,1,Update,Deployment,true
2.821651046,Regular,1,Delete,ConfigMap,true
2.823323542,Regular,2,Delete,Deployment,true
2.825567723,Regular,53,Create,Deployment,true
2.878636831,Regular,52,Create,ConfigMap,true
2.931244333,Regular,1,Update,Deployment,true
2.932606159,Regular,1,Delete,ConfigMap,true
2.9339500899999997,Regular,1,Delete,Deployment,true
2.935134489,Regular,53,Create,Deployment,true
2.988559413,Regular,51,Create,ConfigMap,true
2.063446423,Regular,3,Update,Deployment,true
2.067325178,Regular,2,Delete,ConfigMap,true
2.070171753,Regular,1,Delete,Deployment,true
2.071779346,Regular,55,Create,Deployment,true
2.126978619,Regular,52,Create,ConfigMap,true
2.179279969,Regular,1,Update,Deployment,true
2.180891689,Regular,3,Delete,ConfigMap,true
2.184508567,Regular,2,Delete,Deployment,true
2.187283526,Regular,52,Create,Deployment,true
2.239380718,Regular,51,Create,ConfigMap,true
2.291261891,Regular,1,Update,Deployment,true
2.292629237,Regular,1,Delete,ConfigMap,true
2.29404259,Regular,1,Delete,Deployment,true
2.295345394,Regular,52,Create,Deployment,true
2.3481079,Regular,53,Create,ConfigMap,true
2.401387408,Regular,2,Update,Deployment,true
2.403489188,Regular,3,Delete,ConfigMap,true
2.40668695,Regular,3,Delete,Deployment,true
2.410352981,Regular,52,Create,Deployment,true
2.462675291,Regular,52,Create,ConfigMap,true
2.515235894,Regular,1,Update,Deployment,true
2.516880997,Regular,1,Delete,ConfigMap,true
2.5184117539999997,Regular,1,Delete,Deployment,true
2.520418604,Regular,52,Create,Deployment,true
2.572678236,Regular,54,Create,ConfigMap,true
2.626854856,Regular,1,Update,Deployment,true
2.628319577,Regular,1,Delete,ConfigMap,true
2.629600069,Regular,1,Delete,Deployment,true
2.63072794,Regular,53,Create,Deployment,true
2.683940942,Regular,51,Create,ConfigMap,true
2.735837543,Regular,1,Update,Deployment,true
2.7370988880000002,Regular,1,Delete,ConfigMap,true
2.738313434,Regular,1,Delete,Deployment,true
2.739390449,Regular,52,Create,Deployment,true
2.791738608,Regular,52,Create,ConfigMap,true
2.844323717,Regular,2,Update,Deployment,true
2.8466621979999998,Regular,2,Delete,ConfigMap,true
2.8487166090000002,Regular,1,Delete,Deployment,true
2.850172523,Regular,52,Create,Deployment,true
2.9024851849999997,Regular,53,Create,ConfigMap,true
2.9563061299999998,Regular,1,Update,Deployment,true
2.957892723,Regular,1,Delete,ConfigMap,true
2.959403822,Regular,1,Delete,Deployment,true
2.960643937,Regular,51,Create,Deployment,true
3.012252932,Regular,52,Create,ConfigMap,true
3.012245989,Regular,51,Create,ConfigMap,true
3.064186374,Regular,2,Update,Deployment,true
3.066340784,Regular,2,Delete,ConfigMap,true
3.068358926,Regular,1,Delete,Deployment,true
3.069816464,Regular,51,Create,Deployment,true
3.121784612,Regular,51,Create,ConfigMap,true
3.173750144,Regular,1,Update,Deployment,true
3.175304014,Regular,2,Delete,ConfigMap,true
3.1773568819999998,Regular,1,Delete,Deployment,true
3.1788936899999998,Regular,52,Create,Deployment,true
3.23144228,Regular,53,Create,ConfigMap,true
3.284958597,Regular,2,Update,Deployment,true
3.287702598,Regular,3,Delete,ConfigMap,true
3.291342118,Regular,1,Delete,Deployment,true
3.292968306,Regular,53,Create,Deployment,true
3.346401025,Regular,53,Create,ConfigMap,true
3.400175061,Regular,3,Update,Deployment,true
3.403366771,Regular,4,Delete,ConfigMap,true
3.408306381,Regular,4,Delete,Deployment,true
3.412677841,Regular,52,Create,Deployment,true
3.465256297,Regular,53,Create,ConfigMap,true
3.518915856,Regular,2,Update,Deployment,true
3.520944118,Regular,1,Delete,ConfigMap,true
3.5228865259999997,Regular,4,Delete,Deployment,true
3.527251705,Regular,53,Create,Deployment,true
3.581168322,Regular,53,Create,ConfigMap,true
3.634642188,Regular,8,Update,Deployment,true
3.6433437509999997,Regular,3,Delete,ConfigMap,true
3.647290876,Regular,2,Delete,Deployment,true
3.6499722070000002,Regular,53,Create,Deployment,true
3.703218061,Regular,53,Create,ConfigMap,true
3.7567074959999998,Regular,2,Update,Deployment,true
3.758827301,Regular,2,Delete,ConfigMap,true
3.761509675,Regular,2,Delete,Deployment,true
3.7637772910000002,Regular,52,Create,Deployment,true
3.816450557,Regular,52,Create,ConfigMap,true
3.869019305,Regular,1,Update,Deployment,true
3.870537307,Regular,1,Delete,ConfigMap,true
3.872078584,Regular,1,Delete,Deployment,true
3.873406005,Regular,52,Create,Deployment,true
3.926112073,Regular,53,Create,ConfigMap,true
3.979187613,Regular,1,Update,Deployment,true
3.980978223,Regular,1,Delete,ConfigMap,true
3.982288791,Regular,2,Delete,Deployment,true
3.9848274420000003,Regular,52,Create,Deployment,true
3.012056469,Regular,52,Create,ConfigMap,true
3.064270033,Regular,2,Update,Deployment,true
3.066879547,Regular,1,Delete,ConfigMap,true
3.068400385,Regular,1,Delete,Deployment,true
3.069799272,Regular,52,Create,Deployment,true
3.122263902,Regular,52,Create,ConfigMap,true
3.175113172,Regular,2,Update,Deployment,true
3.177338217,Regular,1,Delete,ConfigMap,true
3.179207827,Regular,2,Delete,Deployment,true
3.181368209,Regular,52,Create,Deployment,true
3.234289316,Regular,53,Create,ConfigMap,true
3.288356289,Regular,2,Update,Deployment,true
3.290896482,Regular,2,Delete,ConfigMap,true
3.2930520850000002,Regular,2,Delete,Deployment,true
3.295308861,Regular,53,Create,Deployment,true
3.349159923,Regular,52,Create,ConfigMap,true
3.401362475,Regular,2,Update,Deployment,true
3.403577091,Regular,4,Delete,ConfigMap,true
3.408307323,Regular,4,Delete,Deployment,true
3.412793521,Regular,52,Create,Deployment,true
3.465251368,Regular,53,Create,ConfigMap,true
3.5189482180000002,Regular,1,Update,Deployment,true
3.520705986,Regular,2,Delete,ConfigMap,true
3.523400362,Regular,4,Delete,Deployment,true
3.5274361450000002,Regular,53,Create,Deployment,true
3.581176577,Regular,53,Create,ConfigMap,true
3.635142328,Regular,8,Update,Deployment,true
3.643341346,Regular,3,Delete,ConfigMap,true
3.646879655,Regular,7,Delete,Deployment,true
3.65422904,Regular,54,Create,Deployment,true
3.708901482,Regular,52,Create,ConfigMap,true
3.761863337,Regular,2,Update,Deployment,true
3.764336583,Regular,2,Delete,ConfigMap,true
3.767149394,Regular,2,Delete,Deployment,true
3.769350213,Regular,53,Create,Deployment,true
3.822657212,Regular,53,Create,ConfigMap,true
3.875833754,Regular,1,Update,Deployment,true
3.8772401050000003,Regular,1,Delete,ConfigMap,true
3.878847877,Regular,1,Delete,Deployment,true
3.880472973,Regular,52,Create,Deployment,true
3.932575546,Regular,52,Create,ConfigMap,true
3.985505429,Regular,2,Update,Deployment,true
3.98767551,Regular,1,Delete,ConfigMap,true
3.9890484170000002,Regular,1,Delete,Deployment,true
3.990459316,Regular,53,Create,Deployment,true
3.040366424,Regular,1,Update,Deployment,true
3.041640524,Regular,1,Delete,ConfigMap,true
3.042783464,Regular,1,Delete,Deployment,true
3.04462461,Regular,52,Create,Deployment,true
3.097429726,Regular,54,Create,ConfigMap,true
3.151814302,Regular,1,Update,Deployment,true
3.153397248,Regular,1,Delete,ConfigMap,true
3.154707105,Regular,1,Delete,Deployment,true
3.156028404,Regular,52,Create,Deployment,true
3.208546776,Regular,53,Create,ConfigMap,true
3.262012066,Regular,2,Update,Deployment,true
3.264092387,Regular,3,Delete,ConfigMap,true
3.267155803,Regular,1,Delete,Deployment,true
3.268519773,Regular,53,Create,Deployment,true
3.321832514,Regular,52,Create,ConfigMap,true
3.374724225,Regular,1,Update,Deployment,true
3.376366012,Regular,1,Delete,ConfigMap,true
3.377763275,Regular,2,Delete,Deployment,true
3.379825722,Regular,53,Create,Deployment,true
3.432887145,Regular,52,Create,ConfigMap,true
3.48505961,Regular,2,Update,Deployment,true
3.487163275,Regular,1,Delete,ConfigMap,true
3.488338907,Regular,1,Delete,Deployment,true
3.489500733,Regular,52,Create,Deployment,true
3.542385461,Regular,53,Create,ConfigMap,true
3.595896798,Regular,1,Update,Deployment,true
3.5977875580000003,Regular,1,Delete,ConfigMap,true
3.599393839,Regular,1,Delete,Deployment,true
3.601219235,Regular,53,Create,Deployment,true
3.654276791,Regular,54,Create,ConfigMap,true
3.709002614,Regular,2,Update,Deployment,true
3.711948307,Regular,1,Delete,ConfigMap,true
3.7131237,Regular,1,Delete,Deployment,true
3.714605684,Regular,54,Create,Deployment,true
3.769225756,Regular,52,Create,ConfigMap,true
3.82181899,Regular,3,Update,Deployment,true
3.8255222030000002,Regular,2,Delete,ConfigMap,true
3.828305167,Regular,2,Delete,Deployment,true
3.830549208,Regular,52,Create,Deployment,true
3.883101825,Regular,52,Create,ConfigMap,true
3.935491062,Regular,1,Update,Deployment,true
3.936896641,Regular,1,Delete,ConfigMap,true
3.938269989,Regular,1,Delete,Deployment,true
3.939999743,Regular,52,Create,Deployment,true
3.992898067,Regular,52,Create,ConfigMap,true
3.040196021,Regular,1,Update,Deployment,true
3.041437929,Regular,1,Delete,ConfigMap,true
3.04272341,Regular,1,Delete,Deployment,true
3.04454588,Regular,53,Create,Deployment,true
3.097688898,Regular,54,Create,ConfigMap,true
3.151969387,Regular,1,Update,Deployment,true
3.153626824,Regular,1,Delete,ConfigMap,true
3.154959474,Regular,1,Delete,Deployment,true
3.156277697,Regular,52,Create,Deployment,true
3.208566584,Regular,53,Create,ConfigMap,true
3.262015473,Regular,2,Update,Deployment,true
3.264379902,Regular,2,Delete,ConfigMap,true
3.267131096,Regular,1,Delete,Deployment,true
3.268781049,Regular,53,Create,Deployment,true
3.321832524,Regular,53,Create,ConfigMap,true
3.375107583,Regular,1,Update,Deployment,true
3.376639722,Regular,1,Delete,ConfigMap,true
3.377999263,Regular,1,Delete,Deployment,true
3.3795821090000002,Regular,53,Create,Deployment,true
3.433139303,Regular,51,Create,ConfigMap,true
3.485061123,Regular,1,Update,Deployment,true
3.486919682,Regular,1,Delete,ConfigMap,true
3.488130221,Regular,1,Delete,Deployment,true
3.489280044,Regular,53,Create,Deployment,true
3.542393897,Regular,53,Create,ConfigMap,true
3.59589766,Regular,1,Update,Deployment,true
3.597521924,Regular,1,Delete,ConfigMap,true
3.599129627,Regular,2,Delete,Deployment,true
3.601441547,Regular,52,Create,Deployment,true
3.65422905,Regular,54,Create,ConfigMap,true
3.708712583,Regular,3,Update,Deployment,true
3.711871983,Regular,1,Delete,ConfigMap,true
3.713387821,Regular,1,Delete,Deployment,true
3.714843255,Regular,54,Create,Deployment,true
3.769092624,Regular,52,Create,ConfigMap,true
3.821524261,Regular,3,Update,Deployment,true
3.8252855329999997,Regular,3,Delete,ConfigMap,true
3.828451785,Regular,1,Delete,Deployment,true
3.8302938429999998,Regular,52,Create,Deployment,true
3.882437323,Regular,52,Create,ConfigMap,true
3.9352614360000002,Regular,1,Update,Deployment,true
3.936629173,Regular,1,Delete,ConfigMap,true
3.938261442,Regular,1,Delete,Deployment,true
3.939693992,Regular,53,Create,Deployment,true
3.9933151479999998,Regular,53,Create,ConfigMap,true
3.011796275,Regular,52,Create,ConfigMap,true
3.064212814,Regular,2,Update,Deployment,true
3.066799075,Regular,1,Delete,ConfigMap,true
3.068405104,Regular,1,Delete,Deployment,true
3.069794282,Regular,51,Create,Deployment,true
3.1217961340000002,Regular,53,Create,ConfigMap,true
3.175137548,Regular,2,Update,Deployment,true
3.177394524,Regular,1,Delete,ConfigMap,true
3.179223938,Regular,2,Delete,Deployment,true
3.1813588409999998,Regular,52,Create,Deployment,true
3.234030365,Regular,53,Create,ConfigMap,true
3.287894702,Regular,3,Update,Deployment,true
3.291006832,Regular,2,Delete,ConfigMap,true
3.293506227,Regular,1,Delete,Deployment,true
3.295356872,Regular,52,Create,Deployment,true
3.348098508,Regular,52,Create,ConfigMap,true
3.40065375,Regular,2,Update,Deployment,true
3.40361906,Regular,4,Delete,ConfigMap,true
3.408531598,Regular,4,Delete,Deployment,true
3.412737945,Regular,52,Create,Deployment,true
3.4653,Regular,53,Create,ConfigMap,true
3.518957135,Regular,2,Update,Deployment,true
3.520981679,Regular,1,Delete,ConfigMap,true
3.522884823,Regular,4,Delete,Deployment,true
3.527687452,Regular,53,Create,Deployment,true
3.58120936,Regular,53,Create,ConfigMap,true
3.634998124,Regular,8,Update,Deployment,true
3.643276182,Regular,3,Delete,ConfigMap,true
3.646949728,Regular,6,Delete,Deployment,true
3.653886439,Regular,55,Create,Deployment,true
3.709046137,Regular,54,Create,ConfigMap,true
3.763526284,Regular,3,Update,Deployment,true
3.7668717369999998,Regular,3,Delete,ConfigMap,true
3.770172324,Regular,2,Delete,Deployment,true
3.77299332,Regular,53,Create,Deployment,true
3.826381053,Regular,52,Create,ConfigMap,true
3.878599446,Regular,2,Update,Deployment,true
3.880796668,Regular,2,Delete,ConfigMap,true
3.883428455,Regular,4,Delete,Deployment,true
3.887859679,Regular,52,Create,Deployment,true
3.939999743,Regular,53,Create,ConfigMap,true
3.99332144,Regular,2,Update,Deployment,true
3.99539119,Regular,1,Delete,ConfigMap,true
3.996936825,Regular,2,Delete,Deployment,true
3.9991513100000002,Regular,55,Create,Deployment,true
3.012192087,Regular,52,Create,ConfigMap,true
3.064245125,Regular,2,Update,Deployment,true
3.066567425,Regular,1,Delete,ConfigMap,true
3.0681921,Regular,1,Delete,Deployment,true
3.069507518,Regular,52,Create,Deployment,true
3.12178369,Regular,53,Create,ConfigMap,true
3.175067425,Regular,2,Update,Deployment,true
3.177250751,Regular,1,Delete,ConfigMap,true
3.178882379,Regular,2,Delete,Deployment,true
3.181355555,Regular,52,Create,Deployment,true
3.234289316,Regular,53,Create,ConfigMap,true
3.287664766,Regular,3,Update,Deployment,true
3.291076354,Regular,1,Delete,ConfigMap,true
3.29302314,Regular,1,Delete,Deployment,true
3.295009833,Regular,52,Create,Deployment,true
3.347116152,Regular,53,Create,ConfigMap,true
3.4006065,Regular,2,Update,Deployment,true
3.403448827,Regular,5,Delete,ConfigMap,true
3.408581072,Regular,2,Delete,Deployment,true
3.411579476,Regular,53,Create,Deployment,true
3.4652798320000002,Regular,53,Create,ConfigMap,true
3.518915856,Regular,2,Update,Deployment,true
3.520979475,Regular,2,Delete,ConfigMap,true
3.523136681,Regular,4,Delete,Deployment,true
3.52746512,Regular,53,Create,Deployment,true
3.581171027,Regular,53,Create,ConfigMap,true
3.635052287,Regular,8,Update,Deployment,true
3.643547047,Regular,3,Delete,ConfigMap,true
3.64672428,Regular,7,Delete,Deployment,true
3.653974356,Regular,54,Create,Deployment,true
3.708489299,Regular,55,Create,ConfigMap,true
3.764020402,Regular,3,Update,Deployment,true
3.767112714,Regular,2,Delete,ConfigMap,true
3.769482885,Regular,3,Delete,Deployment,true
3.772678582,Regular,55,Create,Deployment,true
3.828073296,Regular,52,Create,ConfigMap,true
3.880764607,Regular,2,Update,Deployment,true
3.883585343,Regular,3,Delete,ConfigMap,true
3.886736817,Regular,2,Delete,Deployment,true
3.888837115,Regular,52,Create,Deployment,true
3.941732694,Regular,52,Create,ConfigMap,true
3.9942736180000002,Regular,1,Update,Deployment,true
3.995771633,Regular,1,Delete,ConfigMap,true
3.997300155,Regular,2,Delete,Deployment,true
3.999420481,Regular,55,Create,Deployment,true
3.007376854,Regular,53,Create,ConfigMap,true
3.060384375,Regular,1,Update,Deployment,true
3.061683301,Regular,1,Delete,ConfigMap,true
3.063450837,Regular,3,Delete,Deployment,true
3.066788975,Regular,53,Create,Deployment,true
3.11994029,Regular,52,Create,ConfigMap,true
3.172432682,Regular,2,Update,Deployment,true
3.175168918,Regular,2,Delete,ConfigMap,true
3.177194584,Regular,1,Delete,Deployment,true
3.179200072,Regular,52,Create,Deployment,true
3.231431249,Regular,53,Create,ConfigMap,true
3.28458092,Regular,3,Update,Deployment,true
3.287763283,Regular,3,Delete,ConfigMap,true
3.29105355,Regular,2,Delete,Deployment,true
3.293076151,Regular,53,Create,Deployment,true
3.347078781,Regular,53,Create,ConfigMap,true
3.400172005,Regular,2,Update,Deployment,true
3.403103822,Regular,5,Delete,ConfigMap,true
3.408302884,Regular,4,Delete,Deployment,true
3.412763855,Regular,52,Create,Deployment,true
3.465248292,Regular,53,Create,ConfigMap,true
3.518921046,Regular,2,Update,Deployment,true
3.520980497,Regular,2,Delete,ConfigMap,true
3.5231234259999997,Regular,4,Delete,Deployment,true
3.527621106,Regular,53,Create,Deployment,true
3.581168332,Regular,53,Create,ConfigMap,true
3.63513824,Regular,8,Update,Deployment,true
3.643282434,Regular,3,Delete,ConfigMap,true
3.64672428,Regular,7,Delete,Deployment,true
3.654145561,Regular,54,Create,Deployment,true
3.708735978,Regular,55,Create,ConfigMap,true
3.76386661,Regular,2,Update,Deployment,true
3.7668230339999997,Regular,3,Delete,ConfigMap,true
3.769993023,Regular,3,Delete,Deployment,true
3.773004091,Regular,55,Create,Deployment,true
3.828163798,Regular,52,Create,ConfigMap,true
3.880744348,Regular,2,Update,Deployment,true
3.883634176,Regular,3,Delete,ConfigMap,true
3.887357105,Regular,1,Delete,Deployment,true
3.88906606,Regular,52,Create,Deployment,true
3.941282348,Regular,52,Create,ConfigMap,true
3.993985441,Regular,2,Update,Deployment,true
3.9962233,Regular,1,Delete,ConfigMap,true
3.9975313740000002,Regular,2,Delete,Deployment,true
4.000199911,Regular,54,Create,Deployment,true
3.00985035,Regular,52,Create,ConfigMap,true
3.061937674,Regular,1,Update,Deployment,true
3.063885633,Regular,2,Delete,ConfigMap,true
3.066409244,Regular,1,Delete,Deployment,true
3.06813946,Regular,52,Create,Deployment,true
3.120720521,Regular,52,Create,ConfigMap,true
3.172975253,Regular,1,Update,Deployment,true
3.174802442,Regular,2,Delete,ConfigMap,true
3.177250751,Regular,1,Delete,Deployment,true
3.178890875,Regular,52,Create,Deployment,true
3.231445016,Regular,53,Create,ConfigMap,true
3.284911969,Regular,2,Update,Deployment,true
3.287311204,Regular,3,Delete,ConfigMap,true
3.291045204,Regular,1,Delete,Deployment,true
3.293037758,Regular,53,Create,Deployment,true
3.347023406,Regular,53,Create,ConfigMap,true
3.400530486,Regular,2,Update,Deployment,true
3.403430673,Regular,4,Delete,ConfigMap,true
3.408293446,Regular,4,Delete,Deployment,true
3.412710914,Regular,52,Create,Deployment,true
3.4653,Regular,53,Create,ConfigMap,true
3.518933219,Regular,1,Update,Deployment,true
3.520925543,Regular,2,Delete,ConfigMap,true
3.523237563,Regular,4,Delete,Deployment,true
3.5276059269999998,Regular,53,Create,Deployment,true
3.581169133,Regular,53,Create,ConfigMap,true
3.635000609,Regular,8,Update,Deployment,true
3.643541226,Regular,3,Delete,ConfigMap,true
3.6468637040000003,Regular,3,Delete,Deployment,true
3.6506768149999997,Regular,52,Create,Deployment,true
3.703215305,Regular,53,Create,ConfigMap,true
3.756417666,Regular,2,Update,Deployment,true
3.758828604,Regular,2,Delete,ConfigMap,true
3.761012581,Regular,3,Delete,Deployment,true
3.764162713,Regular,52,Create,Deployment,true
3.8164505269999998,Regular,52,Create,ConfigMap,true
3.868981763,Regular,1,Update,Deployment,true
3.870830173,Regular,1,Delete,ConfigMap,true
3.87231363,Regular,1,Delete,Deployment,true
3.873645099,Regular,52,Create,Deployment,true
3.926242521,Regular,52,Create,ConfigMap,true
3.979187623,Regular,1,Update,Deployment,true
3.980767322,Regular,1,Delete,ConfigMap,true
3.98241448,Regular,2,Delete,Deployment,true
3.984507204,Regular,53,Create,Deployment,true
4.037546555,Regular,53,Create,ConfigMap,true
3.064277447,Regular,2,Update,Deployment,true
3.066404075,Regular,1,Delete,ConfigMap,true
3.068210495,Regular,1,Delete,Deployment,true
3.069815723,Regular,52,Create,Deployment,true
3.122487186,Regular,52,Create,ConfigMap,true
3.175078376,Regular,2,Update,Deployment,true
3.177195997,Regular,1,Delete,ConfigMap,true
3.178995113,Regular,2,Delete,Deployment,true
3.181365774,Regular,52,Create,Deployment,true
3.234272905,Regular,53,Create,ConfigMap,true
3.287926553,Regular,3,Update,Deployment,true
3.291289398,Regular,2,Delete,ConfigMap,true
3.293426997,Regular,1,Delete,Deployment,true
3.295304963,Regular,52,Create,Deployment,true
3.347802436,Regular,52,Create,ConfigMap,true
3.400519104,Regular,2,Update,Deployment,true
3.403405244,Regular,4,Delete,ConfigMap,true
3.408370422,Regular,4,Delete,Deployment,true
3.412741793,Regular,52,Create,Deployment,true
3.465316572,Regular,53,Create,ConfigMap,true
3.518931757,Regular,1,Update,Deployment,true
3.520932055,Regular,2,Delete,ConfigMap,true
3.523136681,Regular,4,Delete,Deployment,true
3.527498143,Regular,53,Create,Deployment,true
3.581176537,Regular,54,Create,ConfigMap,true
3.635232559,Regular,8,Update,Deployment,true
3.643589437,Regular,3,Delete,ConfigMap,true
3.647048886,Regular,6,Delete,Deployment,true
3.653959137,Regular,55,Create,Deployment,true
3.709119486,Regular,54,Create,ConfigMap,true
3.763795596,Regular,3,Update,Deployment,true
3.767188909,Regular,2,Delete,ConfigMap,true
3.770181421,Regular,2,Delete,Deployment,true
3.773004141,Regular,55,Create,Deployment,true
3.828421237,Regular,52,Create,ConfigMap,true
3.880775698,Regular,2,Update,Deployment,true
3.883016573,Regular,1,Delete,ConfigMap,true
3.8849137750000002,Regular,3,Delete,Deployment,true
3.888578695,Regular,52,Create,Deployment,true
3.940791617,Regular,53,Create,ConfigMap,true
3.994035667,Regular,2,Update,Deployment,true
3.99619655,Regular,1,Delete,ConfigMap,true
3.997779415,Regular,2,Delete,Deployment,true
3.999858864,Regular,55,Create,Deployment,true
4.054987863,Regular,52,Create,ConfigMap,true
3.009894855,Regular,52,Create,ConfigMap,true
3.061908959,Regular,1,Update,Deployment,true
3.063877207,Regular,2,Delete,ConfigMap,true
3.066729362,Regular,1,Delete,Deployment,true
3.06813947,Regular,52,Create,Deployment,true
3.1210622199999998,Regular,52,Create,ConfigMap,true
3.173252329,Regular,1,Update,Deployment,true
3.175086892,Regular,2,Delete,ConfigMap,true
3.177219171,Regular,1,Delete,Deployment,true
3.179189682,Regular,51,Create,Deployment,true
3.231166907,Regular,53,Create,ConfigMap,true
3.284960721,Regular,2,Update,Deployment,true
3.287946871,Regular,3,Delete,ConfigMap,true
3.291180421,Regular,1,Delete,Deployment,true
3.293063226,Regular,54,Create,Deployment,true
3.347122615,Regular,53,Create,ConfigMap,true
3.400168609,Regular,3,Update,Deployment,true
3.4036684839999998,Regular,5,Delete,ConfigMap,true
3.408694738,Regular,3,Delete,Deployment,true
3.412441593,Regular,52,Create,Deployment,true
3.465338063,Regular,53,Create,ConfigMap,true
3.518915866,Regular,2,Update,Deployment,true
3.5209573929999998,Regular,2,Delete,ConfigMap,true
3.523266959,Regular,3,Delete,Deployment,true
3.5271590489999998,Regular,53,Create,Deployment,true
3.581180595,Regular,54,Create,ConfigMap,true
3.635277385,Regular,8,Update,Deployment,true
3.643429564,Regular,3,Delete,ConfigMap,true
3.647227616,Regular,6,Delete,Deployment,true
3.653941534,Regular,54,Create,Deployment,true
3.708788989,Regular,55,Create,ConfigMap,true
3.764008159,Regular,3,Update,Deployment,true
3.767142531,Regular,3,Delete,ConfigMap,true
3.7701807,Regular,2,Delete,Deployment,true
3.773024249,Regular,55,Create,Deployment,true
3.828061264,Regular,52,Create,ConfigMap,true
3.8807548179999998,Regular,2,Update,Deployment,true
3.883237232,Regular,3,Delete,ConfigMap,true
3.887184306,Regular,1,Delete,Deployment,true
3.888985507,Regular,52,Create,Deployment,true
3.941974342,Regular,53,Create,ConfigMap,true
3.995867615,Regular,1,Update,Deployment,true
3.99755563,Regular,1,Delete,ConfigMap,true
3.999438846,Regular,1,Delete,Deployment,true
4.00129447,Regular,53,Create,Deployment,true
4.055025715,Regular,53,Create,ConfigMap,true
4.108068222,Regular,2,Update,Deployment,true
4.045737578,Regular,1,Update,Deployment,true
4.04753977,Regular,6,Delete,ConfigMap,true
4.054040294,Regular,1,Delete,Deployment,true
4.055593904,Regular,52,Create,Deployment,true
4.10784601,Regular,53,Create,ConfigMap,true
4.160976525,Regular,1,Update,Deployment,true
4.162711119,Regular,2,Delete,ConfigMap,true
4.165447985,Regular,2,Delete,Deployment,true
4.168369052,Regular,52,Create,Deployment,true
4.22038529,Regular,51,Create,ConfigMap,true
4.272121107,Regular,1,Update,Deployment,true
4.273464507,Regular,1,Delete,ConfigMap,true
4.274944608,Regular,1,Delete,Deployment,true
4.276476267,Regular,52,Create,Deployment,true
4.329178177,Regular,52,Create,ConfigMap,true
4.382049299,Regular,5,Update,Deployment,true
4.387931518,Regular,1,Delete,ConfigMap,true
4.389557275,Regular,1,Delete,Deployment,true
4.390951212,Regular,52,Create,Deployment,true
4.443336061,Regular,54,Create,ConfigMap,true
4.497982093,Regular,1,Update,Deployment,true
4.49922897,Regular,1,Delete,ConfigMap,true
4.500573654,Regular,1,Delete,Deployment,true
4.5018973970000005,Regular,53,Create,Deployment,true
4.555387154,Regular,52,Create,ConfigMap,true
4.607930413,Regular,3,Update,Deployment,true
4.6110487639999995,Regular,1,Delete,ConfigMap,true
4.612206934,Regular,1,Delete,Deployment,true
4.613336669,Regular,54,Create,Deployment,true
4.667374616,Regular,53,Create,ConfigMap,true
4.7205825279999996,Regular,2,Update,Deployment,true
4.72265353,Regular,4,Delete,ConfigMap,true
4.727420492,Regular,1,Delete,Deployment,true
4.729269933,Regular,53,Create,Deployment,true
4.782990999,Regular,54,Create,ConfigMap,true
4.837947411,Regular,1,Update,Deployment,true
4.839091052,Regular,1,Delete,ConfigMap,true
4.840157077,Regular,1,Delete,Deployment,true
4.841301991,Regular,51,Create,Deployment,true
4.89302373,Regular,52,Create,ConfigMap,true
4.945695453,Regular,2,Update,Deployment,true
4.948550645,Regular,2,Delete,ConfigMap,true
4.950574758,Regular,1,Delete,Deployment,true
4.951869026,Regular,52,Create,Deployment,true
4.055055792,Regular,53,Create,ConfigMap,true
4.108169264,Regular,2,Update,Deployment,true
4.110182467,Regular,1,Delete,ConfigMap,true
4.111799497,Regular,2,Delete,Deployment,true
4.11407082,Regular,52,Create,Deployment,true
4.166881738,Regular,52,Create,ConfigMap,true
4.219838612,Regular,3,Update,Deployment,true
4.223066271,Regular,5,Delete,ConfigMap,true
4.228226059,Regular,2,Delete,Deployment,true
4.230317229,Regular,52,Create,Deployment,true
4.282683994,Regular,52,Create,ConfigMap,true
4.335010812,Regular,1,Update,Deployment,true
4.336607073,Regular,1,Delete,ConfigMap,true
4.33845933,Regular,1,Delete,Deployment,true
4.340111277,Regular,52,Create,Deployment,true
4.392625181,Regular,54,Create,ConfigMap,true
4.44742238,Regular,5,Update,Deployment,true
4.452707585,Regular,1,Delete,ConfigMap,true
4.454599688,Regular,2,Delete,Deployment,true
4.4566652,Regular,52,Create,Deployment,true
4.509079074,Regular,53,Create,ConfigMap,true
4.562200391,Regular,3,Update,Deployment,true
4.565800297,Regular,2,Delete,ConfigMap,true
4.568659175,Regular,1,Delete,Deployment,true
4.570460385,Regular,53,Create,Deployment,true
4.623621477,Regular,52,Create,ConfigMap,true
4.676223409,Regular,1,Update,Deployment,true
4.677428507,Regular,1,Delete,ConfigMap,true
4.678725339,Regular,1,Delete,Deployment,true
4.679895912,Regular,52,Create,Deployment,true
4.732266463,Regular,57,Create,ConfigMap,true
4.790181863,Regular,6,Update,Deployment,true
4.797093347,Regular,2,Delete,ConfigMap,true
4.799584136,Regular,1,Delete,Deployment,true
4.801325172,Regular,52,Create,Deployment,true
4.853369505,Regular,55,Create,ConfigMap,true
4.908636245,Regular,1,Update,Deployment,true
4.910555289,Regular,1,Delete,ConfigMap,true
4.912000193,Regular,1,Delete,Deployment,true
4.913374362,Regular,54,Create,Deployment,true
4.968223961,Regular,52,Create,ConfigMap,true
4.055036215,Regular,52,Create,ConfigMap,true
4.1078039,Regular,2,Update,Deployment,true
4.110306382,Regular,1,Delete,ConfigMap,true
4.111797123,Regular,2,Delete,Deployment,true
4.114050692,Regular,52,Create,Deployment,true
4.16693023,Regular,52,Create,ConfigMap,true
4.219766956,Regular,3,Update,Deployment,true
4.223036605,Regular,5,Delete,ConfigMap,true
4.228099589,Regular,2,Delete,Deployment,true
4.23015428,Regular,53,Create,Deployment,true
4.283280476,Regular,52,Create,ConfigMap,true
4.335386445,Regular,1,Update,Deployment,true
4.337241187,Regular,1,Delete,ConfigMap,true
4.338813272,Regular,1,Delete,Deployment,true
4.34037082,Regular,51,Create,Deployment,true
4.392336543,Regular,53,Create,ConfigMap,true
4.445545596,Regular,2,Update,Deployment,true
4.44830217,Regular,4,Delete,ConfigMap,true
4.452607856,Regular,2,Delete,Deployment,true
4.454951807,Regular,53,Create,Deployment,true
4.508925693,Regular,53,Create,ConfigMap,true
4.5621390139999995,Regular,3,Update,Deployment,true
4.565647446,Regular,2,Delete,ConfigMap,true
4.56847211,Regular,1,Delete,Deployment,true
4.570149154,Regular,53,Create,Deployment,true
4.623478386,Regular,52,Create,ConfigMap,true
4.67601327,Regular,1,Update,Deployment,true
4.677393881,Regular,1,Delete,ConfigMap,true
4.678936691,Regular,1,Delete,Deployment,true
4.680333553,Regular,51,Create,Deployment,true
4.732267094,Regular,56,Create,ConfigMap,true
4.788481224,Regular,8,Update,Deployment,true
4.797098537,Regular,2,Delete,ConfigMap,true
4.799585599,Regular,1,Delete,Deployment,true
4.8010714100000005,Regular,51,Create,Deployment,true
4.853006125,Regular,54,Create,ConfigMap,true
4.907525386,Regular,2,Update,Deployment,true
4.910091679,Regular,1,Delete,ConfigMap,true
4.911581618,Regular,1,Delete,Deployment,true
4.912838444,Regular,55,Create,Deployment,true
4.968247195,Regular,52,Create,ConfigMap,true
4.107822676,Regular,2,Update,Deployment,true
4.110307454,Regular,1,Delete,ConfigMap,true
4.111794568,Regular,2,Delete,Deployment,true
4.114061242,Regular,52,Create,Deployment,true
4.166924759,Regular,52,Create,ConfigMap,true
4.219772186,Regular,3,Update,Deployment,true
4.22305529,Regular,4,Delete,ConfigMap,true
4.228064552,Regular,2,Delete,Deployment,true
4.230141886,Regular,53,Create,Deployment,true
4.283544958,Regular,52,Create,ConfigMap,true
4.335820018,Regular,1,Update,Deployment,true
4.337480291,Regular,1,Delete,ConfigMap,true
4.339039342,Regular,1,Delete,Deployment,true
4.340370199,Regular,52,Create,Deployment,true
4.392628407,Regular,54,Create,ConfigMap,true
4.44715425,Regular,5,Update,Deployment,true
4.452833144,Regular,2,Delete,ConfigMap,true
4.454945996,Regular,1,Delete,Deployment,true
4.456914053,Regular,52,Create,Deployment,true
4.5090876699999995,Regular,52,Create,ConfigMap,true
4.561828925,Regular,1,Update,Deployment,true
4.563617933,Regular,2,Delete,ConfigMap,true
4.5658896559999995,Regular,2,Delete,Deployment,true
4.568031182,Regular,52,Create,Deployment,true
4.62061585,Regular,52,Create,ConfigMap,true
4.673119855,Regular,1,Update,Deployment,true
4.674366873,Regular,1,Delete,ConfigMap,true
4.675762774,Regular,1,Delete,Deployment,true
4.67704584,Regular,52,Create,Deployment,true
4.729551859,Regular,53,Create,ConfigMap,true
4.782997562,Regular,7,Update,Deployment,true
4.790176113,Regular,6,Delete,ConfigMap,true
4.797093527,Regular,2,Delete,Deployment,true
4.7995905180000005,Regular,53,Create,Deployment,true
4.85261942,Regular,55,Create,ConfigMap,true
4.908317129,Regular,1,Update,Deployment,true
4.910262283,Regular,1,Delete,ConfigMap,true
4.911812366,Regular,1,Delete,Deployment,true
4.913351849,Regular,54,Create,Deployment,true
4.968096358,Regular,52,Create,ConfigMap,true
4.110186695,Regular,1,Delete,ConfigMap,true
4.111797072,Regular,2,Delete,Deployment,true
4.114083955,Regular,52,Create,Deployment,true
4.166902167,Regular,53,Create,ConfigMap,true
4.21999033,Regular,3,Update,Deployment,true
4.223001588,Regular,1,Delete,ConfigMap,true
4.224671759,Regular,3,Delete,Deployment,true
4.228102164,Regular,52,Create,Deployment,true
4.280915566,Regular,52,Create,ConfigMap,true
4.333301126,Regular,1,Update,Deployment,true
4.334629328,Regular,1,Delete,ConfigMap,true
4.336333754,Regular,2,Delete,Deployment,true
4.33843278,Regular,52,Create,Deployment,true
4.391260419,Regular,52,Create,ConfigMap,true
4.443668091,Regular,3,Update,Deployment,true
4.447640404,Regular,5,Delete,ConfigMap,true
4.452764974,Regular,2,Delete,Deployment,true
4.454885521,Regular,54,Create,Deployment,true
4.509440069,Regular,52,Create,ConfigMap,true
4.562195421,Regular,3,Update,Deployment,true
4.565419343,Regular,3,Delete,ConfigMap,true
4.568504,Regular,1,Delete,Deployment,true
4.570435798,Regular,53,Create,Deployment,true
4.623481812,Regular,52,Create,ConfigMap,true
4.676098411,Regular,1,Update,Deployment,true
4.677618578,Regular,1,Delete,ConfigMap,true
4.678921111,Regular,1,Delete,Deployment,true
4.680133092,Regular,51,Create,Deployment,true
4.732011459,Regular,58,Create,ConfigMap,true
4.790204036,Regular,6,Update,Deployment,true
4.797147339,Regular,2,Delete,ConfigMap,true
4.799580099,Regular,1,Delete,Deployment,true
4.801322497,Regular,51,Create,Deployment,true
4.853079724,Regular,55,Create,ConfigMap,true
4.90876508,Regular,1,Update,Deployment,true
4.91054009,Regular,1,Delete,ConfigMap,true
4.911950959,Regular,1,Delete,Deployment,true
4.913371226,Regular,54,Create,Deployment,true
4.968101578,Regular,52,Create,ConfigMap,true
4.055053387,Regular,53,Create,ConfigMap,true
4.108155788,Regular,2,Update,Deployment,true
4.110166957,Regular,1,Delete,ConfigMap,true
4.111568659,Regular,2,Delete,Deployment,true
4.113749179,Regular,52,Create,Deployment,true
4.166626834,Regular,53,Create,ConfigMap,true
4.219967006,Regular,2,Update,Deployment,true
4.222894495,Regular,1,Delete,ConfigMap,true
4.224670848,Regular,3,Delete,Deployment,true
4.228129395,Regular,52,Create,Deployment,true
4.280915015,Regular,52,Create,ConfigMap,true
4.333519931,Regular,1,Update,Deployment,true
4.334918577,Regular,1,Delete,ConfigMap,true
4.336585792,Regular,1,Delete,Deployment,true
4.338120096,Regular,53,Create,Deployment,true
4.39126062,Regular,52,Create,ConfigMap,true
4.443876477,Regular,3,Update,Deployment,true
4.447607401,Regular,5,Delete,ConfigMap,true
4.452642091,Regular,2,Delete,Deployment,true
4.454885351,Regular,54,Create,Deployment,true
4.50988306,Regular,52,Create,ConfigMap,true
4.562128234,Regular,3,Update,Deployment,true
4.565548619,Regular,2,Delete,ConfigMap,true
4.568517646,Regular,1,Delete,Deployment,true
4.5703939590000005,Regular,53,Create,Deployment,true
4.623447447,Regular,52,Create,ConfigMap,true
4.676077341,Regular,1,Update,Deployment,true
4.677604561,Regular,1,Delete,ConfigMap,true
4.67896779,Regular,1,Delete,Deployment,true
4.680221179,Regular,52,Create,Deployment,true
4.732278857,Regular,57,Create,ConfigMap,true
4.790273007,Regular,6,Update,Deployment,true
4.797146087,Regular,2,Delete,ConfigMap,true
4.799585359,Regular,1,Delete,Deployment,true
4.801314281,Regular,52,Create,Deployment,true
4.853373502,Regular,54,Create,ConfigMap,true
4.908303794,Regular,1,Update,Deployment,true
4.910287661,Regular,1,Delete,ConfigMap,true
4.9119232969999995,Regular,1,Delete,Deployment,true
4.913176837,Regular,55,Create,Deployment,true
4.968387351,Regular,51,Create,ConfigMap,true
5.020386758,Regular,1,Update,Deployment,true
4.037561925,Regular,52,Create,ConfigMap,true
4.090286137,Regular,1,Update,Deployment,true
4.091816433,Regular,1,Delete,ConfigMap,true
4.093753982,Regular,1,Delete,Deployment,true
4.095054662,Regular,55,Create,Deployment,true
4.150645308,Regular,57,Create,ConfigMap,true
4.208360768,Regular,2,Update,Deployment,true
4.210765074,Regular,1,Delete,ConfigMap,true
4.212466755,Regular,1,Delete,Deployment,true
4.213830845,Regular,54,Create,Deployment,true
4.267925881,Regular,52,Create,ConfigMap,true
4.320389038,Regular,1,Update,Deployment,true
4.321967696,Regular,5,Delete,ConfigMap,true
4.327588098,Regular,2,Delete,Deployment,true
4.329608003,Regular,54,Create,Deployment,true
4.384322866,Regular,53,Create,ConfigMap,true
4.437420809,Regular,1,Update,Deployment,true
4.438601521,Regular,1,Delete,ConfigMap,true
4.439938079,Regular,1,Delete,Deployment,true
4.441167523,Regular,51,Create,Deployment,true
4.493169364,Regular,54,Create,ConfigMap,true
4.547308364,Regular,2,Update,Deployment,true
4.550204403,Regular,3,Delete,ConfigMap,true
4.553391024,Regular,1,Delete,Deployment,true
4.554689509,Regular,53,Create,Deployment,true
4.607933098,Regular,53,Create,ConfigMap,true
4.661365136,Regular,1,Update,Deployment,true
4.662642551,Regular,4,Delete,ConfigMap,true
4.66752914,Regular,1,Delete,Deployment,true
4.668821624,Regular,51,Create,Deployment,true
4.7206817359999995,Regular,52,Create,ConfigMap,true
4.773450273,Regular,1,Update,Deployment,true
4.7751735360000005,Regular,1,Delete,ConfigMap,true
4.7766186390000005,Regular,1,Delete,Deployment,true
4.777953344,Regular,52,Create,Deployment,true
4.830815659,Regular,52,Create,ConfigMap,true
4.883488093,Regular,2,Update,Deployment,true
4.885684474,Regular,3,Delete,ConfigMap,true
4.8892575990000005,Regular,1,Delete,Deployment,true
4.891173216,Regular,52,Create,Deployment,true
4.943636915,Regular,52,Create,ConfigMap,true
4.996361167,Regular,1,Update,Deployment,true
4.997785963,Regular,1,Delete,ConfigMap,true
4.999189248,Regular,1,Delete,Deployment,true
5.000360181,Regular,52,Create,Deployment,true
4.090796587,Regular,1,Update,Deployment,true
4.092030349,Regular,1,Delete,ConfigMap,true
4.093487917,Regular,1,Delete,Deployment,true
4.094786302,Regular,55,Create,Deployment,true
4.150004762,Regular,58,Create,ConfigMap,true
4.208528396,Regular,2,Update,Deployment,true
4.211223965,Regular,1,Delete,ConfigMap,true
4.212821488,Regular,1,Delete,Deployment,true
4.214200146,Regular,53,Create,Deployment,true
4.267924498,Regular,52,Create,ConfigMap,true
4.320688587,Regular,1,Update,Deployment,true
4.322589426,Regular,4,Delete,ConfigMap,true
4.327016482,Regular,2,Delete,Deployment,true
4.329345926,Regular,52,Create,Deployment,true
4.381652105,Regular,52,Create,ConfigMap,true
4.434566409,Regular,2,Update,Deployment,true
4.436916161,Regular,1,Delete,ConfigMap,true
4.438370292,Regular,1,Delete,Deployment,true
4.439594907,Regular,53,Create,Deployment,true
4.49287201,Regular,54,Create,ConfigMap,true
4.547240916,Regular,2,Update,Deployment,true
4.549743858,Regular,3,Delete,ConfigMap,true
4.5533692420000005,Regular,1,Delete,Deployment,true
4.555075181,Regular,52,Create,Deployment,true
4.607445312,Regular,53,Create,ConfigMap,true
4.661098559,Regular,1,Update,Deployment,true
4.662516872,Regular,5,Delete,ConfigMap,true
4.667547174,Regular,1,Delete,Deployment,true
4.669055758,Regular,51,Create,Deployment,true
4.72058933,Regular,52,Create,ConfigMap,true
4.773438812,Regular,1,Update,Deployment,true
4.775422027,Regular,1,Delete,ConfigMap,true
4.776910664,Regular,1,Delete,Deployment,true
4.778206294,Regular,52,Create,Deployment,true
4.830571936,Regular,52,Create,ConfigMap,true
4.883559359,Regular,4,Update,Deployment,true
4.888361938,Regular,2,Delete,ConfigMap,true
4.89111223,Regular,1,Delete,Deployment,true
4.892781741,Regular,52,Create,Deployment,true
4.945652311,Regular,52,Create,ConfigMap,true
4.997800992,Regular,1,Update,Deployment,true
4.999220928,Regular,1,Delete,ConfigMap,true
5.000366153,Regular,1,Delete,Deployment,true
5.001478665,Regular,51,Create,Deployment,true
4.046360661,Regular,8,Update,Deployment,true
4.054744361,Regular,1,Delete,ConfigMap,true
4.056061251,Regular,0,Delete,Deployment,true
4.057055579,Regular,51,Create,Deployment,true
4.108898669,Regular,52,Create,ConfigMap,true
4.161226309,Regular,1,Update,Deployment,true
4.162635235,Regular,1,Delete,ConfigMap,true
4.164384366,Regular,2,Delete,Deployment,true
4.166879634,Regular,52,Create,Deployment,true
4.21946339,Regular,52,Create,ConfigMap,true
4.272348398,Regular,1,Update,Deployment,true
4.27369237,Regular,1,Delete,ConfigMap,true
4.27521406,Regular,1,Delete,Deployment,true
4.276796014,Regular,52,Create,Deployment,true
4.329690861,Regular,52,Create,ConfigMap,true
4.382040983,Regular,2,Update,Deployment,true
4.384339347,Regular,4,Delete,ConfigMap,true
4.388481693,Regular,2,Delete,Deployment,true
4.390508421,Regular,52,Create,Deployment,true
4.442613559,Regular,54,Create,ConfigMap,true
4.497491411,Regular,1,Update,Deployment,true
4.498865791,Regular,1,Delete,ConfigMap,true
4.500132947,Regular,2,Delete,Deployment,true
4.502198399,Regular,52,Create,Deployment,true
4.555014226,Regular,53,Create,ConfigMap,true
4.608043458,Regular,2,Update,Deployment,true
4.610083822,Regular,1,Delete,ConfigMap,true
4.611531932,Regular,1,Delete,Deployment,true
4.612671826,Regular,54,Create,Deployment,true
4.66742388,Regular,53,Create,ConfigMap,true
4.720572348,Regular,2,Update,Deployment,true
4.722651777,Regular,4,Delete,ConfigMap,true
4.727400764,Regular,1,Delete,Deployment,true
4.729355386,Regular,53,Create,Deployment,true
4.782922189,Regular,54,Create,ConfigMap,true
4.8377109019999995,Regular,1,Update,Deployment,true
4.838877397,Regular,1,Delete,ConfigMap,true
4.839966926,Regular,1,Delete,Deployment,true
4.841068187,Regular,51,Create,Deployment,true
4.893042736,Regular,52,Create,ConfigMap,true
4.945892608,Regular,3,Update,Deployment,true
4.949270302,Regular,1,Delete,ConfigMap,true
4.950792502,Regular,1,Delete,Deployment,true
4.9521172270000005,Regular,52,Create,Deployment,true
5.004236752,Regular,52,Create,ConfigMap,true
5.056690662,Regular,1,Update,Deployment,true
4.044119446,Regular,52,Create,ConfigMap,true
4.097116477,Regular,1,Update,Deployment,true
4.098313961,Regular,1,Delete,ConfigMap,true
4.099402839,Regular,0,Delete,Deployment,true
4.10038857,Regular,56,Create,Deployment,true
4.156939479,Regular,53,Create,ConfigMap,true
4.21074183,Regular,1,Update,Deployment,true
4.212229023,Regular,1,Delete,ConfigMap,true
4.213587403,Regular,1,Delete,Deployment,true
4.214920544,Regular,52,Create,Deployment,true
4.267828175,Regular,52,Create,ConfigMap,true
4.320723573,Regular,1,Update,Deployment,true
4.32227034,Regular,5,Delete,ConfigMap,true
4.327370394,Regular,3,Delete,Deployment,true
4.330634412,Regular,53,Create,Deployment,true
4.384038296,Regular,53,Create,ConfigMap,true
4.437298036,Regular,1,Update,Deployment,true
4.438686071,Regular,1,Delete,ConfigMap,true
4.440009554,Regular,1,Delete,Deployment,true
4.441417337,Regular,51,Create,Deployment,true
4.493210512,Regular,54,Create,ConfigMap,true
4.547484969,Regular,5,Update,Deployment,true
4.553294871,Regular,1,Delete,ConfigMap,true
4.555020377,Regular,1,Delete,Deployment,true
4.556419053,Regular,51,Create,Deployment,true
4.608286389,Regular,53,Create,ConfigMap,true
4.661360056,Regular,1,Update,Deployment,true
4.662734686,Regular,2,Delete,ConfigMap,true
4.665145073,Regular,1,Delete,Deployment,true
4.667077402,Regular,53,Create,Deployment,true
4.720231,Regular,53,Create,ConfigMap,true
4.773443982,Regular,1,Update,Deployment,true
4.775447255,Regular,1,Delete,ConfigMap,true
4.77690831,Regular,1,Delete,Deployment,true
4.778296576,Regular,52,Create,Deployment,true
4.830817783,Regular,52,Create,ConfigMap,true
4.883486531,Regular,2,Update,Deployment,true
4.885973022,Regular,3,Delete,ConfigMap,true
4.889039575,Regular,2,Delete,Deployment,true
4.891114224,Regular,52,Create,Deployment,true
4.943948426,Regular,52,Create,ConfigMap,true
4.996092377,Regular,1,Update,Deployment,true
4.997516241,Regular,1,Delete,ConfigMap,true
4.998959702,Regular,1,Delete,Deployment,true
5.00011207,Regular,52,Create,Deployment,true
5.052603351,Regular,52,Create,ConfigMap,true
5.105598338,Regular,2,Update,Deployment,true
5.108125316,Regular,3,Delete,ConfigMap,true
5.111136965,Regular,1,Delete,Deployment,true
5.112855538,Regular,53,Create,Deployment,true
5.166515738,Regular,52,Create,ConfigMap,true
5.218979767,Regular,1,Update,Deployment,true
5.220762963,Regular,1,Delete,ConfigMap,true
5.222218788,Regular,2,Delete,Deployment,true
5.224373629,Regular,53,Create,Deployment,true
5.278091869,Regular,52,Create,ConfigMap,true
5.330536011,Regular,1,Update,Deployment,true
5.332041319,Regular,1,Delete,ConfigMap,true
5.333530116,Regular,1,Delete,Deployment,true
5.335118252,Regular,56,Create,Deployment,true
5.391975693,Regular,54,Create,ConfigMap,true
5.446186749,Regular,6,Update,Deployment,true
5.453129091,Regular,1,Delete,ConfigMap,true
5.454610113,Regular,1,Delete,Deployment,true
5.45584609,Regular,52,Create,Deployment,true
5.508526119,Regular,51,Create,ConfigMap,true
5.560465562,Regular,1,Update,Deployment,true
5.56154389,Regular,1,Delete,ConfigMap,true
5.56326104,Regular,1,Delete,Deployment,true
5.565020621,Regular,51,Create,Deployment,true
5.61681546,Regular,52,Create,ConfigMap,true
5.669020707,Regular,1,Update,Deployment,true
5.670242677,Regular,1,Delete,ConfigMap,true
5.671483193,Regular,1,Delete,Deployment,true
5.672589644,Regular,53,Create,Deployment,true
5.726469111,Regular,52,Create,ConfigMap,true
5.778515256,Regular,1,Update,Deployment,true
5.779987582,Regular,1,Delete,ConfigMap,true
5.781747904,Regular,2,Delete,Deployment,true
5.784412574,Regular,52,Create,Deployment,true
5.836982504,Regular,53,Create,ConfigMap,true
5.890531894,Regular,2,Update,Deployment,true
5.89299457,Regular,1,Delete,ConfigMap,true
5.894444393,Regular,1,Delete,Deployment,true
5.896032108,Regular,55,Create,Deployment,true
5.951301544,Regular,54,Create,ConfigMap,true
5.052616676,Regular,52,Create,ConfigMap,true
5.105601664,Regular,2,Update,Deployment,true
5.108144643,Regular,2,Delete,ConfigMap,true
5.111001217,Regular,1,Delete,Deployment,true
5.112898429,Regular,53,Create,Deployment,true
5.166449963,Regular,52,Create,ConfigMap,true
5.218931205,Regular,1,Update,Deployment,true
5.220483101,Regular,1,Delete,ConfigMap,true
5.222008428,Regular,3,Delete,Deployment,true
5.225100249,Regular,53,Create,Deployment,true
5.27811856,Regular,52,Create,ConfigMap,true
5.330538515,Regular,1,Update,Deployment,true
5.332016912,Regular,1,Delete,ConfigMap,true
5.333540535,Regular,1,Delete,Deployment,true
5.334867786,Regular,56,Create,Deployment,true
5.391477517,Regular,52,Create,ConfigMap,true
5.4442287910000005,Regular,1,Update,Deployment,true
5.445648216,Regular,5,Delete,ConfigMap,true
5.451350334,Regular,2,Delete,Deployment,true
5.453469377,Regular,53,Create,Deployment,true
5.5065023459999995,Regular,52,Create,ConfigMap,true
5.559107994,Regular,1,Update,Deployment,true
5.560257828,Regular,1,Delete,ConfigMap,true
5.561557165,Regular,1,Delete,Deployment,true
5.563349088,Regular,53,Create,Deployment,true
5.616689771,Regular,52,Create,ConfigMap,true
5.668781783,Regular,1,Update,Deployment,true
5.670014704,Regular,1,Delete,ConfigMap,true
5.671232938,Regular,1,Delete,Deployment,true
5.672332536,Regular,54,Create,Deployment,true
5.726481394,Regular,52,Create,ConfigMap,true
5.778873777,Regular,1,Update,Deployment,true
5.780352044,Regular,1,Delete,ConfigMap,true
5.782007737,Regular,2,Delete,Deployment,true
5.784805641,Regular,51,Create,Deployment,true
5.836781973,Regular,54,Create,ConfigMap,true
5.891040139,Regular,1,Update,Deployment,true
5.892719327,Regular,1,Delete,ConfigMap,true
5.894157809,Regular,1,Delete,Deployment,true
5.895757697,Regular,54,Create,Deployment,true
5.950747161,Regular,56,Create,ConfigMap,true
5.058234824,Regular,1,Delete,ConfigMap,true
5.059653658,Regular,1,Delete,Deployment,true
5.060822657,Regular,52,Create,Deployment,true
5.11285149,Regular,53,Create,ConfigMap,true
5.166478357,Regular,1,Update,Deployment,true
5.167690589,Regular,1,Delete,ConfigMap,true
5.168806117,Regular,1,Delete,Deployment,true
5.169834179,Regular,51,Create,Deployment,true
5.221768943,Regular,52,Create,ConfigMap,true
5.274272507,Regular,1,Update,Deployment,true
5.275751135,Regular,2,Delete,ConfigMap,true
5.278110224,Regular,1,Delete,Deployment,true
5.279712316,Regular,52,Create,Deployment,true
5.33207347,Regular,52,Create,ConfigMap,true
5.384357397,Regular,4,Update,Deployment,true
5.389338565,Regular,3,Delete,ConfigMap,true
5.3931298739999995,Regular,3,Delete,Deployment,true
5.396346332,Regular,56,Create,Deployment,true
5.452553268,Regular,53,Create,ConfigMap,true
5.5063513,Regular,2,Update,Deployment,true
5.5088848299999995,Regular,1,Delete,ConfigMap,true
5.510279378,Regular,1,Delete,Deployment,true
5.511547146,Regular,51,Create,Deployment,true
5.563458806,Regular,52,Create,ConfigMap,true
5.616296264,Regular,1,Update,Deployment,true
5.617794298,Regular,2,Delete,ConfigMap,true
5.620187573,Regular,1,Delete,Deployment,true
5.621728118,Regular,52,Create,Deployment,true
5.673944447,Regular,52,Create,ConfigMap,true
5.726434495,Regular,8,Update,Deployment,true
5.734629014,Regular,1,Delete,ConfigMap,true
5.736557006,Regular,1,Delete,Deployment,true
5.73812354,Regular,52,Create,Deployment,true
5.790421424,Regular,52,Create,ConfigMap,true
5.842632232,Regular,1,Update,Deployment,true
5.8442801410000005,Regular,1,Delete,ConfigMap,true
5.846262445,Regular,3,Delete,Deployment,true
5.849410653,Regular,52,Create,Deployment,true
5.901983268,Regular,52,Create,ConfigMap,true
5.954767364,Regular,1,Update,Deployment,true
5.956364577,Regular,1,Delete,ConfigMap,true
5.95764064,Regular,1,Delete,Deployment,true
5.958962089,Regular,54,Create,Deployment,true
5.004259425,Regular,52,Create,ConfigMap,true
5.056949814,Regular,1,Update,Deployment,true
5.058402873,Regular,1,Delete,ConfigMap,true
5.059945001,Regular,1,Delete,Deployment,true
5.061055329,Regular,51,Create,Deployment,true
5.112868032,Regular,51,Create,ConfigMap,true
5.164704108,Regular,1,Update,Deployment,true
5.166494267,Regular,1,Delete,ConfigMap,true
5.167920445,Regular,1,Delete,Deployment,true
5.169005385,Regular,51,Create,Deployment,true
5.221008108,Regular,52,Create,ConfigMap,true
5.27386818,Regular,1,Update,Deployment,true
5.275797804,Regular,2,Delete,ConfigMap,true
5.277827588,Regular,1,Delete,Deployment,true
5.279431693,Regular,52,Create,Deployment,true
5.332052049,Regular,52,Create,ConfigMap,true
5.384777204,Regular,4,Update,Deployment,true
5.38933576,Regular,3,Delete,ConfigMap,true
5.393130115,Regular,3,Delete,Deployment,true
5.39635071,Regular,56,Create,Deployment,true
5.453145332,Regular,53,Create,ConfigMap,true
5.506258213,Regular,2,Update,Deployment,true
5.508275613,Regular,1,Delete,ConfigMap,true
5.509823182,Regular,1,Delete,Deployment,true
5.511197892,Regular,52,Create,Deployment,true
5.563258145,Regular,53,Create,ConfigMap,true
5.616600612,Regular,1,Update,Deployment,true
5.618144483,Regular,1,Delete,ConfigMap,true
5.619937057,Regular,1,Delete,Deployment,true
5.621440902,Regular,52,Create,Deployment,true
5.6737210319999996,Regular,52,Create,ConfigMap,true
5.72613147,Regular,8,Update,Deployment,true
5.734673529,Regular,1,Delete,ConfigMap,true
5.736331978,Regular,1,Delete,Deployment,true
5.737845222,Regular,52,Create,Deployment,true
5.7904249199999995,Regular,52,Create,ConfigMap,true
5.842667128,Regular,1,Update,Deployment,true
5.844624434,Regular,3,Delete,ConfigMap,true
5.848171189,Regular,1,Delete,Deployment,true
5.849495835,Regular,52,Create,Deployment,true
5.901665865,Regular,53,Create,ConfigMap,true
5.954804585,Regular,1,Update,Deployment,true
5.9561642070000005,Regular,1,Delete,ConfigMap,true
5.957392158,Regular,1,Delete,Deployment,true
5.958688279,Regular,54,Create,Deployment,true
5.053016896,Regular,52,Create,ConfigMap,true
5.10535228,Regular,1,Update,Deployment,true
5.107040456,Regular,4,Delete,ConfigMap,true
5.111059397,Regular,1,Delete,Deployment,true
5.112589533,Regular,51,Create,Deployment,true
5.164485393,Regular,52,Create,ConfigMap,true
5.217281382,Regular,1,Update,Deployment,true
5.218943558,Regular,1,Delete,ConfigMap,true
5.2207558689999995,Regular,1,Delete,Deployment,true
5.222252411,Regular,53,Create,Deployment,true
5.275749772,Regular,53,Create,ConfigMap,true
5.328931895,Regular,1,Update,Deployment,true
5.330275516,Regular,1,Delete,ConfigMap,true
5.331771697,Regular,1,Delete,Deployment,true
5.33327975,Regular,53,Create,Deployment,true
5.387105736,Regular,52,Create,ConfigMap,true
5.439963512,Regular,1,Update,Deployment,true
5.4414132649999996,Regular,1,Delete,ConfigMap,true
5.443105388,Regular,3,Delete,Deployment,true
5.446392951,Regular,54,Create,Deployment,true
5.5006578390000005,Regular,53,Create,ConfigMap,true
5.553768636,Regular,1,Update,Deployment,true
5.554996688,Regular,1,Delete,ConfigMap,true
5.556410312,Regular,1,Delete,Deployment,true
5.557772609,Regular,52,Create,Deployment,true
5.609981944,Regular,54,Create,ConfigMap,true
5.664069105,Regular,3,Update,Deployment,true
5.667719116,Regular,1,Delete,ConfigMap,true
5.668992233,Regular,1,Delete,Deployment,true
5.670240904,Regular,53,Create,Deployment,true
5.723474254,Regular,53,Create,ConfigMap,true
5.776950705,Regular,1,Update,Deployment,true
5.778897021,Regular,1,Delete,ConfigMap,true
5.780590216,Regular,1,Delete,Deployment,true
5.782353885,Regular,53,Create,Deployment,true
5.835579811,Regular,55,Create,ConfigMap,true
5.890849928,Regular,2,Update,Deployment,true
5.892980794,Regular,1,Delete,ConfigMap,true
5.894471344,Regular,1,Delete,Deployment,true
5.896044261,Regular,54,Create,Deployment,true
5.950065066,Regular,62,Create,ConfigMap,true
6.012286021,Regular,4,Update,Deployment,true
5.020397498,Regular,1,Update,Deployment,true
5.02229438,Regular,4,Delete,ConfigMap,true
5.026668946,Regular,2,Delete,Deployment,true
5.029361439,Regular,51,Create,Deployment,true
5.081031711,Regular,52,Create,ConfigMap,true
5.133341727,Regular,1,Update,Deployment,true
5.134804875,Regular,1,Delete,ConfigMap,true
5.136605645,Regular,1,Delete,Deployment,true
5.13813595,Regular,53,Create,Deployment,true
5.191357588,Regular,53,Create,ConfigMap,true
5.245106747,Regular,2,Update,Deployment,true
5.247601765,Regular,3,Delete,ConfigMap,true
5.250707722,Regular,1,Delete,Deployment,true
5.252373415,Regular,52,Create,Deployment,true
5.305109451,Regular,52,Create,ConfigMap,true
5.357647721,Regular,1,Update,Deployment,true
5.359069991,Regular,1,Delete,ConfigMap,true
5.360544541,Regular,1,Delete,Deployment,true
5.361847134,Regular,52,Create,Deployment,true
5.414726342,Regular,52,Create,ConfigMap,true
5.467418284,Regular,1,Update,Deployment,true
5.468963578,Regular,1,Delete,ConfigMap,true
5.47043961,Regular,1,Delete,Deployment,true
5.47207724,Regular,53,Create,Deployment,true
5.525102625,Regular,52,Create,ConfigMap,true
5.577250323,Regular,1,Update,Deployment,true
5.578624693,Regular,1,Delete,ConfigMap,true
5.580524641,Regular,5,Delete,Deployment,true
5.58566991,Regular,53,Create,Deployment,true
5.6391840030000004,Regular,52,Create,ConfigMap,true
5.691639326,Regular,3,Update,Deployment,true
5.69521734,Regular,3,Delete,ConfigMap,true
5.698742583,Regular,2,Delete,Deployment,true
5.701124666,Regular,52,Create,Deployment,true
5.7539339609999995,Regular,53,Create,ConfigMap,true
5.807799571,Regular,1,Update,Deployment,true
5.809774561,Regular,1,Delete,ConfigMap,true
5.811012582,Regular,1,Delete,Deployment,true
5.812290388,Regular,52,Create,Deployment,true
5.8645449,Regular,53,Create,ConfigMap,true
5.917625299,Regular,1,Update,Deployment,true
5.919138963,Regular,1,Delete,ConfigMap,true
5.920641025,Regular,2,Delete,Deployment,true
5.922737666,Regular,54,Create,Deployment,true
5.976946008,Regular,52,Create,ConfigMap,true
6.029526147,Regular,1,Update,Deployment,true
5.020420462,Regular,1,Update,Deployment,true
5.02233134,Regular,4,Delete,ConfigMap,true
5.02679739,Regular,2,Delete,Deployment,true
5.029174103,Regular,51,Create,Deployment,true
5.081174742,Regular,51,Create,ConfigMap,true
5.133056135,Regular,1,Update,Deployment,true
5.13450713,Regular,1,Delete,ConfigMap,true
5.136334179,Regular,1,Delete,Deployment,true
5.137850238,Regular,53,Create,Deployment,true
5.191539964,Regular,53,Create,ConfigMap,true
5.245132426,Regular,2,Update,Deployment,true
5.247649125,Regular,4,Delete,ConfigMap,true
5.252436174,Regular,2,Delete,Deployment,true
5.254756781,Regular,53,Create,Deployment,true
5.30816908,Regular,52,Create,ConfigMap,true
5.360839802,Regular,1,Update,Deployment,true
5.362306927,Regular,2,Delete,ConfigMap,true
5.364416693,Regular,2,Delete,Deployment,true
5.366980151,Regular,52,Create,Deployment,true
5.419440914,Regular,52,Create,ConfigMap,true
5.471743807,Regular,1,Update,Deployment,true
5.473391826,Regular,1,Delete,ConfigMap,true
5.475012924,Regular,1,Delete,Deployment,true
5.476677775,Regular,53,Create,Deployment,true
5.53011875,Regular,55,Create,ConfigMap,true
5.586033621,Regular,3,Update,Deployment,true
5.589985214,Regular,1,Delete,ConfigMap,true
5.591775013,Regular,1,Delete,Deployment,true
5.593728232,Regular,53,Create,Deployment,true
5.647363314,Regular,53,Create,ConfigMap,true
5.7004922350000005,Regular,2,Update,Deployment,true
5.7030654819999995,Regular,3,Delete,ConfigMap,true
5.706133006,Regular,4,Delete,Deployment,true
5.711025246,Regular,55,Create,Deployment,true
5.766064635,Regular,54,Create,ConfigMap,true
5.82104909,Regular,3,Update,Deployment,true
5.824059035,Regular,1,Delete,ConfigMap,true
5.826017383,Regular,1,Delete,Deployment,true
5.827692594,Regular,53,Create,Deployment,true
5.880738739,Regular,52,Create,ConfigMap,true
5.9330629120000005,Regular,1,Update,Deployment,true
5.9345481620000005,Regular,1,Delete,ConfigMap,true
5.935885972,Regular,1,Delete,Deployment,true
5.937288596,Regular,53,Create,Deployment,true
5.99092982,Regular,53,Create,ConfigMap,true
5.020401906,Regular,1,Update,Deployment,true
5.022395472,Regular,4,Delete,ConfigMap,true
5.026668525,Regular,2,Delete,Deployment,true
5.029296125,Regular,51,Create,Deployment,true
5.080948202,Regular,52,Create,ConfigMap,true
5.133369169,Regular,1,Update,Deployment,true
5.134805677,Regular,2,Delete,ConfigMap,true
5.136906636,Regular,1,Delete,Deployment,true
5.138463011,Regular,53,Create,Deployment,true
5.191883116,Regular,53,Create,ConfigMap,true
5.245133959,Regular,2,Update,Deployment,true
5.247627023,Regular,4,Delete,ConfigMap,true
5.252121066,Regular,1,Delete,Deployment,true
5.25378247,Regular,54,Create,Deployment,true
5.308169912,Regular,52,Create,ConfigMap,true
5.360816998,Regular,1,Update,Deployment,true
5.362299213,Regular,1,Delete,ConfigMap,true
5.364158693,Regular,2,Delete,Deployment,true
5.366904848,Regular,52,Create,Deployment,true
5.419452977,Regular,52,Create,ConfigMap,true
5.471763705,Regular,1,Update,Deployment,true
5.473674573,Regular,1,Delete,ConfigMap,true
5.475306542,Regular,1,Delete,Deployment,true
5.477019674,Regular,53,Create,Deployment,true
5.530193552,Regular,55,Create,ConfigMap,true
5.586018562,Regular,4,Update,Deployment,true
5.590150548,Regular,1,Delete,ConfigMap,true
5.591760275,Regular,1,Delete,Deployment,true
5.593741367,Regular,53,Create,Deployment,true
5.647631744,Regular,52,Create,ConfigMap,true
5.699932012,Regular,3,Update,Deployment,true
5.703066003,Regular,6,Delete,ConfigMap,true
5.709977737,Regular,4,Delete,Deployment,true
5.7144564110000005,Regular,54,Create,Deployment,true
5.768653531,Regular,55,Create,ConfigMap,true
5.823796446,Regular,1,Update,Deployment,true
5.825637312,Regular,1,Delete,ConfigMap,true
5.827356606,Regular,1,Delete,Deployment,true
5.828598304,Regular,52,Create,Deployment,true
5.880732036,Regular,52,Create,ConfigMap,true
5.933282539,Regular,1,Update,Deployment,true
5.934792937,Regular,1,Delete,ConfigMap,true
5.93636409,Regular,1,Delete,Deployment,true
5.937886721,Regular,52,Create,Deployment,true
5.990615563,Regular,54,Create,ConfigMap,true
5.02202061,Regular,4,Delete,ConfigMap,true
5.02690793,Regular,1,Delete,Deployment,true
5.028484864,Regular,52,Create,Deployment,true
5.080963972,Regular,52,Create,ConfigMap,true
5.133360883,Regular,1,Update,Deployment,true
5.134795808,Regular,1,Delete,ConfigMap,true
5.136619521,Regular,1,Delete,Deployment,true
5.138157361,Regular,53,Create,Deployment,true
5.191285541,Regular,53,Create,ConfigMap,true
5.245154889,Regular,2,Update,Deployment,true
5.247924027,Regular,4,Delete,ConfigMap,true
5.252427708,Regular,2,Delete,Deployment,true
5.255300934,Regular,53,Create,Deployment,true
5.308538993,Regular,52,Create,ConfigMap,true
5.360840763,Regular,1,Update,Deployment,true
5.362279716,Regular,2,Delete,ConfigMap,true
5.364418236,Regular,2,Delete,Deployment,true
5.36678468,Regular,52,Create,Deployment,true
5.419197752,Regular,51,Create,ConfigMap,true
5.471107458,Regular,1,Update,Deployment,true
5.472842222,Regular,1,Delete,ConfigMap,true
5.474498848,Regular,1,Delete,Deployment,true
5.476210578,Regular,53,Create,Deployment,true
5.530175006,Regular,55,Create,ConfigMap,true
5.586014254,Regular,3,Update,Deployment,true
5.589963473,Regular,1,Delete,ConfigMap,true
5.591754915,Regular,1,Delete,Deployment,true
5.593416049,Regular,52,Create,Deployment,true
5.645757425,Regular,54,Create,ConfigMap,true
5.700195893,Regular,3,Update,Deployment,true
5.703508102,Regular,7,Delete,ConfigMap,true
5.710666164,Regular,2,Delete,Deployment,true
5.713417187,Regular,54,Create,Deployment,true
5.767467288,Regular,54,Create,ConfigMap,true
5.821948157,Regular,2,Update,Deployment,true
5.824042143,Regular,1,Delete,ConfigMap,true
5.825922824,Regular,1,Delete,Deployment,true
5.827686102,Regular,53,Create,Deployment,true
5.88073954,Regular,52,Create,ConfigMap,true
5.933047313,Regular,1,Update,Deployment,true
5.934824377,Regular,1,Delete,ConfigMap,true
5.936409817,Regular,1,Delete,Deployment,true
5.937895969,Regular,53,Create,Deployment,true
5.9909406,Regular,53,Create,ConfigMap,true
6.044765444,Regular,3,Update,Deployment,true
6.0486242709999996,Regular,2,Delete,ConfigMap,true
5.02041942,Regular,1,Update,Deployment,true
5.022259313,Regular,4,Delete,ConfigMap,true
5.026948086,Regular,1,Delete,Deployment,true
5.028499462,Regular,52,Create,Deployment,true
5.08061008,Regular,52,Create,ConfigMap,true
5.133342448,Regular,1,Update,Deployment,true
5.134804064,Regular,1,Delete,ConfigMap,true
5.136605655,Regular,1,Delete,Deployment,true
5.138173862,Regular,52,Create,Deployment,true
5.190990511,Regular,54,Create,ConfigMap,true
5.245127086,Regular,2,Update,Deployment,true
5.248083129,Regular,4,Delete,ConfigMap,true
5.252405476,Regular,2,Delete,Deployment,true
5.255106805,Regular,53,Create,Deployment,true
5.308645014,Regular,52,Create,ConfigMap,true
5.360815566,Regular,1,Update,Deployment,true
5.362237295,Regular,2,Delete,ConfigMap,true
5.364411744,Regular,2,Delete,Deployment,true
5.366760434,Regular,52,Create,Deployment,true
5.419472524,Regular,52,Create,ConfigMap,true
5.471495656,Regular,2,Update,Deployment,true
5.4736345570000005,Regular,1,Delete,ConfigMap,true
5.475318484,Regular,1,Delete,Deployment,true
5.477036927,Regular,53,Create,Deployment,true
5.530311997,Regular,55,Create,ConfigMap,true
5.586002011,Regular,3,Update,Deployment,true
5.589678882,Regular,2,Delete,ConfigMap,true
5.591775013,Regular,1,Delete,Deployment,true
5.593725787,Regular,52,Create,Deployment,true
5.646157895,Regular,54,Create,ConfigMap,true
5.7002720270000005,Regular,2,Update,Deployment,true
5.703063388,Regular,7,Delete,ConfigMap,true
5.7104586600000005,Regular,3,Delete,Deployment,true
5.714457543,Regular,54,Create,Deployment,true
5.769081193,Regular,54,Create,ConfigMap,true
5.824021514,Regular,1,Update,Deployment,true
5.825991614,Regular,2,Delete,ConfigMap,true
5.828118363,Regular,1,Delete,Deployment,true
5.829221407,Regular,51,Create,Deployment,true
5.881030503,Regular,52,Create,ConfigMap,true
5.93304589,Regular,1,Update,Deployment,true
5.934806092,Regular,1,Delete,ConfigMap,true
5.936436027,Regular,1,Delete,Deployment,true
5.938111458,Regular,52,Create,Deployment,true
5.990939548,Regular,52,Create,ConfigMap,true
6.04338356,Regular,4,Update,Deployment,true
6.048315094,Regular,3,Delete,ConfigMap,true
6.044551587,Regular,3,Update,Deployment,true
6.048056793,Regular,3,Delete,ConfigMap,true
6.0515366,Regular,2,Delete,Deployment,true
6.054178547,Regular,53,Create,Deployment,true
6.107909392,Regular,58,Create,ConfigMap,true
6.166788882,Regular,3,Update,Deployment,true
6.170744293,Regular,2,Delete,ConfigMap,true
6.172862395,Regular,1,Delete,Deployment,true
6.174595135,Regular,54,Create,Deployment,true
6.228799608,Regular,51,Create,ConfigMap,true
6.280783836,Regular,1,Update,Deployment,true
6.282223981,Regular,2,Delete,ConfigMap,true
6.285158523,Regular,1,Delete,Deployment,true
6.287085171,Regular,52,Create,Deployment,true
6.33997025,Regular,53,Create,ConfigMap,true
6.393116624,Regular,3,Update,Deployment,true
6.396474551,Regular,2,Delete,ConfigMap,true
6.398985328,Regular,2,Delete,Deployment,true
6.401163935,Regular,52,Create,Deployment,true
6.453539656,Regular,57,Create,ConfigMap,true
6.510937473,Regular,4,Update,Deployment,true
6.515013012,Regular,1,Delete,ConfigMap,true
6.516750241,Regular,1,Delete,Deployment,true
6.518031934,Regular,52,Create,Deployment,true
6.570171677,Regular,54,Create,ConfigMap,true
6.624682223,Regular,3,Update,Deployment,true
6.628414139,Regular,2,Delete,ConfigMap,true
6.630543322,Regular,1,Delete,Deployment,true
6.6320259969999995,Regular,52,Create,Deployment,true
6.684410776,Regular,51,Create,ConfigMap,true
6.73636695,Regular,1,Update,Deployment,true
6.738151148,Regular,1,Delete,ConfigMap,true
6.739514787,Regular,1,Delete,Deployment,true
6.741282554,Regular,52,Create,Deployment,true
6.79387179,Regular,52,Create,ConfigMap,true
6.846384873,Regular,3,Update,Deployment,true
6.849396512,Regular,2,Delete,ConfigMap,true
6.851445572,Regular,1,Delete,Deployment,true
6.852958044,Regular,53,Create,Deployment,true
6.906093087,Regular,52,Create,ConfigMap,true
6.958173478,Regular,1,Update,Deployment,true
6.959736837,Regular,1,Delete,ConfigMap,true
6.961024692,Regular,1,Delete,Deployment,true
6.962389684,Regular,53,Create,Deployment,true
6.05154143,Regular,2,Delete,Deployment,true
6.054155683,Regular,53,Create,Deployment,true
6.107878132,Regular,55,Create,ConfigMap,true
6.162949542,Regular,3,Update,Deployment,true
6.166439268,Regular,3,Delete,ConfigMap,true
6.170098016,Regular,2,Delete,Deployment,true
6.172775059,Regular,55,Create,Deployment,true
6.227901713,Regular,52,Create,ConfigMap,true
6.280523051,Regular,1,Update,Deployment,true
6.2822965889999995,Regular,2,Delete,ConfigMap,true
6.285160196,Regular,1,Delete,Deployment,true
6.287093728,Regular,52,Create,Deployment,true
6.339966583,Regular,54,Create,ConfigMap,true
6.394416543,Regular,3,Update,Deployment,true
6.397686031,Regular,2,Delete,ConfigMap,true
6.400243968,Regular,1,Delete,Deployment,true
6.402032684,Regular,53,Create,Deployment,true
6.455177436,Regular,56,Create,ConfigMap,true
6.511231121,Regular,3,Update,Deployment,true
6.515149191,Regular,1,Delete,ConfigMap,true
6.516498242,Regular,1,Delete,Deployment,true
6.517785126,Regular,52,Create,Deployment,true
6.570468331,Regular,54,Create,ConfigMap,true
6.624656343,Regular,3,Update,Deployment,true
6.628262821,Regular,2,Delete,ConfigMap,true
6.630713224,Regular,1,Delete,Deployment,true
6.632295098,Regular,52,Create,Deployment,true
6.684731134,Regular,51,Create,ConfigMap,true
6.736598159,Regular,1,Update,Deployment,true
6.738151499,Regular,1,Delete,ConfigMap,true
6.7395930360000005,Regular,1,Delete,Deployment,true
6.741274499,Regular,52,Create,Deployment,true
6.7938825210000005,Regular,52,Create,ConfigMap,true
6.846695193,Regular,3,Update,Deployment,true
6.850345434,Regular,2,Delete,ConfigMap,true
6.852395687,Regular,1,Delete,Deployment,true
6.853799702,Regular,52,Create,Deployment,true
6.905849464,Regular,52,Create,ConfigMap,true
6.957879119,Regular,1,Update,Deployment,true
6.9595063790000005,Regular,1,Delete,ConfigMap,true
6.961037677,Regular,1,Delete,Deployment,true
6.962575707,Regular,53,Create,Deployment,true
6.045045445,Regular,2,Update,Deployment,true
6.048056783,Regular,3,Delete,ConfigMap,true
6.05157865,Regular,2,Delete,Deployment,true
6.054215347,Regular,53,Create,Deployment,true
6.108144197,Regular,55,Create,ConfigMap,true
6.164090037,Regular,2,Update,Deployment,true
6.166448896,Regular,4,Delete,ConfigMap,true
6.170514056,Regular,2,Delete,Deployment,true
6.172814504,Regular,55,Create,Deployment,true
6.227890552,Regular,52,Create,ConfigMap,true
6.280519083,Regular,1,Update,Deployment,true
6.282305105,Regular,2,Delete,ConfigMap,true
6.284911735,Regular,2,Delete,Deployment,true
6.28693144,Regular,53,Create,Deployment,true
6.339960301,Regular,53,Create,ConfigMap,true
6.393126764,Regular,3,Update,Deployment,true
6.396195671,Regular,2,Delete,ConfigMap,true
6.398980299,Regular,2,Delete,Deployment,true
6.401234338,Regular,54,Create,Deployment,true
6.455406831,Regular,55,Create,ConfigMap,true
6.510522496,Regular,3,Update,Deployment,true
6.514190911,Regular,1,Delete,ConfigMap,true
6.51596499,Regular,1,Delete,Deployment,true
6.517247064,Regular,53,Create,Deployment,true
6.570508497,Regular,54,Create,ConfigMap,true
6.624656343,Regular,3,Update,Deployment,true
6.628136481,Regular,2,Delete,ConfigMap,true
6.630603826,Regular,1,Delete,Deployment,true
6.63230661,Regular,52,Create,Deployment,true
6.684822718,Regular,51,Create,ConfigMap,true
6.736620502,Regular,1,Update,Deployment,true
6.738198087,Regular,1,Delete,ConfigMap,true
6.739511892,Regular,1,Delete,Deployment,true
6.741252286,Regular,52,Create,Deployment,true
6.79387178,Regular,52,Create,ConfigMap,true
6.846643404,Regular,3,Update,Deployment,true
6.850009005,Regular,2,Delete,ConfigMap,true
6.85273998,Regular,1,Delete,Deployment,true
6.854022616,Regular,54,Create,Deployment,true
6.908462406,Regular,52,Create,ConfigMap,true
6.96127102,Regular,1,Update,Deployment,true
6.962571059,Regular,3,Delete,ConfigMap,true
6.965958441,Regular,1,Delete,Deployment,true
6.967735875,Regular,53,Create,Deployment,true
6.051566096,Regular,2,Delete,Deployment,true
6.054460733,Regular,53,Create,Deployment,true
6.107878122,Regular,55,Create,ConfigMap,true
6.162911941,Regular,3,Update,Deployment,true
6.166485376,Regular,4,Delete,ConfigMap,true
6.170788246,Regular,2,Delete,Deployment,true
6.17281243,Regular,55,Create,Deployment,true
6.227857099,Regular,52,Create,ConfigMap,true
6.280519114,Regular,1,Update,Deployment,true
6.282194886,Regular,2,Delete,ConfigMap,true
6.284460488,Regular,2,Delete,Deployment,true
6.287006702,Regular,52,Create,Deployment,true
6.339961914,Regular,54,Create,ConfigMap,true
6.394666818,Regular,3,Update,Deployment,true
6.397700148,Regular,2,Delete,ConfigMap,true
6.400506987,Regular,2,Delete,Deployment,true
6.403276666,Regular,53,Create,Deployment,true
6.456610827,Regular,54,Create,ConfigMap,true
6.51083575,Regular,3,Update,Deployment,true
6.514107352,Regular,1,Delete,ConfigMap,true
6.515733771,Regular,1,Delete,Deployment,true
6.517040592,Regular,53,Create,Deployment,true
6.570479512,Regular,54,Create,ConfigMap,true
6.624663086,Regular,3,Update,Deployment,true
6.627999842,Regular,2,Delete,ConfigMap,true
6.630639835,Regular,1,Delete,Deployment,true
6.632278035,Regular,52,Create,Deployment,true
6.684806547,Regular,51,Create,ConfigMap,true
6.736628878,Regular,1,Update,Deployment,true
6.737910862,Regular,1,Delete,ConfigMap,true
6.739203196,Regular,1,Delete,Deployment,true
6.7406193949999995,Regular,53,Create,Deployment,true
6.793879395,Regular,52,Create,ConfigMap,true
6.846681597,Regular,3,Update,Deployment,true
6.850016028,Regular,2,Delete,ConfigMap,true
6.852181069,Regular,1,Delete,Deployment,true
6.853546472,Regular,54,Create,Deployment,true
6.908429233,Regular,52,Create,ConfigMap,true
6.961238068,Regular,1,Update,Deployment,true
6.962555519,Regular,2,Delete,ConfigMap,true
6.964859123,Regular,2,Delete,Deployment,true
6.967268929,Regular,53,Create,Deployment,true
6.013527529,Regular,53,Create,ConfigMap,true
6.06734656,Regular,1,Update,Deployment,true
6.068776556,Regular,1,Delete,ConfigMap,true
6.069913324,Regular,1,Delete,Deployment,true
6.071142739,Regular,54,Create,Deployment,true
6.126151249,Regular,53,Create,ConfigMap,true
6.180130535,Regular,3,Update,Deployment,true
6.18337703,Regular,5,Delete,ConfigMap,true
6.188808443,Regular,5,Delete,Deployment,true
6.194166226,Regular,54,Create,Deployment,true
6.248473144,Regular,55,Create,ConfigMap,true
6.304254733,Regular,6,Update,Deployment,true
6.310576056,Regular,3,Delete,ConfigMap,true
6.3140991060000005,Regular,1,Delete,Deployment,true
6.315499525,Regular,53,Create,Deployment,true
6.36904623,Regular,53,Create,ConfigMap,true
6.422492854,Regular,2,Update,Deployment,true
6.425230733,Regular,2,Delete,ConfigMap,true
6.427800012,Regular,2,Delete,Deployment,true
6.430271224,Regular,52,Create,Deployment,true
6.482572544,Regular,53,Create,ConfigMap,true
6.535877119,Regular,1,Update,Deployment,true
6.537413606,Regular,1,Delete,ConfigMap,true
6.538795611,Regular,1,Delete,Deployment,true
6.540053219,Regular,52,Create,Deployment,true
6.592640662,Regular,53,Create,ConfigMap,true
6.645731551,Regular,4,Update,Deployment,true
6.649754079,Regular,1,Delete,ConfigMap,true
6.651653796,Regular,1,Delete,Deployment,true
6.653055248,Regular,52,Create,Deployment,true
6.705744244,Regular,52,Create,ConfigMap,true
6.758183796,Regular,1,Update,Deployment,true
6.759728439,Regular,1,Delete,ConfigMap,true
6.761120181,Regular,1,Delete,Deployment,true
6.762606604,Regular,53,Create,Deployment,true
6.816458018,Regular,52,Create,ConfigMap,true
6.868557014,Regular,1,Update,Deployment,true
6.869838287,Regular,1,Delete,ConfigMap,true
6.871027695,Regular,1,Delete,Deployment,true
6.872175995,Regular,52,Create,Deployment,true
6.92453263,Regular,52,Create,ConfigMap,true
6.976927238,Regular,1,Update,Deployment,true
6.978264858,Regular,1,Delete,ConfigMap,true
6.979400885,Regular,1,Delete,Deployment,true
6.980477769,Regular,52,Create,Deployment,true
6.006915123,Regular,6,Update,Deployment,true
6.013858688,Regular,2,Delete,ConfigMap,true
6.016252884,Regular,1,Delete,Deployment,true
6.01784131,Regular,52,Create,Deployment,true
6.070135446,Regular,54,Create,ConfigMap,true
6.124600375,Regular,5,Update,Deployment,true
6.130593634,Regular,2,Delete,ConfigMap,true
6.133058755,Regular,3,Delete,Deployment,true
6.136208866,Regular,58,Create,Deployment,true
6.194550967,Regular,54,Create,ConfigMap,true
6.248742155,Regular,5,Update,Deployment,true
6.254390982,Regular,1,Delete,ConfigMap,true
6.256327569,Regular,1,Delete,Deployment,true
6.257523099,Regular,54,Create,Deployment,true
6.311569893,Regular,54,Create,ConfigMap,true
6.365619363,Regular,3,Update,Deployment,true
6.369136311,Regular,3,Delete,ConfigMap,true
6.372967275,Regular,2,Delete,Deployment,true
6.375400495,Regular,53,Create,Deployment,true
6.42912645,Regular,52,Create,ConfigMap,true
6.481142959,Regular,1,Update,Deployment,true
6.482552937,Regular,4,Delete,ConfigMap,true
6.486619127,Regular,1,Delete,Deployment,true
6.488113896,Regular,51,Create,Deployment,true
6.539963098,Regular,52,Create,ConfigMap,true
6.592185357,Regular,1,Update,Deployment,true
6.594132154,Regular,1,Delete,ConfigMap,true
6.59562562,Regular,1,Delete,Deployment,true
6.597057348,Regular,53,Create,Deployment,true
6.650938378,Regular,52,Create,ConfigMap,true
6.703927865,Regular,5,Update,Deployment,true
6.709217979,Regular,2,Delete,ConfigMap,true
6.711471288,Regular,2,Delete,Deployment,true
6.71445327,Regular,52,Create,Deployment,true
6.766741435,Regular,51,Create,ConfigMap,true
6.818559308,Regular,1,Update,Deployment,true
6.820215713,Regular,1,Delete,ConfigMap,true
6.82148355,Regular,1,Delete,Deployment,true
6.822807154,Regular,53,Create,Deployment,true
6.875848499,Regular,53,Create,ConfigMap,true
6.9292399190000005,Regular,1,Update,Deployment,true
6.93109936,Regular,1,Delete,ConfigMap,true
6.93274784,Regular,1,Delete,Deployment,true
6.934042849,Regular,52,Create,Deployment,true
6.986217658,Regular,52,Create,ConfigMap,true
6.005755822,Regular,8,Update,Deployment,true
6.014159158,Regular,2,Delete,ConfigMap,true
6.016315923,Regular,1,Delete,Deployment,true
6.01814171,Regular,52,Create,Deployment,true
6.070420347,Regular,53,Create,ConfigMap,true
6.124165308,Regular,6,Update,Deployment,true
6.130553889,Regular,2,Delete,ConfigMap,true
6.133058735,Regular,2,Delete,Deployment,true
6.135941529,Regular,54,Create,Deployment,true
6.190319402,Regular,53,Create,ConfigMap,true
6.243960877,Regular,4,Update,Deployment,true
6.248589405,Regular,3,Delete,ConfigMap,true
6.251613327,Regular,2,Delete,Deployment,true
6.254428583,Regular,56,Create,Deployment,true
6.311198107,Regular,54,Create,ConfigMap,true
6.366041715,Regular,2,Update,Deployment,true
6.369034587,Regular,4,Delete,ConfigMap,true
6.373213071,Regular,2,Delete,Deployment,true
6.37551369,Regular,53,Create,Deployment,true
6.42944744,Regular,51,Create,ConfigMap,true
6.481391181,Regular,1,Update,Deployment,true
6.482958587,Regular,1,Delete,ConfigMap,true
6.484603049,Regular,3,Delete,Deployment,true
6.487689029,Regular,52,Create,Deployment,true
6.539766334,Regular,53,Create,ConfigMap,true
6.592775969,Regular,1,Update,Deployment,true
6.594400243,Regular,1,Delete,ConfigMap,true
6.59590492,Regular,1,Delete,Deployment,true
6.597387575,Regular,53,Create,Deployment,true
6.6509078200000005,Regular,53,Create,ConfigMap,true
6.703959435,Regular,3,Update,Deployment,true
6.707469309,Regular,1,Delete,ConfigMap,true
6.709208642,Regular,2,Delete,Deployment,true
6.71146207,Regular,53,Create,Deployment,true
6.764534976,Regular,53,Create,ConfigMap,true
6.817840804,Regular,1,Update,Deployment,true
6.819101006,Regular,1,Delete,ConfigMap,true
6.820350088,Regular,1,Delete,Deployment,true
6.821728205,Regular,51,Create,Deployment,true
6.873636649,Regular,55,Create,ConfigMap,true
6.929313689,Regular,1,Update,Deployment,true
6.931283209,Regular,1,Delete,ConfigMap,true
6.932747459,Regular,1,Delete,Deployment,true
6.934035174,Regular,52,Create,Deployment,true
6.986273324,Regular,52,Create,ConfigMap,true
6.013420606,Regular,54,Create,ConfigMap,true
6.067569273,Regular,1,Update,Deployment,true
6.068974281,Regular,1,Delete,ConfigMap,true
6.070118754,Regular,1,Delete,Deployment,true
6.071381893,Regular,54,Create,Deployment,true
6.125906725,Regular,54,Create,ConfigMap,true
6.180909645,Regular,2,Update,Deployment,true
6.183443285,Regular,6,Delete,ConfigMap,true
6.190059539,Regular,4,Delete,Deployment,true
6.1945079849999996,Regular,53,Create,Deployment,true
6.248313281,Regular,55,Create,ConfigMap,true
6.303977366,Regular,7,Update,Deployment,true
6.31129967,Regular,2,Delete,ConfigMap,true
6.314221438,Regular,1,Delete,Deployment,true
6.315786099,Regular,53,Create,Deployment,true
6.369127313,Regular,53,Create,ConfigMap,true
6.422524715,Regular,4,Update,Deployment,true
6.4269781009999996,Regular,3,Delete,ConfigMap,true
6.430018414,Regular,1,Delete,Deployment,true
6.431932548,Regular,52,Create,Deployment,true
6.484581579,Regular,51,Create,ConfigMap,true
6.536461428,Regular,1,Update,Deployment,true
6.537682607,Regular,1,Delete,ConfigMap,true
6.539043982,Regular,1,Delete,Deployment,true
6.540799406,Regular,52,Create,Deployment,true
6.592965479,Regular,53,Create,ConfigMap,true
6.646723815,Regular,3,Update,Deployment,true
6.65064454,Regular,1,Delete,ConfigMap,true
6.652278713,Regular,1,Delete,Deployment,true
6.653508558,Regular,55,Create,Deployment,true
6.709160901,Regular,52,Create,ConfigMap,true
6.761333116,Regular,1,Update,Deployment,true
6.762895703,Regular,1,Delete,ConfigMap,true
6.764899378,Regular,1,Delete,Deployment,true
6.766390589,Regular,51,Create,Deployment,true
6.818304544,Regular,51,Create,ConfigMap,true
6.870059617,Regular,1,Update,Deployment,true
6.871252933,Regular,1,Delete,ConfigMap,true
6.872413376,Regular,1,Delete,Deployment,true
6.874372837,Regular,54,Create,Deployment,true
6.929311074,Regular,52,Create,ConfigMap,true
6.9818483019999995,Regular,1,Update,Deployment,true
6.98333753,Regular,2,Delete,ConfigMap,true
6.9859799670000005,Regular,1,Delete,Deployment,true
6.987320973,Regular,51,Create,Deployment,true
6.030759639,Regular,1,Delete,ConfigMap,true
6.032335371,Regular,1,Delete,Deployment,true
6.033701465,Regular,53,Create,Deployment,true
6.086941798,Regular,53,Create,ConfigMap,true
6.140040673,Regular,1,Update,Deployment,true
6.141716374,Regular,3,Delete,ConfigMap,true
6.145643491,Regular,4,Delete,Deployment,true
6.150427896,Regular,58,Create,Deployment,true
6.209084483,Regular,53,Create,ConfigMap,true
6.262466575,Regular,2,Update,Deployment,true
6.265208291,Regular,2,Delete,ConfigMap,true
6.267891567,Regular,1,Delete,Deployment,true
6.2693474909999996,Regular,52,Create,Deployment,true
6.321500449,Regular,52,Create,ConfigMap,true
6.37390208,Regular,1,Update,Deployment,true
6.375600675,Regular,2,Delete,ConfigMap,true
6.377907936,Regular,1,Delete,Deployment,true
6.37957427,Regular,52,Create,Deployment,true
6.432203793,Regular,52,Create,ConfigMap,true
6.484599703,Regular,3,Update,Deployment,true
6.487693267,Regular,1,Delete,ConfigMap,true
6.489124575,Regular,1,Delete,Deployment,true
6.490394526,Regular,51,Create,Deployment,true
6.542183954,Regular,52,Create,ConfigMap,true
6.594602667,Regular,1,Update,Deployment,true
6.595934326,Regular,1,Delete,ConfigMap,true
6.597389258,Regular,1,Delete,Deployment,true
6.598788455,Regular,52,Create,Deployment,true
6.651079736,Regular,53,Create,ConfigMap,true
6.704322825,Regular,4,Update,Deployment,true
6.709274497,Regular,2,Delete,ConfigMap,true
6.711506485,Regular,2,Delete,Deployment,true
6.7144742,Regular,52,Create,Deployment,true
6.766785098,Regular,51,Create,ConfigMap,true
6.818557615,Regular,1,Update,Deployment,true
6.820191667,Regular,1,Delete,ConfigMap,true
6.821750237,Regular,1,Delete,Deployment,true
6.82314246,Regular,52,Create,Deployment,true
6.875640213,Regular,53,Create,ConfigMap,true
6.929384814,Regular,1,Update,Deployment,true
6.931107605,Regular,1,Delete,ConfigMap,true
6.932511641,Regular,1,Delete,Deployment,true
6.933800208,Regular,52,Create,Deployment,true
6.986244409,Regular,52,Create,ConfigMap,true
6.016483481,Regular,1,Delete,ConfigMap,true
6.018124287,Regular,2,Delete,Deployment,true
6.02111216,Regular,51,Create,Deployment,true
6.073075018,Regular,53,Create,ConfigMap,true
6.126634056,Regular,4,Update,Deployment,true
6.130673065,Regular,2,Delete,ConfigMap,true
6.1329921689999995,Regular,3,Delete,Deployment,true
6.136000481,Regular,55,Create,Deployment,true
6.191169777,Regular,53,Create,ConfigMap,true
6.244826671,Regular,3,Update,Deployment,true
6.248100116,Regular,3,Delete,ConfigMap,true
6.251909219,Regular,2,Delete,Deployment,true
6.254596602,Regular,56,Create,Deployment,true
6.31129967,Regular,54,Create,ConfigMap,true
6.366095336,Regular,2,Update,Deployment,true
6.368510031,Regular,3,Delete,ConfigMap,true
6.371957878,Regular,2,Delete,Deployment,true
6.37413415,Regular,53,Create,Deployment,true
6.427756549,Regular,52,Create,ConfigMap,true
6.480689288,Regular,1,Update,Deployment,true
6.482316508,Regular,2,Delete,ConfigMap,true
6.484338397,Regular,3,Delete,Deployment,true
6.487419106,Regular,51,Create,Deployment,true
6.539371795,Regular,53,Create,ConfigMap,true
6.5926921499999995,Regular,2,Update,Deployment,true
6.594772269,Regular,1,Delete,ConfigMap,true
6.596212203,Regular,1,Delete,Deployment,true
6.597670703,Regular,53,Create,Deployment,true
6.650919963,Regular,53,Create,ConfigMap,true
6.704301644,Regular,4,Update,Deployment,true
6.709274897,Regular,2,Delete,ConfigMap,true
6.7117709869999995,Regular,2,Delete,Deployment,true
6.7142051689999995,Regular,52,Create,Deployment,true
6.766675841,Regular,51,Create,ConfigMap,true
6.818541294,Regular,1,Update,Deployment,true
6.81996665,Regular,1,Delete,ConfigMap,true
6.821775044,Regular,1,Delete,Deployment,true
6.82341104,Regular,52,Create,Deployment,true
6.875862796,Regular,53,Create,ConfigMap,true
6.929080546,Regular,2,Update,Deployment,true
6.931283179,Regular,1,Delete,ConfigMap,true
6.932773148,Regular,1,Delete,Deployment,true
6.934036046,Regular,52,Create,Deployment,true
6.9862015379999995,Regular,52,Create,ConfigMap,true
7.039065386,Regular,1,Update,Deployment,true
7.040511432,Regular,1,Delete,ConfigMap,true
7.041781794,Regular,2,Delete,Deployment,true
7.015449013,Regular,51,Create,ConfigMap,true
7.067386973,Regular,1,Update,Deployment,true
7.068627478,Regular,1,Delete,ConfigMap,true
7.06971285,Regular,1,Delete,Deployment,true
7.07091385,Regular,53,Create,Deployment,true
7.124641017,Regular,52,Create,ConfigMap,true
7.176749011,Regular,1,Update,Deployment,true
7.178238309,Regular,1,Delete,ConfigMap,true
7.179983863,Regular,1,Delete,Deployment,true
7.181242102,Regular,52,Create,Deployment,true
7.233844945,Regular,54,Create,ConfigMap,true
7.287936474,Regular,1,Update,Deployment,true
7.289299842,Regular,1,Delete,ConfigMap,true
7.290684101,Regular,1,Delete,Deployment,true
7.292108155,Regular,52,Create,Deployment,true
7.344470581,Regular,54,Create,ConfigMap,true
7.399030149,Regular,1,Update,Deployment,true
7.4009738800000004,Regular,2,Delete,ConfigMap,true
7.403024083,Regular,4,Delete,Deployment,true
7.407890704,Regular,52,Create,Deployment,true
7.460047229,Regular,53,Create,ConfigMap,true
7.513249129,Regular,1,Update,Deployment,true
7.514636733,Regular,1,Delete,ConfigMap,true
7.516316082,Regular,1,Delete,Deployment,true
7.517748943,Regular,52,Create,Deployment,true
7.569767045,Regular,53,Create,ConfigMap,true
7.623066951,Regular,2,Update,Deployment,true
7.625842592,Regular,2,Delete,ConfigMap,true
7.6287435200000004,Regular,2,Delete,Deployment,true
7.631302248,Regular,109,Create,Deployment,true
7.740453115,Regular,54,Create,ConfigMap,true
7.794636539,Regular,2,Update,Deployment,true
7.797513411,Regular,2,Delete,ConfigMap,true
7.799558805,Regular,2,Delete,Deployment,true
7.802343352,Regular,53,Create,Deployment,true
7.855661894,Regular,52,Create,ConfigMap,true
7.907690326,Regular,2,Update,Deployment,true
7.910264954,Regular,1,Delete,ConfigMap,true
7.91176881,Regular,1,Delete,Deployment,true
7.913162586,Regular,53,Create,Deployment,true
7.966244929,Regular,52,Create,ConfigMap,true
7.021153705,Regular,51,Create,ConfigMap,true
7.07309403,Regular,1,Update,Deployment,true
7.074555765,Regular,1,Delete,ConfigMap,true
7.075764721,Regular,1,Delete,Deployment,true
7.076928651,Regular,51,Create,Deployment,true
7.128680818,Regular,51,Create,ConfigMap,true
7.180488672,Regular,1,Update,Deployment,true
7.181661388,Regular,1,Delete,ConfigMap,true
7.183002325,Regular,2,Delete,Deployment,true
7.185295138,Regular,52,Create,Deployment,true
7.23792922,Regular,52,Create,ConfigMap,true
7.289984122,Regular,1,Update,Deployment,true
7.29118391,Regular,1,Delete,ConfigMap,true
7.292374891,Regular,1,Delete,Deployment,true
7.293519565,Regular,52,Create,Deployment,true
7.346436724,Regular,52,Create,ConfigMap,true
7.399037713,Regular,1,Update,Deployment,true
7.400959653,Regular,1,Delete,ConfigMap,true
7.402720556,Regular,5,Delete,Deployment,true
7.407826812,Regular,52,Create,Deployment,true
7.460040165,Regular,52,Create,ConfigMap,true
7.512980799,Regular,1,Update,Deployment,true
7.514390486,Regular,1,Delete,ConfigMap,true
7.515935529,Regular,1,Delete,Deployment,true
7.517308025,Regular,52,Create,Deployment,true
7.569467567,Regular,53,Create,ConfigMap,true
7.622816375,Regular,5,Update,Deployment,true
7.628820736,Regular,3,Delete,ConfigMap,true
7.632448796,Regular,3,Delete,Deployment,true
7.635616901,Regular,104,Create,Deployment,true
7.74044522,Regular,53,Create,ConfigMap,true
7.794244144,Regular,3,Update,Deployment,true
7.797829241,Regular,2,Delete,ConfigMap,true
7.800334107,Regular,1,Delete,Deployment,true
7.802246719,Regular,53,Create,Deployment,true
7.856063847,Regular,52,Create,ConfigMap,true
7.908261951,Regular,2,Update,Deployment,true
7.910576606,Regular,1,Delete,ConfigMap,true
7.91199536,Regular,1,Delete,Deployment,true
7.913423702,Regular,52,Create,Deployment,true
7.966244919,Regular,52,Create,ConfigMap,true
8.018658092,Regular,1,Update,Deployment,true
8.019924226,Regular,1,Delete,ConfigMap,true
7.015660745,Regular,51,Create,ConfigMap,true
7.067622901,Regular,1,Update,Deployment,true
7.068851253,Regular,1,Delete,ConfigMap,true
7.06997104,Regular,1,Delete,Deployment,true
7.071169095,Regular,54,Create,Deployment,true
7.125240806,Regular,51,Create,ConfigMap,true
7.177158158,Regular,1,Update,Deployment,true
7.178447225,Regular,1,Delete,ConfigMap,true
7.180206536,Regular,1,Delete,Deployment,true
7.181517776,Regular,52,Create,Deployment,true
7.234153651,Regular,53,Create,ConfigMap,true
7.287933027,Regular,1,Update,Deployment,true
7.289297708,Regular,1,Delete,ConfigMap,true
7.290469704,Regular,1,Delete,Deployment,true
7.291858741,Regular,52,Create,Deployment,true
7.343986181,Regular,55,Create,ConfigMap,true
7.399030079,Regular,1,Update,Deployment,true
7.40068462,Regular,1,Delete,ConfigMap,true
7.402342929,Regular,4,Delete,Deployment,true
7.406432134,Regular,53,Create,Deployment,true
7.460035376,Regular,53,Create,ConfigMap,true
7.513289265,Regular,1,Update,Deployment,true
7.51491955,Regular,1,Delete,ConfigMap,true
7.516616472,Regular,1,Delete,Deployment,true
7.518014327,Regular,51,Create,Deployment,true
7.569853169,Regular,52,Create,ConfigMap,true
7.622816396,Regular,3,Update,Deployment,true
7.625846619,Regular,2,Delete,ConfigMap,true
7.628837338,Regular,2,Delete,Deployment,true
7.631210063,Regular,109,Create,Deployment,true
7.740559366,Regular,54,Create,ConfigMap,true
7.794929265,Regular,2,Update,Deployment,true
7.797843087,Regular,2,Delete,ConfigMap,true
7.800425901,Regular,2,Delete,Deployment,true
7.80274746,Regular,58,Create,Deployment,true
7.861204588,Regular,53,Create,ConfigMap,true
7.914643649,Regular,1,Update,Deployment,true
7.916218228,Regular,1,Delete,ConfigMap,true
7.917820952,Regular,1,Delete,Deployment,true
7.919178599,Regular,52,Create,Deployment,true
7.971838641,Regular,52,Create,ConfigMap,true
7.038837784,Regular,1,Update,Deployment,true
7.040274612,Regular,1,Delete,ConfigMap,true
7.041528814,Regular,2,Delete,Deployment,true
7.043677013,Regular,52,Create,Deployment,true
7.09635096,Regular,52,Create,ConfigMap,true
7.148375905,Regular,2,Update,Deployment,true
7.150996001,Regular,1,Delete,ConfigMap,true
7.152225606,Regular,1,Delete,Deployment,true
7.153493924,Regular,53,Create,Deployment,true
7.20657293,Regular,52,Create,ConfigMap,true
7.258982776,Regular,1,Update,Deployment,true
7.26028559,Regular,1,Delete,ConfigMap,true
7.261640132,Regular,1,Delete,Deployment,true
7.263027968,Regular,52,Create,Deployment,true
7.315730229,Regular,51,Create,ConfigMap,true
7.367538432,Regular,2,Update,Deployment,true
7.369889176,Regular,1,Delete,ConfigMap,true
7.371508621,Regular,1,Delete,Deployment,true
7.372993941,Regular,52,Create,Deployment,true
7.425841669,Regular,52,Create,ConfigMap,true
7.478030585,Regular,2,Update,Deployment,true
7.480723238,Regular,1,Delete,ConfigMap,true
7.482265757,Regular,5,Delete,Deployment,true
7.488142266,Regular,53,Create,Deployment,true
7.541170816,Regular,52,Create,ConfigMap,true
7.593598877,Regular,1,Update,Deployment,true
7.595284608,Regular,3,Delete,ConfigMap,true
7.598551852,Regular,2,Delete,Deployment,true
7.601236179,Regular,139,Create,Deployment,true
7.740541733,Regular,54,Create,ConfigMap,true
7.794644123,Regular,3,Update,Deployment,true
7.797863286,Regular,2,Delete,ConfigMap,true
7.800275336,Regular,2,Delete,Deployment,true
7.803095009,Regular,56,Create,Deployment,true
7.859561098,Regular,55,Create,ConfigMap,true
7.914894926,Regular,1,Update,Deployment,true
7.916464787,Regular,1,Delete,ConfigMap,true
7.918362961,Regular,1,Delete,Deployment,true
7.919569141,Regular,52,Create,Deployment,true
7.972125997,Regular,52,Create,ConfigMap,true
7.020972571,Regular,51,Create,ConfigMap,true
7.072801484,Regular,1,Update,Deployment,true
7.074777997,Regular,1,Delete,ConfigMap,true
7.075964821,Regular,1,Delete,Deployment,true
7.077155722,Regular,51,Create,Deployment,true
7.128728358,Regular,51,Create,ConfigMap,true
7.180419981,Regular,1,Update,Deployment,true
7.181759224,Regular,1,Delete,ConfigMap,true
7.183159463,Regular,1,Delete,Deployment,true
7.18506411,Regular,53,Create,Deployment,true
7.238233077,Regular,51,Create,ConfigMap,true
7.289762641,Regular,1,Update,Deployment,true
7.290965305,Regular,1,Delete,ConfigMap,true
7.292105239,Regular,1,Delete,Deployment,true
7.29329045,Regular,52,Create,Deployment,true
7.345527538,Regular,53,Create,ConfigMap,true
7.399030049,Regular,1,Update,Deployment,true
7.4009780880000005,Regular,1,Delete,ConfigMap,true
7.402899556,Regular,4,Delete,Deployment,true
7.407819118,Regular,52,Create,Deployment,true
7.460041979,Regular,53,Create,ConfigMap,true
7.513301478,Regular,1,Update,Deployment,true
7.514760468,Regular,1,Delete,ConfigMap,true
7.5166323219999995,Regular,1,Delete,Deployment,true
7.518034765,Regular,51,Create,Deployment,true
7.569909626,Regular,53,Create,ConfigMap,true
7.623091899,Regular,2,Update,Deployment,true
7.625842592,Regular,2,Delete,ConfigMap,true
7.628716939,Regular,2,Delete,Deployment,true
7.631257834,Regular,109,Create,Deployment,true
7.740504903,Regular,54,Create,ConfigMap,true
7.794761696,Regular,3,Update,Deployment,true
7.79783938,Regular,2,Delete,ConfigMap,true
7.800309991,Regular,2,Delete,Deployment,true
7.802786093,Regular,58,Create,Deployment,true
7.861618234,Regular,53,Create,ConfigMap,true
7.914862855,Regular,1,Update,Deployment,true
7.916507548,Regular,1,Delete,ConfigMap,true
7.918128205,Regular,1,Delete,Deployment,true
7.919408025,Regular,52,Create,Deployment,true
7.972168467,Regular,52,Create,ConfigMap,true
8.024370539,Regular,2,Update,Deployment,true
7.032993176,Regular,53,Create,ConfigMap,true
7.086775538,Regular,1,Update,Deployment,true
7.087990415,Regular,1,Delete,ConfigMap,true
7.089138515,Regular,1,Delete,Deployment,true
7.090211693,Regular,53,Create,Deployment,true
7.143949901,Regular,53,Create,ConfigMap,true
7.197178372,Regular,1,Update,Deployment,true
7.198869663,Regular,1,Delete,ConfigMap,true
7.200810288,Regular,1,Delete,Deployment,true
7.202015447,Regular,56,Create,Deployment,true
7.258063751,Regular,51,Create,ConfigMap,true
7.3099063300000005,Regular,1,Update,Deployment,true
7.3109296839999995,Regular,1,Delete,ConfigMap,true
7.312042497,Regular,1,Delete,Deployment,true
7.313077362,Regular,52,Create,Deployment,true
7.365119289,Regular,52,Create,ConfigMap,true
7.417669892,Regular,1,Update,Deployment,true
7.41906987,Regular,1,Delete,ConfigMap,true
7.420248568,Regular,1,Delete,Deployment,true
7.421484365,Regular,52,Create,Deployment,true
7.473895354,Regular,54,Create,ConfigMap,true
7.528603013,Regular,2,Update,Deployment,true
7.531559496,Regular,2,Delete,ConfigMap,true
7.533876576,Regular,1,Delete,Deployment,true
7.535475432,Regular,54,Create,Deployment,true
7.58958228,Regular,52,Create,ConfigMap,true
7.641616213,Regular,1,Update,Deployment,true
7.643514567,Regular,2,Delete,ConfigMap,true
7.646266202,Regular,4,Delete,Deployment,true
7.650847241,Regular,89,Create,Deployment,true
7.739894033,Regular,54,Create,ConfigMap,true
7.794600931,Regular,3,Update,Deployment,true
7.797815655,Regular,2,Delete,ConfigMap,true
7.800512927,Regular,2,Delete,Deployment,true
7.802532592,Regular,58,Create,Deployment,true
7.861191233,Regular,53,Create,ConfigMap,true
7.9143353229999995,Regular,1,Update,Deployment,true
7.9157793850000004,Regular,1,Delete,ConfigMap,true
7.917313258,Regular,1,Delete,Deployment,true
7.918766216,Regular,53,Create,Deployment,true
7.972119124,Regular,52,Create,ConfigMap,true
8.024368184,Regular,2,Update,Deployment,true
7.044036575,Regular,52,Create,Deployment,true
7.096738766,Regular,54,Create,ConfigMap,true
7.15079026,Regular,1,Update,Deployment,true
7.15225965,Regular,1,Delete,ConfigMap,true
7.153467464,Regular,1,Delete,Deployment,true
7.15475064,Regular,51,Create,Deployment,true
7.206692948,Regular,52,Create,ConfigMap,true
7.25903246,Regular,1,Update,Deployment,true
7.260304055,Regular,1,Delete,ConfigMap,true
7.261572684,Regular,1,Delete,Deployment,true
7.263019912,Regular,52,Create,Deployment,true
7.315501494,Regular,51,Create,ConfigMap,true
7.367293437,Regular,1,Update,Deployment,true
7.3685538,Regular,2,Delete,ConfigMap,true
7.37111833,Regular,1,Delete,Deployment,true
7.372455449,Regular,53,Create,Deployment,true
7.425842781,Regular,52,Create,ConfigMap,true
7.478398534,Regular,2,Update,Deployment,true
7.480711646,Regular,1,Delete,ConfigMap,true
7.482321232,Regular,5,Delete,Deployment,true
7.488224933,Regular,52,Create,Deployment,true
7.541177038,Regular,53,Create,ConfigMap,true
7.595182454,Regular,3,Update,Deployment,true
7.598772831,Regular,2,Delete,ConfigMap,true
7.600974673,Regular,1,Delete,Deployment,true
7.602596502,Regular,137,Create,Deployment,true
7.739628759,Regular,55,Create,ConfigMap,true
7.794761686,Regular,3,Update,Deployment,true
7.797818511,Regular,2,Delete,ConfigMap,true
7.7999832510000005,Regular,2,Delete,Deployment,true
7.802408326,Regular,58,Create,Deployment,true
7.860978559,Regular,53,Create,ConfigMap,true
7.914658667,Regular,1,Update,Deployment,true
7.916464937,Regular,1,Delete,ConfigMap,true
7.918371347,Regular,1,Delete,Deployment,true
7.919660174,Regular,52,Create,Deployment,true
7.972160743,Regular,54,Create,ConfigMap,true
7.039095924,Regular,1,Update,Deployment,true
7.040506152,Regular,1,Delete,ConfigMap,true
7.041783487,Regular,2,Delete,Deployment,true
7.043960541,Regular,52,Create,Deployment,true
7.096605814,Regular,54,Create,ConfigMap,true
7.15067992,Regular,1,Update,Deployment,true
7.152254621,Regular,1,Delete,ConfigMap,true
7.153493914,Regular,1,Delete,Deployment,true
7.154752203,Regular,51,Create,Deployment,true
7.206494642,Regular,52,Create,ConfigMap,true
7.258762598,Regular,1,Update,Deployment,true
7.26008538,Regular,1,Delete,ConfigMap,true
7.26135466,Regular,1,Delete,Deployment,true
7.262911667,Regular,52,Create,Deployment,true
7.315719017,Regular,51,Create,ConfigMap,true
7.367524586,Regular,1,Update,Deployment,true
7.369052948,Regular,2,Delete,ConfigMap,true
7.371746362,Regular,1,Delete,Deployment,true
7.373282659,Regular,52,Create,Deployment,true
7.425785352,Regular,52,Create,ConfigMap,true
7.478327229,Regular,2,Update,Deployment,true
7.480717798,Regular,1,Delete,ConfigMap,true
7.482233977,Regular,2,Delete,Deployment,true
7.484983257,Regular,52,Create,Deployment,true
7.537048018,Regular,52,Create,ConfigMap,true
7.589237967,Regular,1,Update,Deployment,true
7.590944267,Regular,1,Delete,ConfigMap,true
7.592441519,Regular,2,Delete,Deployment,true
7.595071764,Regular,54,Create,Deployment,true
7.64995701,Regular,90,Create,ConfigMap,true
7.740037846,Regular,4,Update,Deployment,true
7.744906241,Regular,4,Delete,ConfigMap,true
7.749458454,Regular,3,Delete,Deployment,true
7.753314456,Regular,55,Create,Deployment,true
7.8085703859999995,Regular,53,Create,ConfigMap,true
7.862020498,Regular,5,Update,Deployment,true
7.868007365,Regular,3,Delete,ConfigMap,true
7.871059871,Regular,5,Delete,Deployment,true
7.8765666979999995,Regular,53,Create,Deployment,true
7.929962386,Regular,54,Create,ConfigMap,true
7.984928897,Regular,5,Update,Deployment,true
7.990861872,Regular,1,Delete,ConfigMap,true
7.99281429,Regular,1,Delete,Deployment,true
7.994337622,Regular,52,Create,Deployment,true
7.039054015,Regular,1,Update,Deployment,true
7.040477077,Regular,1,Delete,ConfigMap,true
7.041746327,Regular,2,Delete,Deployment,true
7.043989376,Regular,52,Create,Deployment,true
7.096598961,Regular,54,Create,ConfigMap,true
7.1507710939999996,Regular,1,Update,Deployment,true
7.152024474,Regular,1,Delete,ConfigMap,true
7.153259749,Regular,1,Delete,Deployment,true
7.154535141,Regular,52,Create,Deployment,true
7.206716693,Regular,52,Create,ConfigMap,true
7.259008806,Regular,1,Update,Deployment,true
7.260310076,Regular,1,Delete,ConfigMap,true
7.261578124,Regular,1,Delete,Deployment,true
7.263548396,Regular,52,Create,Deployment,true
7.315742783,Regular,51,Create,ConfigMap,true
7.367557098,Regular,2,Update,Deployment,true
7.370540843,Regular,1,Delete,ConfigMap,true
7.371828158,Regular,1,Delete,Deployment,true
7.373263723,Regular,52,Create,Deployment,true
7.425982366,Regular,52,Create,ConfigMap,true
7.478342808,Regular,2,Update,Deployment,true
7.480498051,Regular,1,Delete,ConfigMap,true
7.481930811,Regular,1,Delete,Deployment,true
7.483808587,Regular,52,Create,Deployment,true
7.536409997,Regular,53,Create,ConfigMap,true
7.58973994,Regular,3,Update,Deployment,true
7.593204578,Regular,1,Delete,ConfigMap,true
7.594944853,Regular,3,Delete,Deployment,true
7.59811922,Regular,54,Create,Deployment,true
7.652380702,Regular,88,Create,ConfigMap,true
7.740891297,Regular,4,Update,Deployment,true
7.7449241749999995,Regular,2,Delete,ConfigMap,true
7.747411738,Regular,2,Delete,Deployment,true
7.75033599,Regular,57,Create,Deployment,true
7.807415273,Regular,53,Create,ConfigMap,true
7.860977607,Regular,5,Update,Deployment,true
7.866545159,Regular,4,Delete,ConfigMap,true
7.870931217,Regular,3,Delete,Deployment,true
7.874229831,Regular,55,Create,Deployment,true
7.929483246,Regular,55,Create,ConfigMap,true
7.984617806,Regular,5,Update,Deployment,true
7.9905305030000005,Regular,2,Delete,ConfigMap,true
7.993064154,Regular,1,Delete,Deployment,true
7.994608226,Regular,52,Create,Deployment,true
7.039094401,Regular,52,Create,ConfigMap,true
7.091502073,Regular,1,Update,Deployment,true
7.092566434,Regular,1,Delete,ConfigMap,true
7.093760211,Regular,1,Delete,Deployment,true
7.094875078,Regular,52,Create,Deployment,true
7.147123367,Regular,52,Create,ConfigMap,true
7.199395602,Regular,1,Update,Deployment,true
7.201050043,Regular,1,Delete,ConfigMap,true
7.202335825,Regular,1,Delete,Deployment,true
7.2042302320000005,Regular,53,Create,Deployment,true
7.257576666,Regular,52,Create,ConfigMap,true
7.3096150269999995,Regular,1,Update,Deployment,true
7.310706249,Regular,1,Delete,ConfigMap,true
7.311818882,Regular,1,Delete,Deployment,true
7.312869577,Regular,51,Create,Deployment,true
7.364860708,Regular,53,Create,ConfigMap,true
7.417955014,Regular,1,Update,Deployment,true
7.419310547,Regular,1,Delete,ConfigMap,true
7.420708903,Regular,1,Delete,Deployment,true
7.421838157,Regular,52,Create,Deployment,true
7.474161268,Regular,54,Create,ConfigMap,true
7.528743459,Regular,3,Update,Deployment,true
7.531878121,Regular,1,Delete,ConfigMap,true
7.533669954,Regular,1,Delete,Deployment,true
7.535207603,Regular,53,Create,Deployment,true
7.588272343,Regular,53,Create,ConfigMap,true
7.641378972,Regular,2,Update,Deployment,true
7.643540066,Regular,2,Delete,ConfigMap,true
7.64650229,Regular,88,Delete,Deployment,true
7.73543159,Regular,52,Create,Deployment,true
7.788419423,Regular,54,Create,ConfigMap,true
7.843181456,Regular,4,Update,Deployment,true
7.84776012,Regular,3,Delete,ConfigMap,true
7.851443233,Regular,1,Delete,Deployment,true
7.8531578490000005,Regular,53,Create,Deployment,true
7.906974877,Regular,53,Create,ConfigMap,true
7.960686746,Regular,1,Update,Deployment,true
7.962027,Regular,1,Delete,ConfigMap,true
7.963942868,Regular,2,Delete,Deployment,true
7.966203631,Regular,52,Create,Deployment,true
8.018421393,Regular,53,Create,ConfigMap,true
8.021159532,Regular,1,Delete,Deployment,true
8.022427149,Regular,52,Create,Deployment,true
8.074881018,Regular,52,Create,ConfigMap,true
8.127190143,Regular,1,Update,Deployment,true
8.128522984,Regular,1,Delete,ConfigMap,true
8.129824936,Regular,1,Delete,Deployment,true
8.13094365,Regular,53,Create,Deployment,true
8.184245901,Regular,53,Create,ConfigMap,true
8.237498828,Regular,1,Update,Deployment,true
8.239110768,Regular,1,Delete,ConfigMap,true
8.240770901,Regular,1,Delete,Deployment,true
8.242340341,Regular,52,Create,Deployment,true
8.295039957,Regular,52,Create,ConfigMap,true
8.34766936,Regular,5,Update,Deployment,true
8.353257631,Regular,1,Delete,ConfigMap,true
8.354583018,Regular,1,Delete,Deployment,true
8.355616971,Regular,51,Create,Deployment,true
8.40755923,Regular,53,Create,ConfigMap,true
8.460917486,Regular,1,Update,Deployment,true
8.462198859,Regular,1,Delete,ConfigMap,true
8.464038803,Regular,2,Delete,Deployment,true
8.466641986,Regular,51,Create,Deployment,true
8.518647434,Regular,52,Create,ConfigMap,true
8.570960396,Regular,1,Update,Deployment,true
8.57237378,Regular,1,Delete,ConfigMap,true
8.573620638,Regular,1,Delete,Deployment,true
8.574913172,Regular,51,Create,Deployment,true
8.626797179,Regular,53,Create,ConfigMap,true
8.680516122,Regular,1,Update,Deployment,true
8.681891223000001,Regular,1,Delete,ConfigMap,true
8.68362771,Regular,3,Delete,Deployment,true
8.686669646,Regular,51,Create,Deployment,true
8.73865715,Regular,52,Create,ConfigMap,true
8.791264732,Regular,1,Update,Deployment,true
8.792595488,Regular,1,Delete,ConfigMap,true
8.793841585,Regular,1,Delete,Deployment,true
8.795046102,Regular,53,Create,Deployment,true
8.848294891,Regular,51,Create,ConfigMap,true
8.900071795,Regular,1,Update,Deployment,true
8.901374599,Regular,1,Delete,ConfigMap,true
8.902741344,Regular,3,Delete,Deployment,true
8.906670585,Regular,52,Create,Deployment,true
8.959008614,Regular,51,Create,ConfigMap,true
8.071526849,Regular,1,Update,Deployment,true
8.072762175,Regular,1,Delete,ConfigMap,true
8.07403427,Regular,1,Delete,Deployment,true
8.075286137,Regular,52,Create,Deployment,true
8.127659684,Regular,53,Create,ConfigMap,true
8.180720517,Regular,2,Update,Deployment,true
8.182880528,Regular,2,Delete,ConfigMap,true
8.185307306,Regular,3,Delete,Deployment,true
8.188904096,Regular,52,Create,Deployment,true
8.24132348,Regular,52,Create,ConfigMap,true
8.293469195,Regular,1,Update,Deployment,true
8.294802046,Regular,1,Delete,ConfigMap,true
8.296078429,Regular,1,Delete,Deployment,true
8.297244423,Regular,55,Create,Deployment,true
8.353189331,Regular,54,Create,ConfigMap,true
8.40755973,Regular,2,Update,Deployment,true
8.409835190999999,Regular,1,Delete,ConfigMap,true
8.410939338,Regular,1,Delete,Deployment,true
8.412047482,Regular,51,Create,Deployment,true
8.463716852,Regular,53,Create,ConfigMap,true
8.516844671,Regular,1,Update,Deployment,true
8.518620373,Regular,1,Delete,ConfigMap,true
8.519996927,Regular,1,Delete,Deployment,true
8.521239216,Regular,52,Create,Deployment,true
8.573656866,Regular,53,Create,ConfigMap,true
8.62667625,Regular,1,Update,Deployment,true
8.628561029,Regular,1,Delete,ConfigMap,true
8.629584362,Regular,1,Delete,Deployment,true
8.630591184,Regular,51,Create,Deployment,true
8.68226882,Regular,52,Create,ConfigMap,true
8.735027338,Regular,1,Update,Deployment,true
8.736763354,Regular,1,Delete,ConfigMap,true
8.738417875,Regular,1,Delete,Deployment,true
8.739644354,Regular,51,Create,Deployment,true
8.791526038,Regular,52,Create,ConfigMap,true
8.844056853,Regular,2,Update,Deployment,true
8.846100133,Regular,2,Delete,ConfigMap,true
8.84818936,Regular,2,Delete,Deployment,true
8.851009425,Regular,51,Create,Deployment,true
8.902985979,Regular,52,Create,ConfigMap,true
8.95565674,Regular,1,Update,Deployment,true
8.95689414,Regular,1,Delete,ConfigMap,true
8.958111932,Regular,1,Delete,Deployment,true
8.959523222,Regular,52,Create,Deployment,true
8.01873579,Regular,1,Update,Deployment,true
8.020158271,Regular,1,Delete,ConfigMap,true
8.021451246,Regular,1,Delete,Deployment,true
8.022631607,Regular,51,Create,Deployment,true
8.074614051,Regular,52,Create,ConfigMap,true
8.126857551,Regular,1,Update,Deployment,true
8.128404218,Regular,1,Delete,ConfigMap,true
8.129617562,Regular,1,Delete,Deployment,true
8.130725025,Regular,52,Create,Deployment,true
8.183377302,Regular,53,Create,ConfigMap,true
8.237207555,Regular,2,Update,Deployment,true
8.239321398,Regular,1,Delete,ConfigMap,true
8.241042436,Regular,1,Delete,Deployment,true
8.242830552,Regular,52,Create,Deployment,true
8.295044726,Regular,52,Create,ConfigMap,true
8.347956535,Regular,5,Update,Deployment,true
8.353189331,Regular,1,Delete,ConfigMap,true
8.354593568,Regular,1,Delete,Deployment,true
8.355838031,Regular,52,Create,Deployment,true
8.408583274,Regular,52,Create,ConfigMap,true
8.460681659,Regular,1,Update,Deployment,true
8.461855678,Regular,1,Delete,ConfigMap,true
8.46333168,Regular,2,Delete,Deployment,true
8.466323471,Regular,52,Create,Deployment,true
8.518366701,Regular,52,Create,ConfigMap,true
8.570629658,Regular,1,Update,Deployment,true
8.572142772,Regular,1,Delete,ConfigMap,true
8.573352749,Regular,1,Delete,Deployment,true
8.57467524,Regular,52,Create,Deployment,true
8.627141113,Regular,53,Create,ConfigMap,true
8.68024688,Regular,1,Update,Deployment,true
8.681630477,Regular,1,Delete,ConfigMap,true
8.683552958,Regular,3,Delete,Deployment,true
8.68668233,Regular,51,Create,Deployment,true
8.73865715,Regular,52,Create,ConfigMap,true
8.791546066,Regular,1,Update,Deployment,true
8.792892893,Regular,1,Delete,ConfigMap,true
8.794175889,Regular,1,Delete,Deployment,true
8.79535583,Regular,52,Create,Deployment,true
8.8481947,Regular,52,Create,ConfigMap,true
8.90031125,Regular,1,Update,Deployment,true
8.901578737,Regular,1,Delete,ConfigMap,true
8.902991389,Regular,3,Delete,Deployment,true
8.906525159,Regular,52,Create,Deployment,true
8.95876408,Regular,52,Create,ConfigMap,true
9.010929963,Regular,1,Update,Deployment,true
8.024378774,Regular,2,Update,Deployment,true
8.026994411,Regular,1,Delete,ConfigMap,true
8.028972286,Regular,1,Delete,Deployment,true
8.030307973,Regular,53,Create,Deployment,true
8.084093391,Regular,53,Create,ConfigMap,true
8.137483388,Regular,1,Update,Deployment,true
8.139221057,Regular,1,Delete,ConfigMap,true
8.140725404,Regular,1,Delete,Deployment,true
8.142478783,Regular,54,Create,Deployment,true
8.196812332,Regular,54,Create,ConfigMap,true
8.251447454000001,Regular,1,Update,Deployment,true
8.253019048,Regular,1,Delete,ConfigMap,true
8.254536779,Regular,1,Delete,Deployment,true
8.255866324,Regular,53,Create,Deployment,true
8.309196318,Regular,54,Create,ConfigMap,true
8.363756316,Regular,3,Update,Deployment,true
8.367598562,Regular,1,Delete,ConfigMap,true
8.368971408,Regular,1,Delete,Deployment,true
8.370471267,Regular,53,Create,Deployment,true
8.424221809,Regular,51,Create,ConfigMap,true
8.476167994,Regular,1,Update,Deployment,true
8.477455178,Regular,1,Delete,ConfigMap,true
8.478829768,Regular,1,Delete,Deployment,true
8.480182255999999,Regular,52,Create,Deployment,true
8.533013633,Regular,53,Create,ConfigMap,true
8.586723908,Regular,1,Update,Deployment,true
8.588155346,Regular,1,Delete,ConfigMap,true
8.589293377,Regular,1,Delete,Deployment,true
8.590496462,Regular,52,Create,Deployment,true
8.643497701,Regular,52,Create,ConfigMap,true
8.696424969,Regular,1,Update,Deployment,true
8.697832251,Regular,1,Delete,ConfigMap,true
8.699258209,Regular,1,Delete,Deployment,true
8.70051216,Regular,51,Create,Deployment,true
8.752508361,Regular,52,Create,ConfigMap,true
8.804985595,Regular,2,Update,Deployment,true
8.80739521,Regular,2,Delete,ConfigMap,true
8.809472905,Regular,1,Delete,Deployment,true
8.810834942,Regular,52,Create,Deployment,true
8.86360433,Regular,51,Create,ConfigMap,true
8.915491774,Regular,1,Update,Deployment,true
8.91685845,Regular,1,Delete,ConfigMap,true
8.918142768,Regular,1,Delete,Deployment,true
8.919661111,Regular,51,Create,Deployment,true
8.971459546,Regular,52,Create,ConfigMap,true
8.024182702,Regular,2,Update,Deployment,true
8.026909399000001,Regular,1,Delete,ConfigMap,true
8.028890311,Regular,1,Delete,Deployment,true
8.030313223,Regular,53,Create,Deployment,true
8.084233657,Regular,53,Create,ConfigMap,true
8.137474691,Regular,1,Update,Deployment,true
8.139210337,Regular,1,Delete,ConfigMap,true
8.140666071,Regular,1,Delete,Deployment,true
8.142292169,Regular,54,Create,Deployment,true
8.196536358,Regular,54,Create,ConfigMap,true
8.251269576,Regular,1,Update,Deployment,true
8.253018917,Regular,1,Delete,ConfigMap,true
8.254561657,Regular,1,Delete,Deployment,true
8.255868668,Regular,54,Create,Deployment,true
8.310266209,Regular,55,Create,ConfigMap,true
8.365299236,Regular,2,Update,Deployment,true
8.367710625,Regular,1,Delete,ConfigMap,true
8.368971228,Regular,1,Delete,Deployment,true
8.370237383,Regular,52,Create,Deployment,true
8.423039474,Regular,53,Create,ConfigMap,true
8.476124371,Regular,1,Update,Deployment,true
8.477481939,Regular,1,Delete,ConfigMap,true
8.47879931,Regular,1,Delete,Deployment,true
8.480091714,Regular,52,Create,Deployment,true
8.532767635999999,Regular,53,Create,ConfigMap,true
8.586723147,Regular,1,Update,Deployment,true
8.588398859,Regular,1,Delete,ConfigMap,true
8.58966861,Regular,1,Delete,Deployment,true
8.590849191,Regular,52,Create,Deployment,true
8.643443227,Regular,52,Create,ConfigMap,true
8.696061108,Regular,1,Update,Deployment,true
8.697575033,Regular,1,Delete,ConfigMap,true
8.698797254,Regular,1,Delete,Deployment,true
8.700012632,Regular,52,Create,Deployment,true
8.752523509,Regular,52,Create,ConfigMap,true
8.804926142,Regular,2,Update,Deployment,true
8.807355866,Regular,2,Delete,ConfigMap,true
8.809491571,Regular,1,Delete,Deployment,true
8.811072593,Regular,52,Create,Deployment,true
8.863154216,Regular,51,Create,ConfigMap,true
8.915065876,Regular,1,Update,Deployment,true
8.916296923,Regular,1,Delete,ConfigMap,true
8.917471043,Regular,1,Delete,Deployment,true
8.918692683,Regular,52,Create,Deployment,true
8.971458785,Regular,52,Create,ConfigMap,true
8.02684136,Regular,2,Delete,ConfigMap,true
8.028922342,Regular,1,Delete,Deployment,true
8.03033837,Regular,53,Create,Deployment,true
8.084086708,Regular,53,Create,ConfigMap,true
8.137471355,Regular,1,Update,Deployment,true
8.138948871,Regular,1,Delete,ConfigMap,true
8.140722188,Regular,1,Delete,Deployment,true
8.142164086,Regular,53,Create,Deployment,true
8.196009157,Regular,55,Create,ConfigMap,true
8.251371429,Regular,1,Update,Deployment,true
8.253002877,Regular,1,Delete,ConfigMap,true
8.254453471,Regular,1,Delete,Deployment,true
8.255772476,Regular,53,Create,Deployment,true
8.309219451,Regular,56,Create,ConfigMap,true
8.365316429,Regular,2,Update,Deployment,true
8.367380057,Regular,1,Delete,ConfigMap,true
8.368965337,Regular,1,Delete,Deployment,true
8.370453583,Regular,53,Create,Deployment,true
8.423512542,Regular,52,Create,ConfigMap,true
8.475905255,Regular,1,Update,Deployment,true
8.477191347,Regular,1,Delete,ConfigMap,true
8.478551951,Regular,1,Delete,Deployment,true
8.47983665,Regular,53,Create,Deployment,true
8.533073918,Regular,53,Create,ConfigMap,true
8.586785535,Regular,1,Update,Deployment,true
8.588400341,Regular,1,Delete,ConfigMap,true
8.589683087000001,Regular,1,Delete,Deployment,true
8.590989478000001,Regular,52,Create,Deployment,true
8.643595587,Regular,52,Create,ConfigMap,true
8.696401234,Regular,1,Update,Deployment,true
8.697841459,Regular,1,Delete,ConfigMap,true
8.699280551,Regular,1,Delete,Deployment,true
8.700518272,Regular,51,Create,Deployment,true
8.752491208,Regular,52,Create,ConfigMap,true
8.804936211,Regular,2,Update,Deployment,true
8.807371896,Regular,1,Delete,ConfigMap,true
8.809318382,Regular,1,Delete,Deployment,true
8.811067824,Regular,52,Create,Deployment,true
8.863483751,Regular,51,Create,ConfigMap,true
8.915486795,Regular,1,Update,Deployment,true
8.91687413,Regular,1,Delete,ConfigMap,true
8.918100448,Regular,1,Delete,Deployment,true
8.919657755,Regular,51,Create,Deployment,true
8.971457052,Regular,52,Create,ConfigMap,true
8.026713097,Regular,2,Delete,ConfigMap,true
8.029005039,Regular,1,Delete,Deployment,true
8.030329313,Regular,53,Create,Deployment,true
8.084093521,Regular,53,Create,ConfigMap,true
8.137123885,Regular,2,Update,Deployment,true
8.139189898,Regular,1,Delete,ConfigMap,true
8.140645873,Regular,1,Delete,Deployment,true
8.142135491,Regular,54,Create,Deployment,true
8.196866705,Regular,54,Create,ConfigMap,true
8.251228447999999,Regular,1,Update,Deployment,true
8.253040358,Regular,1,Delete,ConfigMap,true
8.25444745,Regular,1,Delete,Deployment,true
8.255895049,Regular,54,Create,Deployment,true
8.310259977,Regular,54,Create,ConfigMap,true
8.365042839000001,Regular,2,Update,Deployment,true
8.367407128,Regular,1,Delete,ConfigMap,true
8.368725722,Regular,1,Delete,Deployment,true
8.369929217,Regular,53,Create,Deployment,true
8.423039463,Regular,53,Create,ConfigMap,true
8.476158656,Regular,1,Update,Deployment,true
8.477417396,Regular,1,Delete,ConfigMap,true
8.478844286,Regular,1,Delete,Deployment,true
8.480183138,Regular,52,Create,Deployment,true
8.533073928,Regular,53,Create,ConfigMap,true
8.586727445,Regular,1,Update,Deployment,true
8.588388619,Regular,1,Delete,ConfigMap,true
8.589672096,Regular,1,Delete,Deployment,true
8.59100656,Regular,52,Create,Deployment,true
8.643496288,Regular,52,Create,ConfigMap,true
8.696406685,Regular,1,Update,Deployment,true
8.697799209,Regular,1,Delete,ConfigMap,true
8.699051697,Regular,1,Delete,Deployment,true
8.700347828,Regular,52,Create,Deployment,true
8.752508351,Regular,52,Create,ConfigMap,true
8.804683812,Regular,2,Update,Deployment,true
8.807125398,Regular,2,Delete,ConfigMap,true
8.809637488,Regular,1,Delete,Deployment,true
8.811080668,Regular,52,Create,Deployment,true
8.863627314,Regular,51,Create,ConfigMap,true
8.915535828,Regular,1,Update,Deployment,true
8.916638362,Regular,1,Delete,ConfigMap,true
8.917881332,Regular,1,Delete,Deployment,true
8.919011146999999,Regular,52,Create,Deployment,true
8.971401045,Regular,52,Create,ConfigMap,true
8.026874483,Regular,1,Update,Deployment,true
8.02839466,Regular,1,Delete,ConfigMap,true
8.029736427,Regular,1,Delete,Deployment,true
8.030930144,Regular,53,Create,Deployment,true
8.084097629,Regular,53,Create,ConfigMap,true
8.13750021,Regular,1,Update,Deployment,true
8.139210948,Regular,1,Delete,ConfigMap,true
8.14065472,Regular,1,Delete,Deployment,true
8.142309081,Regular,54,Create,Deployment,true
8.196853761,Regular,54,Create,ConfigMap,true
8.251478082,Regular,1,Update,Deployment,true
8.252789331,Regular,1,Delete,ConfigMap,true
8.254115229,Regular,1,Delete,Deployment,true
8.255490811,Regular,54,Create,Deployment,true
8.309804502,Regular,55,Create,ConfigMap,true
8.365281693,Regular,2,Update,Deployment,true
8.36759738,Regular,1,Delete,ConfigMap,true
8.368933747,Regular,1,Delete,Deployment,true
8.370462019,Regular,52,Create,Deployment,true
8.423346607,Regular,52,Create,ConfigMap,true
8.476147235,Regular,1,Update,Deployment,true
8.477407217,Regular,1,Delete,ConfigMap,true
8.478828997,Regular,1,Delete,Deployment,true
8.480166276,Regular,52,Create,Deployment,true
8.533077354,Regular,53,Create,ConfigMap,true
8.586720832,Regular,1,Update,Deployment,true
8.588353422,Regular,1,Delete,ConfigMap,true
8.589632371,Regular,1,Delete,Deployment,true
8.590789879,Regular,52,Create,Deployment,true
8.643453527,Regular,52,Create,ConfigMap,true
8.696400753,Regular,1,Update,Deployment,true
8.697843413,Regular,1,Delete,ConfigMap,true
8.69905864,Regular,1,Delete,Deployment,true
8.700293845000001,Regular,51,Create,Deployment,true
8.752222007,Regular,52,Create,ConfigMap,true
8.804988961,Regular,1,Update,Deployment,true
8.806824366,Regular,1,Delete,ConfigMap,true
8.80864331,Regular,1,Delete,Deployment,true
8.810219603,Regular,53,Create,Deployment,true
8.863471979,Regular,52,Create,ConfigMap,true
8.91551582,Regular,1,Update,Deployment,true
8.916872717,Regular,1,Delete,ConfigMap,true
8.918144582,Regular,1,Delete,Deployment,true
8.919434201,Regular,51,Create,Deployment,true
8.971400895,Regular,52,Create,ConfigMap,true
9.02403121,Regular,3,Update,Deployment,true
9.027339261,Regular,2,Delete,ConfigMap,true
9.029811586,Regular,1,Delete,Deployment,true
8.046969019,Regular,53,Create,ConfigMap,true
8.100490937,Regular,1,Update,Deployment,true
8.102276497,Regular,3,Delete,ConfigMap,true
8.105803123,Regular,3,Delete,Deployment,true
8.109464636,Regular,53,Create,Deployment,true
8.162517122,Regular,52,Create,ConfigMap,true
8.214797262,Regular,1,Update,Deployment,true
8.215887502,Regular,1,Delete,ConfigMap,true
8.216973083,Regular,1,Delete,Deployment,true
8.218196006,Regular,52,Create,Deployment,true
8.270567789,Regular,52,Create,ConfigMap,true
8.323523212,Regular,3,Update,Deployment,true
8.327260177,Regular,2,Delete,ConfigMap,true
8.329416612,Regular,1,Delete,Deployment,true
8.331200389,Regular,53,Create,Deployment,true
8.38440807,Regular,51,Create,ConfigMap,true
8.436279424,Regular,1,Update,Deployment,true
8.437420721,Regular,1,Delete,ConfigMap,true
8.438480733,Regular,1,Delete,Deployment,true
8.439535186,Regular,53,Create,Deployment,true
8.493461671,Regular,54,Create,ConfigMap,true
8.547845927000001,Regular,1,Update,Deployment,true
8.549771643,Regular,1,Delete,ConfigMap,true
8.551153217,Regular,1,Delete,Deployment,true
8.552191969,Regular,53,Create,Deployment,true
8.605912814,Regular,53,Create,ConfigMap,true
8.659784125,Regular,2,Update,Deployment,true
8.662549557,Regular,1,Delete,ConfigMap,true
8.664363831,Regular,2,Delete,Deployment,true
8.666833761,Regular,53,Create,Deployment,true
8.719853786,Regular,52,Create,ConfigMap,true
8.772266688,Regular,1,Update,Deployment,true
8.773574802,Regular,1,Delete,ConfigMap,true
8.774818373,Regular,1,Delete,Deployment,true
8.776034402,Regular,51,Create,Deployment,true
8.827975127,Regular,52,Create,ConfigMap,true
8.880869624,Regular,1,Update,Deployment,true
8.882077347,Regular,1,Delete,ConfigMap,true
8.883568288,Regular,2,Delete,Deployment,true
8.886033529,Regular,53,Create,Deployment,true
8.939640749,Regular,53,Create,ConfigMap,true
8.992887283,Regular,5,Update,Deployment,true
8.997940088,Regular,2,Delete,ConfigMap,true
9.000214036,Regular,2,Delete,Deployment,true
9.002581992,Regular,52,Create,Deployment,true
8.046760453,Regular,53,Create,ConfigMap,true
8.100115915,Regular,1,Update,Deployment,true
8.101795444,Regular,1,Delete,ConfigMap,true
8.103803627,Regular,3,Delete,Deployment,true
8.107200527,Regular,53,Create,Deployment,true
8.160744737,Regular,53,Create,ConfigMap,true
8.214272436,Regular,1,Update,Deployment,true
8.215558858,Regular,1,Delete,ConfigMap,true
8.216743037,Regular,1,Delete,Deployment,true
8.217963755,Regular,52,Create,Deployment,true
8.270854223,Regular,52,Create,ConfigMap,true
8.323518984,Regular,3,Update,Deployment,true
8.326935521,Regular,2,Delete,ConfigMap,true
8.329623966,Regular,1,Delete,Deployment,true
8.330960644,Regular,53,Create,Deployment,true
8.384412498,Regular,52,Create,ConfigMap,true
8.436489573,Regular,1,Update,Deployment,true
8.43762038,Regular,1,Delete,ConfigMap,true
8.438671536,Regular,1,Delete,Deployment,true
8.439774891,Regular,53,Create,Deployment,true
8.493461661,Regular,56,Create,ConfigMap,true
8.54984382,Regular,1,Update,Deployment,true
8.550942867,Regular,1,Delete,ConfigMap,true
8.552006276,Regular,1,Delete,Deployment,true
8.553056871,Regular,52,Create,Deployment,true
8.605970834,Regular,53,Create,ConfigMap,true
8.659421627,Regular,1,Update,Deployment,true
8.661075939,Regular,2,Delete,ConfigMap,true
8.663940518,Regular,2,Delete,Deployment,true
8.666927449,Regular,52,Create,Deployment,true
8.719458676,Regular,53,Create,ConfigMap,true
8.77256771,Regular,1,Update,Deployment,true
8.77391613,Regular,1,Delete,ConfigMap,true
8.775051636,Regular,1,Delete,Deployment,true
8.776334562,Regular,51,Create,Deployment,true
8.828081279,Regular,52,Create,ConfigMap,true
8.880570405,Regular,1,Update,Deployment,true
8.881837121,Regular,1,Delete,ConfigMap,true
8.883311891,Regular,2,Delete,Deployment,true
8.886016567,Regular,53,Create,Deployment,true
8.939635659,Regular,53,Create,ConfigMap,true
8.993265241,Regular,4,Update,Deployment,true
8.997578842,Regular,2,Delete,ConfigMap,true
8.99993177,Regular,1,Delete,Deployment,true
9.001582204,Regular,52,Create,Deployment,true
9.054479746,Regular,52,Create,ConfigMap,true
9.011734751,Regular,52,Create,ConfigMap,true
9.064054386,Regular,3,Update,Deployment,true
9.067693847,Regular,1,Delete,ConfigMap,true
9.068934803,Regular,1,Delete,Deployment,true
9.070013702,Regular,51,Create,Deployment,true
9.121738918,Regular,51,Create,ConfigMap,true
9.173467781,Regular,1,Update,Deployment,true
9.174651048,Regular,1,Delete,ConfigMap,true
9.175779631,Regular,1,Delete,Deployment,true
9.176842048,Regular,51,Create,Deployment,true
9.228589667,Regular,51,Create,ConfigMap,true
9.280571239,Regular,1,Update,Deployment,true
9.281943014,Regular,1,Delete,ConfigMap,true
9.283745356,Regular,2,Delete,Deployment,true
9.286611419,Regular,52,Create,Deployment,true
9.339554447,Regular,53,Create,ConfigMap,true
9.392749424,Regular,1,Update,Deployment,true
9.394387013,Regular,1,Delete,ConfigMap,true
9.39587567,Regular,1,Delete,Deployment,true
9.397228749,Regular,52,Create,Deployment,true
9.449506435,Regular,52,Create,ConfigMap,true
9.502091223,Regular,2,Update,Deployment,true
9.504131346,Regular,2,Delete,ConfigMap,true
9.50646076,Regular,1,Delete,Deployment,true
9.508258142,Regular,52,Create,Deployment,true
9.561052349,Regular,52,Create,ConfigMap,true
9.61335974,Regular,1,Update,Deployment,true
9.614615304,Regular,1,Delete,ConfigMap,true
9.616036442,Regular,1,Delete,Deployment,true
9.617427103,Regular,52,Create,Deployment,true
9.669812432,Regular,51,Create,ConfigMap,true
9.721745083,Regular,2,Update,Deployment,true
9.724018069,Regular,4,Delete,ConfigMap,true
9.728433402,Regular,1,Delete,Deployment,true
9.729872074,Regular,52,Create,Deployment,true
9.782780166,Regular,53,Create,ConfigMap,true
9.835910942,Regular,1,Update,Deployment,true
9.837195611,Regular,1,Delete,ConfigMap,true
9.83851174,Regular,1,Delete,Deployment,true
9.83969127,Regular,51,Create,Deployment,true
9.891477171,Regular,52,Create,ConfigMap,true
9.944296695,Regular,1,Update,Deployment,true
9.945873319,Regular,3,Delete,ConfigMap,true
9.949543898,Regular,1,Delete,Deployment,true
9.950665809,Regular,53,Create,Deployment,true
9.010784186,Regular,1,Update,Deployment,true
9.012153366,Regular,1,Delete,ConfigMap,true
9.013346071,Regular,1,Delete,Deployment,true
9.014443034,Regular,53,Create,Deployment,true
9.067884579,Regular,52,Create,ConfigMap,true
9.120023851,Regular,1,Update,Deployment,true
9.12149778,Regular,1,Delete,ConfigMap,true
9.122758353,Regular,3,Delete,Deployment,true
9.126026489,Regular,52,Create,Deployment,true
9.178184447,Regular,51,Create,ConfigMap,true
9.230115063,Regular,1,Update,Deployment,true
9.2313354,Regular,1,Delete,ConfigMap,true
9.232492938,Regular,1,Delete,Deployment,true
9.233772147,Regular,52,Create,Deployment,true
9.286145203,Regular,53,Create,ConfigMap,true
9.33955579,Regular,2,Update,Deployment,true
9.342203156,Regular,1,Delete,ConfigMap,true
9.343920046,Regular,1,Delete,Deployment,true
9.345503343,Regular,52,Create,Deployment,true
9.397514582,Regular,52,Create,ConfigMap,true
9.449738595,Regular,0,Update,Deployment,true
9.450742151,Regular,1,Delete,ConfigMap,true
9.451885432,Regular,1,Delete,Deployment,true
9.453049843,Regular,54,Create,Deployment,true
9.507213609,Regular,52,Create,ConfigMap,true
9.559660606,Regular,1,Update,Deployment,true
9.561041187,Regular,1,Delete,ConfigMap,true
9.562884668,Regular,3,Delete,Deployment,true
9.566807096,Regular,51,Create,Deployment,true
9.618614027,Regular,51,Create,ConfigMap,true
9.670136939,Regular,1,Update,Deployment,true
9.671192303,Regular,1,Delete,ConfigMap,true
9.672337548,Regular,1,Delete,Deployment,true
9.673462333,Regular,53,Create,Deployment,true
9.72712052,Regular,51,Create,ConfigMap,true
9.778877506,Regular,1,Update,Deployment,true
9.780857676,Regular,1,Delete,ConfigMap,true
9.782794103,Regular,3,Delete,Deployment,true
9.786613545,Regular,53,Create,Deployment,true
9.839956673,Regular,51,Create,ConfigMap,true
9.891721695,Regular,1,Update,Deployment,true
9.892910843,Regular,1,Delete,ConfigMap,true
9.894153623,Regular,1,Delete,Deployment,true
9.895313195,Regular,53,Create,Deployment,true
9.948469007,Regular,52,Create,ConfigMap,true
10.001454025,Regular,3,Update,Deployment,true
9.023874512,Regular,4,Update,Deployment,true
9.027923821,Regular,2,Delete,ConfigMap,true
9.030899792,Regular,1,Delete,Deployment,true
9.03243665,Regular,54,Create,Deployment,true
9.086618541,Regular,51,Create,ConfigMap,true
9.138109452,Regular,1,Update,Deployment,true
9.13926681,Regular,1,Delete,ConfigMap,true
9.140620831,Regular,1,Delete,Deployment,true
9.141950576,Regular,51,Create,Deployment,true
9.193885821,Regular,53,Create,ConfigMap,true
9.247758124,Regular,4,Update,Deployment,true
9.251969189,Regular,1,Delete,ConfigMap,true
9.253583915,Regular,1,Delete,Deployment,true
9.254975488,Regular,53,Create,Deployment,true
9.30834692,Regular,54,Create,ConfigMap,true
9.362572724,Regular,4,Update,Deployment,true
9.3669151,Regular,3,Delete,ConfigMap,true
9.370364409,Regular,3,Delete,Deployment,true
9.37348798,Regular,52,Create,Deployment,true
9.426266947,Regular,52,Create,ConfigMap,true
9.478844411,Regular,1,Update,Deployment,true
9.480042457,Regular,1,Delete,ConfigMap,true
9.481216556,Regular,1,Delete,Deployment,true
9.482343937,Regular,52,Create,Deployment,true
9.534580574,Regular,52,Create,ConfigMap,true
9.587286662,Regular,1,Update,Deployment,true
9.588670009,Regular,1,Delete,ConfigMap,true
9.589998902,Regular,1,Delete,Deployment,true
9.591230962000001,Regular,51,Create,Deployment,true
9.642970645,Regular,52,Create,ConfigMap,true
9.695744483,Regular,1,Update,Deployment,true
9.69711234,Regular,1,Delete,ConfigMap,true
9.698543837999999,Regular,1,Delete,Deployment,true
9.699930892,Regular,52,Create,Deployment,true
9.752927051,Regular,54,Create,ConfigMap,true
9.807521445,Regular,3,Update,Deployment,true
9.811374091,Regular,1,Delete,ConfigMap,true
9.812841317,Regular,1,Delete,Deployment,true
9.814078666,Regular,52,Create,Deployment,true
9.866827716,Regular,51,Create,ConfigMap,true
9.918513638,Regular,1,Update,Deployment,true
9.920014568,Regular,1,Delete,ConfigMap,true
9.921573909,Regular,1,Delete,Deployment,true
9.923139702,Regular,54,Create,Deployment,true
9.977182108000001,Regular,52,Create,ConfigMap,true
9.031348013,Regular,52,Create,Deployment,true
9.083936238,Regular,52,Create,ConfigMap,true
9.136526376,Regular,1,Update,Deployment,true
9.137934189,Regular,1,Delete,ConfigMap,true
9.139288411,Regular,1,Delete,Deployment,true
9.140640919,Regular,51,Create,Deployment,true
9.19258459,Regular,54,Create,ConfigMap,true
9.247340881,Regular,3,Update,Deployment,true
9.250985852,Regular,1,Delete,ConfigMap,true
9.252723772,Regular,1,Delete,Deployment,true
9.25421827,Regular,54,Create,Deployment,true
9.308656077,Regular,54,Create,ConfigMap,true
9.362685538,Regular,4,Update,Deployment,true
9.367134236,Regular,3,Delete,ConfigMap,true
9.370378466,Regular,3,Delete,Deployment,true
9.373723798,Regular,54,Create,Deployment,true
9.42778509,Regular,51,Create,ConfigMap,true
9.479585389,Regular,1,Update,Deployment,true
9.480953196,Regular,1,Delete,ConfigMap,true
9.482262873,Regular,2,Delete,Deployment,true
9.484355326,Regular,51,Create,Deployment,true
9.536205098,Regular,51,Create,ConfigMap,true
9.587958197,Regular,1,Update,Deployment,true
9.589250321,Regular,1,Delete,ConfigMap,true
9.590600825,Regular,1,Delete,Deployment,true
9.592093329,Regular,52,Create,Deployment,true
9.644221931,Regular,51,Create,ConfigMap,true
9.69599592,Regular,1,Update,Deployment,true
9.69738634,Regular,1,Delete,ConfigMap,true
9.698656171,Regular,1,Delete,Deployment,true
9.699928667,Regular,53,Create,Deployment,true
9.753270684,Regular,54,Create,ConfigMap,true
9.807877831999999,Regular,3,Update,Deployment,true
9.81121557,Regular,1,Delete,ConfigMap,true
9.812596842,Regular,1,Delete,Deployment,true
9.814364529,Regular,52,Create,Deployment,true
9.866382982,Regular,52,Create,ConfigMap,true
9.918502226,Regular,1,Update,Deployment,true
9.92005781,Regular,1,Delete,ConfigMap,true
9.92156426,Regular,1,Delete,Deployment,true
9.923113492,Regular,54,Create,Deployment,true
9.977179282,Regular,52,Create,ConfigMap,true
9.023895853,Regular,3,Update,Deployment,true
9.027871461,Regular,2,Delete,ConfigMap,true
9.030257302,Regular,2,Delete,Deployment,true
9.032464984,Regular,54,Create,Deployment,true
9.086546073,Regular,51,Create,ConfigMap,true
9.138156782,Regular,1,Update,Deployment,true
9.139290505,Regular,1,Delete,ConfigMap,true
9.14058349,Regular,1,Delete,Deployment,true
9.141740597,Regular,52,Create,Deployment,true
9.193918212,Regular,53,Create,ConfigMap,true
9.247884704,Regular,4,Update,Deployment,true
9.251970522,Regular,1,Delete,ConfigMap,true
9.253597351,Regular,1,Delete,Deployment,true
9.254968285,Regular,53,Create,Deployment,true
9.30833121,Regular,53,Create,ConfigMap,true
9.362187893,Regular,2,Update,Deployment,true
9.364381939,Regular,2,Delete,ConfigMap,true
9.3669151,Regular,3,Delete,Deployment,true
9.37051744,Regular,52,Create,Deployment,true
9.423331904,Regular,52,Create,ConfigMap,true
9.476266186,Regular,1,Update,Deployment,true
9.477402754,Regular,1,Delete,ConfigMap,true
9.478589738,Regular,1,Delete,Deployment,true
9.479823491,Regular,52,Create,Deployment,true
9.532149147,Regular,52,Create,ConfigMap,true
9.585025038,Regular,2,Update,Deployment,true
9.587189918,Regular,1,Delete,ConfigMap,true
9.588938228,Regular,1,Delete,Deployment,true
9.590368163,Regular,52,Create,Deployment,true
9.642786095,Regular,52,Create,ConfigMap,true
9.695431979,Regular,1,Update,Deployment,true
9.696863207,Regular,1,Delete,ConfigMap,true
9.69831345,Regular,1,Delete,Deployment,true
9.699658304,Regular,53,Create,Deployment,true
9.753254142,Regular,54,Create,ConfigMap,true
9.807863234,Regular,3,Update,Deployment,true
9.811544735,Regular,1,Delete,ConfigMap,true
9.812849131,Regular,1,Delete,Deployment,true
9.814349861,Regular,52,Create,Deployment,true
9.866826374,Regular,51,Create,ConfigMap,true
9.918507496,Regular,1,Update,Deployment,true
9.9203052,Regular,1,Delete,ConfigMap,true
9.92179075,Regular,2,Delete,Deployment,true
9.924777762,Regular,52,Create,Deployment,true
9.977544296,Regular,52,Create,ConfigMap,true
9.023823515,Regular,4,Update,Deployment,true
9.027871471,Regular,2,Delete,ConfigMap,true
9.030265608,Regular,1,Delete,Deployment,true
9.032199189,Regular,52,Create,Deployment,true
9.084288757,Regular,52,Create,ConfigMap,true
9.136526266,Regular,1,Update,Deployment,true
9.13767149,Regular,1,Delete,ConfigMap,true
9.138985185,Regular,1,Delete,Deployment,true
9.140317244,Regular,52,Create,Deployment,true
9.19258471,Regular,55,Create,ConfigMap,true
9.247621434,Regular,4,Update,Deployment,true
9.251941607,Regular,1,Delete,ConfigMap,true
9.253338229,Regular,1,Delete,Deployment,true
9.254629621,Regular,53,Create,Deployment,true
9.308335348,Regular,54,Create,ConfigMap,true
9.362651644,Regular,4,Update,Deployment,true
9.367052781,Regular,3,Delete,ConfigMap,true
9.370354561,Regular,3,Delete,Deployment,true
9.373765287,Regular,53,Create,Deployment,true
9.427576494,Regular,51,Create,ConfigMap,true
9.47933883,Regular,1,Update,Deployment,true
9.480657625,Regular,1,Delete,ConfigMap,true
9.481947293,Regular,1,Delete,Deployment,true
9.483372249,Regular,51,Create,Deployment,true
9.535018385,Regular,52,Create,ConfigMap,true
9.587547127,Regular,1,Update,Deployment,true
9.58897059,Regular,1,Delete,ConfigMap,true
9.59060364,Regular,1,Delete,Deployment,true
9.591858373,Regular,52,Create,Deployment,true
9.644524024999999,Regular,51,Create,ConfigMap,true
9.696332639,Regular,1,Update,Deployment,true
9.697473476,Regular,1,Delete,ConfigMap,true
9.698815464,Regular,1,Delete,Deployment,true
9.699953935,Regular,53,Create,Deployment,true
9.753170704,Regular,54,Create,ConfigMap,true
9.808006366,Regular,3,Update,Deployment,true
9.81123157,Regular,1,Delete,ConfigMap,true
9.812823984,Regular,1,Delete,Deployment,true
9.814318371,Regular,52,Create,Deployment,true
9.866810083,Regular,51,Create,ConfigMap,true
9.918456439,Regular,1,Update,Deployment,true
9.920027052,Regular,1,Delete,ConfigMap,true
9.921562196,Regular,3,Delete,Deployment,true
9.925207819,Regular,52,Create,Deployment,true
9.977498118,Regular,52,Create,ConfigMap,true
9.024007605,Regular,4,Update,Deployment,true
9.02854499,Regular,2,Delete,ConfigMap,true
9.031238595,Regular,1,Delete,Deployment,true
9.032490873,Regular,52,Create,Deployment,true
9.084540816,Regular,51,Create,ConfigMap,true
9.136513582,Regular,1,Update,Deployment,true
9.137960058,Regular,1,Delete,ConfigMap,true
9.139296696,Regular,1,Delete,Deployment,true
9.140561548,Regular,52,Create,Deployment,true
9.192606051,Regular,54,Create,ConfigMap,true
9.247605764,Regular,4,Update,Deployment,true
9.252103575,Regular,1,Delete,ConfigMap,true
9.253578816,Regular,1,Delete,Deployment,true
9.254902099,Regular,53,Create,Deployment,true
9.308331411,Regular,54,Create,ConfigMap,true
9.362794766,Regular,3,Update,Deployment,true
9.365938054,Regular,4,Delete,ConfigMap,true
9.370265862,Regular,3,Delete,Deployment,true
9.37376715,Regular,53,Create,Deployment,true
9.427524976,Regular,52,Create,ConfigMap,true
9.479584196,Regular,1,Update,Deployment,true
9.480925213,Regular,1,Delete,ConfigMap,true
9.482288962,Regular,1,Delete,Deployment,true
9.484144886,Regular,51,Create,Deployment,true
9.535983608,Regular,51,Create,ConfigMap,true
9.587892172,Regular,1,Update,Deployment,true
9.589238318,Regular,1,Delete,ConfigMap,true
9.590615052,Regular,1,Delete,Deployment,true
9.592081687,Regular,52,Create,Deployment,true
9.644467438,Regular,51,Create,ConfigMap,true
9.696168748,Regular,1,Update,Deployment,true
9.697403593,Regular,1,Delete,ConfigMap,true
9.698790356,Regular,1,Delete,Deployment,true
9.699981858,Regular,53,Create,Deployment,true
9.753174631,Regular,54,Create,ConfigMap,true
9.807938367,Regular,3,Update,Deployment,true
9.811445025,Regular,1,Delete,ConfigMap,true
9.812846897,Regular,1,Delete,Deployment,true
9.814334983,Regular,51,Create,Deployment,true
9.866327507,Regular,52,Create,ConfigMap,true
9.918456439,Regular,1,Update,Deployment,true
9.920280803,Regular,1,Delete,ConfigMap,true
9.921778116,Regular,2,Delete,Deployment,true
9.924269667,Regular,52,Create,Deployment,true
9.977265446,Regular,52,Create,ConfigMap,true
10.030093426,Regular,1,Update,Deployment,true
9.054901526,Regular,52,Create,ConfigMap,true
9.106951138,Regular,1,Update,Deployment,true
9.108475463,Regular,1,Delete,ConfigMap,true
9.109892654,Regular,1,Delete,Deployment,true
9.111105437,Regular,52,Create,Deployment,true
9.163240982,Regular,52,Create,ConfigMap,true
9.215505121,Regular,1,Update,Deployment,true
9.216635788,Regular,1,Delete,ConfigMap,true
9.217833062,Regular,1,Delete,Deployment,true
9.219041105,Regular,52,Create,Deployment,true
9.271410405,Regular,52,Create,ConfigMap,true
9.324410421,Regular,1,Update,Deployment,true
9.325937862,Regular,2,Delete,ConfigMap,true
9.328585469,Regular,1,Delete,Deployment,true
9.33041324,Regular,52,Create,Deployment,true
9.383381176,Regular,52,Create,ConfigMap,true
9.43634839,Regular,1,Update,Deployment,true
9.437777473,Regular,1,Delete,ConfigMap,true
9.439168475,Regular,1,Delete,Deployment,true
9.440469615,Regular,52,Create,Deployment,true
9.493171005,Regular,51,Create,ConfigMap,true
9.544961265,Regular,1,Update,Deployment,true
9.546876201,Regular,2,Delete,ConfigMap,true
9.549813929,Regular,1,Delete,Deployment,true
9.551591725,Regular,52,Create,Deployment,true
9.604447768,Regular,51,Create,ConfigMap,true
9.656321005,Regular,1,Update,Deployment,true
9.657479755,Regular,1,Delete,ConfigMap,true
9.65859361,Regular,1,Delete,Deployment,true
9.659768952,Regular,52,Create,Deployment,true
9.712420337,Regular,52,Create,ConfigMap,true
9.765301007,Regular,2,Update,Deployment,true
9.76784665,Regular,1,Delete,ConfigMap,true
9.769465815,Regular,1,Delete,Deployment,true
9.770974099,Regular,51,Create,Deployment,true
9.822911618,Regular,52,Create,ConfigMap,true
9.875828427,Regular,1,Update,Deployment,true
9.87728382,Regular,1,Delete,ConfigMap,true
9.879052078,Regular,1,Delete,Deployment,true
9.880295409,Regular,51,Create,Deployment,true
9.932156162,Regular,55,Create,ConfigMap,true
9.987509117,Regular,2,Update,Deployment,true
9.990325174,Regular,1,Delete,ConfigMap,true
9.99215077,Regular,1,Delete,Deployment,true
9.993806825,Regular,53,Create,Deployment,true
9.107427002,Regular,1,Update,Deployment,true
9.109360604,Regular,1,Delete,ConfigMap,true
9.110524063,Regular,1,Delete,Deployment,true
9.111675349,Regular,52,Create,Deployment,true
9.163905003,Regular,51,Create,ConfigMap,true
9.215769163,Regular,1,Update,Deployment,true
9.216848322,Regular,1,Delete,ConfigMap,true
9.218054342,Regular,1,Delete,Deployment,true
9.220021457,Regular,51,Create,Deployment,true
9.271844249,Regular,52,Create,ConfigMap,true
9.324406825,Regular,1,Update,Deployment,true
9.32619502,Regular,2,Delete,ConfigMap,true
9.328331156,Regular,2,Delete,Deployment,true
9.331166069,Regular,52,Create,Deployment,true
9.383870455,Regular,52,Create,ConfigMap,true
9.43634839,Regular,1,Update,Deployment,true
9.438022799,Regular,1,Delete,ConfigMap,true
9.43942949,Regular,1,Delete,Deployment,true
9.440776849,Regular,52,Create,Deployment,true
9.492924998,Regular,52,Create,ConfigMap,true
9.545229755,Regular,1,Update,Deployment,true
9.546631065,Regular,3,Delete,ConfigMap,true
9.549834458,Regular,1,Delete,Deployment,true
9.551311633,Regular,52,Create,Deployment,true
9.604168457,Regular,51,Create,ConfigMap,true
9.656097962,Regular,1,Update,Deployment,true
9.657241483,Regular,1,Delete,ConfigMap,true
9.658389121999999,Regular,1,Delete,Deployment,true
9.659520781,Regular,52,Create,Deployment,true
9.712155804,Regular,53,Create,ConfigMap,true
9.765552685,Regular,2,Update,Deployment,true
9.768162951,Regular,1,Delete,ConfigMap,true
9.769449344,Regular,1,Delete,Deployment,true
9.770691653,Regular,52,Create,Deployment,true
9.822836856,Regular,52,Create,ConfigMap,true
9.875509652,Regular,1,Update,Deployment,true
9.8769941,Regular,1,Delete,ConfigMap,true
9.878577597,Regular,1,Delete,Deployment,true
9.879972666,Regular,52,Create,Deployment,true
9.932377883000001,Regular,55,Create,ConfigMap,true
9.987788096,Regular,2,Update,Deployment,true
9.990248198,Regular,1,Delete,ConfigMap,true
9.991888642,Regular,2,Delete,Deployment,true
9.994064414,Regular,52,Create,Deployment,true
9.012357544,Regular,1,Delete,ConfigMap,true
9.013547273,Regular,1,Delete,Deployment,true
9.014682509,Regular,53,Create,Deployment,true
9.067787895,Regular,52,Create,ConfigMap,true
9.120305636,Regular,1,Update,Deployment,true
9.121747885,Regular,1,Delete,ConfigMap,true
9.122903759,Regular,3,Delete,Deployment,true
9.126043592,Regular,52,Create,Deployment,true
9.178406579,Regular,51,Create,ConfigMap,true
9.229908962,Regular,1,Update,Deployment,true
9.231110643,Regular,1,Delete,ConfigMap,true
9.232296996,Regular,1,Delete,Deployment,true
9.233491845,Regular,52,Create,Deployment,true
9.286247598,Regular,53,Create,ConfigMap,true
9.339554557,Regular,2,Update,Deployment,true
9.342103397,Regular,2,Delete,ConfigMap,true
9.344304296,Regular,3,Delete,Deployment,true
9.347320944,Regular,52,Create,Deployment,true
9.399831111,Regular,51,Create,ConfigMap,true
9.45128398,Regular,1,Update,Deployment,true
9.452372086,Regular,1,Delete,ConfigMap,true
9.453436307,Regular,1,Delete,Deployment,true
9.454505376,Regular,52,Create,Deployment,true
9.507193361,Regular,52,Create,ConfigMap,true
9.559421973,Regular,1,Update,Deployment,true
9.560841799,Regular,1,Delete,ConfigMap,true
9.562429934,Regular,2,Delete,Deployment,true
9.564641674,Regular,51,Create,Deployment,true
9.616543175,Regular,51,Create,ConfigMap,true
9.668454795,Regular,1,Update,Deployment,true
9.669574611,Regular,1,Delete,ConfigMap,true
9.67080104,Regular,1,Delete,Deployment,true
9.672024744,Regular,52,Create,Deployment,true
9.724339599,Regular,52,Create,ConfigMap,true
9.777318536,Regular,1,Update,Deployment,true
9.778594038,Regular,1,Delete,ConfigMap,true
9.780590859,Regular,2,Delete,Deployment,true
9.782736794,Regular,53,Create,Deployment,true
9.836170775,Regular,52,Create,ConfigMap,true
9.888549903,Regular,1,Update,Deployment,true
9.8897861,Regular,1,Delete,ConfigMap,true
9.890942285,Regular,1,Delete,Deployment,true
9.892122055,Regular,52,Create,Deployment,true
9.94429932,Regular,52,Create,ConfigMap,true
9.996735676,Regular,1,Update,Deployment,true
9.99834366,Regular,1,Delete,ConfigMap,true
10.000087391,Regular,3,Delete,Deployment,true
10.003898547,Regular,52,Create,Deployment,true
10.003741108,Regular,52,Create,ConfigMap,true
10.056588675,Regular,1,Update,Deployment,true
10.030089278,Regular,1,Update,Deployment,true
10.031509285,Regular,1,Delete,ConfigMap,true
10.032684135,Regular,1,Delete,Deployment,true
10.034099262,Regular,52,Create,Deployment,true
10.086603969,Regular,52,Create,ConfigMap,true
