start_time,role,duration_ms,operation,resource,is_error
0.002174279,Regular,65,Create,Deployment,true
0.002145936,Regular,65,Create,Deployment,true
0.002466181,Regular,65,Create,Deployment,true
0.002495356,Regular,65,Create,Deployment,true
0.068210089,Regular,54,Create,ConfigMap,true
0.123013671,Regular,4,Update,Deployment,true
0.127035042,Regular,5,Delete,ConfigMap,true
0.132404659,Regular,2,Delete,Deployment,true
0.134749942,Regular,54,Create,Deployment,true
0.188839996,Regular,52,Create,ConfigMap,true
0.241280101,Regular,4,Update,Deployment,true
0.245513702,Regular,8,Delete,ConfigMap,true
0.253844386,Regular,2,Delete,Deployment,true
0.256684454,Regular,54,Create,Deployment,true
0.311209841,Regular,55,Create,ConfigMap,true
0.366740126,Regular,2,Update,Deployment,true
0.369418799,Regular,7,Delete,ConfigMap,true
0.376500753,Regular,3,Delete,Deployment,true
0.379987402,Regular,54,Create,Deployment,true
0.434483453,Regular,52,Create,ConfigMap,true
0.486928338,Regular,1,Update,Deployment,true
0.488697842,Regular,1,Delete,ConfigMap,true
0.490413956,Regular,2,Delete,Deployment,true
0.492519465,Regular,53,Create,Deployment,true
0.54619755,Regular,52,Create,ConfigMap,true
0.598382444,Regular,1,Update,Deployment,true
0.600021852,Regular,1,Delete,ConfigMap,true
0.601962028,Regular,4,Delete,Deployment,true
0.605976315,Regular,53,Create,Deployment,true
0.659036152,Regular,53,Create,ConfigMap,true
0.712461059,Regular,1,Update,Deployment,true
0.714183895,Regular,1,Delete,ConfigMap,true
0.7160648,Regular,1,Delete,Deployment,true
0.717832851,Regular,52,Create,Deployment,true
0.770626685,Regular,52,Create,ConfigMap,true
0.823536108,Regular,4,Update,Deployment,true
0.828527481,Regular,2,Delete,ConfigMap,true
0.831321351,Regular,1,Delete,Deployment,true
0.832699726,Regular,58,Create,Deployment,true
0.890907682,Regular,54,Create,ConfigMap,true
0.945339112,Regular,5,Update,Deployment,true
0.950904029,Regular,2,Delete,ConfigMap,true
0.952936099,Regular,1,Delete,Deployment,true
0.954700103,Regular,53,Create,Deployment,true
0.002499223,Regular,65,Create,Deployment,true
0.067789845,Regular,55,Create,ConfigMap,true
0.123025393,Regular,4,Update,Deployment,true
0.127320391,Regular,3,Delete,ConfigMap,true
0.13086499,Regular,2,Delete,Deployment,true
0.13334143,Regular,53,Create,Deployment,true
0.186819828,Regular,54,Create,ConfigMap,true
0.241351015,Regular,3,Update,Deployment,true
0.244763815,Regular,8,Delete,ConfigMap,true
0.253132732,Regular,3,Delete,Deployment,true
0.256713789,Regular,54,Create,Deployment,true
0.311005214,Regular,55,Create,ConfigMap,true
0.366642311,Regular,4,Update,Deployment,true
0.371545197,Regular,5,Delete,ConfigMap,true
0.376788296,Regular,2,Delete,Deployment,true
0.378874168,Regular,53,Create,Deployment,true
0.432656561,Regular,53,Create,ConfigMap,true
0.486648229,Regular,1,Update,Deployment,true
0.488076899,Regular,1,Delete,ConfigMap,true
0.489755591,Regular,1,Delete,Deployment,true
0.491319196,Regular,53,Create,Deployment,true
0.544337956,Regular,53,Create,ConfigMap,true
0.598010531,Regular,1,Update,Deployment,true
0.599690065,Regular,1,Delete,ConfigMap,true
0.601573735,Regular,5,Delete,Deployment,true
0.607181242,Regular,53,Create,Deployment,true
0.660296995,Regular,52,Create,ConfigMap,true
0.712456951,Regular,2,Update,Deployment,true
0.714862347,Regular,2,Delete,ConfigMap,true
0.717007241,Regular,2,Delete,Deployment,true
0.71903344,Regular,52,Create,Deployment,true
0.771085051,Regular,53,Create,ConfigMap,true
0.824745263,Regular,3,Update,Deployment,true
0.828488107,Regular,2,Delete,ConfigMap,true
0.831119059,Regular,1,Delete,Deployment,true
0.832735133,Regular,58,Create,Deployment,true
0.891283182,Regular,53,Create,ConfigMap,true
0.9447035,Regular,3,Update,Deployment,true
0.948668864,Regular,2,Delete,ConfigMap,true
0.951473545,Regular,3,Delete,Deployment,true
0.954952049,Regular,53,Create,Deployment,true
0.002495336,Regular,65,Create,Deployment,true
0.067909561,Regular,55,Create,ConfigMap,true
0.123025193,Regular,4,Update,Deployment,true
0.127037937,Regular,3,Delete,ConfigMap,true
0.130687765,Regular,2,Delete,Deployment,true
0.133353392,Regular,53,Create,Deployment,true
0.186800241,Regular,54,Create,ConfigMap,true
0.241298396,Regular,3,Update,Deployment,true
0.244747194,Regular,8,Delete,ConfigMap,true
0.253587231,Regular,3,Delete,Deployment,true
0.256647704,Regular,54,Create,Deployment,true
0.310921496,Regular,55,Create,ConfigMap,true
0.366291288,Regular,6,Update,Deployment,true
0.372387269,Regular,4,Delete,ConfigMap,true
0.376756787,Regular,3,Delete,Deployment,true
0.380405252,Regular,53,Create,Deployment,true
0.434167977,Regular,52,Create,ConfigMap,true
0.487111965,Regular,1,Update,Deployment,true
0.488757555,Regular,1,Delete,ConfigMap,true
0.490394559,Regular,1,Delete,Deployment,true
0.492076057,Regular,52,Create,Deployment,true
0.54454667,Regular,53,Create,ConfigMap,true
0.598408202,Regular,1,Update,Deployment,true
0.600117352,Regular,3,Delete,ConfigMap,true
0.603200179,Regular,3,Delete,Deployment,true
0.607150224,Regular,53,Create,Deployment,true
0.660247732,Regular,52,Create,ConfigMap,true
0.7129589,Regular,1,Update,Deployment,true
0.714897824,Regular,1,Delete,ConfigMap,true
0.716734345,Regular,2,Delete,Deployment,true
0.718953098,Regular,52,Create,Deployment,true
0.771094199,Regular,53,Create,ConfigMap,true
0.824662076,Regular,4,Update,Deployment,true
0.828678887,Regular,2,Delete,ConfigMap,true
0.83114065,Regular,1,Delete,Deployment,true
0.832687022,Regular,58,Create,Deployment,true
0.890961935,Regular,54,Create,ConfigMap,true
0.945336677,Regular,3,Update,Deployment,true
0.948648746,Regular,2,Delete,ConfigMap,true
0.951358057,Regular,2,Delete,Deployment,true
0.953403302,Regular,54,Create,Deployment,true
0.002474416,Regular,65,Create,Deployment,true
0.067807308,Regular,54,Create,ConfigMap,true
0.122354476,Regular,4,Update,Deployment,true
0.126388439,Regular,6,Delete,ConfigMap,true
0.132404228,Regular,2,Delete,Deployment,true
0.134815496,Regular,53,Create,Deployment,true
0.188581407,Regular,52,Create,ConfigMap,true
0.241327962,Regular,3,Update,Deployment,true
0.244653567,Regular,2,Delete,ConfigMap,true
0.247576661,Regular,6,Delete,Deployment,true
0.253938264,Regular,55,Create,Deployment,true
0.309255677,Regular,54,Create,ConfigMap,true
0.363877677,Regular,4,Update,Deployment,true
0.368400104,Regular,7,Delete,ConfigMap,true
0.376397528,Regular,3,Delete,Deployment,true
0.379905898,Regular,54,Create,Deployment,true
0.43421179,Regular,53,Create,ConfigMap,true
0.487251028,Regular,1,Update,Deployment,true
0.488795407,Regular,1,Delete,ConfigMap,true
0.490346047,Regular,1,Delete,Deployment,true
0.492017436,Regular,52,Create,Deployment,true
0.544659964,Regular,53,Create,ConfigMap,true
0.598349211,Regular,1,Update,Deployment,true
0.600319264,Regular,2,Delete,ConfigMap,true
0.60261914,Regular,4,Delete,Deployment,true
0.607100199,Regular,53,Create,Deployment,true
0.660244465,Regular,52,Create,ConfigMap,true
0.712951005,Regular,1,Update,Deployment,true
0.71487428,Regular,2,Delete,ConfigMap,true
0.717171261,Regular,1,Delete,Deployment,true
0.719134371,Regular,51,Create,Deployment,true
0.771062639,Regular,53,Create,ConfigMap,true
0.8246537,Regular,3,Update,Deployment,true
0.82851121,Regular,2,Delete,ConfigMap,true
0.831301684,Regular,1,Delete,Deployment,true
0.832757034,Regular,58,Create,Deployment,true
0.890960342,Regular,54,Create,ConfigMap,true
0.945347578,Regular,3,Update,Deployment,true
0.948558556,Regular,2,Delete,ConfigMap,true
0.951407921,Regular,3,Delete,Deployment,true
0.954940647,Regular,53,Create,Deployment,true
0.067765779,Regular,53,Create,ConfigMap,true
0.121643011,Regular,3,Update,Deployment,true
0.125289913,Regular,3,Delete,ConfigMap,true
0.128471356,Regular,3,Delete,Deployment,true
0.131749591,Regular,52,Create,Deployment,true
0.18443971,Regular,52,Create,ConfigMap,true
0.237288037,Regular,3,Update,Deployment,true
0.240703712,Regular,2,Delete,ConfigMap,true
0.242754067,Regular,2,Delete,Deployment,true
0.245310659,Regular,55,Create,Deployment,true
0.300677015,Regular,54,Create,ConfigMap,true
0.355073308,Regular,1,Update,Deployment,true
0.357057577,Regular,1,Delete,ConfigMap,true
0.358997734,Regular,1,Delete,Deployment,true
0.360951356,Regular,52,Create,Deployment,true
0.413766821,Regular,52,Create,ConfigMap,true
0.46635642,Regular,1,Update,Deployment,true
0.467801982,Regular,1,Delete,ConfigMap,true
0.469411814,Regular,1,Delete,Deployment,true
0.470882493,Regular,52,Create,Deployment,true
0.523296951,Regular,52,Create,ConfigMap,true
0.57562265,Regular,1,Update,Deployment,true
0.577096816,Regular,1,Delete,ConfigMap,true
0.578813841,Regular,1,Delete,Deployment,true
0.580536988,Regular,52,Create,Deployment,true
0.633201227,Regular,52,Create,ConfigMap,true
0.686119416,Regular,1,Update,Deployment,true
0.687246126,Regular,1,Delete,ConfigMap,true
0.688369018,Regular,1,Delete,Deployment,true
0.689454439,Regular,53,Create,Deployment,true
0.742523393,Regular,52,Create,ConfigMap,true
0.795326705,Regular,1,Update,Deployment,true
0.796484824,Regular,1,Delete,ConfigMap,true
0.797628425,Regular,1,Delete,Deployment,true
0.798661548,Regular,52,Create,Deployment,true
0.851292324,Regular,52,Create,ConfigMap,true
0.903851785,Regular,3,Update,Deployment,true
0.907678417,Regular,1,Delete,ConfigMap,true
0.909256099,Regular,1,Delete,Deployment,true
0.910450145,Regular,52,Create,Deployment,true
0.962965554,Regular,52,Create,ConfigMap,true
0.002181723,Regular,66,Create,Deployment,true
0.068312192,Regular,55,Create,ConfigMap,true
0.124019242,Regular,3,Update,Deployment,true
0.127722721,Regular,2,Delete,ConfigMap,true
0.130359595,Regular,2,Delete,Deployment,true
0.133254656,Regular,53,Create,Deployment,true
0.187060452,Regular,54,Create,ConfigMap,true
0.241199379,Regular,2,Update,Deployment,true
0.243751191,Regular,3,Delete,ConfigMap,true
0.247168239,Regular,3,Delete,Deployment,true
0.250796586,Regular,53,Create,Deployment,true
0.304592184,Regular,52,Create,ConfigMap,true
0.356801463,Regular,1,Update,Deployment,true
0.358743985,Regular,1,Delete,ConfigMap,true
0.360649586,Regular,3,Delete,Deployment,true
0.36433983,Regular,53,Create,Deployment,true
0.417638969,Regular,52,Create,ConfigMap,true
0.469701672,Regular,1,Update,Deployment,true
0.471242153,Regular,1,Delete,ConfigMap,true
0.472540968,Regular,1,Delete,Deployment,true
0.473765081,Regular,52,Create,Deployment,true
0.526197242,Regular,52,Create,ConfigMap,true
0.579103138,Regular,1,Update,Deployment,true
0.580841473,Regular,1,Delete,ConfigMap,true
0.582462387,Regular,3,Delete,Deployment,true
0.585661523,Regular,53,Create,Deployment,true
0.639138327,Regular,51,Create,ConfigMap,true
0.690858743,Regular,0,Update,Deployment,true
0.691859094,Regular,1,Delete,ConfigMap,true
0.692923936,Regular,1,Delete,Deployment,true
0.694075693,Regular,55,Create,Deployment,true
0.750011174,Regular,53,Create,ConfigMap,true
0.803716872,Regular,2,Update,Deployment,true
0.806535739,Regular,2,Delete,ConfigMap,true
0.809522594,Regular,3,Delete,Deployment,true
0.813101117,Regular,54,Create,Deployment,true
0.867780294,Regular,53,Create,ConfigMap,true
0.92101404,Regular,2,Update,Deployment,true
0.923146891,Regular,3,Delete,ConfigMap,true
0.926354844,Regular,1,Delete,Deployment,true
0.928189411,Regular,52,Create,Deployment,true
0.980421864,Regular,53,Create,ConfigMap,true
1.033520083,Regular,1,Update,Deployment,true
1.03494705,Regular,1,Delete,ConfigMap,true
1.036502169,Regular,2,Delete,Deployment,true
0.067813269,Regular,54,Create,ConfigMap,true
0.122239448,Regular,5,Update,Deployment,true
0.127320381,Regular,3,Delete,ConfigMap,true
0.130783305,Regular,2,Delete,Deployment,true
0.133411973,Regular,53,Create,Deployment,true
0.186899939,Regular,54,Create,ConfigMap,true
0.241079342,Regular,3,Update,Deployment,true
0.244703581,Regular,2,Delete,ConfigMap,true
0.247608541,Regular,5,Delete,Deployment,true
0.253531235,Regular,55,Create,Deployment,true
0.309368701,Regular,54,Create,ConfigMap,true
0.36395872,Regular,5,Update,Deployment,true
0.369406816,Regular,7,Delete,ConfigMap,true
0.376422996,Regular,3,Delete,Deployment,true
0.379499691,Regular,53,Create,Deployment,true
0.432717296,Regular,53,Create,ConfigMap,true
0.486655593,Regular,1,Update,Deployment,true
0.488401803,Regular,1,Delete,ConfigMap,true
0.490036051,Regular,1,Delete,Deployment,true
0.491721066,Regular,52,Create,Deployment,true
0.544423688,Regular,53,Create,ConfigMap,true
0.59835954,Regular,1,Update,Deployment,true
0.60027497,Regular,2,Delete,ConfigMap,true
0.603217261,Regular,4,Delete,Deployment,true
0.607390438,Regular,52,Create,Deployment,true
0.659930592,Regular,52,Create,ConfigMap,true
0.712004266,Regular,1,Update,Deployment,true
0.713873669,Regular,1,Delete,ConfigMap,true
0.715824385,Regular,1,Delete,Deployment,true
0.717499902,Regular,52,Create,Deployment,true
0.770328362,Regular,53,Create,ConfigMap,true
0.823594168,Regular,4,Update,Deployment,true
0.82853756,Regular,2,Delete,ConfigMap,true
0.831083732,Regular,1,Delete,Deployment,true
0.832735143,Regular,58,Create,Deployment,true
0.890934944,Regular,54,Create,ConfigMap,true
0.945352767,Regular,3,Update,Deployment,true
0.948663013,Regular,2,Delete,ConfigMap,true
0.951332729,Regular,3,Delete,Deployment,true
0.954993968,Regular,53,Create,Deployment,true
1.008227243,Regular,55,Create,ConfigMap,true
0.002154963,Regular,65,Create,Deployment,true
0.068129296,Regular,54,Create,ConfigMap,true
0.122266519,Regular,4,Update,Deployment,true
0.127001077,Regular,5,Delete,ConfigMap,true
0.132324358,Regular,2,Delete,Deployment,true
0.134351419,Regular,52,Create,Deployment,true
0.187021158,Regular,54,Create,ConfigMap,true
0.241379639,Regular,3,Update,Deployment,true
0.244990714,Regular,8,Delete,ConfigMap,true
0.253614632,Regular,3,Delete,Deployment,true
0.256633287,Regular,54,Create,Deployment,true
0.31139978,Regular,58,Create,ConfigMap,true
0.369556269,Regular,6,Update,Deployment,true
0.376063206,Regular,2,Delete,ConfigMap,true
0.378284955,Regular,2,Delete,Deployment,true
0.380770232,Regular,53,Create,Deployment,true
0.434366031,Regular,52,Create,ConfigMap,true
0.487245708,Regular,1,Update,Deployment,true
0.488787672,Regular,1,Delete,ConfigMap,true
0.490355305,Regular,2,Delete,Deployment,true
0.492812959,Regular,53,Create,Deployment,true
0.546160841,Regular,52,Create,ConfigMap,true
0.5983541,Regular,1,Update,Deployment,true
0.600310708,Regular,2,Delete,ConfigMap,true
0.602911884,Regular,4,Delete,Deployment,true
0.607012584,Regular,53,Create,Deployment,true
0.660266848,Regular,52,Create,ConfigMap,true
0.713220654,Regular,1,Update,Deployment,true
0.715162124,Regular,1,Delete,ConfigMap,true
0.716968467,Regular,1,Delete,Deployment,true
0.718708155,Regular,51,Create,Deployment,true
0.770617839,Regular,52,Create,ConfigMap,true
0.823569782,Regular,4,Update,Deployment,true
0.828501382,Regular,2,Delete,ConfigMap,true
0.83130503,Regular,1,Delete,Deployment,true
0.832710066,Regular,58,Create,Deployment,true
0.890775422,Regular,54,Create,ConfigMap,true
0.945384798,Regular,3,Update,Deployment,true
0.948553306,Regular,3,Delete,ConfigMap,true
0.951734648,Regular,3,Delete,Deployment,true
0.954992395,Regular,52,Create,Deployment,true
1.007887902,Regular,55,Create,ConfigMap,true
0.068431638,Regular,53,Create,ConfigMap,true
0.122251701,Regular,4,Update,Deployment,true
0.126712392,Regular,5,Delete,ConfigMap,true
0.132538302,Regular,2,Delete,Deployment,true
0.134746105,Regular,52,Create,Deployment,true
0.187333879,Regular,54,Create,ConfigMap,true
0.241674056,Regular,3,Update,Deployment,true
0.244703231,Regular,4,Delete,ConfigMap,true
0.248863062,Regular,5,Delete,Deployment,true
0.254260753,Regular,54,Create,Deployment,true
0.30866966,Regular,55,Create,ConfigMap,true
0.363893096,Regular,5,Update,Deployment,true
0.369490735,Regular,7,Delete,ConfigMap,true
0.377062434,Regular,2,Delete,Deployment,true
0.379804056,Regular,54,Create,Deployment,true
0.433855266,Regular,52,Create,ConfigMap,true
0.486549312,Regular,1,Update,Deployment,true
0.488405911,Regular,1,Delete,ConfigMap,true
0.490065958,Regular,1,Delete,Deployment,true
0.492033927,Regular,52,Create,Deployment,true
0.544587187,Regular,53,Create,ConfigMap,true
0.598385349,Regular,1,Update,Deployment,true
0.600348489,Regular,2,Delete,ConfigMap,true
0.602932473,Regular,4,Delete,Deployment,true
0.607341175,Regular,52,Create,Deployment,true
0.660274272,Regular,52,Create,ConfigMap,true
0.712953009,Regular,1,Update,Deployment,true
0.714925436,Regular,1,Delete,ConfigMap,true
0.716745977,Regular,2,Delete,Deployment,true
0.718974248,Regular,52,Create,Deployment,true
0.770986115,Regular,53,Create,ConfigMap,true
0.824652157,Regular,4,Update,Deployment,true
0.828663198,Regular,2,Delete,ConfigMap,true
0.831257741,Regular,1,Delete,Deployment,true
0.832699726,Regular,55,Create,Deployment,true
0.888602406,Regular,53,Create,ConfigMap,true
0.941771118,Regular,3,Update,Deployment,true
0.94493071,Regular,4,Delete,ConfigMap,true
0.949223663,Regular,3,Delete,Deployment,true
0.952484435,Regular,55,Create,Deployment,true
1.008243864,Regular,55,Create,ConfigMap,true
0.002306218,Regular,65,Create,Deployment,true
0.068188027,Regular,53,Create,ConfigMap,true
0.121945463,Regular,5,Update,Deployment,true
0.127067874,Regular,5,Delete,ConfigMap,true
0.132587375,Regular,2,Delete,Deployment,true
0.134742267,Regular,52,Create,Deployment,true
0.187361131,Regular,53,Create,ConfigMap,true
0.241359872,Regular,4,Update,Deployment,true
0.245654679,Regular,8,Delete,ConfigMap,true
0.253929698,Regular,2,Delete,Deployment,true
0.256337769,Regular,55,Create,Deployment,true
0.311429215,Regular,55,Create,ConfigMap,true
0.366669713,Regular,2,Update,Deployment,true
0.369078536,Regular,5,Delete,ConfigMap,true
0.374687506,Regular,3,Delete,Deployment,true
0.377769631,Regular,54,Create,Deployment,true
0.43226447,Regular,54,Create,ConfigMap,true
0.486550775,Regular,1,Update,Deployment,true
0.488407814,Regular,1,Delete,ConfigMap,true
0.490052262,Regular,1,Delete,Deployment,true
0.491822217,Regular,52,Create,Deployment,true
0.544325552,Regular,54,Create,ConfigMap,true
0.598410967,Regular,1,Update,Deployment,true
0.600302232,Regular,2,Delete,ConfigMap,true
0.602960576,Regular,4,Delete,Deployment,true
0.607257627,Regular,52,Create,Deployment,true
0.66026255,Regular,52,Create,ConfigMap,true
0.713220464,Regular,1,Update,Deployment,true
0.715130965,Regular,2,Delete,ConfigMap,true
0.717237476,Regular,1,Delete,Deployment,true
0.719083605,Regular,51,Create,Deployment,true
0.77079319,Regular,52,Create,ConfigMap,true
0.823603215,Regular,4,Update,Deployment,true
0.828431069,Regular,2,Delete,ConfigMap,true
0.830831035,Regular,1,Delete,Deployment,true
0.832390251,Regular,58,Create,Deployment,true
0.890754292,Regular,53,Create,ConfigMap,true
0.944706997,Regular,4,Update,Deployment,true
0.948856499,Regular,3,Delete,ConfigMap,true
0.952010029,Regular,2,Delete,Deployment,true
0.954955325,Regular,53,Create,Deployment,true
1.008243854,Regular,55,Create,ConfigMap,true
1.0634822879999999,Regular,5,Update,Deployment,true
1.069141895,Regular,1,Delete,ConfigMap,true
1.070677647,Regular,1,Delete,Deployment,true
1.015759007,Regular,2,Update,Deployment,true
1.0184117,Regular,2,Delete,ConfigMap,true
1.02107313,Regular,2,Delete,Deployment,true
1.023542096,Regular,52,Create,Deployment,true
1.076300463,Regular,52,Create,ConfigMap,true
1.128325404,Regular,1,Update,Deployment,true
1.1297775190000001,Regular,1,Delete,ConfigMap,true
1.130936529,Regular,1,Delete,Deployment,true
1.132081152,Regular,53,Create,Deployment,true
1.185469651,Regular,53,Create,ConfigMap,true
1.238538404,Regular,1,Update,Deployment,true
1.239874008,Regular,2,Delete,ConfigMap,true
1.241983776,Regular,3,Delete,Deployment,true
1.245664582,Regular,53,Create,Deployment,true
1.298675005,Regular,52,Create,ConfigMap,true
1.351514917,Regular,1,Update,Deployment,true
1.352991858,Regular,1,Delete,ConfigMap,true
1.354287667,Regular,1,Delete,Deployment,true
1.355513173,Regular,52,Create,Deployment,true
1.407758591,Regular,53,Create,ConfigMap,true
1.461016432,Regular,1,Update,Deployment,true
1.462522308,Regular,2,Delete,ConfigMap,true
1.4645972999999999,Regular,4,Delete,Deployment,true
1.469178407,Regular,52,Create,Deployment,true
1.521280554,Regular,52,Create,ConfigMap,true
1.5738782580000001,Regular,1,Update,Deployment,true
1.575875763,Regular,3,Delete,ConfigMap,true
1.5797581200000002,Regular,1,Delete,Deployment,true
1.581199474,Regular,52,Create,Deployment,true
1.6335498400000001,Regular,55,Create,ConfigMap,true
1.689097108,Regular,2,Update,Deployment,true
1.6912800940000001,Regular,3,Delete,ConfigMap,true
1.694841174,Regular,4,Delete,Deployment,true
1.69908265,Regular,62,Create,Deployment,true
1.762032608,Regular,64,Create,ConfigMap,true
1.827014226,Regular,3,Update,Deployment,true
1.830420072,Regular,3,Delete,ConfigMap,true
1.833532515,Regular,2,Delete,Deployment,true
1.8356186970000001,Regular,51,Create,Deployment,true
1.88752819,Regular,53,Create,ConfigMap,true
1.940717612,Regular,1,Update,Deployment,true
1.942655314,Regular,1,Delete,ConfigMap,true
1.94422991,Regular,2,Delete,Deployment,true
1.94632021,Regular,52,Create,Deployment,true
1.99863548,Regular,53,Create,ConfigMap,true
1.072341832,Regular,55,Create,Deployment,true
1.128043882,Regular,51,Create,ConfigMap,true
1.180023899,Regular,1,Update,Deployment,true
1.181883092,Regular,3,Delete,ConfigMap,true
1.1854792490000001,Regular,3,Delete,Deployment,true
1.188635734,Regular,52,Create,Deployment,true
1.241056032,Regular,53,Create,ConfigMap,true
1.2945407420000001,Regular,1,Update,Deployment,true
1.2957785720000001,Regular,1,Delete,ConfigMap,true
1.297134925,Regular,1,Delete,Deployment,true
1.298361954,Regular,53,Create,Deployment,true
1.3514444540000001,Regular,52,Create,ConfigMap,true
1.404294384,Regular,3,Update,Deployment,true
1.407561308,Regular,2,Delete,ConfigMap,true
1.409898946,Regular,1,Delete,Deployment,true
1.411400604,Regular,53,Create,Deployment,true
1.465278667,Regular,51,Create,ConfigMap,true
1.5170439980000001,Regular,1,Update,Deployment,true
1.518747738,Regular,1,Delete,ConfigMap,true
1.520655633,Regular,1,Delete,Deployment,true
1.5225891169999999,Regular,53,Create,Deployment,true
1.576163357,Regular,52,Create,ConfigMap,true
1.628483235,Regular,1,Update,Deployment,true
1.630003919,Regular,1,Delete,ConfigMap,true
1.631875827,Regular,1,Delete,Deployment,true
1.633540934,Regular,55,Create,Deployment,true
1.6892147400000002,Regular,56,Create,ConfigMap,true
1.74573081,Regular,9,Update,Deployment,true
1.755273845,Regular,10,Delete,ConfigMap,true
1.7660676039999998,Regular,5,Delete,Deployment,true
1.771317615,Regular,57,Create,Deployment,true
1.8290656730000001,Regular,52,Create,ConfigMap,true
1.881709804,Regular,3,Update,Deployment,true
1.8853697010000001,Regular,2,Delete,ConfigMap,true
1.887476923,Regular,1,Delete,Deployment,true
1.889235707,Regular,51,Create,Deployment,true
1.9411077890000001,Regular,52,Create,ConfigMap,true
1.9939471100000001,Regular,1,Update,Deployment,true
1.995329111,Regular,2,Delete,ConfigMap,true
1.997697768,Regular,1,Delete,Deployment,true
1.9996748439999998,Regular,52,Create,Deployment,true
1.008311021,Regular,54,Create,ConfigMap,true
1.063177022,Regular,1,Update,Deployment,true
1.064668641,Regular,4,Delete,ConfigMap,true
1.069184395,Regular,1,Delete,Deployment,true
1.070564924,Regular,53,Create,Deployment,true
1.124460009,Regular,52,Create,ConfigMap,true
1.176887331,Regular,1,Update,Deployment,true
1.178520377,Regular,1,Delete,ConfigMap,true
1.180025572,Regular,2,Delete,Deployment,true
1.1821252,Regular,54,Create,Deployment,true
1.236703296,Regular,53,Create,ConfigMap,true
1.289951399,Regular,1,Update,Deployment,true
1.291557975,Regular,2,Delete,ConfigMap,true
1.294494244,Regular,1,Delete,Deployment,true
1.296075503,Regular,54,Create,Deployment,true
1.350972833,Regular,53,Create,ConfigMap,true
1.404308671,Regular,3,Update,Deployment,true
1.4075417510000001,Regular,2,Delete,ConfigMap,true
1.409601304,Regular,1,Delete,Deployment,true
1.411127448,Regular,52,Create,Deployment,true
1.4636459720000001,Regular,52,Create,ConfigMap,true
1.5166276010000002,Regular,1,Update,Deployment,true
1.518120983,Regular,1,Delete,ConfigMap,true
1.519605418,Regular,1,Delete,Deployment,true
1.520991057,Regular,52,Create,Deployment,true
1.573050764,Regular,53,Create,ConfigMap,true
1.626406901,Regular,1,Update,Deployment,true
1.628006083,Regular,1,Delete,ConfigMap,true
1.629443019,Regular,1,Delete,Deployment,true
1.631137271,Regular,54,Create,Deployment,true
1.685439015,Regular,53,Create,ConfigMap,true
1.738811002,Regular,1,Update,Deployment,true
1.740560318,Regular,5,Delete,ConfigMap,true
1.746287852,Regular,12,Delete,Deployment,true
1.758474544,Regular,62,Create,Deployment,true
1.821024887,Regular,59,Create,ConfigMap,true
1.880314377,Regular,2,Update,Deployment,true
1.882874024,Regular,4,Delete,ConfigMap,true
1.887228694,Regular,1,Delete,Deployment,true
1.8892265,Regular,51,Create,Deployment,true
1.9412084699999999,Regular,52,Create,ConfigMap,true
1.993933734,Regular,1,Update,Deployment,true
1.995638205,Regular,2,Delete,ConfigMap,true
1.998511836,Regular,1,Delete,Deployment,true
2.000177855,Regular,51,Create,Deployment,true
1.008557838,Regular,54,Create,ConfigMap,true
1.063452001,Regular,5,Update,Deployment,true
1.069168355,Regular,1,Delete,ConfigMap,true
1.070803014,Regular,1,Delete,Deployment,true
1.072340419,Regular,53,Create,Deployment,true
1.1260336340000001,Regular,52,Create,ConfigMap,true
1.178512983,Regular,1,Update,Deployment,true
1.180107366,Regular,2,Delete,ConfigMap,true
1.182256548,Regular,3,Delete,Deployment,true
1.185480541,Regular,52,Create,Deployment,true
1.238279455,Regular,51,Create,ConfigMap,true
1.290273678,Regular,1,Update,Deployment,true
1.29155003,Regular,2,Delete,ConfigMap,true
1.29452897,Regular,1,Delete,Deployment,true
1.296039926,Regular,55,Create,Deployment,true
1.351360936,Regular,52,Create,ConfigMap,true
1.40431349,Regular,3,Update,Deployment,true
1.407711813,Regular,2,Delete,ConfigMap,true
1.409867146,Regular,1,Delete,Deployment,true
1.41145681,Regular,52,Create,Deployment,true
1.463921993,Regular,52,Create,ConfigMap,true
1.5166000290000001,Regular,1,Update,Deployment,true
1.5181046519999999,Regular,1,Delete,ConfigMap,true
1.519933268,Regular,1,Delete,Deployment,true
1.5214590019999998,Regular,52,Create,Deployment,true
1.573607146,Regular,52,Create,ConfigMap,true
1.626413594,Regular,1,Update,Deployment,true
1.6283311980000001,Regular,1,Delete,ConfigMap,true
1.629786879,Regular,1,Delete,Deployment,true
1.631490378,Regular,53,Create,Deployment,true
1.685442401,Regular,53,Create,ConfigMap,true
1.738473143,Regular,1,Update,Deployment,true
1.740290598,Regular,5,Delete,ConfigMap,true
1.745389044,Regular,9,Delete,Deployment,true
1.7548135550000001,Regular,71,Create,Deployment,true
1.826812705,Regular,53,Create,ConfigMap,true
1.880652686,Regular,2,Update,Deployment,true
1.882858615,Regular,4,Delete,ConfigMap,true
1.887288267,Regular,1,Delete,Deployment,true
1.888993159,Regular,52,Create,Deployment,true
1.941221664,Regular,52,Create,ConfigMap,true
1.993895562,Regular,1,Update,Deployment,true
1.995620071,Regular,2,Delete,ConfigMap,true
1.998515042,Regular,1,Delete,Deployment,true
2.000236616,Regular,51,Create,Deployment,true
1.06366828,Regular,5,Update,Deployment,true
1.069198532,Regular,1,Delete,ConfigMap,true
1.070775011,Regular,1,Delete,Deployment,true
1.072326784,Regular,52,Create,Deployment,true
1.124707417,Regular,52,Create,ConfigMap,true
1.176851213,Regular,1,Update,Deployment,true
1.17854285,Regular,1,Delete,ConfigMap,true
1.180060648,Regular,1,Delete,Deployment,true
1.181886128,Regular,54,Create,Deployment,true
1.236786103,Regular,53,Create,ConfigMap,true
1.2898354300000001,Regular,1,Update,Deployment,true
1.291280912,Regular,1,Delete,ConfigMap,true
1.292773302,Regular,1,Delete,Deployment,true
1.294254902,Regular,56,Create,Deployment,true
1.35089737,Regular,53,Create,ConfigMap,true
1.40431351,Regular,2,Update,Deployment,true
1.407246473,Regular,1,Delete,ConfigMap,true
1.409129372,Regular,1,Delete,Deployment,true
1.410503138,Regular,52,Create,Deployment,true
1.462566942,Regular,52,Create,ConfigMap,true
1.514743861,Regular,1,Update,Deployment,true
1.5162605070000001,Regular,1,Delete,ConfigMap,true
1.517839441,Regular,1,Delete,Deployment,true
1.519231352,Regular,52,Create,Deployment,true
1.57159888,Regular,52,Create,ConfigMap,true
1.62394046,Regular,2,Update,Deployment,true
1.62620494,Regular,2,Delete,ConfigMap,true
1.628623079,Regular,1,Delete,Deployment,true
1.630054865,Regular,55,Create,Deployment,true
1.685438985,Regular,53,Create,ConfigMap,true
1.738811463,Regular,1,Update,Deployment,true
1.74057722,Regular,5,Delete,ConfigMap,true
1.745891163,Regular,12,Delete,Deployment,true
1.758730557,Regular,68,Create,Deployment,true
1.8274916380000001,Regular,53,Create,ConfigMap,true
1.880679928,Regular,1,Update,Deployment,true
1.882532699,Regular,3,Delete,ConfigMap,true
1.885901496,Regular,1,Delete,Deployment,true
1.887842003,Regular,52,Create,Deployment,true
1.940724816,Regular,53,Create,ConfigMap,true
1.993984701,Regular,1,Update,Deployment,true
1.9956000029999998,Regular,2,Delete,ConfigMap,true
1.998422738,Regular,1,Delete,Deployment,true
1.9999635100000002,Regular,52,Create,Deployment,true
1.008275945,Regular,55,Create,ConfigMap,true
1.063450869,Regular,5,Update,Deployment,true
1.069143227,Regular,1,Delete,ConfigMap,true
1.070677657,Regular,1,Delete,Deployment,true
1.072085237,Regular,56,Create,Deployment,true
1.128226998,Regular,51,Create,ConfigMap,true
1.180216613,Regular,1,Update,Deployment,true
1.182115942,Regular,3,Delete,ConfigMap,true
1.185473147,Regular,3,Delete,Deployment,true
1.188717499,Regular,51,Create,Deployment,true
1.240689229,Regular,53,Create,ConfigMap,true
1.294513771,Regular,1,Update,Deployment,true
1.296039675,Regular,1,Delete,ConfigMap,true
1.297325716,Regular,1,Delete,Deployment,true
1.29867755,Regular,52,Create,Deployment,true
1.351343854,Regular,52,Create,ConfigMap,true
1.404293743,Regular,3,Update,Deployment,true
1.40750401,Regular,2,Delete,ConfigMap,true
1.409990329,Regular,1,Delete,Deployment,true
1.411496675,Regular,52,Create,Deployment,true
1.463645841,Regular,53,Create,ConfigMap,true
1.516901008,Regular,1,Update,Deployment,true
1.5187506229999999,Regular,1,Delete,ConfigMap,true
1.520679549,Regular,1,Delete,Deployment,true
1.522115582,Regular,54,Create,Deployment,true
1.576217008,Regular,52,Create,ConfigMap,true
1.628488365,Regular,1,Update,Deployment,true
1.629965927,Regular,1,Delete,ConfigMap,true
1.631420065,Regular,1,Delete,Deployment,true
1.633034276,Regular,56,Create,Deployment,true
1.689196897,Regular,54,Create,ConfigMap,true
1.7440750299999999,Regular,7,Update,Deployment,true
1.751299403,Regular,6,Delete,ConfigMap,true
1.757337575,Regular,6,Delete,Deployment,true
1.763921858,Regular,61,Create,Deployment,true
1.825906582,Regular,54,Create,ConfigMap,true
1.880705817,Regular,2,Update,Deployment,true
1.883208937,Regular,3,Delete,ConfigMap,true
1.886818629,Regular,1,Delete,Deployment,true
1.888726765,Regular,52,Create,Deployment,true
1.9410176689999998,Regular,52,Create,ConfigMap,true
1.9939225029999998,Regular,1,Update,Deployment,true
1.995622816,Regular,2,Delete,ConfigMap,true
1.998415875,Regular,1,Delete,Deployment,true
2.000111249,Regular,52,Create,Deployment,true
1.063669823,Regular,5,Update,Deployment,true
1.069170288,Regular,1,Delete,ConfigMap,true
1.070819655,Regular,1,Delete,Deployment,true
1.072232075,Regular,52,Create,Deployment,true
1.124710352,Regular,52,Create,ConfigMap,true
1.176864919,Regular,1,Update,Deployment,true
1.1784905509999999,Regular,1,Delete,ConfigMap,true
1.1801413,Regular,1,Delete,Deployment,true
1.182131251,Regular,54,Create,Deployment,true
1.236357533,Regular,53,Create,ConfigMap,true
1.290204758,Regular,1,Update,Deployment,true
1.291551503,Regular,3,Delete,ConfigMap,true
1.294574797,Regular,1,Delete,Deployment,true
1.296012394,Regular,54,Create,Deployment,true
1.3509103740000001,Regular,53,Create,ConfigMap,true
1.404306056,Regular,3,Update,Deployment,true
1.40753042,Regular,2,Delete,ConfigMap,true
1.4100669940000001,Regular,1,Delete,Deployment,true
1.411422365,Regular,53,Create,Deployment,true
1.46489377,Regular,51,Create,ConfigMap,true
1.516866252,Regular,1,Update,Deployment,true
1.5184832080000001,Regular,1,Delete,ConfigMap,true
1.520407434,Regular,1,Delete,Deployment,true
1.522044097,Regular,54,Create,Deployment,true
1.576180449,Regular,52,Create,ConfigMap,true
1.628306942,Regular,1,Update,Deployment,true
1.629715995,Regular,1,Delete,ConfigMap,true
1.631588674,Regular,1,Delete,Deployment,true
1.633298015,Regular,55,Create,Deployment,true
1.6893182759999998,Regular,56,Create,ConfigMap,true
1.745940746,Regular,10,Update,Deployment,true
1.756897744,Regular,5,Delete,ConfigMap,true
1.762492738,Regular,8,Delete,Deployment,true
1.771245038,Regular,54,Create,Deployment,true
1.826250162,Regular,54,Create,ConfigMap,true
1.880644781,Regular,2,Update,Deployment,true
1.883223184,Regular,4,Delete,ConfigMap,true
1.8874769329999999,Regular,1,Delete,Deployment,true
1.889154514,Regular,52,Create,Deployment,true
1.941190516,Regular,52,Create,ConfigMap,true
1.993893689,Regular,1,Update,Deployment,true
1.995599673,Regular,2,Delete,ConfigMap,true
1.998458756,Regular,1,Delete,Deployment,true
2.000223622,Regular,52,Create,Deployment,true
1.008238875,Regular,55,Create,ConfigMap,true
1.063506254,Regular,4,Update,Deployment,true
1.067803936,Regular,1,Delete,ConfigMap,true
1.069129211,Regular,1,Delete,Deployment,true
1.070731729,Regular,53,Create,Deployment,true
1.123894711,Regular,52,Create,ConfigMap,true
1.176552498,Regular,1,Update,Deployment,true
1.178210442,Regular,1,Delete,ConfigMap,true
1.179784727,Regular,2,Delete,Deployment,true
1.181869216,Regular,54,Create,Deployment,true
1.236703487,Regular,53,Create,ConfigMap,true
1.290481932,Regular,1,Update,Deployment,true
1.2918675,Regular,2,Delete,ConfigMap,true
1.294563906,Regular,1,Delete,Deployment,true
1.2960569180000001,Regular,54,Create,Deployment,true
1.350938177,Regular,53,Create,ConfigMap,true
1.404297309,Regular,3,Update,Deployment,true
1.407483431,Regular,2,Delete,ConfigMap,true
1.410067004,Regular,1,Delete,Deployment,true
1.411490995,Regular,54,Create,Deployment,true
1.465525474,Regular,51,Create,ConfigMap,true
1.517306063,Regular,1,Update,Deployment,true
1.51875983,Regular,1,Delete,ConfigMap,true
1.520679188,Regular,2,Delete,Deployment,true
1.52282844,Regular,53,Create,Deployment,true
1.576178345,Regular,52,Create,ConfigMap,true
1.62844893,Regular,1,Update,Deployment,true
1.629950418,Regular,1,Delete,ConfigMap,true
1.6318855349999999,Regular,1,Delete,Deployment,true
1.633534011,Regular,55,Create,Deployment,true
1.689333345,Regular,56,Create,ConfigMap,true
1.7457251089999999,Regular,10,Update,Deployment,true
1.7559929539999999,Regular,6,Delete,ConfigMap,true
1.762399241,Regular,8,Delete,Deployment,true
1.771540667,Regular,57,Create,Deployment,true
1.828644457,Regular,52,Create,ConfigMap,true
1.881405559,Regular,4,Update,Deployment,true
1.885678945,Regular,2,Delete,ConfigMap,true
1.887986076,Regular,1,Delete,Deployment,true
1.8895376879999999,Regular,51,Create,Deployment,true
1.941222286,Regular,52,Create,ConfigMap,true
1.993911212,Regular,1,Update,Deployment,true
1.995549718,Regular,2,Delete,ConfigMap,true
1.99850297,Regular,1,Delete,Deployment,true
2.000383013,Regular,52,Create,Deployment,true
1.063517204,Regular,5,Update,Deployment,true
1.068914595,Regular,1,Delete,ConfigMap,true
1.070331873,Regular,1,Delete,Deployment,true
1.071852648,Regular,52,Create,Deployment,true
1.124690295,Regular,52,Create,ConfigMap,true
1.176855501,Regular,1,Update,Deployment,true
1.178506922,Regular,1,Delete,ConfigMap,true
1.180117616,Regular,2,Delete,Deployment,true
1.182419927,Regular,54,Create,Deployment,true
1.236707815,Regular,52,Create,ConfigMap,true
1.289670668,Regular,1,Update,Deployment,true
1.2916785530000001,Regular,2,Delete,ConfigMap,true
1.294494254,Regular,1,Delete,Deployment,true
1.2960540520000001,Regular,54,Create,Deployment,true
1.350972772,Regular,56,Create,ConfigMap,true
1.407566578,Regular,2,Update,Deployment,true
1.410146824,Regular,1,Delete,ConfigMap,true
1.411622874,Regular,1,Delete,Deployment,true
1.412877846,Regular,52,Create,Deployment,true
1.4655438379999999,Regular,51,Create,ConfigMap,true
1.517188391,Regular,1,Update,Deployment,true
1.5187265380000001,Regular,1,Delete,ConfigMap,true
1.5206379,Regular,2,Delete,Deployment,true
1.522825063,Regular,53,Create,Deployment,true
1.576200607,Regular,52,Create,ConfigMap,true
1.6283311980000001,Regular,1,Update,Deployment,true
1.629965917,Regular,1,Delete,ConfigMap,true
1.6318693340000001,Regular,1,Delete,Deployment,true
1.633378196,Regular,55,Create,Deployment,true
1.689217776,Regular,56,Create,ConfigMap,true
1.745913334,Regular,10,Update,Deployment,true
1.756350049,Regular,9,Delete,ConfigMap,true
1.7663628519999999,Regular,4,Delete,Deployment,true
1.770444596,Regular,58,Create,Deployment,true
1.828749876,Regular,52,Create,ConfigMap,true
1.881113648,Regular,2,Update,Deployment,true
1.884065616,Regular,3,Delete,ConfigMap,true
1.887358329,Regular,1,Delete,Deployment,true
1.888986877,Regular,52,Create,Deployment,true
1.9411853159999999,Regular,52,Create,ConfigMap,true
1.993896133,Regular,1,Update,Deployment,true
1.9955685440000002,Regular,2,Delete,ConfigMap,true
1.9981618349999999,Regular,2,Delete,Deployment,true
2.000408431,Regular,52,Create,Deployment,true
1.039405496,Regular,53,Create,Deployment,true
1.09317781,Regular,52,Create,ConfigMap,true
1.146073857,Regular,3,Update,Deployment,true
1.149465507,Regular,1,Delete,ConfigMap,true
1.150859772,Regular,1,Delete,Deployment,true
1.152009004,Regular,52,Create,Deployment,true
1.204897988,Regular,52,Create,ConfigMap,true
1.25748418,Regular,1,Update,Deployment,true
1.259140791,Regular,1,Delete,ConfigMap,true
1.260872303,Regular,1,Delete,Deployment,true
1.2628619429999999,Regular,53,Create,Deployment,true
1.316284596,Regular,52,Create,ConfigMap,true
1.368519053,Regular,4,Update,Deployment,true
1.372641614,Regular,1,Delete,ConfigMap,true
1.374564408,Regular,1,Delete,Deployment,true
1.375827154,Regular,53,Create,Deployment,true
1.428848408,Regular,53,Create,ConfigMap,true
1.482430873,Regular,3,Update,Deployment,true
1.4862352429999999,Regular,1,Delete,ConfigMap,true
1.487557161,Regular,1,Delete,Deployment,true
1.488718376,Regular,53,Create,Deployment,true
1.542043434,Regular,52,Create,ConfigMap,true
1.594396205,Regular,1,Update,Deployment,true
1.595750224,Regular,1,Delete,ConfigMap,true
1.597134209,Regular,1,Delete,Deployment,true
1.598396274,Regular,52,Create,Deployment,true
1.6511024029999999,Regular,53,Create,ConfigMap,true
1.7042826770000001,Regular,4,Update,Deployment,true
1.708480841,Regular,2,Delete,ConfigMap,true
1.711474038,Regular,4,Delete,Deployment,true
1.716050818,Regular,55,Create,Deployment,true
1.771158946,Regular,57,Create,ConfigMap,true
1.82881025,Regular,2,Update,Deployment,true
1.831474054,Regular,3,Delete,ConfigMap,true
1.834584713,Regular,1,Delete,Deployment,true
1.835901842,Regular,52,Create,Deployment,true
1.888156097,Regular,52,Create,ConfigMap,true
1.940717592,Regular,1,Update,Deployment,true
1.942493318,Regular,1,Delete,ConfigMap,true
1.94406616,Regular,1,Delete,Deployment,true
1.945871372,Regular,53,Create,Deployment,true
1.99922268,Regular,52,Create,ConfigMap,true
2.051468559,Regular,1,Update,Deployment,true
2.053233223,Regular,1,Delete,ConfigMap,true
2.051888111,Regular,53,Create,ConfigMap,true
2.105516333,Regular,3,Update,Deployment,true
2.108641529,Regular,4,Delete,ConfigMap,true
2.113439256,Regular,2,Delete,Deployment,true
2.11550533,Regular,52,Create,Deployment,true
2.167641261,Regular,51,Create,ConfigMap,true
2.219424676,Regular,1,Update,Deployment,true
2.220748518,Regular,2,Delete,ConfigMap,true
2.223021764,Regular,2,Delete,Deployment,true
2.225708612,Regular,53,Create,Deployment,true
2.279356741,Regular,52,Create,ConfigMap,true
2.332062779,Regular,1,Update,Deployment,true
2.333484777,Regular,1,Delete,ConfigMap,true
2.334626885,Regular,1,Delete,Deployment,true
2.335846089,Regular,52,Create,Deployment,true
2.388187689,Regular,53,Create,ConfigMap,true
2.441607296,Regular,4,Update,Deployment,true
2.446552491,Regular,4,Delete,ConfigMap,true
2.451511133,Regular,2,Delete,Deployment,true
2.4535460479999998,Regular,53,Create,Deployment,true
2.5073823429999997,Regular,52,Create,ConfigMap,true
2.5603493840000002,Regular,1,Update,Deployment,true
2.561851303,Regular,1,Delete,ConfigMap,true
2.5638169680000003,Regular,1,Delete,Deployment,true
2.56582336,Regular,52,Create,Deployment,true
2.618774752,Regular,52,Create,ConfigMap,true
2.670832244,Regular,2,Update,Deployment,true
2.673442618,Regular,3,Delete,ConfigMap,true
2.676857732,Regular,3,Delete,Deployment,true
2.680355382,Regular,52,Create,Deployment,true
2.733338273,Regular,52,Create,ConfigMap,true
2.786211057,Regular,1,Update,Deployment,true
2.7874448579999997,Regular,1,Delete,ConfigMap,true
2.788540269,Regular,1,Delete,Deployment,true
2.789685423,Regular,52,Create,Deployment,true
2.842054625,Regular,51,Create,ConfigMap,true
2.893705549,Regular,1,Update,Deployment,true
2.894932318,Regular,1,Delete,ConfigMap,true
2.896200604,Regular,1,Delete,Deployment,true
2.897558491,Regular,51,Create,Deployment,true
2.949492229,Regular,52,Create,ConfigMap,true
2.052074544,Regular,56,Create,ConfigMap,true
2.108194594,Regular,6,Update,Deployment,true
2.114601051,Regular,1,Delete,ConfigMap,true
2.116161401,Regular,1,Delete,Deployment,true
2.118047936,Regular,52,Create,Deployment,true
2.170537225,Regular,52,Create,ConfigMap,true
2.223321461,Regular,2,Update,Deployment,true
2.225823539,Regular,2,Delete,ConfigMap,true
2.22850686,Regular,1,Delete,Deployment,true
2.229974985,Regular,55,Create,Deployment,true
2.285119752,Regular,52,Create,ConfigMap,true
2.33746021,Regular,1,Update,Deployment,true
2.338855406,Regular,1,Delete,ConfigMap,true
2.340297853,Regular,1,Delete,Deployment,true
2.342260522,Regular,52,Create,Deployment,true
2.394284762,Regular,54,Create,ConfigMap,true
2.4486394049999998,Regular,3,Update,Deployment,true
2.452506514,Regular,1,Delete,ConfigMap,true
2.454334458,Regular,1,Delete,Deployment,true
2.456148447,Regular,52,Create,Deployment,true
2.508425023,Regular,51,Create,ConfigMap,true
2.560142694,Regular,1,Update,Deployment,true
2.5614878660000002,Regular,4,Delete,ConfigMap,true
2.565998791,Regular,2,Delete,Deployment,true
2.568211413,Regular,56,Create,Deployment,true
2.624518246,Regular,52,Create,ConfigMap,true
2.6774165180000002,Regular,2,Update,Deployment,true
2.68,Regular,3,Delete,ConfigMap,true
2.683739508,Regular,4,Delete,Deployment,true
2.6882275890000003,Regular,53,Create,Deployment,true
2.742018248,Regular,53,Create,ConfigMap,true
2.795345991,Regular,1,Update,Deployment,true
2.796766626,Regular,1,Delete,ConfigMap,true
2.798048739,Regular,1,Delete,Deployment,true
2.799190477,Regular,52,Create,Deployment,true
2.8514263460000002,Regular,52,Create,ConfigMap,true
2.904235099,Regular,4,Update,Deployment,true
2.909042765,Regular,3,Delete,ConfigMap,true
2.91213568,Regular,1,Delete,Deployment,true
2.913570612,Regular,53,Create,Deployment,true
2.966655366,Regular,52,Create,ConfigMap,true
2.05244835,Regular,56,Create,ConfigMap,true
2.108457872,Regular,5,Update,Deployment,true
2.114075709,Regular,2,Delete,ConfigMap,true
2.116467369,Regular,1,Delete,Deployment,true
2.118392968,Regular,52,Create,Deployment,true
2.170487982,Regular,53,Create,ConfigMap,true
2.223742556,Regular,1,Update,Deployment,true
2.225572545,Regular,3,Delete,ConfigMap,true
2.228929639,Regular,1,Delete,Deployment,true
2.230509175,Regular,54,Create,Deployment,true
2.285281207,Regular,53,Create,ConfigMap,true
2.3388624399999998,Regular,1,Update,Deployment,true
2.340303143,Regular,1,Delete,ConfigMap,true
2.341930999,Regular,2,Delete,Deployment,true
2.344292211,Regular,53,Create,Deployment,true
2.397563378,Regular,54,Create,ConfigMap,true
2.451929443,Regular,2,Update,Deployment,true
2.45459466,Regular,1,Delete,ConfigMap,true
2.456152013,Regular,1,Delete,Deployment,true
2.457822931,Regular,51,Create,Deployment,true
2.509698811,Regular,52,Create,ConfigMap,true
2.561732649,Regular,1,Update,Deployment,true
2.56359078,Regular,2,Delete,ConfigMap,true
2.5659409220000002,Regular,2,Delete,Deployment,true
2.5680680320000002,Regular,56,Create,Deployment,true
2.624489752,Regular,52,Create,ConfigMap,true
2.677395608,Regular,2,Update,Deployment,true
2.680014568,Regular,3,Delete,ConfigMap,true
2.683287213,Regular,4,Delete,Deployment,true
2.6879231040000002,Regular,53,Create,Deployment,true
2.741777583,Regular,52,Create,ConfigMap,true
2.794137166,Regular,1,Update,Deployment,true
2.795603147,Regular,1,Delete,ConfigMap,true
2.797020956,Regular,1,Delete,Deployment,true
2.798479192,Regular,52,Create,Deployment,true
2.851447606,Regular,52,Create,ConfigMap,true
2.904234017,Regular,4,Update,Deployment,true
2.909207456,Regular,2,Delete,ConfigMap,true
2.912109811,Regular,1,Delete,Deployment,true
2.913820424,Regular,52,Create,Deployment,true
2.966671566,Regular,52,Create,ConfigMap,true
3.019076135,Regular,1,Update,Deployment,true
2.051997889,Regular,56,Create,ConfigMap,true
2.108490243,Regular,3,Update,Deployment,true
2.112183733,Regular,2,Delete,ConfigMap,true
2.115063946,Regular,2,Delete,Deployment,true
2.117072342,Regular,52,Create,Deployment,true
2.169747903,Regular,53,Create,ConfigMap,true
2.22336372,Regular,1,Update,Deployment,true
2.225275854,Regular,1,Delete,ConfigMap,true
2.227228935,Regular,1,Delete,Deployment,true
2.229112555,Regular,52,Create,Deployment,true
2.281346651,Regular,56,Create,ConfigMap,true
2.337450101,Regular,1,Update,Deployment,true
2.338945737,Regular,1,Delete,ConfigMap,true
2.3403523760000002,Regular,1,Delete,Deployment,true
2.341911853,Regular,52,Create,Deployment,true
2.394521569,Regular,54,Create,ConfigMap,true
2.448979568,Regular,3,Update,Deployment,true
2.452632462,Regular,2,Delete,ConfigMap,true
2.454641028,Regular,2,Delete,Deployment,true
2.456934683,Regular,52,Create,Deployment,true
2.509523069,Regular,52,Create,ConfigMap,true
2.561832888,Regular,1,Update,Deployment,true
2.563791219,Regular,1,Delete,ConfigMap,true
2.565759258,Regular,2,Delete,Deployment,true
2.568128506,Regular,56,Create,Deployment,true
2.624473281,Regular,52,Create,ConfigMap,true
2.677302021,Regular,2,Update,Deployment,true
2.6797289380000002,Regular,3,Delete,ConfigMap,true
2.683486089,Regular,4,Delete,Deployment,true
2.688199055,Regular,53,Create,Deployment,true
2.741870198,Regular,53,Create,ConfigMap,true
2.795650877,Regular,1,Update,Deployment,true
2.79702303,Regular,1,Delete,ConfigMap,true
2.798386737,Regular,1,Delete,Deployment,true
2.79965287,Regular,51,Create,Deployment,true
2.851381201,Regular,52,Create,ConfigMap,true
2.903993642,Regular,5,Update,Deployment,true
2.909140579,Regular,2,Delete,ConfigMap,true
2.912071128,Regular,1,Delete,Deployment,true
2.913822338,Regular,52,Create,Deployment,true
2.966694189,Regular,52,Create,ConfigMap,true
3.019107314,Regular,1,Update,Deployment,true
2.052571403,Regular,55,Create,ConfigMap,true
2.108357792,Regular,3,Update,Deployment,true
2.112249437,Regular,2,Delete,ConfigMap,true
2.115017819,Regular,2,Delete,Deployment,true
2.117089685,Regular,53,Create,Deployment,true
2.17047638,Regular,52,Create,ConfigMap,true
2.223296433,Regular,2,Update,Deployment,true
2.225602962,Regular,3,Delete,ConfigMap,true
2.228921444,Regular,1,Delete,Deployment,true
2.230381433,Regular,54,Create,Deployment,true
2.285281929,Regular,53,Create,ConfigMap,true
2.338931851,Regular,1,Update,Deployment,true
2.34032826,Regular,2,Delete,ConfigMap,true
2.342510634,Regular,3,Delete,Deployment,true
2.345776506,Regular,52,Create,Deployment,true
2.398059816,Regular,54,Create,ConfigMap,true
2.452555006,Regular,2,Update,Deployment,true
2.45465251,Regular,2,Delete,ConfigMap,true
2.456962936,Regular,1,Delete,Deployment,true
2.458810247,Regular,52,Create,Deployment,true
2.510983939,Regular,52,Create,ConfigMap,true
2.5632910840000003,Regular,2,Update,Deployment,true
2.565787652,Regular,2,Delete,ConfigMap,true
2.568165085,Regular,3,Delete,Deployment,true
2.572172268,Regular,52,Create,Deployment,true
2.624455137,Regular,52,Create,ConfigMap,true
2.6772358560000002,Regular,2,Update,Deployment,true
2.680066736,Regular,2,Delete,ConfigMap,true
2.682995712,Regular,5,Delete,Deployment,true
2.68818535,Regular,53,Create,Deployment,true
2.7418287489999997,Regular,53,Create,ConfigMap,true
2.795633144,Regular,1,Update,Deployment,true
2.797052566,Regular,1,Delete,ConfigMap,true
2.798423657,Regular,1,Delete,Deployment,true
2.799847418,Regular,51,Create,Deployment,true
2.851420876,Regular,52,Create,ConfigMap,true
2.904343744,Regular,4,Update,Deployment,true
2.909060518,Regular,3,Delete,ConfigMap,true
2.912074103,Regular,1,Delete,Deployment,true
2.913865098,Regular,52,Create,Deployment,true
2.966534878,Regular,52,Create,ConfigMap,true
3.019080493,Regular,1,Update,Deployment,true
2.052399648,Regular,55,Create,ConfigMap,true
2.107877274,Regular,4,Update,Deployment,true
2.1119027519999998,Regular,3,Delete,ConfigMap,true
2.115028249,Regular,2,Delete,Deployment,true
2.117131694,Regular,53,Create,Deployment,true
2.170678061,Regular,52,Create,ConfigMap,true
2.223294419,Regular,2,Update,Deployment,true
2.225614204,Regular,3,Delete,ConfigMap,true
2.228748637,Regular,1,Delete,Deployment,true
2.230037052,Regular,54,Create,Deployment,true
2.284548122,Regular,54,Create,ConfigMap,true
2.338929627,Regular,1,Update,Deployment,true
2.340404414,Regular,2,Delete,ConfigMap,true
2.342484816,Regular,1,Delete,Deployment,true
2.344274788,Regular,52,Create,Deployment,true
2.397223465,Regular,55,Create,ConfigMap,true
2.452256401,Regular,2,Update,Deployment,true
2.454608757,Regular,2,Delete,ConfigMap,true
2.456880841,Regular,1,Delete,Deployment,true
2.458535919,Regular,52,Create,Deployment,true
2.510981725,Regular,52,Create,ConfigMap,true
2.563641005,Regular,1,Update,Deployment,true
2.565477476,Regular,2,Delete,ConfigMap,true
2.5681070459999997,Regular,4,Delete,Deployment,true
2.572165506,Regular,54,Create,Deployment,true
2.6265308000000003,Regular,52,Create,ConfigMap,true
2.67903191,Regular,3,Update,Deployment,true
2.682282083,Regular,2,Delete,ConfigMap,true
2.6846317539999998,Regular,3,Delete,Deployment,true
2.688223892,Regular,53,Create,Deployment,true
2.7418336290000003,Regular,52,Create,ConfigMap,true
2.7943754370000002,Regular,1,Update,Deployment,true
2.795762949,Regular,1,Delete,ConfigMap,true
2.797063417,Regular,1,Delete,Deployment,true
2.7983191400000003,Regular,53,Create,Deployment,true
2.851408272,Regular,53,Create,ConfigMap,true
2.904441789,Regular,4,Update,Deployment,true
2.908827999,Regular,3,Delete,ConfigMap,true
2.912330007,Regular,1,Delete,Deployment,true
2.913879315,Regular,52,Create,Deployment,true
2.966655897,Regular,52,Create,ConfigMap,true
3.01884632,Regular,1,Update,Deployment,true
3.02027988,Regular,1,Delete,ConfigMap,true
2.052413745,Regular,55,Create,ConfigMap,true
2.107967885,Regular,6,Update,Deployment,true
2.114476165,Regular,1,Delete,ConfigMap,true
2.116415661,Regular,2,Delete,Deployment,true
2.118426551,Regular,52,Create,Deployment,true
2.170438568,Regular,52,Create,ConfigMap,true
2.2233636900000002,Regular,2,Update,Deployment,true
2.225751954,Regular,2,Delete,ConfigMap,true
2.228758706,Regular,1,Delete,Deployment,true
2.230358339,Regular,55,Create,Deployment,true
2.285440899,Regular,53,Create,ConfigMap,true
2.338825319,Regular,1,Update,Deployment,true
2.340298063,Regular,2,Delete,ConfigMap,true
2.3425366739999998,Regular,2,Delete,Deployment,true
2.344620812,Regular,52,Create,Deployment,true
2.397495559,Regular,54,Create,ConfigMap,true
2.45235612,Regular,2,Update,Deployment,true
2.454649985,Regular,2,Delete,ConfigMap,true
2.457020044,Regular,1,Delete,Deployment,true
2.458780912,Regular,51,Create,Deployment,true
2.510755067,Regular,53,Create,ConfigMap,true
2.563764869,Regular,2,Update,Deployment,true
2.565779206,Regular,2,Delete,ConfigMap,true
2.568099982,Regular,3,Delete,Deployment,true
2.571846463,Regular,52,Create,Deployment,true
2.624191869,Regular,53,Create,ConfigMap,true
2.677536104,Regular,2,Update,Deployment,true
2.680032171,Regular,3,Delete,ConfigMap,true
2.683533669,Regular,4,Delete,Deployment,true
2.688153469,Regular,53,Create,Deployment,true
2.741842556,Regular,52,Create,ConfigMap,true
2.794388942,Regular,1,Update,Deployment,true
2.795830326,Regular,1,Delete,ConfigMap,true
2.797122188,Regular,1,Delete,Deployment,true
2.798437694,Regular,52,Create,Deployment,true
2.851424192,Regular,52,Create,ConfigMap,true
2.904258052,Regular,4,Update,Deployment,true
2.908965008,Regular,3,Delete,ConfigMap,true
2.912413785,Regular,1,Delete,Deployment,true
2.9138566519999998,Regular,52,Create,Deployment,true
2.966756637,Regular,52,Create,ConfigMap,true
3.019134545,Regular,1,Update,Deployment,true
3.020733337,Regular,1,Delete,ConfigMap,true
3.022649869,Regular,4,Delete,Deployment,true
2.052015993,Regular,56,Create,ConfigMap,true
2.108362561,Regular,5,Update,Deployment,true
2.113477608,Regular,1,Delete,ConfigMap,true
2.11528283,Regular,1,Delete,Deployment,true
2.117100565,Regular,53,Create,Deployment,true
2.170532916,Regular,52,Create,ConfigMap,true
2.223292676,Regular,2,Update,Deployment,true
2.225604024,Regular,2,Delete,ConfigMap,true
2.228182287,Regular,1,Delete,Deployment,true
2.229716757,Regular,52,Create,Deployment,true
2.28191706,Regular,55,Create,ConfigMap,true
2.337230205,Regular,1,Update,Deployment,true
2.338606095,Regular,1,Delete,ConfigMap,true
2.340019326,Regular,1,Delete,Deployment,true
2.341587299,Regular,52,Create,Deployment,true
2.394519435,Regular,54,Create,ConfigMap,true
2.448920687,Regular,3,Update,Deployment,true
2.452756056,Regular,1,Delete,ConfigMap,true
2.454606693,Regular,2,Delete,Deployment,true
2.456984527,Regular,52,Create,Deployment,true
2.509179098,Regular,52,Create,ConfigMap,true
2.561874366,Regular,1,Update,Deployment,true
2.563758778,Regular,2,Delete,ConfigMap,true
2.565884425,Regular,1,Delete,Deployment,true
2.567803903,Regular,56,Create,Deployment,true
2.624498669,Regular,53,Create,ConfigMap,true
2.677536034,Regular,2,Update,Deployment,true
2.6799998499999997,Regular,3,Delete,ConfigMap,true
2.683317851,Regular,4,Delete,Deployment,true
2.688102142,Regular,53,Create,Deployment,true
2.741835943,Regular,52,Create,ConfigMap,true
2.794388331,Regular,1,Update,Deployment,true
2.795633204,Regular,1,Delete,ConfigMap,true
2.7970367659999997,Regular,1,Delete,Deployment,true
2.798401686,Regular,52,Create,Deployment,true
2.851099298,Regular,53,Create,ConfigMap,true
2.904110694,Regular,5,Update,Deployment,true
2.909370173,Regular,2,Delete,ConfigMap,true
2.91209337,Regular,1,Delete,Deployment,true
2.913841053,Regular,52,Create,Deployment,true
2.966746017,Regular,52,Create,ConfigMap,true
3.019107354,Regular,1,Update,Deployment,true
3.020685356,Regular,2,Delete,ConfigMap,true
3.022848595,Regular,4,Delete,Deployment,true
2.051800887,Regular,1,Update,Deployment,true
2.053470452,Regular,1,Delete,ConfigMap,true
2.054699435,Regular,1,Delete,Deployment,true
2.055913248,Regular,52,Create,Deployment,true
2.108525469,Regular,53,Create,ConfigMap,true
2.161919157,Regular,1,Update,Deployment,true
2.163541574,Regular,3,Delete,ConfigMap,true
2.166941229,Regular,1,Delete,Deployment,true
2.168314884,Regular,52,Create,Deployment,true
2.2210207730000002,Regular,53,Create,ConfigMap,true
2.274672729,Regular,1,Update,Deployment,true
2.2760809699999998,Regular,1,Delete,ConfigMap,true
2.277902482,Regular,1,Delete,Deployment,true
2.279362933,Regular,52,Create,Deployment,true
2.33180913,Regular,52,Create,ConfigMap,true
2.384431761,Regular,2,Update,Deployment,true
2.3870296,Regular,1,Delete,ConfigMap,true
2.388174243,Regular,1,Delete,Deployment,true
2.389328104,Regular,52,Create,Deployment,true
2.441616643,Regular,52,Create,ConfigMap,true
2.494457917,Regular,1,Update,Deployment,true
2.496375391,Regular,1,Delete,ConfigMap,true
2.497833016,Regular,1,Delete,Deployment,true
2.4994178209999998,Regular,52,Create,Deployment,true
2.552223047,Regular,52,Create,ConfigMap,true
2.604913385,Regular,2,Update,Deployment,true
2.60754064,Regular,2,Delete,ConfigMap,true
2.609896012,Regular,2,Delete,Deployment,true
2.612341223,Regular,53,Create,Deployment,true
2.665674537,Regular,53,Create,ConfigMap,true
2.7194937489999997,Regular,1,Update,Deployment,true
2.721034861,Regular,1,Delete,ConfigMap,true
2.722670302,Regular,4,Delete,Deployment,true
2.727174715,Regular,53,Create,Deployment,true
2.780496868,Regular,52,Create,ConfigMap,true
2.832961219,Regular,1,Update,Deployment,true
2.834250656,Regular,1,Delete,ConfigMap,true
2.835320879,Regular,0,Delete,Deployment,true
2.8363163,Regular,52,Create,Deployment,true
2.8890771920000002,Regular,52,Create,ConfigMap,true
2.941879422,Regular,2,Update,Deployment,true
2.944096101,Regular,2,Delete,ConfigMap,true
2.946137379,Regular,2,Delete,Deployment,true
2.9482162880000002,Regular,52,Create,Deployment,true
3.000318545,Regular,52,Create,ConfigMap,true
2.054466124,Regular,1,Delete,Deployment,true
2.05565998,Regular,53,Create,Deployment,true
2.108915857,Regular,53,Create,ConfigMap,true
2.162246967,Regular,1,Update,Deployment,true
2.163794091,Regular,3,Delete,ConfigMap,true
2.166926501,Regular,1,Delete,Deployment,true
2.168620472,Regular,52,Create,Deployment,true
2.2210079990000002,Regular,53,Create,ConfigMap,true
2.274314431,Regular,1,Update,Deployment,true
2.276130734,Regular,1,Delete,ConfigMap,true
2.277632161,Regular,1,Delete,Deployment,true
2.279063286,Regular,53,Create,Deployment,true
2.332133302,Regular,52,Create,ConfigMap,true
2.384652798,Regular,2,Update,Deployment,true
2.386661384,Regular,1,Delete,ConfigMap,true
2.387973424,Regular,1,Delete,Deployment,true
2.389073663,Regular,52,Create,Deployment,true
2.441194345,Regular,53,Create,ConfigMap,true
2.49445959,Regular,1,Update,Deployment,true
2.496371103,Regular,1,Delete,ConfigMap,true
2.497804963,Regular,1,Delete,Deployment,true
2.499128905,Regular,53,Create,Deployment,true
2.552492055,Regular,52,Create,ConfigMap,true
2.605252637,Regular,2,Update,Deployment,true
2.607903807,Regular,2,Delete,ConfigMap,true
2.6103328770000003,Regular,1,Delete,Deployment,true
2.6121049469999997,Regular,53,Create,Deployment,true
2.666018948,Regular,53,Create,ConfigMap,true
2.719164857,Regular,1,Update,Deployment,true
2.720760373,Regular,1,Delete,ConfigMap,true
2.72243133,Regular,5,Delete,Deployment,true
2.727547119,Regular,52,Create,Deployment,true
2.780496307,Regular,52,Create,ConfigMap,true
2.833262839,Regular,1,Update,Deployment,true
2.834450103,Regular,1,Delete,ConfigMap,true
2.835534663,Regular,1,Delete,Deployment,true
2.836546545,Regular,52,Create,Deployment,true
2.889315362,Regular,52,Create,ConfigMap,true
2.941877268,Regular,2,Update,Deployment,true
2.944045295,Regular,1,Delete,ConfigMap,true
2.945925709,Regular,2,Delete,Deployment,true
2.94819628,Regular,52,Create,Deployment,true
3.000316892,Regular,52,Create,ConfigMap,true
3.052637522,Regular,1,Update,Deployment,true
3.001688033,Regular,1,Update,Deployment,true
3.003399708,Regular,1,Delete,ConfigMap,true
3.005039367,Regular,1,Delete,Deployment,true
3.006526918,Regular,52,Create,Deployment,true
3.058585693,Regular,51,Create,ConfigMap,true
3.110544008,Regular,1,Update,Deployment,true
3.111718969,Regular,1,Delete,ConfigMap,true
3.11281996,Regular,1,Delete,Deployment,true
3.11393671,Regular,51,Create,Deployment,true
3.165736135,Regular,53,Create,ConfigMap,true
3.218815028,Regular,1,Update,Deployment,true
3.220112972,Regular,1,Delete,ConfigMap,true
3.221563443,Regular,3,Delete,Deployment,true
3.225214222,Regular,52,Create,Deployment,true
3.278065705,Regular,52,Create,ConfigMap,true
3.3304853420000002,Regular,1,Update,Deployment,true
3.331494089,Regular,1,Delete,ConfigMap,true
3.332540717,Regular,1,Delete,Deployment,true
3.3336461760000002,Regular,53,Create,Deployment,true
3.38670986,Regular,52,Create,ConfigMap,true
3.439232081,Regular,1,Update,Deployment,true
3.440419255,Regular,4,Delete,ConfigMap,true
3.444614243,Regular,2,Delete,Deployment,true
3.446929158,Regular,52,Create,Deployment,true
3.499581695,Regular,51,Create,ConfigMap,true
3.551581228,Regular,1,Update,Deployment,true
3.5529323919999998,Regular,1,Delete,ConfigMap,true
3.554236346,Regular,1,Delete,Deployment,true
3.555655518,Regular,52,Create,Deployment,true
3.608661393,Regular,53,Create,ConfigMap,true
3.662352513,Regular,1,Update,Deployment,true
3.664213149,Regular,3,Delete,ConfigMap,true
3.66737221,Regular,2,Delete,Deployment,true
3.6696566170000002,Regular,54,Create,Deployment,true
3.724309134,Regular,53,Create,ConfigMap,true
3.778234086,Regular,1,Update,Deployment,true
3.780141681,Regular,2,Delete,ConfigMap,true
3.782869476,Regular,2,Delete,Deployment,true
3.78553833,Regular,54,Create,Deployment,true
3.8404726890000003,Regular,52,Create,ConfigMap,true
3.893266604,Regular,1,Update,Deployment,true
3.894578583,Regular,1,Delete,ConfigMap,true
3.895863802,Regular,1,Delete,Deployment,true
3.897256464,Regular,54,Create,Deployment,true
3.951743128,Regular,52,Create,ConfigMap,true
3.053904837,Regular,1,Delete,ConfigMap,true
3.05505432,Regular,1,Delete,Deployment,true
3.056360929,Regular,51,Create,Deployment,true
3.108202754,Regular,52,Create,ConfigMap,true
3.160315862,Regular,1,Update,Deployment,true
3.162108109,Regular,1,Delete,ConfigMap,true
3.16372763,Regular,1,Delete,Deployment,true
3.165588166,Regular,52,Create,Deployment,true
3.218506836,Regular,52,Create,ConfigMap,true
3.270719532,Regular,1,Update,Deployment,true
3.2722637900000002,Regular,1,Delete,ConfigMap,true
3.273559008,Regular,1,Delete,Deployment,true
3.275442047,Regular,51,Create,Deployment,true
3.327202157,Regular,51,Create,ConfigMap,true
3.379148149,Regular,1,Update,Deployment,true
3.380814559,Regular,1,Delete,ConfigMap,true
3.382299064,Regular,4,Delete,Deployment,true
3.386694601,Regular,52,Create,Deployment,true
3.439240778,Regular,51,Create,ConfigMap,true
3.490980079,Regular,1,Update,Deployment,true
3.492174516,Regular,1,Delete,ConfigMap,true
3.493542351,Regular,1,Delete,Deployment,true
3.494767286,Regular,54,Create,Deployment,true
3.549696957,Regular,54,Create,ConfigMap,true
3.603719854,Regular,5,Update,Deployment,true
3.60899336,Regular,3,Delete,ConfigMap,true
3.61271824,Regular,1,Delete,Deployment,true
3.6145431390000002,Regular,55,Create,Deployment,true
3.669633042,Regular,54,Create,ConfigMap,true
3.724028504,Regular,4,Update,Deployment,true
3.728065533,Regular,1,Delete,ConfigMap,true
3.729535531,Regular,1,Delete,Deployment,true
3.730671879,Regular,52,Create,Deployment,true
3.7833143270000003,Regular,57,Create,ConfigMap,true
3.840472699,Regular,1,Update,Deployment,true
3.841936676,Regular,2,Delete,ConfigMap,true
3.844022528,Regular,1,Delete,Deployment,true
3.845933841,Regular,51,Create,Deployment,true
3.897625642,Regular,54,Create,ConfigMap,true
3.951703232,Regular,2,Update,Deployment,true
3.9543572080000002,Regular,1,Delete,ConfigMap,true
3.955587533,Regular,1,Delete,Deployment,true
3.956763756,Regular,52,Create,Deployment,true
3.021776117,Regular,2,Delete,Deployment,true
3.024630732,Regular,52,Create,Deployment,true
3.076899474,Regular,52,Create,ConfigMap,true
3.129608609,Regular,1,Update,Deployment,true
3.130939023,Regular,1,Delete,ConfigMap,true
3.132537514,Regular,1,Delete,Deployment,true
3.134268946,Regular,52,Create,Deployment,true
3.186496771,Regular,53,Create,ConfigMap,true
3.239704998,Regular,1,Update,Deployment,true
3.24166399,Regular,3,Delete,ConfigMap,true
3.245250278,Regular,1,Delete,Deployment,true
3.246999113,Regular,52,Create,Deployment,true
3.299446843,Regular,52,Create,ConfigMap,true
3.351968363,Regular,1,Update,Deployment,true
3.3534438509999998,Regular,1,Delete,ConfigMap,true
3.35466046,Regular,1,Delete,Deployment,true
3.355893361,Regular,52,Create,Deployment,true
3.408067574,Regular,52,Create,ConfigMap,true
3.460261204,Regular,1,Update,Deployment,true
3.461718728,Regular,2,Delete,ConfigMap,true
3.463837222,Regular,2,Delete,Deployment,true
3.4660370289999998,Regular,53,Create,Deployment,true
3.519974976,Regular,53,Create,ConfigMap,true
3.573194444,Regular,2,Update,Deployment,true
3.575551239,Regular,1,Delete,ConfigMap,true
3.577113872,Regular,1,Delete,Deployment,true
3.578936757,Regular,53,Create,Deployment,true
3.632042731,Regular,55,Create,ConfigMap,true
3.687439084,Regular,1,Update,Deployment,true
3.689313226,Regular,1,Delete,ConfigMap,true
3.690793243,Regular,1,Delete,Deployment,true
3.692239335,Regular,52,Create,Deployment,true
3.74504387,Regular,53,Create,ConfigMap,true
3.798815242,Regular,1,Update,Deployment,true
3.800218093,Regular,1,Delete,ConfigMap,true
3.801945598,Regular,3,Delete,Deployment,true
3.805166866,Regular,52,Create,Deployment,true
3.857919482,Regular,52,Create,ConfigMap,true
3.910036006,Regular,1,Update,Deployment,true
3.911266812,Regular,1,Delete,ConfigMap,true
3.912447774,Regular,1,Delete,Deployment,true
3.913545729,Regular,52,Create,Deployment,true
3.966165975,Regular,52,Create,ConfigMap,true
3.020638488,Regular,2,Delete,ConfigMap,true
3.022858814,Regular,4,Delete,Deployment,true
3.027589635,Regular,52,Create,Deployment,true
3.079933178,Regular,52,Create,ConfigMap,true
3.132354208,Regular,2,Update,Deployment,true
3.134441923,Regular,4,Delete,ConfigMap,true
3.139395164,Regular,1,Delete,Deployment,true
3.140927309,Regular,52,Create,Deployment,true
3.193131429,Regular,52,Create,ConfigMap,true
3.245792893,Regular,4,Update,Deployment,true
3.249997089,Regular,1,Delete,ConfigMap,true
3.251345848,Regular,1,Delete,Deployment,true
3.252523403,Regular,51,Create,Deployment,true
3.304427757,Regular,51,Create,ConfigMap,true
3.356172518,Regular,1,Update,Deployment,true
3.357503143,Regular,1,Delete,ConfigMap,true
3.358742214,Regular,1,Delete,Deployment,true
3.360230588,Regular,52,Create,Deployment,true
3.413019061,Regular,53,Create,ConfigMap,true
3.466160202,Regular,1,Update,Deployment,true
3.467771007,Regular,1,Delete,ConfigMap,true
3.46918554,Regular,1,Delete,Deployment,true
3.470422768,Regular,52,Create,Deployment,true
3.522714854,Regular,52,Create,ConfigMap,true
3.575386728,Regular,1,Update,Deployment,true
3.577097341,Regular,1,Delete,ConfigMap,true
3.578640377,Regular,1,Delete,Deployment,true
3.580465576,Regular,52,Create,Deployment,true
3.632916312,Regular,55,Create,ConfigMap,true
3.688062311,Regular,1,Update,Deployment,true
3.689765931,Regular,1,Delete,ConfigMap,true
3.69119941,Regular,1,Delete,Deployment,true
3.693181606,Regular,54,Create,Deployment,true
3.7477307680000003,Regular,52,Create,ConfigMap,true
3.8004987630000002,Regular,2,Update,Deployment,true
3.803197123,Regular,3,Delete,ConfigMap,true
3.8067286769999997,Regular,1,Delete,Deployment,true
3.808637615,Regular,51,Create,Deployment,true
3.860397124,Regular,51,Create,ConfigMap,true
3.912178716,Regular,1,Update,Deployment,true
3.913273535,Regular,1,Delete,ConfigMap,true
3.914433036,Regular,1,Delete,Deployment,true
3.915654895,Regular,51,Create,Deployment,true
3.967523641,Regular,51,Create,ConfigMap,true
3.020648006,Regular,1,Delete,ConfigMap,true
3.022341847,Regular,4,Delete,Deployment,true
3.027304215,Regular,52,Create,Deployment,true
3.079932166,Regular,52,Create,ConfigMap,true
3.13213335,Regular,2,Update,Deployment,true
3.134355359,Regular,4,Delete,ConfigMap,true
3.138926378,Regular,1,Delete,Deployment,true
3.140711882,Regular,52,Create,Deployment,true
3.193110079,Regular,52,Create,ConfigMap,true
3.245714555,Regular,2,Update,Deployment,true
3.248258894,Regular,2,Delete,ConfigMap,true
3.250297116,Regular,1,Delete,Deployment,true
3.251564842,Regular,52,Create,Deployment,true
3.304440581,Regular,51,Create,ConfigMap,true
3.356181054,Regular,1,Update,Deployment,true
3.357719712,Regular,1,Delete,ConfigMap,true
3.35906775,Regular,1,Delete,Deployment,true
3.360520245,Regular,52,Create,Deployment,true
3.413019202,Regular,53,Create,ConfigMap,true
3.466101151,Regular,1,Update,Deployment,true
3.4677442259999998,Regular,1,Delete,ConfigMap,true
3.469200588,Regular,1,Delete,Deployment,true
3.47046607,Regular,52,Create,Deployment,true
3.522724502,Regular,52,Create,ConfigMap,true
3.575123921,Regular,2,Update,Deployment,true
3.57713919,Regular,1,Delete,ConfigMap,true
3.578910337,Regular,1,Delete,Deployment,true
3.5808695999999998,Regular,54,Create,Deployment,true
3.635400056,Regular,52,Create,ConfigMap,true
3.688037605,Regular,1,Update,Deployment,true
3.689679839,Regular,1,Delete,ConfigMap,true
3.691391313,Regular,2,Delete,Deployment,true
3.693424215,Regular,54,Create,Deployment,true
3.747927259,Regular,52,Create,ConfigMap,true
3.800451354,Regular,1,Update,Deployment,true
3.802128113,Regular,4,Delete,ConfigMap,true
3.806348038,Regular,1,Delete,Deployment,true
3.807981054,Regular,52,Create,Deployment,true
3.860173652,Regular,51,Create,ConfigMap,true
3.911946897,Regular,1,Update,Deployment,true
3.913061824,Regular,1,Delete,ConfigMap,true
3.914234761,Regular,1,Delete,Deployment,true
3.9156766960000002,Regular,52,Create,Deployment,true
3.967738207,Regular,51,Create,ConfigMap,true
3.027503902,Regular,52,Create,Deployment,true
3.079932266,Regular,52,Create,ConfigMap,true
3.132131116,Regular,2,Update,Deployment,true
3.134420132,Regular,4,Delete,ConfigMap,true
3.13931389,Regular,1,Delete,Deployment,true
3.140931417,Regular,52,Create,Deployment,true
3.193118335,Regular,52,Create,ConfigMap,true
3.245533032,Regular,2,Update,Deployment,true
3.248046863,Regular,2,Delete,ConfigMap,true
3.2504676679999998,Regular,1,Delete,Deployment,true
3.251543371,Regular,52,Create,Deployment,true
3.304165381,Regular,52,Create,ConfigMap,true
3.356203377,Regular,1,Update,Deployment,true
3.357694224,Regular,1,Delete,ConfigMap,true
3.359000873,Regular,1,Delete,Deployment,true
3.360487984,Regular,52,Create,Deployment,true
3.4130348010000002,Regular,53,Create,ConfigMap,true
3.466080952,Regular,1,Update,Deployment,true
3.467505314,Regular,1,Delete,ConfigMap,true
3.468939144,Regular,1,Delete,Deployment,true
3.470167806,Regular,52,Create,Deployment,true
3.522300942,Regular,52,Create,ConfigMap,true
3.574807072,Regular,2,Update,Deployment,true
3.576823423,Regular,1,Delete,ConfigMap,true
3.578271279,Regular,1,Delete,Deployment,true
3.579609037,Regular,52,Create,Deployment,true
3.632490477,Regular,55,Create,ConfigMap,true
3.6880460409999998,Regular,1,Update,Deployment,true
3.6897106170000002,Regular,1,Delete,ConfigMap,true
3.691417122,Regular,1,Delete,Deployment,true
3.693148223,Regular,54,Create,Deployment,true
3.747381368,Regular,53,Create,ConfigMap,true
3.800515805,Regular,2,Update,Deployment,true
3.802982287,Regular,4,Delete,ConfigMap,true
3.80699497,Regular,3,Delete,Deployment,true
3.8108105009999997,Regular,52,Create,Deployment,true
3.863671823,Regular,51,Create,ConfigMap,true
3.915667288,Regular,1,Update,Deployment,true
3.916939623,Regular,1,Delete,ConfigMap,true
3.918193122,Regular,2,Delete,Deployment,true
3.920304122,Regular,51,Create,Deployment,true
3.972030779,Regular,54,Create,ConfigMap,true
3.02069793,Regular,2,Delete,ConfigMap,true
3.022853093,Regular,4,Delete,Deployment,true
3.027437978,Regular,52,Create,Deployment,true
3.079687203,Regular,51,Create,ConfigMap,true
3.13126579,Regular,1,Update,Deployment,true
3.132724217,Regular,1,Delete,ConfigMap,true
3.134520371,Regular,4,Delete,Deployment,true
3.139336633,Regular,52,Create,Deployment,true
3.191458327,Regular,54,Create,ConfigMap,true
3.24572765,Regular,4,Update,Deployment,true
3.250379091,Regular,1,Delete,ConfigMap,true
3.251576624,Regular,1,Delete,Deployment,true
3.252733781,Regular,53,Create,Deployment,true
3.306402328,Regular,52,Create,ConfigMap,true
3.358986205,Regular,1,Update,Deployment,true
3.36050189,Regular,1,Delete,ConfigMap,true
3.361903639,Regular,1,Delete,Deployment,true
3.363342599,Regular,52,Create,Deployment,true
3.415708274,Regular,52,Create,ConfigMap,true
3.46772542,Regular,1,Update,Deployment,true
3.4691868120000002,Regular,1,Delete,ConfigMap,true
3.470422768,Regular,1,Delete,Deployment,true
3.471800902,Regular,52,Create,Deployment,true
3.524068061,Regular,51,Create,ConfigMap,true
3.575716451,Regular,1,Update,Deployment,true
3.577251031,Regular,1,Delete,ConfigMap,true
3.5788914910000003,Regular,1,Delete,Deployment,true
3.580870662,Regular,52,Create,Deployment,true
3.633555069,Regular,54,Create,ConfigMap,true
3.688037224,Regular,1,Update,Deployment,true
3.689748799,Regular,1,Delete,ConfigMap,true
3.691148203,Regular,1,Delete,Deployment,true
3.693148624,Regular,54,Create,Deployment,true
3.747654294,Regular,52,Create,ConfigMap,true
3.8004987630000002,Regular,1,Update,Deployment,true
3.802136759,Regular,4,Delete,ConfigMap,true
3.806750599,Regular,3,Delete,Deployment,true
3.810272485,Regular,53,Create,Deployment,true
3.86342155,Regular,51,Create,ConfigMap,true
3.915047507,Regular,1,Update,Deployment,true
3.916377451,Regular,1,Delete,ConfigMap,true
3.917649906,Regular,1,Delete,Deployment,true
3.919302068,Regular,52,Create,Deployment,true
3.972081265,Regular,54,Create,ConfigMap,true
3.027316328,Regular,52,Create,Deployment,true
3.079970107,Regular,52,Create,ConfigMap,true
3.1321441,Regular,2,Update,Deployment,true
3.134421995,Regular,4,Delete,ConfigMap,true
3.139362943,Regular,1,Delete,Deployment,true
3.140969078,Regular,52,Create,Deployment,true
3.193106312,Regular,52,Create,ConfigMap,true
3.245687404,Regular,4,Update,Deployment,true
3.250277739,Regular,1,Delete,ConfigMap,true
3.251565243,Regular,1,Delete,Deployment,true
3.252787643,Regular,53,Create,Deployment,true
3.306500454,Regular,52,Create,ConfigMap,true
3.359000873,Regular,1,Update,Deployment,true
3.360500127,Regular,1,Delete,ConfigMap,true
3.361900774,Regular,1,Delete,Deployment,true
3.363547416,Regular,52,Create,Deployment,true
3.415951083,Regular,51,Create,ConfigMap,true
3.467748254,Regular,1,Update,Deployment,true
3.469195569,Regular,1,Delete,ConfigMap,true
3.470438908,Regular,1,Delete,Deployment,true
3.471596656,Regular,52,Create,Deployment,true
3.523810244,Regular,51,Create,ConfigMap,true
3.575590302,Regular,1,Update,Deployment,true
3.577121757,Regular,1,Delete,ConfigMap,true
3.578872756,Regular,2,Delete,Deployment,true
3.580884017,Regular,52,Create,Deployment,true
3.633234654,Regular,54,Create,ConfigMap,true
3.687788594,Regular,1,Update,Deployment,true
3.689546527,Regular,1,Delete,ConfigMap,true
3.691270645,Regular,1,Delete,Deployment,true
3.693181606,Regular,54,Create,Deployment,true
3.747727091,Regular,52,Create,ConfigMap,true
3.800561792,Regular,2,Update,Deployment,true
3.802948513,Regular,4,Delete,ConfigMap,true
3.807053441,Regular,3,Delete,Deployment,true
3.810831922,Regular,52,Create,Deployment,true
3.863637068,Regular,51,Create,ConfigMap,true
3.915422426,Regular,1,Update,Deployment,true
3.916713786,Regular,1,Delete,ConfigMap,true
3.9178895689999997,Regular,1,Delete,Deployment,true
3.9190794970000002,Regular,52,Create,Deployment,true
3.972032222,Regular,54,Create,ConfigMap,true
3.01912641,Regular,1,Update,Deployment,true
3.020859445,Regular,2,Delete,ConfigMap,true
3.02287812,Regular,2,Delete,Deployment,true
3.025424152,Regular,52,Create,Deployment,true
3.078296425,Regular,51,Create,ConfigMap,true
3.129867027,Regular,1,Update,Deployment,true
3.131204174,Regular,1,Delete,ConfigMap,true
3.132771175,Regular,1,Delete,Deployment,true
3.134388863,Regular,53,Create,Deployment,true
3.187947091,Regular,52,Create,ConfigMap,true
3.239980979,Regular,1,Update,Deployment,true
3.241273412,Regular,3,Delete,ConfigMap,true
3.244290304,Regular,2,Delete,Deployment,true
3.246335068,Regular,53,Create,Deployment,true
3.299788439,Regular,52,Create,ConfigMap,true
3.3519623210000002,Regular,1,Update,Deployment,true
3.353654299,Regular,1,Delete,ConfigMap,true
3.354862783,Regular,1,Delete,Deployment,true
3.356181014,Regular,52,Create,Deployment,true
3.408292769,Regular,51,Create,ConfigMap,true
3.4602604120000002,Regular,1,Update,Deployment,true
3.461718328,Regular,1,Delete,ConfigMap,true
3.463577942,Regular,2,Delete,Deployment,true
3.466074079,Regular,54,Create,Deployment,true
3.520308967,Regular,53,Create,ConfigMap,true
3.573592507,Regular,1,Update,Deployment,true
3.575335361,Regular,1,Delete,ConfigMap,true
3.577185928,Regular,1,Delete,Deployment,true
3.578887924,Regular,53,Create,Deployment,true
3.632384908,Regular,55,Create,ConfigMap,true
3.688010564,Regular,1,Update,Deployment,true
3.689788023,Regular,1,Delete,ConfigMap,true
3.691380933,Regular,1,Delete,Deployment,true
3.692885347,Regular,54,Create,Deployment,true
3.7476913339999998,Regular,52,Create,ConfigMap,true
3.800542746,Regular,2,Update,Deployment,true
3.803016832,Regular,3,Delete,ConfigMap,true
3.806970384,Regular,3,Delete,Deployment,true
3.810573493,Regular,53,Create,Deployment,true
3.863642648,Regular,52,Create,ConfigMap,true
3.915687717,Regular,1,Update,Deployment,true
3.9169269289999997,Regular,1,Delete,ConfigMap,true
3.918159939,Regular,1,Delete,Deployment,true
3.91938259,Regular,52,Create,Deployment,true
3.971767822,Regular,54,Create,ConfigMap,true
4.026192168,Regular,2,Update,Deployment,true
3.052481788,Regular,1,Update,Deployment,true
3.053682457,Regular,1,Delete,ConfigMap,true
3.054857508,Regular,1,Delete,Deployment,true
3.05612886,Regular,52,Create,Deployment,true
3.108202744,Regular,52,Create,ConfigMap,true
3.160548551,Regular,1,Update,Deployment,true
3.162073012,Regular,1,Delete,ConfigMap,true
3.163957925,Regular,1,Delete,Deployment,true
3.165668437,Regular,53,Create,Deployment,true
3.218790893,Regular,52,Create,ConfigMap,true
3.270989061,Regular,1,Update,Deployment,true
3.272511498,Regular,1,Delete,ConfigMap,true
3.273771119,Regular,1,Delete,Deployment,true
3.27521099,Regular,51,Create,Deployment,true
3.32705007,Regular,52,Create,ConfigMap,true
3.379153259,Regular,1,Update,Deployment,true
3.380601146,Regular,1,Delete,ConfigMap,true
3.382204375,Regular,2,Delete,Deployment,true
3.38493176,Regular,52,Create,Deployment,true
3.437763636,Regular,52,Create,ConfigMap,true
3.490526982,Regular,1,Update,Deployment,true
3.491952236,Regular,1,Delete,ConfigMap,true
3.4933357210000002,Regular,1,Delete,Deployment,true
3.494509599,Regular,55,Create,Deployment,true
3.549622005,Regular,54,Create,ConfigMap,true
3.603695548,Regular,6,Update,Deployment,true
3.609951601,Regular,2,Delete,ConfigMap,true
3.612887239,Regular,1,Delete,Deployment,true
3.614287766,Regular,54,Create,Deployment,true
3.66922936,Regular,55,Create,ConfigMap,true
3.724347647,Regular,2,Update,Deployment,true
3.7269985869999998,Regular,1,Delete,ConfigMap,true
3.728575106,Regular,1,Delete,Deployment,true
3.729830789,Regular,52,Create,Deployment,true
3.782246248,Regular,58,Create,ConfigMap,true
3.840474072,Regular,1,Update,Deployment,true
3.841963006,Regular,1,Delete,ConfigMap,true
3.8437455050000002,Regular,1,Delete,Deployment,true
3.845678388,Regular,51,Create,Deployment,true
3.897589484,Regular,53,Create,ConfigMap,true
3.951562156,Regular,2,Update,Deployment,true
3.954152962,Regular,1,Delete,ConfigMap,true
3.955362989,Regular,1,Delete,Deployment,true
3.95654884,Regular,52,Create,Deployment,true
4.008920166,Regular,52,Create,ConfigMap,true
4.061720372,Regular,1,Update,Deployment,true
4.063229645,Regular,2,Delete,ConfigMap,true
4.065720852,Regular,1,Delete,Deployment,true
4.067155644,Regular,52,Create,Deployment,true
4.119196004,Regular,51,Create,ConfigMap,true
4.171149641,Regular,1,Update,Deployment,true
4.172698107,Regular,1,Delete,ConfigMap,true
4.173977004,Regular,1,Delete,Deployment,true
4.175153929,Regular,53,Create,Deployment,true
4.229001424,Regular,52,Create,ConfigMap,true
4.281740084,Regular,2,Update,Deployment,true
4.283946253,Regular,2,Delete,ConfigMap,true
4.286067272,Regular,1,Delete,Deployment,true
4.287165247,Regular,51,Create,Deployment,true
4.338777939,Regular,52,Create,ConfigMap,true
4.390939288,Regular,1,Update,Deployment,true
4.39209916,Regular,1,Delete,ConfigMap,true
4.39319456,Regular,1,Delete,Deployment,true
4.394389158,Regular,53,Create,Deployment,true
4.447449686,Regular,53,Create,ConfigMap,true
4.500868862,Regular,1,Update,Deployment,true
4.502112422,Regular,4,Delete,ConfigMap,true
4.506856358,Regular,1,Delete,Deployment,true
4.508317659,Regular,53,Create,Deployment,true
4.561561975,Regular,54,Create,ConfigMap,true
4.615690361,Regular,1,Update,Deployment,true
4.6173745440000005,Regular,1,Delete,ConfigMap,true
4.619285355,Regular,1,Delete,Deployment,true
4.620708806,Regular,52,Create,Deployment,true
4.673205198,Regular,53,Create,ConfigMap,true
4.726375944,Regular,1,Update,Deployment,true
4.727937916,Regular,1,Delete,ConfigMap,true
4.7293752829999995,Regular,1,Delete,Deployment,true
4.730491622,Regular,54,Create,Deployment,true
4.784795571,Regular,51,Create,ConfigMap,true
4.836383686,Regular,1,Update,Deployment,true
4.837614653,Regular,1,Delete,ConfigMap,true
4.838813428,Regular,1,Delete,Deployment,true
4.839950577,Regular,52,Create,Deployment,true
4.892804475,Regular,53,Create,ConfigMap,true
4.946269958,Regular,2,Update,Deployment,true
4.949144671,Regular,1,Delete,ConfigMap,true
4.950765865,Regular,1,Delete,Deployment,true
4.952028231,Regular,52,Create,Deployment,true
4.004262684,Regular,2,Update,Deployment,true
4.006416574,Regular,1,Delete,ConfigMap,true
4.008066823,Regular,1,Delete,Deployment,true
4.009429238,Regular,51,Create,Deployment,true
4.061360662,Regular,53,Create,ConfigMap,true
4.11472267,Regular,1,Update,Deployment,true
4.116043777,Regular,1,Delete,ConfigMap,true
4.117913751,Regular,2,Delete,Deployment,true
4.119940551,Regular,52,Create,Deployment,true
4.172686936,Regular,53,Create,ConfigMap,true
4.225853735,Regular,3,Update,Deployment,true
4.228964263,Regular,1,Delete,ConfigMap,true
4.230843064,Regular,1,Delete,Deployment,true
4.23218993,Regular,53,Create,Deployment,true
4.286019551,Regular,52,Create,ConfigMap,true
4.33828148,Regular,1,Update,Deployment,true
4.339581698,Regular,1,Delete,ConfigMap,true
4.340656449,Regular,1,Delete,Deployment,true
4.341954011,Regular,51,Create,Deployment,true
4.393876669,Regular,53,Create,ConfigMap,true
4.4474685019999995,Regular,2,Update,Deployment,true
4.449643011,Regular,2,Delete,ConfigMap,true
4.451706471,Regular,1,Delete,Deployment,true
4.453353553,Regular,53,Create,Deployment,true
4.507362785,Regular,54,Create,ConfigMap,true
4.561567135,Regular,5,Update,Deployment,true
4.567454732,Regular,3,Delete,ConfigMap,true
4.570837655,Regular,1,Delete,Deployment,true
4.572047431,Regular,54,Create,Deployment,true
4.626095716,Regular,54,Create,ConfigMap,true
4.680221357,Regular,3,Update,Deployment,true
4.683250041,Regular,5,Delete,ConfigMap,true
4.688302059,Regular,1,Delete,Deployment,true
4.6901386800000004,Regular,54,Create,Deployment,true
4.744952672,Regular,53,Create,ConfigMap,true
4.798317776,Regular,1,Update,Deployment,true
4.7996541409999995,Regular,1,Delete,ConfigMap,true
4.800777775,Regular,1,Delete,Deployment,true
4.802003091,Regular,53,Create,Deployment,true
4.855351263,Regular,53,Create,ConfigMap,true
4.9088565410000005,Regular,1,Update,Deployment,true
4.9099977280000004,Regular,1,Delete,ConfigMap,true
4.911151609,Regular,1,Delete,Deployment,true
4.91230558,Regular,54,Create,Deployment,true
4.966432483,Regular,52,Create,ConfigMap,true
4.028416391,Regular,1,Delete,ConfigMap,true
4.03003476,Regular,1,Delete,Deployment,true
4.031413636,Regular,52,Create,Deployment,true
4.083670385,Regular,52,Create,ConfigMap,true
4.136026011,Regular,4,Update,Deployment,true
4.14098885,Regular,3,Delete,ConfigMap,true
4.144273448,Regular,2,Delete,Deployment,true
4.147007415,Regular,52,Create,Deployment,true
4.199096086,Regular,51,Create,ConfigMap,true
4.250964983,Regular,1,Update,Deployment,true
4.25272043,Regular,1,Delete,ConfigMap,true
4.254341524,Regular,1,Delete,Deployment,true
4.255666678,Regular,52,Create,Deployment,true
4.307922636,Regular,53,Create,ConfigMap,true
4.361624466,Regular,4,Update,Deployment,true
4.366164967,Regular,1,Delete,ConfigMap,true
4.36800795,Regular,1,Delete,Deployment,true
4.369495081,Regular,52,Create,Deployment,true
4.422104837,Regular,51,Create,ConfigMap,true
4.473973312,Regular,1,Update,Deployment,true
4.475616678,Regular,1,Delete,ConfigMap,true
4.47691953,Regular,1,Delete,Deployment,true
4.478037724,Regular,54,Create,Deployment,true
4.532069307,Regular,52,Create,ConfigMap,true
4.584673864,Regular,2,Update,Deployment,true
4.587366543,Regular,1,Delete,ConfigMap,true
4.589366051,Regular,1,Delete,Deployment,true
4.590888839,Regular,53,Create,Deployment,true
4.643914531,Regular,52,Create,ConfigMap,true
4.696735778,Regular,1,Update,Deployment,true
4.698122769,Regular,1,Delete,ConfigMap,true
4.699484783,Regular,1,Delete,Deployment,true
4.700902783,Regular,53,Create,Deployment,true
4.7541770450000005,Regular,52,Create,ConfigMap,true
4.806396844,Regular,1,Update,Deployment,true
4.808020673,Regular,1,Delete,ConfigMap,true
4.809300272,Regular,1,Delete,Deployment,true
4.810533132,Regular,53,Create,Deployment,true
4.8636333149999995,Regular,52,Create,ConfigMap,true
4.915875937,Regular,1,Update,Deployment,true
4.917132202,Regular,1,Delete,ConfigMap,true
4.918386843,Regular,2,Delete,Deployment,true
4.92062867,Regular,52,Create,Deployment,true
4.972978084,Regular,53,Create,ConfigMap,true
4.019667297,Regular,2,Update,Deployment,true
4.022149568,Regular,4,Delete,ConfigMap,true
4.026232815,Regular,2,Delete,Deployment,true
4.028684388,Regular,51,Create,Deployment,true
4.080559656,Regular,53,Create,ConfigMap,true
4.133749098,Regular,2,Update,Deployment,true
4.136042492,Regular,4,Delete,ConfigMap,true
4.1401495839999995,Regular,1,Delete,Deployment,true
4.141932063,Regular,53,Create,Deployment,true
4.195623453,Regular,53,Create,ConfigMap,true
4.249292472,Regular,1,Update,Deployment,true
4.250986894,Regular,1,Delete,ConfigMap,true
4.25262501,Regular,1,Delete,Deployment,true
4.254326305,Regular,52,Create,Deployment,true
4.306918228,Regular,51,Create,ConfigMap,true
4.358899667,Regular,2,Update,Deployment,true
4.3612139899999995,Regular,2,Delete,ConfigMap,true
4.36325099,Regular,2,Delete,Deployment,true
4.366147294,Regular,52,Create,Deployment,true
4.41838651,Regular,52,Create,ConfigMap,true
4.470780949,Regular,1,Update,Deployment,true
4.472171387,Regular,1,Delete,ConfigMap,true
4.47397721,Regular,1,Delete,Deployment,true
4.475600057,Regular,56,Create,Deployment,true
4.531920947,Regular,52,Create,ConfigMap,true
4.584691938,Regular,2,Update,Deployment,true
4.587292733,Regular,2,Delete,ConfigMap,true
4.589347957,Regular,1,Delete,Deployment,true
4.591296249,Regular,53,Create,Deployment,true
4.645132654,Regular,53,Create,ConfigMap,true
4.698410182,Regular,1,Update,Deployment,true
4.699723294,Regular,1,Delete,ConfigMap,true
4.701209452,Regular,3,Delete,Deployment,true
4.70449408,Regular,51,Create,Deployment,true
4.756177646,Regular,52,Create,ConfigMap,true
4.808221222,Regular,1,Update,Deployment,true
4.8095362680000004,Regular,1,Delete,ConfigMap,true
4.810924692,Regular,1,Delete,Deployment,true
4.812284522,Regular,54,Create,Deployment,true
4.866881764,Regular,52,Create,ConfigMap,true
4.919876558,Regular,2,Update,Deployment,true
4.921889652,Regular,4,Delete,ConfigMap,true
4.926049694,Regular,2,Delete,Deployment,true
4.9286539860000005,Regular,53,Create,Deployment,true
4.98195564,Regular,53,Create,ConfigMap,true
4.01864257,Regular,1,Update,Deployment,true
4.020344927,Regular,1,Delete,ConfigMap,true
4.02198136,Regular,4,Delete,Deployment,true
4.026051642,Regular,53,Create,Deployment,true
4.079574414,Regular,54,Create,ConfigMap,true
4.13417377,Regular,3,Update,Deployment,true
4.137896236,Regular,3,Delete,ConfigMap,true
4.140996996,Regular,3,Delete,Deployment,true
4.144395158,Regular,52,Create,Deployment,true
4.196998272,Regular,52,Create,ConfigMap,true
4.249288394,Regular,1,Update,Deployment,true
4.250706344,Regular,1,Delete,ConfigMap,true
4.252053109,Regular,1,Delete,Deployment,true
4.253597838,Regular,52,Create,Deployment,true
4.306052021,Regular,52,Create,ConfigMap,true
4.358911729,Regular,2,Update,Deployment,true
4.361269435,Regular,2,Delete,ConfigMap,true
4.364029151,Regular,2,Delete,Deployment,true
4.366143437,Regular,52,Create,Deployment,true
4.418359158,Regular,52,Create,ConfigMap,true
4.470725725,Regular,1,Update,Deployment,true
4.472207435,Regular,1,Delete,ConfigMap,true
4.473987188,Regular,1,Delete,Deployment,true
4.475355635,Regular,56,Create,Deployment,true
4.531992512,Regular,55,Create,ConfigMap,true
4.5877032589999995,Regular,1,Update,Deployment,true
4.589059592,Regular,1,Delete,ConfigMap,true
4.590456522,Regular,1,Delete,Deployment,true
4.5923791959999996,Regular,52,Create,Deployment,true
4.644894273,Regular,53,Create,ConfigMap,true
4.698384213,Regular,1,Update,Deployment,true
4.69996992,Regular,1,Delete,ConfigMap,true
4.701767748,Regular,2,Delete,Deployment,true
4.704239208,Regular,51,Create,Deployment,true
4.756141477,Regular,52,Create,ConfigMap,true
4.808242342,Regular,1,Update,Deployment,true
4.809551887,Regular,1,Delete,ConfigMap,true
4.810868796,Regular,1,Delete,Deployment,true
4.812283099,Regular,55,Create,Deployment,true
4.867759913,Regular,52,Create,ConfigMap,true
4.91990421,Regular,2,Update,Deployment,true
4.921979112,Regular,3,Delete,ConfigMap,true
4.925895323,Regular,2,Delete,Deployment,true
4.928850438,Regular,53,Create,Deployment,true
4.982007739,Regular,53,Create,ConfigMap,true
4.026278461,Regular,2,Update,Deployment,true
4.028430167,Regular,1,Delete,ConfigMap,true
4.030069285,Regular,1,Delete,Deployment,true
4.031434275,Regular,51,Create,Deployment,true
4.08343492,Regular,52,Create,ConfigMap,true
4.136084872,Regular,4,Update,Deployment,true
4.140995764,Regular,2,Delete,ConfigMap,true
4.143680657,Regular,1,Delete,Deployment,true
4.145564578,Regular,52,Create,Deployment,true
4.19854255,Regular,52,Create,ConfigMap,true
4.250955104,Regular,1,Update,Deployment,true
4.252364567,Regular,1,Delete,ConfigMap,true
4.254062637,Regular,1,Delete,Deployment,true
4.255423589,Regular,52,Create,Deployment,true
4.308220389,Regular,53,Create,ConfigMap,true
4.361473,Regular,2,Update,Deployment,true
4.364025524,Regular,2,Delete,ConfigMap,true
4.366080077,Regular,1,Delete,Deployment,true
4.367800047,Regular,51,Create,Deployment,true
4.4196680520000005,Regular,51,Create,ConfigMap,true
4.47127839,Regular,1,Update,Deployment,true
4.472536046,Regular,1,Delete,ConfigMap,true
4.473740683,Regular,1,Delete,Deployment,true
4.475070706,Regular,57,Create,Deployment,true
4.532109624,Regular,52,Create,ConfigMap,true
4.584669836,Regular,2,Update,Deployment,true
4.587372334,Regular,1,Delete,ConfigMap,true
4.589282093,Regular,2,Delete,Deployment,true
4.591326226,Regular,53,Create,Deployment,true
4.644871951,Regular,53,Create,ConfigMap,true
4.698429549,Regular,1,Update,Deployment,true
4.699888616,Regular,1,Delete,ConfigMap,true
4.701252293,Regular,2,Delete,Deployment,true
4.703729615,Regular,52,Create,Deployment,true
4.755904059,Regular,52,Create,ConfigMap,true
4.808242272,Regular,1,Update,Deployment,true
4.809536248,Regular,1,Delete,ConfigMap,true
4.810921265,Regular,1,Delete,Deployment,true
4.812275004,Regular,55,Create,Deployment,true
4.867769051,Regular,52,Create,ConfigMap,true
4.919849617,Regular,2,Update,Deployment,true
4.921912816,Regular,4,Delete,ConfigMap,true
4.925939236,Regular,2,Delete,Deployment,true
4.9288277350000005,Regular,53,Create,Deployment,true
4.982007639,Regular,53,Create,ConfigMap,true
4.019321824,Regular,1,Update,Deployment,true
4.020745124,Regular,1,Delete,ConfigMap,true
4.022115082,Regular,3,Delete,Deployment,true
4.026060339,Regular,53,Create,Deployment,true
4.079371671,Regular,54,Create,ConfigMap,true
4.134149224,Regular,1,Update,Deployment,true
4.135781639,Regular,5,Delete,ConfigMap,true
4.140997978,Regular,3,Delete,Deployment,true
4.144471272,Regular,52,Create,Deployment,true
4.196747067,Regular,52,Create,ConfigMap,true
4.249426986,Regular,1,Update,Deployment,true
4.250962969,Regular,1,Delete,ConfigMap,true
4.252619138,Regular,1,Delete,Deployment,true
4.254306918,Regular,52,Create,Deployment,true
4.306725443,Regular,51,Create,ConfigMap,true
4.358667187,Regular,2,Update,Deployment,true
4.361223238,Regular,1,Delete,ConfigMap,true
4.362952316,Regular,3,Delete,Deployment,true
4.36614545,Regular,51,Create,Deployment,true
4.418114255,Regular,52,Create,ConfigMap,true
4.470388237,Regular,1,Update,Deployment,true
4.471945721,Regular,1,Delete,ConfigMap,true
4.47342734,Regular,1,Delete,Deployment,true
4.4747038230000005,Regular,57,Create,Deployment,true
4.532046564,Regular,52,Create,ConfigMap,true
4.584669746,Regular,2,Update,Deployment,true
4.587482872,Regular,1,Delete,ConfigMap,true
4.589347967,Regular,1,Delete,Deployment,true
4.591294105,Regular,53,Create,Deployment,true
4.64526279,Regular,53,Create,ConfigMap,true
4.698428166,Regular,1,Update,Deployment,true
4.699974769,Regular,1,Delete,ConfigMap,true
4.701802123,Regular,1,Delete,Deployment,true
4.703729736,Regular,52,Create,Deployment,true
4.755896264,Regular,52,Create,ConfigMap,true
4.808219279,Regular,1,Update,Deployment,true
4.809503145,Regular,1,Delete,ConfigMap,true
4.810862895,Regular,1,Delete,Deployment,true
4.812321942,Regular,55,Create,Deployment,true
4.868027429,Regular,52,Create,ConfigMap,true
4.920902467,Regular,2,Update,Deployment,true
4.923856359,Regular,2,Delete,ConfigMap,true
4.926198666,Regular,2,Delete,Deployment,true
4.928371853,Regular,53,Create,Deployment,true
4.981955751,Regular,53,Create,ConfigMap,true
4.026342883,Regular,2,Update,Deployment,true
4.02852163,Regular,1,Delete,ConfigMap,true
4.03005059,Regular,1,Delete,Deployment,true
4.031663067,Regular,52,Create,Deployment,true
4.083690243,Regular,52,Create,ConfigMap,true
4.136044596,Regular,4,Update,Deployment,true
4.140746422,Regular,1,Delete,ConfigMap,true
4.142385249,Regular,2,Delete,Deployment,true
4.144794352,Regular,53,Create,Deployment,true
4.198222365,Regular,52,Create,ConfigMap,true
4.250940416,Regular,1,Update,Deployment,true
4.252608819,Regular,1,Delete,ConfigMap,true
4.254306548,Regular,1,Delete,Deployment,true
4.255649455,Regular,52,Create,Deployment,true
4.308212514,Regular,53,Create,ConfigMap,true
4.36159481,Regular,4,Update,Deployment,true
4.366079626,Regular,1,Delete,ConfigMap,true
4.367932097,Regular,1,Delete,Deployment,true
4.369704216,Regular,52,Create,Deployment,true
4.422023283,Regular,51,Create,ConfigMap,true
4.474016774,Regular,1,Update,Deployment,true
4.475641475,Regular,1,Delete,ConfigMap,true
4.47713116,Regular,1,Delete,Deployment,true
4.47825274,Regular,53,Create,Deployment,true
4.532099124,Regular,52,Create,ConfigMap,true
4.584677711,Regular,2,Update,Deployment,true
4.587472062,Regular,1,Delete,ConfigMap,true
4.589353798,Regular,1,Delete,Deployment,true
4.591231878,Regular,53,Create,Deployment,true
4.644854438,Regular,53,Create,ConfigMap,true
4.698418568,Regular,1,Update,Deployment,true
4.69998071,Regular,1,Delete,ConfigMap,true
4.701778488,Regular,3,Delete,Deployment,true
4.70528773,Regular,52,Create,Deployment,true
4.757459559,Regular,52,Create,ConfigMap,true
4.809556887,Regular,1,Update,Deployment,true
4.810808672,Regular,1,Delete,ConfigMap,true
4.812032505,Regular,1,Delete,Deployment,true
4.813308727,Regular,54,Create,Deployment,true
4.867808435,Regular,52,Create,ConfigMap,true
4.919859616,Regular,1,Update,Deployment,true
4.921854135,Regular,4,Delete,ConfigMap,true
4.926229123,Regular,2,Delete,Deployment,true
4.928868782,Regular,53,Create,Deployment,true
4.981963014,Regular,53,Create,ConfigMap,true
4.026303027,Regular,2,Update,Deployment,true
4.02837326,Regular,1,Delete,ConfigMap,true
4.029826637,Regular,1,Delete,Deployment,true
4.031098681,Regular,51,Create,Deployment,true
4.083100468,Regular,52,Create,ConfigMap,true
4.136053984,Regular,4,Update,Deployment,true
4.141024047,Regular,2,Delete,ConfigMap,true
4.143971347,Regular,2,Delete,Deployment,true
4.146033594,Regular,52,Create,Deployment,true
4.198573699,Regular,52,Create,ConfigMap,true
4.250978358,Regular,1,Update,Deployment,true
4.252353697,Regular,1,Delete,ConfigMap,true
4.254326355,Regular,1,Delete,Deployment,true
4.255695533,Regular,52,Create,Deployment,true
4.308170935,Regular,53,Create,ConfigMap,true
4.361464193,Regular,2,Update,Deployment,true
4.36427224,Regular,1,Delete,ConfigMap,true
4.366122026,Regular,1,Delete,Deployment,true
4.3678290220000004,Regular,51,Create,Deployment,true
4.419459498,Regular,51,Create,ConfigMap,true
4.471156569,Regular,1,Update,Deployment,true
4.4724915020000005,Regular,1,Delete,ConfigMap,true
4.473965467,Regular,1,Delete,Deployment,true
4.475507833,Regular,56,Create,Deployment,true
4.5320129609999995,Regular,52,Create,ConfigMap,true
4.584669546,Regular,2,Update,Deployment,true
4.587372935,Regular,1,Delete,ConfigMap,true
4.589321257,Regular,1,Delete,Deployment,true
4.59116961,Regular,54,Create,Deployment,true
4.645392625,Regular,53,Create,ConfigMap,true
4.6984490260000005,Regular,1,Update,Deployment,true
4.699945604,Regular,1,Delete,ConfigMap,true
4.701847639,Regular,4,Delete,Deployment,true
4.706366359,Regular,52,Create,Deployment,true
4.758712126,Regular,52,Create,ConfigMap,true
4.810832177,Regular,1,Update,Deployment,true
4.812274863,Regular,1,Delete,ConfigMap,true
4.81351151,Regular,4,Delete,Deployment,true
4.818495329,Regular,54,Create,Deployment,true
4.873009765,Regular,53,Create,ConfigMap,true
4.926771439,Regular,1,Update,Deployment,true
4.928739758,Regular,1,Delete,ConfigMap,true
4.930369218,Regular,1,Delete,Deployment,true
4.931525533,Regular,52,Create,Deployment,true
4.984127665,Regular,52,Create,ConfigMap,true
4.008852518,Regular,52,Create,ConfigMap,true
4.061700855,Regular,1,Update,Deployment,true
4.063458337,Regular,2,Delete,ConfigMap,true
4.065729559,Regular,1,Delete,Deployment,true
4.066921882,Regular,51,Create,Deployment,true
4.118912909,Regular,51,Create,ConfigMap,true
4.170906391,Regular,1,Update,Deployment,true
4.172463384,Regular,1,Delete,ConfigMap,true
4.173682988,Regular,1,Delete,Deployment,true
4.174931067,Regular,54,Create,Deployment,true
4.22914754,Regular,52,Create,ConfigMap,true
4.281735094,Regular,1,Update,Deployment,true
4.28373794,Regular,2,Delete,ConfigMap,true
4.286021355,Regular,1,Delete,Deployment,true
4.287385663,Regular,51,Create,Deployment,true
4.33905918,Regular,51,Create,ConfigMap,true
4.39093523,Regular,1,Update,Deployment,true
4.392319887,Regular,1,Delete,ConfigMap,true
4.393466985,Regular,1,Delete,Deployment,true
4.394612399,Regular,52,Create,Deployment,true
4.447452,Regular,53,Create,ConfigMap,true
4.500601396,Regular,1,Update,Deployment,true
4.50203213,Regular,1,Delete,ConfigMap,true
4.503949133,Regular,3,Delete,Deployment,true
4.507205828,Regular,53,Create,Deployment,true
4.561093339,Regular,54,Create,ConfigMap,true
4.615442753,Regular,1,Update,Deployment,true
4.6173147409999995,Regular,1,Delete,ConfigMap,true
4.618911118,Regular,1,Delete,Deployment,true
4.620420871,Regular,53,Create,Deployment,true
4.673468135,Regular,52,Create,ConfigMap,true
4.726153684,Regular,1,Update,Deployment,true
4.727894514,Regular,1,Delete,ConfigMap,true
4.729151089,Regular,1,Delete,Deployment,true
4.730272759,Regular,54,Create,Deployment,true
4.784564193,Regular,52,Create,ConfigMap,true
4.836625774,Regular,1,Update,Deployment,true
4.837830981,Regular,1,Delete,ConfigMap,true
4.839034346,Regular,1,Delete,Deployment,true
4.840193977,Regular,52,Create,Deployment,true
4.8931284470000005,Regular,52,Create,ConfigMap,true
4.94597962,Regular,3,Update,Deployment,true
4.949209444,Regular,1,Delete,ConfigMap,true
4.950552512,Regular,1,Delete,Deployment,true
4.951806001,Regular,52,Create,Deployment,true
5.004700275,Regular,52,Create,ConfigMap,true
5.018498783,Regular,1,Update,Deployment,true
5.019908026,Regular,1,Delete,ConfigMap,true
5.021262345,Regular,1,Delete,Deployment,true
5.022832343,Regular,54,Create,Deployment,true
5.077150668,Regular,52,Create,ConfigMap,true
5.129725989,Regular,1,Update,Deployment,true
5.130803856,Regular,1,Delete,ConfigMap,true
5.131882375,Regular,1,Delete,Deployment,true
5.132929273,Regular,53,Create,Deployment,true
5.186559288,Regular,52,Create,ConfigMap,true
5.239194292,Regular,1,Update,Deployment,true
5.240254325,Regular,1,Delete,ConfigMap,true
5.241504317,Regular,1,Delete,Deployment,true
5.243427893,Regular,53,Create,Deployment,true
5.297186861,Regular,52,Create,ConfigMap,true
5.349950077,Regular,1,Update,Deployment,true
5.351775928,Regular,1,Delete,ConfigMap,true
5.353419163,Regular,1,Delete,Deployment,true
5.354872881,Regular,53,Create,Deployment,true
5.40791297,Regular,52,Create,ConfigMap,true
5.460309674,Regular,1,Update,Deployment,true
5.46178352,Regular,1,Delete,ConfigMap,true
5.463581207,Regular,1,Delete,Deployment,true
5.465554797,Regular,52,Create,Deployment,true
5.517603974,Regular,51,Create,ConfigMap,true
5.56916595,Regular,1,Update,Deployment,true
5.570273082,Regular,1,Delete,ConfigMap,true
5.571454545,Regular,1,Delete,Deployment,true
5.57271104,Regular,52,Create,Deployment,true
5.625635361,Regular,53,Create,ConfigMap,true
5.678947204,Regular,1,Update,Deployment,true
5.680436729,Regular,1,Delete,ConfigMap,true
5.681890757,Regular,1,Delete,Deployment,true
5.683745502,Regular,52,Create,Deployment,true
5.736621812,Regular,52,Create,ConfigMap,true
5.789233923,Regular,1,Update,Deployment,true
5.790492271,Regular,1,Delete,ConfigMap,true
5.791796346,Regular,1,Delete,Deployment,true
5.793050997,Regular,52,Create,Deployment,true
5.845461216,Regular,51,Create,ConfigMap,true
5.897353246,Regular,1,Update,Deployment,true
5.89839248,Regular,1,Delete,ConfigMap,true
5.899510924,Regular,0,Delete,Deployment,true
5.900515372,Regular,52,Create,Deployment,true
5.952850039,Regular,52,Create,ConfigMap,true
5.026679694,Regular,1,Update,Deployment,true
5.028027621,Regular,1,Delete,ConfigMap,true
5.029375939,Regular,1,Delete,Deployment,true
5.030743013,Regular,52,Create,Deployment,true
5.083669979,Regular,52,Create,ConfigMap,true
5.136259627,Regular,1,Update,Deployment,true
5.137273724,Regular,1,Delete,ConfigMap,true
5.138284935,Regular,1,Delete,Deployment,true
5.139422905,Regular,51,Create,Deployment,true
5.190959523,Regular,51,Create,ConfigMap,true
5.242917809,Regular,1,Update,Deployment,true
5.244506241,Regular,3,Delete,ConfigMap,true
5.248297215,Regular,1,Delete,Deployment,true
5.24994517,Regular,53,Create,Deployment,true
5.303597837,Regular,51,Create,ConfigMap,true
5.355513031,Regular,1,Update,Deployment,true
5.356873772,Regular,1,Delete,ConfigMap,true
5.358387623,Regular,1,Delete,Deployment,true
5.359737404,Regular,51,Create,Deployment,true
5.411712772,Regular,52,Create,ConfigMap,true
5.463842571,Regular,1,Update,Deployment,true
5.465595173,Regular,1,Delete,ConfigMap,true
5.467083125,Regular,1,Delete,Deployment,true
5.4681395219999995,Regular,52,Create,Deployment,true
5.520410257,Regular,51,Create,ConfigMap,true
5.57190147,Regular,1,Update,Deployment,true
5.573014083,Regular,1,Delete,ConfigMap,true
5.574136804,Regular,1,Delete,Deployment,true
5.575282309,Regular,53,Create,Deployment,true
5.62860355,Regular,52,Create,ConfigMap,true
5.680728911,Regular,1,Update,Deployment,true
5.681984424,Regular,1,Delete,ConfigMap,true
5.68352727,Regular,2,Delete,Deployment,true
5.686004371,Regular,53,Create,Deployment,true
5.739227777,Regular,52,Create,ConfigMap,true
5.79205261,Regular,1,Update,Deployment,true
5.79332777,Regular,2,Delete,ConfigMap,true
5.795394225,Regular,1,Delete,Deployment,true
5.796773692,Regular,53,Create,Deployment,true
5.850514767,Regular,52,Create,ConfigMap,true
5.90301164,Regular,2,Update,Deployment,true
5.905713386,Regular,1,Delete,ConfigMap,true
5.907197951,Regular,1,Delete,Deployment,true
5.908317968,Regular,52,Create,Deployment,true
5.960359471,Regular,52,Create,ConfigMap,true
5.035670295,Regular,2,Update,Deployment,true
5.037695031,Regular,1,Delete,ConfigMap,true
5.03944564,Regular,1,Delete,Deployment,true
5.041058758,Regular,53,Create,Deployment,true
5.094166867,Regular,53,Create,ConfigMap,true
5.147923541,Regular,1,Update,Deployment,true
5.149249086,Regular,1,Delete,ConfigMap,true
5.150596522,Regular,1,Delete,Deployment,true
5.15183355,Regular,52,Create,Deployment,true
5.204405124,Regular,52,Create,ConfigMap,true
5.257329024,Regular,1,Update,Deployment,true
5.258824751,Regular,1,Delete,ConfigMap,true
5.260565521,Regular,2,Delete,Deployment,true
5.26316839,Regular,52,Create,Deployment,true
5.3157070619999995,Regular,55,Create,ConfigMap,true
5.371316567,Regular,3,Update,Deployment,true
5.374366231,Regular,2,Delete,ConfigMap,true
5.37642924,Regular,1,Delete,Deployment,true
5.377767529,Regular,52,Create,Deployment,true
5.430576482,Regular,53,Create,ConfigMap,true
5.484412847,Regular,4,Update,Deployment,true
5.488764711,Regular,1,Delete,ConfigMap,true
5.490572377,Regular,1,Delete,Deployment,true
5.492106256,Regular,52,Create,Deployment,true
5.544198434,Regular,53,Create,ConfigMap,true
5.597972862,Regular,1,Update,Deployment,true
5.599446657,Regular,2,Delete,ConfigMap,true
5.601683745,Regular,4,Delete,Deployment,true
5.606058953,Regular,52,Create,Deployment,true
5.6589126610000005,Regular,51,Create,ConfigMap,true
5.710670317,Regular,1,Update,Deployment,true
5.711852681,Regular,1,Delete,ConfigMap,true
5.713062047,Regular,1,Delete,Deployment,true
5.714372273,Regular,52,Create,Deployment,true
5.766502704,Regular,52,Create,ConfigMap,true
5.818515572,Regular,1,Update,Deployment,true
5.819762949,Regular,1,Delete,ConfigMap,true
5.821141795,Regular,2,Delete,Deployment,true
5.823268054,Regular,52,Create,Deployment,true
5.875436256,Regular,51,Create,ConfigMap,true
5.927244677,Regular,1,Update,Deployment,true
5.928322354,Regular,1,Delete,ConfigMap,true
5.92958495,Regular,1,Delete,Deployment,true
5.930743269,Regular,52,Create,Deployment,true
5.983426725,Regular,52,Create,ConfigMap,true
6.036280923,Regular,1,Update,Deployment,true
5.035672178,Regular,2,Update,Deployment,true
5.037695061,Regular,1,Delete,ConfigMap,true
5.039475737,Regular,1,Delete,Deployment,true
5.041066753,Regular,52,Create,Deployment,true
5.093812627,Regular,54,Create,ConfigMap,true
5.147834592,Regular,1,Update,Deployment,true
5.149311554,Regular,1,Delete,ConfigMap,true
5.150687694,Regular,1,Delete,Deployment,true
5.152110894,Regular,52,Create,Deployment,true
5.204427066,Regular,53,Create,ConfigMap,true
5.257643859,Regular,1,Update,Deployment,true
5.259140528,Regular,1,Delete,ConfigMap,true
5.260811516,Regular,1,Delete,Deployment,true
5.262377856,Regular,53,Create,Deployment,true
5.315698977,Regular,54,Create,ConfigMap,true
5.369866888,Regular,2,Update,Deployment,true
5.372075562,Regular,1,Delete,ConfigMap,true
5.374043361,Regular,2,Delete,Deployment,true
5.376123743,Regular,52,Create,Deployment,true
5.4285543,Regular,53,Create,ConfigMap,true
5.481635137,Regular,7,Update,Deployment,true
5.488719896,Regular,1,Delete,ConfigMap,true
5.490632331,Regular,1,Delete,Deployment,true
5.492100014,Regular,53,Create,Deployment,true
5.54574654,Regular,51,Create,ConfigMap,true
5.597671963,Regular,1,Update,Deployment,true
5.5991552460000005,Regular,1,Delete,ConfigMap,true
5.6010109230000005,Regular,2,Delete,Deployment,true
5.603260335,Regular,53,Create,Deployment,true
5.656333386,Regular,52,Create,ConfigMap,true
5.708721554,Regular,1,Update,Deployment,true
5.710149232,Regular,1,Delete,ConfigMap,true
5.711509102,Regular,1,Delete,Deployment,true
5.712772901,Regular,53,Create,Deployment,true
5.766445766,Regular,52,Create,ConfigMap,true
5.818759583,Regular,1,Update,Deployment,true
5.820691234,Regular,2,Delete,ConfigMap,true
5.823046314,Regular,1,Delete,Deployment,true
5.824985229,Regular,51,Create,Deployment,true
5.876861419,Regular,51,Create,ConfigMap,true
5.928552278,Regular,1,Update,Deployment,true
5.929804245,Regular,1,Delete,ConfigMap,true
5.931057834,Regular,1,Delete,Deployment,true
5.932985487,Regular,52,Create,Deployment,true
5.985532304,Regular,53,Create,ConfigMap,true
6.039081466,Regular,1,Update,Deployment,true
6.040293877,Regular,1,Delete,ConfigMap,true
5.035681656,Regular,1,Update,Deployment,true
5.037686195,Regular,1,Delete,ConfigMap,true
5.039458614,Regular,1,Delete,Deployment,true
5.041074819,Regular,53,Create,Deployment,true
5.094166867,Regular,53,Create,ConfigMap,true
5.147947225,Regular,1,Update,Deployment,true
5.149318016,Regular,1,Delete,ConfigMap,true
5.150586193,Regular,1,Delete,Deployment,true
5.152110894,Regular,52,Create,Deployment,true
5.2044160250000004,Regular,53,Create,ConfigMap,true
5.257612871,Regular,1,Update,Deployment,true
5.2591300180000005,Regular,1,Delete,ConfigMap,true
5.260791548,Regular,2,Delete,Deployment,true
5.263058723,Regular,52,Create,Deployment,true
5.315734955,Regular,55,Create,ConfigMap,true
5.371052007,Regular,4,Update,Deployment,true
5.375421906,Regular,1,Delete,ConfigMap,true
5.376908035,Regular,1,Delete,Deployment,true
5.378645047,Regular,52,Create,Deployment,true
5.431026202,Regular,53,Create,ConfigMap,true
5.484363433,Regular,4,Update,Deployment,true
5.488840995,Regular,1,Delete,ConfigMap,true
5.490572377,Regular,1,Delete,Deployment,true
5.491850843,Regular,52,Create,Deployment,true
5.544050805,Regular,53,Create,ConfigMap,true
5.597955138,Regular,1,Update,Deployment,true
5.599412031,Regular,2,Delete,ConfigMap,true
5.601964956,Regular,7,Delete,Deployment,true
5.609826634,Regular,52,Create,Deployment,true
5.662601683,Regular,52,Create,ConfigMap,true
5.714656741,Regular,2,Update,Deployment,true
5.716720471,Regular,2,Delete,ConfigMap,true
5.718794671,Regular,3,Delete,Deployment,true
5.721998887,Regular,53,Create,Deployment,true
5.775081296,Regular,51,Create,ConfigMap,true
5.826969839,Regular,1,Update,Deployment,true
5.828298921,Regular,1,Delete,ConfigMap,true
5.829689579,Regular,1,Delete,Deployment,true
5.830924233,Regular,51,Create,Deployment,true
5.88253441,Regular,53,Create,ConfigMap,true
5.936122195,Regular,1,Update,Deployment,true
5.9376117,Regular,1,Delete,ConfigMap,true
5.93887644,Regular,1,Delete,Deployment,true
5.940182368,Regular,52,Create,Deployment,true
5.992539457,Regular,52,Create,ConfigMap,true
5.035674683,Regular,1,Update,Deployment,true
5.037442604,Regular,2,Delete,ConfigMap,true
5.039458604,Regular,1,Delete,Deployment,true
5.041035725,Regular,53,Create,Deployment,true
5.094181775,Regular,53,Create,ConfigMap,true
5.147971331,Regular,1,Update,Deployment,true
5.149329728,Regular,1,Delete,ConfigMap,true
5.150808413,Regular,1,Delete,Deployment,true
5.152127255,Regular,54,Create,Deployment,true
5.206569314,Regular,52,Create,ConfigMap,true
5.259103848,Regular,1,Update,Deployment,true
5.260813449,Regular,2,Delete,ConfigMap,true
5.263219837,Regular,4,Delete,Deployment,true
5.267323493,Regular,52,Create,Deployment,true
5.31936769,Regular,53,Create,ConfigMap,true
5.372410886,Regular,2,Update,Deployment,true
5.374893177,Regular,1,Delete,ConfigMap,true
5.376844124,Regular,2,Delete,Deployment,true
5.379049973,Regular,52,Create,Deployment,true
5.4311260709999996,Regular,53,Create,ConfigMap,true
5.484650536,Regular,4,Update,Deployment,true
5.488756686,Regular,1,Delete,ConfigMap,true
5.490577978,Regular,1,Delete,Deployment,true
5.492114241,Regular,52,Create,Deployment,true
5.544173637,Regular,53,Create,ConfigMap,true
5.597986347,Regular,1,Update,Deployment,true
5.599423814,Regular,2,Delete,ConfigMap,true
5.602111954,Regular,7,Delete,Deployment,true
5.609745671,Regular,52,Create,Deployment,true
5.662634184,Regular,52,Create,ConfigMap,true
5.71468815,Regular,2,Update,Deployment,true
5.716814639,Regular,1,Delete,ConfigMap,true
5.718803888,Regular,3,Delete,Deployment,true
5.721844274,Regular,53,Create,Deployment,true
5.77508313,Regular,51,Create,ConfigMap,true
5.8270852269999995,Regular,1,Update,Deployment,true
5.828301897,Regular,1,Delete,ConfigMap,true
5.829699308,Regular,1,Delete,Deployment,true
5.830884768,Regular,51,Create,Deployment,true
5.882540071,Regular,53,Create,ConfigMap,true
5.935841675,Regular,1,Update,Deployment,true
5.937391364,Regular,1,Delete,ConfigMap,true
5.938651034,Regular,1,Delete,Deployment,true
5.939903942,Regular,52,Create,Deployment,true
5.9925622,Regular,52,Create,ConfigMap,true
5.035669924,Regular,2,Update,Deployment,true
5.037695502,Regular,1,Delete,ConfigMap,true
5.039445189,Regular,1,Delete,Deployment,true
5.040730588,Regular,53,Create,Deployment,true
5.094137501,Regular,53,Create,ConfigMap,true
5.147892572,Regular,1,Update,Deployment,true
5.149260828,Regular,1,Delete,ConfigMap,true
5.150836015,Regular,1,Delete,Deployment,true
5.152077641,Regular,52,Create,Deployment,true
5.204165631,Regular,53,Create,ConfigMap,true
5.2576102559999995,Regular,1,Update,Deployment,true
5.259075956,Regular,1,Delete,ConfigMap,true
5.260836393,Regular,1,Delete,Deployment,true
5.262793962,Regular,52,Create,Deployment,true
5.315697344,Regular,55,Create,ConfigMap,true
5.371317339,Regular,3,Update,Deployment,true
5.375162145,Regular,1,Delete,ConfigMap,true
5.376880833,Regular,1,Delete,Deployment,true
5.37871002,Regular,52,Create,Deployment,true
5.430958845,Regular,52,Create,ConfigMap,true
5.483761425,Regular,5,Update,Deployment,true
5.488803805,Regular,1,Delete,ConfigMap,true
5.490506202,Regular,1,Delete,Deployment,true
5.492140431,Regular,52,Create,Deployment,true
5.544194707,Regular,53,Create,ConfigMap,true
5.598029559,Regular,1,Update,Deployment,true
5.599461495,Regular,2,Delete,ConfigMap,true
5.601902168,Regular,7,Delete,Deployment,true
5.609601008,Regular,53,Create,Deployment,true
5.662614717,Regular,52,Create,ConfigMap,true
5.714657112,Regular,2,Update,Deployment,true
5.716720441,Regular,2,Delete,ConfigMap,true
5.718817073,Regular,2,Delete,Deployment,true
5.721817814,Regular,53,Create,Deployment,true
5.775079453,Regular,51,Create,ConfigMap,true
5.826992843,Regular,1,Update,Deployment,true
5.828048258,Regular,1,Delete,ConfigMap,true
5.8291522140000005,Regular,1,Delete,Deployment,true
5.830358995,Regular,52,Create,Deployment,true
5.882446274,Regular,53,Create,ConfigMap,true
5.936137203,Regular,1,Update,Deployment,true
5.937639182,Regular,1,Delete,ConfigMap,true
5.938891709,Regular,1,Delete,Deployment,true
5.940233846,Regular,52,Create,Deployment,true
5.992535269,Regular,52,Create,ConfigMap,true
5.036394714,Regular,1,Update,Deployment,true
5.037795321,Regular,1,Delete,ConfigMap,true
5.039479053,Regular,1,Delete,Deployment,true
5.041059139,Regular,53,Create,Deployment,true
5.094133954,Regular,53,Create,ConfigMap,true
5.148037266,Regular,1,Update,Deployment,true
5.149249086,Regular,1,Delete,ConfigMap,true
5.150814133,Regular,1,Delete,Deployment,true
5.152127315,Regular,53,Create,Deployment,true
5.205331365,Regular,52,Create,ConfigMap,true
5.257620545,Regular,1,Update,Deployment,true
5.259084231,Regular,1,Delete,ConfigMap,true
5.260838817,Regular,2,Delete,Deployment,true
5.263184861,Regular,52,Create,Deployment,true
5.315709146,Regular,55,Create,ConfigMap,true
5.371297682,Regular,3,Update,Deployment,true
5.374341144,Regular,2,Delete,ConfigMap,true
5.376753443,Regular,1,Delete,Deployment,true
5.378385156,Regular,52,Create,Deployment,true
5.430981778,Regular,53,Create,ConfigMap,true
5.48445181,Regular,4,Update,Deployment,true
5.488466097,Regular,2,Delete,ConfigMap,true
5.490584029,Regular,1,Delete,Deployment,true
5.492140401,Regular,52,Create,Deployment,true
5.54420692,Regular,53,Create,ConfigMap,true
5.597983291,Regular,1,Update,Deployment,true
5.599440014,Regular,2,Delete,ConfigMap,true
5.602300681,Regular,7,Delete,Deployment,true
5.609853585,Regular,52,Create,Deployment,true
5.6626351459999995,Regular,52,Create,ConfigMap,true
5.714675186,Regular,1,Update,Deployment,true
5.71643931,Regular,2,Delete,ConfigMap,true
5.718855636,Regular,3,Delete,Deployment,true
5.721953661,Regular,53,Create,Deployment,true
5.7750757759999995,Regular,51,Create,ConfigMap,true
5.8270254040000005,Regular,1,Update,Deployment,true
5.828301887,Regular,1,Delete,ConfigMap,true
5.829486225,Regular,1,Delete,Deployment,true
5.830645777,Regular,51,Create,Deployment,true
5.882461442,Regular,53,Create,ConfigMap,true
5.936121233,Regular,1,Update,Deployment,true
5.93762249,Regular,1,Delete,ConfigMap,true
5.938874496,Regular,1,Delete,Deployment,true
5.940200262,Regular,52,Create,Deployment,true
5.992535389,Regular,52,Create,ConfigMap,true
6.044792078,Regular,3,Update,Deployment,true
6.04841223,Regular,1,Delete,ConfigMap,true
5.057645816,Regular,1,Update,Deployment,true
5.058801039,Regular,1,Delete,ConfigMap,true
5.059870891,Regular,1,Delete,Deployment,true
5.060958266,Regular,52,Create,Deployment,true
5.11348732,Regular,51,Create,ConfigMap,true
5.165320579,Regular,1,Update,Deployment,true
5.166485941,Regular,1,Delete,ConfigMap,true
5.1675066,Regular,1,Delete,Deployment,true
5.168595558,Regular,52,Create,Deployment,true
5.221582978,Regular,53,Create,ConfigMap,true
5.274642405,Regular,1,Update,Deployment,true
5.2761528890000005,Regular,1,Delete,ConfigMap,true
5.277564798,Regular,2,Delete,Deployment,true
5.280448477,Regular,52,Create,Deployment,true
5.332815916,Regular,56,Create,ConfigMap,true
5.388968538,Regular,2,Update,Deployment,true
5.391413138,Regular,1,Delete,ConfigMap,true
5.39331937,Regular,1,Delete,Deployment,true
5.394923251,Regular,51,Create,Deployment,true
5.4468715979999995,Regular,51,Create,ConfigMap,true
5.498287548,Regular,1,Update,Deployment,true
5.499319488,Regular,1,Delete,ConfigMap,true
5.50040502,Regular,1,Delete,Deployment,true
5.501518023,Regular,52,Create,Deployment,true
5.553602337,Regular,54,Create,ConfigMap,true
5.60798315,Regular,1,Update,Deployment,true
5.609931482,Regular,1,Delete,ConfigMap,true
5.611375301,Regular,1,Delete,Deployment,true
5.613021322,Regular,54,Create,Deployment,true
5.667130932,Regular,53,Create,ConfigMap,true
5.720342666,Regular,1,Update,Deployment,true
5.721974,Regular,3,Delete,ConfigMap,true
5.724990701,Regular,1,Delete,Deployment,true
5.7265956639999995,Regular,53,Create,Deployment,true
5.780313625,Regular,51,Create,ConfigMap,true
5.831993103,Regular,1,Update,Deployment,true
5.8331993220000005,Regular,1,Delete,ConfigMap,true
5.834303259,Regular,1,Delete,Deployment,true
5.835440699,Regular,52,Create,Deployment,true
5.887794541,Regular,52,Create,ConfigMap,true
5.940191906,Regular,1,Update,Deployment,true
5.941560483,Regular,1,Delete,ConfigMap,true
5.943464361,Regular,3,Delete,Deployment,true
5.946546315,Regular,52,Create,Deployment,true
5.999020586,Regular,51,Create,ConfigMap,true
5.004520525,Regular,52,Create,ConfigMap,true
5.057417334,Regular,1,Update,Deployment,true
5.058592886,Regular,1,Delete,ConfigMap,true
5.059656486,Regular,1,Delete,Deployment,true
5.060726999,Regular,52,Create,Deployment,true
5.113729828,Regular,51,Create,ConfigMap,true
5.165528762,Regular,1,Update,Deployment,true
5.166698393,Regular,0,Delete,ConfigMap,true
5.167698082,Regular,1,Delete,Deployment,true
5.168847655,Regular,52,Create,Deployment,true
5.221671686,Regular,53,Create,ConfigMap,true
5.27486753,Regular,1,Update,Deployment,true
5.276426536,Regular,1,Delete,ConfigMap,true
5.277773853,Regular,2,Delete,Deployment,true
5.280210698,Regular,52,Create,Deployment,true
5.332562737,Regular,52,Create,ConfigMap,true
5.385120305,Regular,3,Update,Deployment,true
5.388323519,Regular,2,Delete,ConfigMap,true
5.391109955,Regular,1,Delete,Deployment,true
5.392999816,Regular,52,Create,Deployment,true
5.445194067,Regular,52,Create,ConfigMap,true
5.497829382,Regular,1,Update,Deployment,true
5.498871622,Regular,1,Delete,ConfigMap,true
5.499961321,Regular,1,Delete,Deployment,true
5.500983694,Regular,52,Create,Deployment,true
5.553309363,Regular,54,Create,ConfigMap,true
5.60763934,Regular,2,Update,Deployment,true
5.60993054,Regular,1,Delete,ConfigMap,true
5.611611948,Regular,1,Delete,Deployment,true
5.613252699,Regular,53,Create,Deployment,true
5.667150058,Regular,53,Create,ConfigMap,true
5.720562873,Regular,1,Update,Deployment,true
5.722439489,Regular,4,Delete,ConfigMap,true
5.726633265,Regular,1,Delete,Deployment,true
5.728221076,Regular,52,Create,Deployment,true
5.78032166,Regular,51,Create,ConfigMap,true
5.832211426,Regular,1,Update,Deployment,true
5.833400252,Regular,1,Delete,ConfigMap,true
5.834516532,Regular,1,Delete,Deployment,true
5.835651296,Regular,52,Create,Deployment,true
5.888037691,Regular,52,Create,ConfigMap,true
5.940181978,Regular,1,Update,Deployment,true
5.941531498,Regular,1,Delete,ConfigMap,true
5.943477476,Regular,1,Delete,Deployment,true
5.94546952,Regular,53,Create,Deployment,true
5.999233388,Regular,51,Create,ConfigMap,true
6.01256877,Regular,0,Update,Deployment,true
6.013520529,Regular,1,Delete,ConfigMap,true
6.014546608,Regular,1,Delete,Deployment,true
6.015580542,Regular,52,Create,Deployment,true
6.067920057,Regular,52,Create,ConfigMap,true
6.119950239,Regular,2,Update,Deployment,true
6.122558909,Regular,4,Delete,ConfigMap,true
6.127289409,Regular,3,Delete,Deployment,true
6.130674176,Regular,53,Create,Deployment,true
6.183913091,Regular,51,Create,ConfigMap,true
6.23571476,Regular,1,Update,Deployment,true
6.236742673,Regular,1,Delete,ConfigMap,true
6.237756759,Regular,1,Delete,Deployment,true
6.238804109,Regular,52,Create,Deployment,true
6.291524314,Regular,54,Create,ConfigMap,true
6.345712533,Regular,1,Update,Deployment,true
6.347163676,Regular,2,Delete,ConfigMap,true
6.349438996,Regular,1,Delete,Deployment,true
6.350689098,Regular,53,Create,Deployment,true
6.404016942,Regular,52,Create,ConfigMap,true
6.456805596,Regular,1,Update,Deployment,true
6.458150438,Regular,1,Delete,ConfigMap,true
6.459700898,Regular,1,Delete,Deployment,true
6.460979595,Regular,52,Create,Deployment,true
6.513759112,Regular,52,Create,ConfigMap,true
6.56586172,Regular,1,Update,Deployment,true
6.567039816,Regular,1,Delete,ConfigMap,true
6.568221499,Regular,1,Delete,Deployment,true
6.570122783,Regular,52,Create,Deployment,true
6.622343053,Regular,52,Create,ConfigMap,true
6.6743838140000005,Regular,1,Update,Deployment,true
6.675507979,Regular,1,Delete,ConfigMap,true
6.676689862,Regular,1,Delete,Deployment,true
6.677777378,Regular,52,Create,Deployment,true
6.729794644,Regular,53,Create,ConfigMap,true
6.783609498,Regular,3,Update,Deployment,true
6.787021566,Regular,1,Delete,ConfigMap,true
6.788669551,Regular,1,Delete,Deployment,true
6.790068735,Regular,53,Create,Deployment,true
6.84346594,Regular,53,Create,ConfigMap,true
6.8967234600000005,Regular,1,Update,Deployment,true
6.898041812,Regular,1,Delete,ConfigMap,true
6.89927373,Regular,1,Delete,Deployment,true
6.900460132,Regular,52,Create,Deployment,true
6.952902302,Regular,53,Create,ConfigMap,true
6.041531216,Regular,2,Delete,Deployment,true
6.044209868,Regular,53,Create,Deployment,true
6.0973947410000005,Regular,52,Create,ConfigMap,true
6.150036749,Regular,1,Update,Deployment,true
6.151198114,Regular,1,Delete,ConfigMap,true
6.152290318,Regular,0,Delete,Deployment,true
6.15325972,Regular,52,Create,Deployment,true
6.206069083,Regular,52,Create,ConfigMap,true
6.25839846,Regular,1,Update,Deployment,true
6.259770222,Regular,1,Delete,ConfigMap,true
6.2610454220000005,Regular,1,Delete,Deployment,true
6.262289323,Regular,52,Create,Deployment,true
6.314938103,Regular,52,Create,ConfigMap,true
6.367029319,Regular,1,Update,Deployment,true
6.368347531,Regular,1,Delete,ConfigMap,true
6.36969634,Regular,1,Delete,Deployment,true
6.371125451,Regular,53,Create,Deployment,true
6.424615851,Regular,52,Create,ConfigMap,true
6.477266064,Regular,1,Update,Deployment,true
6.478926813,Regular,2,Delete,ConfigMap,true
6.481935509,Regular,2,Delete,Deployment,true
6.4848765870000005,Regular,53,Create,Deployment,true
6.53885486,Regular,52,Create,ConfigMap,true
6.59139784,Regular,1,Update,Deployment,true
6.592631181,Regular,1,Delete,ConfigMap,true
6.593835607,Regular,1,Delete,Deployment,true
6.594959992,Regular,52,Create,Deployment,true
6.647915562,Regular,52,Create,ConfigMap,true
6.700236222,Regular,1,Update,Deployment,true
6.70199168,Regular,3,Delete,ConfigMap,true
6.705939551,Regular,1,Delete,Deployment,true
6.707790339,Regular,53,Create,Deployment,true
6.761414502,Regular,56,Create,ConfigMap,true
6.8178559,Regular,4,Update,Deployment,true
6.822140737,Regular,4,Delete,ConfigMap,true
6.826468526,Regular,3,Delete,Deployment,true
6.830155936,Regular,53,Create,Deployment,true
6.883315491,Regular,52,Create,ConfigMap,true
6.935982766,Regular,1,Update,Deployment,true
6.937488131,Regular,1,Delete,ConfigMap,true
6.938982736,Regular,1,Delete,Deployment,true
6.940586536,Regular,52,Create,Deployment,true
6.993525305,Regular,51,Create,ConfigMap,true
7.045517564,Regular,2,Update,Deployment,true
6.050155635,Regular,1,Delete,Deployment,true
6.051912175,Regular,53,Create,Deployment,true
6.105282849,Regular,51,Create,ConfigMap,true
6.156971585,Regular,1,Update,Deployment,true
6.158351963,Regular,1,Delete,ConfigMap,true
6.15970464,Regular,1,Delete,Deployment,true
6.1610450629999995,Regular,51,Create,Deployment,true
6.213015742,Regular,53,Create,ConfigMap,true
6.267008392,Regular,2,Update,Deployment,true
6.269343715,Regular,1,Delete,ConfigMap,true
6.27061599,Regular,1,Delete,Deployment,true
6.27194467,Regular,52,Create,Deployment,true
6.324379677,Regular,52,Create,ConfigMap,true
6.377155226,Regular,1,Update,Deployment,true
6.37859623,Regular,1,Delete,ConfigMap,true
6.380164824,Regular,1,Delete,Deployment,true
6.381733148,Regular,54,Create,Deployment,true
6.435930555,Regular,55,Create,ConfigMap,true
6.491033914,Regular,1,Update,Deployment,true
6.492516095,Regular,1,Delete,ConfigMap,true
6.494154131,Regular,1,Delete,Deployment,true
6.495914818,Regular,52,Create,Deployment,true
6.548761262,Regular,51,Create,ConfigMap,true
6.600328398,Regular,1,Update,Deployment,true
6.601937028,Regular,3,Delete,ConfigMap,true
6.6055297280000005,Regular,2,Delete,Deployment,true
6.607606733,Regular,52,Create,Deployment,true
6.659711836,Regular,52,Create,ConfigMap,true
6.711723863,Regular,2,Update,Deployment,true
6.713924611,Regular,1,Delete,ConfigMap,true
6.715335208,Regular,1,Delete,Deployment,true
6.716549182,Regular,52,Create,Deployment,true
6.768952508,Regular,54,Create,ConfigMap,true
6.823316089,Regular,4,Update,Deployment,true
6.827585117,Regular,2,Delete,ConfigMap,true
6.830305779,Regular,2,Delete,Deployment,true
6.833302632,Regular,53,Create,Deployment,true
6.8868255739999995,Regular,52,Create,ConfigMap,true
6.939314432,Regular,1,Update,Deployment,true
6.940923764,Regular,1,Delete,ConfigMap,true
6.942587578,Regular,2,Delete,Deployment,true
6.945099365,Regular,52,Create,Deployment,true
6.9979508280000005,Regular,52,Create,ConfigMap,true
6.044773744,Regular,3,Update,Deployment,true
6.048482082,Regular,1,Delete,ConfigMap,true
6.049884513,Regular,1,Delete,Deployment,true
6.051305668,Regular,52,Create,Deployment,true
6.103701831,Regular,52,Create,ConfigMap,true
6.155765195,Regular,1,Update,Deployment,true
6.156864843,Regular,1,Delete,ConfigMap,true
6.158319783,Regular,1,Delete,Deployment,true
6.159714178,Regular,52,Create,Deployment,true
6.211752324,Regular,52,Create,ConfigMap,true
6.263960251,Regular,4,Update,Deployment,true
6.2680289,Regular,1,Delete,ConfigMap,true
6.269589229,Regular,1,Delete,Deployment,true
6.270938459,Regular,53,Create,Deployment,true
6.324379687,Regular,52,Create,ConfigMap,true
6.377107386,Regular,1,Update,Deployment,true
6.378542027,Regular,1,Delete,ConfigMap,true
6.380187317,Regular,1,Delete,Deployment,true
6.381824681,Regular,54,Create,Deployment,true
6.435946245,Regular,53,Create,ConfigMap,true
6.489629019,Regular,1,Update,Deployment,true
6.490869894,Regular,1,Delete,ConfigMap,true
6.492533979,Regular,1,Delete,Deployment,true
6.494141096,Regular,52,Create,Deployment,true
6.546787792,Regular,52,Create,ConfigMap,true
6.598848321,Regular,1,Update,Deployment,true
6.599985219,Regular,1,Delete,ConfigMap,true
6.601811591,Regular,3,Delete,Deployment,true
6.605561668,Regular,53,Create,Deployment,true
6.658713238,Regular,51,Create,ConfigMap,true
6.710686923,Regular,1,Update,Deployment,true
6.71206118,Regular,1,Delete,ConfigMap,true
6.713643731,Regular,1,Delete,Deployment,true
6.714972753,Regular,53,Create,Deployment,true
6.768637683,Regular,54,Create,ConfigMap,true
6.823404846,Regular,4,Update,Deployment,true
6.82793059,Regular,3,Delete,ConfigMap,true
6.831841731,Regular,1,Delete,Deployment,true
6.833669185,Regular,54,Create,Deployment,true
6.887831165,Regular,52,Create,ConfigMap,true
6.940290056,Regular,1,Update,Deployment,true
6.9419916520000005,Regular,2,Delete,ConfigMap,true
6.944438085,Regular,3,Delete,Deployment,true
6.947454917,Regular,51,Create,Deployment,true
6.999226199,Regular,51,Create,ConfigMap,true
6.050704973,Regular,1,Update,Deployment,true
6.052238501,Regular,1,Delete,ConfigMap,true
6.053508702,Regular,1,Delete,Deployment,true
6.054626635,Regular,52,Create,Deployment,true
6.106818652,Regular,51,Create,ConfigMap,true
6.158693288,Regular,1,Update,Deployment,true
6.159941808,Regular,1,Delete,ConfigMap,true
6.161184587,Regular,1,Delete,Deployment,true
6.162880852,Regular,51,Create,Deployment,true
6.214561844,Regular,53,Create,ConfigMap,true
6.268138327,Regular,1,Update,Deployment,true
6.269599298,Regular,1,Delete,ConfigMap,true
6.270861954,Regular,1,Delete,Deployment,true
6.272214851,Regular,51,Create,Deployment,true
6.324129143,Regular,52,Create,ConfigMap,true
6.377040279,Regular,1,Update,Deployment,true
6.378777202,Regular,1,Delete,ConfigMap,true
6.380186064,Regular,1,Delete,Deployment,true
6.381711217,Regular,54,Create,Deployment,true
6.436196047,Regular,52,Create,ConfigMap,true
6.488518069,Regular,2,Update,Deployment,true
6.490581659,Regular,1,Delete,ConfigMap,true
6.492503431,Regular,1,Delete,Deployment,true
6.49406899,Regular,52,Create,Deployment,true
6.546801007,Regular,52,Create,ConfigMap,true
6.598819767,Regular,1,Update,Deployment,true
6.600069188,Regular,1,Delete,ConfigMap,true
6.601831558,Regular,3,Delete,Deployment,true
6.605723945,Regular,52,Create,Deployment,true
6.658456784,Regular,51,Create,ConfigMap,true
6.710072271,Regular,1,Update,Deployment,true
6.711482396,Regular,2,Delete,ConfigMap,true
6.713899704,Regular,1,Delete,Deployment,true
6.715258382,Regular,53,Create,Deployment,true
6.768931769,Regular,54,Create,ConfigMap,true
6.823666261,Regular,3,Update,Deployment,true
6.827572974,Regular,4,Delete,ConfigMap,true
6.8318210520000004,Regular,2,Delete,Deployment,true
6.834068981,Regular,53,Create,Deployment,true
6.888057312,Regular,52,Create,ConfigMap,true
6.940324491,Regular,1,Update,Deployment,true
6.942330082,Regular,2,Delete,ConfigMap,true
6.9446587520000005,Regular,2,Delete,Deployment,true
6.947441311,Regular,52,Create,Deployment,true
6.999462876,Regular,51,Create,ConfigMap,true
6.050993488,Regular,1,Update,Deployment,true
6.052185131,Regular,1,Delete,ConfigMap,true
6.053485097,Regular,1,Delete,Deployment,true
6.054834117,Regular,52,Create,Deployment,true
6.107232694,Regular,51,Create,ConfigMap,true
6.159183765,Regular,1,Update,Deployment,true
6.160423599,Regular,1,Delete,ConfigMap,true
6.16163095,Regular,1,Delete,Deployment,true
6.163261722,Regular,51,Create,Deployment,true
6.214795746,Regular,53,Create,ConfigMap,true
6.268123589,Regular,1,Update,Deployment,true
6.26957906,Regular,1,Delete,ConfigMap,true
6.27083328,Regular,1,Delete,Deployment,true
6.272217476,Regular,52,Create,Deployment,true
6.324414342,Regular,52,Create,ConfigMap,true
6.377155226,Regular,1,Update,Deployment,true
6.378542027,Regular,1,Delete,ConfigMap,true
6.380157981,Regular,1,Delete,Deployment,true
6.381754569,Regular,53,Create,Deployment,true
6.435550176,Regular,52,Create,ConfigMap,true
6.488358969,Regular,2,Update,Deployment,true
6.490607909,Regular,1,Delete,ConfigMap,true
6.492538117,Regular,2,Delete,Deployment,true
6.494620502,Regular,52,Create,Deployment,true
6.546772784,Regular,51,Create,ConfigMap,true
6.598615841,Regular,1,Update,Deployment,true
6.5996884080000005,Regular,1,Delete,ConfigMap,true
6.601117569,Regular,2,Delete,Deployment,true
6.603807984,Regular,52,Create,Deployment,true
6.655976105,Regular,52,Create,ConfigMap,true
6.708409529,Regular,1,Update,Deployment,true
6.710108299,Regular,1,Delete,ConfigMap,true
6.711707161,Regular,2,Delete,Deployment,true
6.713884365,Regular,54,Create,Deployment,true
6.768503379,Regular,55,Create,ConfigMap,true
6.8240838,Regular,3,Update,Deployment,true
6.827775356,Regular,4,Delete,ConfigMap,true
6.831844416,Regular,2,Delete,Deployment,true
6.834168819,Regular,53,Create,Deployment,true
6.888025723,Regular,52,Create,ConfigMap,true
6.940326846,Regular,1,Update,Deployment,true
6.942275088,Regular,2,Delete,ConfigMap,true
6.94476857,Regular,2,Delete,Deployment,true
6.94718696,Regular,52,Create,Deployment,true
6.999440283,Regular,51,Create,ConfigMap,true
6.044600737,Regular,3,Update,Deployment,true
6.04851797,Regular,1,Delete,ConfigMap,true
6.050143312,Regular,2,Delete,Deployment,true
6.052185541,Regular,53,Create,Deployment,true
6.105768517,Regular,52,Create,ConfigMap,true
6.158342435,Regular,1,Update,Deployment,true
6.15957246,Regular,1,Delete,ConfigMap,true
6.160843212,Regular,1,Delete,Deployment,true
6.162241244,Regular,52,Create,Deployment,true
6.214266756,Regular,53,Create,ConfigMap,true
6.268148155,Regular,1,Update,Deployment,true
6.2695801620000005,Regular,1,Delete,ConfigMap,true
6.2708384,Regular,1,Delete,Deployment,true
6.272297036,Regular,52,Create,Deployment,true
6.324415755,Regular,52,Create,ConfigMap,true
6.377033967,Regular,1,Update,Deployment,true
6.37855398,Regular,1,Delete,ConfigMap,true
6.380154114,Regular,1,Delete,Deployment,true
6.381716877,Regular,54,Create,Deployment,true
6.4360354730000005,Regular,55,Create,ConfigMap,true
6.491130056,Regular,1,Update,Deployment,true
6.492768692,Regular,1,Delete,ConfigMap,true
6.494082506,Regular,1,Delete,Deployment,true
6.4957096,Regular,53,Create,Deployment,true
6.548788554,Regular,51,Create,ConfigMap,true
6.600435841,Regular,1,Update,Deployment,true
6.601831548,Regular,1,Delete,ConfigMap,true
6.60359445,Regular,2,Delete,Deployment,true
6.605631109,Regular,53,Create,Deployment,true
6.6586919380000005,Regular,51,Create,ConfigMap,true
6.710443933,Regular,1,Update,Deployment,true
6.711688736,Regular,2,Delete,ConfigMap,true
6.713884365,Regular,1,Delete,Deployment,true
6.715286556,Regular,53,Create,Deployment,true
6.768780613,Regular,54,Create,ConfigMap,true
6.823282665,Regular,4,Update,Deployment,true
6.828191823,Regular,3,Delete,ConfigMap,true
6.831812566,Regular,2,Delete,Deployment,true
6.833906504,Regular,53,Create,Deployment,true
6.887491543,Regular,52,Create,ConfigMap,true
6.939735418,Regular,1,Update,Deployment,true
6.941554245,Regular,3,Delete,ConfigMap,true
6.945444187,Regular,3,Delete,Deployment,true
6.94938245,Regular,51,Create,Deployment,true
7.000890504,Regular,51,Create,ConfigMap,true
6.044853895,Regular,3,Update,Deployment,true
6.048662824,Regular,1,Delete,ConfigMap,true
6.050134866,Regular,1,Delete,Deployment,true
6.0515659,Regular,52,Create,Deployment,true
6.103729363,Regular,51,Create,ConfigMap,true
6.155570988,Regular,1,Update,Deployment,true
6.156661509,Regular,1,Delete,ConfigMap,true
6.158036147,Regular,1,Delete,Deployment,true
6.159432255,Regular,52,Create,Deployment,true
6.211979213,Regular,52,Create,ConfigMap,true
6.26431409,Regular,3,Update,Deployment,true
6.267990978,Regular,1,Delete,ConfigMap,true
6.269593177,Regular,1,Delete,Deployment,true
6.270881662,Regular,53,Create,Deployment,true
6.324398152,Regular,52,Create,ConfigMap,true
6.377150157,Regular,1,Update,Deployment,true
6.378568788,Regular,1,Delete,ConfigMap,true
6.380124558,Regular,1,Delete,Deployment,true
6.381711597,Regular,54,Create,Deployment,true
6.435948008,Regular,52,Create,ConfigMap,true
6.488848624,Regular,1,Update,Deployment,true
6.49058179,Regular,1,Delete,ConfigMap,true
6.4925387279999995,Regular,1,Delete,Deployment,true
6.494197122,Regular,52,Create,Deployment,true
6.546523703,Regular,52,Create,ConfigMap,true
6.598828603,Regular,1,Update,Deployment,true
6.600009455,Regular,1,Delete,ConfigMap,true
6.601782696,Regular,4,Delete,Deployment,true
6.605865462,Regular,52,Create,Deployment,true
6.658690796,Regular,51,Create,ConfigMap,true
6.710675231,Regular,1,Update,Deployment,true
6.71199795,Regular,1,Delete,ConfigMap,true
6.713899694,Regular,1,Delete,Deployment,true
6.715299881,Regular,53,Create,Deployment,true
6.768673571,Regular,54,Create,ConfigMap,true
6.823325206,Regular,4,Update,Deployment,true
6.827519773,Regular,4,Delete,ConfigMap,true
6.831925309,Regular,2,Delete,Deployment,true
6.833988509,Regular,53,Create,Deployment,true
6.887876581,Regular,52,Create,ConfigMap,true
6.940095458,Regular,2,Update,Deployment,true
6.9423753470000005,Regular,4,Delete,ConfigMap,true
6.946430311,Regular,2,Delete,Deployment,true
6.949382009,Regular,51,Create,Deployment,true
7.001109638,Regular,51,Create,ConfigMap,true
6.005419759,Regular,1,Update,Deployment,true
6.007244778,Regular,1,Delete,ConfigMap,true
6.008308639,Regular,0,Delete,Deployment,true
6.009305924,Regular,52,Create,Deployment,true
6.061596898,Regular,52,Create,ConfigMap,true
6.113847155,Regular,1,Update,Deployment,true
6.115116243,Regular,1,Delete,ConfigMap,true
6.116520417,Regular,2,Delete,Deployment,true
6.119431949,Regular,52,Create,Deployment,true
6.171554685,Regular,52,Create,ConfigMap,true
6.22371374,Regular,1,Update,Deployment,true
6.225694143,Regular,1,Delete,ConfigMap,true
6.227128162,Regular,1,Delete,Deployment,true
6.228330364,Regular,52,Create,Deployment,true
6.281037114,Regular,52,Create,ConfigMap,true
6.333256022,Regular,1,Update,Deployment,true
6.334506626,Regular,1,Delete,ConfigMap,true
6.335814607,Regular,1,Delete,Deployment,true
6.337171662,Regular,52,Create,Deployment,true
6.389761591,Regular,53,Create,ConfigMap,true
6.443100405,Regular,3,Update,Deployment,true
6.446189083,Regular,3,Delete,ConfigMap,true
6.449614276,Regular,1,Delete,Deployment,true
6.451013961,Regular,53,Create,Deployment,true
6.504399964,Regular,52,Create,ConfigMap,true
6.556503524,Regular,1,Update,Deployment,true
6.557827336,Regular,1,Delete,ConfigMap,true
6.559393746,Regular,1,Delete,Deployment,true
6.561064994,Regular,52,Create,Deployment,true
6.613991399,Regular,52,Create,ConfigMap,true
6.666964212,Regular,1,Update,Deployment,true
6.668321337,Regular,1,Delete,ConfigMap,true
6.669645479,Regular,1,Delete,Deployment,true
6.670845617,Regular,52,Create,Deployment,true
6.723687202,Regular,53,Create,ConfigMap,true
6.776994146,Regular,1,Update,Deployment,true
6.778898475,Regular,2,Delete,ConfigMap,true
6.781226114,Regular,2,Delete,Deployment,true
6.78361068,Regular,53,Create,Deployment,true
6.836713068,Regular,52,Create,ConfigMap,true
6.8889911569999995,Regular,1,Update,Deployment,true
6.890169554,Regular,1,Delete,ConfigMap,true
6.891454443,Regular,1,Delete,Deployment,true
6.892759198,Regular,52,Create,Deployment,true
6.945165209,Regular,53,Create,ConfigMap,true
6.998177226,Regular,1,Update,Deployment,true
6.999436065,Regular,1,Delete,ConfigMap,true
7.000555812,Regular,1,Delete,Deployment,true
7.002228913,Regular,51,Create,Deployment,true
6.037613882,Regular,1,Delete,ConfigMap,true
6.038875377,Regular,1,Delete,Deployment,true
6.040064644,Regular,52,Create,Deployment,true
6.092845574,Regular,53,Create,ConfigMap,true
6.145902465,Regular,2,Update,Deployment,true
6.148759435,Regular,1,Delete,ConfigMap,true
6.150148851,Regular,1,Delete,Deployment,true
6.1513865899999995,Regular,52,Create,Deployment,true
6.203745151,Regular,52,Create,ConfigMap,true
6.256152165,Regular,1,Update,Deployment,true
6.257719286,Regular,1,Delete,ConfigMap,true
6.259237425,Regular,1,Delete,Deployment,true
6.260486837,Regular,52,Create,Deployment,true
6.313407571,Regular,53,Create,ConfigMap,true
6.366853046,Regular,1,Update,Deployment,true
6.368074665,Regular,1,Delete,ConfigMap,true
6.36968031,Regular,1,Delete,Deployment,true
6.370885147,Regular,54,Create,Deployment,true
6.425051154,Regular,52,Create,ConfigMap,true
6.4772571580000005,Regular,1,Update,Deployment,true
6.479151568,Regular,2,Delete,ConfigMap,true
6.481934808,Regular,3,Delete,Deployment,true
6.485196251,Regular,53,Create,Deployment,true
6.538541317,Regular,53,Create,ConfigMap,true
6.59166252,Regular,1,Update,Deployment,true
6.592847229,Regular,1,Delete,ConfigMap,true
6.594055212,Regular,1,Delete,Deployment,true
6.595249068,Regular,54,Create,Deployment,true
6.649535243,Regular,52,Create,ConfigMap,true
6.70192277,Regular,3,Update,Deployment,true
6.70507144,Regular,2,Delete,ConfigMap,true
6.707485623,Regular,1,Delete,Deployment,true
6.709280204,Regular,52,Create,Deployment,true
6.761824146,Regular,56,Create,ConfigMap,true
6.817850079,Regular,3,Update,Deployment,true
6.821673204,Regular,7,Delete,ConfigMap,true
6.828871438,Regular,4,Delete,Deployment,true
6.83302632,Regular,54,Create,Deployment,true
6.887756083,Regular,52,Create,ConfigMap,true
6.940288092,Regular,2,Update,Deployment,true
6.94299586,Regular,3,Delete,ConfigMap,true
6.946357373,Regular,2,Delete,Deployment,true
6.949251713,Regular,51,Create,Deployment,true
7.00111048,Regular,51,Create,ConfigMap,true
7.053070368,Regular,1,Update,Deployment,true
7.050706821,Regular,1,Update,Deployment,true
7.051915435,Regular,1,Delete,ConfigMap,true
7.053276728,Regular,1,Delete,Deployment,true
7.054592104,Regular,51,Create,Deployment,true
7.106584123,Regular,52,Create,ConfigMap,true
7.159402263,Regular,2,Update,Deployment,true
7.162054074,Regular,2,Delete,ConfigMap,true
7.16415209,Regular,4,Delete,Deployment,true
7.168177176,Regular,52,Create,Deployment,true
7.220612814,Regular,52,Create,ConfigMap,true
7.272861528,Regular,1,Update,Deployment,true
7.274283265,Regular,1,Delete,ConfigMap,true
7.27569906,Regular,1,Delete,Deployment,true
7.276958721,Regular,52,Create,Deployment,true
7.329532219,Regular,51,Create,ConfigMap,true
7.381282641,Regular,2,Update,Deployment,true
7.383660385,Regular,2,Delete,ConfigMap,true
7.3864035789999996,Regular,1,Delete,Deployment,true
7.38807088,Regular,51,Create,Deployment,true
7.439921261,Regular,52,Create,ConfigMap,true
7.492254996,Regular,1,Update,Deployment,true
7.493877432,Regular,1,Delete,ConfigMap,true
7.4952909739999996,Regular,1,Delete,Deployment,true
7.497038777,Regular,52,Create,Deployment,true
7.549541751,Regular,52,Create,ConfigMap,true
7.601715925,Regular,5,Update,Deployment,true
7.60731717,Regular,1,Delete,ConfigMap,true
7.609113926,Regular,1,Delete,Deployment,true
7.610552064,Regular,52,Create,Deployment,true
7.662800197,Regular,52,Create,ConfigMap,true
7.715305215,Regular,4,Update,Deployment,true
7.719568582,Regular,2,Delete,ConfigMap,true
7.721825227,Regular,1,Delete,Deployment,true
7.723798978,Regular,51,Create,Deployment,true
7.775720393,Regular,52,Create,ConfigMap,true
7.828720076,Regular,1,Update,Deployment,true
7.830661325,Regular,1,Delete,ConfigMap,true
7.831983474,Regular,1,Delete,Deployment,true
7.833499769,Regular,53,Create,Deployment,true
7.886663413,Regular,52,Create,ConfigMap,true
7.938845871,Regular,2,Update,Deployment,true
7.941240086,Regular,3,Delete,ConfigMap,true
7.945015772,Regular,4,Delete,Deployment,true
7.949532588,Regular,58,Create,Deployment,true
7.052559092,Regular,1,Update,Deployment,true
7.05379631,Regular,1,Delete,ConfigMap,true
7.055117677,Regular,1,Delete,Deployment,true
7.056248133,Regular,51,Create,Deployment,true
7.107891353,Regular,51,Create,ConfigMap,true
7.159819221,Regular,1,Update,Deployment,true
7.161546635,Regular,2,Delete,ConfigMap,true
7.164163581,Regular,3,Delete,Deployment,true
7.168155235,Regular,52,Create,Deployment,true
7.22035182,Regular,52,Create,ConfigMap,true
7.272557874,Regular,1,Update,Deployment,true
7.274020067,Regular,1,Delete,ConfigMap,true
7.275701325,Regular,1,Delete,Deployment,true
7.276908727,Regular,52,Create,Deployment,true
7.329219398,Regular,52,Create,ConfigMap,true
7.381357212,Regular,2,Update,Deployment,true
7.3839341019999996,Regular,2,Delete,ConfigMap,true
7.386641368,Regular,1,Delete,Deployment,true
7.388042286,Regular,51,Create,Deployment,true
7.439923956,Regular,52,Create,ConfigMap,true
7.4922885390000005,Regular,1,Update,Deployment,true
7.493836535,Regular,1,Delete,ConfigMap,true
7.495027937,Regular,1,Delete,Deployment,true
7.496251779,Regular,53,Create,Deployment,true
7.549416244,Regular,52,Create,ConfigMap,true
7.6017339889999995,Regular,5,Update,Deployment,true
7.60697822,Regular,1,Delete,ConfigMap,true
7.608705604,Regular,1,Delete,Deployment,true
7.61009499,Regular,51,Create,Deployment,true
7.661882723,Regular,51,Create,ConfigMap,true
7.713698369,Regular,1,Update,Deployment,true
7.715645178,Regular,3,Delete,ConfigMap,true
7.71955675,Regular,2,Delete,Deployment,true
7.721829906,Regular,53,Create,Deployment,true
7.775163891,Regular,53,Create,ConfigMap,true
7.8284295870000005,Regular,2,Update,Deployment,true
7.830590401,Regular,1,Delete,ConfigMap,true
7.831999394,Regular,1,Delete,Deployment,true
7.833500902,Regular,53,Create,Deployment,true
7.88673614,Regular,51,Create,ConfigMap,true
7.93868128,Regular,2,Update,Deployment,true
7.940974885,Regular,5,Delete,ConfigMap,true
7.946652565,Regular,4,Delete,Deployment,true
7.9510116029999995,Regular,57,Create,Deployment,true
7.050979456,Regular,1,Update,Deployment,true
7.052169515,Regular,1,Delete,ConfigMap,true
7.053474311,Regular,1,Delete,Deployment,true
7.054888955,Regular,52,Create,Deployment,true
7.106945405,Regular,52,Create,ConfigMap,true
7.159827356,Regular,1,Update,Deployment,true
7.16141127,Regular,2,Delete,ConfigMap,true
7.163898971,Regular,4,Delete,Deployment,true
7.16820575,Regular,52,Create,Deployment,true
7.220725246,Regular,52,Create,ConfigMap,true
7.272854184,Regular,1,Update,Deployment,true
7.274808848,Regular,1,Delete,ConfigMap,true
7.27659842,Regular,1,Delete,Deployment,true
7.2779170220000005,Regular,51,Create,Deployment,true
7.32980242,Regular,51,Create,ConfigMap,true
7.381649154,Regular,2,Update,Deployment,true
7.383915387,Regular,2,Delete,ConfigMap,true
7.386474423,Regular,1,Delete,Deployment,true
7.38803381,Regular,51,Create,Deployment,true
7.439994931,Regular,52,Create,ConfigMap,true
7.492254996,Regular,1,Update,Deployment,true
7.49386041,Regular,1,Delete,ConfigMap,true
7.495344695,Regular,1,Delete,Deployment,true
7.497028698,Regular,52,Create,Deployment,true
7.549420833,Regular,52,Create,ConfigMap,true
7.601759186,Regular,5,Update,Deployment,true
7.607304997,Regular,2,Delete,ConfigMap,true
7.609626905,Regular,1,Delete,Deployment,true
7.610982738,Regular,52,Create,Deployment,true
7.663069386,Regular,52,Create,ConfigMap,true
7.715336324,Regular,2,Update,Deployment,true
7.717909998,Regular,1,Delete,ConfigMap,true
7.719575996,Regular,2,Delete,Deployment,true
7.722008043,Regular,52,Create,Deployment,true
7.774796557,Regular,53,Create,ConfigMap,true
7.828726739,Regular,1,Update,Deployment,true
7.830644794,Regular,1,Delete,ConfigMap,true
7.832286236,Regular,1,Delete,Deployment,true
7.834010274,Regular,52,Create,Deployment,true
7.88673616,Regular,52,Create,ConfigMap,true
7.93892476,Regular,2,Update,Deployment,true
7.941252429,Regular,4,Delete,ConfigMap,true
7.945442849,Regular,4,Delete,Deployment,true
7.949752353,Regular,59,Create,Deployment,true
7.054334296,Regular,1,Delete,ConfigMap,true
7.055621309,Regular,1,Delete,Deployment,true
7.056686311,Regular,51,Create,Deployment,true
7.108382411,Regular,52,Create,ConfigMap,true
7.16048542,Regular,2,Update,Deployment,true
7.162864556,Regular,4,Delete,ConfigMap,true
7.167423422,Regular,1,Delete,Deployment,true
7.168870567,Regular,51,Create,Deployment,true
7.220699558,Regular,52,Create,ConfigMap,true
7.2731656430000005,Regular,1,Update,Deployment,true
7.274585907,Regular,1,Delete,ConfigMap,true
7.275908186,Regular,1,Delete,Deployment,true
7.277168097,Regular,51,Create,Deployment,true
7.328778134,Regular,52,Create,ConfigMap,true
7.381332205,Regular,2,Update,Deployment,true
7.383953469,Regular,2,Delete,ConfigMap,true
7.386660985,Regular,1,Delete,Deployment,true
7.38804968,Regular,51,Create,Deployment,true
7.439997966,Regular,52,Create,ConfigMap,true
7.492286025,Regular,1,Update,Deployment,true
7.493836866,Regular,1,Delete,ConfigMap,true
7.49540548,Regular,1,Delete,Deployment,true
7.496767224,Regular,52,Create,Deployment,true
7.549425221,Regular,52,Create,ConfigMap,true
7.6018933,Regular,2,Update,Deployment,true
7.604729129,Regular,2,Delete,ConfigMap,true
7.607532818,Regular,1,Delete,Deployment,true
7.609320687,Regular,52,Create,Deployment,true
7.661587264,Regular,51,Create,ConfigMap,true
7.713587349,Regular,1,Update,Deployment,true
7.715283404,Regular,4,Delete,ConfigMap,true
7.719539648,Regular,2,Delete,Deployment,true
7.721811441,Regular,53,Create,Deployment,true
7.775160074,Regular,53,Create,ConfigMap,true
7.828737299,Regular,1,Update,Deployment,true
7.8306636990000005,Regular,1,Delete,ConfigMap,true
7.832289211,Regular,1,Delete,Deployment,true
7.834282078,Regular,52,Create,Deployment,true
7.886691776,Regular,52,Create,ConfigMap,true
7.938794214,Regular,2,Update,Deployment,true
7.941216862,Regular,4,Delete,ConfigMap,true
7.945398776,Regular,4,Delete,Deployment,true
7.949747795,Regular,59,Create,Deployment,true
7.052895437,Regular,1,Update,Deployment,true
7.054069145,Regular,1,Delete,ConfigMap,true
7.055336791,Regular,1,Delete,Deployment,true
7.05654249,Regular,51,Create,Deployment,true
7.1083658100000005,Regular,51,Create,ConfigMap,true
7.160212454,Regular,2,Update,Deployment,true
7.162446115,Regular,1,Delete,ConfigMap,true
7.164423783,Regular,3,Delete,Deployment,true
7.168192756,Regular,52,Create,Deployment,true
7.220645455,Regular,52,Create,ConfigMap,true
7.273116991,Regular,1,Update,Deployment,true
7.274814619,Regular,1,Delete,ConfigMap,true
7.276505695,Regular,1,Delete,Deployment,true
7.277924536,Regular,51,Create,Deployment,true
7.329825984,Regular,51,Create,ConfigMap,true
7.381521833,Regular,2,Update,Deployment,true
7.383915247,Regular,2,Delete,ConfigMap,true
7.386419659,Regular,1,Delete,Deployment,true
7.387792915,Regular,51,Create,Deployment,true
7.43972474,Regular,52,Create,ConfigMap,true
7.492014461,Regular,1,Update,Deployment,true
7.493218086,Regular,1,Delete,ConfigMap,true
7.494482075,Regular,1,Delete,Deployment,true
7.4957199039999995,Regular,54,Create,Deployment,true
7.5497634300000005,Regular,53,Create,ConfigMap,true
7.602800675,Regular,4,Update,Deployment,true
7.607290129,Regular,2,Delete,ConfigMap,true
7.609356695,Regular,1,Delete,Deployment,true
7.610773813,Regular,52,Create,Deployment,true
7.663123127,Regular,51,Create,ConfigMap,true
7.715004908,Regular,1,Update,Deployment,true
7.716903125,Regular,2,Delete,ConfigMap,true
7.71958327,Regular,2,Delete,Deployment,true
7.721795641,Regular,53,Create,Deployment,true
7.77515761,Regular,52,Create,ConfigMap,true
7.828078113,Regular,2,Update,Deployment,true
7.8306374,Regular,1,Delete,ConfigMap,true
7.8323280749999995,Regular,1,Delete,Deployment,true
7.834294982,Regular,52,Create,Deployment,true
7.8867011940000005,Regular,52,Create,ConfigMap,true
7.938765149,Regular,2,Update,Deployment,true
7.941231399,Regular,4,Delete,ConfigMap,true
7.945372205,Regular,4,Delete,Deployment,true
7.949500908,Regular,60,Create,Deployment,true
7.053918881,Regular,52,Create,ConfigMap,true
7.106309343,Regular,2,Update,Deployment,true
7.108583101,Regular,1,Delete,ConfigMap,true
7.1096835,Regular,1,Delete,Deployment,true
7.110711713,Regular,52,Create,Deployment,true
7.162900875,Regular,51,Create,ConfigMap,true
7.214484783,Regular,1,Update,Deployment,true
7.215644544,Regular,1,Delete,ConfigMap,true
7.217294613,Regular,1,Delete,Deployment,true
7.21868499,Regular,52,Create,Deployment,true
7.271122471,Regular,52,Create,ConfigMap,true
7.323974465,Regular,3,Update,Deployment,true
7.327042023,Regular,1,Delete,ConfigMap,true
7.328960208,Regular,1,Delete,Deployment,true
7.330359132,Regular,52,Create,Deployment,true
7.383125424,Regular,52,Create,ConfigMap,true
7.435426567,Regular,1,Update,Deployment,true
7.436478034,Regular,1,Delete,ConfigMap,true
7.437542816,Regular,1,Delete,Deployment,true
7.438652944,Regular,52,Create,Deployment,true
7.490804054,Regular,52,Create,ConfigMap,true
7.543674313,Regular,1,Update,Deployment,true
7.545614339,Regular,3,Delete,ConfigMap,true
7.548730769,Regular,2,Delete,Deployment,true
7.550886172,Regular,52,Create,Deployment,true
7.603040839,Regular,52,Create,ConfigMap,true
7.655226604,Regular,1,Update,Deployment,true
7.656353383,Regular,1,Delete,ConfigMap,true
7.657597394,Regular,1,Delete,Deployment,true
7.658836265,Regular,52,Create,Deployment,true
7.7116215839999995,Regular,53,Create,ConfigMap,true
7.764652135,Regular,3,Update,Deployment,true
7.767758836,Regular,2,Delete,ConfigMap,true
7.769889283,Regular,1,Delete,Deployment,true
7.771489347,Regular,54,Create,Deployment,true
7.8257803710000005,Regular,53,Create,ConfigMap,true
7.878884481,Regular,1,Update,Deployment,true
7.880187063,Regular,1,Delete,ConfigMap,true
7.881578382,Regular,2,Delete,Deployment,true
7.884141517,Regular,53,Create,Deployment,true
7.938079172,Regular,51,Create,ConfigMap,true
7.989825457,Regular,1,Update,Deployment,true
7.991344918,Regular,1,Delete,ConfigMap,true
7.9926644620000005,Regular,1,Delete,Deployment,true
7.993844683,Regular,52,Create,Deployment,true
7.050345097,Regular,1,Update,Deployment,true
7.051584921,Regular,1,Delete,ConfigMap,true
7.052844892,Regular,1,Delete,Deployment,true
7.054229178,Regular,52,Create,Deployment,true
7.10632331,Regular,53,Create,ConfigMap,true
7.159539302,Regular,1,Update,Deployment,true
7.1608976890000005,Regular,1,Delete,ConfigMap,true
7.162872912,Regular,1,Delete,Deployment,true
7.164267237,Regular,53,Create,Deployment,true
7.217554354,Regular,51,Create,ConfigMap,true
7.269559397,Regular,1,Update,Deployment,true
7.271081784,Regular,1,Delete,ConfigMap,true
7.272861568,Regular,1,Delete,Deployment,true
7.27484195,Regular,52,Create,Deployment,true
7.327275574,Regular,52,Create,ConfigMap,true
7.379925326,Regular,1,Update,Deployment,true
7.381051535,Regular,1,Delete,ConfigMap,true
7.382846446,Regular,3,Delete,Deployment,true
7.386216055,Regular,51,Create,Deployment,true
7.438027152,Regular,51,Create,ConfigMap,true
7.48979661,Regular,1,Update,Deployment,true
7.490920654,Regular,1,Delete,ConfigMap,true
7.492218116,Regular,1,Delete,Deployment,true
7.493574199,Regular,52,Create,Deployment,true
7.546095518,Regular,52,Create,ConfigMap,true
7.598414545,Regular,1,Update,Deployment,true
7.599625294,Regular,1,Delete,ConfigMap,true
7.601007776,Regular,2,Delete,Deployment,true
7.6030425820000005,Regular,52,Create,Deployment,true
7.655458572,Regular,54,Create,ConfigMap,true
7.7095784720000005,Regular,1,Update,Deployment,true
7.711361612,Regular,1,Delete,ConfigMap,true
7.713120556,Regular,1,Delete,Deployment,true
7.714579344,Regular,53,Create,Deployment,true
7.768110571,Regular,52,Create,ConfigMap,true
7.82104435,Regular,3,Update,Deployment,true
7.824873006,Regular,3,Delete,ConfigMap,true
7.828432032,Regular,2,Delete,Deployment,true
7.8306163,Regular,52,Create,Deployment,true
7.883126648,Regular,52,Create,ConfigMap,true
7.936011194,Regular,1,Update,Deployment,true
7.93781335,Regular,1,Delete,ConfigMap,true
7.939544522,Regular,1,Delete,Deployment,true
7.941214958,Regular,54,Create,Deployment,true
7.995375005,Regular,51,Create,ConfigMap,true
7.050979547,Regular,1,Update,Deployment,true
7.052242153,Regular,1,Delete,ConfigMap,true
7.0536749,Regular,1,Delete,Deployment,true
7.055117928,Regular,52,Create,Deployment,true
7.107593701,Regular,52,Create,ConfigMap,true
7.159770359,Regular,2,Update,Deployment,true
7.162334855,Regular,2,Delete,ConfigMap,true
7.164404236,Regular,3,Delete,Deployment,true
7.167877841,Regular,52,Create,Deployment,true
7.220630307,Regular,52,Create,ConfigMap,true
7.273195098,Regular,1,Update,Deployment,true
7.274856147,Regular,1,Delete,ConfigMap,true
7.276218061,Regular,1,Delete,Deployment,true
7.277425243,Regular,52,Create,Deployment,true
7.329473969,Regular,51,Create,ConfigMap,true
7.381302258,Regular,2,Update,Deployment,true
7.383914756,Regular,2,Delete,ConfigMap,true
7.386575875,Regular,1,Delete,Deployment,true
7.388016017,Regular,51,Create,Deployment,true
7.43990462,Regular,52,Create,ConfigMap,true
7.492238034,Regular,1,Update,Deployment,true
7.493879606,Regular,1,Delete,ConfigMap,true
7.495250868,Regular,1,Delete,Deployment,true
7.497017757,Regular,52,Create,Deployment,true
7.549787466,Regular,51,Create,ConfigMap,true
7.601702078,Regular,5,Update,Deployment,true
7.607315577,Regular,1,Delete,ConfigMap,true
7.609121921,Regular,1,Delete,Deployment,true
7.610836842,Regular,52,Create,Deployment,true
7.66318283,Regular,52,Create,ConfigMap,true
7.71532876,Regular,4,Update,Deployment,true
7.719545649,Regular,2,Delete,ConfigMap,true
7.722105367,Regular,4,Delete,Deployment,true
7.726704208,Regular,54,Create,Deployment,true
7.780865947,Regular,52,Create,ConfigMap,true
7.833465334,Regular,2,Update,Deployment,true
7.835551898,Regular,1,Delete,ConfigMap,true
7.836681252,Regular,1,Delete,Deployment,true
7.837996678,Regular,52,Create,Deployment,true
7.890317919,Regular,55,Create,ConfigMap,true
7.945656863,Regular,3,Update,Deployment,true
7.949137672,Regular,3,Delete,ConfigMap,true
7.953047471,Regular,1,Delete,Deployment,true
7.9543837459999995,Regular,53,Create,Deployment,true
8.008266458,Regular,55,Create,ConfigMap,true
7.006628338,Regular,1,Update,Deployment,true
7.008311168,Regular,1,Delete,ConfigMap,true
7.009413111,Regular,1,Delete,Deployment,true
7.010450622,Regular,52,Create,Deployment,true
7.0633818250000004,Regular,51,Create,ConfigMap,true
7.115020025,Regular,1,Update,Deployment,true
7.116079708,Regular,1,Delete,ConfigMap,true
7.117214843,Regular,1,Delete,Deployment,true
7.118343537,Regular,51,Create,Deployment,true
7.170206372,Regular,51,Create,ConfigMap,true
7.221942146,Regular,3,Update,Deployment,true
7.225296896,Regular,1,Delete,ConfigMap,true
7.226724694,Regular,1,Delete,Deployment,true
7.228354274,Regular,51,Create,Deployment,true
7.280182814,Regular,51,Create,ConfigMap,true
7.331525105,Regular,1,Update,Deployment,true
7.332545373,Regular,0,Delete,ConfigMap,true
7.333542909,Regular,1,Delete,Deployment,true
7.334716026,Regular,51,Create,Deployment,true
7.386607484,Regular,51,Create,ConfigMap,true
7.438226578,Regular,1,Update,Deployment,true
7.439399225,Regular,1,Delete,ConfigMap,true
7.44081485,Regular,1,Delete,Deployment,true
7.442060615,Regular,52,Create,Deployment,true
7.494189402,Regular,52,Create,ConfigMap,true
7.546983226,Regular,2,Update,Deployment,true
7.549079638,Regular,1,Delete,ConfigMap,true
7.550672298,Regular,1,Delete,Deployment,true
7.551786143,Regular,51,Create,Deployment,true
7.603743096,Regular,51,Create,ConfigMap,true
7.655458552,Regular,1,Update,Deployment,true
7.656581334,Regular,1,Delete,ConfigMap,true
7.657829863,Regular,1,Delete,Deployment,true
7.659114381,Regular,52,Create,Deployment,true
7.711596196,Regular,52,Create,ConfigMap,true
7.764394498,Regular,3,Update,Deployment,true
7.767756211,Regular,2,Delete,ConfigMap,true
7.770566613,Regular,1,Delete,Deployment,true
7.772336107,Regular,54,Create,Deployment,true
7.826625708,Regular,51,Create,ConfigMap,true
7.878633076,Regular,1,Update,Deployment,true
7.879974321,Regular,1,Delete,ConfigMap,true
7.881213623,Regular,1,Delete,Deployment,true
7.882795052,Regular,53,Create,Deployment,true
7.93601425,Regular,52,Create,ConfigMap,true
7.988246603,Regular,1,Update,Deployment,true
7.989609338,Regular,1,Delete,ConfigMap,true
7.991105887,Regular,1,Delete,Deployment,true
7.992408318,Regular,53,Create,Deployment,true
8.04547101,Regular,54,Create,ConfigMap,true
8.099610808,Regular,1,Update,Deployment,true
7.047829223,Regular,1,Delete,ConfigMap,true
7.049750624,Regular,1,Delete,Deployment,true
7.050990778,Regular,52,Create,Deployment,true
7.103226798,Regular,53,Create,ConfigMap,true
7.156281795,Regular,1,Update,Deployment,true
7.157642387,Regular,1,Delete,ConfigMap,true
7.159106323,Regular,1,Delete,Deployment,true
7.160491842,Regular,52,Create,Deployment,true
7.213119542,Regular,52,Create,ConfigMap,true
7.266118274,Regular,1,Update,Deployment,true
7.267596167,Regular,1,Delete,ConfigMap,true
7.269318622,Regular,1,Delete,Deployment,true
7.270837292,Regular,53,Create,Deployment,true
7.324366166,Regular,52,Create,ConfigMap,true
7.377080139,Regular,1,Update,Deployment,true
7.37841397,Regular,1,Delete,ConfigMap,true
7.379717914,Regular,1,Delete,Deployment,true
7.381325332,Regular,52,Create,Deployment,true
7.434131409,Regular,52,Create,ConfigMap,true
7.486800648,Regular,1,Update,Deployment,true
7.487953477,Regular,1,Delete,ConfigMap,true
7.489336049,Regular,1,Delete,Deployment,true
7.490557067,Regular,53,Create,Deployment,true
7.54397439,Regular,52,Create,ConfigMap,true
7.596825673,Regular,1,Update,Deployment,true
7.59819487,Regular,1,Delete,ConfigMap,true
7.599417902,Regular,1,Delete,Deployment,true
7.600667253,Regular,52,Create,Deployment,true
7.652757067,Regular,54,Create,ConfigMap,true
7.707615693,Regular,3,Update,Deployment,true
7.710917012,Regular,2,Delete,ConfigMap,true
7.713400065,Regular,1,Delete,Deployment,true
7.71499573,Regular,53,Create,Deployment,true
7.768012526,Regular,53,Create,ConfigMap,true
7.821686403,Regular,6,Update,Deployment,true
7.828307386,Regular,2,Delete,ConfigMap,true
7.830645225,Regular,1,Delete,Deployment,true
7.832290404,Regular,54,Create,Deployment,true
7.88659848,Regular,51,Create,ConfigMap,true
7.938448781,Regular,1,Update,Deployment,true
7.9397742860000005,Regular,1,Delete,ConfigMap,true
7.941272667,Regular,4,Delete,Deployment,true
7.945984963,Regular,54,Create,Deployment,true
8.000129661,Regular,52,Create,ConfigMap,true
8.052581769,Regular,1,Update,Deployment,true
8.053787858,Regular,1,Delete,ConfigMap,true
8.054927632,Regular,1,Delete,Deployment,true
8.056117731,Regular,52,Create,Deployment,true
8.009328686,Regular,54,Create,ConfigMap,true
8.063421855,Regular,2,Update,Deployment,true
8.065648884,Regular,1,Delete,ConfigMap,true
8.067286459,Regular,1,Delete,Deployment,true
8.069017681,Regular,52,Create,Deployment,true
8.121176054,Regular,52,Create,ConfigMap,true
8.173987863,Regular,2,Update,Deployment,true
8.176245479,Regular,1,Delete,ConfigMap,true
8.17761104,Regular,1,Delete,Deployment,true
8.178959558,Regular,52,Create,Deployment,true
8.231594743,Regular,52,Create,ConfigMap,true
8.284256588,Regular,2,Update,Deployment,true
8.286973252,Regular,1,Delete,ConfigMap,true
8.288599906,Regular,1,Delete,Deployment,true
8.290035158,Regular,53,Create,Deployment,true
8.343157073,Regular,52,Create,ConfigMap,true
8.395863722,Regular,2,Update,Deployment,true
8.397903858,Regular,1,Delete,ConfigMap,true
8.399616855,Regular,2,Delete,Deployment,true
8.401756439,Regular,52,Create,Deployment,true
8.454542348,Regular,53,Create,ConfigMap,true
8.50816026,Regular,1,Update,Deployment,true
8.509332796,Regular,2,Delete,ConfigMap,true
8.511863989,Regular,1,Delete,Deployment,true
8.513354747,Regular,52,Create,Deployment,true
8.566277525,Regular,51,Create,ConfigMap,true
8.618250438,Regular,1,Update,Deployment,true
8.620018258,Regular,1,Delete,ConfigMap,true
8.621856402,Regular,3,Delete,Deployment,true
8.625596481,Regular,53,Create,Deployment,true
8.679497337,Regular,53,Create,ConfigMap,true
8.732709061,Regular,2,Update,Deployment,true
8.734773372,Regular,1,Delete,ConfigMap,true
8.736166425,Regular,1,Delete,Deployment,true
8.737686738,Regular,53,Create,Deployment,true
8.790976059,Regular,54,Create,ConfigMap,true
8.845233329,Regular,7,Update,Deployment,true
8.853133129,Regular,3,Delete,ConfigMap,true
8.856885039,Regular,1,Delete,Deployment,true
8.858482408,Regular,52,Create,Deployment,true
8.91062957,Regular,53,Create,ConfigMap,true
8.964376977,Regular,3,Update,Deployment,true
8.968342571,Regular,2,Delete,ConfigMap,true
8.970885226,Regular,2,Delete,Deployment,true
8.973793312,Regular,52,Create,Deployment,true
8.009274924,Regular,54,Create,ConfigMap,true
8.063363996,Regular,2,Update,Deployment,true
8.065533136,Regular,1,Delete,ConfigMap,true
8.06726569,Regular,1,Delete,Deployment,true
8.06880006,Regular,52,Create,Deployment,true
8.121163761,Regular,52,Create,ConfigMap,true
8.17387008,Regular,2,Update,Deployment,true
8.176307436,Regular,1,Delete,ConfigMap,true
8.177625277,Regular,1,Delete,Deployment,true
8.17919882,Regular,52,Create,Deployment,true
8.231571359,Regular,52,Create,ConfigMap,true
8.284256588,Regular,2,Update,Deployment,true
8.286990254,Regular,1,Delete,ConfigMap,true
8.288587533,Regular,1,Delete,Deployment,true
8.290097366,Regular,53,Create,Deployment,true
8.34329322,Regular,52,Create,ConfigMap,true
8.395868461,Regular,2,Update,Deployment,true
8.397931871,Regular,1,Delete,ConfigMap,true
8.399627345,Regular,2,Delete,Deployment,true
8.401970974,Regular,52,Create,Deployment,true
8.454874977,Regular,53,Create,ConfigMap,true
8.507912952,Regular,1,Update,Deployment,true
8.509265929,Regular,2,Delete,ConfigMap,true
8.511899717,Regular,1,Delete,Deployment,true
8.51339324,Regular,52,Create,Deployment,true
8.566252076,Regular,52,Create,ConfigMap,true
8.618268752,Regular,1,Update,Deployment,true
8.620105513,Regular,1,Delete,ConfigMap,true
8.621982701,Regular,3,Delete,Deployment,true
8.625249224000001,Regular,52,Create,Deployment,true
8.678096089,Regular,54,Create,ConfigMap,true
8.732826553,Regular,1,Update,Deployment,true
8.73471401,Regular,1,Delete,ConfigMap,true
8.736123684,Regular,1,Delete,Deployment,true
8.737985953999999,Regular,53,Create,Deployment,true
8.791025803,Regular,54,Create,ConfigMap,true
8.84525009,Regular,4,Update,Deployment,true
8.850154539,Regular,3,Delete,ConfigMap,true
8.853341913,Regular,3,Delete,Deployment,true
8.857047977,Regular,52,Create,Deployment,true
8.90997866,Regular,54,Create,ConfigMap,true
8.964358482,Regular,4,Update,Deployment,true
8.968633501,Regular,4,Delete,ConfigMap,true
8.973418133,Regular,1,Delete,Deployment,true
8.975172138,Regular,52,Create,Deployment,true
8.008040732,Regular,55,Create,ConfigMap,true
8.063449327,Regular,2,Update,Deployment,true
8.065664033,Regular,1,Delete,ConfigMap,true
8.067272523,Regular,1,Delete,Deployment,true
8.068785823,Regular,52,Create,Deployment,true
8.121178368,Regular,52,Create,ConfigMap,true
8.173826728,Regular,2,Update,Deployment,true
8.176724134,Regular,1,Delete,ConfigMap,true
8.178004313,Regular,1,Delete,Deployment,true
8.179738901,Regular,51,Create,Deployment,true
8.231593671,Regular,52,Create,ConfigMap,true
8.284289009,Regular,2,Update,Deployment,true
8.287006835,Regular,1,Delete,ConfigMap,true
8.288578616,Regular,1,Delete,Deployment,true
8.289932134,Regular,53,Create,Deployment,true
8.343432904,Regular,52,Create,ConfigMap,true
8.395863702,Regular,1,Update,Deployment,true
8.397635401,Regular,2,Delete,ConfigMap,true
8.399672681,Regular,2,Delete,Deployment,true
8.401866286,Regular,52,Create,Deployment,true
8.454845301,Regular,53,Create,ConfigMap,true
8.507918914,Regular,1,Update,Deployment,true
8.509226935000001,Regular,2,Delete,ConfigMap,true
8.511863809,Regular,1,Delete,Deployment,true
8.513376738,Regular,52,Create,Deployment,true
8.565985823,Regular,51,Create,ConfigMap,true
8.61796599,Regular,2,Update,Deployment,true
8.620102327,Regular,1,Delete,ConfigMap,true
8.621973203,Regular,3,Delete,Deployment,true
8.62558532,Regular,52,Create,Deployment,true
8.678363414,Regular,55,Create,ConfigMap,true
8.733585507,Regular,1,Update,Deployment,true
8.734965014,Regular,1,Delete,ConfigMap,true
8.736384848,Regular,1,Delete,Deployment,true
8.737949545,Regular,53,Create,Deployment,true
8.790975828,Regular,53,Create,ConfigMap,true
8.844848021,Regular,4,Update,Deployment,true
8.849403801,Regular,3,Delete,ConfigMap,true
8.853297459,Regular,3,Delete,Deployment,true
8.856571096,Regular,53,Create,Deployment,true
8.910157287,Regular,54,Create,ConfigMap,true
8.964397245,Regular,4,Update,Deployment,true
8.968661955,Regular,5,Delete,ConfigMap,true
8.973718501,Regular,1,Delete,Deployment,true
8.975558569,Regular,52,Create,Deployment,true
8.063430852,Regular,2,Update,Deployment,true
8.065702826,Regular,1,Delete,ConfigMap,true
8.067302359,Regular,1,Delete,Deployment,true
8.068938722,Regular,52,Create,Deployment,true
8.121146789,Regular,52,Create,ConfigMap,true
8.173832649,Regular,2,Update,Deployment,true
8.176273262,Regular,1,Delete,ConfigMap,true
8.177602724,Regular,1,Delete,Deployment,true
8.179216293,Regular,52,Create,Deployment,true
8.231558775,Regular,52,Create,ConfigMap,true
8.284320358,Regular,2,Update,Deployment,true
8.287007196,Regular,1,Delete,ConfigMap,true
8.288602331,Regular,1,Delete,Deployment,true
8.290024859,Regular,53,Create,Deployment,true
8.343126114,Regular,52,Create,ConfigMap,true
8.395864303,Regular,1,Update,Deployment,true
8.397630421,Regular,2,Delete,ConfigMap,true
8.39989982,Regular,1,Delete,Deployment,true
8.401885072,Regular,52,Create,Deployment,true
8.454859257,Regular,53,Create,ConfigMap,true
8.508137056,Regular,1,Update,Deployment,true
8.509333647,Regular,2,Delete,ConfigMap,true
8.511869319,Regular,1,Delete,Deployment,true
8.513128489,Regular,53,Create,Deployment,true
8.56622229,Regular,52,Create,ConfigMap,true
8.6182412,Regular,1,Update,Deployment,true
8.619778946,Regular,1,Delete,ConfigMap,true
8.621703443,Regular,3,Delete,Deployment,true
8.625338994,Regular,53,Create,Deployment,true
8.67842469,Regular,54,Create,ConfigMap,true
8.732709091,Regular,1,Update,Deployment,true
8.734676027999999,Regular,1,Delete,ConfigMap,true
8.736140055,Regular,1,Delete,Deployment,true
8.738006623,Regular,52,Create,Deployment,true
8.790677114,Regular,54,Create,ConfigMap,true
8.844852349,Regular,4,Update,Deployment,true
8.849134692,Regular,4,Delete,ConfigMap,true
8.853330401000001,Regular,4,Delete,Deployment,true
8.858173885,Regular,51,Create,Deployment,true
8.910175362,Regular,54,Create,ConfigMap,true
8.96438938,Regular,4,Update,Deployment,true
8.968654661,Regular,5,Delete,ConfigMap,true
8.973727428,Regular,1,Delete,Deployment,true
8.975497633,Regular,52,Create,Deployment,true
8.009623863,Regular,53,Create,ConfigMap,true
8.063444528,Regular,2,Update,Deployment,true
8.065610051,Regular,1,Delete,ConfigMap,true
8.067325944,Regular,1,Delete,Deployment,true
8.068788718,Regular,52,Create,Deployment,true
8.121182837,Regular,52,Create,ConfigMap,true
8.17387015,Regular,2,Update,Deployment,true
8.175979026,Regular,1,Delete,ConfigMap,true
8.177368672,Regular,1,Delete,Deployment,true
8.178653991000001,Regular,52,Create,Deployment,true
8.231548726,Regular,52,Create,ConfigMap,true
8.284310029,Regular,2,Update,Deployment,true
8.286825482,Regular,1,Delete,ConfigMap,true
8.288348731,Regular,1,Delete,Deployment,true
8.289651263,Regular,53,Create,Deployment,true
8.343126185,Regular,52,Create,ConfigMap,true
8.395863822,Regular,2,Update,Deployment,true
8.397885694,Regular,1,Delete,ConfigMap,true
8.399630821,Regular,2,Delete,Deployment,true
8.401901874,Regular,52,Create,Deployment,true
8.45486622,Regular,52,Create,ConfigMap,true
8.507661076,Regular,1,Update,Deployment,true
8.508997081,Regular,2,Delete,ConfigMap,true
8.511866624,Regular,1,Delete,Deployment,true
8.513369054,Regular,52,Create,Deployment,true
8.566251976,Regular,51,Create,ConfigMap,true
8.618243304,Regular,1,Update,Deployment,true
8.620118568,Regular,1,Delete,ConfigMap,true
8.621679859,Regular,2,Delete,Deployment,true
8.624010173,Regular,52,Create,Deployment,true
8.67644576,Regular,53,Create,ConfigMap,true
8.730043964,Regular,3,Update,Deployment,true
8.733807206,Regular,1,Delete,ConfigMap,true
8.735379899,Regular,1,Delete,Deployment,true
8.737125237,Regular,52,Create,Deployment,true
8.789907037999999,Regular,55,Create,ConfigMap,true
8.844965513,Regular,4,Update,Deployment,true
8.849180629,Regular,4,Delete,ConfigMap,true
8.853384273,Regular,5,Delete,Deployment,true
8.858417686,Regular,51,Create,Deployment,true
8.91036511,Regular,53,Create,ConfigMap,true
8.964115432,Regular,4,Update,Deployment,true
8.968654661,Regular,5,Delete,ConfigMap,true
8.97371775,Regular,1,Delete,Deployment,true
8.975452869,Regular,53,Create,Deployment,true
8.10825731,Regular,52,Create,ConfigMap,true
8.160286118,Regular,1,Update,Deployment,true
8.161431562,Regular,1,Delete,ConfigMap,true
8.163202069,Regular,2,Delete,Deployment,true
8.165569102,Regular,51,Create,Deployment,true
8.21757626,Regular,51,Create,ConfigMap,true
8.269321171,Regular,1,Update,Deployment,true
8.270456026,Regular,1,Delete,ConfigMap,true
8.271511701,Regular,1,Delete,Deployment,true
8.272603415,Regular,51,Create,Deployment,true
8.324412528,Regular,51,Create,ConfigMap,true
8.37606273,Regular,1,Update,Deployment,true
8.37726897,Regular,1,Delete,ConfigMap,true
8.378553167,Regular,1,Delete,Deployment,true
8.379638098,Regular,51,Create,Deployment,true
8.431361329,Regular,52,Create,ConfigMap,true
8.483478734,Regular,2,Update,Deployment,true
8.485964873,Regular,1,Delete,ConfigMap,true
8.487290298,Regular,0,Delete,Deployment,true
8.488274217,Regular,51,Create,Deployment,true
8.539780158,Regular,52,Create,ConfigMap,true
8.59190603,Regular,1,Update,Deployment,true
8.593326464,Regular,1,Delete,ConfigMap,true
8.594643934,Regular,1,Delete,Deployment,true
8.59567919,Regular,53,Create,Deployment,true
8.649028795,Regular,52,Create,ConfigMap,true
8.701180045,Regular,2,Update,Deployment,true
8.703348734,Regular,2,Delete,ConfigMap,true
8.706268782,Regular,2,Delete,Deployment,true
8.708466135,Regular,52,Create,Deployment,true
8.760771526,Regular,52,Create,ConfigMap,true
8.813143813,Regular,1,Update,Deployment,true
8.814659057,Regular,1,Delete,ConfigMap,true
8.81661832,Regular,1,Delete,Deployment,true
8.818272005,Regular,52,Create,Deployment,true
8.870964157,Regular,55,Create,ConfigMap,true
8.926175721,Regular,1,Update,Deployment,true
8.927920408,Regular,1,Delete,ConfigMap,true
8.929322317,Regular,1,Delete,Deployment,true
8.930541411,Regular,52,Create,Deployment,true
8.982742295,Regular,54,Create,ConfigMap,true
8.047276322,Regular,2,Update,Deployment,true
8.04991028,Regular,1,Delete,ConfigMap,true
8.051181833,Regular,1,Delete,Deployment,true
8.052322399,Regular,53,Create,Deployment,true
8.105429034,Regular,51,Create,ConfigMap,true
8.157219753,Regular,1,Update,Deployment,true
8.15854111,Regular,1,Delete,ConfigMap,true
8.159807273,Regular,1,Delete,Deployment,true
8.161045212,Regular,52,Create,Deployment,true
8.213405958,Regular,53,Create,ConfigMap,true
8.266482557,Regular,1,Update,Deployment,true
8.267899795,Regular,1,Delete,ConfigMap,true
8.269070217,Regular,1,Delete,Deployment,true
8.270233345,Regular,52,Create,Deployment,true
8.322500815,Regular,51,Create,ConfigMap,true
8.374487934,Regular,1,Update,Deployment,true
8.37570809,Regular,1,Delete,ConfigMap,true
8.377046219,Regular,1,Delete,Deployment,true
8.378318193,Regular,51,Create,Deployment,true
8.430049008,Regular,51,Create,ConfigMap,true
8.481979972,Regular,1,Update,Deployment,true
8.483701636,Regular,2,Delete,ConfigMap,true
8.485777709,Regular,1,Delete,Deployment,true
8.487050595,Regular,51,Create,Deployment,true
8.538700407,Regular,51,Create,ConfigMap,true
8.590374595,Regular,1,Update,Deployment,true
8.591685172,Regular,1,Delete,ConfigMap,true
8.593027028,Regular,1,Delete,Deployment,true
8.594366469,Regular,52,Create,Deployment,true
8.647238802,Regular,52,Create,ConfigMap,true
8.699645695,Regular,1,Update,Deployment,true
8.700961311,Regular,2,Delete,ConfigMap,true
8.703044879,Regular,3,Delete,Deployment,true
8.706636306,Regular,54,Create,Deployment,true
8.760655827,Regular,52,Create,ConfigMap,true
8.813393145,Regular,1,Update,Deployment,true
8.814892428,Regular,1,Delete,ConfigMap,true
8.816363458,Regular,1,Delete,Deployment,true
8.81790977,Regular,53,Create,Deployment,true
8.871458181,Regular,55,Create,ConfigMap,true
8.926522977,Regular,1,Update,Deployment,true
8.928394975,Regular,1,Delete,ConfigMap,true
8.929672249,Regular,1,Delete,Deployment,true
8.930852329,Regular,51,Create,Deployment,true
8.982764978,Regular,54,Create,ConfigMap,true
8.100949819,Regular,1,Delete,ConfigMap,true
8.102435126,Regular,2,Delete,Deployment,true
8.1046646,Regular,52,Create,Deployment,true
8.157203672,Regular,52,Create,ConfigMap,true
8.209736333,Regular,1,Update,Deployment,true
8.211111682,Regular,1,Delete,ConfigMap,true
8.212188357,Regular,1,Delete,Deployment,true
8.213402972,Regular,53,Create,Deployment,true
8.266528313,Regular,52,Create,ConfigMap,true
8.31923355,Regular,1,Update,Deployment,true
8.320911331,Regular,1,Delete,ConfigMap,true
8.322490676,Regular,1,Delete,Deployment,true
8.324398261,Regular,51,Create,Deployment,true
8.376196854,Regular,52,Create,ConfigMap,true
8.428755704,Regular,1,Update,Deployment,true
8.430067243,Regular,1,Delete,ConfigMap,true
8.431450988,Regular,1,Delete,Deployment,true
8.432884617,Regular,52,Create,Deployment,true
8.485877107,Regular,52,Create,ConfigMap,true
8.538460594,Regular,1,Update,Deployment,true
8.539574068,Regular,1,Delete,ConfigMap,true
8.540647407,Regular,1,Delete,Deployment,true
8.541786369,Regular,51,Create,Deployment,true
8.593687416,Regular,53,Create,ConfigMap,true
8.647511337,Regular,1,Update,Deployment,true
8.649030759,Regular,1,Delete,ConfigMap,true
8.650350152,Regular,1,Delete,Deployment,true
8.65155002,Regular,55,Create,Deployment,true
8.706601671,Regular,53,Create,ConfigMap,true
8.760304213,Regular,1,Update,Deployment,true
8.76199628,Regular,1,Delete,ConfigMap,true
8.763761777,Regular,3,Delete,Deployment,true
8.766823994,Regular,52,Create,Deployment,true
8.819170343,Regular,52,Create,ConfigMap,true
8.871367769999999,Regular,1,Update,Deployment,true
8.873263503,Regular,1,Delete,ConfigMap,true
8.874802591,Regular,2,Delete,Deployment,true
8.876879697,Regular,52,Create,Deployment,true
8.929063087,Regular,53,Create,ConfigMap,true
8.982078521,Regular,2,Update,Deployment,true
8.984107214,Regular,3,Delete,ConfigMap,true
8.988075083,Regular,1,Delete,Deployment,true
8.989572433,Regular,52,Create,Deployment,true
8.046289407,Regular,52,Create,ConfigMap,true
8.099268512,Regular,1,Update,Deployment,true
8.100930252,Regular,1,Delete,ConfigMap,true
8.102405039,Regular,2,Delete,Deployment,true
8.104411481,Regular,52,Create,Deployment,true
8.157198493,Regular,52,Create,ConfigMap,true
8.209734099,Regular,1,Update,Deployment,true
8.210892518,Regular,1,Delete,ConfigMap,true
8.211997476,Regular,1,Delete,Deployment,true
8.213163139,Regular,53,Create,Deployment,true
8.266550645,Regular,52,Create,ConfigMap,true
8.318944744,Regular,1,Update,Deployment,true
8.320680625,Regular,1,Delete,ConfigMap,true
8.322262524,Regular,1,Delete,Deployment,true
8.324112811,Regular,51,Create,Deployment,true
8.375944848,Regular,52,Create,ConfigMap,true
8.428426803,Regular,1,Update,Deployment,true
8.429825205,Regular,1,Delete,ConfigMap,true
8.431135522,Regular,1,Delete,Deployment,true
8.432461177,Regular,53,Create,Deployment,true
8.485917704,Regular,52,Create,ConfigMap,true
8.538670991,Regular,1,Update,Deployment,true
8.539772263,Regular,1,Delete,ConfigMap,true
8.540851062,Regular,1,Delete,Deployment,true
8.542015602,Regular,51,Create,Deployment,true
8.593941035,Regular,53,Create,ConfigMap,true
8.64755547,Regular,1,Update,Deployment,true
8.649263338,Regular,1,Delete,ConfigMap,true
8.650576730000001,Regular,2,Delete,Deployment,true
8.653155594,Regular,53,Create,Deployment,true
8.706702111,Regular,53,Create,ConfigMap,true
8.760659344,Regular,1,Update,Deployment,true
8.762028772,Regular,2,Delete,ConfigMap,true
8.764179056,Regular,2,Delete,Deployment,true
8.766409481,Regular,52,Create,Deployment,true
8.819413683,Regular,54,Create,ConfigMap,true
8.873595701,Regular,2,Update,Deployment,true
8.875660292,Regular,2,Delete,ConfigMap,true
8.877716809,Regular,3,Delete,Deployment,true
8.880822578,Regular,52,Create,Deployment,true
8.933205616,Regular,52,Create,ConfigMap,true
8.985532679,Regular,2,Update,Deployment,true
8.988160685,Regular,1,Delete,ConfigMap,true
8.989368668000001,Regular,1,Delete,Deployment,true
8.990551273,Regular,51,Create,Deployment,true
8.00948468,Regular,53,Create,ConfigMap,true
8.063363716,Regular,2,Update,Deployment,true
8.065640929,Regular,1,Delete,ConfigMap,true
8.067029413,Regular,1,Delete,Deployment,true
8.068507306,Regular,52,Create,Deployment,true
8.120784504,Regular,52,Create,ConfigMap,true
8.173459234,Regular,1,Update,Deployment,true
8.174980769,Regular,2,Delete,ConfigMap,true
8.177033609,Regular,1,Delete,Deployment,true
8.178401914,Regular,52,Create,Deployment,true
8.231290658,Regular,52,Create,ConfigMap,true
8.284257149,Regular,2,Update,Deployment,true
8.287054776,Regular,1,Delete,ConfigMap,true
8.288605797,Regular,1,Delete,Deployment,true
8.290076116,Regular,53,Create,Deployment,true
8.343291797,Regular,52,Create,ConfigMap,true
8.395868571,Regular,1,Update,Deployment,true
8.397672421,Regular,1,Delete,ConfigMap,true
8.399349019,Regular,2,Delete,Deployment,true
8.40175733,Regular,53,Create,Deployment,true
8.454859317,Regular,53,Create,ConfigMap,true
8.507965211,Regular,1,Update,Deployment,true
8.50923488,Regular,2,Delete,ConfigMap,true
8.511900077,Regular,1,Delete,Deployment,true
8.513400383,Regular,52,Create,Deployment,true
8.566304345,Regular,51,Create,ConfigMap,true
8.618250448,Regular,1,Update,Deployment,true
8.620067351,Regular,1,Delete,ConfigMap,true
8.622007989,Regular,3,Delete,Deployment,true
8.625142252,Regular,53,Create,Deployment,true
8.678412867,Regular,54,Create,ConfigMap,true
8.732727506,Regular,1,Update,Deployment,true
8.734390178,Regular,1,Delete,ConfigMap,true
8.736388705,Regular,1,Delete,Deployment,true
8.738160333,Regular,52,Create,Deployment,true
8.791166348,Regular,53,Create,ConfigMap,true
8.845063107,Regular,3,Update,Deployment,true
8.848687717,Regular,4,Delete,ConfigMap,true
8.853353154,Regular,3,Delete,Deployment,true
8.856973416,Regular,52,Create,Deployment,true
8.909863492,Regular,54,Create,ConfigMap,true
8.964339245,Regular,4,Update,Deployment,true
8.968631938,Regular,5,Delete,ConfigMap,true
8.973749429,Regular,1,Delete,Deployment,true
8.975525386,Regular,52,Create,Deployment,true
9.028209222,Regular,52,Create,ConfigMap,true
9.080350373,Regular,1,Update,Deployment,true
9.082122021,Regular,1,Delete,ConfigMap,true
9.083686418,Regular,4,Delete,Deployment,true
9.087809249,Regular,52,Create,Deployment,true
9.139985146,Regular,52,Create,ConfigMap,true
9.192383312,Regular,1,Update,Deployment,true
9.193653573,Regular,1,Delete,ConfigMap,true
9.1953294,Regular,1,Delete,Deployment,true
9.196617655,Regular,52,Create,Deployment,true
9.24951282,Regular,52,Create,ConfigMap,true
9.301959739,Regular,2,Update,Deployment,true
9.304176518,Regular,2,Delete,ConfigMap,true
9.306338013,Regular,3,Delete,Deployment,true
9.31022515,Regular,53,Create,Deployment,true
9.363592338,Regular,52,Create,ConfigMap,true
9.41615223,Regular,1,Update,Deployment,true
9.417493384,Regular,1,Delete,ConfigMap,true
9.418915101,Regular,1,Delete,Deployment,true
9.420346717,Regular,52,Create,Deployment,true
9.472856374,Regular,53,Create,ConfigMap,true
9.526847751,Regular,1,Update,Deployment,true
9.52866703,Regular,1,Delete,ConfigMap,true
9.530173597,Regular,1,Delete,Deployment,true
9.531534509,Regular,52,Create,Deployment,true
9.584116954,Regular,53,Create,ConfigMap,true
9.638004705,Regular,2,Update,Deployment,true
9.641010225,Regular,4,Delete,ConfigMap,true
9.645562499,Regular,3,Delete,Deployment,true
9.648741677,Regular,52,Create,Deployment,true
9.701439469,Regular,52,Create,ConfigMap,true
9.75430532,Regular,1,Update,Deployment,true
9.755614935,Regular,1,Delete,ConfigMap,true
9.756996817,Regular,1,Delete,Deployment,true
9.758223956,Regular,53,Create,Deployment,true
9.811619367,Regular,52,Create,ConfigMap,true
9.864266303,Regular,3,Update,Deployment,true
9.867392922,Regular,1,Delete,ConfigMap,true
9.86933354,Regular,1,Delete,Deployment,true
9.870953631999999,Regular,52,Create,Deployment,true
9.923819051,Regular,51,Create,ConfigMap,true
9.975820147,Regular,1,Update,Deployment,true
9.977473591999999,Regular,1,Delete,ConfigMap,true
9.979097351,Regular,3,Delete,Deployment,true
9.982564814,Regular,54,Create,Deployment,true
9.042113439,Regular,51,Create,ConfigMap,true
9.093988588,Regular,1,Update,Deployment,true
9.09507962,Regular,1,Delete,ConfigMap,true
9.096161013,Regular,1,Delete,Deployment,true
9.097382772,Regular,51,Create,Deployment,true
9.148906887,Regular,52,Create,ConfigMap,true
9.201151363,Regular,2,Update,Deployment,true
9.203607705,Regular,2,Delete,ConfigMap,true
9.205733352,Regular,1,Delete,Deployment,true
9.207456469,Regular,52,Create,Deployment,true
9.260155824,Regular,51,Create,ConfigMap,true
9.311967432,Regular,1,Update,Deployment,true
9.31332069,Regular,1,Delete,ConfigMap,true
9.314378569,Regular,1,Delete,Deployment,true
9.315409468,Regular,54,Create,Deployment,true
9.370278594,Regular,51,Create,ConfigMap,true
9.421848184,Regular,1,Update,Deployment,true
9.423307693,Regular,2,Delete,ConfigMap,true
9.425588383000001,Regular,1,Delete,Deployment,true
9.427014939,Regular,51,Create,Deployment,true
9.47870102,Regular,51,Create,ConfigMap,true
9.530602558,Regular,1,Update,Deployment,true
9.532278835,Regular,1,Delete,ConfigMap,true
9.533764764,Regular,1,Delete,Deployment,true
9.534966555,Regular,52,Create,Deployment,true
9.587171797,Regular,52,Create,ConfigMap,true
9.639285686000001,Regular,4,Update,Deployment,true
9.643373962,Regular,1,Delete,ConfigMap,true
9.645358503,Regular,3,Delete,Deployment,true
9.649258083,Regular,52,Create,Deployment,true
9.701576138,Regular,52,Create,ConfigMap,true
9.754292476,Regular,1,Update,Deployment,true
9.75586104,Regular,1,Delete,ConfigMap,true
9.757357929,Regular,1,Delete,Deployment,true
9.75892475,Regular,53,Create,Deployment,true
9.81207631,Regular,52,Create,ConfigMap,true
9.864726603,Regular,2,Update,Deployment,true
9.867485077,Regular,1,Delete,ConfigMap,true
9.869257326,Regular,1,Delete,Deployment,true
9.870953652,Regular,53,Create,Deployment,true
9.924078111,Regular,52,Create,ConfigMap,true
9.97648307,Regular,1,Update,Deployment,true
9.97800701,Regular,1,Delete,ConfigMap,true
9.980004175,Regular,2,Delete,Deployment,true
9.982929062,Regular,54,Create,Deployment,true
9.036966683,Regular,1,Update,Deployment,true
9.038435949,Regular,1,Delete,ConfigMap,true
9.039635136,Regular,1,Delete,Deployment,true
9.040823462,Regular,52,Create,Deployment,true
9.09346071,Regular,53,Create,ConfigMap,true
9.147192918,Regular,1,Update,Deployment,true
9.148609745,Regular,1,Delete,ConfigMap,true
9.149756543,Regular,1,Delete,Deployment,true
9.150785507,Regular,52,Create,Deployment,true
9.203614718,Regular,52,Create,ConfigMap,true
9.256155564,Regular,1,Update,Deployment,true
9.257302602,Regular,1,Delete,ConfigMap,true
9.258590837,Regular,1,Delete,Deployment,true
9.259879322,Regular,51,Create,Deployment,true
9.311744952,Regular,52,Create,ConfigMap,true
9.363898496000001,Regular,2,Update,Deployment,true
9.36640863,Regular,3,Delete,ConfigMap,true
9.369998384,Regular,1,Delete,Deployment,true
9.371327566,Regular,51,Create,Deployment,true
9.42310008,Regular,51,Create,ConfigMap,true
9.474683006,Regular,1,Update,Deployment,true
9.475777104,Regular,1,Delete,ConfigMap,true
9.476938318,Regular,1,Delete,Deployment,true
9.478190856,Regular,52,Create,Deployment,true
9.530640129,Regular,53,Create,ConfigMap,true
9.584440365,Regular,2,Update,Deployment,true
9.587187968,Regular,1,Delete,ConfigMap,true
9.588327822,Regular,1,Delete,Deployment,true
9.589368809,Regular,52,Create,Deployment,true
9.641688237,Regular,53,Create,ConfigMap,true
9.695527306,Regular,1,Update,Deployment,true
9.696691897000001,Regular,2,Delete,ConfigMap,true
9.698900642,Regular,1,Delete,Deployment,true
9.700428699,Regular,52,Create,Deployment,true
9.752692852,Regular,55,Create,ConfigMap,true
9.808441641,Regular,2,Update,Deployment,true
9.81076366,Regular,2,Delete,ConfigMap,true
9.812948278,Regular,1,Delete,Deployment,true
9.8146898,Regular,52,Create,Deployment,true
9.867269359,Regular,53,Create,ConfigMap,true
9.920425999,Regular,1,Update,Deployment,true
9.922335998,Regular,3,Delete,ConfigMap,true
9.926117254,Regular,2,Delete,Deployment,true
9.928213176,Regular,55,Create,Deployment,true
9.983449095,Regular,53,Create,ConfigMap,true
9.026357934,Regular,52,Create,ConfigMap,true
9.079017183,Regular,1,Update,Deployment,true
9.080879002,Regular,1,Delete,ConfigMap,true
9.082880314,Regular,4,Delete,Deployment,true
9.087320606,Regular,52,Create,Deployment,true
9.139989404,Regular,52,Create,ConfigMap,true
9.192343838,Regular,1,Update,Deployment,true
9.19370499,Regular,1,Delete,ConfigMap,true
9.195340701,Regular,1,Delete,Deployment,true
9.196635048,Regular,52,Create,Deployment,true
9.249588343,Regular,52,Create,ConfigMap,true
9.301955301,Regular,2,Update,Deployment,true
9.30418822,Regular,2,Delete,ConfigMap,true
9.306289051,Regular,3,Delete,Deployment,true
9.309960449,Regular,53,Create,Deployment,true
9.362988807,Regular,53,Create,ConfigMap,true
9.416145186,Regular,1,Update,Deployment,true
9.41773462,Regular,1,Delete,ConfigMap,true
9.419286373,Regular,1,Delete,Deployment,true
9.420559559,Regular,52,Create,Deployment,true
9.472869429,Regular,53,Create,ConfigMap,true
9.526817454,Regular,2,Update,Deployment,true
9.528957869,Regular,1,Delete,ConfigMap,true
9.530425463,Regular,1,Delete,Deployment,true
9.532041367,Regular,52,Create,Deployment,true
9.584483466,Regular,53,Create,ConfigMap,true
9.638299272,Regular,2,Update,Deployment,true
9.640977834,Regular,4,Delete,ConfigMap,true
9.645571125,Regular,3,Delete,Deployment,true
9.648793084,Regular,52,Create,Deployment,true
9.701080531,Regular,52,Create,ConfigMap,true
9.753362027,Regular,1,Update,Deployment,true
9.754706628,Regular,1,Delete,ConfigMap,true
9.756133024,Regular,1,Delete,Deployment,true
9.757556645,Regular,52,Create,Deployment,true
9.810246983,Regular,52,Create,ConfigMap,true
9.863041188,Regular,1,Update,Deployment,true
9.864957039,Regular,2,Delete,ConfigMap,true
9.867500275,Regular,1,Delete,Deployment,true
9.869281031,Regular,52,Create,Deployment,true
9.921850932,Regular,53,Create,ConfigMap,true
9.975374305,Regular,1,Update,Deployment,true
9.977208921999999,Regular,1,Delete,ConfigMap,true
9.97903353,Regular,3,Delete,Deployment,true
9.982936997,Regular,54,Create,Deployment,true
9.042375665,Regular,51,Create,ConfigMap,true
9.094207692,Regular,1,Update,Deployment,true
9.095309183,Regular,1,Delete,ConfigMap,true
9.096405074,Regular,1,Delete,Deployment,true
9.097622555,Regular,51,Create,Deployment,true
9.149225669,Regular,51,Create,ConfigMap,true
9.20115531,Regular,3,Update,Deployment,true
9.204380285,Regular,1,Delete,ConfigMap,true
9.206189074,Regular,1,Delete,Deployment,true
9.208014493,Regular,52,Create,Deployment,true
9.260175461,Regular,51,Create,ConfigMap,true
9.31195001,Regular,1,Update,Deployment,true
9.313076138,Regular,1,Delete,ConfigMap,true
9.314184743,Regular,1,Delete,Deployment,true
9.315201394,Regular,55,Create,Deployment,true
9.370234801,Regular,51,Create,ConfigMap,true
9.42182451,Regular,2,Update,Deployment,true
9.424120098,Regular,1,Delete,ConfigMap,true
9.425554619,Regular,1,Delete,Deployment,true
9.427125568,Regular,51,Create,Deployment,true
9.478744873,Regular,51,Create,ConfigMap,true
9.530564546,Regular,1,Update,Deployment,true
9.532247636,Regular,1,Delete,ConfigMap,true
9.533527596,Regular,1,Delete,Deployment,true
9.534741169,Regular,52,Create,Deployment,true
9.587188609,Regular,52,Create,ConfigMap,true
9.63993844,Regular,3,Update,Deployment,true
9.643338766,Regular,2,Delete,ConfigMap,true
9.64572707,Regular,3,Delete,Deployment,true
9.649254646,Regular,52,Create,Deployment,true
9.701514531,Regular,52,Create,ConfigMap,true
9.754336389,Regular,1,Update,Deployment,true
9.755905504,Regular,1,Delete,ConfigMap,true
9.757314938,Regular,1,Delete,Deployment,true
9.758934128,Regular,52,Create,Deployment,true
9.811150471,Regular,53,Create,ConfigMap,true
9.864214195,Regular,3,Update,Deployment,true
9.867436214,Regular,1,Delete,ConfigMap,true
9.869032351,Regular,1,Delete,Deployment,true
9.870499313,Regular,53,Create,Deployment,true
9.924181556,Regular,52,Create,ConfigMap,true
9.976505563,Regular,1,Update,Deployment,true
9.977946225,Regular,1,Delete,ConfigMap,true
9.979568581,Regular,3,Delete,Deployment,true
9.983158245,Regular,54,Create,Deployment,true
9.037197459,Regular,1,Update,Deployment,true
9.038645896,Regular,1,Delete,ConfigMap,true
9.039852507,Regular,2,Delete,Deployment,true
9.041954459,Regular,52,Create,Deployment,true
9.094302892,Regular,52,Create,ConfigMap,true
9.147261036,Regular,1,Update,Deployment,true
9.148383688,Regular,1,Delete,ConfigMap,true
9.149543971,Regular,1,Delete,Deployment,true
9.150579868,Regular,52,Create,Deployment,true
9.20336176,Regular,53,Create,ConfigMap,true
9.25637032,Regular,1,Update,Deployment,true
9.257533669,Regular,1,Delete,ConfigMap,true
9.258803459,Regular,1,Delete,Deployment,true
9.260189047,Regular,51,Create,Deployment,true
9.311954047,Regular,51,Create,ConfigMap,true
9.363881133,Regular,2,Update,Deployment,true
9.366629988,Regular,3,Delete,ConfigMap,true
9.370285377,Regular,1,Delete,Deployment,true
9.371569173,Regular,51,Create,Deployment,true
9.423302523,Regular,51,Create,ConfigMap,true
9.474888404,Regular,1,Update,Deployment,true
9.475994935,Regular,1,Delete,ConfigMap,true
9.477176358,Regular,1,Delete,Deployment,true
9.478460054,Regular,51,Create,Deployment,true
9.530480938,Regular,53,Create,ConfigMap,true
9.58444856,Regular,2,Update,Deployment,true
9.586951871,Regular,1,Delete,ConfigMap,true
9.588119368,Regular,1,Delete,Deployment,true
9.589154233,Regular,51,Create,Deployment,true
9.640971903,Regular,54,Create,ConfigMap,true
9.695247598,Regular,1,Update,Deployment,true
9.696939675,Regular,1,Delete,ConfigMap,true
9.698664525,Regular,1,Delete,Deployment,true
9.700079339,Regular,52,Create,Deployment,true
9.752295602,Regular,54,Create,ConfigMap,true
9.807282601,Regular,3,Update,Deployment,true
9.810601463,Regular,2,Delete,ConfigMap,true
9.812694128,Regular,2,Delete,Deployment,true
9.814910517,Regular,52,Create,Deployment,true
9.867232529,Regular,53,Create,ConfigMap,true
9.920421981,Regular,1,Update,Deployment,true
9.922234076,Regular,3,Delete,ConfigMap,true
9.926018097,Regular,2,Delete,Deployment,true
9.928206774,Regular,54,Create,Deployment,true
9.983127798,Regular,54,Create,ConfigMap,true
9.028513858,Regular,51,Create,ConfigMap,true
9.080325125,Regular,1,Update,Deployment,true
9.08192051,Regular,1,Delete,ConfigMap,true
9.083908658,Regular,4,Delete,Deployment,true
9.088083277,Regular,52,Create,Deployment,true
9.14016218,Regular,51,Create,ConfigMap,true
9.192100808,Regular,1,Update,Deployment,true
9.193399112,Regular,1,Delete,ConfigMap,true
9.194712224,Regular,1,Delete,Deployment,true
9.195922561,Regular,53,Create,Deployment,true
9.249047601000001,Regular,52,Create,ConfigMap,true
9.301953147,Regular,2,Update,Deployment,true
9.303967042,Regular,2,Delete,ConfigMap,true
9.30657424,Regular,3,Delete,Deployment,true
9.310068023,Regular,53,Create,Deployment,true
9.363765144,Regular,52,Create,ConfigMap,true
9.41620543,Regular,1,Update,Deployment,true
9.417713600999999,Regular,1,Delete,ConfigMap,true
9.419064073,Regular,1,Delete,Deployment,true
9.420350113,Regular,52,Create,Deployment,true
9.472851475,Regular,53,Create,ConfigMap,true
9.52654021,Regular,1,Update,Deployment,true
9.528380087,Regular,1,Delete,ConfigMap,true
9.529904609,Regular,1,Delete,Deployment,true
9.53184718,Regular,52,Create,Deployment,true
9.584439143,Regular,53,Create,ConfigMap,true
9.638338065,Regular,2,Update,Deployment,true
9.64066871,Regular,2,Delete,ConfigMap,true
9.642987753,Regular,2,Delete,Deployment,true
9.645733943,Regular,53,Create,Deployment,true
9.699132901,Regular,53,Create,ConfigMap,true
9.752685358,Regular,1,Update,Deployment,true
9.754357288,Regular,1,Delete,ConfigMap,true
9.755848196,Regular,1,Delete,Deployment,true
9.757545323,Regular,52,Create,Deployment,true
9.810544586,Regular,53,Create,ConfigMap,true
9.864192033,Regular,3,Update,Deployment,true
9.867502369,Regular,1,Delete,ConfigMap,true
9.869306529,Regular,1,Delete,Deployment,true
9.87097389,Regular,53,Create,Deployment,true
9.924102146,Regular,52,Create,ConfigMap,true
9.97648307,Regular,1,Update,Deployment,true
9.977921749,Regular,1,Delete,ConfigMap,true
9.979384473,Regular,3,Delete,Deployment,true
9.982898084,Regular,54,Create,Deployment,true
10.037460661,Regular,2,Update,Deployment,true
9.028173144,Regular,52,Create,ConfigMap,true
9.080392142,Regular,1,Update,Deployment,true
9.082105269,Regular,1,Delete,ConfigMap,true
9.083919869,Regular,4,Delete,Deployment,true
9.088055996,Regular,52,Create,Deployment,true
9.140169143,Regular,52,Create,ConfigMap,true
9.192392469,Regular,1,Update,Deployment,true
9.19366237,Regular,1,Delete,ConfigMap,true
9.195107501,Regular,1,Delete,Deployment,true
9.196372822,Regular,52,Create,Deployment,true
9.249260784,Regular,52,Create,ConfigMap,true
9.301969848,Regular,2,Update,Deployment,true
9.304004593,Regular,3,Delete,ConfigMap,true
9.307208288,Regular,3,Delete,Deployment,true
9.310413536,Regular,52,Create,Deployment,true
9.363336264,Regular,52,Create,ConfigMap,true
9.416195251,Regular,1,Update,Deployment,true
9.417571041,Regular,1,Delete,ConfigMap,true
9.419059895,Regular,1,Delete,Deployment,true
9.420408303,Regular,52,Create,Deployment,true
9.472851455,Regular,53,Create,ConfigMap,true
9.526816482,Regular,2,Update,Deployment,true
9.528997735,Regular,1,Delete,ConfigMap,true
9.530587668999999,Regular,1,Delete,Deployment,true
9.53247151,Regular,53,Create,Deployment,true
9.585770819,Regular,52,Create,ConfigMap,true
9.638388931,Regular,2,Update,Deployment,true
9.640993614,Regular,2,Delete,ConfigMap,true
9.643309941,Regular,2,Delete,Deployment,true
9.64596037,Regular,53,Create,Deployment,true
9.699187935,Regular,53,Create,ConfigMap,true
9.752670129,Regular,1,Update,Deployment,true
9.75433685,Regular,1,Delete,ConfigMap,true
9.755879405,Regular,1,Delete,Deployment,true
9.757341999,Regular,53,Create,Deployment,true
9.810817852,Regular,53,Create,ConfigMap,true
9.863838765,Regular,3,Update,Deployment,true
9.867361383,Regular,1,Delete,ConfigMap,true
9.869281071,Regular,1,Delete,Deployment,true
9.870931670000001,Regular,53,Create,Deployment,true
9.924053524,Regular,52,Create,ConfigMap,true
9.976217719,Regular,1,Update,Deployment,true
9.977692326,Regular,1,Delete,ConfigMap,true
9.979048689,Regular,4,Delete,Deployment,true
9.98321359,Regular,54,Create,Deployment,true
10.037372264,Regular,52,Create,ConfigMap,true
9.027994687,Regular,52,Create,ConfigMap,true
9.08034377,Regular,1,Update,Deployment,true
9.082033153,Regular,1,Delete,ConfigMap,true
9.083932703,Regular,4,Delete,Deployment,true
9.088078398,Regular,51,Create,Deployment,true
9.140081107,Regular,52,Create,ConfigMap,true
9.192385757,Regular,1,Update,Deployment,true
9.19370499,Regular,1,Delete,ConfigMap,true
9.19536116,Regular,1,Delete,Deployment,true
9.196835166,Regular,52,Create,Deployment,true
9.249603001,Regular,52,Create,ConfigMap,true
9.301965921,Regular,1,Update,Deployment,true
9.303938519,Regular,2,Delete,ConfigMap,true
9.306324618,Regular,3,Delete,Deployment,true
9.309977552,Regular,53,Create,Deployment,true
9.363342536,Regular,52,Create,ConfigMap,true
9.416204759,Regular,1,Update,Deployment,true
9.41773464,Regular,1,Delete,ConfigMap,true
9.419218785,Regular,1,Delete,Deployment,true
9.420392503,Regular,52,Create,Deployment,true
9.472916618,Regular,53,Create,ConfigMap,true
9.526570417,Regular,2,Update,Deployment,true
9.529050004,Regular,1,Delete,ConfigMap,true
9.530543446,Regular,1,Delete,Deployment,true
9.532146666,Regular,52,Create,Deployment,true
9.584413534,Regular,53,Create,ConfigMap,true
9.638400113,Regular,2,Update,Deployment,true
9.641105626,Regular,4,Delete,ConfigMap,true
9.645547821,Regular,2,Delete,Deployment,true
9.648456368,Regular,52,Create,Deployment,true
9.70057735,Regular,52,Create,ConfigMap,true
9.752666442,Regular,1,Update,Deployment,true
9.754279722,Regular,1,Delete,ConfigMap,true
9.756031181,Regular,1,Delete,Deployment,true
9.757565862,Regular,53,Create,Deployment,true
9.810600722,Regular,52,Create,ConfigMap,true
9.863373677,Regular,4,Update,Deployment,true
9.867410395,Regular,1,Delete,ConfigMap,true
9.869307521,Regular,1,Delete,Deployment,true
9.870731432,Regular,53,Create,Deployment,true
9.924054316,Regular,52,Create,ConfigMap,true
9.97638777,Regular,1,Update,Deployment,true
9.977867927,Regular,1,Delete,ConfigMap,true
9.97931935,Regular,3,Delete,Deployment,true
9.982878356,Regular,54,Create,Deployment,true
10.037529922,Regular,52,Create,ConfigMap,true
9.028106558,Regular,52,Create,ConfigMap,true
9.080325105,Regular,1,Update,Deployment,true
9.082045657,Regular,1,Delete,ConfigMap,true
9.083897517,Regular,4,Delete,Deployment,true
9.088048812,Regular,52,Create,Deployment,true
9.140176287,Regular,52,Create,ConfigMap,true
9.192358545,Regular,1,Update,Deployment,true
9.193677057,Regular,1,Delete,ConfigMap,true
9.195303481,Regular,1,Delete,Deployment,true
9.19666271,Regular,52,Create,Deployment,true
9.249344282,Regular,52,Create,ConfigMap,true
9.301981871,Regular,1,Update,Deployment,true
9.303926796,Regular,3,Delete,ConfigMap,true
9.30745275,Regular,2,Delete,Deployment,true
9.309961411,Regular,53,Create,Deployment,true
9.363675745,Regular,52,Create,ConfigMap,true
9.415897458,Regular,1,Update,Deployment,true
9.417198257,Regular,1,Delete,ConfigMap,true
9.418678133,Regular,1,Delete,Deployment,true
9.420395328,Regular,52,Create,Deployment,true
9.472855913,Regular,53,Create,ConfigMap,true
9.526732223,Regular,1,Update,Deployment,true
9.528679924,Regular,1,Delete,ConfigMap,true
9.530336685,Regular,1,Delete,Deployment,true
9.532059381,Regular,52,Create,Deployment,true
9.584483466,Regular,53,Create,ConfigMap,true
9.638004685,Regular,3,Update,Deployment,true
9.641047897,Regular,5,Delete,ConfigMap,true
9.646787934,Regular,2,Delete,Deployment,true
9.649293991,Regular,52,Create,Deployment,true
9.701542234,Regular,52,Create,ConfigMap,true
9.754035761,Regular,1,Update,Deployment,true
9.755844158,Regular,1,Delete,ConfigMap,true
9.75732646,Regular,1,Delete,Deployment,true
9.758690127,Regular,52,Create,Deployment,true
9.811142426,Regular,53,Create,ConfigMap,true
9.864224725,Regular,3,Update,Deployment,true
9.867307381,Regular,2,Delete,ConfigMap,true
9.86935462,Regular,1,Delete,Deployment,true
9.870998767,Regular,53,Create,Deployment,true
9.924138896,Regular,52,Create,ConfigMap,true
9.97654638,Regular,1,Update,Deployment,true
9.978011769,Regular,1,Delete,ConfigMap,true
9.979581746000001,Regular,3,Delete,Deployment,true
9.98294921,Regular,54,Create,Deployment,true
10.037570899,Regular,52,Create,ConfigMap,true
10.090053235,Regular,1,Update,Deployment,true
