start_time,role,duration_ms,operation,resource,is_error
0.002473274,Regular,18,Create,Deployment,false
0.002172846,Regular,19,Create,Deployment,false
0.002275641,Regular,18,Create,Deployment,false
0.021243427,Regular,9,Create,ConfigMap,false
0.041468731,Regular,9,Update,Deployment,false
0.062365834,Regular,11,Delete,ConfigMap,false
0.082643857,Regular,8,Delete,Deployment,false
0.10228697,Regular,15,Create,Deployment,false
0.121583138,Regular,10,Create,ConfigMap,false
0.142148474,Regular,7,Update,Deployment,false
0.161916393,Regular,4,Delete,ConfigMap,false
0.181902515,Regular,5,Delete,Deployment,false
0.202296778,Regular,6,Create,Deployment,false
0.221899324,Regular,7,Create,ConfigMap,false
0.241439653,Regular,12,Update,Deployment,false
0.26194224,Regular,5,Delete,ConfigMap,false
0.282225163,Regular,9,Delete,Deployment,false
0.302081499,Regular,11,Create,Deployment,false
0.322130369,Regular,9,Create,ConfigMap,false
0.342220697,Regular,12,Update,Deployment,false
0.362480646,Regular,12,Delete,ConfigMap,false
0.382470675,Regular,5,Delete,Deployment,false
0.402446467,Regular,11,Create,Deployment,false
0.422022203,Regular,8,Create,ConfigMap,false
0.441859353,Regular,11,Update,Deployment,false
0.461717052,Regular,4,Delete,ConfigMap,false
0.482042314,Regular,4,Delete,Deployment,false
0.502243933,Regular,5,Create,Deployment,false
0.521325625,Regular,5,Create,ConfigMap,false
0.541305224,Regular,8,Update,Deployment,false
0.561312736,Regular,4,Delete,ConfigMap,false
0.582205221,Regular,6,Delete,Deployment,false
0.601366774,Regular,8,Create,Deployment,false
0.621903876,Regular,6,Create,ConfigMap,false
0.641446991,Regular,9,Update,Deployment,false
0.661625967,Regular,4,Delete,ConfigMap,false
0.682098517,Regular,3,Delete,Deployment,false
0.701358967,Regular,6,Create,Deployment,false
0.722226996,Regular,5,Create,ConfigMap,false
0.74163257,Regular,7,Update,Deployment,false
0.761451565,Regular,3,Delete,ConfigMap,false
0.782219735,Regular,4,Delete,Deployment,false
0.801923182,Regular,7,Create,Deployment,false
0.822289131,Regular,8,Create,ConfigMap,false
0.842309648,Regular,7,Update,Deployment,false
0.861578885,Regular,6,Delete,ConfigMap,false
0.881301608,Regular,7,Delete,Deployment,false
0.901588458,Regular,8,Create,Deployment,false
0.92126811,Regular,7,Create,ConfigMap,false
0.94141236,Regular,9,Update,Deployment,false
0.962300497,Regular,4,Delete,ConfigMap,false
0.981748591,Regular,4,Delete,Deployment,false
0.00229634,Regular,18,Create,Deployment,false
0.021352614,Regular,10,Create,ConfigMap,false
0.041514958,Regular,11,Update,Deployment,false
0.062097718,Regular,10,Delete,ConfigMap,false
0.082504794,Regular,8,Delete,Deployment,false
0.102323239,Regular,16,Create,Deployment,false
0.121405993,Regular,11,Create,ConfigMap,false
0.142194411,Regular,7,Update,Deployment,false
0.161979553,Regular,4,Delete,ConfigMap,false
0.181848453,Regular,5,Delete,Deployment,false
0.202266851,Regular,6,Create,Deployment,false
0.221881891,Regular,7,Create,ConfigMap,false
0.241440755,Regular,9,Update,Deployment,false
0.261964793,Regular,5,Delete,ConfigMap,false
0.282780913,Regular,7,Delete,Deployment,false
0.30202933,Regular,7,Create,Deployment,false
0.321973953,Regular,10,Create,ConfigMap,false
0.342317971,Regular,12,Update,Deployment,false
0.362356692,Regular,12,Delete,ConfigMap,false
0.382029261,Regular,4,Delete,Deployment,false
0.402454543,Regular,10,Create,Deployment,false
0.42220573,Regular,7,Create,ConfigMap,false
0.442031729,Regular,10,Update,Deployment,false
0.461781994,Regular,4,Delete,ConfigMap,false
0.482142263,Regular,4,Delete,Deployment,false
0.502203156,Regular,6,Create,Deployment,false
0.521286772,Regular,4,Create,ConfigMap,false
0.541380166,Regular,8,Update,Deployment,false
0.561347822,Regular,4,Delete,ConfigMap,false
0.582196013,Regular,6,Delete,Deployment,false
0.601425304,Regular,7,Create,Deployment,false
0.621861807,Regular,6,Create,ConfigMap,false
0.641471557,Regular,9,Update,Deployment,false
0.661535666,Regular,4,Delete,ConfigMap,false
0.682154734,Regular,3,Delete,Deployment,false
0.701394334,Regular,6,Create,Deployment,false
0.722240481,Regular,5,Create,ConfigMap,false
0.741711449,Regular,7,Update,Deployment,false
0.761466293,Regular,3,Delete,ConfigMap,false
0.782251114,Regular,4,Delete,Deployment,false
0.80198047,Regular,9,Create,Deployment,false
0.822459834,Regular,8,Create,ConfigMap,false
0.842145768,Regular,7,Update,Deployment,false
0.861689393,Regular,6,Delete,ConfigMap,false
0.88141903,Regular,7,Delete,Deployment,false
0.901571015,Regular,8,Create,Deployment,false
0.921256067,Regular,7,Create,ConfigMap,false
0.941520344,Regular,9,Update,Deployment,false
0.962351112,Regular,4,Delete,ConfigMap,false
0.981714116,Regular,4,Delete,Deployment,false
0.002495366,Regular,18,Create,Deployment,false
0.021352443,Regular,9,Create,ConfigMap,false
0.041464743,Regular,11,Update,Deployment,false
0.062119779,Regular,10,Delete,ConfigMap,false
0.082373416,Regular,8,Delete,Deployment,false
0.102191951,Regular,16,Create,Deployment,false
0.121721449,Regular,10,Create,ConfigMap,false
0.142228976,Regular,7,Update,Deployment,false
0.161846201,Regular,4,Delete,ConfigMap,false
0.18185743,Regular,5,Delete,Deployment,false
0.202248236,Regular,6,Create,Deployment,false
0.221953306,Regular,7,Create,ConfigMap,false
0.241515075,Regular,7,Update,Deployment,false
0.262078167,Regular,4,Delete,ConfigMap,false
0.282232497,Regular,9,Delete,Deployment,false
0.302048827,Regular,9,Create,Deployment,false
0.321994983,Regular,10,Create,ConfigMap,false
0.34216362,Regular,13,Update,Deployment,false
0.362382741,Regular,11,Delete,ConfigMap,false
0.382623194,Regular,5,Delete,Deployment,false
0.402567656,Regular,10,Create,Deployment,false
0.422158671,Regular,7,Create,ConfigMap,false
0.441872758,Regular,11,Update,Deployment,false
0.461841747,Regular,4,Delete,ConfigMap,false
0.482047805,Regular,4,Delete,Deployment,false
0.502150737,Regular,5,Create,Deployment,false
0.521397651,Regular,5,Create,ConfigMap,false
0.541369305,Regular,6,Update,Deployment,false
0.56138337,Regular,4,Delete,ConfigMap,false
0.582190132,Regular,5,Delete,Deployment,false
0.601386831,Regular,8,Create,Deployment,false
0.621793618,Regular,5,Create,ConfigMap,false
0.641520059,Regular,9,Update,Deployment,false
0.661588897,Regular,3,Delete,ConfigMap,false
0.682191824,Regular,3,Delete,Deployment,false
0.701412168,Regular,6,Create,Deployment,false
0.722248476,Regular,5,Create,ConfigMap,false
0.741783906,Regular,7,Update,Deployment,false
0.761529693,Regular,3,Delete,ConfigMap,false
0.782299936,Regular,4,Delete,Deployment,false
0.801930526,Regular,11,Create,Deployment,false
0.822319098,Regular,8,Create,ConfigMap,false
0.842334725,Regular,7,Update,Deployment,false
0.861590717,Regular,4,Delete,ConfigMap,false
0.881311086,Regular,7,Delete,Deployment,false
0.901520009,Regular,8,Create,Deployment,false
0.921285423,Regular,6,Create,ConfigMap,false
0.941520825,Regular,9,Update,Deployment,false
0.962382552,Regular,4,Delete,ConfigMap,false
0.981678048,Regular,3,Delete,Deployment,false
0.021220614,Regular,10,Create,ConfigMap,false
0.041533323,Regular,9,Update,Deployment,false
0.062296052,Regular,15,Delete,ConfigMap,false
0.082618319,Regular,8,Delete,Deployment,false
0.102151464,Regular,15,Create,Deployment,false
0.121447181,Regular,9,Create,ConfigMap,false
0.142245978,Regular,7,Update,Deployment,false
0.16189332,Regular,4,Delete,ConfigMap,false
0.181874191,Regular,5,Delete,Deployment,false
0.202200145,Regular,5,Create,Deployment,false
0.221920644,Regular,7,Create,ConfigMap,false
0.241343651,Regular,9,Update,Deployment,false
0.262003316,Regular,3,Delete,ConfigMap,false
0.282697445,Regular,9,Delete,Deployment,false
0.301988864,Regular,11,Create,Deployment,false
0.322172338,Regular,10,Create,ConfigMap,false
0.342229344,Regular,10,Update,Deployment,false
0.362491056,Regular,11,Delete,ConfigMap,false
0.382390424,Regular,6,Delete,Deployment,false
0.402545625,Regular,11,Create,Deployment,false
0.42206287,Regular,7,Create,ConfigMap,false
0.442007282,Regular,9,Update,Deployment,false
0.46174244,Regular,3,Delete,ConfigMap,false
0.482126533,Regular,4,Delete,Deployment,false
0.502269321,Regular,4,Create,Deployment,false
0.521314825,Regular,5,Create,ConfigMap,false
0.541412667,Regular,7,Update,Deployment,false
0.561391976,Regular,4,Delete,ConfigMap,false
0.582303056,Regular,4,Delete,Deployment,false
0.601442316,Regular,8,Create,Deployment,false
0.621767418,Regular,6,Create,ConfigMap,false
0.6414149,Regular,9,Update,Deployment,false
0.661610918,Regular,4,Delete,ConfigMap,false
0.682075965,Regular,3,Delete,Deployment,false
0.70150299,Regular,4,Create,Deployment,false
0.722214221,Regular,5,Create,ConfigMap,false
0.741726016,Regular,8,Update,Deployment,false
0.761511078,Regular,3,Delete,ConfigMap,false
0.782302661,Regular,4,Delete,Deployment,false
0.801939232,Regular,10,Create,Deployment,false
0.822253815,Regular,8,Create,ConfigMap,false
0.842220229,Regular,7,Update,Deployment,false
0.86169263,Regular,6,Delete,ConfigMap,false
0.881430662,Regular,5,Delete,Deployment,false
0.901534486,Regular,6,Create,Deployment,false
0.921231932,Regular,7,Create,ConfigMap,false
0.941431246,Regular,9,Update,Deployment,false
0.962432516,Regular,4,Delete,ConfigMap,false
0.981727281,Regular,4,Delete,Deployment,false
0.021224451,Regular,10,Create,ConfigMap,false
0.041390203,Regular,10,Update,Deployment,false
0.062221221,Regular,10,Delete,ConfigMap,false
0.082588483,Regular,8,Delete,Deployment,false
0.102168516,Regular,15,Create,Deployment,false
0.121501494,Regular,11,Create,ConfigMap,false
0.142229407,Regular,6,Update,Deployment,false
0.161950468,Regular,4,Delete,ConfigMap,false
0.181928013,Regular,4,Delete,Deployment,false
0.202333908,Regular,6,Create,Deployment,false
0.221969176,Regular,5,Create,ConfigMap,false
0.241506309,Regular,12,Update,Deployment,false
0.261947781,Regular,4,Delete,ConfigMap,false
0.28298536,Regular,8,Delete,Deployment,false
0.302182319,Regular,11,Create,Deployment,false
0.322013458,Regular,7,Create,ConfigMap,false
0.342345113,Regular,12,Update,Deployment,false
0.362280909,Regular,12,Delete,ConfigMap,false
0.382255839,Regular,5,Delete,Deployment,false
0.40249554,Regular,10,Create,Deployment,false
0.422122002,Regular,7,Create,ConfigMap,false
0.44199035,Regular,11,Update,Deployment,false
0.461768569,Regular,4,Delete,ConfigMap,false
0.482125662,Regular,4,Delete,Deployment,false
0.502262969,Regular,5,Create,Deployment,false
0.521393243,Regular,5,Create,ConfigMap,false
0.541402558,Regular,8,Update,Deployment,false
0.561285975,Regular,3,Delete,ConfigMap,false
0.582151108,Regular,4,Delete,Deployment,false
0.601335885,Regular,8,Create,Deployment,false
0.621771706,Regular,5,Create,ConfigMap,false
0.641429007,Regular,9,Update,Deployment,false
0.661636116,Regular,4,Delete,ConfigMap,false
0.682080283,Regular,4,Delete,Deployment,false
0.701423399,Regular,6,Create,Deployment,false
0.722289323,Regular,5,Create,ConfigMap,false
0.741647127,Regular,8,Update,Deployment,false
0.761444652,Regular,2,Delete,ConfigMap,false
0.782260121,Regular,4,Delete,Deployment,false
0.801988716,Regular,11,Create,Deployment,false
0.822379322,Regular,8,Create,ConfigMap,false
0.842193909,Regular,7,Update,Deployment,false
0.861674936,Regular,4,Delete,ConfigMap,false
0.881395365,Regular,7,Delete,Deployment,false
0.901613996,Regular,8,Create,Deployment,false
0.921222374,Regular,7,Create,ConfigMap,false
0.941518852,Regular,9,Update,Deployment,false
0.962377352,Regular,4,Delete,ConfigMap,false
0.981750495,Regular,4,Delete,Deployment,false
0.002253158,Regular,19,Create,Deployment,false
0.021508859,Regular,10,Create,ConfigMap,false
0.041381656,Regular,11,Update,Deployment,false
0.062366045,Regular,15,Delete,ConfigMap,false
0.082261084,Regular,8,Delete,Deployment,false
0.102375678,Regular,12,Create,Deployment,false
0.121383671,Regular,11,Create,ConfigMap,false
0.142166368,Regular,7,Update,Deployment,false
0.161935379,Regular,4,Delete,ConfigMap,false
0.181896193,Regular,3,Delete,Deployment,false
0.202227487,Regular,6,Create,Deployment,false
0.221879968,Regular,7,Create,ConfigMap,false
0.241421078,Regular,12,Update,Deployment,false
0.26205325,Regular,4,Delete,ConfigMap,false
0.283008694,Regular,8,Delete,Deployment,false
0.302154978,Regular,11,Create,Deployment,false
0.322048274,Regular,11,Create,ConfigMap,false
0.342161305,Regular,12,Update,Deployment,false
0.362262324,Regular,11,Delete,ConfigMap,false
0.382374644,Regular,6,Delete,Deployment,false
0.402528322,Regular,11,Create,Deployment,false
0.421990102,Regular,6,Create,ConfigMap,false
0.442010509,Regular,10,Update,Deployment,false
0.461807633,Regular,4,Delete,ConfigMap,false
0.482146892,Regular,4,Delete,Deployment,false
0.502133905,Regular,6,Create,Deployment,false
0.521345413,Regular,5,Create,ConfigMap,false
0.541402408,Regular,8,Update,Deployment,false
0.561388339,Regular,4,Delete,ConfigMap,false
0.58221518,Regular,5,Delete,Deployment,false
0.601353058,Regular,8,Create,Deployment,false
0.621840306,Regular,6,Create,ConfigMap,false
0.641489992,Regular,9,Update,Deployment,false
0.661621298,Regular,4,Delete,ConfigMap,false
0.682125098,Regular,3,Delete,Deployment,false
0.701441814,Regular,6,Create,Deployment,false
0.722284815,Regular,5,Create,ConfigMap,false
0.741659671,Regular,8,Update,Deployment,false
0.761526727,Regular,3,Delete,ConfigMap,false
0.78222784,Regular,4,Delete,Deployment,false
0.801961945,Regular,7,Create,Deployment,false
0.822279533,Regular,8,Create,ConfigMap,false
0.842276766,Regular,7,Update,Deployment,false
0.861706446,Regular,5,Delete,ConfigMap,false
0.881337005,Regular,7,Delete,Deployment,false
0.901511973,Regular,8,Create,Deployment,false
0.921213697,Regular,7,Create,ConfigMap,false
0.941394707,Regular,9,Update,Deployment,false
0.962238169,Regular,4,Delete,ConfigMap,false
0.981666797,Regular,4,Delete,Deployment,false
0.002235274,Regular,17,Create,Deployment,false
0.021247816,Regular,8,Create,ConfigMap,false
0.041438354,Regular,11,Update,Deployment,false
0.062167079,Regular,11,Delete,ConfigMap,false
0.08248143,Regular,8,Delete,Deployment,false
0.102349669,Regular,15,Create,Deployment,false
0.121283181,Regular,11,Create,ConfigMap,false
0.142139517,Regular,7,Update,Deployment,false
0.161869394,Regular,4,Delete,ConfigMap,false
0.18196361,Regular,5,Delete,Deployment,false
0.202332435,Regular,6,Create,Deployment,false
0.221940873,Regular,7,Create,ConfigMap,false
0.241595838,Regular,9,Update,Deployment,false
0.262047309,Regular,4,Delete,ConfigMap,false
0.283102341,Regular,8,Delete,Deployment,false
0.302172491,Regular,11,Create,Deployment,false
0.322148002,Regular,9,Create,ConfigMap,false
0.342329794,Regular,9,Update,Deployment,false
0.362262885,Regular,12,Delete,ConfigMap,false
0.382359956,Regular,6,Delete,Deployment,false
0.402516039,Regular,10,Create,Deployment,false
0.421968091,Regular,8,Create,ConfigMap,false
0.441932261,Regular,10,Update,Deployment,false
0.461844723,Regular,4,Delete,ConfigMap,false
0.482073583,Regular,4,Delete,Deployment,false
0.502186314,Regular,6,Create,Deployment,false
0.521385649,Regular,5,Create,ConfigMap,false
0.541349728,Regular,8,Update,Deployment,false
0.56133092,Regular,4,Delete,ConfigMap,false
0.582114559,Regular,5,Delete,Deployment,false
0.601326197,Regular,8,Create,Deployment,false
0.621753212,Regular,6,Create,ConfigMap,false
0.64152596,Regular,9,Update,Deployment,false
0.661579819,Regular,4,Delete,ConfigMap,false
0.682182346,Regular,2,Delete,Deployment,false
0.701355741,Regular,6,Create,Deployment,false
0.722257363,Regular,4,Create,ConfigMap,false
0.741784948,Regular,5,Update,Deployment,false
0.76149099,Regular,3,Delete,ConfigMap,false
0.782326336,Regular,4,Delete,Deployment,false
0.80200704,Regular,4,Create,Deployment,false
0.822355647,Regular,8,Create,ConfigMap,false
0.842334715,Regular,7,Update,Deployment,false
0.861641072,Regular,5,Delete,ConfigMap,false
0.88138194,Regular,7,Delete,Deployment,false
0.901558792,Regular,8,Create,Deployment,false
0.921322914,Regular,7,Create,ConfigMap,false
0.941446655,Regular,7,Update,Deployment,false
0.962315775,Regular,4,Delete,ConfigMap,false
0.981736017,Regular,3,Delete,Deployment,false
0.002193876,Regular,16,Create,Deployment,false
0.021234971,Regular,10,Create,ConfigMap,false
0.041408858,Regular,10,Update,Deployment,false
0.062131141,Regular,15,Delete,ConfigMap,false
0.082399856,Regular,8,Delete,Deployment,false
0.102002042,Regular,17,Create,Deployment,false
0.121524016,Regular,10,Create,ConfigMap,false
0.142208427,Regular,7,Update,Deployment,false
0.161886266,Regular,4,Delete,ConfigMap,false
0.181949534,Regular,5,Delete,Deployment,false
0.202279976,Regular,6,Create,Deployment,false
0.221994945,Regular,4,Create,ConfigMap,false
0.241464359,Regular,12,Update,Deployment,false
0.261980292,Regular,4,Delete,ConfigMap,false
0.282896612,Regular,8,Delete,Deployment,false
0.302054077,Regular,11,Create,Deployment,false
0.321962372,Regular,11,Create,ConfigMap,false
0.342250885,Regular,12,Update,Deployment,false
0.362554646,Regular,10,Delete,ConfigMap,false
0.382265878,Regular,6,Delete,Deployment,false
0.40248465,Regular,11,Create,Deployment,false
0.422275642,Regular,7,Create,ConfigMap,false
0.441887947,Regular,11,Update,Deployment,false
0.4617585,Regular,4,Delete,ConfigMap,false
0.482059166,Regular,3,Delete,Deployment,false
0.502166166,Regular,6,Create,Deployment,false
0.521355351,Regular,5,Create,ConfigMap,false
0.541332225,Regular,8,Update,Deployment,false
0.561363041,Regular,4,Delete,ConfigMap,false
0.58219941,Regular,4,Delete,Deployment,false
0.60130145,Regular,7,Create,Deployment,false
0.621897795,Regular,6,Create,ConfigMap,false
0.641506082,Regular,9,Update,Deployment,false
0.661563619,Regular,4,Delete,ConfigMap,false
0.68211068,Regular,3,Delete,Deployment,false
0.701488222,Regular,6,Create,Deployment,false
0.722205214,Regular,5,Create,ConfigMap,false
0.74174881,Regular,7,Update,Deployment,false
0.761518682,Regular,3,Delete,ConfigMap,false
0.782209656,Regular,4,Delete,Deployment,false
0.802009064,Regular,11,Create,Deployment,false
0.822335739,Regular,6,Create,ConfigMap,false
0.842243513,Regular,7,Update,Deployment,false
0.861619842,Regular,5,Delete,ConfigMap,false
0.881323569,Regular,7,Delete,Deployment,false
0.901547871,Regular,8,Create,Deployment,false
0.921306613,Regular,7,Create,ConfigMap,false
0.941378406,Regular,9,Update,Deployment,false
0.96221261,Regular,3,Delete,ConfigMap,false
0.981686123,Regular,4,Delete,Deployment,false
1.001470243,Regular,8,Create,Deployment,false
0.002147408,Regular,19,Create,Deployment,false
0.021480676,Regular,10,Create,ConfigMap,false
0.041488929,Regular,11,Update,Deployment,false
0.062333984,Regular,15,Delete,ConfigMap,false
0.082564347,Regular,8,Delete,Deployment,false
0.102232798,Regular,16,Create,Deployment,false
0.121675322,Regular,10,Create,ConfigMap,false
0.142249946,Regular,7,Update,Deployment,false
0.16196247,Regular,3,Delete,ConfigMap,false
0.181995651,Regular,4,Delete,Deployment,false
0.202214292,Regular,6,Create,Deployment,false
0.221848368,Regular,7,Create,ConfigMap,false
0.241262197,Regular,12,Update,Deployment,false
0.262056146,Regular,5,Delete,ConfigMap,false
0.282404632,Regular,9,Delete,Deployment,false
0.302011767,Regular,11,Create,Deployment,false
0.322144977,Regular,11,Create,ConfigMap,false
0.342270572,Regular,12,Update,Deployment,false
0.36243511,Regular,8,Delete,ConfigMap,false
0.3824151,Regular,7,Delete,Deployment,false
0.402314708,Regular,10,Create,Deployment,false
0.422307713,Regular,7,Create,ConfigMap,false
0.441987956,Regular,11,Update,Deployment,false
0.461727101,Regular,4,Delete,ConfigMap,false
0.482105974,Regular,4,Delete,Deployment,false
0.502235477,Regular,6,Create,Deployment,false
0.521299456,Regular,5,Create,ConfigMap,false
0.541323829,Regular,7,Update,Deployment,false
0.56138914,Regular,4,Delete,ConfigMap,false
0.582070576,Regular,4,Delete,Deployment,false
0.601284789,Regular,6,Create,Deployment,false
0.62182113,Regular,6,Create,ConfigMap,false
0.641452281,Regular,9,Update,Deployment,false
0.661549001,Regular,4,Delete,ConfigMap,false
0.682144254,Regular,3,Delete,Deployment,false
0.701382492,Regular,6,Create,Deployment,false
0.722271981,Regular,5,Create,ConfigMap,false
0.74169112,Regular,7,Update,Deployment,false
0.761500448,Regular,3,Delete,ConfigMap,false
0.782280349,Regular,4,Delete,Deployment,false
0.802020245,Regular,11,Create,Deployment,false
0.822261529,Regular,9,Create,ConfigMap,false
0.842311922,Regular,7,Update,Deployment,false
0.861657403,Regular,6,Delete,ConfigMap,false
0.881351502,Regular,7,Delete,Deployment,false
0.901633603,Regular,7,Create,Deployment,false
0.921321411,Regular,7,Create,ConfigMap,false
0.941362817,Regular,8,Update,Deployment,false
0.962249691,Regular,4,Delete,ConfigMap,false
0.981749232,Regular,4,Delete,Deployment,false
1.001507303,Regular,8,Create,Deployment,false
0.002471952,Regular,18,Create,Deployment,false
0.021228339,Regular,9,Create,ConfigMap,false
0.041424427,Regular,10,Update,Deployment,false
0.062296433,Regular,15,Delete,ConfigMap,false
0.082490417,Regular,8,Delete,Deployment,false
0.102438477,Regular,14,Create,Deployment,false
0.121645456,Regular,11,Create,ConfigMap,false
0.142179833,Regular,7,Update,Deployment,false
0.161850258,Regular,4,Delete,ConfigMap,false
0.181983428,Regular,4,Delete,Deployment,false
0.202309021,Regular,6,Create,Deployment,false
0.221858016,Regular,7,Create,ConfigMap,false
0.241248842,Regular,9,Update,Deployment,false
0.262061325,Regular,4,Delete,ConfigMap,false
0.282673791,Regular,9,Delete,Deployment,false
0.302156711,Regular,11,Create,Deployment,false
0.322197526,Regular,10,Create,ConfigMap,false
0.342271594,Regular,11,Update,Deployment,false
0.362361782,Regular,11,Delete,ConfigMap,false
0.382331162,Regular,6,Delete,Deployment,false
0.402300431,Regular,10,Create,Deployment,false
0.422323623,Regular,7,Create,ConfigMap,false
0.441912744,Regular,11,Update,Deployment,false
0.461822,Regular,4,Delete,ConfigMap,false
0.482099883,Regular,4,Delete,Deployment,false
0.502247419,Regular,5,Create,Deployment,false
0.521370831,Regular,5,Create,ConfigMap,false
0.541393842,Regular,8,Update,Deployment,false
0.561301445,Regular,4,Delete,ConfigMap,false
0.582113818,Regular,4,Delete,Deployment,false
0.60125401,Regular,7,Create,Deployment,false
0.621897544,Regular,5,Create,ConfigMap,false
0.641519448,Regular,9,Update,Deployment,false
0.661602011,Regular,4,Delete,ConfigMap,false
0.682210659,Regular,3,Delete,Deployment,false
0.701466451,Regular,6,Create,Deployment,false
0.72230338,Regular,4,Create,ConfigMap,false
0.741795408,Regular,7,Update,Deployment,false
0.761429193,Regular,3,Delete,ConfigMap,false
0.782300057,Regular,3,Delete,Deployment,false
0.802016899,Regular,10,Create,Deployment,false
0.82243673,Regular,7,Create,ConfigMap,false
0.842254954,Regular,7,Update,Deployment,false
0.861665719,Regular,6,Delete,ConfigMap,false
0.881366851,Regular,7,Delete,Deployment,false
0.901602765,Regular,8,Create,Deployment,false
0.921328384,Regular,5,Create,ConfigMap,false
0.941355202,Regular,9,Update,Deployment,false
0.962430071,Regular,4,Delete,ConfigMap,false
0.981699498,Regular,4,Delete,Deployment,false
1.001535075,Regular,9,Create,Deployment,false
1.001644342,Regular,9,Create,Deployment,false
1.021266025,Regular,6,Create,ConfigMap,false
1.041873681,Regular,6,Update,Deployment,false
1.062155962,Regular,5,Delete,ConfigMap,false
1.081629204,Regular,6,Delete,Deployment,false
1.101663867,Regular,6,Create,Deployment,false
1.122013095,Regular,7,Create,ConfigMap,false
1.141391328,Regular,8,Update,Deployment,false
1.161426231,Regular,7,Delete,ConfigMap,false
1.1816864009999999,Regular,6,Delete,Deployment,false
1.202288616,Regular,10,Create,Deployment,false
1.221759234,Regular,6,Create,ConfigMap,false
1.241704358,Regular,10,Update,Deployment,false
1.2621881099999999,Regular,10,Delete,ConfigMap,false
1.282203717,Regular,4,Delete,Deployment,false
1.301954253,Regular,7,Create,Deployment,false
1.321577499,Regular,4,Create,ConfigMap,false
1.3416514259999999,Regular,6,Update,Deployment,false
1.361890486,Regular,4,Delete,ConfigMap,false
1.382226859,Regular,7,Delete,Deployment,false
1.401576798,Regular,8,Create,Deployment,false
1.422225522,Regular,6,Create,ConfigMap,false
1.442176076,Regular,7,Update,Deployment,false
1.462354972,Regular,7,Delete,ConfigMap,false
1.481351293,Regular,4,Delete,Deployment,false
1.502076601,Regular,7,Create,Deployment,false
1.5217488590000001,Regular,5,Create,ConfigMap,false
1.541782731,Regular,9,Update,Deployment,false
1.5615562010000001,Regular,5,Delete,ConfigMap,false
1.581430381,Regular,5,Delete,Deployment,false
1.601783446,Regular,10,Create,Deployment,false
1.6216668730000001,Regular,6,Create,ConfigMap,false
1.6416554190000001,Regular,7,Update,Deployment,false
1.6615472119999999,Regular,6,Delete,ConfigMap,false
1.681654563,Regular,5,Delete,Deployment,false
1.701763366,Regular,9,Create,Deployment,false
1.721472154,Regular,9,Create,ConfigMap,false
1.7420477189999999,Regular,19,Update,Deployment,false
1.761735456,Regular,11,Delete,ConfigMap,false
1.781639122,Regular,27,Delete,Deployment,false
1.809318603,Regular,21,Create,Deployment,false
1.831257495,Regular,4,Create,ConfigMap,false
1.842145151,Regular,5,Update,Deployment,false
1.862234849,Regular,4,Delete,ConfigMap,false
1.881376935,Regular,5,Delete,Deployment,false
1.901829749,Regular,5,Create,Deployment,false
1.921326715,Regular,4,Create,ConfigMap,false
1.94227752,Regular,5,Update,Deployment,false
1.961951081,Regular,4,Delete,ConfigMap,false
1.981412811,Regular,3,Delete,Deployment,false
1.021234014,Regular,6,Create,ConfigMap,false
1.041807225,Regular,8,Update,Deployment,false
1.062187722,Regular,5,Delete,ConfigMap,false
1.081625978,Regular,5,Delete,Deployment,false
1.101633991,Regular,6,Create,Deployment,false
1.122062608,Regular,6,Create,ConfigMap,false
1.141358175,Regular,8,Update,Deployment,false
1.161381898,Regular,7,Delete,ConfigMap,false
1.181573307,Regular,7,Delete,Deployment,false
1.202171826,Regular,10,Create,Deployment,false
1.221625491,Regular,10,Create,ConfigMap,false
1.241673329,Regular,10,Update,Deployment,false
1.262152593,Regular,10,Delete,ConfigMap,false
1.2820845109999999,Regular,7,Delete,Deployment,false
1.302016621,Regular,7,Create,Deployment,false
1.321614819,Regular,5,Create,ConfigMap,false
1.3417007490000001,Regular,9,Update,Deployment,false
1.36183439,Regular,5,Delete,ConfigMap,false
1.38225366,Regular,7,Delete,Deployment,false
1.401592037,Regular,8,Create,Deployment,false
1.422253234,Regular,9,Create,ConfigMap,false
1.442191315,Regular,12,Update,Deployment,false
1.462259742,Regular,9,Delete,ConfigMap,false
1.481297531,Regular,3,Delete,Deployment,false
1.502236924,Regular,7,Create,Deployment,false
1.521470804,Regular,6,Create,ConfigMap,false
1.5416785640000001,Regular,9,Update,Deployment,false
1.561579886,Regular,5,Delete,ConfigMap,false
1.581388772,Regular,5,Delete,Deployment,false
1.601693987,Regular,10,Create,Deployment,false
1.6217526150000001,Regular,4,Create,ConfigMap,false
1.641743956,Regular,7,Update,Deployment,false
1.6616019560000002,Regular,6,Delete,ConfigMap,false
1.681545797,Regular,7,Delete,Deployment,false
1.7016336010000002,Regular,10,Create,Deployment,false
1.7215929220000001,Regular,6,Create,ConfigMap,false
1.741957238,Regular,16,Update,Deployment,false
1.7612874299999999,Regular,10,Delete,ConfigMap,false
1.781691802,Regular,27,Delete,Deployment,false
1.809271925,Regular,19,Create,Deployment,false
1.828618888,Regular,5,Create,ConfigMap,false
1.8422331079999998,Regular,5,Update,Deployment,false
1.862179835,Regular,3,Delete,ConfigMap,false
1.881317954,Regular,5,Delete,Deployment,false
1.901869494,Regular,5,Create,Deployment,false
1.9213399500000001,Regular,5,Create,ConfigMap,false
1.942262862,Regular,5,Update,Deployment,false
1.96191929,Regular,4,Delete,ConfigMap,false
1.981382223,Regular,4,Delete,Deployment,false
1.00146335,Regular,9,Create,Deployment,false
1.021348471,Regular,6,Create,ConfigMap,false
1.041833575,Regular,8,Update,Deployment,false
1.062219492,Regular,5,Delete,ConfigMap,false
1.081590461,Regular,6,Delete,Deployment,false
1.101539702,Regular,6,Create,Deployment,false
1.121955215,Regular,7,Create,ConfigMap,false
1.141409813,Regular,8,Update,Deployment,false
1.161371097,Regular,8,Delete,ConfigMap,false
1.181361647,Regular,7,Delete,Deployment,false
1.202156537,Regular,8,Create,Deployment,false
1.221757881,Regular,9,Create,ConfigMap,false
1.241334959,Regular,9,Update,Deployment,false
1.262206955,Regular,8,Delete,ConfigMap,false
1.282131179,Regular,7,Delete,Deployment,false
1.302018554,Regular,7,Create,Deployment,false
1.3216802429999999,Regular,5,Create,ConfigMap,false
1.341709245,Regular,8,Update,Deployment,false
1.3618571130000001,Regular,4,Delete,ConfigMap,false
1.382308133,Regular,4,Delete,Deployment,false
1.4016468,Regular,8,Create,Deployment,false
1.4222324450000001,Regular,9,Create,ConfigMap,false
1.44226279,Regular,12,Update,Deployment,false
1.462206661,Regular,4,Delete,ConfigMap,false
1.481323149,Regular,4,Delete,Deployment,false
1.5022397189999999,Regular,7,Create,Deployment,false
1.521275385,Regular,4,Create,ConfigMap,false
1.541709623,Regular,9,Update,Deployment,false
1.56152385,Regular,5,Delete,ConfigMap,false
1.581406666,Regular,6,Delete,Deployment,false
1.601651306,Regular,10,Create,Deployment,false
1.6216237009999999,Regular,6,Create,ConfigMap,false
1.641671599,Regular,6,Update,Deployment,false
1.661600623,Regular,6,Delete,ConfigMap,false
1.68161603,Regular,7,Delete,Deployment,false
1.7016202759999999,Regular,9,Create,Deployment,false
1.721837534,Regular,7,Create,ConfigMap,false
1.741936368,Regular,19,Update,Deployment,false
1.7618124320000002,Regular,11,Delete,ConfigMap,false
1.781625086,Regular,34,Delete,Deployment,false
1.815804551,Regular,15,Create,Deployment,false
1.831295627,Regular,4,Create,ConfigMap,false
1.8421593280000002,Regular,5,Update,Deployment,false
1.8621911359999999,Regular,4,Delete,ConfigMap,false
1.8813307479999999,Regular,3,Delete,Deployment,false
1.901886546,Regular,5,Create,Deployment,false
1.921290617,Regular,5,Create,ConfigMap,false
1.942246311,Regular,5,Update,Deployment,false
1.962014571,Regular,4,Delete,ConfigMap,false
1.981433761,Regular,4,Delete,Deployment,false
1.001447961,Regular,9,Create,Deployment,false
1.021297043,Regular,6,Create,ConfigMap,false
1.04186288,Regular,7,Update,Deployment,false
1.062172543,Regular,4,Delete,ConfigMap,false
1.081628944,Regular,3,Delete,Deployment,false
1.101646384,Regular,6,Create,Deployment,false
1.122026951,Regular,7,Create,ConfigMap,false
1.141343637,Regular,8,Update,Deployment,false
1.161355868,Regular,7,Delete,ConfigMap,false
1.181523743,Regular,5,Delete,Deployment,false
1.202286012,Regular,9,Create,Deployment,false
1.221663683,Regular,10,Create,ConfigMap,false
1.2412894030000001,Regular,8,Update,Deployment,false
1.262112577,Regular,10,Delete,ConfigMap,false
1.282151468,Regular,7,Delete,Deployment,false
1.301944224,Regular,7,Create,Deployment,false
1.321596985,Regular,5,Create,ConfigMap,false
1.341665122,Regular,8,Update,Deployment,false
1.3618888120000001,Regular,4,Delete,ConfigMap,false
1.382217942,Regular,4,Delete,Deployment,false
1.401659685,Regular,8,Create,Deployment,false
1.422354466,Regular,9,Create,ConfigMap,false
1.442247802,Regular,12,Update,Deployment,false
1.462207804,Regular,8,Delete,ConfigMap,false
1.481275009,Regular,5,Delete,Deployment,false
1.502239659,Regular,7,Create,Deployment,false
1.521794205,Regular,5,Create,ConfigMap,false
1.5416631650000001,Regular,9,Update,Deployment,false
1.5615184389999999,Regular,5,Delete,ConfigMap,false
1.5814024180000001,Regular,5,Delete,Deployment,false
1.601720286,Regular,10,Create,Deployment,false
1.62163885,Regular,6,Create,ConfigMap,false
1.641720382,Regular,7,Update,Deployment,false
1.66140832,Regular,4,Delete,ConfigMap,false
1.681604188,Regular,7,Delete,Deployment,false
1.701466485,Regular,9,Create,Deployment,false
1.721485238,Regular,8,Create,ConfigMap,false
1.741957027,Regular,17,Update,Deployment,false
1.761587387,Regular,11,Delete,ConfigMap,false
1.7814550040000001,Regular,27,Delete,Deployment,false
1.808862841,Regular,20,Create,Deployment,false
1.829168327,Regular,5,Create,ConfigMap,false
1.842185127,Regular,5,Update,Deployment,false
1.862259305,Regular,4,Delete,ConfigMap,false
1.881220069,Regular,5,Delete,Deployment,false
1.901842402,Regular,5,Create,Deployment,false
1.9213112959999998,Regular,5,Create,ConfigMap,false
1.942350989,Regular,5,Update,Deployment,false
1.961927857,Regular,4,Delete,ConfigMap,false
1.981463076,Regular,4,Delete,Deployment,false
1.001489079,Regular,9,Create,Deployment,false
1.021323644,Regular,6,Create,ConfigMap,false
1.041785314,Regular,8,Update,Deployment,false
1.062198623,Regular,5,Delete,ConfigMap,false
1.081606812,Regular,6,Delete,Deployment,false
1.101595318,Regular,5,Create,Deployment,false
1.121985643,Regular,7,Create,ConfigMap,false
1.141322437,Regular,7,Update,Deployment,false
1.1613984290000001,Regular,7,Delete,ConfigMap,false
1.1812870659999999,Regular,6,Delete,Deployment,false
1.202204097,Regular,10,Create,Deployment,false
1.221588501,Regular,10,Create,ConfigMap,false
1.241798345,Regular,10,Update,Deployment,false
1.262190574,Regular,10,Delete,ConfigMap,false
1.2820612169999999,Regular,7,Delete,Deployment,false
1.3019663160000001,Regular,7,Create,Deployment,false
1.321677748,Regular,5,Create,ConfigMap,false
1.341628773,Regular,9,Update,Deployment,false
1.361803431,Regular,5,Delete,ConfigMap,false
1.382162447,Regular,7,Delete,Deployment,false
1.401705652,Regular,8,Create,Deployment,false
1.422404961,Regular,9,Create,ConfigMap,false
1.442291845,Regular,6,Update,Deployment,false
1.462273989,Regular,7,Delete,ConfigMap,false
1.481377332,Regular,4,Delete,Deployment,false
1.5022361929999999,Regular,7,Create,Deployment,false
1.521747858,Regular,5,Create,ConfigMap,false
1.541758245,Regular,9,Update,Deployment,false
1.561543517,Regular,5,Delete,ConfigMap,false
1.581474464,Regular,5,Delete,Deployment,false
1.601761394,Regular,10,Create,Deployment,false
1.621686299,Regular,6,Create,ConfigMap,false
1.641765347,Regular,7,Update,Deployment,false
1.661419521,Regular,6,Delete,ConfigMap,false
1.681529987,Regular,7,Delete,Deployment,false
1.701778875,Regular,9,Create,Deployment,false
1.721593162,Regular,7,Create,ConfigMap,false
1.741937901,Regular,19,Update,Deployment,false
1.7618783869999999,Regular,11,Delete,ConfigMap,false
1.781499087,Regular,34,Delete,Deployment,false
1.817122672,Regular,14,Create,Deployment,false
1.831570717,Regular,4,Create,ConfigMap,false
1.8422122380000001,Regular,5,Update,Deployment,false
1.862258674,Regular,3,Delete,ConfigMap,false
1.8813318300000001,Regular,5,Delete,Deployment,false
1.901881386,Regular,4,Create,Deployment,false
1.921279967,Regular,5,Create,ConfigMap,false
1.942234148,Regular,5,Update,Deployment,false
1.961965628,Regular,4,Delete,ConfigMap,false
1.98149146,Regular,3,Delete,Deployment,false
1.00164878,Regular,9,Create,Deployment,false
1.021359882,Regular,6,Create,ConfigMap,false
1.041815972,Regular,8,Update,Deployment,false
1.062238398,Regular,5,Delete,ConfigMap,false
1.0815608349999999,Regular,6,Delete,Deployment,false
1.101550252,Regular,6,Create,Deployment,false
1.121996684,Regular,7,Create,ConfigMap,false
1.141427045,Regular,8,Update,Deployment,false
1.161426151,Regular,8,Delete,ConfigMap,false
1.181421841,Regular,4,Delete,Deployment,false
1.202098106,Regular,10,Create,Deployment,false
1.221758733,Regular,8,Create,ConfigMap,false
1.241817021,Regular,8,Update,Deployment,false
1.262192518,Regular,10,Delete,ConfigMap,false
1.282122904,Regular,7,Delete,Deployment,false
1.30199515,Regular,7,Create,Deployment,false
1.321630288,Regular,5,Create,ConfigMap,false
1.341706089,Regular,9,Update,Deployment,false
1.361841713,Regular,5,Delete,ConfigMap,false
1.382271834,Regular,7,Delete,Deployment,false
1.401614509,Regular,8,Create,Deployment,false
1.422355167,Regular,9,Create,ConfigMap,false
1.4422260310000001,Regular,7,Update,Deployment,false
1.462224736,Regular,9,Delete,ConfigMap,false
1.481308251,Regular,4,Delete,Deployment,false
1.502034351,Regular,5,Create,Deployment,false
1.521548431,Regular,6,Create,ConfigMap,false
1.541690156,Regular,9,Update,Deployment,false
1.561609091,Regular,5,Delete,ConfigMap,false
1.581355098,Regular,6,Delete,Deployment,false
1.601677716,Regular,10,Create,Deployment,false
1.6216999250000002,Regular,6,Create,ConfigMap,false
1.64164522,Regular,7,Update,Deployment,false
1.661547964,Regular,6,Delete,ConfigMap,false
1.6815558560000001,Regular,7,Delete,Deployment,false
1.701650262,Regular,10,Create,Deployment,false
1.7216269560000002,Regular,7,Create,ConfigMap,false
1.7418827270000001,Regular,17,Update,Deployment,false
1.761418517,Regular,10,Delete,ConfigMap,false
1.7818904070000001,Regular,27,Delete,Deployment,false
1.809266605,Regular,19,Create,Deployment,false
1.82862509,Regular,6,Create,ConfigMap,false
1.8421291709999998,Regular,4,Update,Deployment,false
1.8621680619999998,Regular,3,Delete,ConfigMap,false
1.881345426,Regular,5,Delete,Deployment,false
1.901816283,Regular,5,Create,Deployment,false
1.921347825,Regular,5,Create,ConfigMap,false
1.942315332,Regular,4,Update,Deployment,false
1.962032635,Regular,4,Delete,ConfigMap,false
1.9814466849999999,Regular,4,Delete,Deployment,false
1.001488618,Regular,7,Create,Deployment,false
1.02128444,Regular,6,Create,ConfigMap,false
1.041793539,Regular,8,Update,Deployment,false
1.062137758,Regular,5,Delete,ConfigMap,false
1.081524176,Regular,6,Delete,Deployment,false
1.101605226,Regular,6,Create,Deployment,false
1.122051407,Regular,7,Create,ConfigMap,false
1.141436423,Regular,6,Update,Deployment,false
1.161465495,Regular,7,Delete,ConfigMap,false
1.1815167,Regular,7,Delete,Deployment,false
1.202071075,Regular,10,Create,Deployment,false
1.221588481,Regular,9,Create,ConfigMap,false
1.241833311,Regular,10,Update,Deployment,false
1.262109421,Regular,10,Delete,ConfigMap,false
1.282202184,Regular,7,Delete,Deployment,false
1.301928614,Regular,5,Create,Deployment,false
1.321675093,Regular,5,Create,ConfigMap,false
1.341638411,Regular,8,Update,Deployment,false
1.361818379,Regular,5,Delete,ConfigMap,false
1.382176434,Regular,7,Delete,Deployment,false
1.401675655,Regular,8,Create,Deployment,false
1.422405502,Regular,9,Create,ConfigMap,false
1.442198559,Regular,7,Update,Deployment,false
1.462302543,Regular,9,Delete,ConfigMap,false
1.4812842960000001,Regular,4,Delete,Deployment,false
1.5021781330000001,Regular,7,Create,Deployment,false
1.521429215,Regular,6,Create,ConfigMap,false
1.541726625,Regular,9,Update,Deployment,false
1.561595365,Regular,4,Delete,ConfigMap,false
1.581375387,Regular,5,Delete,Deployment,false
1.601767035,Regular,10,Create,Deployment,false
1.6217356029999999,Regular,6,Create,ConfigMap,false
1.6416824700000001,Regular,7,Update,Deployment,false
1.661368114,Regular,6,Delete,ConfigMap,false
1.681576786,Regular,7,Delete,Deployment,false
1.701782783,Regular,10,Create,Deployment,false
1.721416558,Regular,7,Create,ConfigMap,false
1.741890862,Regular,16,Update,Deployment,false
1.7614401179999999,Regular,9,Delete,ConfigMap,false
1.7819136009999998,Regular,34,Delete,Deployment,false
1.817337338,Regular,13,Create,Deployment,false
1.831237918,Regular,4,Create,ConfigMap,false
1.842168986,Regular,5,Update,Deployment,false
1.8622124260000001,Regular,3,Delete,ConfigMap,false
1.881281505,Regular,6,Delete,Deployment,false
1.901881236,Regular,5,Create,Deployment,false
1.921367442,Regular,4,Create,ConfigMap,false
1.9423492260000002,Regular,5,Update,Deployment,false
1.9620046420000001,Regular,3,Delete,ConfigMap,false
1.981478145,Regular,4,Delete,Deployment,false
1.021308926,Regular,7,Create,ConfigMap,false
1.041895161,Regular,8,Update,Deployment,false
1.062253536,Regular,5,Delete,ConfigMap,false
1.081577557,Regular,5,Delete,Deployment,false
1.101576672,Regular,6,Create,Deployment,false
1.122034064,Regular,7,Create,ConfigMap,false
1.141330122,Regular,8,Update,Deployment,false
1.161444887,Regular,7,Delete,ConfigMap,false
1.181267138,Regular,7,Delete,Deployment,false
1.202135627,Regular,10,Create,Deployment,false
1.221613598,Regular,10,Create,ConfigMap,false
1.24145174,Regular,11,Update,Deployment,false
1.262137163,Regular,10,Delete,ConfigMap,false
1.2820686110000001,Regular,7,Delete,Deployment,false
1.302030808,Regular,7,Create,Deployment,false
1.321584281,Regular,6,Create,ConfigMap,false
1.341669811,Regular,9,Update,Deployment,false
1.361931693,Regular,4,Delete,ConfigMap,false
1.382202042,Regular,6,Delete,Deployment,false
1.401586486,Regular,8,Create,Deployment,false
1.422352512,Regular,9,Create,ConfigMap,false
1.442166278,Regular,8,Update,Deployment,false
1.462310167,Regular,9,Delete,ConfigMap,false
1.481388483,Regular,4,Delete,Deployment,false
1.5020965990000001,Regular,7,Create,Deployment,false
1.521588306,Regular,6,Create,ConfigMap,false
1.5416470549999999,Regular,7,Update,Deployment,false
1.561623318,Regular,5,Delete,ConfigMap,false
1.581343386,Regular,5,Delete,Deployment,false
1.601710508,Regular,10,Create,Deployment,false
1.621714573,Regular,6,Create,ConfigMap,false
1.641704001,Regular,7,Update,Deployment,false
1.661396127,Regular,6,Delete,ConfigMap,false
1.6815299769999998,Regular,7,Delete,Deployment,false
1.7016699499999999,Regular,9,Create,Deployment,false
1.721835139,Regular,9,Create,ConfigMap,false
1.741844705,Regular,17,Update,Deployment,false
1.7613703059999999,Regular,9,Delete,ConfigMap,false
1.781476144,Regular,28,Delete,Deployment,false
1.809499264,Regular,20,Create,Deployment,false
1.8300320989999999,Regular,4,Create,ConfigMap,false
1.842201558,Regular,5,Update,Deployment,false
1.8621293890000001,Regular,3,Delete,ConfigMap,false
1.8812341350000001,Regular,6,Delete,Deployment,false
1.901794662,Regular,5,Create,Deployment,false
1.921266371,Regular,5,Create,ConfigMap,false
1.942302067,Regular,5,Update,Deployment,false
1.96201948,Regular,3,Delete,ConfigMap,false
1.9813753699999999,Regular,4,Delete,Deployment,false
1.021355033,Regular,5,Create,ConfigMap,false
1.041853032,Regular,8,Update,Deployment,false
1.062214703,Regular,5,Delete,ConfigMap,false
1.0815369,Regular,4,Delete,Deployment,false
1.10152787,Regular,6,Create,Deployment,false
1.12196308,Regular,6,Create,ConfigMap,false
1.141444869,Regular,8,Update,Deployment,false
1.161456118,Regular,7,Delete,ConfigMap,false
1.181345557,Regular,6,Delete,Deployment,false
1.202080112,Regular,10,Create,Deployment,false
1.221633877,Regular,10,Create,ConfigMap,false
1.241512395,Regular,11,Update,Deployment,false
1.262222865,Regular,4,Delete,ConfigMap,false
1.282107605,Regular,7,Delete,Deployment,false
1.301913676,Regular,7,Create,Deployment,false
1.321665775,Regular,5,Create,ConfigMap,false
1.341713844,Regular,8,Update,Deployment,false
1.361872431,Regular,3,Delete,ConfigMap,false
1.38228538,Regular,7,Delete,Deployment,false
1.401625801,Regular,8,Create,Deployment,false
1.422395323,Regular,9,Create,ConfigMap,false
1.4422151300000001,Regular,10,Update,Deployment,false
1.46223779,Regular,7,Delete,ConfigMap,false
1.481331395,Regular,4,Delete,Deployment,false
1.5021167869999998,Regular,7,Create,Deployment,false
1.521638601,Regular,5,Create,ConfigMap,false
1.5416352629999999,Regular,9,Update,Deployment,false
1.56164065,Regular,5,Delete,ConfigMap,false
1.581351782,Regular,5,Delete,Deployment,false
1.6016595919999999,Regular,10,Create,Deployment,false
1.621613151,Regular,6,Create,ConfigMap,false
1.641739788,Regular,7,Update,Deployment,false
1.6615472919999998,Regular,6,Delete,ConfigMap,false
1.681592015,Regular,7,Delete,Deployment,false
1.7016794370000001,Regular,9,Create,Deployment,false
1.721419274,Regular,7,Create,ConfigMap,false
1.7418441439999999,Regular,16,Update,Deployment,false
1.762063817,Regular,11,Delete,ConfigMap,false
1.7817334599999999,Regular,34,Delete,Deployment,false
1.8174607310000002,Regular,15,Create,Deployment,false
1.833074249,Regular,3,Create,ConfigMap,false
1.842231164,Regular,5,Update,Deployment,false
1.862102949,Regular,3,Delete,ConfigMap,false
1.881250807,Regular,5,Delete,Deployment,false
1.901806495,Regular,5,Create,Deployment,false
1.921367643,Regular,4,Create,ConfigMap,false
1.942289573,Regular,5,Update,Deployment,false
1.961981458,Regular,4,Delete,ConfigMap,false
1.981398614,Regular,4,Delete,Deployment,false
2.001394424,Regular,5,Create,Deployment,false
1.001462769,Regular,9,Create,Deployment,false
1.021251117,Regular,6,Create,ConfigMap,false
1.041894109,Regular,8,Update,Deployment,false
1.062129843,Regular,5,Delete,ConfigMap,false
1.081544825,Regular,6,Delete,Deployment,false
1.101565381,Regular,6,Create,Deployment,false
1.121979191,Regular,7,Create,ConfigMap,false
1.141377582,Regular,8,Update,Deployment,false
1.161416824,Regular,7,Delete,ConfigMap,false
1.181253212,Regular,7,Delete,Deployment,false
1.202292213,Regular,9,Create,Deployment,false
1.221599602,Regular,10,Create,ConfigMap,false
1.241539556,Regular,11,Update,Deployment,false
1.262120552,Regular,10,Delete,ConfigMap,false
1.282169883,Regular,7,Delete,Deployment,false
1.30198422,Regular,7,Create,Deployment,false
1.3216494349999999,Regular,5,Create,ConfigMap,false
1.341683988,Regular,8,Update,Deployment,false
1.361909481,Regular,4,Delete,ConfigMap,false
1.382189378,Regular,6,Delete,Deployment,false
1.401693659,Regular,5,Create,Deployment,false
1.42226696,Regular,9,Create,ConfigMap,false
1.442156339,Regular,7,Update,Deployment,false
1.462341667,Regular,7,Delete,ConfigMap,false
1.481382572,Regular,4,Delete,Deployment,false
1.502082282,Regular,7,Create,Deployment,false
1.521259996,Regular,6,Create,ConfigMap,false
1.5417374160000001,Regular,9,Update,Deployment,false
1.561570017,Regular,4,Delete,ConfigMap,false
1.58145132,Regular,3,Delete,Deployment,false
1.601784959,Regular,10,Create,Deployment,false
1.62164966,Regular,6,Create,ConfigMap,false
1.641739688,Regular,7,Update,Deployment,false
1.661370638,Regular,6,Delete,ConfigMap,false
1.681670292,Regular,7,Delete,Deployment,false
1.701828549,Regular,10,Create,Deployment,false
1.721670298,Regular,7,Create,ConfigMap,false
1.742003956,Regular,20,Update,Deployment,false
1.762478601,Regular,10,Delete,ConfigMap,false
1.781642659,Regular,28,Delete,Deployment,false
1.810376983,Regular,19,Create,Deployment,false
1.83034996,Regular,5,Create,ConfigMap,false
1.8422322260000001,Regular,5,Update,Deployment,false
1.862146041,Regular,3,Delete,ConfigMap,false
1.8812845500000002,Regular,6,Delete,Deployment,false
1.9018556370000002,Regular,5,Create,Deployment,false
1.921256563,Regular,4,Create,ConfigMap,false
1.94233579,Regular,5,Update,Deployment,false
1.9619926090000002,Regular,4,Delete,ConfigMap,false
1.9813645800000002,Regular,4,Delete,Deployment,false
2.001436754,Regular,5,Create,Deployment,false
2.022072483,Regular,5,Create,ConfigMap,false
2.041361748,Regular,5,Update,Deployment,false
2.062259151,Regular,5,Delete,ConfigMap,false
2.082471851,Regular,19,Delete,Deployment,false
2.102457532,Regular,12,Create,Deployment,false
2.12192328,Regular,6,Create,ConfigMap,false
2.142415227,Regular,6,Update,Deployment,false
2.161595816,Regular,4,Delete,ConfigMap,false
2.181922872,Regular,4,Delete,Deployment,false
2.201611521,Regular,4,Create,Deployment,false
2.221205271,Regular,7,Create,ConfigMap,false
2.241693792,Regular,5,Update,Deployment,false
2.261563734,Regular,5,Delete,ConfigMap,false
2.281701492,Regular,6,Delete,Deployment,false
2.30153216,Regular,5,Create,Deployment,false
2.322191614,Regular,5,Create,ConfigMap,false
2.341495826,Regular,7,Update,Deployment,false
2.361995268,Regular,4,Delete,ConfigMap,false
2.382147473,Regular,4,Delete,Deployment,false
2.401286845,Regular,7,Create,Deployment,false
2.421914288,Regular,6,Create,ConfigMap,false
2.441450169,Regular,11,Update,Deployment,false
2.462152594,Regular,4,Delete,ConfigMap,false
2.481817268,Regular,5,Delete,Deployment,false
2.501855357,Regular,7,Create,Deployment,false
2.52148227,Regular,6,Create,ConfigMap,false
2.542030975,Regular,6,Update,Deployment,false
2.561262771,Regular,4,Delete,ConfigMap,false
2.581404476,Regular,6,Delete,Deployment,false
2.602161805,Regular,8,Create,Deployment,false
2.622244679,Regular,5,Create,ConfigMap,false
2.641642289,Regular,7,Update,Deployment,false
2.662267217,Regular,6,Delete,ConfigMap,false
2.681427067,Regular,6,Delete,Deployment,false
2.70151439,Regular,6,Create,Deployment,false
2.722143987,Regular,7,Create,ConfigMap,false
2.74147445,Regular,7,Update,Deployment,false
2.762071997,Regular,3,Delete,ConfigMap,false
2.781834947,Regular,4,Delete,Deployment,false
2.802168996,Regular,5,Create,Deployment,false
2.822253873,Regular,11,Create,ConfigMap,false
2.841870256,Regular,6,Update,Deployment,false
2.86170391,Regular,3,Delete,ConfigMap,false
2.881450759,Regular,3,Delete,Deployment,false
2.901987491,Regular,10,Create,Deployment,false
2.922314747,Regular,6,Create,ConfigMap,false
2.941548356,Regular,5,Update,Deployment,false
2.961925417,Regular,4,Delete,ConfigMap,false
2.981920074,Regular,3,Delete,Deployment,false
2.001423289,Regular,5,Create,Deployment,false
2.022036265,Regular,4,Create,ConfigMap,false
2.041424857,Regular,6,Update,Deployment,false
2.062161387,Regular,5,Delete,ConfigMap,false
2.083076744,Regular,19,Delete,Deployment,false
2.102188463,Regular,12,Create,Deployment,false
2.121938388,Regular,7,Create,ConfigMap,false
2.142286844,Regular,8,Update,Deployment,false
2.161513841,Regular,5,Delete,ConfigMap,false
2.18183188,Regular,4,Delete,Deployment,false
2.20155254,Regular,6,Create,Deployment,false
2.221269342,Regular,6,Create,ConfigMap,false
2.241603291,Regular,7,Update,Deployment,false
2.261560959,Regular,4,Delete,ConfigMap,false
2.28158948,Regular,8,Delete,Deployment,false
2.30142124,Regular,5,Create,Deployment,false
2.322101654,Regular,5,Create,ConfigMap,false
2.341291621,Regular,7,Update,Deployment,false
2.362036837,Regular,3,Delete,ConfigMap,false
2.382127015,Regular,4,Delete,Deployment,false
2.401403876,Regular,7,Create,Deployment,false
2.421896334,Regular,6,Create,ConfigMap,false
2.441405705,Regular,9,Update,Deployment,false
2.462075979,Regular,2,Delete,ConfigMap,false
2.481731746,Regular,5,Delete,Deployment,false
2.501911413,Regular,5,Create,Deployment,false
2.521336044,Regular,6,Create,ConfigMap,false
2.5419645490000002,Regular,6,Update,Deployment,false
2.561371737,Regular,3,Delete,ConfigMap,false
2.5814904690000002,Regular,5,Delete,Deployment,false
2.602207101,Regular,8,Create,Deployment,false
2.622254648,Regular,5,Create,ConfigMap,false
2.64156878,Regular,7,Update,Deployment,false
2.662214838,Regular,6,Delete,ConfigMap,false
2.68180972,Regular,7,Delete,Deployment,false
2.701649074,Regular,4,Create,Deployment,false
2.72216121,Regular,7,Create,ConfigMap,false
2.741584668,Regular,8,Update,Deployment,false
2.762187555,Regular,4,Delete,ConfigMap,false
2.781792126,Regular,4,Delete,Deployment,false
2.802082192,Regular,5,Create,Deployment,false
2.822012537,Regular,11,Create,ConfigMap,false
2.8418232469999998,Regular,6,Update,Deployment,false
2.86175166,Regular,3,Delete,ConfigMap,false
2.881506564,Regular,3,Delete,Deployment,false
2.901963145,Regular,10,Create,Deployment,false
2.922179822,Regular,5,Create,ConfigMap,false
2.941531575,Regular,6,Update,Deployment,false
2.96189023,Regular,4,Delete,ConfigMap,false
2.981834132,Regular,4,Delete,Deployment,false
2.001443898,Regular,5,Create,Deployment,false
2.021988925,Regular,5,Create,ConfigMap,false
2.041438813,Regular,5,Update,Deployment,false
2.062214537,Regular,5,Delete,ConfigMap,false
2.083117511,Regular,19,Delete,Deployment,false
2.10220808,Regular,11,Create,Deployment,false
2.121903983,Regular,6,Create,ConfigMap,false
2.142664879,Regular,7,Update,Deployment,false
2.161495276,Regular,5,Delete,ConfigMap,false
2.181914155,Regular,4,Delete,Deployment,false
2.201591263,Regular,5,Create,Deployment,false
2.221219939,Regular,7,Create,ConfigMap,false
2.241660539,Regular,7,Update,Deployment,false
2.261529379,Regular,5,Delete,ConfigMap,false
2.281714176,Regular,5,Delete,Deployment,false
2.3013691720000002,Regular,6,Create,Deployment,false
2.3221176740000002,Regular,5,Create,ConfigMap,false
2.341400847,Regular,7,Update,Deployment,false
2.362071753,Regular,4,Delete,ConfigMap,false
2.382032085,Regular,4,Delete,Deployment,false
2.401301693,Regular,6,Create,Deployment,false
2.421845548,Regular,6,Create,ConfigMap,false
2.441432335,Regular,11,Update,Deployment,false
2.462110625,Regular,4,Delete,ConfigMap,false
2.481791779,Regular,5,Delete,Deployment,false
2.501797428,Regular,7,Create,Deployment,false
2.521451662,Regular,6,Create,ConfigMap,false
2.541935174,Regular,6,Update,Deployment,false
2.561205122,Regular,4,Delete,ConfigMap,false
2.581421278,Regular,6,Delete,Deployment,false
2.6020560550000003,Regular,7,Create,Deployment,false
2.6221973,Regular,6,Create,ConfigMap,false
2.641517603,Regular,7,Update,Deployment,false
2.662164363,Regular,6,Delete,ConfigMap,false
2.6817869869999997,Regular,5,Delete,Deployment,false
2.701635338,Regular,6,Create,Deployment,false
2.722119271,Regular,7,Create,ConfigMap,false
2.741561434,Regular,7,Update,Deployment,false
2.762115339,Regular,4,Delete,ConfigMap,false
2.781864282,Regular,3,Delete,Deployment,false
2.802105866,Regular,4,Create,Deployment,false
2.821992139,Regular,11,Create,ConfigMap,false
2.841862582,Regular,6,Update,Deployment,false
2.86165117,Regular,3,Delete,ConfigMap,false
2.881400354,Regular,3,Delete,Deployment,false
2.901876882,Regular,7,Create,Deployment,false
2.922174883,Regular,6,Create,ConfigMap,false
2.941517147,Regular,6,Update,Deployment,false
2.961911861,Regular,4,Delete,ConfigMap,false
2.981848419,Regular,3,Delete,Deployment,false
2.001406006,Regular,5,Create,Deployment,false
2.021979397,Regular,5,Create,ConfigMap,false
2.04141045,Regular,6,Update,Deployment,false
2.062203967,Regular,5,Delete,ConfigMap,false
2.08302169,Regular,19,Delete,Deployment,false
2.10211245,Regular,10,Create,Deployment,false
2.121896339,Regular,6,Create,ConfigMap,false
2.142468388,Regular,7,Update,Deployment,false
2.16165579,Regular,5,Delete,ConfigMap,false
2.181841658,Regular,4,Delete,Deployment,false
2.201562399,Regular,6,Create,Deployment,false
2.221216332,Regular,7,Create,ConfigMap,false
2.241694183,Regular,7,Update,Deployment,false
2.261543706,Regular,5,Delete,ConfigMap,false
2.28172153,Regular,6,Delete,Deployment,false
2.301404038,Regular,6,Create,Deployment,false
2.322176705,Regular,5,Create,ConfigMap,false
2.341335564,Regular,7,Update,Deployment,false
2.361966063,Regular,4,Delete,ConfigMap,false
2.38206629,Regular,4,Delete,Deployment,false
2.4015308859999998,Regular,6,Create,Deployment,false
2.4218625,Regular,6,Create,ConfigMap,false
2.441475617,Regular,11,Update,Deployment,false
2.462164326,Regular,4,Delete,ConfigMap,false
2.481778775,Regular,5,Delete,Deployment,false
2.501930469,Regular,7,Create,Deployment,false
2.52148228,Regular,6,Create,ConfigMap,false
2.542019243,Regular,6,Update,Deployment,false
2.561286155,Regular,4,Delete,ConfigMap,false
2.581404476,Regular,6,Delete,Deployment,false
2.602231647,Regular,8,Create,Deployment,false
2.622174677,Regular,6,Create,ConfigMap,false
2.641646517,Regular,7,Update,Deployment,false
2.662197275,Regular,6,Delete,ConfigMap,false
2.681492942,Regular,6,Delete,Deployment,false
2.701574764,Regular,6,Create,Deployment,false
2.722128127,Regular,7,Create,ConfigMap,false
2.74158569,Regular,8,Update,Deployment,false
2.762076806,Regular,4,Delete,ConfigMap,false
2.781769373,Regular,4,Delete,Deployment,false
2.802110645,Regular,5,Create,Deployment,false
2.8218790350000003,Regular,11,Create,ConfigMap,false
2.841886036,Regular,6,Update,Deployment,false
2.861672841,Regular,3,Delete,ConfigMap,false
2.881505452,Regular,3,Delete,Deployment,false
2.901895006,Regular,9,Create,Deployment,false
2.922310499,Regular,6,Create,ConfigMap,false
2.941514743,Regular,6,Update,Deployment,false
2.961866836,Regular,4,Delete,ConfigMap,false
2.981818412,Regular,3,Delete,Deployment,false
2.001493531,Regular,5,Create,Deployment,false
2.022057545,Regular,5,Create,ConfigMap,false
2.041329777,Regular,6,Update,Deployment,false
2.062293837,Regular,5,Delete,ConfigMap,false
2.08322243,Regular,18,Delete,Deployment,false
2.102211597,Regular,11,Create,Deployment,false
2.12189141,Regular,6,Create,ConfigMap,false
2.142265895,Regular,7,Update,Deployment,false
2.161495286,Regular,5,Delete,ConfigMap,false
2.181940956,Regular,4,Delete,Deployment,false
2.201656296,Regular,5,Create,Deployment,false
2.22133145,Regular,7,Create,ConfigMap,false
2.241631034,Regular,6,Update,Deployment,false
2.261494673,Regular,5,Delete,ConfigMap,false
2.281642671,Regular,6,Delete,Deployment,false
2.301525497,Regular,6,Create,Deployment,false
2.322161116,Regular,5,Create,ConfigMap,false
2.341485236,Regular,5,Update,Deployment,false
2.361985329,Regular,4,Delete,ConfigMap,false
2.382020644,Regular,4,Delete,Deployment,false
2.401316651,Regular,6,Create,Deployment,false
2.421908848,Regular,6,Create,ConfigMap,false
2.441504702,Regular,10,Update,Deployment,false
2.462171349,Regular,4,Delete,ConfigMap,false
2.481807359,Regular,5,Delete,Deployment,false
2.501894992,Regular,7,Create,Deployment,false
2.521481599,Regular,6,Create,ConfigMap,false
2.5419964999999998,Regular,5,Update,Deployment,false
2.5613447259999997,Regular,4,Delete,ConfigMap,false
2.581504796,Regular,6,Delete,Deployment,false
2.602124394,Regular,8,Create,Deployment,false
2.6222548789999998,Regular,6,Create,ConfigMap,false
2.641609146,Regular,7,Update,Deployment,false
2.6620540139999997,Regular,6,Delete,ConfigMap,false
2.681535813,Regular,5,Delete,Deployment,false
2.7015415210000002,Regular,6,Create,Deployment,false
2.722287148,Regular,7,Create,ConfigMap,false
2.741524835,Regular,6,Update,Deployment,false
2.76219511,Regular,4,Delete,ConfigMap,false
2.781854964,Regular,4,Delete,Deployment,false
2.802168134,Regular,5,Create,Deployment,false
2.822119009,Regular,11,Create,ConfigMap,false
2.8418688640000003,Regular,6,Update,Deployment,false
2.861716343,Regular,3,Delete,ConfigMap,false
2.881462231,Regular,3,Delete,Deployment,false
2.90186545,Regular,9,Create,Deployment,false
2.922277807,Regular,6,Create,ConfigMap,false
2.941574706,Regular,6,Update,Deployment,false
2.961817483,Regular,3,Delete,ConfigMap,false
2.981908252,Regular,4,Delete,Deployment,false
3.00149564,Regular,4,Create,Deployment,false
2.001405445,Regular,4,Create,Deployment,false
2.022044861,Regular,5,Create,ConfigMap,false
2.041395782,Regular,5,Update,Deployment,false
2.062233723,Regular,5,Delete,ConfigMap,false
2.082674324,Regular,19,Delete,Deployment,false
2.102109023,Regular,12,Create,Deployment,false
2.121806679,Regular,6,Create,ConfigMap,false
2.142463859,Regular,7,Update,Deployment,false
2.161659036,Regular,5,Delete,ConfigMap,false
2.181899117,Regular,4,Delete,Deployment,false
2.201605249,Regular,5,Create,Deployment,false
2.221300191,Regular,7,Create,ConfigMap,false
2.241590627,Regular,7,Update,Deployment,false
2.26145566,Regular,5,Delete,ConfigMap,false
2.2816204190000002,Regular,7,Delete,Deployment,false
2.301508896,Regular,6,Create,Deployment,false
2.32214749,Regular,5,Create,ConfigMap,false
2.341405446,Regular,7,Update,Deployment,false
2.361939072,Regular,4,Delete,ConfigMap,false
2.382166249,Regular,4,Delete,Deployment,false
2.401410358,Regular,7,Create,Deployment,false
2.421755127,Regular,7,Create,ConfigMap,false
2.441482039,Regular,11,Update,Deployment,false
2.46206559,Regular,4,Delete,ConfigMap,false
2.48175482,Regular,5,Delete,Deployment,false
2.501837504,Regular,7,Create,Deployment,false
2.521505033,Regular,6,Create,ConfigMap,false
2.5419830340000003,Regular,6,Update,Deployment,false
2.561285804,Regular,6,Delete,ConfigMap,false
2.581525685,Regular,6,Delete,Deployment,false
2.60208523,Regular,8,Create,Deployment,false
2.622318559,Regular,5,Create,ConfigMap,false
2.64153693,Regular,6,Update,Deployment,false
2.66226364,Regular,5,Delete,ConfigMap,false
2.6816104039999997,Regular,4,Delete,Deployment,false
2.701554947,Regular,6,Create,Deployment,false
2.722179975,Regular,7,Create,ConfigMap,false
2.741498125,Regular,8,Update,Deployment,false
2.762215298,Regular,4,Delete,ConfigMap,false
2.781780444,Regular,4,Delete,Deployment,false
2.802154218,Regular,5,Create,Deployment,false
2.822282538,Regular,11,Create,ConfigMap,false
2.841800244,Regular,6,Update,Deployment,false
2.8616798340000003,Regular,3,Delete,ConfigMap,false
2.881438275,Regular,2,Delete,Deployment,false
2.9019910380000002,Regular,10,Create,Deployment,false
2.9222520789999997,Regular,6,Create,ConfigMap,false
2.941559537,Regular,6,Update,Deployment,false
2.961944292,Regular,4,Delete,ConfigMap,false
2.981876171,Regular,4,Delete,Deployment,false
3.001532189,Regular,5,Create,Deployment,false
2.001383123,Regular,5,Create,Deployment,false
2.022006749,Regular,4,Create,ConfigMap,false
2.041338304,Regular,6,Update,Deployment,false
2.06227424,Regular,5,Delete,ConfigMap,false
2.083193545,Regular,18,Delete,Deployment,false
2.102101709,Regular,9,Create,Deployment,false
2.121959418,Regular,7,Create,ConfigMap,false
2.142638699,Regular,7,Update,Deployment,false
2.161584044,Regular,4,Delete,ConfigMap,false
2.181855435,Regular,4,Delete,Deployment,false
2.20157886,Regular,5,Create,Deployment,false
2.221218907,Regular,6,Create,ConfigMap,false
2.241679706,Regular,6,Update,Deployment,false
2.26146662,Regular,5,Delete,ConfigMap,false
2.2815422610000002,Regular,8,Delete,Deployment,false
2.301346198,Regular,6,Create,Deployment,false
2.322063592,Regular,4,Create,ConfigMap,false
2.3413170389999998,Regular,5,Update,Deployment,false
2.361957206,Regular,4,Delete,ConfigMap,false
2.382113569,Regular,4,Delete,Deployment,false
2.401409036,Regular,5,Create,Deployment,false
2.421755147,Regular,7,Create,ConfigMap,false
2.441390195,Regular,11,Update,Deployment,false
2.462140281,Regular,4,Delete,ConfigMap,false
2.481693654,Regular,5,Delete,Deployment,false
2.501998097,Regular,7,Create,Deployment,false
2.521430111,Regular,5,Create,ConfigMap,false
2.541919985,Regular,6,Update,Deployment,false
2.561424927,Regular,4,Delete,ConfigMap,false
2.581451685,Regular,6,Delete,Deployment,false
2.602264519,Regular,8,Create,Deployment,false
2.622130704,Regular,6,Create,ConfigMap,false
2.641585822,Regular,7,Update,Deployment,false
2.662241368,Regular,4,Delete,ConfigMap,false
2.681762651,Regular,6,Delete,Deployment,false
2.70161486,Regular,6,Create,Deployment,false
2.722218448,Regular,7,Create,ConfigMap,false
2.741540996,Regular,8,Update,Deployment,false
2.762166926,Regular,4,Delete,ConfigMap,false
2.781756148,Regular,4,Delete,Deployment,false
2.802146032,Regular,5,Create,Deployment,false
2.822062882,Regular,11,Create,ConfigMap,false
2.841838536,Regular,6,Update,Deployment,false
2.861767249,Regular,3,Delete,ConfigMap,false
2.881497718,Regular,3,Delete,Deployment,false
2.901981379,Regular,10,Create,Deployment,false
2.922145888,Regular,6,Create,ConfigMap,false
2.941627746,Regular,6,Update,Deployment,false
2.961876955,Regular,4,Delete,ConfigMap,false
2.981863357,Regular,4,Delete,Deployment,false
3.001558458,Regular,5,Create,Deployment,false
2.021969088,Regular,5,Create,ConfigMap,false
2.041352771,Regular,6,Update,Deployment,false
2.06218446,Regular,5,Delete,ConfigMap,false
2.082031138,Regular,22,Delete,Deployment,false
2.10417122,Regular,10,Create,Deployment,false
2.121777404,Regular,7,Create,ConfigMap,false
2.14227371,Regular,8,Update,Deployment,false
2.161527898,Regular,5,Delete,ConfigMap,false
2.181886724,Regular,4,Delete,Deployment,false
2.201629986,Regular,5,Create,Deployment,false
2.221235308,Regular,7,Create,ConfigMap,false
2.241700074,Regular,7,Update,Deployment,false
2.261511966,Regular,5,Delete,ConfigMap,false
2.281603046,Regular,6,Delete,Deployment,false
2.301393758,Regular,6,Create,Deployment,false
2.322124116,Regular,5,Create,ConfigMap,false
2.341436925,Regular,7,Update,Deployment,false
2.361918483,Regular,4,Delete,ConfigMap,false
2.382070949,Regular,3,Delete,Deployment,false
2.401336659,Regular,6,Create,Deployment,false
2.421796456,Regular,6,Create,ConfigMap,false
2.441418449,Regular,11,Update,Deployment,false
2.462095787,Regular,4,Delete,ConfigMap,false
2.481747526,Regular,5,Delete,Deployment,false
2.501933816,Regular,7,Create,Deployment,false
2.521314212,Regular,6,Create,ConfigMap,false
2.541899697,Regular,6,Update,Deployment,false
2.561221022,Regular,5,Delete,ConfigMap,false
2.58147009,Regular,6,Delete,Deployment,false
2.602268246,Regular,5,Create,Deployment,false
2.622163165,Regular,6,Create,ConfigMap,false
2.641622,Regular,7,Update,Deployment,false
2.662122744,Regular,6,Delete,ConfigMap,false
2.681254832,Regular,9,Delete,Deployment,false
2.701666968,Regular,5,Create,Deployment,false
2.722190435,Regular,7,Create,ConfigMap,false
2.741446277,Regular,7,Update,Deployment,false
2.762237029,Regular,4,Delete,ConfigMap,false
2.781804449,Regular,4,Delete,Deployment,false
2.8021263149999998,Regular,5,Create,Deployment,false
2.821846944,Regular,11,Create,ConfigMap,false
2.841811565,Regular,4,Update,Deployment,false
2.8617334850000002,Regular,2,Delete,ConfigMap,false
2.8814274749999997,Regular,3,Delete,Deployment,false
2.901923881,Regular,10,Create,Deployment,false
2.922223555,Regular,5,Create,ConfigMap,false
2.941590266,Regular,6,Update,Deployment,false
2.961835587,Regular,4,Delete,ConfigMap,false
2.981816228,Regular,4,Delete,Deployment,false
3.001484439,Regular,5,Create,Deployment,false
2.001497038,Regular,5,Create,Deployment,false
2.022101488,Regular,4,Create,ConfigMap,false
2.041379712,Regular,6,Update,Deployment,false
2.062175323,Regular,4,Delete,ConfigMap,false
2.083249741,Regular,11,Delete,Deployment,false
2.101782035,Regular,12,Create,Deployment,false
2.121894195,Regular,7,Create,ConfigMap,false
2.142509145,Regular,7,Update,Deployment,false
2.161570168,Regular,5,Delete,ConfigMap,false
2.18186909,Regular,3,Delete,Deployment,false
2.201674631,Regular,5,Create,Deployment,false
2.221310811,Regular,6,Create,ConfigMap,false
2.241646563,Regular,7,Update,Deployment,false
2.261565167,Regular,5,Delete,ConfigMap,false
2.281575384,Regular,6,Delete,Deployment,false
2.30136289,Regular,6,Create,Deployment,false
2.322103206,Regular,5,Create,ConfigMap,false
2.341383564,Regular,7,Update,Deployment,false
2.362067294,Regular,4,Delete,ConfigMap,false
2.382110313,Regular,4,Delete,Deployment,false
2.401281404,Regular,7,Create,Deployment,false
2.421880304,Regular,4,Create,ConfigMap,false
2.441401717,Regular,11,Update,Deployment,false
2.462122978,Regular,4,Delete,ConfigMap,false
2.481837746,Regular,5,Delete,Deployment,false
2.501823687,Regular,7,Create,Deployment,false
2.521327958,Regular,6,Create,ConfigMap,false
2.541958668,Regular,6,Update,Deployment,false
2.561377267,Regular,4,Delete,ConfigMap,false
2.5815750790000003,Regular,6,Delete,Deployment,false
2.6020792090000002,Regular,8,Create,Deployment,false
2.622146805,Regular,5,Create,ConfigMap,false
2.641518294,Regular,6,Update,Deployment,false
2.662226691,Regular,6,Delete,ConfigMap,false
2.68166136,Regular,6,Delete,Deployment,false
2.701526132,Regular,6,Create,Deployment,false
2.722256951,Regular,7,Create,ConfigMap,false
2.741474109,Regular,8,Update,Deployment,false
2.762233622,Regular,4,Delete,ConfigMap,false
2.781823555,Regular,3,Delete,Deployment,false
2.802173294,Regular,4,Create,Deployment,false
2.822273921,Regular,10,Create,ConfigMap,false
2.841911143,Regular,6,Update,Deployment,false
2.861754645,Regular,3,Delete,ConfigMap,false
2.881404461,Regular,3,Delete,Deployment,false
2.901943568,Regular,10,Create,Deployment,false
2.922150998,Regular,6,Create,ConfigMap,false
2.941636663,Regular,6,Update,Deployment,false
2.96190614,Regular,4,Delete,ConfigMap,false
2.981936746,Regular,3,Delete,Deployment,false
3.001553048,Regular,5,Create,Deployment,false
2.00150357,Regular,5,Create,Deployment,false
2.022019172,Regular,4,Create,ConfigMap,false
2.041462598,Regular,5,Update,Deployment,false
2.062287826,Regular,5,Delete,ConfigMap,false
2.083267755,Regular,18,Delete,Deployment,false
2.102221836,Regular,11,Create,Deployment,false
2.121792713,Regular,6,Create,ConfigMap,false
2.142416329,Regular,8,Update,Deployment,false
2.161541774,Regular,5,Delete,ConfigMap,false
2.181930556,Regular,4,Delete,Deployment,false
2.201640216,Regular,6,Create,Deployment,false
2.221330278,Regular,4,Create,ConfigMap,false
2.241619672,Regular,7,Update,Deployment,false
2.261480316,Regular,3,Delete,ConfigMap,false
2.28171624,Regular,5,Delete,Deployment,false
2.301527491,Regular,6,Create,Deployment,false
2.322077558,Regular,5,Create,ConfigMap,false
2.3413057569999998,Regular,7,Update,Deployment,false
2.361918623,Regular,4,Delete,ConfigMap,false
2.382049899,Regular,4,Delete,Deployment,false
2.401550964,Regular,6,Create,Deployment,false
2.421772951,Regular,5,Create,ConfigMap,false
2.441487559,Regular,11,Update,Deployment,false
2.462104122,Regular,4,Delete,ConfigMap,false
2.481695337,Regular,5,Delete,Deployment,false
2.5019147999999998,Regular,7,Create,Deployment,false
2.521362454,Regular,6,Create,ConfigMap,false
2.541904646,Regular,6,Update,Deployment,false
2.5612161430000002,Regular,4,Delete,ConfigMap,false
2.581578545,Regular,6,Delete,Deployment,false
2.602186883,Regular,8,Create,Deployment,false
2.622259077,Regular,4,Create,ConfigMap,false
2.641649823,Regular,7,Update,Deployment,false
2.662180443,Regular,6,Delete,ConfigMap,false
2.681590085,Regular,6,Delete,Deployment,false
2.7015984790000003,Regular,6,Create,Deployment,false
2.7222764379999997,Regular,7,Create,ConfigMap,false
2.741592433,Regular,8,Update,Deployment,false
2.762243531,Regular,4,Delete,ConfigMap,false
2.78185258,Regular,4,Delete,Deployment,false
2.802090588,Regular,5,Create,Deployment,false
2.822123056,Regular,11,Create,ConfigMap,false
2.841878392,Regular,6,Update,Deployment,false
2.861736551,Regular,3,Delete,ConfigMap,false
2.881474694,Regular,3,Delete,Deployment,false
2.901902821,Regular,10,Create,Deployment,false
2.922203868,Regular,6,Create,ConfigMap,false
2.941601607,Regular,6,Update,Deployment,false
2.961847089,Regular,4,Delete,ConfigMap,false
2.981890779,Regular,3,Delete,Deployment,false
3.001593374,Regular,5,Create,Deployment,false
3.021749056,Regular,7,Create,ConfigMap,false
3.042272072,Regular,6,Update,Deployment,false
3.06193343,Regular,3,Delete,ConfigMap,false
3.082298358,Regular,3,Delete,Deployment,false
3.10211057,Regular,4,Create,Deployment,false
3.122285188,Regular,5,Create,ConfigMap,false
3.142222638,Regular,6,Update,Deployment,false
3.161708253,Regular,3,Delete,ConfigMap,false
3.181904462,Regular,3,Delete,Deployment,false
3.201382353,Regular,5,Create,Deployment,false
3.22139259,Regular,5,Create,ConfigMap,false
3.241480183,Regular,8,Update,Deployment,false
3.262192387,Regular,3,Delete,ConfigMap,false
3.281408814,Regular,5,Delete,Deployment,false
3.302102432,Regular,6,Create,Deployment,false
3.321695461,Regular,5,Create,ConfigMap,false
3.342118047,Regular,7,Update,Deployment,false
3.361754648,Regular,4,Delete,ConfigMap,false
3.382018554,Regular,5,Delete,Deployment,false
3.401979197,Regular,6,Create,Deployment,false
3.422220431,Regular,5,Create,ConfigMap,false
3.441600337,Regular,7,Update,Deployment,false
3.461552554,Regular,3,Delete,ConfigMap,false
3.482136906,Regular,5,Delete,Deployment,false
3.501982342,Regular,6,Create,Deployment,false
3.5216688769999998,Regular,6,Create,ConfigMap,false
3.541394466,Regular,8,Update,Deployment,false
3.561997243,Regular,3,Delete,ConfigMap,false
3.582240991,Regular,6,Delete,Deployment,false
3.602795497,Regular,10,Create,Deployment,false
3.62196734,Regular,8,Create,ConfigMap,false
3.6417996,Regular,9,Update,Deployment,false
3.6617371,Regular,6,Delete,ConfigMap,false
3.682180776,Regular,5,Delete,Deployment,false
3.701544321,Regular,6,Create,Deployment,false
3.722870225,Regular,6,Create,ConfigMap,false
3.742115175,Regular,7,Update,Deployment,false
3.761599258,Regular,5,Delete,ConfigMap,false
3.781558739,Regular,6,Delete,Deployment,false
3.801778392,Regular,8,Create,Deployment,false
3.822225214,Regular,7,Create,ConfigMap,false
3.841768639,Regular,6,Update,Deployment,false
3.861592974,Regular,3,Delete,ConfigMap,false
3.881712458,Regular,5,Delete,Deployment,false
3.901986463,Regular,4,Create,Deployment,false
3.9215753639999997,Regular,5,Create,ConfigMap,false
3.942071429,Regular,7,Update,Deployment,false
3.962022294,Regular,4,Delete,ConfigMap,false
3.981457184,Regular,3,Delete,Deployment,false
3.021551343,Regular,5,Create,ConfigMap,false
3.042126317,Regular,5,Update,Deployment,false
3.061853299,Regular,3,Delete,ConfigMap,false
3.082219839,Regular,3,Delete,Deployment,false
3.102202134,Regular,6,Create,Deployment,false
3.122200989,Regular,5,Create,ConfigMap,false
3.142206287,Regular,6,Update,Deployment,false
3.161724594,Regular,4,Delete,ConfigMap,false
3.18184016,Regular,4,Delete,Deployment,false
3.201331086,Regular,4,Create,Deployment,false
3.221365969,Regular,5,Create,ConfigMap,false
3.241430319,Regular,8,Update,Deployment,false
3.262086216,Regular,3,Delete,ConfigMap,false
3.281371754,Regular,4,Delete,Deployment,false
3.302137027,Regular,6,Create,Deployment,false
3.321714957,Regular,5,Create,ConfigMap,false
3.342103269,Regular,5,Update,Deployment,false
3.361694885,Regular,4,Delete,ConfigMap,false
3.381972888,Regular,3,Delete,Deployment,false
3.401999275,Regular,5,Create,Deployment,false
3.422295864,Regular,5,Create,ConfigMap,false
3.4416108469999998,Regular,7,Update,Deployment,false
3.461472302,Regular,3,Delete,ConfigMap,false
3.482166432,Regular,5,Delete,Deployment,false
3.501956533,Regular,6,Create,Deployment,false
3.521688534,Regular,4,Create,ConfigMap,false
3.541331417,Regular,8,Update,Deployment,false
3.562045083,Regular,4,Delete,ConfigMap,false
3.582213419,Regular,5,Delete,Deployment,false
3.602641947,Regular,7,Create,Deployment,false
3.621823899,Regular,7,Create,ConfigMap,false
3.64182605,Regular,9,Update,Deployment,false
3.6616543740000003,Regular,6,Delete,ConfigMap,false
3.6822359000000002,Regular,3,Delete,Deployment,false
3.7014868720000003,Regular,6,Create,Deployment,false
3.722721834,Regular,5,Create,ConfigMap,false
3.7420809200000003,Regular,10,Update,Deployment,false
3.761524416,Regular,3,Delete,ConfigMap,false
3.781438582,Regular,6,Delete,Deployment,false
3.801922464,Regular,8,Create,Deployment,false
3.822244641,Regular,8,Create,ConfigMap,false
3.8417859720000003,Regular,6,Update,Deployment,false
3.861655522,Regular,3,Delete,ConfigMap,false
3.881864996,Regular,4,Delete,Deployment,false
3.901902194,Regular,6,Create,Deployment,false
3.921558562,Regular,5,Create,ConfigMap,false
3.942006236,Regular,9,Update,Deployment,false
3.962049666,Regular,3,Delete,ConfigMap,false
3.981382032,Regular,4,Delete,Deployment,false
3.001579949,Regular,5,Create,Deployment,false
3.021610895,Regular,7,Create,ConfigMap,false
3.042145764,Regular,6,Update,Deployment,false
3.061826979,Regular,4,Delete,ConfigMap,false
3.082243825,Regular,3,Delete,Deployment,false
3.102153612,Regular,6,Create,Deployment,false
3.122213352,Regular,5,Create,ConfigMap,false
3.142176841,Regular,6,Update,Deployment,false
3.161778927,Regular,3,Delete,ConfigMap,false
3.181933266,Regular,2,Delete,Deployment,false
3.201404565,Regular,5,Create,Deployment,false
3.221394884,Regular,5,Create,ConfigMap,false
3.241447762,Regular,8,Update,Deployment,false
3.262125931,Regular,3,Delete,ConfigMap,false
3.281299587,Regular,5,Delete,Deployment,false
3.302109045,Regular,5,Create,Deployment,false
3.321759101,Regular,4,Create,ConfigMap,false
3.342147893,Regular,8,Update,Deployment,false
3.361731414,Regular,3,Delete,ConfigMap,false
3.382004548,Regular,4,Delete,Deployment,false
3.40199106,Regular,5,Create,Deployment,false
3.422265566,Regular,4,Create,ConfigMap,false
3.441650692,Regular,7,Update,Deployment,false
3.461538628,Regular,4,Delete,ConfigMap,false
3.482215685,Regular,5,Delete,Deployment,false
3.501998923,Regular,6,Create,Deployment,false
3.521726125,Regular,6,Create,ConfigMap,false
3.5413106279999997,Regular,8,Update,Deployment,false
3.561949072,Regular,5,Delete,ConfigMap,false
3.582184845,Regular,5,Delete,Deployment,false
3.602794585,Regular,9,Create,Deployment,false
3.621826123,Regular,8,Create,ConfigMap,false
3.641911802,Regular,9,Update,Deployment,false
3.661623395,Regular,6,Delete,ConfigMap,false
3.68218317,Regular,5,Delete,Deployment,false
3.701442589,Regular,6,Create,Deployment,false
3.722897186,Regular,5,Create,ConfigMap,false
3.742039001,Regular,10,Update,Deployment,false
3.761554934,Regular,5,Delete,ConfigMap,false
3.7813691609999998,Regular,6,Delete,Deployment,false
3.801679385,Regular,7,Create,Deployment,false
3.82230759,Regular,6,Create,ConfigMap,false
3.841851115,Regular,6,Update,Deployment,false
3.861585801,Regular,4,Delete,ConfigMap,false
3.881920391,Regular,4,Delete,Deployment,false
3.901925398,Regular,6,Create,Deployment,false
3.92150948,Regular,5,Create,ConfigMap,false
3.941954288,Regular,9,Update,Deployment,false
3.96200949,Regular,4,Delete,ConfigMap,false
3.981421737,Regular,4,Delete,Deployment,false
3.001600758,Regular,5,Create,Deployment,false
3.021673995,Regular,7,Create,ConfigMap,false
3.042252606,Regular,6,Update,Deployment,false
3.061843019,Regular,4,Delete,ConfigMap,false
3.082265015,Regular,3,Delete,Deployment,false
3.102124256,Regular,5,Create,Deployment,false
3.122313562,Regular,4,Create,ConfigMap,false
3.14221875,Regular,7,Update,Deployment,false
3.1617554119999998,Regular,3,Delete,ConfigMap,false
3.181890014,Regular,4,Delete,Deployment,false
3.201314394,Regular,5,Create,Deployment,false
3.221336834,Regular,5,Create,ConfigMap,false
3.241409329,Regular,8,Update,Deployment,false
3.26206728,Regular,3,Delete,ConfigMap,false
3.281305759,Regular,5,Delete,Deployment,false
3.302198694,Regular,6,Create,Deployment,false
3.321741688,Regular,5,Create,ConfigMap,false
3.342133436,Regular,7,Update,Deployment,false
3.361672512,Regular,2,Delete,ConfigMap,false
3.381929175,Regular,4,Delete,Deployment,false
3.402090989,Regular,6,Create,Deployment,false
3.422340438,Regular,5,Create,ConfigMap,false
3.441683053,Regular,7,Update,Deployment,false
3.461506828,Regular,4,Delete,ConfigMap,false
3.482260129,Regular,4,Delete,Deployment,false
3.5019783650000003,Regular,6,Create,Deployment,false
3.5216252949999998,Regular,6,Create,ConfigMap,false
3.541302923,Regular,8,Update,Deployment,false
3.561961566,Regular,4,Delete,ConfigMap,false
3.582157714,Regular,4,Delete,Deployment,false
3.602665592,Regular,10,Create,Deployment,false
3.62195164,Regular,5,Create,ConfigMap,false
3.641874522,Regular,9,Update,Deployment,false
3.661678449,Regular,6,Delete,ConfigMap,false
3.6820342889999997,Regular,5,Delete,Deployment,false
3.701520586,Regular,6,Create,Deployment,false
3.722812616,Regular,6,Create,ConfigMap,false
3.741965332,Regular,10,Update,Deployment,false
3.761639374,Regular,5,Delete,ConfigMap,false
3.781379621,Regular,6,Delete,Deployment,false
3.8017353099999998,Regular,5,Create,Deployment,false
3.8222957170000003,Regular,7,Create,ConfigMap,false
3.841841907,Regular,5,Update,Deployment,false
3.861610327,Regular,2,Delete,ConfigMap,false
3.881734049,Regular,5,Delete,Deployment,false
3.90201124,Regular,6,Create,Deployment,false
3.92158909,Regular,5,Create,ConfigMap,false
3.941966411,Regular,9,Update,Deployment,false
3.962079813,Regular,4,Delete,ConfigMap,false
3.981408502,Regular,4,Delete,Deployment,false
3.021640371,Regular,7,Create,ConfigMap,false
3.042184978,Regular,6,Update,Deployment,false
3.061959179,Regular,4,Delete,ConfigMap,false
3.082256509,Regular,3,Delete,Deployment,false
3.102143893,Regular,6,Create,Deployment,false
3.122257085,Regular,5,Create,ConfigMap,false
3.142188914,Regular,7,Update,Deployment,false
3.161808302,Regular,3,Delete,ConfigMap,false
3.18185049,Regular,3,Delete,Deployment,false
3.201295278,Regular,5,Create,Deployment,false
3.221354598,Regular,5,Create,ConfigMap,false
3.241511001,Regular,9,Update,Deployment,false
3.262055478,Regular,3,Delete,ConfigMap,false
3.281321789,Regular,5,Delete,Deployment,false
3.302165471,Regular,6,Create,Deployment,false
3.3216624980000002,Regular,5,Create,ConfigMap,false
3.342066159,Regular,8,Update,Deployment,false
3.361659648,Regular,4,Delete,ConfigMap,false
3.382004267,Regular,6,Delete,Deployment,false
3.401968507,Regular,5,Create,Deployment,false
3.422278661,Regular,5,Create,ConfigMap,false
3.441600447,Regular,6,Update,Deployment,false
3.461520433,Regular,4,Delete,ConfigMap,false
3.482236384,Regular,4,Delete,Deployment,false
3.501915065,Regular,6,Create,Deployment,false
3.521727147,Regular,6,Create,ConfigMap,false
3.541381361,Regular,8,Update,Deployment,false
3.562028602,Regular,5,Delete,ConfigMap,false
3.58217142,Regular,5,Delete,Deployment,false
3.602787201,Regular,10,Create,Deployment,false
3.6219297089999998,Regular,7,Create,ConfigMap,false
3.641896634,Regular,9,Update,Deployment,false
3.661748361,Regular,6,Delete,ConfigMap,false
3.682184022,Regular,5,Delete,Deployment,false
3.70146959,Regular,5,Create,Deployment,false
3.722873871,Regular,6,Create,ConfigMap,false
3.742048229,Regular,10,Update,Deployment,false
3.7615703529999998,Regular,5,Delete,ConfigMap,false
3.781600047,Regular,6,Delete,Deployment,false
3.801700414,Regular,8,Create,Deployment,false
3.822353066,Regular,6,Create,ConfigMap,false
3.841753059,Regular,6,Update,Deployment,false
3.86162252,Regular,3,Delete,ConfigMap,false
3.8818989,Regular,4,Delete,Deployment,false
3.901934415,Regular,6,Create,Deployment,false
3.921487638,Regular,5,Create,ConfigMap,false
3.9420611599999997,Regular,7,Update,Deployment,false
3.962163501,Regular,4,Delete,ConfigMap,false
3.9814374470000002,Regular,4,Delete,Deployment,false
3.021764075,Regular,8,Create,ConfigMap,false
3.042231095,Regular,6,Update,Deployment,false
3.061867125,Regular,3,Delete,ConfigMap,false
3.082268261,Regular,3,Delete,Deployment,false
3.102067178,Regular,6,Create,Deployment,false
3.122314153,Regular,5,Create,ConfigMap,false
3.142196027,Regular,6,Update,Deployment,false
3.161859148,Regular,3,Delete,ConfigMap,false
3.181918268,Regular,3,Delete,Deployment,false
3.201350262,Regular,5,Create,Deployment,false
3.221381449,Regular,5,Create,ConfigMap,false
3.241454555,Regular,8,Update,Deployment,false
3.262125861,Regular,2,Delete,ConfigMap,false
3.2813675460000002,Regular,5,Delete,Deployment,false
3.302148459,Regular,6,Create,Deployment,false
3.3216486720000002,Regular,4,Create,ConfigMap,false
3.342046071,Regular,7,Update,Deployment,false
3.361751492,Regular,4,Delete,ConfigMap,false
3.381991643,Regular,6,Delete,Deployment,false
3.402074868,Regular,6,Create,Deployment,false
3.4222942,Regular,5,Create,ConfigMap,false
3.441616738,Regular,7,Update,Deployment,false
3.461483844,Regular,3,Delete,ConfigMap,false
3.482212279,Regular,5,Delete,Deployment,false
3.501931586,Regular,6,Create,Deployment,false
3.521701388,Regular,6,Create,ConfigMap,false
3.5413667540000002,Regular,8,Update,Deployment,false
3.5620594309999998,Regular,5,Delete,ConfigMap,false
3.58212369,Regular,7,Delete,Deployment,false
3.602656114,Regular,9,Create,Deployment,false
3.6219657769999998,Regular,7,Create,ConfigMap,false
3.641816512,Regular,9,Update,Deployment,false
3.6616653340000003,Regular,6,Delete,ConfigMap,false
3.682003511,Regular,5,Delete,Deployment,false
3.701532609,Regular,6,Create,Deployment,false
3.722773953,Regular,6,Create,ConfigMap,false
3.7420648,Regular,6,Update,Deployment,false
3.761650625,Regular,5,Delete,ConfigMap,false
3.781462577,Regular,5,Delete,Deployment,false
3.80181961,Regular,9,Create,Deployment,false
3.8222803880000003,Regular,7,Create,ConfigMap,false
3.841833792,Regular,6,Update,Deployment,false
3.861577555,Regular,4,Delete,ConfigMap,false
3.881716245,Regular,5,Delete,Deployment,false
3.901994869,Regular,6,Create,Deployment,false
3.921566427,Regular,4,Create,ConfigMap,false
3.942035381,Regular,9,Update,Deployment,false
3.962113136,Regular,4,Delete,ConfigMap,false
3.981395968,Regular,4,Delete,Deployment,false
4.001705862,Regular,7,Create,Deployment,false
3.001579518,Regular,5,Create,Deployment,false
3.021590587,Regular,7,Create,ConfigMap,false
3.042167615,Regular,6,Update,Deployment,false
3.061939542,Regular,4,Delete,ConfigMap,false
3.082195954,Regular,3,Delete,Deployment,false
3.102092446,Regular,6,Create,Deployment,false
3.122224524,Regular,4,Create,ConfigMap,false
3.142162725,Regular,5,Update,Deployment,false
3.16173854,Regular,4,Delete,ConfigMap,false
3.181865658,Regular,3,Delete,Deployment,false
3.201455611,Regular,5,Create,Deployment,false
3.221308611,Regular,5,Create,ConfigMap,false
3.241493057,Regular,8,Update,Deployment,false
3.262114549,Regular,3,Delete,ConfigMap,false
3.281424844,Regular,5,Delete,Deployment,false
3.302117811,Regular,6,Create,Deployment,false
3.321680292,Regular,5,Create,ConfigMap,false
3.342049748,Regular,6,Update,Deployment,false
3.361680858,Regular,4,Delete,ConfigMap,false
3.382006742,Regular,6,Delete,Deployment,false
3.402013683,Regular,5,Create,Deployment,false
3.422235269,Regular,5,Create,ConfigMap,false
3.441682232,Regular,7,Update,Deployment,false
3.461527737,Regular,4,Delete,ConfigMap,false
3.482124182,Regular,3,Delete,Deployment,false
3.502014152,Regular,6,Create,Deployment,false
3.521639742,Regular,6,Create,ConfigMap,false
3.541290079,Regular,8,Update,Deployment,false
3.5620095960000002,Regular,4,Delete,ConfigMap,false
3.582145541,Regular,6,Delete,Deployment,false
3.602827788,Regular,10,Create,Deployment,false
3.621915321,Regular,8,Create,ConfigMap,false
3.64194213,Regular,9,Update,Deployment,false
3.661747139,Regular,6,Delete,ConfigMap,false
3.682006987,Regular,5,Delete,Deployment,false
3.701504355,Regular,6,Create,Deployment,false
3.7228714370000002,Regular,6,Create,ConfigMap,false
3.742021368,Regular,7,Update,Deployment,false
3.76153693,Regular,5,Delete,ConfigMap,false
3.781610647,Regular,6,Delete,Deployment,false
3.80171952,Regular,8,Create,Deployment,false
3.822341263,Regular,5,Create,ConfigMap,false
3.841833481,Regular,6,Update,Deployment,false
3.861637108,Regular,3,Delete,ConfigMap,false
3.881867461,Regular,4,Delete,Deployment,false
3.901967407,Regular,6,Create,Deployment,false
3.921538174,Regular,4,Create,ConfigMap,false
3.9419773620000003,Regular,9,Update,Deployment,false
3.9621417,Regular,4,Delete,ConfigMap,false
3.981456563,Regular,4,Delete,Deployment,false
4.001654595,Regular,7,Create,Deployment,false
3.021574667,Regular,7,Create,ConfigMap,false
3.042126327,Regular,5,Update,Deployment,false
3.061904916,Regular,4,Delete,ConfigMap,false
3.082228746,Regular,3,Delete,Deployment,false
3.102095813,Regular,6,Create,Deployment,false
3.12223839,Regular,5,Create,ConfigMap,false
3.142150752,Regular,7,Update,Deployment,false
3.161698404,Regular,4,Delete,ConfigMap,false
3.181927194,Regular,3,Delete,Deployment,false
3.201439601,Regular,5,Create,Deployment,false
3.221325593,Regular,5,Create,ConfigMap,false
3.241398689,Regular,9,Update,Deployment,false
3.262138865,Regular,3,Delete,ConfigMap,false
3.281416167,Regular,5,Delete,Deployment,false
3.30209086,Regular,6,Create,Deployment,false
3.321674842,Regular,5,Create,ConfigMap,false
3.342163883,Regular,7,Update,Deployment,false
3.361710304,Regular,4,Delete,ConfigMap,false
3.381921851,Regular,6,Delete,Deployment,false
3.402043279,Regular,6,Create,Deployment,false
3.422211554,Regular,5,Create,ConfigMap,false
3.44167049,Regular,7,Update,Deployment,false
3.4614524749999998,Regular,4,Delete,ConfigMap,false
3.482145172,Regular,5,Delete,Deployment,false
3.501946905,Regular,6,Create,Deployment,false
3.521614264,Regular,6,Create,ConfigMap,false
3.541421968,Regular,8,Update,Deployment,false
3.561970623,Regular,4,Delete,ConfigMap,false
3.582267862,Regular,6,Delete,Deployment,false
3.602596391,Regular,10,Create,Deployment,false
3.621849297,Regular,6,Create,ConfigMap,false
3.64194203,Regular,9,Update,Deployment,false
3.661697635,Regular,6,Delete,ConfigMap,false
3.682024621,Regular,5,Delete,Deployment,false
3.701475631,Regular,6,Create,Deployment,false
3.722685555,Regular,6,Create,ConfigMap,false
3.742006119,Regular,10,Update,Deployment,false
3.761587776,Regular,5,Delete,ConfigMap,false
3.781491512,Regular,6,Delete,Deployment,false
3.8016291300000002,Regular,9,Create,Deployment,false
3.822225224,Regular,7,Create,ConfigMap,false
3.841855423,Regular,6,Update,Deployment,false
3.861654581,Regular,3,Delete,ConfigMap,false
3.88186705,Regular,4,Delete,Deployment,false
3.90191586,Regular,6,Create,Deployment,false
3.921524729,Regular,5,Create,ConfigMap,false
3.941993111,Regular,7,Update,Deployment,false
3.962064404,Regular,4,Delete,ConfigMap,false
3.981360221,Regular,4,Delete,Deployment,false
4.001818825,Regular,7,Create,Deployment,false
3.021566942,Regular,7,Create,ConfigMap,false
3.042220044,Regular,6,Update,Deployment,false
3.061894136,Regular,4,Delete,ConfigMap,false
3.082207035,Regular,2,Delete,Deployment,false
3.102136289,Regular,5,Create,Deployment,false
3.12230197,Regular,5,Create,ConfigMap,false
3.142127247,Regular,6,Update,Deployment,false
3.161818602,Regular,2,Delete,ConfigMap,false
3.18187741,Regular,4,Delete,Deployment,false
3.201421677,Regular,5,Create,Deployment,false
3.221319211,Regular,5,Create,ConfigMap,false
3.241461488,Regular,7,Update,Deployment,false
3.26215698,Regular,3,Delete,ConfigMap,false
3.281330556,Regular,5,Delete,Deployment,false
3.302201319,Regular,6,Create,Deployment,false
3.321728132,Regular,4,Create,ConfigMap,false
3.3421775289999998,Regular,7,Update,Deployment,false
3.36174534,Regular,4,Delete,ConfigMap,false
3.382034294,Regular,6,Delete,Deployment,false
3.402027469,Regular,6,Create,Deployment,false
3.422250488,Regular,5,Create,ConfigMap,false
3.441634612,Regular,7,Update,Deployment,false
3.461456192,Regular,3,Delete,ConfigMap,false
3.482252555,Regular,5,Delete,Deployment,false
3.501897762,Regular,4,Create,Deployment,false
3.521726165,Regular,6,Create,ConfigMap,false
3.5414173890000002,Regular,8,Update,Deployment,false
3.562057457,Regular,4,Delete,ConfigMap,false
3.58221365,Regular,5,Delete,Deployment,false
3.602621087,Regular,10,Create,Deployment,false
3.621994872,Regular,7,Create,ConfigMap,false
3.641943322,Regular,9,Update,Deployment,false
3.661635588,Regular,7,Delete,ConfigMap,false
3.682051131,Regular,5,Delete,Deployment,false
3.701452036,Regular,6,Create,Deployment,false
3.722690906,Regular,6,Create,ConfigMap,false
3.742131095,Regular,10,Update,Deployment,false
3.761612783,Regular,5,Delete,ConfigMap,false
3.78157003,Regular,5,Delete,Deployment,false
3.8016570720000002,Regular,9,Create,Deployment,false
3.822324832,Regular,8,Create,ConfigMap,false
3.841849351,Regular,6,Update,Deployment,false
3.861652316,Regular,3,Delete,ConfigMap,false
3.881857903,Regular,4,Delete,Deployment,false
3.902010288,Regular,6,Create,Deployment,false
3.921499701,Regular,5,Create,ConfigMap,false
3.942050259,Regular,7,Update,Deployment,false
3.962102516,Regular,4,Delete,ConfigMap,false
3.981371883,Regular,2,Delete,Deployment,false
4.001786354,Regular,7,Create,Deployment,false
3.001542859,Regular,5,Create,Deployment,false
3.021601688,Regular,7,Create,ConfigMap,false
3.042201349,Regular,6,Update,Deployment,false
3.061880079,Regular,4,Delete,ConfigMap,false
3.082282728,Regular,3,Delete,Deployment,false
3.102177477,Regular,6,Create,Deployment,false
3.122268437,Regular,5,Create,ConfigMap,false
3.14213905,Regular,5,Update,Deployment,false
3.161801359,Regular,3,Delete,ConfigMap,false
3.181943826,Regular,4,Delete,Deployment,false
3.201364098,Regular,5,Create,Deployment,false
3.22139299,Regular,5,Create,ConfigMap,false
3.241414579,Regular,8,Update,Deployment,false
3.262192477,Regular,3,Delete,ConfigMap,false
3.281416167,Regular,5,Delete,Deployment,false
3.302184537,Regular,6,Create,Deployment,false
3.321710088,Regular,5,Create,ConfigMap,false
3.342084884,Regular,6,Update,Deployment,false
3.361722286,Regular,4,Delete,ConfigMap,false
3.381940657,Regular,4,Delete,Deployment,false
3.402058938,Regular,5,Create,Deployment,false
3.422318005,Regular,5,Create,ConfigMap,false
3.44166536,Regular,6,Update,Deployment,false
3.46149725,Regular,4,Delete,ConfigMap,false
3.482179246,Regular,5,Delete,Deployment,false
3.501879708,Regular,6,Create,Deployment,false
3.5217591280000002,Regular,6,Create,ConfigMap,false
3.541350122,Regular,8,Update,Deployment,false
3.562059531,Regular,4,Delete,ConfigMap,false
3.582200856,Regular,5,Delete,Deployment,false
3.602794235,Regular,7,Create,Deployment,false
3.621942413,Regular,8,Create,ConfigMap,false
3.641806053,Regular,9,Update,Deployment,false
3.6617194570000002,Regular,3,Delete,ConfigMap,false
3.682217305,Regular,4,Delete,Deployment,false
3.70156493,Regular,6,Create,Deployment,false
3.722720281,Regular,6,Create,ConfigMap,false
3.741991051,Regular,10,Update,Deployment,false
3.761666555,Regular,5,Delete,ConfigMap,false
3.781579879,Regular,6,Delete,Deployment,false
3.801770807,Regular,7,Create,Deployment,false
3.822260671,Regular,6,Create,ConfigMap,false
3.841776263,Regular,6,Update,Deployment,false
3.861641085,Regular,3,Delete,ConfigMap,false
3.881701677,Regular,4,Delete,Deployment,false
3.901954403,Regular,6,Create,Deployment,false
3.921607264,Regular,5,Create,ConfigMap,false
3.942020704,Regular,9,Update,Deployment,false
3.9621241769999997,Regular,4,Delete,ConfigMap,false
3.981448337,Regular,4,Delete,Deployment,false
4.001690913,Regular,7,Create,Deployment,false
4.021827679,Regular,7,Create,ConfigMap,false
4.041847925,Regular,7,Update,Deployment,false
4.061608901,Regular,4,Delete,ConfigMap,false
4.081829195,Regular,4,Delete,Deployment,false
4.102080568,Regular,7,Create,Deployment,false
4.121334256,Regular,5,Create,ConfigMap,false
4.141730362,Regular,7,Update,Deployment,false
4.161507799,Regular,4,Delete,ConfigMap,false
4.181339007,Regular,2,Delete,Deployment,false
4.201422603,Regular,5,Create,Deployment,false
4.221534071,Regular,7,Create,ConfigMap,false
4.241495366,Regular,7,Update,Deployment,false
4.262008834,Regular,4,Delete,ConfigMap,false
4.281464663,Regular,4,Delete,Deployment,false
4.301726536,Regular,6,Create,Deployment,false
4.321451985,Regular,5,Create,ConfigMap,false
4.341844404,Regular,5,Update,Deployment,false
4.361462991,Regular,5,Delete,ConfigMap,false
4.382055087,Regular,4,Delete,Deployment,false
4.401923937,Regular,5,Create,Deployment,false
4.421819388,Regular,3,Create,ConfigMap,false
4.442190707,Regular,8,Update,Deployment,false
4.4616589300000005,Regular,5,Delete,ConfigMap,false
4.481513042,Regular,5,Delete,Deployment,false
4.5019310489999995,Regular,8,Create,Deployment,false
4.522147236,Regular,9,Create,ConfigMap,false
4.541501002,Regular,7,Update,Deployment,false
4.561392354,Regular,6,Delete,ConfigMap,false
4.581393674,Regular,6,Delete,Deployment,false
4.6018819650000005,Regular,5,Create,Deployment,false
4.622048798,Regular,6,Create,ConfigMap,false
4.641789786,Regular,7,Update,Deployment,false
4.66218971,Regular,4,Delete,ConfigMap,false
4.6819170119999995,Regular,8,Delete,Deployment,false
4.701408018,Regular,6,Create,Deployment,false
4.721430338,Regular,6,Create,ConfigMap,false
4.741792119,Regular,8,Update,Deployment,false
4.761975623,Regular,4,Delete,ConfigMap,false
4.7818922740000005,Regular,4,Delete,Deployment,false
4.801821367,Regular,6,Create,Deployment,false
4.823417061,Regular,5,Create,ConfigMap,false
4.841480508,Regular,6,Update,Deployment,false
4.861610933,Regular,5,Delete,ConfigMap,false
4.881382599,Regular,4,Delete,Deployment,false
4.901341369,Regular,7,Create,Deployment,false
4.921679375,Regular,7,Create,ConfigMap,false
4.941923795,Regular,7,Update,Deployment,false
4.961379554,Regular,3,Delete,ConfigMap,false
4.981529265,Regular,7,Delete,Deployment,false
4.021858467,Regular,7,Create,ConfigMap,false
4.041872602,Regular,7,Update,Deployment,false
4.061596277,Regular,4,Delete,ConfigMap,false
4.081774312,Regular,3,Delete,Deployment,false
4.102169426,Regular,7,Create,Deployment,false
4.121394169,Regular,5,Create,ConfigMap,false
4.1419307,Regular,7,Update,Deployment,false
4.16148216,Regular,4,Delete,ConfigMap,false
4.181432604,Regular,4,Delete,Deployment,false
4.20141551,Regular,6,Create,Deployment,false
4.221614012,Regular,7,Create,ConfigMap,false
4.241610904,Regular,7,Update,Deployment,false
4.261916229,Regular,4,Delete,ConfigMap,false
4.281505621,Regular,4,Delete,Deployment,false
4.301758446,Regular,5,Create,Deployment,false
4.321429192,Regular,5,Create,ConfigMap,false
4.341814828,Regular,6,Update,Deployment,false
4.361466868,Regular,6,Delete,ConfigMap,false
4.382027876,Regular,6,Delete,Deployment,false
4.401906324,Regular,5,Create,Deployment,false
4.421865154,Regular,5,Create,ConfigMap,false
4.442177532,Regular,8,Update,Deployment,false
4.461746846,Regular,5,Delete,ConfigMap,false
4.481553999,Regular,5,Delete,Deployment,false
4.501874743,Regular,7,Create,Deployment,false
4.52209681,Regular,9,Create,ConfigMap,false
4.54136766,Regular,7,Update,Deployment,false
4.561292836,Regular,6,Delete,ConfigMap,false
4.58137526,Regular,6,Delete,Deployment,false
4.601833483,Regular,5,Create,Deployment,false
4.62200756,Regular,6,Create,ConfigMap,false
4.641758156,Regular,7,Update,Deployment,false
4.66214737,Regular,3,Delete,ConfigMap,false
4.681729628,Regular,8,Delete,Deployment,false
4.701409491,Regular,6,Create,Deployment,false
4.721454132,Regular,6,Create,ConfigMap,false
4.741889894,Regular,8,Update,Deployment,false
4.762057037,Regular,4,Delete,ConfigMap,false
4.781911189,Regular,4,Delete,Deployment,false
4.801861143,Regular,6,Create,Deployment,false
4.822899923,Regular,5,Create,ConfigMap,false
4.841493864,Regular,6,Update,Deployment,false
4.861637022,Regular,5,Delete,ConfigMap,false
4.881313107,Regular,4,Delete,Deployment,false
4.901364071,Regular,7,Create,Deployment,false
4.921723308,Regular,7,Create,ConfigMap,false
4.942060613,Regular,7,Update,Deployment,false
4.961353735,Regular,5,Delete,ConfigMap,false
4.981521851,Regular,7,Delete,Deployment,false
4.001770303,Regular,5,Create,Deployment,false
4.021729494,Regular,7,Create,ConfigMap,false
4.04200375,Regular,7,Update,Deployment,false
4.061606827,Regular,4,Delete,ConfigMap,false
4.081751859,Regular,4,Delete,Deployment,false
4.101980619,Regular,7,Create,Deployment,false
4.121305291,Regular,4,Create,ConfigMap,false
4.141968552,Regular,7,Update,Deployment,false
4.16140798,Regular,3,Delete,ConfigMap,false
4.18144607,Regular,4,Delete,Deployment,false
4.20143696,Regular,6,Create,Deployment,false
4.221552426,Regular,5,Create,ConfigMap,false
4.241655669,Regular,7,Update,Deployment,false
4.2620115290000005,Regular,4,Delete,ConfigMap,false
4.281435298,Regular,4,Delete,Deployment,false
4.30177101,Regular,6,Create,Deployment,false
4.321414824,Regular,5,Create,ConfigMap,false
4.341820409,Regular,4,Update,Deployment,false
4.361368803,Regular,6,Delete,ConfigMap,false
4.381981098,Regular,5,Delete,Deployment,false
4.401942212,Regular,5,Create,Deployment,false
4.421890542,Regular,5,Create,ConfigMap,false
4.442213891,Regular,7,Update,Deployment,false
4.461741766,Regular,4,Delete,ConfigMap,false
4.481571472,Regular,5,Delete,Deployment,false
4.50183616,Regular,8,Create,Deployment,false
4.52205435,Regular,9,Create,ConfigMap,false
4.541462209,Regular,7,Update,Deployment,false
4.561304999,Regular,6,Delete,ConfigMap,false
4.581298765,Regular,6,Delete,Deployment,false
4.601724117,Regular,6,Create,Deployment,false
4.62192794,Regular,6,Create,ConfigMap,false
4.641779827,Regular,8,Update,Deployment,false
4.662214647,Regular,4,Delete,ConfigMap,false
4.6815112150000004,Regular,6,Delete,Deployment,false
4.701470887,Regular,6,Create,Deployment,false
4.7215440520000005,Regular,5,Create,ConfigMap,false
4.741867251,Regular,8,Update,Deployment,false
4.762099387,Regular,4,Delete,ConfigMap,false
4.782029934,Regular,4,Delete,Deployment,false
4.801768938,Regular,6,Create,Deployment,false
4.823072119,Regular,5,Create,ConfigMap,false
4.841428841,Regular,4,Update,Deployment,false
4.861651289,Regular,5,Delete,ConfigMap,false
4.881286167,Regular,4,Delete,Deployment,false
4.90137905,Regular,7,Create,Deployment,false
4.921653857,Regular,7,Create,ConfigMap,false
4.94196366,Regular,7,Update,Deployment,false
4.961301196,Regular,5,Delete,ConfigMap,false
4.981487075,Regular,6,Delete,Deployment,false
4.001782156,Regular,7,Create,Deployment,false
4.021850983,Regular,7,Create,ConfigMap,false
4.04199839,Regular,7,Update,Deployment,false
4.061577312,Regular,4,Delete,ConfigMap,false
4.081802475,Regular,4,Delete,Deployment,false
4.10201796,Regular,5,Create,Deployment,false
4.121320339,Regular,5,Create,ConfigMap,false
4.141893801,Regular,7,Update,Deployment,false
4.161462764,Regular,4,Delete,ConfigMap,false
4.181386617,Regular,4,Delete,Deployment,false
4.201385132,Regular,6,Create,Deployment,false
4.221492703,Regular,7,Create,ConfigMap,false
4.241503842,Regular,7,Update,Deployment,false
4.261935285,Regular,4,Delete,ConfigMap,false
4.281374673,Regular,3,Delete,Deployment,false
4.301793753,Regular,6,Create,Deployment,false
4.321489956,Regular,3,Create,ConfigMap,false
4.341756839,Regular,6,Update,Deployment,false
4.361392498,Regular,3,Delete,ConfigMap,false
4.381995004,Regular,4,Delete,Deployment,false
4.401880696,Regular,5,Create,Deployment,false
4.421807515,Regular,5,Create,ConfigMap,false
4.442225733,Regular,6,Update,Deployment,false
4.46166978,Regular,5,Delete,ConfigMap,false
4.481585389,Regular,5,Delete,Deployment,false
4.501920079,Regular,7,Create,Deployment,false
4.52243016,Regular,9,Create,ConfigMap,false
4.541389551,Regular,7,Update,Deployment,false
4.561367788,Regular,6,Delete,ConfigMap,false
4.58134368,Regular,5,Delete,Deployment,false
4.601760936,Regular,6,Create,Deployment,false
4.62193869,Regular,6,Create,ConfigMap,false
4.641696079,Regular,8,Update,Deployment,false
4.66211551,Regular,4,Delete,ConfigMap,false
4.682134984,Regular,7,Delete,Deployment,false
4.70131946,Regular,7,Create,Deployment,false
4.721531749,Regular,6,Create,ConfigMap,false
4.741736694,Regular,8,Update,Deployment,false
4.761966266,Regular,4,Delete,ConfigMap,false
4.7818568070000005,Regular,4,Delete,Deployment,false
4.8017594599999995,Regular,6,Create,Deployment,false
4.8234333209999996,Regular,5,Create,ConfigMap,false
4.841466642,Regular,6,Update,Deployment,false
4.861705091,Regular,3,Delete,ConfigMap,false
4.881328246,Regular,4,Delete,Deployment,false
4.901394098,Regular,7,Create,Deployment,false
4.921597871,Regular,6,Create,ConfigMap,false
4.941943873,Regular,7,Update,Deployment,false
4.961378071,Regular,5,Delete,ConfigMap,false
4.9814455760000005,Regular,7,Delete,Deployment,false
4.021661836,Regular,4,Create,ConfigMap,false
4.041894293,Regular,7,Update,Deployment,false
4.061530263,Regular,4,Delete,ConfigMap,false
4.081745427,Regular,4,Delete,Deployment,false
4.102170107,Regular,7,Create,Deployment,false
4.121348603,Regular,5,Create,ConfigMap,false
4.141819831,Regular,7,Update,Deployment,false
4.161449368,Regular,3,Delete,ConfigMap,false
4.181359296,Regular,3,Delete,Deployment,false
4.201364954,Regular,6,Create,Deployment,false
4.22145922,Regular,7,Create,ConfigMap,false
4.241486289,Regular,6,Update,Deployment,false
4.262126116,Regular,4,Delete,ConfigMap,false
4.281425039,Regular,4,Delete,Deployment,false
4.301804864,Regular,6,Create,Deployment,false
4.32150243,Regular,5,Create,ConfigMap,false
4.341736039,Regular,6,Update,Deployment,false
4.361327525,Regular,4,Delete,ConfigMap,false
4.382058925,Regular,5,Delete,Deployment,false
4.40186726,Regular,5,Create,Deployment,false
4.421919807,Regular,4,Create,ConfigMap,false
4.442162684,Regular,7,Update,Deployment,false
4.461716619,Regular,4,Delete,ConfigMap,false
4.481542297,Regular,3,Delete,Deployment,false
4.501901874,Regular,5,Create,Deployment,false
4.52211782,Regular,9,Create,ConfigMap,false
4.54141017,Regular,7,Update,Deployment,false
4.561298226,Regular,6,Delete,ConfigMap,false
4.5813103569999996,Regular,6,Delete,Deployment,false
4.601711122,Regular,6,Create,Deployment,false
4.621957886,Regular,6,Create,ConfigMap,false
4.641716378,Regular,8,Update,Deployment,false
4.662070074,Regular,4,Delete,ConfigMap,false
4.682032641,Regular,8,Delete,Deployment,false
4.701295916,Regular,7,Create,Deployment,false
4.721487766,Regular,6,Create,ConfigMap,false
4.741812437,Regular,8,Update,Deployment,false
4.762008035,Regular,4,Delete,ConfigMap,false
4.7819352649999995,Regular,4,Delete,Deployment,false
4.801781442,Regular,6,Create,Deployment,false
4.823396472,Regular,5,Create,ConfigMap,false
4.84148644,Regular,6,Update,Deployment,false
4.861717184,Regular,5,Delete,ConfigMap,false
4.881270297,Regular,4,Delete,Deployment,false
4.901329967,Regular,7,Create,Deployment,false
4.92154961,Regular,7,Create,ConfigMap,false
4.941993567,Regular,6,Update,Deployment,false
4.9613431949999995,Regular,5,Delete,ConfigMap,false
4.981380784,Regular,5,Delete,Deployment,false
4.021845814,Regular,7,Create,ConfigMap,false
4.041843627,Regular,7,Update,Deployment,false
4.061536795,Regular,2,Delete,ConfigMap,false
4.081785563,Regular,2,Delete,Deployment,false
4.102004474,Regular,7,Create,Deployment,false
4.121298809,Regular,5,Create,ConfigMap,false
4.14174534,Regular,7,Update,Deployment,false
4.161396829,Regular,4,Delete,ConfigMap,false
4.181403509,Regular,4,Delete,Deployment,false
4.201305131,Regular,7,Create,Deployment,false
4.221500408,Regular,7,Create,ConfigMap,false
4.241662241,Regular,7,Update,Deployment,false
4.261925627,Regular,4,Delete,ConfigMap,false
4.281392978,Regular,4,Delete,Deployment,false
4.301713882,Regular,6,Create,Deployment,false
4.321503933,Regular,5,Create,ConfigMap,false
4.341776806,Regular,5,Update,Deployment,false
4.361378341,Regular,6,Delete,ConfigMap,false
4.382105543,Regular,7,Delete,Deployment,false
4.401968682,Regular,5,Create,Deployment,false
4.421902394,Regular,5,Create,ConfigMap,false
4.442132547,Regular,7,Update,Deployment,false
4.461742658,Regular,4,Delete,ConfigMap,false
4.481582633,Regular,5,Delete,Deployment,false
4.501824388,Regular,8,Create,Deployment,false
4.522230834,Regular,8,Create,ConfigMap,false
4.541516952,Regular,7,Update,Deployment,false
4.561373078,Regular,8,Delete,ConfigMap,false
4.581284137,Regular,6,Delete,Deployment,false
4.601816782,Regular,6,Create,Deployment,false
4.62206595,Regular,6,Create,ConfigMap,false
4.641695097,Regular,8,Update,Deployment,false
4.662179671,Regular,4,Delete,ConfigMap,false
4.681878279,Regular,8,Delete,Deployment,false
4.701332134,Regular,6,Create,Deployment,false
4.721478699,Regular,4,Create,ConfigMap,false
4.741758365,Regular,8,Update,Deployment,false
4.761994339,Regular,5,Delete,ConfigMap,false
4.781955533,Regular,4,Delete,Deployment,false
4.801865902,Regular,6,Create,Deployment,false
4.823413123,Regular,5,Create,ConfigMap,false
4.841422589,Regular,6,Update,Deployment,false
4.861676056,Regular,5,Delete,ConfigMap,false
4.881359485,Regular,4,Delete,Deployment,false
4.90143724,Regular,5,Create,Deployment,false
4.921577262,Regular,7,Create,ConfigMap,false
4.94191616,Regular,7,Update,Deployment,false
4.961292339,Regular,5,Delete,ConfigMap,false
4.981404228,Regular,5,Delete,Deployment,false
5.002100742,Regular,5,Create,Deployment,false
4.001724938,Regular,7,Create,Deployment,false
4.02192352,Regular,7,Create,ConfigMap,false
4.04186626,Regular,6,Update,Deployment,false
4.061631224,Regular,4,Delete,ConfigMap,false
4.081763702,Regular,4,Delete,Deployment,false
4.102030764,Regular,7,Create,Deployment,false
4.121366056,Regular,5,Create,ConfigMap,false
4.141968522,Regular,6,Update,Deployment,false
4.161473273,Regular,4,Delete,ConfigMap,false
4.181463032,Regular,3,Delete,Deployment,false
4.201333114,Regular,6,Create,Deployment,false
4.221447758,Regular,7,Create,ConfigMap,false
4.241545501,Regular,7,Update,Deployment,false
4.261984107,Regular,4,Delete,ConfigMap,false
4.28149467,Regular,4,Delete,Deployment,false
4.301730213,Regular,4,Create,Deployment,false
4.321440834,Regular,5,Create,ConfigMap,false
4.341804208,Regular,6,Update,Deployment,false
4.36144155,Regular,4,Delete,ConfigMap,false
4.382019029,Regular,7,Delete,Deployment,false
4.401932834,Regular,4,Create,Deployment,false
4.421854133,Regular,5,Create,ConfigMap,false
4.442154248,Regular,7,Update,Deployment,false
4.461682895,Regular,4,Delete,ConfigMap,false
4.481523502,Regular,4,Delete,Deployment,false
4.5018598149999995,Regular,7,Create,Deployment,false
4.52207005,Regular,9,Create,ConfigMap,false
4.541430589,Regular,7,Update,Deployment,false
4.561358741,Regular,6,Delete,ConfigMap,false
4.581360782,Regular,4,Delete,Deployment,false
4.60177373,Regular,6,Create,Deployment,false
4.621972834,Regular,6,Create,ConfigMap,false
4.641808552,Regular,8,Update,Deployment,false
4.6621239150000005,Regular,4,Delete,ConfigMap,false
4.681588681,Regular,6,Delete,Deployment,false
4.7013378150000005,Regular,7,Create,Deployment,false
4.721517773,Regular,6,Create,ConfigMap,false
4.741834239,Regular,8,Update,Deployment,false
4.762038402,Regular,4,Delete,ConfigMap,false
4.781846998,Regular,3,Delete,Deployment,false
4.801842497,Regular,4,Create,Deployment,false
4.822716527,Regular,5,Create,ConfigMap,false
4.841443248,Regular,6,Update,Deployment,false
4.861688529,Regular,5,Delete,ConfigMap,false
4.8812989810000005,Regular,3,Delete,Deployment,false
4.90135293,Regular,7,Create,Deployment,false
4.92164477,Regular,5,Create,ConfigMap,false
4.94200591,Regular,7,Update,Deployment,false
4.961316876,Regular,4,Delete,ConfigMap,false
4.9815081249999995,Regular,5,Delete,Deployment,false
5.002017695,Regular,7,Create,Deployment,false
4.001703417,Regular,7,Create,Deployment,false
4.021784518,Regular,7,Create,ConfigMap,false
4.041999402,Regular,7,Update,Deployment,false
4.061521717,Regular,3,Delete,ConfigMap,false
4.081811492,Regular,4,Delete,Deployment,false
4.102172622,Regular,7,Create,Deployment,false
4.121398156,Regular,5,Create,ConfigMap,false
4.14181931,Regular,7,Update,Deployment,false
4.161437776,Regular,4,Delete,ConfigMap,false
4.181370978,Regular,4,Delete,Deployment,false
4.201321031,Regular,7,Create,Deployment,false
4.22161257,Regular,8,Create,ConfigMap,false
4.241623959,Regular,7,Update,Deployment,false
4.262064129,Regular,3,Delete,ConfigMap,false
4.281368361,Regular,4,Delete,Deployment,false
4.30182934,Regular,6,Create,Deployment,false
4.321473796,Regular,5,Create,ConfigMap,false
4.341748743,Regular,6,Update,Deployment,false
4.361412756,Regular,6,Delete,ConfigMap,false
4.382061219,Regular,5,Delete,Deployment,false
4.401857452,Regular,5,Create,Deployment,false
4.421888628,Regular,5,Create,ConfigMap,false
4.442138358,Regular,8,Update,Deployment,false
4.461700458,Regular,5,Delete,ConfigMap,false
4.481611398,Regular,5,Delete,Deployment,false
4.501932442,Regular,7,Create,Deployment,false
4.522140784,Regular,9,Create,ConfigMap,false
4.541440187,Regular,7,Update,Deployment,false
4.561369822,Regular,6,Delete,ConfigMap,false
4.581330485,Regular,5,Delete,Deployment,false
4.60188451,Regular,6,Create,Deployment,false
4.622136033,Regular,6,Create,ConfigMap,false
4.641671913,Regular,8,Update,Deployment,false
4.662082938,Regular,4,Delete,ConfigMap,false
4.681787377,Regular,7,Delete,Deployment,false
4.701306897,Regular,5,Create,Deployment,false
4.721501863,Regular,6,Create,ConfigMap,false
4.741744018,Regular,7,Update,Deployment,false
4.762070162,Regular,4,Delete,ConfigMap,false
4.781867387,Regular,4,Delete,Deployment,false
4.801807161,Regular,6,Create,Deployment,false
4.822107015,Regular,6,Create,ConfigMap,false
4.841508642,Regular,6,Update,Deployment,false
4.861666388,Regular,4,Delete,ConfigMap,false
4.881376347,Regular,4,Delete,Deployment,false
4.901419055,Regular,7,Create,Deployment,false
4.921565119,Regular,6,Create,ConfigMap,false
4.942079379,Regular,5,Update,Deployment,false
4.961371078,Regular,5,Delete,ConfigMap,false
4.981343504,Regular,5,Delete,Deployment,false
5.002044747,Regular,7,Create,Deployment,false
4.021742238,Regular,7,Create,ConfigMap,false
4.041923037,Regular,7,Update,Deployment,false
4.061603992,Regular,4,Delete,ConfigMap,false
4.081838533,Regular,4,Delete,Deployment,false
4.102054759,Regular,7,Create,Deployment,false
4.121459673,Regular,5,Create,ConfigMap,false
4.141712478,Regular,7,Update,Deployment,false
4.161493842,Regular,4,Delete,ConfigMap,false
4.181392509,Regular,3,Delete,Deployment,false
4.201348353,Regular,7,Create,Deployment,false
4.221521528,Regular,7,Create,ConfigMap,false
4.241639518,Regular,7,Update,Deployment,false
4.261965953,Regular,3,Delete,ConfigMap,false
4.281409419,Regular,4,Delete,Deployment,false
4.301743849,Regular,6,Create,Deployment,false
4.321406529,Regular,4,Create,ConfigMap,false
4.341791194,Regular,5,Update,Deployment,false
4.361405743,Regular,6,Delete,ConfigMap,false
4.382064084,Regular,5,Delete,Deployment,false
4.40184623,Regular,5,Create,Deployment,false
4.421844856,Regular,4,Create,ConfigMap,false
4.442205325,Regular,7,Update,Deployment,false
4.461726287,Regular,5,Delete,ConfigMap,false
4.481584837,Regular,5,Delete,Deployment,false
4.50184682,Regular,7,Create,Deployment,false
4.5221101059999995,Regular,9,Create,ConfigMap,false
4.541402646,Regular,7,Update,Deployment,false
4.561339033,Regular,6,Delete,ConfigMap,false
4.581395348,Regular,6,Delete,Deployment,false
4.601808747,Regular,6,Create,Deployment,false
4.622061893,Regular,5,Create,ConfigMap,false
4.641660662,Regular,8,Update,Deployment,false
4.66216313,Regular,4,Delete,ConfigMap,false
4.681483663,Regular,8,Delete,Deployment,false
4.701392448,Regular,6,Create,Deployment,false
4.7214385629999995,Regular,6,Create,ConfigMap,false
4.741834058,Regular,8,Update,Deployment,false
4.762057829,Regular,3,Delete,ConfigMap,false
4.781977745,Regular,4,Delete,Deployment,false
4.801832529,Regular,6,Create,Deployment,false
4.8225065,Regular,6,Create,ConfigMap,false
4.841493162,Regular,6,Update,Deployment,false
4.861620621,Regular,5,Delete,ConfigMap,false
4.881371057,Regular,4,Delete,Deployment,false
4.901435987,Regular,7,Create,Deployment,false
4.92158169,Regular,7,Create,ConfigMap,false
4.942075141,Regular,7,Update,Deployment,false
4.961327065,Regular,5,Delete,ConfigMap,false
4.981519717,Regular,5,Delete,Deployment,false
5.002110831,Regular,7,Create,Deployment,false
4.001744855,Regular,6,Create,Deployment,false
4.021756875,Regular,7,Create,ConfigMap,false
4.041907808,Regular,7,Update,Deployment,false
4.061595686,Regular,4,Delete,ConfigMap,false
4.081823535,Regular,4,Delete,Deployment,false
4.101976121,Regular,7,Create,Deployment,false
4.121378509,Regular,5,Create,ConfigMap,false
4.141878011,Regular,7,Update,Deployment,false
4.161427497,Regular,4,Delete,ConfigMap,false
4.181327105,Regular,4,Delete,Deployment,false
4.201400922,Regular,7,Create,Deployment,false
4.221471573,Regular,7,Create,ConfigMap,false
4.241662251,Regular,7,Update,Deployment,false
4.262010267,Regular,4,Delete,ConfigMap,false
4.281365326,Regular,4,Delete,Deployment,false
4.301817548,Regular,6,Create,Deployment,false
4.32146548,Regular,5,Create,ConfigMap,false
4.341769162,Regular,6,Update,Deployment,false
4.361400443,Regular,6,Delete,ConfigMap,false
4.381973503,Regular,5,Delete,Deployment,false
4.401980855,Regular,5,Create,Deployment,false
4.42183132,Regular,5,Create,ConfigMap,false
4.44222919,Regular,8,Update,Deployment,false
4.46164849,Regular,5,Delete,ConfigMap,false
4.48150684,Regular,5,Delete,Deployment,false
4.501934336,Regular,8,Create,Deployment,false
4.522047718,Regular,9,Create,ConfigMap,false
4.541371347,Regular,7,Update,Deployment,false
4.561328453,Regular,7,Delete,ConfigMap,false
4.581397261,Regular,4,Delete,Deployment,false
4.601734757,Regular,6,Create,Deployment,false
4.621916448,Regular,5,Create,ConfigMap,false
4.641735774,Regular,8,Update,Deployment,false
4.662140106,Regular,4,Delete,ConfigMap,false
4.681713167,Regular,8,Delete,Deployment,false
4.70138826,Regular,6,Create,Deployment,false
4.7214591519999995,Regular,5,Create,ConfigMap,false
4.741778643,Regular,8,Update,Deployment,false
4.76202168,Regular,4,Delete,ConfigMap,false
4.782028992,Regular,4,Delete,Deployment,false
4.801791842,Regular,5,Create,Deployment,false
4.823252339,Regular,5,Create,ConfigMap,false
4.841457575,Regular,6,Update,Deployment,false
4.861708908,Regular,5,Delete,ConfigMap,false
4.8813403090000005,Regular,4,Delete,Deployment,false
4.901405891,Regular,7,Create,Deployment,false
4.921640722,Regular,6,Create,ConfigMap,false
4.941973909,Regular,7,Update,Deployment,false
4.961379324,Regular,5,Delete,ConfigMap,false
4.981335358,Regular,6,Delete,Deployment,false
5.002012896,Regular,7,Create,Deployment,false
5.002112535,Regular,7,Create,Deployment,false
5.021375409,Regular,5,Create,ConfigMap,false
5.041245131,Regular,6,Update,Deployment,false
5.062120843,Regular,3,Delete,ConfigMap,false
5.081563958,Regular,6,Delete,Deployment,false
5.101346315,Regular,5,Create,Deployment,false
5.122036297,Regular,4,Create,ConfigMap,false
5.141755133,Regular,6,Update,Deployment,false
5.161287607,Regular,3,Delete,ConfigMap,false
5.182150586,Regular,4,Delete,Deployment,false
5.202329131,Regular,5,Create,Deployment,false
5.221453924,Regular,7,Create,ConfigMap,false
5.241288279,Regular,6,Update,Deployment,false
5.26205189,Regular,7,Delete,ConfigMap,false
5.281725731,Regular,4,Delete,Deployment,false
5.301552081,Regular,6,Create,Deployment,false
5.321688717,Regular,6,Create,ConfigMap,false
5.342104791,Regular,7,Update,Deployment,false
5.362129575,Regular,7,Delete,ConfigMap,false
5.381397229,Regular,7,Delete,Deployment,false
5.402249747,Regular,7,Create,Deployment,false
5.422043135,Regular,6,Create,ConfigMap,false
5.442293576,Regular,6,Update,Deployment,false
5.461575937,Regular,4,Delete,ConfigMap,false
5.481412516,Regular,9,Delete,Deployment,false
5.50139467,Regular,5,Create,Deployment,false
5.521593904,Regular,4,Create,ConfigMap,false
5.541722515,Regular,6,Update,Deployment,false
5.56184778,Regular,3,Delete,ConfigMap,false
5.5814862739999995,Regular,4,Delete,Deployment,false
5.6018177080000005,Regular,9,Create,Deployment,false
5.621509804,Regular,7,Create,ConfigMap,false
5.641573362,Regular,5,Update,Deployment,false
5.662220843,Regular,4,Delete,ConfigMap,false
5.681774728,Regular,4,Delete,Deployment,false
5.702183027,Regular,6,Create,Deployment,false
5.721573903,Regular,7,Create,ConfigMap,false
5.741629065,Regular,7,Update,Deployment,false
5.761819593,Regular,4,Delete,ConfigMap,false
5.781577453,Regular,3,Delete,Deployment,false
5.80220141,Regular,5,Create,Deployment,false
5.821308721,Regular,5,Create,ConfigMap,false
5.841884306,Regular,6,Update,Deployment,false
5.862677383,Regular,11,Delete,ConfigMap,false
5.882207452,Regular,3,Delete,Deployment,false
5.901769322,Regular,5,Create,Deployment,false
5.921638332,Regular,5,Create,ConfigMap,false
5.941330508,Regular,6,Update,Deployment,false
5.961584756,Regular,4,Delete,ConfigMap,false
5.98182594,Regular,2,Delete,Deployment,false
5.021417068,Regular,5,Create,ConfigMap,false
5.041237135,Regular,6,Update,Deployment,false
5.062142424,Regular,3,Delete,ConfigMap,false
5.081495589,Regular,5,Delete,Deployment,false
5.101403132,Regular,5,Create,Deployment,false
5.122065993,Regular,4,Create,ConfigMap,false
5.141687615,Regular,6,Update,Deployment,false
5.161316893,Regular,3,Delete,ConfigMap,false
5.182201171,Regular,4,Delete,Deployment,false
5.202213192,Regular,4,Create,Deployment,false
5.221450157,Regular,5,Create,ConfigMap,false
5.241358401,Regular,7,Update,Deployment,false
5.261990644,Regular,5,Delete,ConfigMap,false
5.281675326,Regular,4,Delete,Deployment,false
5.3015674,Regular,6,Create,Deployment,false
5.321649282,Regular,6,Create,ConfigMap,false
5.342155056,Regular,7,Update,Deployment,false
5.362034476,Regular,5,Delete,ConfigMap,false
5.38130789,Regular,4,Delete,Deployment,false
5.402396815,Regular,7,Create,Deployment,false
5.422059846,Regular,7,Create,ConfigMap,false
5.442384367,Regular,7,Update,Deployment,false
5.461526033,Regular,4,Delete,ConfigMap,false
5.481427394,Regular,7,Delete,Deployment,false
5.501423284,Regular,5,Create,Deployment,false
5.521579527,Regular,3,Create,ConfigMap,false
5.541768983,Regular,6,Update,Deployment,false
5.561921729,Regular,3,Delete,ConfigMap,false
5.581526861,Regular,4,Delete,Deployment,false
5.601990104,Regular,7,Create,Deployment,false
5.621598752,Regular,7,Create,ConfigMap,false
5.641584944,Regular,7,Update,Deployment,false
5.662233988,Regular,4,Delete,ConfigMap,false
5.6817419860000005,Regular,4,Delete,Deployment,false
5.702206632,Regular,5,Create,Deployment,false
5.721681116,Regular,6,Create,ConfigMap,false
5.7418402539999995,Regular,7,Update,Deployment,false
5.761648329,Regular,4,Delete,ConfigMap,false
5.781542086,Regular,3,Delete,Deployment,false
5.802118002,Regular,5,Create,Deployment,false
5.821360789,Regular,5,Create,ConfigMap,false
5.841945201,Regular,6,Update,Deployment,false
5.862387705,Regular,11,Delete,ConfigMap,false
5.882162087,Regular,4,Delete,Deployment,false
5.901707004,Regular,5,Create,Deployment,false
5.921666365,Regular,4,Create,ConfigMap,false
5.94134192,Regular,6,Update,Deployment,false
5.96163949,Regular,3,Delete,ConfigMap,false
5.981738695,Regular,4,Delete,Deployment,false
5.021463385,Regular,5,Create,ConfigMap,false
5.041277882,Regular,5,Update,Deployment,false
5.062178141,Regular,3,Delete,ConfigMap,false
5.081609845,Regular,6,Delete,Deployment,false
5.101451594,Regular,5,Create,Deployment,false
5.122015668,Regular,5,Create,ConfigMap,false
5.141759481,Regular,6,Update,Deployment,false
5.161306182,Regular,3,Delete,ConfigMap,false
5.182233833,Regular,4,Delete,Deployment,false
5.202314062,Regular,5,Create,Deployment,false
5.22139344,Regular,5,Create,ConfigMap,false
5.24130482,Regular,6,Update,Deployment,false
5.262045448,Regular,6,Delete,ConfigMap,false
5.281761208,Regular,3,Delete,Deployment,false
5.301617074,Regular,7,Create,Deployment,false
5.321751686,Regular,6,Create,ConfigMap,false
5.342268891,Regular,7,Update,Deployment,false
5.362118815,Regular,7,Delete,ConfigMap,false
5.381376419,Regular,7,Delete,Deployment,false
5.402230501,Regular,7,Create,Deployment,false
5.422028357,Regular,6,Create,ConfigMap,false
5.442251055,Regular,7,Update,Deployment,false
5.461595675,Regular,4,Delete,ConfigMap,false
5.4813398190000004,Regular,9,Delete,Deployment,false
5.50142631,Regular,5,Create,Deployment,false
5.521640292,Regular,4,Create,ConfigMap,false
5.5416898230000005,Regular,6,Update,Deployment,false
5.56187983,Regular,2,Delete,ConfigMap,false
5.581559963,Regular,3,Delete,Deployment,false
5.601965337,Regular,7,Create,Deployment,false
5.621519893,Regular,7,Create,ConfigMap,false
5.641602136,Regular,6,Update,Deployment,false
5.662164246,Regular,4,Delete,ConfigMap,false
5.6816899880000005,Regular,4,Delete,Deployment,false
5.7021883970000005,Regular,7,Create,Deployment,false
5.721728496,Regular,6,Create,ConfigMap,false
5.741646198,Regular,6,Update,Deployment,false
5.761788875,Regular,4,Delete,ConfigMap,false
5.781525595,Regular,3,Delete,Deployment,false
5.802186301,Regular,5,Create,Deployment,false
5.821285517,Regular,5,Create,ConfigMap,false
5.84192889,Regular,6,Update,Deployment,false
5.862124788,Regular,11,Delete,ConfigMap,false
5.882196862,Regular,3,Delete,Deployment,false
5.901743583,Regular,5,Create,Deployment,false
5.921625317,Regular,5,Create,ConfigMap,false
5.941318435,Regular,6,Update,Deployment,false
5.961534241,Regular,4,Delete,ConfigMap,false
5.981779993,Regular,3,Delete,Deployment,false
5.001994692,Regular,7,Create,Deployment,false
5.02137594,Regular,5,Create,ConfigMap,false
5.041221476,Regular,6,Update,Deployment,false
5.062127896,Regular,2,Delete,ConfigMap,false
5.081545474,Regular,5,Delete,Deployment,false
5.101451544,Regular,4,Create,Deployment,false
5.1221014,Regular,4,Create,ConfigMap,false
5.141676013,Regular,6,Update,Deployment,false
5.161362639,Regular,3,Delete,ConfigMap,false
5.182134465,Regular,3,Delete,Deployment,false
5.202277143,Regular,5,Create,Deployment,false
5.221353024,Regular,7,Create,ConfigMap,false
5.24126757,Regular,6,Update,Deployment,false
5.261970496,Regular,5,Delete,ConfigMap,false
5.281665527,Regular,4,Delete,Deployment,false
5.30158897,Regular,5,Create,Deployment,false
5.321752207,Regular,6,Create,ConfigMap,false
5.342190022,Regular,6,Update,Deployment,false
5.3620262499999995,Regular,5,Delete,ConfigMap,false
5.381370298,Regular,7,Delete,Deployment,false
5.4024259,Regular,5,Create,Deployment,false
5.42219959,Regular,6,Create,ConfigMap,false
5.442277465,Regular,6,Update,Deployment,false
5.461565407,Regular,3,Delete,ConfigMap,false
5.481315613,Regular,9,Delete,Deployment,false
5.501369523,Regular,5,Create,Deployment,false
5.521656152,Regular,4,Create,ConfigMap,false
5.541784963,Regular,6,Update,Deployment,false
5.561856626,Regular,3,Delete,ConfigMap,false
5.581497736,Regular,4,Delete,Deployment,false
5.601709964,Regular,8,Create,Deployment,false
5.621551893,Regular,7,Create,ConfigMap,false
5.641520231,Regular,7,Update,Deployment,false
5.662212487,Regular,4,Delete,ConfigMap,false
5.681658538,Regular,4,Delete,Deployment,false
5.702310478,Regular,7,Create,Deployment,false
5.721722715,Regular,6,Create,ConfigMap,false
5.741830446,Regular,6,Update,Deployment,false
5.761817138,Regular,4,Delete,ConfigMap,false
5.781641444,Regular,3,Delete,Deployment,false
5.802104407,Regular,5,Create,Deployment,false
5.82138793,Regular,5,Create,ConfigMap,false
5.841996278,Regular,6,Update,Deployment,false
5.8621235160000005,Regular,11,Delete,ConfigMap,false
5.882270291,Regular,3,Delete,Deployment,false
5.901769803,Regular,5,Create,Deployment,false
5.921689949,Regular,5,Create,ConfigMap,false
5.941423353,Regular,6,Update,Deployment,false
5.961573315,Regular,3,Delete,ConfigMap,false
5.981759624,Regular,3,Delete,Deployment,false
5.021429241,Regular,5,Create,ConfigMap,false
5.041230583,Regular,6,Update,Deployment,false
5.062203049,Regular,3,Delete,ConfigMap,false
5.081582674,Regular,5,Delete,Deployment,false
5.101381672,Regular,5,Create,Deployment,false
5.122005438,Regular,4,Create,ConfigMap,false
5.141738461,Regular,6,Update,Deployment,false
5.161350536,Regular,3,Delete,ConfigMap,false
5.182219486,Regular,4,Delete,Deployment,false
5.202234602,Regular,6,Create,Deployment,false
5.221474814,Regular,7,Create,ConfigMap,false
5.241353282,Regular,6,Update,Deployment,false
5.261984352,Regular,5,Delete,ConfigMap,false
5.2817071460000005,Regular,4,Delete,Deployment,false
5.301518557,Regular,5,Create,Deployment,false
5.321659461,Regular,4,Create,ConfigMap,false
5.342131361,Regular,7,Update,Deployment,false
5.362014578,Regular,6,Delete,ConfigMap,false
5.381405394,Regular,7,Delete,Deployment,false
5.402271869,Regular,7,Create,Deployment,false
5.422019891,Regular,4,Create,ConfigMap,false
5.442270823,Regular,7,Update,Deployment,false
5.461604802,Regular,4,Delete,ConfigMap,false
5.4813069070000005,Regular,8,Delete,Deployment,false
5.501439675,Regular,5,Create,Deployment,false
5.521616697,Regular,4,Create,ConfigMap,false
5.541731222,Regular,6,Update,Deployment,false
5.561903184,Regular,3,Delete,ConfigMap,false
5.581588026,Regular,4,Delete,Deployment,false
5.601754368,Regular,8,Create,Deployment,false
5.621581389,Regular,7,Create,ConfigMap,false
5.641558313,Regular,7,Update,Deployment,false
5.662181929,Regular,4,Delete,ConfigMap,false
5.681650212,Regular,4,Delete,Deployment,false
5.702247649,Regular,7,Create,Deployment,false
5.721711704,Regular,6,Create,ConfigMap,false
5.741558181,Regular,8,Update,Deployment,false
5.761624775,Regular,4,Delete,ConfigMap,false
5.781594285,Regular,3,Delete,Deployment,false
5.802080672,Regular,5,Create,Deployment,false
5.821263445,Regular,4,Create,ConfigMap,false
5.8419168280000005,Regular,4,Update,Deployment,false
5.862341979,Regular,10,Delete,ConfigMap,false
5.88216931,Regular,2,Delete,Deployment,false
5.901760145,Regular,5,Create,Deployment,false
5.92158465,Regular,5,Create,ConfigMap,false
5.941377166,Regular,6,Update,Deployment,false
5.961562464,Regular,3,Delete,ConfigMap,false
5.981748794,Regular,3,Delete,Deployment,false
5.002023817,Regular,7,Create,Deployment,false
5.021412018,Regular,6,Create,ConfigMap,false
5.041285908,Regular,6,Update,Deployment,false
5.062164916,Regular,3,Delete,ConfigMap,false
5.081525496,Regular,4,Delete,Deployment,false
5.101444921,Regular,5,Create,Deployment,false
5.122082895,Regular,5,Create,ConfigMap,false
5.141696202,Regular,6,Update,Deployment,false
5.161390892,Regular,3,Delete,ConfigMap,false
5.182175934,Regular,4,Delete,Deployment,false
5.202316988,Regular,5,Create,Deployment,false
5.221328798,Regular,7,Create,ConfigMap,false
5.241296565,Regular,7,Update,Deployment,false
5.26204161,Regular,7,Delete,ConfigMap,false
5.281745669,Regular,3,Delete,Deployment,false
5.301616432,Regular,6,Create,Deployment,false
5.3217951580000005,Regular,5,Create,ConfigMap,false
5.3422824460000005,Regular,7,Update,Deployment,false
5.362076936,Regular,5,Delete,ConfigMap,false
5.38132903,Regular,7,Delete,Deployment,false
5.402378831,Regular,7,Create,Deployment,false
5.422159725,Regular,6,Create,ConfigMap,false
5.442407231,Regular,7,Update,Deployment,false
5.461545179,Regular,4,Delete,ConfigMap,false
5.481446881,Regular,7,Delete,Deployment,false
5.501328595,Regular,5,Create,Deployment,false
5.521654849,Regular,4,Create,ConfigMap,false
5.541773952,Regular,5,Update,Deployment,false
5.561934443,Regular,3,Delete,ConfigMap,false
5.581550084,Regular,4,Delete,Deployment,false
5.6021726990000005,Regular,7,Create,Deployment,false
5.6215976,Regular,7,Create,ConfigMap,false
5.641625941,Regular,6,Update,Deployment,false
5.66212948,Regular,4,Delete,ConfigMap,false
5.6817549,Regular,4,Delete,Deployment,false
5.702235847,Regular,7,Create,Deployment,false
5.721566049,Regular,7,Create,ConfigMap,false
5.741693808,Regular,6,Update,Deployment,false
5.761756023,Regular,4,Delete,ConfigMap,false
5.781588985,Regular,3,Delete,Deployment,false
5.802127911,Regular,5,Create,Deployment,false
5.821368073,Regular,5,Create,ConfigMap,false
5.841994064,Regular,5,Update,Deployment,false
5.862570972,Regular,11,Delete,ConfigMap,false
5.882267476,Regular,3,Delete,Deployment,false
5.901731551,Regular,5,Create,Deployment,false
5.921674841,Regular,5,Create,ConfigMap,false
5.941354393,Regular,6,Update,Deployment,false
5.961612348,Regular,2,Delete,ConfigMap,false
5.981808847,Regular,3,Delete,Deployment,false
5.002133835,Regular,7,Create,Deployment,false
5.021401128,Regular,5,Create,ConfigMap,false
5.041260209,Regular,6,Update,Deployment,false
5.062201826,Regular,3,Delete,ConfigMap,false
5.081609254,Regular,5,Delete,Deployment,false
5.101421547,Regular,5,Create,Deployment,false
5.12205382,Regular,5,Create,ConfigMap,false
5.141665353,Regular,4,Update,Deployment,false
5.161328705,Regular,3,Delete,ConfigMap,false
5.182234194,Regular,4,Delete,Deployment,false
5.202220375,Regular,6,Create,Deployment,false
5.221413688,Regular,7,Create,ConfigMap,false
5.24137368,Regular,7,Update,Deployment,false
5.261961058,Regular,7,Delete,ConfigMap,false
5.281653775,Regular,4,Delete,Deployment,false
5.301492548,Regular,7,Create,Deployment,false
5.321700379,Regular,6,Create,ConfigMap,false
5.342209519,Regular,7,Update,Deployment,false
5.362099258,Regular,5,Delete,ConfigMap,false
5.381301708,Regular,7,Delete,Deployment,false
5.402376407,Regular,7,Create,Deployment,false
5.422333313,Regular,6,Create,ConfigMap,false
5.442249963,Regular,7,Update,Deployment,false
5.461611735,Regular,4,Delete,ConfigMap,false
5.481383912,Regular,7,Delete,Deployment,false
5.501344205,Regular,4,Create,Deployment,false
5.521585118,Regular,4,Create,ConfigMap,false
5.54170415,Regular,5,Update,Deployment,false
5.5618694,Regular,3,Delete,ConfigMap,false
5.581569952,Regular,4,Delete,Deployment,false
5.601359392,Regular,7,Create,Deployment,false
5.621534941,Regular,4,Create,ConfigMap,false
5.641538736,Regular,7,Update,Deployment,false
5.662153566,Regular,4,Delete,ConfigMap,false
5.681675951,Regular,4,Delete,Deployment,false
5.702284058,Regular,7,Create,Deployment,false
5.721681888,Regular,7,Create,ConfigMap,false
5.741518937,Regular,8,Update,Deployment,false
5.761817699,Regular,4,Delete,ConfigMap,false
5.78156512,Regular,3,Delete,Deployment,false
5.802207361,Regular,5,Create,Deployment,false
5.821278794,Regular,5,Create,ConfigMap,false
5.841971261,Regular,6,Update,Deployment,false
5.861811937,Regular,12,Delete,ConfigMap,false
5.882183908,Regular,3,Delete,Deployment,false
5.901780122,Regular,5,Create,Deployment,false
5.921652218,Regular,5,Create,ConfigMap,false
5.941423904,Regular,6,Update,Deployment,false
5.961528891,Regular,3,Delete,ConfigMap,false
5.981830288,Regular,3,Delete,Deployment,false
5.021386129,Regular,6,Create,ConfigMap,false
5.041219632,Regular,6,Update,Deployment,false
5.062189222,Regular,3,Delete,ConfigMap,false
5.08146927,Regular,5,Delete,Deployment,false
5.101371422,Regular,5,Create,Deployment,false
5.121971704,Regular,5,Create,ConfigMap,false
5.1417588,Regular,6,Update,Deployment,false
5.16133683,Regular,3,Delete,ConfigMap,false
5.182231639,Regular,4,Delete,Deployment,false
5.202241505,Regular,5,Create,Deployment,false
5.221341532,Regular,7,Create,ConfigMap,false
5.241339466,Regular,6,Update,Deployment,false
5.262036741,Regular,7,Delete,ConfigMap,false
5.281736351,Regular,4,Delete,Deployment,false
5.301534638,Regular,6,Create,Deployment,false
5.321670242,Regular,5,Create,ConfigMap,false
5.342139266,Regular,7,Update,Deployment,false
5.362113184,Regular,7,Delete,ConfigMap,false
5.381280338,Regular,7,Delete,Deployment,false
5.402225983,Regular,7,Create,Deployment,false
5.422384049,Regular,6,Create,ConfigMap,false
5.442321328,Regular,7,Update,Deployment,false
5.461503901,Regular,3,Delete,ConfigMap,false
5.4813302010000005,Regular,8,Delete,Deployment,false
5.501444905,Regular,5,Create,Deployment,false
5.521601609,Regular,4,Create,ConfigMap,false
5.541676127,Regular,6,Update,Deployment,false
5.561933081,Regular,3,Delete,ConfigMap,false
5.581509738,Regular,3,Delete,Deployment,false
5.60172331,Regular,8,Create,Deployment,false
5.621567353,Regular,7,Create,ConfigMap,false
5.641520241,Regular,6,Update,Deployment,false
5.662141363,Regular,4,Delete,ConfigMap,false
5.681772133,Regular,2,Delete,Deployment,false
5.702218815,Regular,7,Create,Deployment,false
5.721590545,Regular,6,Create,ConfigMap,false
5.741586134,Regular,6,Update,Deployment,false
5.761790658,Regular,4,Delete,ConfigMap,false
5.781519975,Regular,2,Delete,Deployment,false
5.802159932,Regular,5,Create,Deployment,false
5.821295175,Regular,5,Create,ConfigMap,false
5.841957675,Regular,6,Update,Deployment,false
5.862523802,Regular,11,Delete,ConfigMap,false
5.882228332,Regular,3,Delete,Deployment,false
5.901690593,Regular,4,Create,Deployment,false
5.921610169,Regular,5,Create,ConfigMap,false
5.941375443,Regular,6,Update,Deployment,false
5.961600586,Regular,4,Delete,ConfigMap,false
5.981793508,Regular,3,Delete,Deployment,false
6.001468402,Regular,4,Create,Deployment,false
5.002080915,Regular,7,Create,Deployment,false
5.021463616,Regular,4,Create,ConfigMap,false
5.041299443,Regular,6,Update,Deployment,false
5.062186938,Regular,3,Delete,ConfigMap,false
5.081476974,Regular,6,Delete,Deployment,false
5.101357175,Regular,5,Create,Deployment,false
5.121994157,Regular,3,Create,ConfigMap,false
5.141720848,Regular,6,Update,Deployment,false
5.16140035,Regular,3,Delete,ConfigMap,false
5.18224783,Regular,4,Delete,Deployment,false
5.202292892,Regular,5,Create,Deployment,false
5.221381848,Regular,7,Create,ConfigMap,false
5.241316713,Regular,7,Update,Deployment,false
5.262025159,Regular,4,Delete,ConfigMap,false
5.281742102,Regular,4,Delete,Deployment,false
5.301503389,Regular,7,Create,Deployment,false
5.321781522,Regular,6,Create,ConfigMap,false
5.342112786,Regular,6,Update,Deployment,false
5.36210581,Regular,7,Delete,ConfigMap,false
5.38130258,Regular,7,Delete,Deployment,false
5.402263403,Regular,7,Create,Deployment,false
5.422156299,Regular,6,Create,ConfigMap,false
5.44239634,Regular,6,Update,Deployment,false
5.46151391,Regular,4,Delete,ConfigMap,false
5.481355539,Regular,9,Delete,Deployment,false
5.501355286,Regular,5,Create,Deployment,false
5.521667363,Regular,4,Create,ConfigMap,false
5.541752582,Regular,6,Update,Deployment,false
5.561933201,Regular,3,Delete,ConfigMap,false
5.581568149,Regular,4,Delete,Deployment,false
5.601737967,Regular,7,Create,Deployment,false
5.621608821,Regular,5,Create,ConfigMap,false
5.6416443560000005,Regular,6,Update,Deployment,false
5.662194904,Regular,4,Delete,ConfigMap,false
5.681755992,Regular,4,Delete,Deployment,false
5.7022597919999995,Regular,7,Create,Deployment,false
5.721634137,Regular,6,Create,ConfigMap,false
5.741532022,Regular,7,Update,Deployment,false
5.761629544,Regular,4,Delete,ConfigMap,false
5.781610165,Regular,3,Delete,Deployment,false
5.802142709,Regular,5,Create,Deployment,false
5.821266551,Regular,5,Create,ConfigMap,false
5.841905516,Regular,5,Update,Deployment,false
5.862719703,Regular,11,Delete,ConfigMap,false
5.882250654,Regular,3,Delete,Deployment,false
5.90169921,Regular,5,Create,Deployment,false
5.921594569,Regular,5,Create,ConfigMap,false
5.941364733,Regular,6,Update,Deployment,false
5.961626184,Regular,4,Delete,ConfigMap,false
5.981772679,Regular,4,Delete,Deployment,false
6.001416363,Regular,5,Create,Deployment,false
5.021482011,Regular,5,Create,ConfigMap,false
5.041297129,Regular,5,Update,Deployment,false
5.062151401,Regular,3,Delete,ConfigMap,false
5.08151162,Regular,5,Delete,Deployment,false
5.101434121,Regular,5,Create,Deployment,false
5.12208056,Regular,5,Create,ConfigMap,false
5.141712673,Regular,5,Update,Deployment,false
5.161376585,Regular,2,Delete,ConfigMap,false
5.182143723,Regular,4,Delete,Deployment,false
5.202256253,Regular,5,Create,Deployment,false
5.221429478,Regular,7,Create,ConfigMap,false
5.241327132,Regular,6,Update,Deployment,false
5.262005322,Regular,7,Delete,ConfigMap,false
5.281692438,Regular,4,Delete,Deployment,false
5.30163658,Regular,7,Create,Deployment,false
5.321728662,Regular,6,Create,ConfigMap,false
5.3421682409999995,Regular,7,Update,Deployment,false
5.362050085,Regular,3,Delete,ConfigMap,false
5.381376419,Regular,7,Delete,Deployment,false
5.402377549,Regular,7,Create,Deployment,false
5.422153944,Regular,6,Create,ConfigMap,false
5.442399155,Regular,7,Update,Deployment,false
5.461537595,Regular,3,Delete,ConfigMap,false
5.481371338,Regular,9,Delete,Deployment,false
5.501407565,Regular,5,Create,Deployment,false
5.521629892,Regular,4,Create,ConfigMap,false
5.541785023,Regular,6,Update,Deployment,false
5.561948811,Regular,3,Delete,ConfigMap,false
5.581560534,Regular,4,Delete,Deployment,false
5.601917887,Regular,7,Create,Deployment,false
5.621614091,Regular,7,Create,ConfigMap,false
5.641678049,Regular,6,Update,Deployment,false
5.662209782,Regular,2,Delete,ConfigMap,false
5.681711839,Regular,4,Delete,Deployment,false
5.702297764,Regular,7,Create,Deployment,false
5.721650448,Regular,6,Create,ConfigMap,false
5.7418142549999995,Regular,7,Update,Deployment,false
5.761755582,Regular,3,Delete,ConfigMap,false
5.781555271,Regular,3,Delete,Deployment,false
5.802170201,Regular,4,Create,Deployment,false
5.821366149,Regular,5,Create,ConfigMap,false
5.841977783,Regular,5,Update,Deployment,false
5.862215911,Regular,11,Delete,ConfigMap,false
5.882247969,Regular,3,Delete,Deployment,false
5.901716652,Regular,5,Create,Deployment,false
5.921680001,Regular,4,Create,ConfigMap,false
5.941306452,Regular,5,Update,Deployment,false
5.961593944,Regular,4,Delete,ConfigMap,false
5.981831701,Regular,3,Delete,Deployment,false
6.001428086,Regular,5,Create,Deployment,false
6.021877753,Regular,5,Create,ConfigMap,false
6.041423823,Regular,6,Update,Deployment,false
6.061334892,Regular,3,Delete,ConfigMap,false
6.082237957,Regular,4,Delete,Deployment,false
6.101752246,Regular,5,Create,Deployment,false
6.122585158,Regular,7,Create,ConfigMap,false
6.142924788,Regular,7,Update,Deployment,false
6.161515642,Regular,4,Delete,ConfigMap,false
6.18211367,Regular,5,Delete,Deployment,false
6.201639512,Regular,5,Create,Deployment,false
6.222101433,Regular,5,Create,ConfigMap,false
6.242098034,Regular,5,Update,Deployment,false
6.262164267,Regular,4,Delete,ConfigMap,false
6.281243845,Regular,3,Delete,Deployment,false
6.301883361,Regular,6,Create,Deployment,false
6.322235605,Regular,4,Create,ConfigMap,false
6.341477319,Regular,7,Update,Deployment,false
6.362046142,Regular,4,Delete,ConfigMap,false
6.3815099459999995,Regular,4,Delete,Deployment,false
6.402048542,Regular,5,Create,Deployment,false
6.421934935,Regular,7,Create,ConfigMap,false
6.441413066,Regular,7,Update,Deployment,false
6.462234045,Regular,4,Delete,ConfigMap,false
6.481393615,Regular,7,Delete,Deployment,false
6.502271021,Regular,4,Create,Deployment,false
6.522142345,Regular,5,Create,ConfigMap,false
6.542094272,Regular,6,Update,Deployment,false
6.561251898,Regular,4,Delete,ConfigMap,false
6.581431355,Regular,5,Delete,Deployment,false
6.601369445,Regular,6,Create,Deployment,false
6.621978003,Regular,5,Create,ConfigMap,false
6.641549311,Regular,7,Update,Deployment,false
6.662068329,Regular,4,Delete,ConfigMap,false
6.682045273,Regular,4,Delete,Deployment,false
6.701717692,Regular,7,Create,Deployment,false
6.721903441,Regular,5,Create,ConfigMap,false
6.7421819450000005,Regular,8,Update,Deployment,false
6.761630801,Regular,6,Delete,ConfigMap,false
6.781532673,Regular,5,Delete,Deployment,false
6.80181284,Regular,9,Create,Deployment,false
6.821456595,Regular,11,Create,ConfigMap,false
6.842619941,Regular,8,Update,Deployment,false
6.86182156,Regular,4,Delete,ConfigMap,false
6.882216504,Regular,4,Delete,Deployment,false
6.9017858180000005,Regular,11,Create,Deployment,false
6.922182746,Regular,5,Create,ConfigMap,false
6.941310815,Regular,8,Update,Deployment,false
6.962125552,Regular,3,Delete,ConfigMap,false
6.981481693,Regular,3,Delete,Deployment,false
6.001490874,Regular,5,Create,Deployment,false
6.02185515,Regular,4,Create,ConfigMap,false
6.04133757,Regular,7,Update,Deployment,false
6.061372594,Regular,4,Delete,ConfigMap,false
6.082333768,Regular,4,Delete,Deployment,false
6.10174895,Regular,7,Create,Deployment,false
6.122406521,Regular,7,Create,ConfigMap,false
6.142897897,Regular,7,Update,Deployment,false
6.161483492,Regular,4,Delete,ConfigMap,false
6.181939982,Regular,5,Delete,Deployment,false
6.20154329,Regular,6,Create,Deployment,false
6.222161005,Regular,5,Create,ConfigMap,false
6.242054742,Regular,4,Update,Deployment,false
6.262239809,Regular,6,Delete,ConfigMap,false
6.281188791,Regular,4,Delete,Deployment,false
6.3018676209999995,Regular,6,Create,Deployment,false
6.322278746,Regular,6,Create,ConfigMap,false
6.341490164,Regular,7,Update,Deployment,false
6.362008862,Regular,4,Delete,ConfigMap,false
6.381418934,Regular,3,Delete,Deployment,false
6.40211114,Regular,7,Create,Deployment,false
6.421849023,Regular,6,Create,ConfigMap,false
6.441378731,Regular,8,Update,Deployment,false
6.462325699,Regular,4,Delete,ConfigMap,false
6.4815256439999995,Regular,6,Delete,Deployment,false
6.502383173,Regular,8,Create,Deployment,false
6.522257373,Regular,5,Create,ConfigMap,false
6.542216263,Regular,6,Update,Deployment,false
6.561334894,Regular,4,Delete,ConfigMap,false
6.581599312,Regular,5,Delete,Deployment,false
6.601375036,Regular,6,Create,Deployment,false
6.622044929,Regular,5,Create,ConfigMap,false
6.64160724,Regular,7,Update,Deployment,false
6.661991885,Regular,4,Delete,ConfigMap,false
6.682081482,Regular,4,Delete,Deployment,false
6.701609097,Regular,7,Create,Deployment,false
6.721956521,Regular,5,Create,ConfigMap,false
6.742134064,Regular,8,Update,Deployment,false
6.761705532,Regular,6,Delete,ConfigMap,false
6.781556578,Regular,4,Delete,Deployment,false
6.801729703,Regular,9,Create,Deployment,false
6.821425436,Regular,12,Create,ConfigMap,false
6.842393182,Regular,10,Update,Deployment,false
6.861810489,Regular,4,Delete,ConfigMap,false
6.8821218250000005,Regular,4,Delete,Deployment,false
6.901681671,Regular,5,Create,Deployment,false
6.922309094,Regular,5,Create,ConfigMap,false
6.941612666,Regular,7,Update,Deployment,false
6.96214036,Regular,3,Delete,ConfigMap,false
6.981581552,Regular,4,Delete,Deployment,false
6.001501504,Regular,5,Create,Deployment,false
6.021930192,Regular,5,Create,ConfigMap,false
6.041322321,Regular,7,Update,Deployment,false
6.061349129,Regular,4,Delete,ConfigMap,false
6.082252945,Regular,3,Delete,Deployment,false
6.101717641,Regular,7,Create,Deployment,false
6.122191354,Regular,7,Create,ConfigMap,false
6.142941529,Regular,7,Update,Deployment,false
6.161441122,Regular,3,Delete,ConfigMap,false
6.182116997,Regular,4,Delete,Deployment,false
6.20160654,Regular,6,Create,Deployment,false
6.222151798,Regular,5,Create,ConfigMap,false
6.24206957,Regular,5,Update,Deployment,false
6.262220803,Regular,3,Delete,ConfigMap,false
6.281255046,Regular,4,Delete,Deployment,false
6.3018671,Regular,6,Create,Deployment,false
6.322314484,Regular,5,Create,ConfigMap,false
6.341487268,Regular,8,Update,Deployment,false
6.362036073,Regular,4,Delete,ConfigMap,false
6.3814839469999995,Regular,3,Delete,Deployment,false
6.402125888,Regular,7,Create,Deployment,false
6.4220040560000005,Regular,7,Create,ConfigMap,false
6.441285194,Regular,8,Update,Deployment,false
6.462254644,Regular,4,Delete,ConfigMap,false
6.481550121,Regular,6,Delete,Deployment,false
6.502398241,Regular,8,Create,Deployment,false
6.522123219,Regular,5,Create,ConfigMap,false
6.542142413,Regular,6,Update,Deployment,false
6.561218685,Regular,4,Delete,ConfigMap,false
6.581523869,Regular,4,Delete,Deployment,false
6.6013700360000005,Regular,6,Create,Deployment,false
6.62210356,Regular,3,Create,ConfigMap,false
6.641620074,Regular,6,Update,Deployment,false
6.662071675,Regular,4,Delete,ConfigMap,false
6.682101389,Regular,4,Delete,Deployment,false
6.701768889,Regular,7,Create,Deployment,false
6.721891608,Regular,4,Create,ConfigMap,false
6.742143472,Regular,8,Update,Deployment,false
6.761634588,Regular,7,Delete,ConfigMap,false
6.781399782,Regular,5,Delete,Deployment,false
6.802013088,Regular,9,Create,Deployment,false
6.821721575,Regular,11,Create,ConfigMap,false
6.8421880250000005,Regular,10,Update,Deployment,false
6.86192208,Regular,3,Delete,ConfigMap,false
6.882017047,Regular,4,Delete,Deployment,false
6.901791388,Regular,15,Create,Deployment,false
6.922200068,Regular,5,Create,ConfigMap,false
6.941634938,Regular,7,Update,Deployment,false
6.962223538,Regular,4,Delete,ConfigMap,false
6.981551576,Regular,4,Delete,Deployment,false
6.001466338,Regular,5,Create,Deployment,false
6.021930593,Regular,5,Create,ConfigMap,false
6.041409425,Regular,7,Update,Deployment,false
6.061301008,Regular,4,Delete,ConfigMap,false
6.082349598,Regular,4,Delete,Deployment,false
6.101705829,Regular,7,Create,Deployment,false
6.122204619,Regular,7,Create,ConfigMap,false
6.142854595,Regular,7,Update,Deployment,false
6.161466349,Regular,4,Delete,ConfigMap,false
6.182115664,Regular,5,Delete,Deployment,false
6.201567396,Regular,6,Create,Deployment,false
6.222169521,Regular,5,Create,ConfigMap,false
6.242143921,Regular,5,Update,Deployment,false
6.262121646,Regular,5,Delete,ConfigMap,false
6.281289641,Regular,4,Delete,Deployment,false
6.301940088,Regular,6,Create,Deployment,false
6.322249871,Regular,6,Create,ConfigMap,false
6.341466419,Regular,8,Update,Deployment,false
6.362021866,Regular,4,Delete,ConfigMap,false
6.381520797,Regular,4,Delete,Deployment,false
6.402069522,Regular,7,Create,Deployment,false
6.422007061,Regular,6,Create,ConfigMap,false
6.441290084,Regular,9,Update,Deployment,false
6.462242301,Regular,4,Delete,ConfigMap,false
6.481423271,Regular,6,Delete,Deployment,false
6.50222294,Regular,8,Create,Deployment,false
6.522099033,Regular,5,Create,ConfigMap,false
6.542097027,Regular,6,Update,Deployment,false
6.561229656,Regular,4,Delete,ConfigMap,false
6.581432557,Regular,4,Delete,Deployment,false
6.60132952,Regular,6,Create,Deployment,false
6.621973805,Regular,5,Create,ConfigMap,false
6.641621607,Regular,6,Update,Deployment,false
6.662041799,Regular,4,Delete,ConfigMap,false
6.68203316,Regular,4,Delete,Deployment,false
6.701747609,Regular,7,Create,Deployment,false
6.721846012,Regular,6,Create,ConfigMap,false
6.742167137,Regular,8,Update,Deployment,false
6.761685464,Regular,6,Delete,ConfigMap,false
6.7814997009999995,Regular,5,Delete,Deployment,false
6.801562357,Regular,10,Create,Deployment,false
6.821478165,Regular,8,Create,ConfigMap,false
6.842112071,Regular,9,Update,Deployment,false
6.861886803,Regular,4,Delete,ConfigMap,false
6.882109492,Regular,4,Delete,Deployment,false
6.901780227,Regular,15,Create,Deployment,false
6.922168669,Regular,4,Create,ConfigMap,false
6.941379425,Regular,6,Update,Deployment,false
6.962211465,Regular,4,Delete,ConfigMap,false
6.981498505,Regular,4,Delete,Deployment,false
6.021891729,Regular,5,Create,ConfigMap,false
6.04134851,Regular,7,Update,Deployment,false
6.061380609,Regular,4,Delete,ConfigMap,false
6.0823232879999996,Regular,4,Delete,Deployment,false
6.101693205,Regular,7,Create,Deployment,false
6.122332821,Regular,7,Create,ConfigMap,false
6.142612037,Regular,5,Update,Deployment,false
6.161547312,Regular,4,Delete,ConfigMap,false
6.18194424,Regular,5,Delete,Deployment,false
6.201721607,Regular,6,Create,Deployment,false
6.222060786,Regular,5,Create,ConfigMap,false
6.242131688,Regular,5,Update,Deployment,false
6.262110605,Regular,4,Delete,ConfigMap,false
6.281213157,Regular,4,Delete,Deployment,false
6.301930701,Regular,6,Create,Deployment,false
6.322324212,Regular,6,Create,ConfigMap,false
6.341504841,Regular,8,Update,Deployment,false
6.361975488,Regular,3,Delete,ConfigMap,false
6.381434193,Regular,3,Delete,Deployment,false
6.402171023,Regular,7,Create,Deployment,false
6.421875713,Regular,6,Create,ConfigMap,false
6.441321353,Regular,8,Update,Deployment,false
6.462288288,Regular,4,Delete,ConfigMap,false
6.481580678,Regular,7,Delete,Deployment,false
6.502388372,Regular,8,Create,Deployment,false
6.522114743,Regular,5,Create,ConfigMap,false
6.542133166,Regular,6,Update,Deployment,false
6.561304206,Regular,3,Delete,ConfigMap,false
6.581484184,Regular,5,Delete,Deployment,false
6.6012561309999995,Regular,6,Create,Deployment,false
6.622021245,Regular,5,Create,ConfigMap,false
6.641582624,Regular,8,Update,Deployment,false
6.662019807,Regular,2,Delete,ConfigMap,false
6.68202258,Regular,4,Delete,Deployment,false
6.701638592,Regular,7,Create,Deployment,false
6.721958665,Regular,6,Create,ConfigMap,false
6.7422310979999995,Regular,8,Update,Deployment,false
6.761653183,Regular,6,Delete,ConfigMap,false
6.781597095,Regular,5,Delete,Deployment,false
6.801732959,Regular,9,Create,Deployment,false
6.821377395,Regular,12,Create,ConfigMap,false
6.842269288,Regular,10,Update,Deployment,false
6.861858349,Regular,4,Delete,ConfigMap,false
6.881910566,Regular,3,Delete,Deployment,false
6.90173447,Regular,11,Create,Deployment,false
6.922210688,Regular,5,Create,ConfigMap,false
6.941396327,Regular,7,Update,Deployment,false
6.962218879,Regular,4,Delete,ConfigMap,false
6.981559751,Regular,4,Delete,Deployment,false
6.001546239,Regular,5,Create,Deployment,false
6.021840603,Regular,4,Create,ConfigMap,false
6.041379108,Regular,6,Update,Deployment,false
6.061320746,Regular,4,Delete,ConfigMap,false
6.082308601,Regular,4,Delete,Deployment,false
6.101646136,Regular,7,Create,Deployment,false
6.122510778,Regular,7,Create,ConfigMap,false
6.142914128,Regular,6,Update,Deployment,false
6.161500504,Regular,4,Delete,ConfigMap,false
6.182052565,Regular,4,Delete,Deployment,false
6.201554962,Regular,6,Create,Deployment,false
6.222089731,Regular,5,Create,ConfigMap,false
6.242082144,Regular,5,Update,Deployment,false
6.262190105,Regular,4,Delete,ConfigMap,false
6.281224268,Regular,4,Delete,Deployment,false
6.301957962,Regular,6,Create,Deployment,false
6.322347185,Regular,6,Create,ConfigMap,false
6.341412357,Regular,8,Update,Deployment,false
6.362077842,Regular,4,Delete,ConfigMap,false
6.381507441,Regular,4,Delete,Deployment,false
6.40214248,Regular,7,Create,Deployment,false
6.421995379,Regular,6,Create,ConfigMap,false
6.441407926,Regular,8,Update,Deployment,false
6.462197316,Regular,4,Delete,ConfigMap,false
6.481500627,Regular,6,Delete,Deployment,false
6.5022571639999995,Regular,8,Create,Deployment,false
6.522258054,Regular,5,Create,ConfigMap,false
6.542170306,Regular,5,Update,Deployment,false
6.561237671,Regular,4,Delete,ConfigMap,false
6.581507849,Regular,5,Delete,Deployment,false
6.601302218,Regular,4,Create,Deployment,false
6.622062322,Regular,5,Create,ConfigMap,false
6.641560902,Regular,8,Update,Deployment,false
6.661980022,Regular,5,Delete,ConfigMap,false
6.682052166,Regular,4,Delete,Deployment,false
6.701682435,Regular,8,Create,Deployment,false
6.721926725,Regular,6,Create,ConfigMap,false
6.74211081,Regular,8,Update,Deployment,false
6.761722644,Regular,6,Delete,ConfigMap,false
6.7815362,Regular,5,Delete,Deployment,false
6.801515308,Regular,9,Create,Deployment,false
6.82124277,Regular,8,Create,ConfigMap,false
6.842342757,Regular,11,Update,Deployment,false
6.861948359,Regular,4,Delete,ConfigMap,false
6.882318066,Regular,3,Delete,Deployment,false
6.901752925,Regular,13,Create,Deployment,false
6.922142029,Regular,5,Create,ConfigMap,false
6.941571829,Regular,7,Update,Deployment,false
6.962193451,Regular,4,Delete,ConfigMap,false
6.981467477,Regular,4,Delete,Deployment,false
6.021918039,Regular,5,Create,ConfigMap,false
6.041414746,Regular,7,Update,Deployment,false
6.06135997,Regular,4,Delete,ConfigMap,false
6.082277913,Regular,4,Delete,Deployment,false
6.101655433,Regular,7,Create,Deployment,false
6.12231617,Regular,8,Create,ConfigMap,false
6.142856288,Regular,6,Update,Deployment,false
6.161447874,Regular,3,Delete,ConfigMap,false
6.182019793,Regular,4,Delete,Deployment,false
6.201649,Regular,6,Create,Deployment,false
6.222072979,Regular,5,Create,ConfigMap,false
6.242107632,Regular,5,Update,Deployment,false
6.262191348,Regular,4,Delete,ConfigMap,false
6.281291856,Regular,4,Delete,Deployment,false
6.301989943,Regular,6,Create,Deployment,false
6.322265591,Regular,6,Create,ConfigMap,false
6.341418959,Regular,8,Update,Deployment,false
6.361975498,Regular,4,Delete,ConfigMap,false
6.381472275,Regular,4,Delete,Deployment,false
6.40219018,Regular,7,Create,Deployment,false
6.42191105,Regular,5,Create,ConfigMap,false
6.441400743,Regular,8,Update,Deployment,false
6.462206353,Regular,3,Delete,ConfigMap,false
6.481500617,Regular,6,Delete,Deployment,false
6.502296539,Regular,8,Create,Deployment,false
6.522257643,Regular,5,Create,ConfigMap,false
6.542198699,Regular,6,Update,Deployment,false
6.561270733,Regular,4,Delete,ConfigMap,false
6.581597288,Regular,5,Delete,Deployment,false
6.601267182,Regular,6,Create,Deployment,false
6.622003301,Regular,5,Create,ConfigMap,false
6.641619012,Regular,7,Update,Deployment,false
6.662074441,Regular,4,Delete,ConfigMap,false
6.682098163,Regular,3,Delete,Deployment,false
6.701477238,Regular,8,Create,Deployment,false
6.721917357,Regular,5,Create,ConfigMap,false
6.742243892,Regular,6,Update,Deployment,false
6.761629298,Regular,6,Delete,ConfigMap,false
6.781427735,Regular,5,Delete,Deployment,false
6.801728571,Regular,9,Create,Deployment,false
6.8212958310000005,Regular,8,Create,ConfigMap,false
6.842324683,Regular,11,Update,Deployment,false
6.861907512,Regular,4,Delete,ConfigMap,false
6.881924873,Regular,4,Delete,Deployment,false
6.901720694,Regular,10,Create,Deployment,false
6.922149893,Regular,5,Create,ConfigMap,false
6.941491296,Regular,7,Update,Deployment,false
6.962164696,Regular,4,Delete,ConfigMap,false
6.981467487,Regular,4,Delete,Deployment,false
6.001443294,Regular,5,Create,Deployment,false
6.021947114,Regular,5,Create,ConfigMap,false
6.041443169,Regular,7,Update,Deployment,false
6.061293494,Regular,4,Delete,ConfigMap,false
6.082267703,Regular,4,Delete,Deployment,false
6.101733892,Regular,7,Create,Deployment,false
6.122621968,Regular,8,Create,ConfigMap,false
6.142200299,Regular,6,Update,Deployment,false
6.161462582,Regular,4,Delete,ConfigMap,false
6.182005797,Regular,5,Delete,Deployment,false
6.20153271,Regular,6,Create,Deployment,false
6.222134666,Regular,5,Create,ConfigMap,false
6.242047348,Regular,5,Update,Deployment,false
6.262181058,Regular,5,Delete,ConfigMap,false
6.281269624,Regular,4,Delete,Deployment,false
6.301973682,Regular,6,Create,Deployment,false
6.322297812,Regular,6,Create,ConfigMap,false
6.341507937,Regular,8,Update,Deployment,false
6.362084324,Regular,4,Delete,ConfigMap,false
6.381496451,Regular,4,Delete,Deployment,false
6.402189528,Regular,7,Create,Deployment,false
6.421840016,Regular,6,Create,ConfigMap,false
6.441332935,Regular,7,Update,Deployment,false
6.462214799,Regular,4,Delete,ConfigMap,false
6.481557194,Regular,7,Delete,Deployment,false
6.502210015,Regular,8,Create,Deployment,false
6.522173274,Regular,5,Create,ConfigMap,false
6.54216748,Regular,6,Update,Deployment,false
6.561289679,Regular,2,Delete,ConfigMap,false
6.58144484,Regular,5,Delete,Deployment,false
6.601276169,Regular,6,Create,Deployment,false
6.622078192,Regular,5,Create,ConfigMap,false
6.64157535,Regular,6,Update,Deployment,false
6.662057869,Regular,4,Delete,ConfigMap,false
6.682114314,Regular,4,Delete,Deployment,false
6.7015049,Regular,8,Create,Deployment,false
6.721838819,Regular,6,Create,ConfigMap,false
6.742193457,Regular,8,Update,Deployment,false
6.761722294,Regular,4,Delete,ConfigMap,false
6.781466047,Regular,5,Delete,Deployment,false
6.802001026,Regular,9,Create,Deployment,false
6.82163946,Regular,10,Create,ConfigMap,false
6.842537295,Regular,11,Update,Deployment,false
6.861808215,Regular,4,Delete,ConfigMap,false
6.88218283,Regular,5,Delete,Deployment,false
6.901672022,Regular,13,Create,Deployment,false
6.922266975,Regular,5,Create,ConfigMap,false
6.941645828,Regular,7,Update,Deployment,false
6.962151682,Regular,4,Delete,ConfigMap,false
6.981522811,Regular,4,Delete,Deployment,false
7.001239604,Regular,7,Create,Deployment,false
6.001546319,Regular,5,Create,Deployment,false
6.021903762,Regular,5,Create,ConfigMap,false
6.041461364,Regular,7,Update,Deployment,false
6.061408832,Regular,4,Delete,ConfigMap,false
6.082289995,Regular,4,Delete,Deployment,false
6.101681463,Regular,7,Create,Deployment,false
6.122281995,Regular,7,Create,ConfigMap,false
6.14288361,Regular,7,Update,Deployment,false
6.161536802,Regular,4,Delete,ConfigMap,false
6.18196555,Regular,5,Delete,Deployment,false
6.201597643,Regular,6,Create,Deployment,false
6.222116742,Regular,5,Create,ConfigMap,false
6.242112301,Regular,5,Update,Deployment,false
6.26218743,Regular,4,Delete,ConfigMap,false
6.281275134,Regular,3,Delete,Deployment,false
6.301916844,Regular,5,Create,Deployment,false
6.322221408,Regular,6,Create,ConfigMap,false
6.341448815,Regular,7,Update,Deployment,false
6.361993623,Regular,4,Delete,ConfigMap,false
6.381446045,Regular,4,Delete,Deployment,false
6.402091844,Regular,7,Create,Deployment,false
6.421898386,Regular,6,Create,ConfigMap,false
6.441355648,Regular,7,Update,Deployment,false
6.462270033,Regular,4,Delete,ConfigMap,false
6.48136455,Regular,7,Delete,Deployment,false
6.502352515,Regular,8,Create,Deployment,false
6.52219248,Regular,5,Create,ConfigMap,false
6.542181046,Regular,6,Update,Deployment,false
6.561322521,Regular,4,Delete,ConfigMap,false
6.581595425,Regular,4,Delete,Deployment,false
6.60128722,Regular,6,Create,Deployment,false
6.621992621,Regular,5,Create,ConfigMap,false
6.64153838,Regular,8,Update,Deployment,false
6.662033674,Regular,4,Delete,ConfigMap,false
6.682068467,Regular,4,Delete,Deployment,false
6.701653611,Regular,8,Create,Deployment,false
6.721941082,Regular,5,Create,ConfigMap,false
6.742248581,Regular,8,Update,Deployment,false
6.7617235860000005,Regular,6,Delete,ConfigMap,false
6.781607715,Regular,5,Delete,Deployment,false
6.801610448,Regular,9,Create,Deployment,false
6.821415206,Regular,11,Create,ConfigMap,false
6.842272905,Regular,10,Update,Deployment,false
6.861867747,Regular,5,Delete,ConfigMap,false
6.882247573,Regular,5,Delete,Deployment,false
6.901705917,Regular,15,Create,Deployment,false
6.922134003,Regular,5,Create,ConfigMap,false
6.941564194,Regular,7,Update,Deployment,false
6.962200063,Regular,4,Delete,ConfigMap,false
6.981533632,Regular,4,Delete,Deployment,false
7.001332259,Regular,7,Create,Deployment,false
6.001446831,Regular,4,Create,Deployment,false
6.021865269,Regular,5,Create,ConfigMap,false
6.041365703,Regular,7,Update,Deployment,false
6.061389435,Regular,4,Delete,ConfigMap,false
6.082226175,Regular,4,Delete,Deployment,false
6.101666424,Regular,7,Create,Deployment,false
6.122222192,Regular,7,Create,ConfigMap,false
6.142933234,Regular,6,Update,Deployment,false
6.161529238,Regular,4,Delete,ConfigMap,false
6.181982202,Regular,5,Delete,Deployment,false
6.201581593,Regular,6,Create,Deployment,false
6.222169301,Regular,3,Create,ConfigMap,false
6.242119505,Regular,5,Update,Deployment,false
6.262130743,Regular,4,Delete,ConfigMap,false
6.281335007,Regular,4,Delete,Deployment,false
6.301902948,Regular,6,Create,Deployment,false
6.32232845,Regular,6,Create,ConfigMap,false
6.341433787,Regular,6,Update,Deployment,false
6.362060028,Regular,4,Delete,ConfigMap,false
6.38151217,Regular,3,Delete,Deployment,false
6.4020782480000005,Regular,7,Create,Deployment,false
6.421872477,Regular,6,Create,ConfigMap,false
6.441313799,Regular,9,Update,Deployment,false
6.462277117,Regular,4,Delete,ConfigMap,false
6.481615424,Regular,6,Delete,Deployment,false
6.502361281,Regular,8,Create,Deployment,false
6.522237164,Regular,4,Create,ConfigMap,false
6.5421278659999995,Regular,6,Update,Deployment,false
6.561283608,Regular,4,Delete,ConfigMap,false
6.5814698069999995,Regular,5,Delete,Deployment,false
6.601314461,Regular,6,Create,Deployment,false
6.622035091,Regular,5,Create,ConfigMap,false
6.641593574,Regular,5,Update,Deployment,false
6.662005691,Regular,4,Delete,ConfigMap,false
6.682131216,Regular,4,Delete,Deployment,false
6.701662848,Regular,7,Create,Deployment,false
6.7218723019999995,Regular,5,Create,ConfigMap,false
6.742211791,Regular,8,Update,Deployment,false
6.761706754,Regular,7,Delete,ConfigMap,false
6.781519217,Regular,4,Delete,Deployment,false
6.801580541,Regular,9,Create,Deployment,false
6.821360723,Regular,12,Create,ConfigMap,false
6.842119986,Regular,9,Update,Deployment,false
6.861844804,Regular,4,Delete,ConfigMap,false
6.88219834,Regular,4,Delete,Deployment,false
6.9016915690000005,Regular,12,Create,Deployment,false
6.92223291,Regular,5,Create,ConfigMap,false
6.941444368,Regular,7,Update,Deployment,false
6.962180226,Regular,3,Delete,ConfigMap,false
6.981504837,Regular,4,Delete,Deployment,false
7.001229755,Regular,7,Create,Deployment,false
7.001281152,Regular,6,Create,Deployment,false
7.021786926,Regular,5,Create,ConfigMap,false
7.041784208,Regular,5,Update,Deployment,false
7.061839711,Regular,3,Delete,ConfigMap,false
7.081967049,Regular,3,Delete,Deployment,false
7.101472883,Regular,6,Create,Deployment,false
7.12158909,Regular,6,Create,ConfigMap,false
7.141866873,Regular,5,Update,Deployment,false
7.161282476,Regular,6,Delete,ConfigMap,false
7.181535542,Regular,4,Delete,Deployment,false
7.202217609,Regular,6,Create,Deployment,false
7.22179599,Regular,6,Create,ConfigMap,false
7.242140288,Regular,6,Update,Deployment,false
7.261831623,Regular,4,Delete,ConfigMap,false
7.281448757,Regular,3,Delete,Deployment,false
7.302267061,Regular,5,Create,Deployment,false
7.322221322,Regular,7,Create,ConfigMap,false
7.341973191,Regular,6,Update,Deployment,false
7.362225165,Regular,4,Delete,ConfigMap,false
7.381301186,Regular,4,Delete,Deployment,false
7.401339006,Regular,5,Create,Deployment,false
7.422139276,Regular,6,Create,ConfigMap,false
7.441849756,Regular,5,Update,Deployment,false
7.461494071,Regular,3,Delete,ConfigMap,false
7.482071861,Regular,4,Delete,Deployment,false
7.501369051,Regular,6,Create,Deployment,false
7.521515756,Regular,8,Create,ConfigMap,false
7.542296138,Regular,7,Update,Deployment,false
7.562208951,Regular,5,Delete,ConfigMap,false
7.581607111,Regular,4,Delete,Deployment,false
7.601304176,Regular,7,Create,Deployment,false
7.622057829,Regular,5,Create,ConfigMap,false
7.642071402,Regular,7,Update,Deployment,false
7.661355346,Regular,4,Delete,ConfigMap,false
7.681720404,Regular,5,Delete,Deployment,false
7.701978239,Regular,8,Create,Deployment,false
7.721634397,Regular,8,Create,ConfigMap,false
7.742050401,Regular,7,Update,Deployment,false
7.762296333,Regular,5,Delete,ConfigMap,false
7.782256115,Regular,7,Delete,Deployment,false
7.802384185,Regular,7,Create,Deployment,false
7.821425781,Regular,7,Create,ConfigMap,false
7.841348903,Regular,6,Update,Deployment,false
7.861963212,Regular,4,Delete,ConfigMap,false
7.881357775,Regular,5,Delete,Deployment,false
7.901603758,Regular,6,Create,Deployment,false
7.921959648,Regular,5,Create,ConfigMap,false
7.94132139,Regular,11,Update,Deployment,false
7.961748004,Regular,4,Delete,ConfigMap,false
7.981626502,Regular,5,Delete,Deployment,false
7.021738073,Regular,5,Create,ConfigMap,false
7.041768599,Regular,4,Update,Deployment,false
7.06187602,Regular,2,Delete,ConfigMap,false
7.081943435,Regular,3,Delete,Deployment,false
7.101380098,Regular,7,Create,Deployment,false
7.12165776,Regular,6,Create,ConfigMap,false
7.141817329,Regular,6,Update,Deployment,false
7.161197275,Regular,6,Delete,ConfigMap,false
7.181503542,Regular,3,Delete,Deployment,false
7.20221305,Regular,6,Create,Deployment,false
7.221831838,Regular,6,Create,ConfigMap,false
7.241996547,Regular,5,Update,Deployment,false
7.261801225,Regular,4,Delete,ConfigMap,false
7.281396588,Regular,2,Delete,Deployment,false
7.302210824,Regular,6,Create,Deployment,false
7.322294671,Regular,7,Create,ConfigMap,false
7.342062339,Regular,5,Update,Deployment,false
7.362196511,Regular,4,Delete,ConfigMap,false
7.3813509,Regular,4,Delete,Deployment,false
7.401286096,Regular,5,Create,Deployment,false
7.422114138,Regular,3,Create,ConfigMap,false
7.441863011,Regular,6,Update,Deployment,false
7.461486988,Regular,5,Delete,ConfigMap,false
7.482059728,Regular,4,Delete,Deployment,false
7.501380482,Regular,6,Create,Deployment,false
7.521492361,Regular,5,Create,ConfigMap,false
7.54230242,Regular,7,Update,Deployment,false
7.562180918,Regular,5,Delete,ConfigMap,false
7.581621508,Regular,4,Delete,Deployment,false
7.601326318,Regular,6,Create,Deployment,false
7.6221808410000005,Regular,5,Create,ConfigMap,false
7.642007621,Regular,7,Update,Deployment,false
7.661342482,Regular,4,Delete,ConfigMap,false
7.681754799,Regular,5,Delete,Deployment,false
7.701820441,Regular,9,Create,Deployment,false
7.721566458,Regular,5,Create,ConfigMap,false
7.742215963,Regular,7,Update,Deployment,false
7.762315169,Regular,5,Delete,ConfigMap,false
7.782224124,Regular,6,Delete,Deployment,false
7.802277222,Regular,7,Create,Deployment,false
7.821308299,Regular,9,Create,ConfigMap,false
7.841350426,Regular,6,Update,Deployment,false
7.861936541,Regular,4,Delete,ConfigMap,false
7.8813695280000005,Regular,4,Delete,Deployment,false
7.901594581,Regular,6,Create,Deployment,false
7.921940522,Regular,5,Create,ConfigMap,false
7.9413809220000005,Regular,9,Update,Deployment,false
7.961702969,Regular,3,Delete,ConfigMap,false
7.981529829,Regular,5,Delete,Deployment,false
7.021784922,Regular,5,Create,ConfigMap,false
7.041795229,Regular,6,Update,Deployment,false
7.061884736,Regular,3,Delete,ConfigMap,false
7.08195148,Regular,3,Delete,Deployment,false
7.101395998,Regular,7,Create,Deployment,false
7.121658461,Regular,5,Create,ConfigMap,false
7.141839952,Regular,6,Update,Deployment,false
7.161346928,Regular,6,Delete,ConfigMap,false
7.181516787,Regular,4,Delete,Deployment,false
7.202245802,Regular,6,Create,Deployment,false
7.221844602,Regular,6,Create,ConfigMap,false
7.242094361,Regular,6,Update,Deployment,false
7.261805754,Regular,4,Delete,ConfigMap,false
7.281458806,Regular,3,Delete,Deployment,false
7.302223318,Regular,5,Create,Deployment,false
7.322239206,Regular,6,Create,ConfigMap,false
7.342035819,Regular,6,Update,Deployment,false
7.362209695,Regular,4,Delete,ConfigMap,false
7.38139847,Regular,4,Delete,Deployment,false
7.401382979,Regular,5,Create,Deployment,false
7.422124468,Regular,6,Create,ConfigMap,false
7.441872569,Regular,6,Update,Deployment,false
7.461508839,Regular,5,Delete,ConfigMap,false
7.482098201,Regular,3,Delete,Deployment,false
7.501296333,Regular,6,Create,Deployment,false
7.5215208449999995,Regular,6,Create,ConfigMap,false
7.54220191,Regular,5,Update,Deployment,false
7.562222787,Regular,5,Delete,ConfigMap,false
7.581524355,Regular,3,Delete,Deployment,false
7.601398595,Regular,7,Create,Deployment,false
7.622137499,Regular,5,Create,ConfigMap,false
7.642092371,Regular,6,Update,Deployment,false
7.661417954,Regular,4,Delete,ConfigMap,false
7.681742786,Regular,5,Delete,Deployment,false
7.7018350380000005,Regular,7,Create,Deployment,false
7.721649305,Regular,5,Create,ConfigMap,false
7.74209234,Regular,8,Update,Deployment,false
7.7622061030000005,Regular,5,Delete,ConfigMap,false
7.78230136,Regular,7,Delete,Deployment,false
7.802469816,Regular,7,Create,Deployment,false
7.82130871,Regular,7,Create,ConfigMap,false
7.841276206,Regular,6,Update,Deployment,false
7.861950909,Regular,4,Delete,ConfigMap,false
7.8813674339999995,Regular,4,Delete,Deployment,false
7.90162585,Regular,4,Create,Deployment,false
7.921952765,Regular,5,Create,ConfigMap,false
7.941428582,Regular,8,Update,Deployment,false
7.961745299,Regular,4,Delete,ConfigMap,false
7.981546721,Regular,5,Delete,Deployment,false
7.001265413,Regular,7,Create,Deployment,false
7.021755356,Regular,4,Create,ConfigMap,false
7.041730016,Regular,6,Update,Deployment,false
7.061798042,Regular,3,Delete,ConfigMap,false
7.081893941,Regular,3,Delete,Deployment,false
7.101430212,Regular,6,Create,Deployment,false
7.121602596,Regular,4,Create,ConfigMap,false
7.141882843,Regular,6,Update,Deployment,false
7.161235387,Regular,6,Delete,ConfigMap,false
7.181471141,Regular,4,Delete,Deployment,false
7.20219717,Regular,5,Create,Deployment,false
7.221845664,Regular,6,Create,ConfigMap,false
7.242028958,Regular,6,Update,Deployment,false
7.261898339,Regular,4,Delete,ConfigMap,false
7.281419271,Regular,3,Delete,Deployment,false
7.302197589,Regular,6,Create,Deployment,false
7.32232062,Regular,6,Create,ConfigMap,false
7.342042943,Regular,6,Update,Deployment,false
7.362176583,Regular,4,Delete,ConfigMap,false
7.381413889,Regular,4,Delete,Deployment,false
7.401333235,Regular,5,Create,Deployment,false
7.422043745,Regular,6,Create,ConfigMap,false
7.441919478,Regular,6,Update,Deployment,false
7.461564725,Regular,5,Delete,ConfigMap,false
7.482053055,Regular,4,Delete,Deployment,false
7.50135303,Regular,5,Create,Deployment,false
7.521553878,Regular,8,Create,ConfigMap,false
7.542281721,Regular,7,Update,Deployment,false
7.562222637,Regular,5,Delete,ConfigMap,false
7.581587695,Regular,4,Delete,Deployment,false
7.601220618,Regular,8,Create,Deployment,false
7.622108935,Regular,5,Create,ConfigMap,false
7.641969229,Regular,7,Update,Deployment,false
7.661395722,Regular,4,Delete,ConfigMap,false
7.681899232,Regular,5,Delete,Deployment,false
7.701793299,Regular,8,Create,Deployment,false
7.721624568,Regular,8,Create,ConfigMap,false
7.742073544,Regular,7,Update,Deployment,false
7.762332291,Regular,5,Delete,ConfigMap,false
7.782217141,Regular,7,Delete,Deployment,false
7.802261563,Regular,8,Create,Deployment,false
7.821261069,Regular,8,Create,ConfigMap,false
7.841301013,Regular,6,Update,Deployment,false
7.8620292670000005,Regular,4,Delete,ConfigMap,false
7.881424492,Regular,5,Delete,Deployment,false
7.901558763,Regular,6,Create,Deployment,false
7.922023239,Regular,4,Create,ConfigMap,false
7.941412903,Regular,11,Update,Deployment,false
7.961657783,Regular,4,Delete,ConfigMap,false
7.981591165,Regular,5,Delete,Deployment,false
7.001283657,Regular,7,Create,Deployment,false
7.021830779,Regular,5,Create,ConfigMap,false
7.041696833,Regular,6,Update,Deployment,false
7.061888764,Regular,3,Delete,ConfigMap,false
7.081913859,Regular,3,Delete,Deployment,false
7.101410325,Regular,6,Create,Deployment,false
7.121668951,Regular,6,Create,ConfigMap,false
7.141941664,Regular,6,Update,Deployment,false
7.161467185,Regular,5,Delete,ConfigMap,false
7.181549679,Regular,4,Delete,Deployment,false
7.202152235,Regular,6,Create,Deployment,false
7.221878726,Regular,6,Create,ConfigMap,false
7.242158523,Regular,6,Update,Deployment,false
7.26182486,Regular,4,Delete,ConfigMap,false
7.281387902,Regular,2,Delete,Deployment,false
7.302234429,Regular,5,Create,Deployment,false
7.322301463,Regular,7,Create,ConfigMap,false
7.342071036,Regular,6,Update,Deployment,false
7.362164781,Regular,4,Delete,ConfigMap,false
7.381314501,Regular,4,Delete,Deployment,false
7.401366007,Regular,5,Create,Deployment,false
7.4220781,Regular,6,Create,ConfigMap,false
7.441900722,Regular,6,Update,Deployment,false
7.461539918,Regular,5,Delete,ConfigMap,false
7.48214532,Regular,4,Delete,Deployment,false
7.501328213,Regular,6,Create,Deployment,false
7.521485809,Regular,8,Create,ConfigMap,false
7.542224062,Regular,7,Update,Deployment,false
7.562236663,Regular,5,Delete,ConfigMap,false
7.581563869,Regular,4,Delete,Deployment,false
7.601333111,Regular,6,Create,Deployment,false
7.62215393,Regular,5,Create,ConfigMap,false
7.642056944,Regular,4,Update,Deployment,false
7.661422744,Regular,4,Delete,ConfigMap,false
7.681895495,Regular,5,Delete,Deployment,false
7.70180447,Regular,8,Create,Deployment,false
7.721576387,Regular,7,Create,ConfigMap,false
7.742213789,Regular,7,Update,Deployment,false
7.762353631,Regular,5,Delete,ConfigMap,false
7.782141789,Regular,8,Delete,Deployment,false
7.802354458,Regular,7,Create,Deployment,false
7.821283452,Regular,7,Create,ConfigMap,false
7.841325088,Regular,6,Update,Deployment,false
7.862007265,Regular,4,Delete,ConfigMap,false
7.881327979,Regular,3,Delete,Deployment,false
7.901635688,Regular,6,Create,Deployment,false
7.921926736,Regular,5,Create,ConfigMap,false
7.941526708,Regular,8,Update,Deployment,false
7.961765046,Regular,4,Delete,ConfigMap,false
7.981520561,Regular,5,Delete,Deployment,false
7.021773641,Regular,5,Create,ConfigMap,false
7.041689309,Regular,6,Update,Deployment,false
7.061772875,Regular,3,Delete,ConfigMap,false
7.081898169,Regular,4,Delete,Deployment,false
7.101357886,Regular,7,Create,Deployment,false
7.12163132,Regular,5,Create,ConfigMap,false
7.141901779,Regular,6,Update,Deployment,false
7.161286213,Regular,5,Delete,ConfigMap,false
7.181570498,Regular,4,Delete,Deployment,false
7.202143068,Regular,6,Create,Deployment,false
7.221860552,Regular,6,Create,ConfigMap,false
7.242079884,Regular,6,Update,Deployment,false
7.261849046,Regular,4,Delete,ConfigMap,false
7.281377372,Regular,2,Delete,Deployment,false
7.302174616,Regular,4,Create,Deployment,false
7.322266978,Regular,7,Create,ConfigMap,false
7.34202046,Regular,6,Update,Deployment,false
7.362184668,Regular,4,Delete,ConfigMap,false
7.381400815,Regular,4,Delete,Deployment,false
7.401321352,Regular,5,Create,Deployment,false
7.42209421,Regular,6,Create,ConfigMap,false
7.44188909,Regular,6,Update,Deployment,false
7.461528807,Regular,5,Delete,ConfigMap,false
7.482024101,Regular,4,Delete,Deployment,false
7.50139511,Regular,6,Create,Deployment,false
7.521573014,Regular,8,Create,ConfigMap,false
7.542250121,Regular,7,Update,Deployment,false
7.562197279,Regular,5,Delete,ConfigMap,false
7.581524355,Regular,4,Delete,Deployment,false
7.601282265,Regular,7,Create,Deployment,false
7.622121609,Regular,5,Create,ConfigMap,false
7.642038429,Regular,6,Update,Deployment,false
7.661380494,Regular,3,Delete,ConfigMap,false
7.681778814,Regular,5,Delete,Deployment,false
7.701979351,Regular,7,Create,Deployment,false
7.721589963,Regular,8,Create,ConfigMap,false
7.74212942,Regular,7,Update,Deployment,false
7.762209309,Regular,4,Delete,ConfigMap,false
7.782197845,Regular,5,Delete,Deployment,false
7.802300166,Regular,7,Create,Deployment,false
7.821245159,Regular,7,Create,ConfigMap,false
7.84140018,Regular,6,Update,Deployment,false
7.862021532,Regular,4,Delete,ConfigMap,false
7.881323421,Regular,4,Delete,Deployment,false
7.901677628,Regular,6,Create,Deployment,false
7.9219181,Regular,5,Create,ConfigMap,false
7.941473918,Regular,11,Update,Deployment,false
7.961729689,Regular,4,Delete,ConfigMap,false
7.981520561,Regular,5,Delete,Deployment,false
7.001399396,Regular,6,Create,Deployment,false
7.021800772,Regular,4,Create,ConfigMap,false
7.041790911,Regular,6,Update,Deployment,false
7.061783615,Regular,3,Delete,ConfigMap,false
7.081966689,Regular,3,Delete,Deployment,false
7.101447154,Regular,7,Create,Deployment,false
7.121689029,Regular,5,Create,ConfigMap,false
7.141801379,Regular,6,Update,Deployment,false
7.161208687,Regular,5,Delete,ConfigMap,false
7.181569707,Regular,4,Delete,Deployment,false
7.202258817,Regular,4,Create,Deployment,false
7.221782995,Regular,6,Create,ConfigMap,false
7.242045148,Regular,6,Update,Deployment,false
7.261880024,Regular,4,Delete,ConfigMap,false
7.28144505,Regular,3,Delete,Deployment,false
7.302161361,Regular,5,Create,Deployment,false
7.322276767,Regular,7,Create,ConfigMap,false
7.341982759,Regular,4,Update,Deployment,false
7.362237658,Regular,4,Delete,ConfigMap,false
7.381331323,Regular,4,Delete,Deployment,false
7.401381656,Regular,4,Create,Deployment,false
7.422144515,Regular,6,Create,ConfigMap,false
7.441822665,Regular,6,Update,Deployment,false
7.461474514,Regular,5,Delete,ConfigMap,false
7.482031956,Regular,4,Delete,Deployment,false
7.501339645,Regular,6,Create,Deployment,false
7.521454279,Regular,8,Create,ConfigMap,false
7.542238259,Regular,7,Update,Deployment,false
7.562146703,Regular,5,Delete,ConfigMap,false
7.581540385,Regular,4,Delete,Deployment,false
7.601243081,Regular,7,Create,Deployment,false
7.622049222,Regular,5,Create,ConfigMap,false
7.642121366,Regular,7,Update,Deployment,false
7.661452109,Regular,4,Delete,ConfigMap,false
7.68172361,Regular,4,Delete,Deployment,false
7.701843073,Regular,9,Create,Deployment,false
7.721667209,Regular,8,Create,ConfigMap,false
7.742212337,Regular,6,Update,Deployment,false
7.762353261,Regular,4,Delete,ConfigMap,false
7.782291602,Regular,7,Delete,Deployment,false
7.802468554,Regular,6,Create,Deployment,false
7.821220142,Regular,6,Create,ConfigMap,false
7.841369472,Regular,6,Update,Deployment,false
7.861922755,Regular,4,Delete,ConfigMap,false
7.881387892,Regular,5,Delete,Deployment,false
7.901672809,Regular,6,Create,Deployment,false
7.92198708,Regular,5,Create,ConfigMap,false
7.941327401,Regular,11,Update,Deployment,false
7.961750108,Regular,4,Delete,ConfigMap,false
7.98164181,Regular,5,Delete,Deployment,false
8.002053506,Regular,15,Create,Deployment,false
7.001276513,Regular,6,Create,Deployment,false
7.021750908,Regular,5,Create,ConfigMap,false
7.04174254,Regular,6,Update,Deployment,false
7.061840933,Regular,3,Delete,ConfigMap,false
7.081929589,Regular,2,Delete,Deployment,false
7.101415765,Regular,7,Create,Deployment,false
7.121641479,Regular,7,Create,ConfigMap,false
7.141789837,Regular,6,Update,Deployment,false
7.16122101,Regular,5,Delete,ConfigMap,false
7.181563265,Regular,4,Delete,Deployment,false
7.202168346,Regular,6,Create,Deployment,false
7.221768979,Regular,6,Create,ConfigMap,false
7.242121853,Regular,6,Update,Deployment,false
7.261869765,Regular,4,Delete,ConfigMap,false
7.281409713,Regular,3,Delete,Deployment,false
7.302153747,Regular,6,Create,Deployment,false
7.322250617,Regular,7,Create,ConfigMap,false
7.342006874,Regular,6,Update,Deployment,false
7.362136116,Regular,3,Delete,ConfigMap,false
7.381283343,Regular,4,Delete,Deployment,false
7.401305582,Regular,5,Create,Deployment,false
7.422061388,Regular,6,Create,ConfigMap,false
7.44192608,Regular,6,Update,Deployment,false
7.461550548,Regular,5,Delete,ConfigMap,false
7.482193301,Regular,4,Delete,Deployment,false
7.501306943,Regular,4,Create,Deployment,false
7.521467995,Regular,8,Create,ConfigMap,false
7.542269959,Regular,7,Update,Deployment,false
7.562144269,Regular,3,Delete,ConfigMap,false
7.581579218,Regular,4,Delete,Deployment,false
7.601431307,Regular,7,Create,Deployment,false
7.622094257,Regular,5,Create,ConfigMap,false
7.642024413,Regular,6,Update,Deployment,false
7.66136781,Regular,2,Delete,ConfigMap,false
7.681834309,Regular,5,Delete,Deployment,false
7.701977016,Regular,7,Create,Deployment,false
7.721711052,Regular,8,Create,ConfigMap,false
7.74211906,Regular,7,Update,Deployment,false
7.762243103,Regular,5,Delete,ConfigMap,false
7.782205038,Regular,6,Delete,Deployment,false
7.802332487,Regular,5,Create,Deployment,false
7.821231093,Regular,7,Create,ConfigMap,false
7.8412872369999995,Regular,6,Update,Deployment,false
7.861914069,Regular,4,Delete,ConfigMap,false
7.8814409130000005,Regular,4,Delete,Deployment,false
7.901695712,Regular,6,Create,Deployment,false
7.921999524,Regular,5,Create,ConfigMap,false
7.941468628,Regular,9,Update,Deployment,false
7.961683462,Regular,4,Delete,ConfigMap,false
7.981574453,Regular,3,Delete,Deployment,false
8.001687855,Regular,16,Create,Deployment,false
7.001389046,Regular,7,Create,Deployment,false
7.021707596,Regular,3,Create,ConfigMap,false
7.041713314,Regular,6,Update,Deployment,false
7.061826065,Regular,4,Delete,ConfigMap,false
7.081868483,Regular,3,Delete,Deployment,false
7.101459297,Regular,4,Create,Deployment,false
7.121616302,Regular,5,Create,ConfigMap,false
7.141922989,Regular,4,Update,Deployment,false
7.161266356,Regular,4,Delete,ConfigMap,false
7.181490026,Regular,4,Delete,Deployment,false
7.202233018,Regular,6,Create,Deployment,false
7.221877624,Regular,6,Create,ConfigMap,false
7.242106344,Regular,6,Update,Deployment,false
7.261772351,Regular,4,Delete,ConfigMap,false
7.281431935,Regular,3,Delete,Deployment,false
7.302186308,Regular,6,Create,Deployment,false
7.322312584,Regular,7,Create,ConfigMap,false
7.341996845,Regular,5,Update,Deployment,false
7.362152167,Regular,4,Delete,ConfigMap,false
7.38125557,Regular,3,Delete,Deployment,false
7.401295523,Regular,5,Create,Deployment,false
7.422101374,Regular,6,Create,ConfigMap,false
7.441811985,Regular,6,Update,Deployment,false
7.461465537,Regular,5,Delete,ConfigMap,false
7.482107178,Regular,4,Delete,Deployment,false
7.501426489,Regular,6,Create,Deployment,false
7.521441656,Regular,8,Create,ConfigMap,false
7.542213031,Regular,6,Update,Deployment,false
7.562158065,Regular,5,Delete,ConfigMap,false
7.581662496,Regular,3,Delete,Deployment,false
7.601250084,Regular,7,Create,Deployment,false
7.622071715,Regular,5,Create,ConfigMap,false
7.641989507,Regular,7,Update,Deployment,false
7.661308538,Regular,4,Delete,ConfigMap,false
7.681902508,Regular,5,Delete,Deployment,false
7.701886796,Regular,9,Create,Deployment,false
7.721599962,Regular,8,Create,ConfigMap,false
7.742150259,Regular,6,Update,Deployment,false
7.762357018,Regular,5,Delete,ConfigMap,false
7.782131509,Regular,6,Delete,Deployment,false
7.802310175,Regular,8,Create,Deployment,false
7.821209803,Regular,7,Create,ConfigMap,false
7.841315741,Regular,6,Update,Deployment,false
7.861991085,Regular,3,Delete,ConfigMap,false
7.8813424770000005,Regular,3,Delete,Deployment,false
7.901656909,Regular,6,Create,Deployment,false
7.921977512,Regular,5,Create,ConfigMap,false
7.941338983,Regular,11,Update,Deployment,false
7.961714891,Regular,4,Delete,ConfigMap,false
7.981601985,Regular,4,Delete,Deployment,false
8.002009864,Regular,16,Create,Deployment,false
7.001267817,Regular,7,Create,Deployment,false
7.021719027,Regular,5,Create,ConfigMap,false
7.041754893,Regular,6,Update,Deployment,false
7.061819062,Regular,3,Delete,ConfigMap,false
7.081878843,Regular,3,Delete,Deployment,false
7.101367063,Regular,7,Create,Deployment,false
7.121577258,Regular,5,Create,ConfigMap,false
7.141856072,Regular,6,Update,Deployment,false
7.161494046,Regular,5,Delete,ConfigMap,false
7.181478755,Regular,4,Delete,Deployment,false
7.202180719,Regular,6,Create,Deployment,false
7.221916067,Regular,6,Create,ConfigMap,false
7.242057372,Regular,6,Update,Deployment,false
7.261779183,Regular,3,Delete,ConfigMap,false
7.281459978,Regular,3,Delete,Deployment,false
7.302252663,Regular,5,Create,Deployment,false
7.322200422,Regular,7,Create,ConfigMap,false
7.342035048,Regular,5,Update,Deployment,false
7.362144001,Regular,2,Delete,ConfigMap,false
7.381267412,Regular,4,Delete,Deployment,false
7.401352812,Regular,5,Create,Deployment,false
7.422053353,Regular,6,Create,ConfigMap,false
7.441884762,Regular,6,Update,Deployment,false
7.461580585,Regular,5,Delete,ConfigMap,false
7.482127055,Regular,4,Delete,Deployment,false
7.501383508,Regular,5,Create,Deployment,false
7.521537256,Regular,8,Create,ConfigMap,false
7.542258006,Regular,7,Update,Deployment,false
7.562173294,Regular,5,Delete,ConfigMap,false
7.581546316,Regular,4,Delete,Deployment,false
7.60154394,Regular,7,Create,Deployment,false
7.622172485,Regular,5,Create,ConfigMap,false
7.6419727250000005,Regular,7,Update,Deployment,false
7.6613302789999995,Regular,4,Delete,ConfigMap,false
7.681896787,Regular,5,Delete,Deployment,false
7.701935388,Regular,8,Create,Deployment,false
7.721672779,Regular,8,Create,ConfigMap,false
7.742063846,Regular,6,Update,Deployment,false
7.762219187,Regular,5,Delete,ConfigMap,false
7.782233131,Regular,7,Delete,Deployment,false
7.802274898,Regular,7,Create,Deployment,false
7.821294402,Regular,8,Create,ConfigMap,false
7.841425418,Regular,5,Update,Deployment,false
7.8619763769999995,Regular,4,Delete,ConfigMap,false
7.881390337,Regular,5,Delete,Deployment,false
7.901576887,Regular,6,Create,Deployment,false
7.922027346,Regular,4,Create,ConfigMap,false
7.941426047,Regular,9,Update,Deployment,false
7.961674815,Regular,4,Delete,ConfigMap,false
7.981555026,Regular,5,Delete,Deployment,false
8.001903242,Regular,17,Create,Deployment,false
8.001874197,Regular,17,Create,Deployment,false
8.021536146,Regular,6,Create,ConfigMap,false
8.042151046,Regular,7,Update,Deployment,false
8.061389465,Regular,4,Delete,ConfigMap,false
8.082390614,Regular,4,Delete,Deployment,false
8.10222012,Regular,6,Create,Deployment,false
8.121301321,Regular,5,Create,ConfigMap,false
8.141643275,Regular,6,Update,Deployment,false
8.16120259,Regular,4,Delete,ConfigMap,false
8.18201381,Regular,3,Delete,Deployment,false
8.20135884,Regular,7,Create,Deployment,false
8.22194177,Regular,5,Create,ConfigMap,false
8.242016539,Regular,6,Update,Deployment,false
8.261619025,Regular,4,Delete,ConfigMap,false
8.281878684,Regular,4,Delete,Deployment,false
8.301394376,Regular,6,Create,Deployment,false
8.321981694,Regular,6,Create,ConfigMap,false
8.341670343,Regular,7,Update,Deployment,false
8.362049516999999,Regular,4,Delete,ConfigMap,false
8.38194113,Regular,3,Delete,Deployment,false
8.401639999,Regular,6,Create,Deployment,false
8.421512926,Regular,7,Create,ConfigMap,false
8.442353262,Regular,7,Update,Deployment,false
8.462186645,Regular,3,Delete,ConfigMap,false
8.481545711,Regular,4,Delete,Deployment,false
8.501645718,Regular,6,Create,Deployment,false
8.521851595,Regular,5,Create,ConfigMap,false
8.541708141,Regular,5,Update,Deployment,false
8.561313854,Regular,4,Delete,ConfigMap,false
8.58173625,Regular,5,Delete,Deployment,false
8.601940584,Regular,4,Create,Deployment,false
8.621472006,Regular,6,Create,ConfigMap,false
8.642214417,Regular,6,Update,Deployment,false
8.661352014,Regular,4,Delete,ConfigMap,false
8.681764251,Regular,4,Delete,Deployment,false
8.701344776,Regular,6,Create,Deployment,false
8.722515176,Regular,8,Create,ConfigMap,false
8.741313993,Regular,7,Update,Deployment,false
8.761902573,Regular,4,Delete,ConfigMap,false
8.782209792,Regular,6,Delete,Deployment,false
8.801628962,Regular,8,Create,Deployment,false
8.821641754,Regular,6,Create,ConfigMap,false
8.841670525,Regular,11,Update,Deployment,false
8.861729865000001,Regular,4,Delete,ConfigMap,false
8.882083551000001,Regular,4,Delete,Deployment,false
8.902198456,Regular,7,Create,Deployment,false
8.922212461,Regular,6,Create,ConfigMap,false
8.941552351,Regular,7,Update,Deployment,false
8.961311954,Regular,6,Delete,ConfigMap,false
8.981759127,Regular,6,Delete,Deployment,false
8.021426178,Regular,6,Create,ConfigMap,false
8.042196392,Regular,6,Update,Deployment,false
8.061404864,Regular,3,Delete,ConfigMap,false
8.082390644,Regular,6,Delete,Deployment,false
8.102138295,Regular,6,Create,Deployment,false
8.121413413,Regular,5,Create,ConfigMap,false
8.141531664,Regular,6,Update,Deployment,false
8.16127668,Regular,4,Delete,ConfigMap,false
8.182041473,Regular,4,Delete,Deployment,false
8.201388747,Regular,6,Create,Deployment,false
8.221952129,Regular,5,Create,ConfigMap,false
8.241916109,Regular,7,Update,Deployment,false
8.261523164,Regular,4,Delete,ConfigMap,false
8.281919361,Regular,4,Delete,Deployment,false
8.301361243,Regular,6,Create,Deployment,false
8.32206473,Regular,6,Create,ConfigMap,false
8.341847438,Regular,6,Update,Deployment,false
8.36196114,Regular,4,Delete,ConfigMap,false
8.38192009,Regular,3,Delete,Deployment,false
8.401495576,Regular,5,Create,Deployment,false
8.421548173,Regular,7,Create,ConfigMap,false
8.442204621,Regular,8,Update,Deployment,false
8.462223845,Regular,4,Delete,ConfigMap,false
8.481485998,Regular,4,Delete,Deployment,false
8.501631291,Regular,6,Create,Deployment,false
8.521759521,Regular,5,Create,ConfigMap,false
8.541694826,Regular,5,Update,Deployment,false
8.561356154,Regular,3,Delete,ConfigMap,false
8.581822844,Regular,5,Delete,Deployment,false
8.60199143,Regular,5,Create,Deployment,false
8.621312634,Regular,7,Create,ConfigMap,false
8.642161055999999,Regular,6,Update,Deployment,false
8.661442856,Regular,4,Delete,ConfigMap,false
8.681726379,Regular,4,Delete,Deployment,false
8.701310371,Regular,8,Create,Deployment,false
8.722456845,Regular,8,Create,ConfigMap,false
8.74138638,Regular,6,Update,Deployment,false
8.761825979,Regular,3,Delete,ConfigMap,false
8.782105495,Regular,6,Delete,Deployment,false
8.801464781,Regular,6,Create,Deployment,false
8.821786056,Regular,7,Create,ConfigMap,false
8.841779211,Regular,11,Update,Deployment,false
8.861742429,Regular,4,Delete,ConfigMap,false
8.88214092,Regular,4,Delete,Deployment,false
8.902222652,Regular,7,Create,Deployment,false
8.921945706,Regular,6,Create,ConfigMap,false
8.941561548,Regular,7,Update,Deployment,false
8.961440737,Regular,5,Delete,ConfigMap,false
8.982199048,Regular,5,Delete,Deployment,false
8.001831447,Regular,15,Create,Deployment,false
8.021438121,Regular,4,Create,ConfigMap,false
8.042230306,Regular,7,Update,Deployment,false
8.061338649,Regular,3,Delete,ConfigMap,false
8.082237445,Regular,6,Delete,Deployment,false
8.102126803,Regular,7,Create,Deployment,false
8.121295991,Regular,5,Create,ConfigMap,false
8.141522146,Regular,5,Update,Deployment,false
8.161224241,Regular,4,Delete,ConfigMap,false
8.182019601,Regular,4,Delete,Deployment,false
8.201345636,Regular,5,Create,Deployment,false
8.221872108,Regular,5,Create,ConfigMap,false
8.242065221,Regular,7,Update,Deployment,false
8.261513015,Regular,3,Delete,ConfigMap,false
8.28195065,Regular,3,Delete,Deployment,false
8.301341496,Regular,6,Create,Deployment,false
8.322049371,Regular,6,Create,ConfigMap,false
8.341869058,Regular,6,Update,Deployment,false
8.361973924,Regular,2,Delete,ConfigMap,false
8.381930159,Regular,2,Delete,Deployment,false
8.401557854,Regular,6,Create,Deployment,false
8.421540889,Regular,7,Create,ConfigMap,false
8.4422675,Regular,5,Update,Deployment,false
8.462217103,Regular,4,Delete,ConfigMap,false
8.481485988,Regular,4,Delete,Deployment,false
8.501577028,Regular,6,Create,Deployment,false
8.521782915,Regular,4,Create,ConfigMap,false
8.5416917,Regular,5,Update,Deployment,false
8.561384077,Regular,2,Delete,ConfigMap,false
8.58167282,Regular,4,Delete,Deployment,false
8.602016988,Regular,5,Create,Deployment,false
8.62127311,Regular,7,Create,ConfigMap,false
8.642196062,Regular,6,Update,Deployment,false
8.661392541,Regular,4,Delete,ConfigMap,false
8.68181115,Regular,4,Delete,Deployment,false
8.701260908,Regular,5,Create,Deployment,false
8.722283939,Regular,10,Create,ConfigMap,false
8.741301139,Regular,7,Update,Deployment,false
8.76184272,Regular,4,Delete,ConfigMap,false
8.782210523,Regular,4,Delete,Deployment,false
8.801490029,Regular,8,Create,Deployment,false
8.821704903,Regular,7,Create,ConfigMap,false
8.84177886,Regular,11,Update,Deployment,false
8.86167437,Regular,4,Delete,ConfigMap,false
8.882074635,Regular,4,Delete,Deployment,false
8.902078981,Regular,5,Create,Deployment,false
8.922096712,Regular,6,Create,ConfigMap,false
8.941482349,Regular,7,Update,Deployment,false
8.961303087,Regular,8,Delete,ConfigMap,false
8.98178179,Regular,6,Delete,Deployment,false
8.021549051,Regular,6,Create,ConfigMap,false
8.042292113,Regular,7,Update,Deployment,false
8.061392621,Regular,4,Delete,ConfigMap,false
8.082221304,Regular,6,Delete,Deployment,false
8.10215661,Regular,6,Create,Deployment,false
8.121477063,Regular,5,Create,ConfigMap,false
8.141575978,Regular,6,Update,Deployment,false
8.16129794,Regular,2,Delete,ConfigMap,false
8.182083843,Regular,4,Delete,Deployment,false
8.201381583,Regular,5,Create,Deployment,false
8.221886806,Regular,5,Create,ConfigMap,false
8.24196961,Regular,7,Update,Deployment,false
8.261550816,Regular,4,Delete,ConfigMap,false
8.281931323,Regular,5,Delete,Deployment,false
8.301491069,Regular,6,Create,Deployment,false
8.322136135,Regular,6,Create,ConfigMap,false
8.341835755,Regular,7,Update,Deployment,false
8.361986538,Regular,3,Delete,ConfigMap,false
8.381996495,Regular,3,Delete,Deployment,false
8.401688881,Regular,6,Create,Deployment,false
8.421413549,Regular,5,Create,ConfigMap,false
8.442356628,Regular,8,Update,Deployment,false
8.462144085,Regular,4,Delete,ConfigMap,false
8.481612257,Regular,4,Delete,Deployment,false
8.501607846,Regular,5,Create,Deployment,false
8.521828661,Regular,4,Create,ConfigMap,false
8.541630154,Regular,5,Update,Deployment,false
8.561397011,Regular,4,Delete,ConfigMap,false
8.581647001,Regular,5,Delete,Deployment,false
8.602028279,Regular,5,Create,Deployment,false
8.621286184,Regular,7,Create,ConfigMap,false
8.642068391,Regular,5,Update,Deployment,false
8.661432296,Regular,4,Delete,ConfigMap,false
8.681800409000001,Regular,4,Delete,Deployment,false
8.701265536,Regular,7,Create,Deployment,false
8.722270102,Regular,8,Create,ConfigMap,false
8.741357576,Regular,7,Update,Deployment,false
8.761904106,Regular,4,Delete,ConfigMap,false
8.782031896,Regular,6,Delete,Deployment,false
8.801523743,Regular,7,Create,Deployment,false
8.821792058,Regular,7,Create,ConfigMap,false
8.841626452,Regular,11,Update,Deployment,false
8.861695861,Regular,2,Delete,ConfigMap,false
8.882165256,Regular,4,Delete,Deployment,false
8.90203095,Regular,7,Create,Deployment,false
8.922197392,Regular,6,Create,ConfigMap,false
8.941426032,Regular,6,Update,Deployment,false
8.961425428,Regular,5,Delete,ConfigMap,false
8.982034357,Regular,6,Delete,Deployment,false
8.001410361,Regular,16,Create,Deployment,false
8.021557777,Regular,6,Create,ConfigMap,false
8.042214015,Regular,7,Update,Deployment,false
8.061366662,Regular,4,Delete,ConfigMap,false
8.082327044,Regular,6,Delete,Deployment,false
8.102237923,Regular,6,Create,Deployment,false
8.121271264,Regular,5,Create,ConfigMap,false
8.141631833,Regular,6,Update,Deployment,false
8.161261772,Regular,4,Delete,ConfigMap,false
8.182083843,Regular,4,Delete,Deployment,false
8.201435285,Regular,7,Create,Deployment,false
8.221989971,Regular,5,Create,ConfigMap,false
8.241903395,Regular,7,Update,Deployment,false
8.261603095,Regular,4,Delete,ConfigMap,false
8.28186618,Regular,3,Delete,Deployment,false
8.301430254,Regular,6,Create,Deployment,false
8.321970943,Regular,6,Create,ConfigMap,false
8.341756866,Regular,7,Update,Deployment,false
8.362039628,Regular,3,Delete,ConfigMap,false
8.381972499,Regular,3,Delete,Deployment,false
8.401617596,Regular,6,Create,Deployment,false
8.42150443,Regular,7,Create,ConfigMap,false
8.442250618,Regular,9,Update,Deployment,false
8.462198327,Regular,4,Delete,ConfigMap,false
8.481522377,Regular,4,Delete,Deployment,false
8.501592537,Regular,6,Create,Deployment,false
8.521836455999999,Regular,3,Create,ConfigMap,false
8.541640163,Regular,5,Update,Deployment,false
8.561390569,Regular,4,Delete,ConfigMap,false
8.581883678,Regular,4,Delete,Deployment,false
8.601967334,Regular,5,Create,Deployment,false
8.621365224,Regular,6,Create,ConfigMap,false
8.642213796,Regular,6,Update,Deployment,false
8.661360981,Regular,5,Delete,ConfigMap,false
8.681717923,Regular,4,Delete,Deployment,false
8.701295794,Regular,7,Create,Deployment,false
8.722335867,Regular,10,Create,ConfigMap,false
8.741423691,Regular,7,Update,Deployment,false
8.761924745,Regular,4,Delete,ConfigMap,false
8.78206591,Regular,6,Delete,Deployment,false
8.801544061,Regular,8,Create,Deployment,false
8.82166119,Regular,6,Create,ConfigMap,false
8.84162538,Regular,11,Update,Deployment,false
8.861773989,Regular,3,Delete,ConfigMap,false
8.882164845,Regular,3,Delete,Deployment,false
8.9020417,Regular,7,Create,Deployment,false
8.922072987,Regular,6,Create,ConfigMap,false
8.941440349,Regular,7,Update,Deployment,false
8.961362179,Regular,4,Delete,ConfigMap,false
8.981897559,Regular,6,Delete,Deployment,false
9.001980834,Regular,4,Create,Deployment,false
8.02146925,Regular,6,Create,ConfigMap,false
8.042286161,Regular,7,Update,Deployment,false
8.061349249,Regular,4,Delete,ConfigMap,false
8.082259006,Regular,6,Delete,Deployment,false
8.102145128,Regular,6,Create,Deployment,false
8.121339263,Regular,4,Create,ConfigMap,false
8.141546912999999,Regular,6,Update,Deployment,false
8.16119761,Regular,4,Delete,ConfigMap,false
8.182004182,Regular,4,Delete,Deployment,false
8.201365934,Regular,6,Create,Deployment,false
8.221965475,Regular,5,Create,ConfigMap,false
8.241988155,Regular,7,Update,Deployment,false
8.261619246,Regular,4,Delete,ConfigMap,false
8.281976438,Regular,4,Delete,Deployment,false
8.301447456,Regular,5,Create,Deployment,false
8.321997093,Regular,6,Create,ConfigMap,false
8.341665874,Regular,7,Update,Deployment,false
8.36195024,Regular,4,Delete,ConfigMap,false
8.381952912,Regular,3,Delete,Deployment,false
8.401826461,Regular,5,Create,Deployment,false
8.4214619,Regular,7,Create,ConfigMap,false
8.442196506,Regular,8,Update,Deployment,false
8.462232341,Regular,3,Delete,ConfigMap,false
8.481598231,Regular,3,Delete,Deployment,false
8.501553323,Regular,6,Create,Deployment,false
8.521746556,Regular,5,Create,ConfigMap,false
8.541709173,Regular,5,Update,Deployment,false
8.561390138,Regular,4,Delete,ConfigMap,false
8.581641902,Regular,5,Delete,Deployment,false
8.602030454,Regular,5,Create,Deployment,false
8.621298588,Regular,6,Create,ConfigMap,false
8.642092176,Regular,6,Update,Deployment,false
8.661415494,Regular,3,Delete,ConfigMap,false
8.681776765,Regular,3,Delete,Deployment,false
8.701357699999999,Regular,8,Create,Deployment,false
8.722457056,Regular,9,Create,ConfigMap,false
8.741399395,Regular,7,Update,Deployment,false
8.761889318,Regular,4,Delete,ConfigMap,false
8.78220876,Regular,6,Delete,Deployment,false
8.801629372,Regular,8,Create,Deployment,false
8.821736813,Regular,6,Create,ConfigMap,false
8.841812945000001,Regular,11,Update,Deployment,false
8.861743721,Regular,4,Delete,ConfigMap,false
8.882129077,Regular,4,Delete,Deployment,false
8.902112774,Regular,8,Create,Deployment,false
8.921936249,Regular,6,Create,ConfigMap,false
8.94146747,Regular,7,Update,Deployment,false
8.961390923,Regular,5,Delete,ConfigMap,false
8.982094761,Regular,4,Delete,Deployment,false
9.001932923,Regular,5,Create,Deployment,false
8.002111696,Regular,17,Create,Deployment,false
8.021414296,Regular,6,Create,ConfigMap,false
8.042144724,Regular,7,Update,Deployment,false
8.061327518,Regular,4,Delete,ConfigMap,false
8.082221324,Regular,6,Delete,Deployment,false
8.102243324,Regular,6,Create,Deployment,false
8.1214016,Regular,5,Create,ConfigMap,false
8.141590766,Regular,6,Update,Deployment,false
8.161229551,Regular,4,Delete,ConfigMap,false
8.182033758,Regular,4,Delete,Deployment,false
8.201413273,Regular,6,Create,Deployment,false
8.221900602,Regular,5,Create,ConfigMap,false
8.241946897,Regular,7,Update,Deployment,false
8.261537802,Regular,4,Delete,ConfigMap,false
8.281979735,Regular,4,Delete,Deployment,false
8.30137529,Regular,5,Create,Deployment,false
8.322072485,Regular,6,Create,ConfigMap,false
8.341777034,Regular,6,Update,Deployment,false
8.362000114,Regular,4,Delete,ConfigMap,false
8.381973631,Regular,3,Delete,Deployment,false
8.401510925,Regular,6,Create,Deployment,false
8.421532022,Regular,7,Create,ConfigMap,false
8.442358983,Regular,8,Update,Deployment,false
8.462248532,Regular,3,Delete,ConfigMap,false
8.481581008,Regular,4,Delete,Deployment,false
8.501545508,Regular,6,Create,Deployment,false
8.52179616,Regular,5,Create,ConfigMap,false
8.541622139,Regular,5,Update,Deployment,false
8.561373066,Regular,4,Delete,ConfigMap,false
8.581702767,Regular,5,Delete,Deployment,false
8.601931577,Regular,6,Create,Deployment,false
8.621370293,Regular,7,Create,ConfigMap,false
8.642068411,Regular,7,Update,Deployment,false
8.661398582,Regular,4,Delete,ConfigMap,false
8.681740155,Regular,3,Delete,Deployment,false
8.701328095000001,Regular,8,Create,Deployment,false
8.722456395,Regular,8,Create,ConfigMap,false
8.741372063,Regular,8,Update,Deployment,false
8.761812483,Regular,4,Delete,ConfigMap,false
8.782168063,Regular,6,Delete,Deployment,false
8.801456926,Regular,8,Create,Deployment,false
8.821759246,Regular,7,Create,ConfigMap,false
8.841774953,Regular,11,Update,Deployment,false
8.861757908,Regular,4,Delete,ConfigMap,false
8.882157692,Regular,4,Delete,Deployment,false
8.902151247,Regular,7,Create,Deployment,false
8.922241245,Regular,6,Create,ConfigMap,false
8.941453193,Regular,7,Update,Deployment,false
8.961342011,Regular,6,Delete,ConfigMap,false
8.982174101,Regular,4,Delete,Deployment,false
9.00188897,Regular,6,Create,Deployment,false
8.021537839,Regular,6,Create,ConfigMap,false
8.042291021,Regular,7,Update,Deployment,false
8.061426565,Regular,4,Delete,ConfigMap,false
8.08238845,Regular,6,Delete,Deployment,false
8.102248814,Regular,5,Create,Deployment,false
8.121322451,Regular,5,Create,ConfigMap,false
8.141596136,Regular,6,Update,Deployment,false
8.161230723,Regular,4,Delete,ConfigMap,false
8.182059046,Regular,4,Delete,Deployment,false
8.201450654,Regular,6,Create,Deployment,false
8.221931961,Regular,4,Create,ConfigMap,false
8.242021548,Regular,7,Update,Deployment,false
8.261560645,Regular,3,Delete,ConfigMap,false
8.281961751,Regular,5,Delete,Deployment,false
8.301406519,Regular,6,Create,Deployment,false
8.322050283,Regular,6,Create,ConfigMap,false
8.341833672,Regular,6,Update,Deployment,false
8.36200881,Regular,4,Delete,ConfigMap,false
8.381907637,Regular,3,Delete,Deployment,false
8.401573543,Regular,6,Create,Deployment,false
8.421400253,Regular,7,Create,ConfigMap,false
8.442354705,Regular,8,Update,Deployment,false
8.462131861,Regular,3,Delete,ConfigMap,false
8.48156596,Regular,3,Delete,Deployment,false
8.501534608,Regular,6,Create,Deployment,false
8.521821969,Regular,5,Create,ConfigMap,false
8.541725013,Regular,5,Update,Deployment,false
8.561304947,Regular,4,Delete,ConfigMap,false
8.581685384,Regular,4,Delete,Deployment,false
8.60201265,Regular,5,Create,Deployment,false
8.621328044,Regular,7,Create,ConfigMap,false
8.642185131,Regular,6,Update,Deployment,false
8.661431274,Regular,4,Delete,ConfigMap,false
8.681792795,Regular,4,Delete,Deployment,false
8.701352691,Regular,8,Create,Deployment,false
8.722270082,Regular,10,Create,ConfigMap,false
8.741394516,Regular,7,Update,Deployment,false
8.76183735,Regular,5,Delete,ConfigMap,false
8.782029511,Regular,6,Delete,Deployment,false
8.801627168,Regular,8,Create,Deployment,false
8.821720713,Regular,7,Create,ConfigMap,false
8.841754324,Regular,11,Update,Deployment,false
8.861791442,Regular,3,Delete,ConfigMap,false
8.882108939,Regular,4,Delete,Deployment,false
8.902163751,Regular,5,Create,Deployment,false
8.922112973,Regular,4,Create,ConfigMap,false
8.941532543,Regular,7,Update,Deployment,false
8.961443873,Regular,5,Delete,ConfigMap,false
8.98179235,Regular,6,Delete,Deployment,false
9.001919468,Regular,6,Create,Deployment,false
8.00164262,Regular,15,Create,Deployment,false
8.021455143,Regular,6,Create,ConfigMap,false
8.042181343,Regular,7,Update,Deployment,false
8.061374887,Regular,4,Delete,ConfigMap,false
8.082275958,Regular,6,Delete,Deployment,false
8.102176247,Regular,6,Create,Deployment,false
8.121451314,Regular,5,Create,ConfigMap,false
8.141614982,Regular,6,Update,Deployment,false
8.16125046,Regular,4,Delete,ConfigMap,false
8.182069436,Regular,2,Delete,Deployment,false
8.201334905,Regular,6,Create,Deployment,false
8.221859424,Regular,5,Create,ConfigMap,false
8.242010858,Regular,7,Update,Deployment,false
8.261577226,Regular,4,Delete,ConfigMap,false
8.281900796,Regular,4,Delete,Deployment,false
8.301329053,Regular,6,Create,Deployment,false
8.322021819,Regular,6,Create,ConfigMap,false
8.341745114,Regular,5,Update,Deployment,false
8.362025011,Regular,4,Delete,ConfigMap,false
8.381984101,Regular,3,Delete,Deployment,false
8.401678311,Regular,6,Create,Deployment,false
8.421448845,Regular,7,Create,ConfigMap,false
8.442213408,Regular,9,Update,Deployment,false
8.462157139,Regular,4,Delete,ConfigMap,false
8.48151342,Regular,4,Delete,Deployment,false
8.501516995,Regular,4,Create,Deployment,false
8.521771493,Regular,5,Create,ConfigMap,false
8.54166503,Regular,4,Update,Deployment,false
8.561326117,Regular,4,Delete,ConfigMap,false
8.581769643,Regular,5,Delete,Deployment,false
8.60195439,Regular,6,Create,Deployment,false
8.621424015,Regular,7,Create,ConfigMap,false
8.642105711,Regular,6,Update,Deployment,false
8.661458646,Regular,4,Delete,ConfigMap,false
8.681810418,Regular,4,Delete,Deployment,false
8.701274824,Regular,8,Create,Deployment,false
8.722324996,Regular,10,Create,ConfigMap,false
8.741327579,Regular,7,Update,Deployment,false
8.761908515,Regular,4,Delete,ConfigMap,false
8.78204988,Regular,4,Delete,Deployment,false
8.801471714,Regular,8,Create,Deployment,false
8.821731934,Regular,4,Create,ConfigMap,false
8.841656208,Regular,8,Update,Deployment,false
8.861665414,Regular,4,Delete,ConfigMap,false
8.882091106,Regular,4,Delete,Deployment,false
8.902063892,Regular,7,Create,Deployment,false
8.922225325,Regular,6,Create,ConfigMap,false
8.941553483,Regular,7,Update,Deployment,false
8.961328495,Regular,6,Delete,ConfigMap,false
8.982094751,Regular,5,Delete,Deployment,false
9.001877599,Regular,6,Create,Deployment,false
8.001703775,Regular,16,Create,Deployment,false
8.021488506,Regular,6,Create,ConfigMap,false
8.042196672,Regular,7,Update,Deployment,false
8.061314473,Regular,3,Delete,ConfigMap,false
8.082291116,Regular,6,Delete,Deployment,false
8.102202176,Regular,6,Create,Deployment,false
8.121312773,Regular,4,Create,ConfigMap,false
8.141642003,Regular,6,Update,Deployment,false
8.161279936,Regular,4,Delete,ConfigMap,false
8.182095535,Regular,4,Delete,Deployment,false
8.201406911,Regular,6,Create,Deployment,false
8.22191538,Regular,5,Create,ConfigMap,false
8.241935255,Regular,7,Update,Deployment,false
8.261588387,Regular,4,Delete,ConfigMap,false
8.281894794,Regular,4,Delete,Deployment,false
8.301464869,Regular,6,Create,Deployment,false
8.322062907,Regular,6,Create,ConfigMap,false
8.34180094,Regular,6,Update,Deployment,false
8.362054977,Regular,3,Delete,ConfigMap,false
8.381976457,Regular,3,Delete,Deployment,false
8.401526715,Regular,6,Create,Deployment,false
8.421480235,Regular,7,Create,ConfigMap,false
8.44223566,Regular,8,Update,Deployment,false
8.462172999,Regular,4,Delete,ConfigMap,false
8.481537646,Regular,4,Delete,Deployment,false
8.501642041,Regular,6,Create,Deployment,false
8.521809806,Regular,4,Create,ConfigMap,false
8.541678966,Regular,5,Update,Deployment,false
8.561345484,Regular,4,Delete,ConfigMap,false
8.581818355,Regular,4,Delete,Deployment,false
8.60198091,Regular,5,Create,Deployment,false
8.621431379,Regular,7,Create,ConfigMap,false
8.642122473,Regular,6,Update,Deployment,false
8.661374447,Regular,4,Delete,ConfigMap,false
8.68175313,Regular,4,Delete,Deployment,false
8.70128358,Regular,8,Create,Deployment,false
8.722456395,Regular,9,Create,ConfigMap,false
8.741346224,Regular,6,Update,Deployment,false
8.761936938,Regular,3,Delete,ConfigMap,false
8.782084976,Regular,6,Delete,Deployment,false
8.801502753,Regular,8,Create,Deployment,false
8.821829759,Regular,7,Create,ConfigMap,false
8.841636551,Regular,11,Update,Deployment,false
8.861718724,Regular,3,Delete,ConfigMap,false
8.882170576,Regular,4,Delete,Deployment,false
8.902054765,Regular,8,Create,Deployment,false
8.922208383,Regular,6,Create,ConfigMap,false
8.941508097,Regular,7,Update,Deployment,false
8.961410911,Regular,5,Delete,ConfigMap,false
8.981807418,Regular,3,Delete,Deployment,false
9.001963471,Regular,6,Create,Deployment,false
9.021637442,Regular,6,Create,ConfigMap,false
9.041794286,Regular,5,Update,Deployment,false
9.06187178,Regular,8,Delete,ConfigMap,false
9.081652313,Regular,5,Delete,Deployment,false
9.101952448,Regular,6,Create,Deployment,false
9.121930585,Regular,5,Create,ConfigMap,false
9.141275695,Regular,5,Update,Deployment,false
9.162149264,Regular,5,Delete,ConfigMap,false
9.18139215,Regular,3,Delete,Deployment,false
9.201367331,Regular,4,Create,Deployment,false
9.222160007,Regular,6,Create,ConfigMap,false
9.241942083,Regular,7,Update,Deployment,false
9.261391209,Regular,4,Delete,ConfigMap,false
9.281982374,Regular,7,Delete,Deployment,false
9.301661095,Regular,8,Create,Deployment,false
9.321721496,Regular,5,Create,ConfigMap,false
9.341399606,Regular,6,Update,Deployment,false
9.361840797,Regular,4,Delete,ConfigMap,false
9.381869168,Regular,3,Delete,Deployment,false
9.401919832,Regular,6,Create,Deployment,false
9.421676079,Regular,5,Create,ConfigMap,false
9.44219651,Regular,8,Update,Deployment,false
9.4620496,Regular,5,Delete,ConfigMap,false
9.482010584,Regular,4,Delete,Deployment,false
9.501815744,Regular,6,Create,Deployment,false
9.521974812,Regular,4,Create,ConfigMap,false
9.542295686,Regular,4,Update,Deployment,false
9.562178923,Regular,3,Delete,ConfigMap,false
9.582126822,Regular,4,Delete,Deployment,false
9.601744658,Regular,8,Create,Deployment,false
9.621529639,Regular,6,Create,ConfigMap,false
9.641879849,Regular,10,Update,Deployment,false
9.662129719,Regular,4,Delete,ConfigMap,false
9.68185622,Regular,4,Delete,Deployment,false
9.701225094,Regular,7,Create,Deployment,false
9.721995939,Regular,8,Create,ConfigMap,false
9.742113377999999,Regular,5,Update,Deployment,false
9.762285672,Regular,4,Delete,ConfigMap,false
9.782065624,Regular,5,Delete,Deployment,false
9.8017105,Regular,10,Create,Deployment,false
9.822239728,Regular,7,Create,ConfigMap,false
9.842266226,Regular,7,Update,Deployment,false
9.861868883,Regular,5,Delete,ConfigMap,false
9.882232878,Regular,4,Delete,Deployment,false
9.902205534,Regular,6,Create,Deployment,false
9.922012437,Regular,6,Create,ConfigMap,false
9.942394968,Regular,7,Update,Deployment,false
9.961706404,Regular,5,Delete,ConfigMap,false
9.981268665,Regular,5,Delete,Deployment,false
9.021607986,Regular,6,Create,ConfigMap,false
9.04185958,Regular,5,Update,Deployment,false
9.06186073,Regular,7,Delete,ConfigMap,false
9.081732645,Regular,3,Delete,Deployment,false
9.101951577,Regular,6,Create,Deployment,false
9.121855914,Regular,5,Create,ConfigMap,false
9.141217845,Regular,6,Update,Deployment,false
9.162171255,Regular,5,Delete,ConfigMap,false
9.181400957,Regular,3,Delete,Deployment,false
9.201343947,Regular,6,Create,Deployment,false
9.222229668,Regular,6,Create,ConfigMap,false
9.241982359,Regular,6,Update,Deployment,false
9.261369909,Regular,4,Delete,ConfigMap,false
9.281729435999999,Regular,7,Delete,Deployment,false
9.301829884,Regular,8,Create,Deployment,false
9.32175501,Regular,5,Create,ConfigMap,false
9.34126422,Regular,6,Update,Deployment,false
9.361849283,Regular,3,Delete,ConfigMap,false
9.381858148,Regular,3,Delete,Deployment,false
9.401880087,Regular,6,Create,Deployment,false
9.421660129,Regular,5,Create,ConfigMap,false
9.442264729,Regular,8,Update,Deployment,false
9.462121176,Regular,3,Delete,ConfigMap,false
9.482040331,Regular,4,Delete,Deployment,false
9.501685868,Regular,6,Create,Deployment,false
9.522042189,Regular,6,Create,ConfigMap,false
9.542235833,Regular,6,Update,Deployment,false
9.562188461,Regular,3,Delete,ConfigMap,false
9.582153863,Regular,3,Delete,Deployment,false
9.601640772,Regular,8,Create,Deployment,false
9.621518588,Regular,6,Create,ConfigMap,false
9.641864911,Regular,10,Update,Deployment,false
9.662233134,Regular,4,Delete,ConfigMap,false
9.681895474,Regular,3,Delete,Deployment,false
9.701247076,Regular,4,Create,Deployment,false
9.722061412,Regular,9,Create,ConfigMap,false
9.741817048,Regular,7,Update,Deployment,false
9.762304998,Regular,4,Delete,ConfigMap,false
9.782036689,Regular,5,Delete,Deployment,false
9.801818905,Regular,10,Create,Deployment,false
9.822321783,Regular,7,Create,ConfigMap,false
9.842252169,Regular,7,Update,Deployment,false
9.861918547,Regular,5,Delete,ConfigMap,false
9.882200296,Regular,4,Delete,Deployment,false
9.902149458,Regular,6,Create,Deployment,false
9.921948787,Regular,6,Create,ConfigMap,false
9.942384698,Regular,7,Update,Deployment,false
9.961765556,Regular,5,Delete,ConfigMap,false
9.981233408,Regular,5,Delete,Deployment,false
9.00206343,Regular,5,Create,Deployment,false
9.021592818,Regular,6,Create,ConfigMap,false
9.041889386,Regular,4,Update,Deployment,false
9.061833127,Regular,7,Delete,ConfigMap,false
9.081688281,Regular,6,Delete,Deployment,false
9.101872858,Regular,6,Create,Deployment,false
9.121947246,Regular,5,Create,ConfigMap,false
9.141300071,Regular,6,Update,Deployment,false
9.162100101,Regular,4,Delete,ConfigMap,false
9.181482841,Regular,3,Delete,Deployment,false
9.201368163,Regular,6,Create,Deployment,false
9.222158965,Regular,6,Create,ConfigMap,false
9.241965397,Regular,7,Update,Deployment,false
9.261346585,Regular,4,Delete,ConfigMap,false
9.281896231,Regular,7,Delete,Deployment,false
9.301719645,Regular,8,Create,Deployment,false
9.321645002,Regular,5,Create,ConfigMap,false
9.341379999,Regular,6,Update,Deployment,false
9.361866446,Regular,4,Delete,ConfigMap,false
9.381936616,Regular,3,Delete,Deployment,false
9.401926755,Regular,6,Create,Deployment,false
9.421576701,Regular,4,Create,ConfigMap,false
9.442244862,Regular,9,Update,Deployment,false
9.462020626,Regular,4,Delete,ConfigMap,false
9.482060328,Regular,4,Delete,Deployment,false
9.501777241,Regular,4,Create,Deployment,false
9.522028443,Regular,7,Create,ConfigMap,false
9.542263155,Regular,6,Update,Deployment,false
9.562162031,Regular,3,Delete,ConfigMap,false
9.582193218,Regular,4,Delete,Deployment,false
9.601781878,Regular,8,Create,Deployment,false
9.621554186000001,Regular,6,Create,ConfigMap,false
9.641403358,Regular,10,Update,Deployment,false
9.662221382,Regular,4,Delete,ConfigMap,false
9.681869124,Regular,3,Delete,Deployment,false
9.701264048,Regular,7,Create,Deployment,false
9.722089345,Regular,8,Create,ConfigMap,false
9.741966731,Regular,6,Update,Deployment,false
9.76229535,Regular,4,Delete,ConfigMap,false
9.781954283,Regular,4,Delete,Deployment,false
9.801735067,Regular,10,Create,Deployment,false
9.822185385000001,Regular,7,Create,ConfigMap,false
9.842129758,Regular,7,Update,Deployment,false
9.861894802,Regular,3,Delete,ConfigMap,false
9.882226256,Regular,3,Delete,Deployment,false
9.902177982,Regular,6,Create,Deployment,false
9.921624945,Regular,5,Create,ConfigMap,false
9.942412471,Regular,7,Update,Deployment,false
9.961638155,Regular,6,Delete,ConfigMap,false
9.981209363,Regular,5,Delete,Deployment,false
9.021654805,Regular,6,Create,ConfigMap,false
9.041779979,Regular,6,Update,Deployment,false
9.061897429,Regular,6,Delete,ConfigMap,false
9.081814841,Regular,5,Delete,Deployment,false
9.101906331,Regular,4,Create,Deployment,false
9.121891701,Regular,5,Create,ConfigMap,false
9.141253753,Regular,6,Update,Deployment,false
9.162180523,Regular,5,Delete,ConfigMap,false
9.18138145,Regular,3,Delete,Deployment,false
9.201358494,Regular,6,Create,Deployment,false
9.222298729,Regular,6,Create,ConfigMap,false
9.241998048,Regular,7,Update,Deployment,false
9.261420645,Regular,4,Delete,ConfigMap,false
9.281871845,Regular,7,Delete,Deployment,false
9.301657337,Regular,8,Create,Deployment,false
9.321706989,Regular,5,Create,ConfigMap,false
9.341329904,Regular,6,Update,Deployment,false
9.361895861,Regular,7,Delete,ConfigMap,false
9.381902341,Regular,3,Delete,Deployment,false
9.401962032,Regular,6,Create,Deployment,false
9.421645852,Regular,5,Create,ConfigMap,false
9.442298964,Regular,8,Update,Deployment,false
9.462105256,Regular,5,Delete,ConfigMap,false
9.482143816,Regular,3,Delete,Deployment,false
9.501747234,Regular,6,Create,Deployment,false
9.521960485,Regular,6,Create,ConfigMap,false
9.542246393,Regular,5,Update,Deployment,false
9.562213949,Regular,3,Delete,ConfigMap,false
9.582209829,Regular,4,Delete,Deployment,false
9.601790915,Regular,8,Create,Deployment,false
9.621544427,Regular,6,Create,ConfigMap,false
9.641891872,Regular,10,Update,Deployment,false
9.662249265,Regular,4,Delete,ConfigMap,false
9.681880576,Regular,4,Delete,Deployment,false
9.701328019,Regular,7,Create,Deployment,false
9.722044581,Regular,8,Create,ConfigMap,false
9.742000315,Regular,6,Update,Deployment,false
9.762256617,Regular,4,Delete,ConfigMap,false
9.782064421,Regular,5,Delete,Deployment,false
9.801912913,Regular,10,Create,Deployment,false
9.822201165,Regular,7,Create,ConfigMap,false
9.842170405,Regular,7,Update,Deployment,false
9.861906734,Regular,5,Delete,ConfigMap,false
9.882282923,Regular,4,Delete,Deployment,false
9.902262091,Regular,5,Create,Deployment,false
9.92175471,Regular,6,Create,ConfigMap,false
9.942292103,Regular,6,Update,Deployment,false
9.96172,Regular,5,Delete,ConfigMap,false
9.981296257,Regular,5,Delete,Deployment,false
9.001952049,Regular,6,Create,Deployment,false
9.021727522,Regular,6,Create,ConfigMap,false
9.041800127,Regular,6,Update,Deployment,false
9.061914481,Regular,7,Delete,ConfigMap,false
9.081716745,Regular,5,Delete,Deployment,false
9.101880152,Regular,6,Create,Deployment,false
9.121867736,Regular,5,Create,ConfigMap,false
9.141317614,Regular,5,Update,Deployment,false
9.16213667,Regular,5,Delete,ConfigMap,false
9.181448567,Regular,3,Delete,Deployment,false
9.201259317,Regular,6,Create,Deployment,false
9.222155388000001,Regular,6,Create,ConfigMap,false
9.242035399,Regular,5,Update,Deployment,false
9.261429391,Regular,3,Delete,ConfigMap,false
9.281765344,Regular,7,Delete,Deployment,false
9.301745494,Regular,8,Create,Deployment,false
9.321736234,Regular,4,Create,ConfigMap,false
9.341342588,Regular,5,Update,Deployment,false
9.361959101,Regular,3,Delete,ConfigMap,false
9.381847998,Regular,3,Delete,Deployment,false
9.401896257,Regular,6,Create,Deployment,false
9.42159168,Regular,5,Create,ConfigMap,false
9.442234803,Regular,6,Update,Deployment,false
9.462138829,Regular,5,Delete,ConfigMap,false
9.482153144,Regular,4,Delete,Deployment,false
9.501698162,Regular,6,Create,Deployment,false
9.521990411,Regular,6,Create,ConfigMap,false
9.542310093,Regular,5,Update,Deployment,false
9.562131033,Regular,3,Delete,ConfigMap,false
9.582167139,Regular,5,Delete,Deployment,false
9.601675688,Regular,8,Create,Deployment,false
9.621476449,Regular,5,Create,ConfigMap,false
9.641905738,Regular,10,Update,Deployment,false
9.662141401,Regular,4,Delete,ConfigMap,false
9.681832946,Regular,4,Delete,Deployment,false
9.701328349,Regular,7,Create,Deployment,false
9.722179846,Regular,9,Create,ConfigMap,false
9.742056291,Regular,6,Update,Deployment,false
9.762270563,Regular,4,Delete,ConfigMap,false
9.781957049,Regular,3,Delete,Deployment,false
9.801914225,Regular,10,Create,Deployment,false
9.822160068,Regular,7,Create,ConfigMap,false
9.842196845,Regular,7,Update,Deployment,false
9.861855397,Regular,5,Delete,ConfigMap,false
9.882277142,Regular,4,Delete,Deployment,false
9.902308389,Regular,6,Create,Deployment,false
9.92174397,Regular,6,Create,ConfigMap,false
9.942351616,Regular,6,Update,Deployment,false
9.96174113,Regular,5,Delete,ConfigMap,false
9.981248016,Regular,5,Delete,Deployment,false
9.002060785,Regular,6,Create,Deployment,false
9.021573391,Regular,6,Create,ConfigMap,false
9.041830104,Regular,5,Update,Deployment,false
9.061907608,Regular,6,Delete,ConfigMap,false
9.08167176,Regular,5,Delete,Deployment,false
9.101929214,Regular,6,Create,Deployment,false
9.121915897,Regular,5,Create,ConfigMap,false
9.141230609,Regular,5,Update,Deployment,false
9.16210527,Regular,5,Delete,ConfigMap,false
9.181470037,Regular,2,Delete,Deployment,false
9.201316104,Regular,6,Create,Deployment,false
9.22230439,Regular,6,Create,ConfigMap,false
9.241915532,Regular,7,Update,Deployment,false
9.261404875,Regular,4,Delete,ConfigMap,false
9.281979268,Regular,6,Delete,Deployment,false
9.301706811,Regular,8,Create,Deployment,false
9.321731556,Regular,5,Create,ConfigMap,false
9.341377264,Regular,6,Update,Deployment,false
9.361940335,Regular,7,Delete,ConfigMap,false
9.381933781,Regular,3,Delete,Deployment,false
9.401985997,Regular,5,Create,Deployment,false
9.42166071,Regular,4,Create,ConfigMap,false
9.442299806,Regular,8,Update,Deployment,false
9.462083004,Regular,5,Delete,ConfigMap,false
9.482069706,Regular,3,Delete,Deployment,false
9.501759638,Regular,6,Create,Deployment,false
9.522003907,Regular,7,Create,ConfigMap,false
9.542214172,Regular,6,Update,Deployment,false
9.562134349,Regular,2,Delete,ConfigMap,false
9.582208366,Regular,4,Delete,Deployment,false
9.601628398,Regular,6,Create,Deployment,false
9.621603058,Regular,6,Create,ConfigMap,false
9.641834393,Regular,9,Update,Deployment,false
9.662242121,Regular,4,Delete,ConfigMap,false
9.681955898,Regular,4,Delete,Deployment,false
9.701232749,Regular,6,Create,Deployment,false
9.722111177,Regular,8,Create,ConfigMap,false
9.742028147,Regular,6,Update,Deployment,false
9.762216691,Regular,4,Delete,ConfigMap,false
9.781993517,Regular,5,Delete,Deployment,false
9.801767859,Regular,10,Create,Deployment,false
9.822318227,Regular,7,Create,ConfigMap,false
9.842267258,Regular,7,Update,Deployment,false
9.861980814,Regular,5,Delete,ConfigMap,false
9.882248658,Regular,4,Delete,Deployment,false
9.902158656,Regular,5,Create,Deployment,false
9.921645383,Regular,6,Create,ConfigMap,false
9.942264270999999,Regular,7,Update,Deployment,false
9.961691686,Regular,4,Delete,ConfigMap,false
9.981332605,Regular,4,Delete,Deployment,false
9.002064452,Regular,6,Create,Deployment,false
9.021691564,Regular,6,Create,ConfigMap,false
9.041840854,Regular,5,Update,Deployment,false
9.06185041,Regular,8,Delete,ConfigMap,false
9.081807557,Regular,5,Delete,Deployment,false
9.101971725,Regular,6,Create,Deployment,false
9.121958538,Regular,5,Create,ConfigMap,false
9.14128937,Regular,4,Update,Deployment,false
9.162197314,Regular,5,Delete,ConfigMap,false
9.181461341,Regular,3,Delete,Deployment,false
9.201366519,Regular,6,Create,Deployment,false
9.222196265000001,Regular,4,Create,ConfigMap,false
9.242013918,Regular,7,Update,Deployment,false
9.261352686,Regular,2,Delete,ConfigMap,false
9.281910388,Regular,6,Delete,Deployment,false
9.30167438,Regular,8,Create,Deployment,false
9.321659489,Regular,5,Create,ConfigMap,false
9.34128552,Regular,6,Update,Deployment,false
9.361793518,Regular,3,Delete,ConfigMap,false
9.381925886,Regular,3,Delete,Deployment,false
9.401939449,Regular,6,Create,Deployment,false
9.421631565,Regular,5,Create,ConfigMap,false
9.442206128,Regular,8,Update,Deployment,false
9.462033951,Regular,5,Delete,ConfigMap,false
9.482026274,Regular,4,Delete,Deployment,false
9.501798381,Regular,6,Create,Deployment,false
9.522017953,Regular,6,Create,ConfigMap,false
9.542295165,Regular,5,Update,Deployment,false
9.562209601,Regular,3,Delete,ConfigMap,false
9.582137503,Regular,4,Delete,Deployment,false
9.601810282,Regular,8,Create,Deployment,false
9.621568713,Regular,6,Create,ConfigMap,false
9.641918452,Regular,10,Update,Deployment,false
9.662199631,Regular,3,Delete,ConfigMap,false
9.681955357,Regular,4,Delete,Deployment,false
9.701333108,Regular,7,Create,Deployment,false
9.722005497,Regular,8,Create,ConfigMap,false
9.741931314,Regular,7,Update,Deployment,false
9.762314015,Regular,4,Delete,ConfigMap,false
9.782119916,Regular,5,Delete,Deployment,false
9.801716422,Regular,10,Create,Deployment,false
9.822220943,Regular,7,Create,ConfigMap,false
9.842138264,Regular,6,Update,Deployment,false
9.861935068,Regular,5,Delete,ConfigMap,false
9.882213330999999,Regular,4,Delete,Deployment,false
9.902245379,Regular,6,Create,Deployment,false
9.921829181,Regular,5,Create,ConfigMap,false
9.942316098,Regular,7,Update,Deployment,false
9.961646421,Regular,5,Delete,ConfigMap,false
9.981221836,Regular,5,Delete,Deployment,false
10.002275715,Regular,5,Create,Deployment,false
10.002297707,Regular,6,Create,Deployment,false
10.002477597,Regular,6,Create,Deployment,false
9.021670314,Regular,4,Create,ConfigMap,false
9.04190227,Regular,5,Update,Deployment,false
9.061822046,Regular,7,Delete,ConfigMap,false
9.081754607,Regular,5,Delete,Deployment,false
9.101893226,Regular,6,Create,Deployment,false
9.121878246,Regular,5,Create,ConfigMap,false
9.14124141,Regular,6,Update,Deployment,false
9.162171946,Regular,5,Delete,ConfigMap,false
9.18143431,Regular,3,Delete,Deployment,false
9.201272221,Regular,6,Create,Deployment,false
9.22224092,Regular,6,Create,ConfigMap,false
9.242043033,Regular,7,Update,Deployment,false
9.261435844,Regular,4,Delete,ConfigMap,false
9.281818124,Regular,5,Delete,Deployment,false
9.301816017,Regular,5,Create,Deployment,false
9.32167043,Regular,5,Create,ConfigMap,false
9.341297142,Regular,6,Update,Deployment,false
9.361818275,Regular,7,Delete,ConfigMap,false
9.381884668,Regular,3,Delete,Deployment,false
9.401952614,Regular,6,Create,Deployment,false
9.421610385,Regular,5,Create,ConfigMap,false
9.442282773,Regular,8,Update,Deployment,false
9.46206525,Regular,5,Delete,ConfigMap,false
9.482123989,Regular,4,Delete,Deployment,false
9.501709162000001,Regular,6,Create,Deployment,false
9.52207444,Regular,6,Create,ConfigMap,false
9.542296167,Regular,6,Update,Deployment,false
9.562147554,Regular,3,Delete,ConfigMap,false
9.582171617,Regular,4,Delete,Deployment,false
9.601693902,Regular,8,Create,Deployment,false
9.621491607,Regular,6,Create,ConfigMap,false
9.64195458,Regular,9,Update,Deployment,false
9.66215161,Regular,4,Delete,ConfigMap,false
9.681957341,Regular,4,Delete,Deployment,false
9.701314062,Regular,6,Create,Deployment,false
9.722020866,Regular,9,Create,ConfigMap,false
9.741980948,Regular,6,Update,Deployment,false
9.762229736,Regular,4,Delete,ConfigMap,false
9.782003927,Regular,5,Delete,Deployment,false
9.801801222,Regular,10,Create,Deployment,false
9.822317826,Regular,4,Create,ConfigMap,false
9.842154936,Regular,7,Update,Deployment,false
9.861958091,Regular,5,Delete,ConfigMap,false
9.882273355,Regular,4,Delete,Deployment,false
9.902172071,Regular,5,Create,Deployment,false
9.921686481,Regular,5,Create,ConfigMap,false
9.942305699,Regular,7,Update,Deployment,false
9.961671759,Regular,5,Delete,ConfigMap,false
9.981285276,Regular,4,Delete,Deployment,false
10.002332182,Regular,6,Create,Deployment,false
10.002266688,Regular,7,Create,Deployment,false
10.002305211,Regular,7,Create,Deployment,false
9.021622714,Regular,6,Create,ConfigMap,false
9.041910646,Regular,5,Update,Deployment,false
9.061840702,Regular,8,Delete,ConfigMap,false
9.081735641,Regular,5,Delete,Deployment,false
9.101970232,Regular,6,Create,Deployment,false
9.121904766,Regular,3,Create,ConfigMap,false
9.141264864,Regular,5,Update,Deployment,false
9.162117654,Regular,5,Delete,ConfigMap,false
9.181416566,Regular,3,Delete,Deployment,false
9.201300014,Regular,6,Create,Deployment,false
9.222176027,Regular,6,Create,ConfigMap,false
9.241954676,Regular,7,Update,Deployment,false
9.261379407,Regular,4,Delete,ConfigMap,false
9.281983446,Regular,7,Delete,Deployment,false
9.301728572,Regular,8,Create,Deployment,false
9.321735854,Regular,5,Create,ConfigMap,false
9.341352647,Regular,6,Update,Deployment,false
9.361772698,Regular,4,Delete,ConfigMap,false
9.381836737,Regular,2,Delete,Deployment,false
9.401905836,Regular,4,Create,Deployment,false
9.421601879,Regular,4,Create,ConfigMap,false
9.442214645,Regular,9,Update,Deployment,false
9.462155581,Regular,5,Delete,ConfigMap,false
9.48210866,Regular,4,Delete,Deployment,false
9.501813139,Regular,6,Create,Deployment,false
9.522105819,Regular,6,Create,ConfigMap,false
9.542226064,Regular,6,Update,Deployment,false
9.561433084,Regular,4,Delete,ConfigMap,false
9.582186315,Regular,4,Delete,Deployment,false
9.601618359,Regular,8,Create,Deployment,false
9.62146673,Regular,6,Create,ConfigMap,false
9.641934342,Regular,8,Update,Deployment,false
9.66216207,Regular,4,Delete,ConfigMap,false
9.681913287,Regular,4,Delete,Deployment,false
9.701261884000001,Regular,6,Create,Deployment,false
9.722078194,Regular,9,Create,ConfigMap,false
9.74211965,Regular,6,Update,Deployment,false
9.762203857,Regular,3,Delete,ConfigMap,false
9.781972788000001,Regular,5,Delete,Deployment,false
9.801781955,Regular,8,Create,Deployment,false
9.822255177,Regular,7,Create,ConfigMap,false
9.842270975,Regular,7,Update,Deployment,false
9.861879102,Regular,5,Delete,ConfigMap,false
9.882257264,Regular,4,Delete,Deployment,false
9.902222767,Regular,5,Create,Deployment,false
9.922012367,Regular,5,Create,ConfigMap,false
9.942361905,Regular,7,Update,Deployment,false
9.961661569,Regular,5,Delete,ConfigMap,false
9.981258265,Regular,5,Delete,Deployment,false
10.002316863,Regular,7,Create,Deployment,false
9.021559335,Regular,6,Create,ConfigMap,false
9.04185977,Regular,5,Update,Deployment,false
9.06188196,Regular,8,Delete,ConfigMap,false
9.081751741,Regular,5,Delete,Deployment,false
9.101918314,Regular,6,Create,Deployment,false
9.121960982,Regular,5,Create,ConfigMap,false
9.141287337,Regular,6,Update,Deployment,false
9.162202164,Regular,5,Delete,ConfigMap,false
9.181428569,Regular,3,Delete,Deployment,false
9.201373753,Regular,6,Create,Deployment,false
9.222264725,Regular,6,Create,ConfigMap,false
9.241923868,Regular,7,Update,Deployment,false
9.261411528,Regular,4,Delete,ConfigMap,false
9.281912993,Regular,7,Delete,Deployment,false
9.301761144,Regular,8,Create,Deployment,false
9.321684026,Regular,3,Create,ConfigMap,false
9.341309626,Regular,6,Update,Deployment,false
9.361969891,Regular,7,Delete,ConfigMap,false
9.381915757,Regular,3,Delete,Deployment,false
9.401984384,Regular,5,Create,Deployment,false
9.421627978,Regular,5,Create,ConfigMap,false
9.442301188,Regular,8,Update,Deployment,false
9.462091429,Regular,5,Delete,ConfigMap,false
9.482123768,Regular,4,Delete,Deployment,false
9.501723229,Regular,6,Create,Deployment,false
9.522059392,Regular,6,Create,ConfigMap,false
9.542204674,Regular,6,Update,Deployment,false
9.562200815,Regular,3,Delete,ConfigMap,false
9.582225919999999,Regular,4,Delete,Deployment,false
9.601762742,Regular,7,Create,Deployment,false
9.621502187,Regular,6,Create,ConfigMap,false
9.641772947,Regular,10,Update,Deployment,false
9.662189632,Regular,4,Delete,ConfigMap,false
9.681841692,Regular,4,Delete,Deployment,false
9.701274678,Regular,7,Create,Deployment,false
9.722035343,Regular,8,Create,ConfigMap,false
9.742056872,Regular,6,Update,Deployment,false
9.762242781,Regular,4,Delete,ConfigMap,false
9.782018895,Regular,5,Delete,Deployment,false
9.801913644,Regular,8,Create,Deployment,false
9.822178913,Regular,7,Create,ConfigMap,false
9.842267378,Regular,7,Update,Deployment,false
9.861839137,Regular,5,Delete,ConfigMap,false
9.882306728,Regular,4,Delete,Deployment,false
9.902193912,Regular,6,Create,Deployment,false
9.921666343,Regular,6,Create,ConfigMap,false
9.942271654,Regular,5,Update,Deployment,false
9.961747601999999,Regular,5,Delete,ConfigMap,false
9.9812979,Regular,5,Delete,Deployment,false
10.002277839,Regular,7,Create,Deployment,false
10.002381806,Regular,7,Create,Deployment,false
