start_time,role,duration_ms,operation,resource,is_error
0.002503551,Regular,21,Create,Deployment,false
0.002297191,Regular,22,Create,Deployment,false
0.002189237,Regular,27,Create,Deployment,false
0.002294997,Regular,27,Create,Deployment,false
0.002216008,Regular,21,Create,Deployment,false
0.023721345,Regular,48,Create,ConfigMap,false
0.072101316,Regular,7,Update,Deployment,false
0.079974724,Regular,9,Delete,ConfigMap,false
0.089072084,Regular,10,Delete,Deployment,false
0.102340597,Regular,11,Create,Deployment,false
0.122320752,Regular,10,Create,ConfigMap,false
0.142521905,Regular,9,Update,Deployment,false
0.162706948,Regular,4,Delete,ConfigMap,false
0.182446418,Regular,4,Delete,Deployment,false
0.202051545,Regular,8,Create,Deployment,false
0.22241249,Regular,6,Create,ConfigMap,false
0.241886849,Regular,10,Update,Deployment,false
0.26256337,Regular,4,Delete,ConfigMap,false
0.282116008,Regular,7,Delete,Deployment,false
0.302610696,Regular,10,Create,Deployment,false
0.322896869,Regular,9,Create,ConfigMap,false
0.34262062,Regular,12,Update,Deployment,false
0.36282011,Regular,10,Delete,ConfigMap,false
0.382103729,Regular,7,Delete,Deployment,false
0.402126865,Regular,8,Create,Deployment,false
0.422527415,Regular,6,Create,ConfigMap,false
0.442157559,Regular,6,Update,Deployment,false
0.461839691,Regular,4,Delete,ConfigMap,false
0.482247515,Regular,4,Delete,Deployment,false
0.501851519,Regular,6,Create,Deployment,false
0.522132002,Regular,5,Create,ConfigMap,false
0.542416011,Regular,10,Update,Deployment,false
0.562243428,Regular,4,Delete,ConfigMap,false
0.582133222,Regular,4,Delete,Deployment,false
0.602519866,Regular,7,Create,Deployment,false
0.622549054,Regular,6,Create,ConfigMap,false
0.642783429,Regular,6,Update,Deployment,false
0.66198323,Regular,4,Delete,ConfigMap,false
0.682266839,Regular,4,Delete,Deployment,false
0.702644125,Regular,6,Create,Deployment,false
0.722715272,Regular,5,Create,ConfigMap,false
0.742925652,Regular,5,Update,Deployment,false
0.761876813,Regular,4,Delete,ConfigMap,false
0.782101831,Regular,6,Delete,Deployment,false
0.802001274,Regular,7,Create,Deployment,false
0.82209799,Regular,7,Create,ConfigMap,false
0.841975902,Regular,8,Update,Deployment,false
0.861957169,Regular,5,Delete,ConfigMap,false
0.882897198,Regular,6,Delete,Deployment,false
0.902580032,Regular,5,Create,Deployment,false
0.922340792,Regular,5,Create,ConfigMap,false
0.94182473,Regular,6,Update,Deployment,false
0.962145218,Regular,4,Delete,ConfigMap,false
0.982173114,Regular,5,Delete,Deployment,false
0.029896925,Regular,8,Create,ConfigMap,false
0.042562558,Regular,7,Update,Deployment,false
0.06216525,Regular,9,Delete,ConfigMap,false
0.08393649,Regular,11,Delete,Deployment,false
0.102584107,Regular,15,Create,Deployment,false
0.122523876,Regular,9,Create,ConfigMap,false
0.14255062,Regular,9,Update,Deployment,false
0.162674717,Regular,4,Delete,ConfigMap,false
0.182438343,Regular,4,Delete,Deployment,false
0.20193242,Regular,8,Create,Deployment,false
0.222463967,Regular,5,Create,ConfigMap,false
0.241798643,Regular,11,Update,Deployment,false
0.262621691,Regular,6,Delete,ConfigMap,false
0.282137158,Regular,7,Delete,Deployment,false
0.302662333,Regular,11,Create,Deployment,false
0.323060959,Regular,9,Create,ConfigMap,false
0.342494852,Regular,8,Update,Deployment,false
0.362846309,Regular,9,Delete,ConfigMap,false
0.382070095,Regular,7,Delete,Deployment,false
0.402253354,Regular,8,Create,Deployment,false
0.422532475,Regular,5,Create,ConfigMap,false
0.442141929,Regular,5,Update,Deployment,false
0.46184973,Regular,4,Delete,ConfigMap,false
0.482168655,Regular,4,Delete,Deployment,false
0.50198434,Regular,5,Create,Deployment,false
0.522145607,Regular,6,Create,ConfigMap,false
0.542349586,Regular,12,Update,Deployment,false
0.562158598,Regular,5,Delete,ConfigMap,false
0.581959454,Regular,5,Delete,Deployment,false
0.602274422,Regular,7,Create,Deployment,false
0.622622092,Regular,5,Create,ConfigMap,false
0.64274137,Regular,6,Update,Deployment,false
0.661958514,Regular,4,Delete,ConfigMap,false
0.68219332,Regular,4,Delete,Deployment,false
0.702691905,Regular,5,Create,Deployment,false
0.722789973,Regular,5,Create,ConfigMap,false
0.742820884,Regular,8,Update,Deployment,false
0.761930374,Regular,4,Delete,ConfigMap,false
0.781934816,Regular,6,Delete,Deployment,false
0.801948585,Regular,7,Create,Deployment,false
0.822136923,Regular,8,Create,ConfigMap,false
0.842025766,Regular,8,Update,Deployment,false
0.861910972,Regular,5,Delete,ConfigMap,false
0.882846773,Regular,6,Delete,Deployment,false
0.902490753,Regular,6,Create,Deployment,false
0.922320364,Regular,5,Create,ConfigMap,false
0.941884874,Regular,6,Update,Deployment,false
0.962065718,Regular,4,Delete,ConfigMap,false
0.98208084,Regular,5,Delete,Deployment,false
0.002210047,Regular,27,Create,Deployment,false
0.029959072,Regular,7,Create,ConfigMap,false
0.042527352,Regular,9,Update,Deployment,false
0.062019695,Regular,10,Delete,ConfigMap,false
0.083849977,Regular,10,Delete,Deployment,false
0.102173772,Regular,12,Create,Deployment,false
0.122547922,Regular,9,Create,ConfigMap,false
0.142326596,Regular,10,Update,Deployment,false
0.162738598,Regular,4,Delete,ConfigMap,false
0.182397115,Regular,4,Delete,Deployment,false
0.202022911,Regular,7,Create,Deployment,false
0.222440633,Regular,6,Create,ConfigMap,false
0.241841414,Regular,11,Update,Deployment,false
0.262656937,Regular,6,Delete,ConfigMap,false
0.282239571,Regular,7,Delete,Deployment,false
0.302538359,Regular,11,Create,Deployment,false
0.322833289,Regular,8,Create,ConfigMap,false
0.342643283,Regular,12,Update,Deployment,false
0.36277819,Regular,10,Delete,ConfigMap,false
0.382046801,Regular,7,Delete,Deployment,false
0.40224583,Regular,8,Create,Deployment,false
0.422430833,Regular,6,Create,ConfigMap,false
0.442120158,Regular,6,Update,Deployment,false
0.46178639,Regular,4,Delete,ConfigMap,false
0.482178725,Regular,4,Delete,Deployment,false
0.501961597,Regular,5,Create,Deployment,false
0.522112745,Regular,5,Create,ConfigMap,false
0.542386886,Regular,11,Update,Deployment,false
0.562253026,Regular,4,Delete,ConfigMap,false
0.582045677,Regular,4,Delete,Deployment,false
0.60244288,Regular,6,Create,Deployment,false
0.622517133,Regular,6,Create,ConfigMap,false
0.642731912,Regular,5,Update,Deployment,false
0.661990264,Regular,2,Delete,ConfigMap,false
0.682288299,Regular,3,Delete,Deployment,false
0.702614098,Regular,4,Create,Deployment,false
0.722721213,Regular,5,Create,ConfigMap,false
0.742944919,Regular,7,Update,Deployment,false
0.761845724,Regular,5,Delete,ConfigMap,false
0.782104857,Regular,4,Delete,Deployment,false
0.801879925,Regular,7,Create,Deployment,false
0.822101356,Regular,8,Create,ConfigMap,false
0.842058568,Regular,8,Update,Deployment,false
0.862018445,Regular,5,Delete,ConfigMap,false
0.882997487,Regular,4,Delete,Deployment,false
0.902465826,Regular,5,Create,Deployment,false
0.922205336,Regular,5,Create,ConfigMap,false
0.941859005,Regular,6,Update,Deployment,false
0.962157251,Regular,4,Delete,ConfigMap,false
0.982142456,Regular,5,Delete,Deployment,false
0.024141419,Regular,11,Create,ConfigMap,false
0.042628192,Regular,7,Update,Deployment,false
0.062336614,Regular,9,Delete,ConfigMap,false
0.083822475,Regular,12,Delete,Deployment,false
0.102340367,Regular,15,Create,Deployment,false
0.12246234,Regular,10,Create,ConfigMap,false
0.142583732,Regular,9,Update,Deployment,false
0.162780286,Regular,4,Delete,ConfigMap,false
0.182319138,Regular,4,Delete,Deployment,false
0.201971293,Regular,8,Create,Deployment,false
0.222362686,Regular,6,Create,ConfigMap,false
0.241766091,Regular,11,Update,Deployment,false
0.262704166,Regular,6,Delete,ConfigMap,false
0.282067146,Regular,7,Delete,Deployment,false
0.302592241,Regular,10,Create,Deployment,false
0.323024029,Regular,8,Create,ConfigMap,false
0.342681595,Regular,15,Update,Deployment,false
0.362754606,Regular,11,Delete,ConfigMap,false
0.381991797,Regular,6,Delete,Deployment,false
0.402090036,Regular,8,Create,Deployment,false
0.422511024,Regular,6,Create,ConfigMap,false
0.442219195,Regular,6,Update,Deployment,false
0.461864608,Regular,3,Delete,ConfigMap,false
0.482263084,Regular,4,Delete,Deployment,false
0.501865405,Regular,5,Create,Deployment,false
0.522202816,Regular,4,Create,ConfigMap,false
0.542365616,Regular,12,Update,Deployment,false
0.562221667,Regular,4,Delete,ConfigMap,false
0.581995963,Regular,3,Delete,Deployment,false
0.602325438,Regular,6,Create,Deployment,false
0.622555195,Regular,5,Create,ConfigMap,false
0.642758963,Regular,6,Update,Deployment,false
0.662039927,Regular,3,Delete,ConfigMap,false
0.682226793,Regular,2,Delete,Deployment,false
0.702677097,Regular,6,Create,Deployment,false
0.72261933,Regular,5,Create,ConfigMap,false
0.742890105,Regular,7,Update,Deployment,false
0.761923521,Regular,2,Delete,ConfigMap,false
0.782046918,Regular,5,Delete,Deployment,false
0.801910362,Regular,7,Create,Deployment,false
0.822250558,Regular,7,Create,ConfigMap,false
0.841927691,Regular,7,Update,Deployment,false
0.862043101,Regular,5,Delete,ConfigMap,false
0.883203457,Regular,6,Delete,Deployment,false
0.90250531,Regular,7,Create,Deployment,false
0.922250091,Regular,6,Create,ConfigMap,false
0.941802869,Regular,6,Update,Deployment,false
0.962084583,Regular,4,Delete,ConfigMap,false
0.982225473,Regular,5,Delete,Deployment,false
0.024891817,Regular,10,Create,ConfigMap,false
0.042594909,Regular,7,Update,Deployment,false
0.062259348,Regular,9,Delete,ConfigMap,false
0.083075133,Regular,10,Delete,Deployment,false
0.102339004,Regular,15,Create,Deployment,false
0.122364726,Regular,11,Create,ConfigMap,false
0.142265421,Regular,10,Update,Deployment,false
0.162662905,Regular,3,Delete,ConfigMap,false
0.182413847,Regular,4,Delete,Deployment,false
0.201961515,Regular,8,Create,Deployment,false
0.222485939,Regular,6,Create,ConfigMap,false
0.241877391,Regular,10,Update,Deployment,false
0.262628083,Regular,6,Delete,ConfigMap,false
0.282239161,Regular,7,Delete,Deployment,false
0.302447798,Regular,11,Create,Deployment,false
0.323046562,Regular,9,Create,ConfigMap,false
0.342696263,Regular,15,Update,Deployment,false
0.363083317,Regular,10,Delete,ConfigMap,false
0.381983582,Regular,7,Delete,Deployment,false
0.402155269,Regular,9,Create,Deployment,false
0.422416175,Regular,6,Create,ConfigMap,false
0.442207884,Regular,6,Update,Deployment,false
0.461869347,Regular,4,Delete,ConfigMap,false
0.48215521,Regular,4,Delete,Deployment,false
0.501891044,Regular,5,Create,Deployment,false
0.522160476,Regular,5,Create,ConfigMap,false
0.542294081,Regular,12,Update,Deployment,false
0.562189215,Regular,4,Delete,ConfigMap,false
0.582029386,Regular,4,Delete,Deployment,false
0.60240048,Regular,5,Create,Deployment,false
0.622533534,Regular,6,Create,ConfigMap,false
0.642766067,Regular,6,Update,Deployment,false
0.661946611,Regular,3,Delete,ConfigMap,false
0.682213969,Regular,4,Delete,Deployment,false
0.702687867,Regular,6,Create,Deployment,false
0.722602108,Regular,4,Create,ConfigMap,false
0.742875247,Regular,7,Update,Deployment,false
0.761933931,Regular,4,Delete,ConfigMap,false
0.781933553,Regular,6,Delete,Deployment,false
0.801897738,Regular,7,Create,Deployment,false
0.822221313,Regular,7,Create,ConfigMap,false
0.842077213,Regular,7,Update,Deployment,false
0.861898999,Regular,5,Delete,ConfigMap,false
0.883001275,Regular,7,Delete,Deployment,false
0.902519587,Regular,7,Create,Deployment,false
0.92219133,Regular,5,Create,ConfigMap,false
0.941869204,Regular,6,Update,Deployment,false
0.962120591,Regular,4,Delete,ConfigMap,false
0.982114123,Regular,4,Delete,Deployment,false
0.002510905,Regular,21,Create,Deployment,false
0.024273819,Regular,11,Create,ConfigMap,false
0.04264298,Regular,8,Update,Deployment,false
0.061814327,Regular,9,Delete,ConfigMap,false
0.083786827,Regular,11,Delete,Deployment,false
0.102349364,Regular,15,Create,Deployment,false
0.122451409,Regular,10,Create,ConfigMap,false
0.142602027,Regular,9,Update,Deployment,false
0.162783282,Regular,4,Delete,ConfigMap,false
0.182464322,Regular,3,Delete,Deployment,false
0.202005608,Regular,8,Create,Deployment,false
0.222378215,Regular,5,Create,ConfigMap,false
0.24194032,Regular,11,Update,Deployment,false
0.262551037,Regular,6,Delete,ConfigMap,false
0.282078086,Regular,7,Delete,Deployment,false
0.302483335,Regular,11,Create,Deployment,false
0.323022837,Regular,9,Create,ConfigMap,false
0.34265763,Regular,12,Update,Deployment,false
0.362972157,Regular,10,Delete,ConfigMap,false
0.381980356,Regular,7,Delete,Deployment,false
0.40207648,Regular,9,Create,Deployment,false
0.422521113,Regular,6,Create,ConfigMap,false
0.442204107,Regular,6,Update,Deployment,false
0.461867083,Regular,2,Delete,ConfigMap,false
0.482237956,Regular,4,Delete,Deployment,false
0.501948051,Regular,6,Create,Deployment,false
0.522105792,Regular,5,Create,ConfigMap,false
0.542428805,Regular,10,Update,Deployment,false
0.562205466,Regular,3,Delete,ConfigMap,false
0.581938995,Regular,4,Delete,Deployment,false
0.602541296,Regular,6,Create,Deployment,false
0.622622302,Regular,4,Create,ConfigMap,false
0.642807124,Regular,6,Update,Deployment,false
0.662024428,Regular,4,Delete,ConfigMap,false
0.682180125,Regular,4,Delete,Deployment,false
0.702658181,Regular,6,Create,Deployment,false
0.722563755,Regular,6,Create,ConfigMap,false
0.742852434,Regular,7,Update,Deployment,false
0.761948889,Regular,4,Delete,ConfigMap,false
0.782129554,Regular,5,Delete,Deployment,false
0.801931041,Regular,7,Create,Deployment,false
0.822175606,Regular,5,Create,ConfigMap,false
0.842006359,Regular,7,Update,Deployment,false
0.862033333,Regular,4,Delete,ConfigMap,false
0.882917837,Regular,4,Delete,Deployment,false
0.902590291,Regular,7,Create,Deployment,false
0.922224362,Regular,5,Create,ConfigMap,false
0.941858404,Regular,5,Update,Deployment,false
0.962133035,Regular,3,Delete,ConfigMap,false
0.982198252,Regular,5,Delete,Deployment,false
0.002510484,Regular,27,Create,Deployment,false
0.029999138,Regular,10,Create,ConfigMap,false
0.042544083,Regular,9,Update,Deployment,false
0.061954572,Regular,9,Delete,ConfigMap,false
0.083763543,Regular,11,Delete,Deployment,false
0.102136992,Regular,12,Create,Deployment,false
0.122449736,Regular,11,Create,ConfigMap,false
0.142501737,Regular,9,Update,Deployment,false
0.162748386,Regular,4,Delete,ConfigMap,false
0.182349375,Regular,4,Delete,Deployment,false
0.202034733,Regular,8,Create,Deployment,false
0.2224232,Regular,6,Create,ConfigMap,false
0.241860049,Regular,10,Update,Deployment,false
0.262596313,Regular,6,Delete,ConfigMap,false
0.282223441,Regular,7,Delete,Deployment,false
0.302455062,Regular,8,Create,Deployment,false
0.322925403,Regular,9,Create,ConfigMap,false
0.342667038,Regular,13,Update,Deployment,false
0.363044574,Regular,10,Delete,ConfigMap,false
0.381904492,Regular,7,Delete,Deployment,false
0.402244277,Regular,8,Create,Deployment,false
0.422484825,Regular,6,Create,ConfigMap,false
0.442175653,Regular,6,Update,Deployment,false
0.461797662,Regular,4,Delete,ConfigMap,false
0.48222942,Regular,3,Delete,Deployment,false
0.501997124,Regular,5,Create,Deployment,false
0.52217855,Regular,5,Create,ConfigMap,false
0.542339567,Regular,11,Update,Deployment,false
0.562253277,Regular,4,Delete,ConfigMap,false
0.581976747,Regular,4,Delete,Deployment,false
0.602335818,Regular,6,Create,Deployment,false
0.62260527,Regular,5,Create,ConfigMap,false
0.642722585,Regular,6,Update,Deployment,false
0.662010722,Regular,4,Delete,ConfigMap,false
0.682254455,Regular,4,Delete,Deployment,false
0.702602947,Regular,6,Create,Deployment,false
0.722726393,Regular,5,Create,ConfigMap,false
0.742839399,Regular,6,Update,Deployment,false
0.761910437,Regular,5,Delete,ConfigMap,false
0.781963119,Regular,6,Delete,Deployment,false
0.80186671,Regular,7,Create,Deployment,false
0.822123818,Regular,8,Create,ConfigMap,false
0.841940735,Regular,8,Update,Deployment,false
0.861924708,Regular,5,Delete,ConfigMap,false
0.883021533,Regular,7,Delete,Deployment,false
0.902479612,Regular,6,Create,Deployment,false
0.922315264,Regular,5,Create,ConfigMap,false
0.941811755,Regular,6,Update,Deployment,false
0.962157551,Regular,4,Delete,ConfigMap,false
0.982153798,Regular,5,Delete,Deployment,false
1.002247276,Regular,5,Create,Deployment,false
0.029896875,Regular,11,Create,ConfigMap,false
0.042511732,Regular,9,Update,Deployment,false
0.061780593,Regular,10,Delete,ConfigMap,false
0.083882448,Regular,11,Delete,Deployment,false
0.102198599,Regular,14,Create,Deployment,false
0.122345349,Regular,8,Create,ConfigMap,false
0.142602648,Regular,9,Update,Deployment,false
0.162765128,Regular,4,Delete,ConfigMap,false
0.182425278,Regular,4,Delete,Deployment,false
0.201946306,Regular,5,Create,Deployment,false
0.222491008,Regular,6,Create,ConfigMap,false
0.241922276,Regular,10,Update,Deployment,false
0.262679861,Regular,5,Delete,ConfigMap,false
0.282237998,Regular,4,Delete,Deployment,false
0.302563487,Regular,11,Create,Deployment,false
0.322833279,Regular,9,Create,ConfigMap,false
0.342502377,Regular,12,Update,Deployment,false
0.363035947,Regular,10,Delete,ConfigMap,false
0.381912758,Regular,7,Delete,Deployment,false
0.402104914,Regular,7,Create,Deployment,false
0.422491086,Regular,6,Create,ConfigMap,false
0.442197585,Regular,6,Update,Deployment,false
0.461774748,Regular,4,Delete,ConfigMap,false
0.482214382,Regular,4,Delete,Deployment,false
0.501933434,Regular,6,Create,Deployment,false
0.522188869,Regular,5,Create,ConfigMap,false
0.542381636,Regular,12,Update,Deployment,false
0.56217068,Regular,5,Delete,ConfigMap,false
0.581927053,Regular,4,Delete,Deployment,false
0.602451477,Regular,6,Create,Deployment,false
0.622585553,Regular,6,Create,ConfigMap,false
0.64270944,Regular,6,Update,Deployment,false
0.662038404,Regular,4,Delete,ConfigMap,false
0.682164576,Regular,4,Delete,Deployment,false
0.702629828,Regular,6,Create,Deployment,false
0.722699332,Regular,6,Create,ConfigMap,false
0.742816466,Regular,7,Update,Deployment,false
0.761834423,Regular,4,Delete,ConfigMap,false
0.782023223,Regular,6,Delete,Deployment,false
0.801967921,Regular,7,Create,Deployment,false
0.822227204,Regular,7,Create,ConfigMap,false
0.842036336,Regular,5,Update,Deployment,false
0.862019507,Regular,5,Delete,ConfigMap,false
0.882820413,Regular,7,Delete,Deployment,false
0.902454054,Regular,6,Create,Deployment,false
0.922240222,Regular,4,Create,ConfigMap,false
0.941869414,Regular,6,Update,Deployment,false
0.962099642,Regular,4,Delete,ConfigMap,false
0.982224101,Regular,5,Delete,Deployment,false
1.002167606,Regular,5,Create,Deployment,false
0.002511406,Regular,20,Create,Deployment,false
0.02260203,Regular,10,Create,ConfigMap,false
0.042628663,Regular,9,Update,Deployment,false
0.061969019,Regular,10,Delete,ConfigMap,false
0.083471782,Regular,11,Delete,Deployment,false
0.102502944,Regular,14,Create,Deployment,false
0.122635628,Regular,9,Create,ConfigMap,false
0.142431685,Regular,10,Update,Deployment,false
0.162720854,Regular,4,Delete,ConfigMap,false
0.18237856,Regular,4,Delete,Deployment,false
0.201985811,Regular,8,Create,Deployment,false
0.22245517,Regular,6,Create,ConfigMap,false
0.24187667,Regular,8,Update,Deployment,false
0.262543292,Regular,6,Delete,ConfigMap,false
0.282240373,Regular,7,Delete,Deployment,false
0.302572203,Regular,11,Create,Deployment,false
0.322883293,Regular,6,Create,ConfigMap,false
0.342563702,Regular,13,Update,Deployment,false
0.362909198,Regular,10,Delete,ConfigMap,false
0.38204609,Regular,7,Delete,Deployment,false
0.402060199,Regular,8,Create,Deployment,false
0.422452393,Regular,6,Create,ConfigMap,false
0.44224256,Regular,6,Update,Deployment,false
0.461824703,Regular,3,Delete,ConfigMap,false
0.482247304,Regular,4,Delete,Deployment,false
0.501900642,Regular,6,Create,Deployment,false
0.522202745,Regular,5,Create,ConfigMap,false
0.542434136,Regular,10,Update,Deployment,false
0.562253327,Regular,4,Delete,ConfigMap,false
0.582108005,Regular,4,Delete,Deployment,false
0.602290713,Regular,7,Create,Deployment,false
0.622507796,Regular,6,Create,ConfigMap,false
0.642799019,Regular,6,Update,Deployment,false
0.662024789,Regular,4,Delete,ConfigMap,false
0.68226728,Regular,4,Delete,Deployment,false
0.702688849,Regular,6,Create,Deployment,false
0.722637665,Regular,5,Create,ConfigMap,false
0.742962171,Regular,7,Update,Deployment,false
0.761895679,Regular,4,Delete,ConfigMap,false
0.782076403,Regular,5,Delete,Deployment,false
0.801980926,Regular,7,Create,Deployment,false
0.82229938,Regular,7,Create,ConfigMap,false
0.841984318,Regular,7,Update,Deployment,false
0.861979812,Regular,5,Delete,ConfigMap,false
0.883077328,Regular,5,Delete,Deployment,false
0.902560154,Regular,6,Create,Deployment,false
0.922353647,Regular,5,Create,ConfigMap,false
0.941844627,Regular,6,Update,Deployment,false
0.962107967,Regular,4,Delete,ConfigMap,false
0.98207538,Regular,5,Delete,Deployment,false
1.002290007,Regular,6,Create,Deployment,false
0.002198515,Regular,22,Create,Deployment,false
0.024683443,Regular,8,Create,ConfigMap,false
0.042579059,Regular,7,Update,Deployment,false
0.061885662,Regular,9,Delete,ConfigMap,false
0.083710704,Regular,11,Delete,Deployment,false
0.102160968,Regular,15,Create,Deployment,false
0.122764271,Regular,9,Create,ConfigMap,false
0.142484124,Regular,10,Update,Deployment,false
0.16269223,Regular,4,Delete,ConfigMap,false
0.18236794,Regular,4,Delete,Deployment,false
0.20191678,Regular,8,Create,Deployment,false
0.222394526,Regular,6,Create,ConfigMap,false
0.241801889,Regular,11,Update,Deployment,false
0.262582517,Regular,6,Delete,ConfigMap,false
0.282104857,Regular,7,Delete,Deployment,false
0.302657895,Regular,10,Create,Deployment,false
0.322858286,Regular,9,Create,ConfigMap,false
0.34254133,Regular,11,Update,Deployment,false
0.362801725,Regular,10,Delete,ConfigMap,false
0.381904563,Regular,7,Delete,Deployment,false
0.402165999,Regular,9,Create,Deployment,false
0.422443527,Regular,5,Create,ConfigMap,false
0.442128203,Regular,6,Update,Deployment,false
0.461812039,Regular,4,Delete,ConfigMap,false
0.482196538,Regular,3,Delete,Deployment,false
0.501959172,Regular,5,Create,Deployment,false
0.522092457,Regular,6,Create,ConfigMap,false
0.542409609,Regular,11,Update,Deployment,false
0.562146976,Regular,4,Delete,ConfigMap,false
0.582045627,Regular,4,Delete,Deployment,false
0.602443321,Regular,7,Create,Deployment,false
0.622571687,Regular,6,Create,ConfigMap,false
0.642784752,Regular,6,Update,Deployment,false
0.661966408,Regular,4,Delete,ConfigMap,false
0.682275145,Regular,4,Delete,Deployment,false
0.702590523,Regular,6,Create,Deployment,false
0.722583843,Regular,6,Create,ConfigMap,false
0.742910634,Regular,7,Update,Deployment,false
0.761860312,Regular,4,Delete,ConfigMap,false
0.782050735,Regular,6,Delete,Deployment,false
0.801851992,Regular,5,Create,Deployment,false
0.822356498,Regular,7,Create,ConfigMap,false
0.841960753,Regular,7,Update,Deployment,false
0.861944345,Regular,5,Delete,ConfigMap,false
0.88284023,Regular,5,Delete,Deployment,false
0.902539425,Regular,7,Create,Deployment,false
0.922340852,Regular,5,Create,ConfigMap,false
0.941815903,Regular,4,Update,Deployment,false
0.962074574,Regular,4,Delete,ConfigMap,false
0.982104224,Regular,5,Delete,Deployment,false
1.002190228,Regular,6,Create,Deployment,false
1.002343989,Regular,5,Create,Deployment,false
1.022504726,Regular,7,Create,ConfigMap,false
1.042084774,Regular,20,Update,Deployment,false
1.062439988,Regular,5,Delete,ConfigMap,false
1.082882588,Regular,4,Delete,Deployment,false
1.10190876,Regular,5,Create,Deployment,false
1.122469303,Regular,7,Create,ConfigMap,false
1.14218055,Regular,25,Update,Deployment,false
1.168149822,Regular,16,Delete,ConfigMap,false
1.184502443,Regular,18,Delete,Deployment,false
1.202621522,Regular,21,Create,Deployment,false
1.224018034,Regular,17,Create,ConfigMap,false
1.242265234,Regular,29,Update,Deployment,false
1.2712792689999999,Regular,15,Delete,ConfigMap,false
1.287657778,Regular,16,Delete,Deployment,false
1.304002343,Regular,40,Create,Deployment,false
1.344430747,Regular,25,Create,ConfigMap,false
1.370230711,Regular,26,Update,Deployment,false
1.396557449,Regular,7,Delete,ConfigMap,false
1.403636787,Regular,5,Delete,Deployment,false
1.409136358,Regular,6,Create,Deployment,false
1.422326723,Regular,8,Create,ConfigMap,false
1.441917653,Regular,16,Update,Deployment,false
1.463168018,Regular,8,Delete,ConfigMap,false
1.481801689,Regular,4,Delete,Deployment,false
1.502250188,Regular,6,Create,Deployment,false
1.521892716,Regular,5,Create,ConfigMap,false
1.542364961,Regular,6,Update,Deployment,false
1.561905816,Regular,11,Delete,ConfigMap,false
1.582413378,Regular,6,Delete,Deployment,false
1.602698219,Regular,4,Create,Deployment,false
1.622076146,Regular,5,Create,ConfigMap,false
1.642020474,Regular,10,Update,Deployment,false
1.6621668330000001,Regular,3,Delete,ConfigMap,false
1.68360866,Regular,7,Delete,Deployment,false
1.70222564,Regular,7,Create,Deployment,false
1.722619417,Regular,5,Create,ConfigMap,false
1.741765005,Regular,5,Update,Deployment,false
1.7628994009999999,Regular,4,Delete,ConfigMap,false
1.78261672,Regular,4,Delete,Deployment,false
1.801837991,Regular,5,Create,Deployment,false
1.822715372,Regular,7,Create,ConfigMap,false
1.841954587,Regular,5,Update,Deployment,false
1.862175237,Regular,3,Delete,ConfigMap,false
1.882416906,Regular,3,Delete,Deployment,false
1.902734339,Regular,5,Create,Deployment,false
1.9218612720000001,Regular,5,Create,ConfigMap,false
1.942871193,Regular,5,Update,Deployment,false
1.962413952,Regular,3,Delete,ConfigMap,false
1.982455563,Regular,3,Delete,Deployment,false
1.002200468,Regular,5,Create,Deployment,false
1.022708771,Regular,8,Create,ConfigMap,false
1.042016265,Regular,15,Update,Deployment,false
1.061798426,Regular,5,Delete,ConfigMap,false
1.082779072,Regular,3,Delete,Deployment,false
1.101866701,Regular,5,Create,Deployment,false
1.122467529,Regular,7,Create,ConfigMap,false
1.142588,Regular,19,Update,Deployment,false
1.166096022,Regular,18,Delete,ConfigMap,false
1.184296925,Regular,17,Delete,Deployment,false
1.202164338,Regular,23,Create,Deployment,false
1.225267144,Regular,17,Create,ConfigMap,false
1.2425612639999999,Regular,25,Update,Deployment,false
1.26779182,Regular,19,Delete,ConfigMap,false
1.286858107,Regular,16,Delete,Deployment,false
1.30376765,Regular,52,Create,Deployment,false
1.355976625,Regular,26,Create,ConfigMap,false
1.382855027,Regular,19,Update,Deployment,false
1.401989704,Regular,5,Delete,ConfigMap,false
1.407265103,Regular,3,Delete,Deployment,false
1.410938003,Regular,4,Create,Deployment,false
1.422283021,Regular,9,Create,ConfigMap,false
1.442584673,Regular,19,Update,Deployment,false
1.463816523,Regular,7,Delete,ConfigMap,false
1.481826235,Regular,2,Delete,Deployment,false
1.502263593,Regular,4,Create,Deployment,false
1.5219807319999998,Regular,5,Create,ConfigMap,false
1.542440113,Regular,6,Update,Deployment,false
1.56181298,Regular,11,Delete,ConfigMap,false
1.5824629909999999,Regular,4,Delete,Deployment,false
1.602792166,Regular,5,Create,Deployment,false
1.6220297590000001,Regular,5,Create,ConfigMap,false
1.641985047,Regular,9,Update,Deployment,false
1.662222629,Regular,3,Delete,ConfigMap,false
1.683581389,Regular,7,Delete,Deployment,false
1.70217829,Regular,7,Create,Deployment,false
1.7226793,Regular,5,Create,ConfigMap,false
1.741807876,Regular,4,Update,Deployment,false
1.7628734320000001,Regular,3,Delete,ConfigMap,false
1.782699466,Regular,4,Delete,Deployment,false
1.8018744899999999,Regular,6,Create,Deployment,false
1.822701907,Regular,7,Create,ConfigMap,false
1.8419404099999999,Regular,5,Update,Deployment,false
1.862182,Regular,3,Delete,ConfigMap,false
1.882486839,Regular,3,Delete,Deployment,false
1.902779825,Regular,5,Create,Deployment,false
1.921847165,Regular,5,Create,ConfigMap,false
1.942775272,Regular,6,Update,Deployment,false
1.9624398809999999,Regular,2,Delete,ConfigMap,false
1.98249103,Regular,4,Delete,Deployment,false
1.022651453,Regular,5,Create,ConfigMap,false
1.04201384,Regular,14,Update,Deployment,false
1.061880992,Regular,5,Delete,ConfigMap,false
1.082818747,Regular,4,Delete,Deployment,false
1.101948255,Regular,7,Create,Deployment,false
1.122480574,Regular,9,Create,ConfigMap,false
1.142505073,Regular,26,Update,Deployment,false
1.168596647,Regular,14,Delete,ConfigMap,false
1.184022036,Regular,18,Delete,Deployment,false
1.202420772,Regular,15,Create,Deployment,false
1.2223258559999999,Regular,13,Create,ConfigMap,false
1.242154696,Regular,32,Update,Deployment,false
1.275128212,Regular,11,Delete,ConfigMap,false
1.287503136,Regular,15,Delete,Deployment,false
1.303226347,Regular,36,Create,Deployment,false
1.339756294,Regular,23,Create,ConfigMap,false
1.363287631,Regular,33,Update,Deployment,false
1.397218929,Regular,6,Delete,ConfigMap,false
1.404120852,Regular,5,Delete,Deployment,false
1.409172106,Regular,6,Create,Deployment,false
1.422338997,Regular,8,Create,ConfigMap,false
1.442208322,Regular,20,Update,Deployment,false
1.46286215,Regular,6,Delete,ConfigMap,false
1.481859047,Regular,4,Delete,Deployment,false
1.502345388,Regular,6,Create,Deployment,false
1.5219034759999999,Regular,5,Create,ConfigMap,false
1.542438369,Regular,6,Update,Deployment,false
1.561794095,Regular,11,Delete,ConfigMap,false
1.5823700760000001,Regular,6,Delete,Deployment,false
1.602751509,Regular,5,Create,Deployment,false
1.6220027080000001,Regular,4,Create,ConfigMap,false
1.641899676,Regular,9,Update,Deployment,false
1.662288082,Regular,4,Delete,ConfigMap,false
1.683677781,Regular,6,Delete,Deployment,false
1.702276977,Regular,6,Create,Deployment,false
1.7226619269999999,Regular,5,Create,ConfigMap,false
1.741811964,Regular,6,Update,Deployment,false
1.762785045,Regular,5,Delete,ConfigMap,false
1.7825964920000001,Regular,3,Delete,Deployment,false
1.801827592,Regular,5,Create,Deployment,false
1.822686668,Regular,7,Create,ConfigMap,false
1.841926103,Regular,5,Update,Deployment,false
1.862165929,Regular,3,Delete,ConfigMap,false
1.8824591659999999,Regular,3,Delete,Deployment,false
1.902818097,Regular,5,Create,Deployment,false
1.921875258,Regular,5,Create,ConfigMap,false
1.942746498,Regular,5,Update,Deployment,false
1.962400216,Regular,2,Delete,ConfigMap,false
1.982438731,Regular,4,Delete,Deployment,false
1.002290879,Regular,5,Create,Deployment,false
1.022653256,Regular,8,Create,ConfigMap,false
1.042012127,Regular,15,Update,Deployment,false
1.061783508,Regular,5,Delete,ConfigMap,false
1.082782479,Regular,5,Delete,Deployment,false
1.101869165,Regular,7,Create,Deployment,false
1.122388029,Regular,7,Create,ConfigMap,false
1.142325704,Regular,29,Update,Deployment,false
1.1722880820000001,Regular,12,Delete,ConfigMap,false
1.184752396,Regular,17,Delete,Deployment,false
1.202752168,Regular,15,Create,Deployment,false
1.2225145020000001,Regular,20,Create,ConfigMap,false
1.243296723,Regular,18,Update,Deployment,false
1.261871362,Regular,18,Delete,ConfigMap,false
1.282255549,Regular,55,Delete,Deployment,false
1.337401985,Regular,22,Create,Deployment,false
1.359662591,Regular,26,Create,ConfigMap,false
1.386538036,Regular,16,Update,Deployment,false
1.402818931,Regular,4,Delete,ConfigMap,false
1.407019268,Regular,4,Delete,Deployment,false
1.4112045069999999,Regular,5,Create,Deployment,false
1.422320912,Regular,8,Create,ConfigMap,false
1.442509491,Regular,18,Update,Deployment,false
1.463480368,Regular,7,Delete,ConfigMap,false
1.481843949,Regular,4,Delete,Deployment,false
1.5023694029999999,Regular,5,Create,Deployment,false
1.521919346,Regular,6,Create,ConfigMap,false
1.5424121899999998,Regular,7,Update,Deployment,false
1.561880708,Regular,11,Delete,ConfigMap,false
1.58249415,Regular,4,Delete,Deployment,false
1.60276748,Regular,5,Create,Deployment,false
1.622062611,Regular,5,Create,ConfigMap,false
1.641972173,Regular,10,Update,Deployment,false
1.662287251,Regular,4,Delete,ConfigMap,false
1.683855146,Regular,6,Delete,Deployment,false
1.7021966050000001,Regular,6,Create,Deployment,false
1.722647019,Regular,5,Create,ConfigMap,false
1.7417807349999999,Regular,6,Update,Deployment,false
1.762809441,Regular,5,Delete,ConfigMap,false
1.782577576,Regular,4,Delete,Deployment,false
1.8018383519999999,Regular,7,Create,Deployment,false
1.822647694,Regular,7,Create,ConfigMap,false
1.841889073,Regular,5,Update,Deployment,false
1.862131534,Regular,2,Delete,ConfigMap,false
1.882477731,Regular,3,Delete,Deployment,false
1.902724701,Regular,5,Create,Deployment,false
1.9218731340000001,Regular,5,Create,ConfigMap,false
1.942849652,Regular,5,Update,Deployment,false
1.962338199,Regular,3,Delete,ConfigMap,false
1.982385781,Regular,4,Delete,Deployment,false
1.002238981,Regular,5,Create,Deployment,false
1.022457436,Regular,8,Create,ConfigMap,false
1.042000726,Regular,14,Update,Deployment,false
1.062064038,Regular,5,Delete,ConfigMap,false
1.082899229,Regular,4,Delete,Deployment,false
1.102040259,Regular,7,Create,Deployment,false
1.122327134,Regular,6,Create,ConfigMap,false
1.1422918,Regular,12,Update,Deployment,false
1.165640952,Regular,19,Delete,ConfigMap,false
1.185187698,Regular,16,Delete,Deployment,false
1.202351191,Regular,22,Create,Deployment,false
1.224565618,Regular,16,Create,ConfigMap,false
1.242053865,Regular,29,Update,Deployment,false
1.2711304079999999,Regular,15,Delete,ConfigMap,false
1.2869338,Regular,17,Delete,Deployment,false
1.304194256,Regular,39,Create,Deployment,false
1.343529073,Regular,20,Create,ConfigMap,false
1.363559795,Regular,31,Update,Deployment,false
1.3950557510000001,Regular,9,Delete,ConfigMap,false
1.404202666,Regular,4,Delete,Deployment,false
1.4091508560000001,Regular,6,Create,Deployment,false
1.4222936609999999,Regular,6,Create,ConfigMap,false
1.442271932,Regular,19,Update,Deployment,false
1.463769635,Regular,9,Delete,ConfigMap,false
1.481769117,Regular,4,Delete,Deployment,false
1.502302367,Regular,6,Create,Deployment,false
1.521865885,Regular,6,Create,ConfigMap,false
1.542349191,Regular,7,Update,Deployment,false
1.561869457,Regular,10,Delete,ConfigMap,false
1.5824775290000002,Regular,5,Delete,Deployment,false
1.602727043,Regular,5,Create,Deployment,false
1.6220902929999998,Regular,5,Create,ConfigMap,false
1.641924032,Regular,9,Update,Deployment,false
1.66221254,Regular,4,Delete,ConfigMap,false
1.683712006,Regular,5,Delete,Deployment,false
1.7022438640000002,Regular,7,Create,Deployment,false
1.722582988,Regular,5,Create,ConfigMap,false
1.741739637,Regular,6,Update,Deployment,false
1.76284034,Regular,5,Delete,ConfigMap,false
1.782548621,Regular,4,Delete,Deployment,false
1.8019157780000001,Regular,6,Create,Deployment,false
1.822746361,Regular,7,Create,ConfigMap,false
1.8419088810000002,Regular,5,Update,Deployment,false
1.8620940940000001,Regular,3,Delete,ConfigMap,false
1.882490716,Regular,3,Delete,Deployment,false
1.9028258820000001,Regular,4,Create,Deployment,false
1.92183376,Regular,5,Create,ConfigMap,false
1.94286446,Regular,5,Update,Deployment,false
1.962434711,Regular,3,Delete,ConfigMap,false
1.982475341,Regular,4,Delete,Deployment,false
1.022711977,Regular,7,Create,ConfigMap,false
1.041948818,Regular,13,Update,Deployment,false
1.062065992,Regular,5,Delete,ConfigMap,false
1.082866016,Regular,4,Delete,Deployment,false
1.10188215,Regular,6,Create,Deployment,false
1.122332053,Regular,9,Create,ConfigMap,false
1.142109185,Regular,17,Update,Deployment,false
1.165899661,Regular,16,Delete,ConfigMap,false
1.183994984,Regular,10,Delete,Deployment,false
1.202290316,Regular,28,Create,Deployment,false
1.230531151,Regular,12,Create,ConfigMap,false
1.2433202780000001,Regular,31,Update,Deployment,false
1.274811173,Regular,17,Delete,ConfigMap,false
1.292693373,Regular,41,Delete,Deployment,false
1.334106458,Regular,22,Create,Deployment,false
1.356662782,Regular,30,Create,ConfigMap,false
1.386872468,Regular,16,Update,Deployment,false
1.403837306,Regular,4,Delete,ConfigMap,false
1.408737104,Regular,3,Delete,Deployment,false
1.412520113,Regular,6,Create,Deployment,false
1.422382649,Regular,8,Create,ConfigMap,false
1.442431915,Regular,19,Update,Deployment,false
1.463708559,Regular,7,Delete,ConfigMap,false
1.481850942,Regular,3,Delete,Deployment,false
1.502280085,Regular,6,Create,Deployment,false
1.521950895,Regular,6,Create,ConfigMap,false
1.542372595,Regular,7,Update,Deployment,false
1.5618523149999999,Regular,11,Delete,ConfigMap,false
1.582478992,Regular,4,Delete,Deployment,false
1.602790804,Regular,5,Create,Deployment,false
1.622133334,Regular,5,Create,ConfigMap,false
1.641942587,Regular,9,Update,Deployment,false
1.662196569,Regular,4,Delete,ConfigMap,false
1.683867249,Regular,6,Delete,Deployment,false
1.702164404,Regular,6,Create,Deployment,false
1.722604368,Regular,4,Create,ConfigMap,false
1.741744626,Regular,6,Update,Deployment,false
1.762861149,Regular,5,Delete,ConfigMap,false
1.782531379,Regular,4,Delete,Deployment,false
1.8018501439999999,Regular,5,Create,Deployment,false
1.822662923,Regular,7,Create,ConfigMap,false
1.841933187,Regular,4,Update,Deployment,false
1.86210823,Regular,3,Delete,ConfigMap,false
1.882496687,Regular,2,Delete,Deployment,false
1.9027930199999998,Regular,5,Create,Deployment,false
1.921799736,Regular,5,Create,ConfigMap,false
1.94275331,Regular,4,Update,Deployment,false
1.96247671,Regular,3,Delete,ConfigMap,false
1.982403665,Regular,3,Delete,Deployment,false
1.022652365,Regular,8,Create,ConfigMap,false
1.041931164,Regular,13,Update,Deployment,false
1.06199096,Regular,5,Delete,ConfigMap,false
1.082800953,Regular,5,Delete,Deployment,false
1.10190327,Regular,7,Create,Deployment,false
1.1224681,Regular,7,Create,ConfigMap,false
1.14209583,Regular,26,Update,Deployment,false
1.168897796,Regular,15,Delete,ConfigMap,false
1.184525106,Regular,18,Delete,Deployment,false
1.202564424,Regular,16,Create,Deployment,false
1.222696045,Regular,12,Create,ConfigMap,false
1.242580881,Regular,30,Update,Deployment,false
1.272655389,Regular,13,Delete,ConfigMap,false
1.287290775,Regular,16,Delete,Deployment,false
1.303939675,Regular,36,Create,Deployment,false
1.340182219,Regular,34,Create,ConfigMap,false
1.3749402,Regular,28,Update,Deployment,false
1.403497083,Regular,4,Delete,ConfigMap,false
1.407737576,Regular,3,Delete,Deployment,false
1.411564016,Regular,4,Create,Deployment,false
1.422391686,Regular,10,Create,ConfigMap,false
1.441898326,Regular,19,Update,Deployment,false
1.463883791,Regular,7,Delete,ConfigMap,false
1.481859097,Regular,4,Delete,Deployment,false
1.5023331149999999,Regular,5,Create,Deployment,false
1.5219354059999999,Regular,5,Create,ConfigMap,false
1.5423986140000001,Regular,6,Update,Deployment,false
1.561840903,Regular,2,Delete,ConfigMap,false
1.582402517,Regular,6,Delete,Deployment,false
1.602734357,Regular,5,Create,Deployment,false
1.62210465,Regular,5,Create,ConfigMap,false
1.6419557820000001,Regular,9,Update,Deployment,false
1.66224474,Regular,4,Delete,ConfigMap,false
1.6828130369999998,Regular,7,Delete,Deployment,false
1.702259784,Regular,4,Create,Deployment,false
1.722633072,Regular,5,Create,ConfigMap,false
1.7417944909999998,Regular,6,Update,Deployment,false
1.76282429,Regular,3,Delete,ConfigMap,false
1.782566665,Regular,4,Delete,Deployment,false
1.801926759,Regular,6,Create,Deployment,false
1.822767821,Regular,7,Create,ConfigMap,false
1.841959536,Regular,5,Update,Deployment,false
1.862150791,Regular,3,Delete,ConfigMap,false
1.882406968,Regular,3,Delete,Deployment,false
1.902754617,Regular,5,Create,Deployment,false
1.921811057,Regular,5,Create,ConfigMap,false
1.942828783,Regular,5,Update,Deployment,false
1.962371953,Regular,3,Delete,ConfigMap,false
1.982539021,Regular,4,Delete,Deployment,false
1.002239732,Regular,6,Create,Deployment,false
1.022551364,Regular,7,Create,ConfigMap,false
1.0419850959999999,Regular,14,Update,Deployment,false
1.062141484,Regular,3,Delete,ConfigMap,false
1.082941309,Regular,4,Delete,Deployment,false
1.101930201,Regular,7,Create,Deployment,false
1.122362901,Regular,7,Create,ConfigMap,false
1.14265665,Regular,26,Update,Deployment,false
1.169412749,Regular,15,Delete,ConfigMap,false
1.184974375,Regular,15,Delete,Deployment,false
1.202272552,Regular,33,Create,Deployment,false
1.236042786,Regular,15,Create,ConfigMap,false
1.2516708570000001,Regular,30,Update,Deployment,false
1.282636479,Regular,10,Delete,ConfigMap,false
1.293205491,Regular,37,Delete,Deployment,false
1.33097979,Regular,38,Create,Deployment,false
1.369475765,Regular,23,Create,ConfigMap,false
1.393427284,Regular,11,Update,Deployment,false
1.4053470080000001,Regular,3,Delete,ConfigMap,false
1.409262206,Regular,5,Delete,Deployment,false
1.414674564,Regular,5,Create,Deployment,false
1.422433145,Regular,8,Create,ConfigMap,false
1.442102272,Regular,22,Update,Deployment,false
1.464189959,Regular,6,Delete,ConfigMap,false
1.481778936,Regular,4,Delete,Deployment,false
1.5022940710000001,Regular,6,Create,Deployment,false
1.521962658,Regular,6,Create,ConfigMap,false
1.5423880140000001,Regular,6,Update,Deployment,false
1.5618905870000002,Regular,11,Delete,ConfigMap,false
1.5824528820000001,Regular,3,Delete,Deployment,false
1.602781145,Regular,5,Create,Deployment,false
1.6221182459999999,Regular,5,Create,ConfigMap,false
1.64199712,Regular,10,Update,Deployment,false
1.6622618729999998,Regular,4,Delete,ConfigMap,false
1.683701896,Regular,6,Delete,Deployment,false
1.702208317,Regular,7,Create,Deployment,false
1.722657238,Regular,5,Create,ConfigMap,false
1.741753243,Regular,6,Update,Deployment,false
1.762910492,Regular,5,Delete,ConfigMap,false
1.782697282,Regular,4,Delete,Deployment,false
1.801927581,Regular,6,Create,Deployment,false
1.822762661,Regular,7,Create,ConfigMap,false
1.841878904,Regular,5,Update,Deployment,false
1.862118149,Regular,4,Delete,ConfigMap,false
1.882463575,Regular,3,Delete,Deployment,false
1.902804502,Regular,4,Create,Deployment,false
1.921864708,Regular,5,Create,ConfigMap,false
1.9428766130000001,Regular,5,Update,Deployment,false
1.962347076,Regular,3,Delete,ConfigMap,false
1.982388817,Regular,4,Delete,Deployment,false
1.022714051,Regular,8,Create,ConfigMap,false
1.041964447,Regular,17,Update,Deployment,false
1.061965742,Regular,5,Delete,ConfigMap,false
1.082829728,Regular,5,Delete,Deployment,false
1.10196674,Regular,6,Create,Deployment,false
1.122414659,Regular,7,Create,ConfigMap,false
1.142375639,Regular,26,Update,Deployment,false
1.16860375,Regular,17,Delete,ConfigMap,false
1.186396883,Regular,14,Delete,Deployment,false
1.202938751,Regular,18,Create,Deployment,false
1.222874302,Regular,20,Create,ConfigMap,false
1.243812137,Regular,31,Update,Deployment,false
1.274851079,Regular,12,Delete,ConfigMap,false
1.28716659,Regular,15,Delete,Deployment,false
1.3027751140000001,Regular,44,Create,Deployment,false
1.347550913,Regular,15,Create,ConfigMap,false
1.363213471,Regular,34,Update,Deployment,false
1.397760873,Regular,4,Delete,ConfigMap,false
1.402407704,Regular,4,Delete,Deployment,false
1.407252349,Regular,5,Create,Deployment,false
1.42251031,Regular,8,Create,ConfigMap,false
1.44201149,Regular,18,Update,Deployment,false
1.4639137770000001,Regular,9,Delete,ConfigMap,false
1.48181804,Regular,4,Delete,Deployment,false
1.5022397079999998,Regular,5,Create,Deployment,false
1.521984068,Regular,6,Create,ConfigMap,false
1.542421568,Regular,5,Update,Deployment,false
1.5618258950000001,Regular,10,Delete,ConfigMap,false
1.5824393369999998,Regular,6,Delete,Deployment,false
1.602715732,Regular,5,Create,Deployment,false
1.622046731,Regular,5,Create,ConfigMap,false
1.6420024,Regular,10,Update,Deployment,false
1.662179347,Regular,4,Delete,ConfigMap,false
1.683585356,Regular,6,Delete,Deployment,false
1.7021381949999999,Regular,5,Create,Deployment,false
1.72270575,Regular,5,Create,ConfigMap,false
1.741803778,Regular,5,Update,Deployment,false
1.762897849,Regular,5,Delete,ConfigMap,false
1.782539544,Regular,4,Delete,Deployment,false
1.8018956099999999,Regular,6,Create,Deployment,false
1.8226783819999999,Regular,7,Create,ConfigMap,false
1.84186589,Regular,5,Update,Deployment,false
1.8621430559999999,Regular,3,Delete,ConfigMap,false
1.882430171,Regular,3,Delete,Deployment,false
1.902767872,Regular,5,Create,Deployment,false
1.9217877030000001,Regular,5,Create,ConfigMap,false
1.942812071,Regular,5,Update,Deployment,false
1.9624358929999999,Regular,3,Delete,ConfigMap,false
1.982425547,Regular,4,Delete,Deployment,false
2.002335599,Regular,5,Create,Deployment,false
1.002215757,Regular,6,Create,Deployment,false
1.02254386,Regular,7,Create,ConfigMap,false
1.041936995,Regular,17,Update,Deployment,false
1.06198585,Regular,5,Delete,ConfigMap,false
1.08284672,Regular,5,Delete,Deployment,false
1.102038295,Regular,7,Create,Deployment,false
1.1223401179999999,Regular,7,Create,ConfigMap,false
1.142811462,Regular,18,Update,Deployment,false
1.166264129,Regular,12,Delete,ConfigMap,false
1.18215637,Regular,16,Delete,Deployment,false
1.202192711,Regular,18,Create,Deployment,false
1.222171905,Regular,20,Create,ConfigMap,false
1.24315209,Regular,31,Update,Deployment,false
1.274792728,Regular,12,Delete,ConfigMap,false
1.288018279,Regular,15,Delete,Deployment,false
1.303520422,Regular,35,Create,Deployment,false
1.3387475979999999,Regular,21,Create,ConfigMap,false
1.359988366,Regular,17,Update,Deployment,false
1.3772605549999999,Regular,15,Delete,ConfigMap,false
1.393051514,Regular,10,Delete,Deployment,false
1.403140409,Regular,5,Create,Deployment,false
1.4224040900000001,Regular,8,Create,ConfigMap,false
1.442034403,Regular,11,Update,Deployment,false
1.463344872,Regular,8,Delete,ConfigMap,false
1.481785318,Regular,4,Delete,Deployment,false
1.50235699,Regular,5,Create,Deployment,false
1.521880122,Regular,4,Create,ConfigMap,false
1.542459489,Regular,6,Update,Deployment,false
1.561799595,Regular,11,Delete,ConfigMap,false
1.582384663,Regular,5,Delete,Deployment,false
1.602787207,Regular,5,Create,Deployment,false
1.622015031,Regular,5,Create,ConfigMap,false
1.641917249,Regular,10,Update,Deployment,false
1.662300315,Regular,4,Delete,ConfigMap,false
1.68333876,Regular,7,Delete,Deployment,false
1.702148955,Regular,6,Create,Deployment,false
1.722695641,Regular,4,Create,ConfigMap,false
1.7418130760000001,Regular,6,Update,Deployment,false
1.762786999,Regular,5,Delete,ConfigMap,false
1.782699456,Regular,4,Delete,Deployment,false
1.801865904,Regular,6,Create,Deployment,false
1.822736752,Regular,7,Create,ConfigMap,false
1.841962753,Regular,4,Update,Deployment,false
1.862179896,Regular,3,Delete,ConfigMap,false
1.882442525,Regular,3,Delete,Deployment,false
1.902742685,Regular,4,Create,Deployment,false
1.921825434,Regular,4,Create,ConfigMap,false
1.942791513,Regular,6,Update,Deployment,false
1.962360391,Regular,3,Delete,ConfigMap,false
1.982516579,Regular,4,Delete,Deployment,false
2.00229892,Regular,6,Create,Deployment,false
2.002355727,Regular,6,Create,Deployment,false
2.022325253,Regular,10,Create,ConfigMap,false
2.042075954,Regular,12,Update,Deployment,false
2.062697331,Regular,5,Delete,ConfigMap,false
2.082601773,Regular,4,Delete,Deployment,false
2.10194747,Regular,8,Create,Deployment,false
2.123228854,Regular,5,Create,ConfigMap,false
2.142252132,Regular,15,Update,Deployment,false
2.162298833,Regular,4,Delete,ConfigMap,false
2.181775847,Regular,5,Delete,Deployment,false
2.201864878,Regular,4,Create,Deployment,false
2.2228184029999998,Regular,5,Create,ConfigMap,false
2.242485266,Regular,6,Update,Deployment,false
2.262032213,Regular,5,Delete,ConfigMap,false
2.282206986,Regular,4,Delete,Deployment,false
2.302471819,Regular,6,Create,Deployment,false
2.322239693,Regular,4,Create,ConfigMap,false
2.342581953,Regular,8,Update,Deployment,false
2.362375034,Regular,4,Delete,ConfigMap,false
2.382225615,Regular,4,Delete,Deployment,false
2.402338651,Regular,7,Create,Deployment,false
2.422185014,Regular,7,Create,ConfigMap,false
2.44193273,Regular,6,Update,Deployment,false
2.461822364,Regular,4,Delete,ConfigMap,false
2.482095653,Regular,7,Delete,Deployment,false
2.5026951889999998,Regular,5,Create,Deployment,false
2.52194819,Regular,5,Create,ConfigMap,false
2.542296781,Regular,5,Update,Deployment,false
2.562175916,Regular,3,Delete,ConfigMap,false
2.582515952,Regular,4,Delete,Deployment,false
2.60211156,Regular,6,Create,Deployment,false
2.622013708,Regular,5,Create,ConfigMap,false
2.642282318,Regular,6,Update,Deployment,false
2.662737321,Regular,4,Delete,ConfigMap,false
2.6822414869999998,Regular,2,Delete,Deployment,false
2.702400941,Regular,11,Create,Deployment,false
2.721877755,Regular,5,Create,ConfigMap,false
2.742354559,Regular,5,Update,Deployment,false
2.762334143,Regular,3,Delete,ConfigMap,false
2.782454874,Regular,3,Delete,Deployment,false
2.80193803,Regular,5,Create,Deployment,false
2.821865646,Regular,7,Create,ConfigMap,false
2.842579939,Regular,7,Update,Deployment,false
2.8624964840000002,Regular,3,Delete,ConfigMap,false
2.882460809,Regular,8,Delete,Deployment,false
2.901996414,Regular,6,Create,Deployment,false
2.922064696,Regular,6,Create,ConfigMap,false
2.9419382,Regular,9,Update,Deployment,false
2.9620643810000002,Regular,4,Delete,ConfigMap,false
2.982844448,Regular,4,Delete,Deployment,false
2.002335128,Regular,6,Create,Deployment,false
2.022240452,Regular,10,Create,ConfigMap,false
2.042387874,Regular,12,Update,Deployment,false
2.0628991230000002,Regular,5,Delete,ConfigMap,false
2.082595512,Regular,8,Delete,Deployment,false
2.102003266,Regular,10,Create,Deployment,false
2.123336798,Regular,6,Create,ConfigMap,false
2.142311694,Regular,13,Update,Deployment,false
2.162357373,Regular,4,Delete,ConfigMap,false
2.181831362,Regular,5,Delete,Deployment,false
2.2019134,Regular,5,Create,Deployment,false
2.222791302,Regular,5,Create,ConfigMap,false
2.242497619,Regular,6,Update,Deployment,false
2.261976958,Regular,6,Delete,ConfigMap,false
2.282290283,Regular,4,Delete,Deployment,false
2.302473222,Regular,6,Create,Deployment,false
2.322370039,Regular,6,Create,ConfigMap,false
2.342636335,Regular,7,Update,Deployment,false
2.362332955,Regular,5,Delete,ConfigMap,false
2.38228643,Regular,4,Delete,Deployment,false
2.402249763,Regular,7,Create,Deployment,false
2.4221516100000002,Regular,7,Create,ConfigMap,false
2.441870502,Regular,6,Update,Deployment,false
2.46183593,Regular,3,Delete,ConfigMap,false
2.482028627,Regular,8,Delete,Deployment,false
2.502768307,Regular,5,Create,Deployment,false
2.521916811,Regular,3,Create,ConfigMap,false
2.542285831,Regular,6,Update,Deployment,false
2.562115652,Regular,2,Delete,ConfigMap,false
2.582455527,Regular,5,Delete,Deployment,false
2.602085832,Regular,6,Create,Deployment,false
2.621978131,Regular,5,Create,ConfigMap,false
2.642354294,Regular,6,Update,Deployment,false
2.662753511,Regular,5,Delete,ConfigMap,false
2.682254501,Regular,3,Delete,Deployment,false
2.702382867,Regular,8,Create,Deployment,false
2.721910557,Regular,5,Create,ConfigMap,false
2.742362444,Regular,6,Update,Deployment,false
2.762262418,Regular,4,Delete,ConfigMap,false
2.782421832,Regular,3,Delete,Deployment,false
2.802023331,Regular,7,Create,Deployment,false
2.822007474,Regular,7,Create,ConfigMap,false
2.842615035,Regular,7,Update,Deployment,false
2.862506813,Regular,3,Delete,ConfigMap,false
2.882932971,Regular,8,Delete,Deployment,false
2.902053893,Regular,5,Create,Deployment,false
2.922080436,Regular,6,Create,ConfigMap,false
2.9419573359999998,Regular,9,Update,Deployment,false
2.962025638,Regular,5,Delete,ConfigMap,false
2.98286128,Regular,4,Delete,Deployment,false
2.002488047,Regular,4,Create,Deployment,false
2.022294474,Regular,7,Create,ConfigMap,false
2.042053632,Regular,9,Update,Deployment,false
2.062669218,Regular,5,Delete,ConfigMap,false
2.082571907,Regular,7,Delete,Deployment,false
2.10193145,Regular,10,Create,Deployment,false
2.123402963,Regular,6,Create,ConfigMap,false
2.142350177,Regular,14,Update,Deployment,false
2.162392369,Regular,4,Delete,ConfigMap,false
2.181765948,Regular,2,Delete,Deployment,false
2.201821957,Regular,5,Create,Deployment,false
2.222847227,Regular,5,Create,ConfigMap,false
2.242536843,Regular,6,Update,Deployment,false
2.261947142,Regular,5,Delete,ConfigMap,false
2.282236922,Regular,4,Delete,Deployment,false
2.302478832,Regular,6,Create,Deployment,false
2.322175281,Regular,5,Create,ConfigMap,false
2.3426324579999998,Regular,8,Update,Deployment,false
2.362325471,Regular,4,Delete,ConfigMap,false
2.382436513,Regular,4,Delete,Deployment,false
2.402311981,Regular,7,Create,Deployment,false
2.422157482,Regular,8,Create,ConfigMap,false
2.441950824,Regular,6,Update,Deployment,false
2.46189417,Regular,4,Delete,ConfigMap,false
2.481970256,Regular,8,Delete,Deployment,false
2.502729213,Regular,5,Create,Deployment,false
2.522023252,Regular,5,Create,ConfigMap,false
2.542241968,Regular,6,Update,Deployment,false
2.562200653,Regular,3,Delete,ConfigMap,false
2.5825148589999998,Regular,4,Delete,Deployment,false
2.602199727,Regular,6,Create,Deployment,false
2.622043074,Regular,5,Create,ConfigMap,false
2.64227799,Regular,5,Update,Deployment,false
2.662767017,Regular,5,Delete,ConfigMap,false
2.682207903,Regular,3,Delete,Deployment,false
2.7023646919999997,Regular,11,Create,Deployment,false
2.721925205,Regular,5,Create,ConfigMap,false
2.742291951,Regular,6,Update,Deployment,false
2.762286563,Regular,3,Delete,ConfigMap,false
2.782364233,Regular,3,Delete,Deployment,false
2.802057346,Regular,6,Create,Deployment,false
2.821928034,Regular,7,Create,ConfigMap,false
2.84254377,Regular,7,Update,Deployment,false
2.862545817,Regular,3,Delete,ConfigMap,false
2.8824550479999997,Regular,8,Delete,Deployment,false
2.902015791,Regular,6,Create,Deployment,false
2.922049778,Regular,6,Create,ConfigMap,false
2.941821229,Regular,9,Update,Deployment,false
2.961971416,Regular,3,Delete,ConfigMap,false
2.982867842,Regular,3,Delete,Deployment,false
2.002470084,Regular,7,Create,Deployment,false
2.022361581,Regular,10,Create,ConfigMap,false
2.04213732,Regular,12,Update,Deployment,false
2.062678155,Regular,5,Delete,ConfigMap,false
2.082443765,Regular,8,Delete,Deployment,false
2.102036709,Regular,10,Create,Deployment,false
2.123706477,Regular,6,Create,ConfigMap,false
2.1423623,Regular,8,Update,Deployment,false
2.162282051,Regular,4,Delete,ConfigMap,false
2.181755669,Regular,4,Delete,Deployment,false
2.201798613,Regular,5,Create,Deployment,false
2.222768148,Regular,5,Create,ConfigMap,false
2.242421025,Regular,5,Update,Deployment,false
2.261957892,Regular,3,Delete,ConfigMap,false
2.282269344,Regular,4,Delete,Deployment,false
2.302391036,Regular,5,Create,Deployment,false
2.322392632,Regular,6,Create,ConfigMap,false
2.342598674,Regular,7,Update,Deployment,false
2.362352071,Regular,4,Delete,ConfigMap,false
2.382274537,Regular,4,Delete,Deployment,false
2.4022101080000002,Regular,6,Create,Deployment,false
2.422053625,Regular,8,Create,ConfigMap,false
2.441821289,Regular,6,Update,Deployment,false
2.46184657,Regular,4,Delete,ConfigMap,false
2.482096364,Regular,8,Delete,Deployment,false
2.5027056290000003,Regular,5,Create,Deployment,false
2.521995439,Regular,4,Create,ConfigMap,false
2.542293105,Regular,6,Update,Deployment,false
2.562200262,Regular,3,Delete,ConfigMap,false
2.582471457,Regular,4,Delete,Deployment,false
2.6019106709999997,Regular,6,Create,Deployment,false
2.6220543149999997,Regular,5,Create,ConfigMap,false
2.642364684,Regular,6,Update,Deployment,false
2.66271543,Regular,5,Delete,ConfigMap,false
2.682285881,Regular,3,Delete,Deployment,false
2.702311372,Regular,11,Create,Deployment,false
2.7219635970000002,Regular,4,Create,ConfigMap,false
2.742272895,Regular,6,Update,Deployment,false
2.762235927,Regular,3,Delete,ConfigMap,false
2.782396033,Regular,3,Delete,Deployment,false
2.801948209,Regular,7,Create,Deployment,false
2.821896274,Regular,7,Create,ConfigMap,false
2.842514745,Regular,7,Update,Deployment,false
2.8625633600000002,Regular,3,Delete,ConfigMap,false
2.882572029,Regular,7,Delete,Deployment,false
2.902151187,Regular,6,Create,Deployment,false
2.922070036,Regular,5,Create,ConfigMap,false
2.9419407250000003,Regular,8,Update,Deployment,false
2.96204802,Regular,5,Delete,ConfigMap,false
2.982802228,Regular,4,Delete,Deployment,false
2.022234281,Regular,10,Create,ConfigMap,false
2.042287143,Regular,8,Update,Deployment,false
2.062788624,Regular,3,Delete,ConfigMap,false
2.082480364,Regular,7,Delete,Deployment,false
2.101987847,Regular,10,Create,Deployment,false
2.123717538,Regular,6,Create,ConfigMap,false
2.142276207,Regular,9,Update,Deployment,false
2.162316276,Regular,4,Delete,ConfigMap,false
2.181828997,Regular,3,Delete,Deployment,false
2.201809273,Regular,5,Create,Deployment,false
2.222778868,Regular,5,Create,ConfigMap,false
2.242433558,Regular,7,Update,Deployment,false
2.261937664,Regular,5,Delete,ConfigMap,false
2.282186156,Regular,4,Delete,Deployment,false
2.302432124,Regular,5,Create,Deployment,false
2.322404474,Regular,6,Create,ConfigMap,false
2.342560021,Regular,6,Update,Deployment,false
2.362300283,Regular,6,Delete,ConfigMap,false
2.382254119,Regular,4,Delete,Deployment,false
2.402223443,Regular,5,Create,Deployment,false
2.422020653,Regular,4,Create,ConfigMap,false
2.441812352,Regular,7,Update,Deployment,false
2.461810682,Regular,4,Delete,ConfigMap,false
2.481954276,Regular,4,Delete,Deployment,false
2.502803153,Regular,5,Create,Deployment,false
2.521964631,Regular,5,Create,ConfigMap,false
2.542222581,Regular,6,Update,Deployment,false
2.562185634,Regular,3,Delete,ConfigMap,false
2.582436812,Regular,5,Delete,Deployment,false
2.601955315,Regular,5,Create,Deployment,false
2.622026482,Regular,5,Create,ConfigMap,false
2.642337032,Regular,6,Update,Deployment,false
2.662728665,Regular,5,Delete,ConfigMap,false
2.6822175120000002,Regular,3,Delete,Deployment,false
2.702338122,Regular,11,Create,Deployment,false
2.72193872,Regular,5,Create,ConfigMap,false
2.7423296820000003,Regular,6,Update,Deployment,false
2.7622449749999998,Regular,4,Delete,ConfigMap,false
2.782381185,Regular,3,Delete,Deployment,false
2.8020750789999997,Regular,7,Create,Deployment,false
2.821992406,Regular,6,Create,ConfigMap,false
2.8425866109999998,Regular,7,Update,Deployment,false
2.862486906,Regular,2,Delete,ConfigMap,false
2.882856948,Regular,8,Delete,Deployment,false
2.902172607,Regular,6,Create,Deployment,false
2.921952274,Regular,6,Create,ConfigMap,false
2.941887384,Regular,8,Update,Deployment,false
2.962018414,Regular,5,Delete,ConfigMap,false
2.982772292,Regular,4,Delete,Deployment,false
2.002394641,Regular,6,Create,Deployment,false
2.022044642,Regular,10,Create,ConfigMap,false
2.042344812,Regular,9,Update,Deployment,false
2.062780508,Regular,5,Delete,ConfigMap,false
2.082587176,Regular,8,Delete,Deployment,false
2.10208501,Regular,8,Create,Deployment,false
2.123644429,Regular,6,Create,ConfigMap,false
2.142399841,Regular,14,Update,Deployment,false
2.162190297,Regular,3,Delete,ConfigMap,false
2.181992276,Regular,5,Delete,Deployment,false
2.201874426,Regular,5,Create,Deployment,false
2.222759,Regular,3,Create,ConfigMap,false
2.242477561,Regular,6,Update,Deployment,false
2.262018877,Regular,5,Delete,ConfigMap,false
2.2822476529999998,Regular,4,Delete,Deployment,false
2.302349818,Regular,6,Create,Deployment,false
2.322143121,Regular,6,Create,ConfigMap,false
2.342609445,Regular,7,Update,Deployment,false
2.362222907,Regular,3,Delete,ConfigMap,false
2.382402549,Regular,2,Delete,Deployment,false
2.402317341,Regular,7,Create,Deployment,false
2.422185204,Regular,8,Create,ConfigMap,false
2.441926488,Regular,5,Update,Deployment,false
2.461872689,Regular,4,Delete,ConfigMap,false
2.482143143,Regular,4,Delete,Deployment,false
2.502717982,Regular,5,Create,Deployment,false
2.521942038,Regular,5,Create,ConfigMap,false
2.542260393,Regular,6,Update,Deployment,false
2.5621381039999997,Regular,3,Delete,ConfigMap,false
2.582412837,Regular,3,Delete,Deployment,false
2.602009718,Regular,6,Create,Deployment,false
2.6220025270000002,Regular,5,Create,ConfigMap,false
2.6423940999999997,Regular,6,Update,Deployment,false
2.662783037,Regular,5,Delete,ConfigMap,false
2.682197183,Regular,3,Delete,Deployment,false
2.702369732,Regular,11,Create,Deployment,false
2.721962124,Regular,4,Create,ConfigMap,false
2.742324632,Regular,6,Update,Deployment,false
2.762216591,Regular,3,Delete,ConfigMap,false
2.782445877,Regular,3,Delete,Deployment,false
2.802003123,Regular,7,Create,Deployment,false
2.821858753,Regular,7,Create,ConfigMap,false
2.842502372,Regular,5,Update,Deployment,false
2.862566185,Regular,3,Delete,ConfigMap,false
2.882919265,Regular,8,Delete,Deployment,false
2.902121701,Regular,6,Create,Deployment,false
2.92201382,Regular,6,Create,ConfigMap,false
2.941809737,Regular,9,Update,Deployment,false
2.962044053,Regular,5,Delete,ConfigMap,false
2.982746854,Regular,3,Delete,Deployment,false
3.002100535,Regular,5,Create,Deployment,false
2.002331221,Regular,6,Create,Deployment,false
2.022390426,Regular,10,Create,ConfigMap,false
2.042303184,Regular,12,Update,Deployment,false
2.062844069,Regular,5,Delete,ConfigMap,false
2.082469904,Regular,8,Delete,Deployment,false
2.101977838,Regular,8,Create,Deployment,false
2.123645712,Regular,6,Create,ConfigMap,false
2.142398628,Regular,15,Update,Deployment,false
2.162341573,Regular,4,Delete,ConfigMap,false
2.181837534,Regular,3,Delete,Deployment,false
2.2018868400000002,Regular,5,Create,Deployment,false
2.222805218,Regular,5,Create,ConfigMap,false
2.242516986,Regular,6,Update,Deployment,false
2.262007536,Regular,5,Delete,ConfigMap,false
2.282169545,Regular,4,Delete,Deployment,false
2.302372221,Regular,6,Create,Deployment,false
2.322275631,Regular,5,Create,ConfigMap,false
2.342547477,Regular,8,Update,Deployment,false
2.362244017,Regular,4,Delete,ConfigMap,false
2.382331244,Regular,4,Delete,Deployment,false
2.402361184,Regular,6,Create,Deployment,false
2.422072271,Regular,6,Create,ConfigMap,false
2.441835696,Regular,6,Update,Deployment,false
2.461794872,Regular,4,Delete,ConfigMap,false
2.481984102,Regular,5,Delete,Deployment,false
2.502796039,Regular,5,Create,Deployment,false
2.522021749,Regular,5,Create,ConfigMap,false
2.542207583,Regular,6,Update,Deployment,false
2.562217264,Regular,3,Delete,ConfigMap,false
2.582375797,Regular,5,Delete,Deployment,false
2.601914848,Regular,6,Create,Deployment,false
2.622068241,Regular,5,Create,ConfigMap,false
2.6423332950000002,Regular,6,Update,Deployment,false
2.662780262,Regular,5,Delete,ConfigMap,false
2.682283877,Regular,3,Delete,Deployment,false
2.7023465079999998,Regular,11,Create,Deployment,false
2.721950683,Regular,5,Create,ConfigMap,false
2.742283495,Regular,5,Update,Deployment,false
2.762272757,Regular,3,Delete,ConfigMap,false
2.782354394,Regular,3,Delete,Deployment,false
2.80197512,Regular,6,Create,Deployment,false
2.821885504,Regular,7,Create,ConfigMap,false
2.842525015,Regular,4,Update,Deployment,false
2.862525849,Regular,3,Delete,ConfigMap,false
2.8828612160000002,Regular,8,Delete,Deployment,false
2.9022464770000003,Regular,6,Create,Deployment,false
2.9219648769999997,Regular,6,Create,ConfigMap,false
2.941823383,Regular,9,Update,Deployment,false
2.961983989,Regular,5,Delete,ConfigMap,false
2.982786829,Regular,3,Delete,Deployment,false
3.002021456,Regular,5,Create,Deployment,false
2.022210105,Regular,10,Create,ConfigMap,false
2.042381311,Regular,10,Update,Deployment,false
2.062788453,Regular,5,Delete,ConfigMap,false
2.082417385,Regular,8,Delete,Deployment,false
2.102027041,Regular,8,Create,Deployment,false
2.1232697209999998,Regular,6,Create,ConfigMap,false
2.142263824,Regular,9,Update,Deployment,false
2.162389123,Regular,4,Delete,ConfigMap,false
2.181841892,Regular,3,Delete,Deployment,false
2.201909312,Regular,5,Create,Deployment,false
2.222824705,Regular,5,Create,ConfigMap,false
2.242502589,Regular,6,Update,Deployment,false
2.261992337,Regular,5,Delete,ConfigMap,false
2.282222816,Regular,4,Delete,Deployment,false
2.302357884,Regular,5,Create,Deployment,false
2.322159321,Regular,6,Create,ConfigMap,false
2.342574569,Regular,8,Update,Deployment,false
2.36223525,Regular,4,Delete,ConfigMap,false
2.382215005,Regular,3,Delete,Deployment,false
2.402285471,Regular,7,Create,Deployment,false
2.422052483,Regular,8,Create,ConfigMap,false
2.441854822,Regular,7,Update,Deployment,false
2.461858983,Regular,4,Delete,ConfigMap,false
2.481934789,Regular,5,Delete,Deployment,false
2.502784798,Regular,5,Create,Deployment,false
2.521992313,Regular,5,Create,ConfigMap,false
2.542234654,Regular,6,Update,Deployment,false
2.562210151,Regular,3,Delete,ConfigMap,false
2.582385215,Regular,5,Delete,Deployment,false
2.601885984,Regular,6,Create,Deployment,false
2.622068932,Regular,5,Create,ConfigMap,false
2.642290183,Regular,6,Update,Deployment,false
2.66277368,Regular,5,Delete,ConfigMap,false
2.682266725,Regular,3,Delete,Deployment,false
2.702415148,Regular,11,Create,Deployment,false
2.721887403,Regular,3,Create,ConfigMap,false
2.742359729,Regular,6,Update,Deployment,false
2.762345905,Regular,3,Delete,ConfigMap,false
2.782430518,Regular,3,Delete,Deployment,false
2.802039151,Regular,5,Create,Deployment,false
2.822022853,Regular,7,Create,ConfigMap,false
2.842537248,Regular,5,Update,Deployment,false
2.862481014,Regular,3,Delete,ConfigMap,false
2.882677178,Regular,8,Delete,Deployment,false
2.902230256,Regular,6,Create,Deployment,false
2.922031053,Regular,6,Create,ConfigMap,false
2.941882545,Regular,9,Update,Deployment,false
2.962001843,Regular,4,Delete,ConfigMap,false
2.982761662,Regular,4,Delete,Deployment,false
3.002057233,Regular,5,Create,Deployment,false
2.002480293,Regular,6,Create,Deployment,false
2.022444608,Regular,6,Create,ConfigMap,false
2.042316359,Regular,12,Update,Deployment,false
2.062662796,Regular,5,Delete,ConfigMap,false
2.082602635,Regular,8,Delete,Deployment,false
2.10210608,Regular,8,Create,Deployment,false
2.122756121,Regular,7,Create,ConfigMap,false
2.142354295,Regular,14,Update,Deployment,false
2.1623684340000002,Regular,4,Delete,ConfigMap,false
2.181743185,Regular,5,Delete,Deployment,false
2.201838408,Regular,5,Create,Deployment,false
2.222863318,Regular,5,Create,ConfigMap,false
2.242446042,Regular,7,Update,Deployment,false
2.262023847,Regular,5,Delete,ConfigMap,false
2.282252812,Regular,4,Delete,Deployment,false
2.302417757,Regular,6,Create,Deployment,false
2.322347397,Regular,6,Create,ConfigMap,false
2.342621768,Regular,7,Update,Deployment,false
2.362264616,Regular,4,Delete,ConfigMap,false
2.3823322559999998,Regular,4,Delete,Deployment,false
2.402198116,Regular,7,Create,Deployment,false
2.422228656,Regular,7,Create,ConfigMap,false
2.441892834,Regular,6,Update,Deployment,false
2.46178333,Regular,2,Delete,ConfigMap,false
2.48200403,Regular,4,Delete,Deployment,false
2.502741446,Regular,5,Create,Deployment,false
2.521980922,Regular,5,Create,ConfigMap,false
2.542267867,Regular,6,Update,Deployment,false
2.562158804,Regular,3,Delete,ConfigMap,false
2.582341312,Regular,5,Delete,Deployment,false
2.601840157,Regular,4,Create,Deployment,false
2.621988841,Regular,3,Create,ConfigMap,false
2.642390683,Regular,5,Update,Deployment,false
2.662787586,Regular,3,Delete,ConfigMap,false
2.682293986,Regular,3,Delete,Deployment,false
2.702298077,Regular,11,Create,Deployment,false
2.721962044,Regular,5,Create,ConfigMap,false
2.742263427,Regular,6,Update,Deployment,false
2.762326088,Regular,3,Delete,ConfigMap,false
2.782342161,Regular,2,Delete,Deployment,false
2.801959941,Regular,6,Create,Deployment,false
2.821995742,Regular,5,Create,ConfigMap,false
2.842562105,Regular,7,Update,Deployment,false
2.862432864,Regular,4,Delete,ConfigMap,false
2.882717675,Regular,8,Delete,Deployment,false
2.902097525,Regular,6,Create,Deployment,false
2.921984394,Regular,6,Create,ConfigMap,false
2.941899888,Regular,9,Update,Deployment,false
2.9620471090000002,Regular,4,Delete,ConfigMap,false
2.98281387,Regular,4,Delete,Deployment,false
3.002133097,Regular,5,Create,Deployment,false
2.00239959,Regular,6,Create,Deployment,false
2.022421765,Regular,10,Create,ConfigMap,false
2.041821484,Regular,9,Update,Deployment,false
2.062728871,Regular,5,Delete,ConfigMap,false
2.082603046,Regular,8,Delete,Deployment,false
2.101927533,Regular,7,Create,Deployment,false
2.123461834,Regular,6,Create,ConfigMap,false
2.142427172,Regular,14,Update,Deployment,false
2.162384174,Regular,4,Delete,ConfigMap,false
2.181993599,Regular,5,Delete,Deployment,false
2.2018501600000002,Regular,5,Create,Deployment,false
2.222834583,Regular,5,Create,ConfigMap,false
2.2424626229999998,Regular,6,Update,Deployment,false
2.262022975,Regular,5,Delete,ConfigMap,false
2.282163714,Regular,3,Delete,Deployment,false
2.302403159,Regular,5,Create,Deployment,false
2.322446213,Regular,6,Create,ConfigMap,false
2.342536216,Regular,7,Update,Deployment,false
2.362277109,Regular,4,Delete,ConfigMap,false
2.382187162,Regular,4,Delete,Deployment,false
2.402350233,Regular,7,Create,Deployment,false
2.4222415,Regular,7,Create,ConfigMap,false
2.441938821,Regular,6,Update,Deployment,false
2.461869203,Regular,4,Delete,ConfigMap,false
2.481923588,Regular,5,Delete,Deployment,false
2.502753759,Regular,4,Create,Deployment,false
2.521928633,Regular,5,Create,ConfigMap,false
2.5421973639999997,Regular,6,Update,Deployment,false
2.562126813,Regular,3,Delete,ConfigMap,false
2.582477038,Regular,4,Delete,Deployment,false
2.60211122,Regular,6,Create,Deployment,false
2.622009109,Regular,5,Create,ConfigMap,false
2.642402756,Regular,6,Update,Deployment,false
2.662702265,Regular,4,Delete,ConfigMap,false
2.682301921,Regular,3,Delete,Deployment,false
2.702414937,Regular,10,Create,Deployment,false
2.721901189,Regular,5,Create,ConfigMap,false
2.742351373,Regular,6,Update,Deployment,false
2.762319235,Regular,2,Delete,ConfigMap,false
2.78240512,Regular,3,Delete,Deployment,false
2.801994026,Regular,6,Create,Deployment,false
2.821992696,Regular,7,Create,ConfigMap,false
2.842568427,Regular,7,Update,Deployment,false
2.862577156,Regular,3,Delete,ConfigMap,false
2.883015978,Regular,8,Delete,Deployment,false
2.902031821,Regular,5,Create,Deployment,false
2.921999483,Regular,6,Create,ConfigMap,false
2.941880491,Regular,9,Update,Deployment,false
2.9619577599999998,Regular,5,Delete,ConfigMap,false
2.9828291890000003,Regular,3,Delete,Deployment,false
3.002105074,Regular,5,Create,Deployment,false
3.022192512,Regular,5,Create,ConfigMap,false
3.042019157,Regular,6,Update,Deployment,false
3.061787933,Regular,3,Delete,ConfigMap,false
3.082789548,Regular,3,Delete,Deployment,false
3.101851809,Regular,5,Create,Deployment,false
3.121970737,Regular,5,Create,ConfigMap,false
3.141922358,Regular,6,Update,Deployment,false
3.161817282,Regular,4,Delete,ConfigMap,false
3.182925529,Regular,5,Delete,Deployment,false
3.202476704,Regular,8,Create,Deployment,false
3.221945583,Regular,6,Create,ConfigMap,false
3.242294385,Regular,14,Update,Deployment,false
3.262759006,Regular,6,Delete,ConfigMap,false
3.282062953,Regular,6,Delete,Deployment,false
3.301876504,Regular,6,Create,Deployment,false
3.321875264,Regular,6,Create,ConfigMap,false
3.34215735,Regular,6,Update,Deployment,false
3.361955161,Regular,3,Delete,ConfigMap,false
3.381993686,Regular,4,Delete,Deployment,false
3.402010791,Regular,5,Create,Deployment,false
3.422248954,Regular,6,Create,ConfigMap,false
3.442113401,Regular,8,Update,Deployment,false
3.462393423,Regular,4,Delete,ConfigMap,false
3.482782711,Regular,5,Delete,Deployment,false
3.501921487,Regular,8,Create,Deployment,false
3.522337446,Regular,7,Create,ConfigMap,false
3.542536324,Regular,9,Update,Deployment,false
3.562260155,Regular,5,Delete,ConfigMap,false
3.582263094,Regular,4,Delete,Deployment,false
3.602035957,Regular,7,Create,Deployment,false
3.622032493,Regular,5,Create,ConfigMap,false
3.64218817,Regular,6,Update,Deployment,false
3.662671697,Regular,3,Delete,ConfigMap,false
3.682224184,Regular,7,Delete,Deployment,false
3.702599636,Regular,4,Create,Deployment,false
3.72253129,Regular,6,Create,ConfigMap,false
3.7419582,Regular,7,Update,Deployment,false
3.762262127,Regular,5,Delete,ConfigMap,false
3.782135661,Regular,4,Delete,Deployment,false
3.802383432,Regular,8,Create,Deployment,false
3.822323882,Regular,7,Create,ConfigMap,false
3.842505508,Regular,9,Update,Deployment,false
3.862252312,Regular,5,Delete,ConfigMap,false
3.88248233,Regular,4,Delete,Deployment,false
3.902358158,Regular,5,Create,Deployment,false
3.922316251,Regular,3,Create,ConfigMap,false
3.942663771,Regular,5,Update,Deployment,false
3.961990992,Regular,4,Delete,ConfigMap,false
3.982689104,Regular,3,Delete,Deployment,false
3.022284325,Regular,3,Create,ConfigMap,false
3.041993989,Regular,6,Update,Deployment,false
3.061753628,Regular,3,Delete,ConfigMap,false
3.082809947,Regular,3,Delete,Deployment,false
3.101890562,Regular,5,Create,Deployment,false
3.121944617,Regular,5,Create,ConfigMap,false
3.141902631,Regular,6,Update,Deployment,false
3.161717273,Regular,3,Delete,ConfigMap,false
3.182942652,Regular,4,Delete,Deployment,false
3.202507172,Regular,8,Create,Deployment,false
3.222015165,Regular,5,Create,ConfigMap,false
3.242192072,Regular,14,Update,Deployment,false
3.262805353,Regular,6,Delete,ConfigMap,false
3.281817539,Regular,3,Delete,Deployment,false
3.302076752,Regular,6,Create,Deployment,false
3.321931561,Regular,6,Create,ConfigMap,false
3.342061389,Regular,7,Update,Deployment,false
3.361930344,Regular,2,Delete,ConfigMap,false
3.38204349,Regular,4,Delete,Deployment,false
3.401997707,Regular,5,Create,Deployment,false
3.422316402,Regular,6,Create,ConfigMap,false
3.442166651,Regular,7,Update,Deployment,false
3.462356944,Regular,4,Delete,ConfigMap,false
3.482560391,Regular,7,Delete,Deployment,false
3.50200791,Regular,9,Create,Deployment,false
3.5221825730000003,Regular,8,Create,ConfigMap,false
3.5426568019999998,Regular,9,Update,Deployment,false
3.562203598,Regular,7,Delete,ConfigMap,false
3.582198542,Regular,5,Delete,Deployment,false
3.602078287,Regular,7,Create,Deployment,false
3.622018186,Regular,5,Create,ConfigMap,false
3.642150459,Regular,6,Update,Deployment,false
3.662754754,Regular,4,Delete,ConfigMap,false
3.682155875,Regular,6,Delete,Deployment,false
3.702689115,Regular,5,Create,Deployment,false
3.722461558,Regular,6,Create,ConfigMap,false
3.7419414079999997,Regular,5,Update,Deployment,false
3.762183749,Regular,5,Delete,ConfigMap,false
3.782140239,Regular,4,Delete,Deployment,false
3.802233318,Regular,11,Create,Deployment,false
3.8223555620000003,Regular,6,Create,ConfigMap,false
3.842521879,Regular,8,Update,Deployment,false
3.862266619,Regular,5,Delete,ConfigMap,false
3.882384515,Regular,4,Delete,Deployment,false
3.9022499330000002,Regular,4,Create,Deployment,false
3.9222466799999998,Regular,5,Create,ConfigMap,false
3.942707163,Regular,5,Update,Deployment,false
3.961954143,Regular,2,Delete,ConfigMap,false
3.982756291,Regular,4,Delete,Deployment,false
3.002036975,Regular,5,Create,Deployment,false
3.022279366,Regular,5,Create,ConfigMap,false
3.041980804,Regular,6,Update,Deployment,false
3.06174379,Regular,3,Delete,ConfigMap,false
3.082714396,Regular,4,Delete,Deployment,false
3.101914377,Regular,5,Create,Deployment,false
3.122016654,Regular,5,Create,ConfigMap,false
3.141868977,Regular,7,Update,Deployment,false
3.161749434,Regular,4,Delete,ConfigMap,false
3.182926942,Regular,5,Delete,Deployment,false
3.202535104,Regular,8,Create,Deployment,false
3.221910327,Regular,6,Create,ConfigMap,false
3.242319573,Regular,14,Update,Deployment,false
3.262880055,Regular,6,Delete,ConfigMap,false
3.28210882,Regular,6,Delete,Deployment,false
3.302073987,Regular,6,Create,Deployment,false
3.321951288,Regular,6,Create,ConfigMap,false
3.342108287,Regular,7,Update,Deployment,false
3.361860953,Regular,3,Delete,ConfigMap,false
3.382031959,Regular,4,Delete,Deployment,false
3.402022954,Regular,5,Create,Deployment,false
3.422354243,Regular,6,Create,ConfigMap,false
3.442132166,Regular,7,Update,Deployment,false
3.462475979,Regular,4,Delete,ConfigMap,false
3.482508894,Regular,7,Delete,Deployment,false
3.502074696,Regular,9,Create,Deployment,false
3.5222550999999998,Regular,5,Create,ConfigMap,false
3.542564918,Regular,9,Update,Deployment,false
3.56237371,Regular,7,Delete,ConfigMap,false
3.582286127,Regular,3,Delete,Deployment,false
3.602163719,Regular,7,Create,Deployment,false
3.621950338,Regular,5,Create,ConfigMap,false
3.6422498169999997,Regular,6,Update,Deployment,false
3.662725499,Regular,5,Delete,ConfigMap,false
3.682049925,Regular,6,Delete,Deployment,false
3.702647807,Regular,5,Create,Deployment,false
3.722471757,Regular,6,Create,ConfigMap,false
3.741901452,Regular,5,Update,Deployment,false
3.762220698,Regular,5,Delete,ConfigMap,false
3.7821887309999997,Regular,4,Delete,Deployment,false
3.802331063,Regular,12,Create,Deployment,false
3.8222722239999998,Regular,6,Create,ConfigMap,false
3.842718971,Regular,9,Update,Deployment,false
3.8623575409999997,Regular,5,Delete,ConfigMap,false
3.88248258,Regular,4,Delete,Deployment,false
3.902398444,Regular,5,Create,Deployment,false
3.922295823,Regular,5,Create,ConfigMap,false
3.942683127,Regular,5,Update,Deployment,false
3.961972728,Regular,4,Delete,ConfigMap,false
3.982751482,Regular,4,Delete,Deployment,false
3.002021165,Regular,5,Create,Deployment,false
3.022247776,Regular,5,Create,ConfigMap,false
3.042040237,Regular,6,Update,Deployment,false
3.061782763,Regular,4,Delete,ConfigMap,false
3.08280085,Regular,3,Delete,Deployment,false
3.101897466,Regular,4,Create,Deployment,false
3.122013187,Regular,4,Create,ConfigMap,false
3.141849571,Regular,6,Update,Deployment,false
3.161816341,Regular,4,Delete,ConfigMap,false
3.182828837,Regular,4,Delete,Deployment,false
3.202601129,Regular,8,Create,Deployment,false
3.221957426,Regular,6,Create,ConfigMap,false
3.242206178,Regular,14,Update,Deployment,false
3.262845299,Regular,6,Delete,ConfigMap,false
3.281898543,Regular,6,Delete,Deployment,false
3.302074167,Regular,5,Create,Deployment,false
3.321918846,Regular,5,Create,ConfigMap,false
3.342127674,Regular,6,Update,Deployment,false
3.361921557,Regular,3,Delete,ConfigMap,false
3.382095619,Regular,4,Delete,Deployment,false
3.402064323,Regular,5,Create,Deployment,false
3.422340878,Regular,5,Create,ConfigMap,false
3.442038169,Regular,8,Update,Deployment,false
3.462461541,Regular,4,Delete,ConfigMap,false
3.482789885,Regular,6,Delete,Deployment,false
3.502079635,Regular,8,Create,Deployment,false
3.522346864,Regular,6,Create,ConfigMap,false
3.5425052150000003,Regular,9,Update,Deployment,false
3.562367809,Regular,7,Delete,ConfigMap,false
3.582285696,Regular,3,Delete,Deployment,false
3.602144653,Regular,7,Create,Deployment,false
3.621961599,Regular,5,Create,ConfigMap,false
3.642215833,Regular,5,Update,Deployment,false
3.6627116920000002,Regular,4,Delete,ConfigMap,false
3.682109026,Regular,6,Delete,Deployment,false
3.7026338709999997,Regular,5,Create,Deployment,false
3.7224813450000003,Regular,6,Create,ConfigMap,false
3.741886284,Regular,7,Update,Deployment,false
3.76227955,Regular,5,Delete,ConfigMap,false
3.782270626,Regular,4,Delete,Deployment,false
3.80223993,Regular,13,Create,Deployment,false
3.822300748,Regular,6,Create,ConfigMap,false
3.842797449,Regular,7,Update,Deployment,false
3.862384091,Regular,5,Delete,ConfigMap,false
3.882478983,Regular,4,Delete,Deployment,false
3.902441615,Regular,5,Create,Deployment,false
3.922235549,Regular,5,Create,ConfigMap,false
3.942638293,Regular,5,Update,Deployment,false
3.9620051590000003,Regular,4,Delete,ConfigMap,false
3.9827373550000003,Regular,4,Delete,Deployment,false
3.002170197,Regular,5,Create,Deployment,false
3.022262474,Regular,5,Create,ConfigMap,false
3.041951559,Regular,5,Update,Deployment,false
3.061794616,Regular,3,Delete,ConfigMap,false
3.082818583,Regular,3,Delete,Deployment,false
3.101879211,Regular,5,Create,Deployment,false
3.122000002,Regular,5,Create,ConfigMap,false
3.141837077,Regular,7,Update,Deployment,false
3.161739786,Regular,3,Delete,ConfigMap,false
3.182795083,Regular,5,Delete,Deployment,false
3.202517431,Regular,6,Create,Deployment,false
3.22198648,Regular,6,Create,ConfigMap,false
3.242224283,Regular,14,Update,Deployment,false
3.262788712,Regular,6,Delete,ConfigMap,false
3.282057092,Regular,9,Delete,Deployment,false
3.301960963,Regular,6,Create,Deployment,false
3.321902896,Regular,6,Create,ConfigMap,false
3.342094822,Regular,7,Update,Deployment,false
3.361836146,Regular,4,Delete,ConfigMap,false
3.382018122,Regular,3,Delete,Deployment,false
3.4019483839999998,Regular,5,Create,Deployment,false
3.422328134,Regular,6,Create,ConfigMap,false
3.44219225,Regular,7,Update,Deployment,false
3.462367434,Regular,3,Delete,ConfigMap,false
3.482367517,Regular,7,Delete,Deployment,false
3.502052825,Regular,9,Create,Deployment,false
3.522243118,Regular,7,Create,ConfigMap,false
3.542659637,Regular,9,Update,Deployment,false
3.562375503,Regular,7,Delete,ConfigMap,false
3.582231945,Regular,5,Delete,Deployment,false
3.602097523,Regular,6,Create,Deployment,false
3.621948184,Regular,6,Create,ConfigMap,false
3.642160568,Regular,6,Update,Deployment,false
3.66269994,Regular,4,Delete,ConfigMap,false
3.682024457,Regular,8,Delete,Deployment,false
3.702619233,Regular,5,Create,Deployment,false
3.722449866,Regular,4,Create,ConfigMap,false
3.741869692,Regular,6,Update,Deployment,false
3.762162478,Regular,5,Delete,ConfigMap,false
3.782179203,Regular,4,Delete,Deployment,false
3.802261601,Regular,10,Create,Deployment,false
3.822243861,Regular,7,Create,ConfigMap,false
3.842666492,Regular,8,Update,Deployment,false
3.862347021,Regular,5,Delete,ConfigMap,false
3.882430231,Regular,3,Delete,Deployment,false
3.902384988,Regular,5,Create,Deployment,false
3.922281926,Regular,4,Create,ConfigMap,false
3.942710679,Regular,5,Update,Deployment,false
3.961966947,Regular,3,Delete,ConfigMap,false
3.982722778,Regular,4,Delete,Deployment,false
3.002091728,Regular,5,Create,Deployment,false
3.022217128,Regular,5,Create,ConfigMap,false
3.041993398,Regular,5,Update,Deployment,false
3.061770169,Regular,3,Delete,ConfigMap,false
3.082736688,Regular,3,Delete,Deployment,false
3.101827223,Regular,5,Create,Deployment,false
3.122021032,Regular,5,Create,ConfigMap,false
3.141915525,Regular,6,Update,Deployment,false
3.161758882,Regular,4,Delete,ConfigMap,false
3.182758744,Regular,5,Delete,Deployment,false
3.202443361,Regular,8,Create,Deployment,false
3.221940033,Regular,6,Create,ConfigMap,false
3.242257616,Regular,14,Update,Deployment,false
3.262772331,Regular,6,Delete,ConfigMap,false
3.281825424,Regular,7,Delete,Deployment,false
3.301911961,Regular,5,Create,Deployment,false
3.32188878,Regular,6,Create,ConfigMap,false
3.342153242,Regular,7,Update,Deployment,false
3.361846916,Regular,4,Delete,ConfigMap,false
3.382067636,Regular,4,Delete,Deployment,false
3.401986596,Regular,5,Create,Deployment,false
3.422261648,Regular,6,Create,ConfigMap,false
3.442098683,Regular,7,Update,Deployment,false
3.462440412,Regular,4,Delete,ConfigMap,false
3.48235321,Regular,7,Delete,Deployment,false
3.501903282,Regular,9,Create,Deployment,false
3.52239253,Regular,7,Create,ConfigMap,false
3.5425056660000003,Regular,9,Update,Deployment,false
3.562402855,Regular,4,Delete,ConfigMap,false
3.582181449,Regular,4,Delete,Deployment,false
3.6022088439999997,Regular,6,Create,Deployment,false
3.621931873,Regular,6,Create,ConfigMap,false
3.642250318,Regular,6,Update,Deployment,false
3.662783047,Regular,4,Delete,ConfigMap,false
3.682267225,Regular,6,Delete,Deployment,false
3.702679086,Regular,5,Create,Deployment,false
3.722514228,Regular,6,Create,ConfigMap,false
3.741958029,Regular,6,Update,Deployment,false
3.762193968,Regular,5,Delete,ConfigMap,false
3.7822281650000003,Regular,3,Delete,Deployment,false
3.80212847,Regular,14,Create,Deployment,false
3.822255182,Regular,7,Create,ConfigMap,false
3.842682703,Regular,8,Update,Deployment,false
3.862290925,Regular,5,Delete,ConfigMap,false
3.882364627,Regular,3,Delete,Deployment,false
3.902442277,Regular,5,Create,Deployment,false
3.922260516,Regular,4,Create,ConfigMap,false
3.94268977,Regular,6,Update,Deployment,false
3.961985452,Regular,4,Delete,ConfigMap,false
3.982625905,Regular,4,Delete,Deployment,false
3.022235633,Regular,5,Create,ConfigMap,false
3.041926301,Regular,6,Update,Deployment,false
3.061714234,Regular,2,Delete,ConfigMap,false
3.082728102,Regular,4,Delete,Deployment,false
3.101823115,Regular,5,Create,Deployment,false
3.121984282,Regular,5,Create,ConfigMap,false
3.141904414,Regular,6,Update,Deployment,false
3.161710651,Regular,4,Delete,ConfigMap,false
3.182743025,Regular,5,Delete,Deployment,false
3.202428373,Regular,7,Create,Deployment,false
3.222031956,Regular,6,Create,ConfigMap,false
3.242189006,Regular,11,Update,Deployment,false
3.262858544,Regular,6,Delete,ConfigMap,false
3.281767385,Regular,6,Delete,Deployment,false
3.301933582,Regular,6,Create,Deployment,false
3.321992115,Regular,4,Create,ConfigMap,false
3.342138374,Regular,7,Update,Deployment,false
3.361899405,Regular,4,Delete,ConfigMap,false
3.382105878,Regular,4,Delete,Deployment,false
3.40206294,Regular,5,Create,Deployment,false
3.422301293,Regular,3,Create,ConfigMap,false
3.442061663,Regular,8,Update,Deployment,false
3.462447856,Regular,4,Delete,ConfigMap,false
3.482950849,Regular,9,Delete,Deployment,false
3.501804946,Regular,9,Create,Deployment,false
3.5221768620000002,Regular,8,Create,ConfigMap,false
3.5426021690000002,Regular,9,Update,Deployment,false
3.562196655,Regular,7,Delete,ConfigMap,false
3.58228767,Regular,4,Delete,Deployment,false
3.602109646,Regular,7,Create,Deployment,false
3.621926563,Regular,5,Create,ConfigMap,false
3.642171048,Regular,5,Update,Deployment,false
3.662769241,Regular,3,Delete,ConfigMap,false
3.6821405560000002,Regular,6,Delete,Deployment,false
3.702712339,Regular,5,Create,Deployment,false
3.722539926,Regular,6,Create,ConfigMap,false
3.741846448,Regular,6,Update,Deployment,false
3.762243431,Regular,5,Delete,ConfigMap,false
3.782255697,Regular,4,Delete,Deployment,false
3.802199153,Regular,13,Create,Deployment,false
3.822216098,Regular,5,Create,ConfigMap,false
3.84268113,Regular,8,Update,Deployment,false
3.862305573,Regular,5,Delete,ConfigMap,false
3.882338528,Regular,4,Delete,Deployment,false
3.902415316,Regular,5,Create,Deployment,false
3.922313606,Regular,5,Create,ConfigMap,false
3.942667438,Regular,5,Update,Deployment,false
3.962031529,Regular,3,Delete,ConfigMap,false
3.9826572540000003,Regular,4,Delete,Deployment,false
4.002447811,Regular,5,Create,Deployment,false
3.022301938,Regular,5,Create,ConfigMap,false
3.041971326,Regular,6,Update,Deployment,false
3.061721948,Regular,3,Delete,ConfigMap,false
3.082772987,Regular,4,Delete,Deployment,false
3.101843023,Regular,5,Create,Deployment,false
3.122033225,Regular,5,Create,ConfigMap,false
3.141821017,Regular,6,Update,Deployment,false
3.16174742,Regular,4,Delete,ConfigMap,false
3.182854786,Regular,5,Delete,Deployment,false
3.202459321,Regular,8,Create,Deployment,false
3.221995698,Regular,6,Create,ConfigMap,false
3.24233402,Regular,14,Update,Deployment,false
3.262880415,Regular,4,Delete,ConfigMap,false
3.281787382,Regular,6,Delete,Deployment,false
3.301889959,Regular,6,Create,Deployment,false
3.322009558,Regular,6,Create,ConfigMap,false
3.342075676,Regular,7,Update,Deployment,false
3.361874007,Regular,3,Delete,ConfigMap,false
3.382007011,Regular,4,Delete,Deployment,false
3.401958873,Regular,5,Create,Deployment,false
3.422351618,Regular,6,Create,ConfigMap,false
3.44204425,Regular,6,Update,Deployment,false
3.46238123,Regular,4,Delete,ConfigMap,false
3.482568767,Regular,7,Delete,Deployment,false
3.502120553,Regular,9,Create,Deployment,false
3.522221837,Regular,8,Create,ConfigMap,false
3.542619371,Regular,9,Update,Deployment,false
3.562228556,Regular,4,Delete,ConfigMap,false
3.582302779,Regular,5,Delete,Deployment,false
3.602062888,Regular,5,Create,Deployment,false
3.621976578,Regular,5,Create,ConfigMap,false
3.642245819,Regular,6,Update,Deployment,false
3.662686064,Regular,4,Delete,ConfigMap,false
3.682109858,Regular,6,Delete,Deployment,false
3.702613723,Regular,5,Create,Deployment,false
3.7224359099999997,Regular,5,Create,ConfigMap,false
3.741849144,Regular,7,Update,Deployment,false
3.762154373,Regular,5,Delete,ConfigMap,false
3.782160397,Regular,4,Delete,Deployment,false
3.802217728,Regular,13,Create,Deployment,false
3.822229253,Regular,7,Create,ConfigMap,false
3.842748156,Regular,8,Update,Deployment,false
3.862369383,Regular,5,Delete,ConfigMap,false
3.8824808170000003,Regular,4,Delete,Deployment,false
3.902374118,Regular,5,Create,Deployment,false
3.922225239,Regular,5,Create,ConfigMap,false
3.942721259,Regular,4,Update,Deployment,false
3.962007003,Regular,4,Delete,ConfigMap,false
3.982635503,Regular,4,Delete,Deployment,false
4.00249485,Regular,7,Create,Deployment,false
3.002065168,Regular,4,Create,Deployment,false
3.02220252,Regular,5,Create,ConfigMap,false
3.041937322,Regular,6,Update,Deployment,false
3.061797631,Regular,3,Delete,ConfigMap,false
3.082757748,Regular,2,Delete,Deployment,false
3.101929556,Regular,5,Create,Deployment,false
3.121960998,Regular,3,Create,ConfigMap,false
3.141885859,Regular,7,Update,Deployment,false
3.16174748,Regular,4,Delete,ConfigMap,false
3.182870025,Regular,3,Delete,Deployment,false
3.202557857,Regular,8,Create,Deployment,false
3.222022048,Regular,5,Create,ConfigMap,false
3.242269097,Regular,14,Update,Deployment,false
3.262821915,Regular,6,Delete,ConfigMap,false
3.281808112,Regular,6,Delete,Deployment,false
3.301947207,Regular,5,Create,Deployment,false
3.321964302,Regular,4,Create,ConfigMap,false
3.342127083,Regular,7,Update,Deployment,false
3.361884066,Regular,4,Delete,ConfigMap,false
3.382115026,Regular,4,Delete,Deployment,false
3.401971848,Regular,5,Create,Deployment,false
3.422274002,Regular,5,Create,ConfigMap,false
3.442149289,Regular,7,Update,Deployment,false
3.462430523,Regular,4,Delete,ConfigMap,false
3.482506379,Regular,4,Delete,Deployment,false
3.50181721,Regular,9,Create,Deployment,false
3.522335242,Regular,7,Create,ConfigMap,false
3.542575188,Regular,9,Update,Deployment,false
3.562239697,Regular,5,Delete,ConfigMap,false
3.5822084199999997,Regular,5,Delete,Deployment,false
3.602043802,Regular,7,Create,Deployment,false
3.622032764,Regular,4,Create,ConfigMap,false
3.642233396,Regular,5,Update,Deployment,false
3.66273677,Regular,4,Delete,ConfigMap,false
3.681964012,Regular,6,Delete,Deployment,false
3.702664799,Regular,5,Create,Deployment,false
3.722496875,Regular,5,Create,ConfigMap,false
3.741935437,Regular,6,Update,Deployment,false
3.762206702,Regular,5,Delete,ConfigMap,false
3.782206404,Regular,4,Delete,Deployment,false
3.802140843,Regular,13,Create,Deployment,false
3.822358728,Regular,7,Create,ConfigMap,false
3.842715895,Regular,9,Update,Deployment,false
3.862281577,Regular,5,Delete,ConfigMap,false
3.882354718,Regular,4,Delete,Deployment,false
3.9023392919999997,Regular,5,Create,Deployment,false
3.922270936,Regular,5,Create,ConfigMap,false
3.942648702,Regular,5,Update,Deployment,false
3.962020268,Regular,4,Delete,ConfigMap,false
3.98266571,Regular,4,Delete,Deployment,false
4.002516832,Regular,7,Create,Deployment,false
3.022221917,Regular,5,Create,ConfigMap,false
3.042006413,Regular,6,Update,Deployment,false
3.061728481,Regular,3,Delete,ConfigMap,false
3.082789769,Regular,3,Delete,Deployment,false
3.101865565,Regular,5,Create,Deployment,false
3.121934188,Regular,5,Create,ConfigMap,false
3.141812611,Regular,4,Update,Deployment,false
3.161788738,Regular,4,Delete,ConfigMap,false
3.182943754,Regular,5,Delete,Deployment,false
3.202487304,Regular,8,Create,Deployment,false
3.222037677,Regular,5,Create,ConfigMap,false
3.242282132,Regular,14,Update,Deployment,false
3.262859205,Regular,6,Delete,ConfigMap,false
3.281897501,Regular,6,Delete,Deployment,false
3.301977404,Regular,6,Create,Deployment,false
3.32200007,Regular,6,Create,ConfigMap,false
3.342052111,Regular,7,Update,Deployment,false
3.36191247,Regular,3,Delete,ConfigMap,false
3.382071994,Regular,4,Delete,Deployment,false
3.402037863,Regular,4,Create,Deployment,false
3.422282267,Regular,4,Create,ConfigMap,false
3.442083665,Regular,7,Update,Deployment,false
3.462418079,Regular,4,Delete,ConfigMap,false
3.482341908,Regular,7,Delete,Deployment,false
3.501922118,Regular,6,Create,Deployment,false
3.522333288,Regular,7,Create,ConfigMap,false
3.542526165,Regular,9,Update,Deployment,false
3.5623517380000003,Regular,7,Delete,ConfigMap,false
3.582168114,Regular,4,Delete,Deployment,false
3.6021263980000002,Regular,7,Create,Deployment,false
3.622055858,Regular,5,Create,ConfigMap,false
3.642206044,Regular,6,Update,Deployment,false
3.662786885,Regular,4,Delete,ConfigMap,false
3.681863011,Regular,5,Delete,Deployment,false
3.702702881,Regular,5,Create,Deployment,false
3.722434958,Regular,6,Create,ConfigMap,false
3.741957538,Regular,6,Update,Deployment,false
3.762264601,Regular,4,Delete,ConfigMap,false
3.782233766,Regular,4,Delete,Deployment,false
3.802119944,Regular,12,Create,Deployment,false
3.82235469,Regular,7,Create,ConfigMap,false
3.842743798,Regular,9,Update,Deployment,false
3.862328336,Regular,5,Delete,ConfigMap,false
3.882390526,Regular,4,Delete,Deployment,false
3.90222181,Regular,5,Create,Deployment,false
3.9223403770000003,Regular,5,Create,ConfigMap,false
3.942732901,Regular,5,Update,Deployment,false
3.9619469990000002,Regular,4,Delete,ConfigMap,false
3.982612179,Regular,4,Delete,Deployment,false
4.002385303,Regular,7,Create,Deployment,false
4.002439896,Regular,6,Create,Deployment,false
4.022759293,Regular,7,Create,ConfigMap,false
4.04237518,Regular,6,Update,Deployment,false
4.062587373,Regular,8,Delete,ConfigMap,false
4.082799216,Regular,4,Delete,Deployment,false
4.102595023,Regular,5,Create,Deployment,false
4.122480059,Regular,7,Create,ConfigMap,false
4.142437602,Regular,5,Update,Deployment,false
4.162179857,Regular,4,Delete,ConfigMap,false
4.182202102,Regular,6,Delete,Deployment,false
4.202748608,Regular,5,Create,Deployment,false
4.221966913,Regular,6,Create,ConfigMap,false
4.242298172,Regular,7,Update,Deployment,false
4.261876658,Regular,4,Delete,ConfigMap,false
4.282485371,Regular,3,Delete,Deployment,false
4.3018113,Regular,7,Create,Deployment,false
4.322687699,Regular,6,Create,ConfigMap,false
4.341930822,Regular,6,Update,Deployment,false
4.361893865,Regular,3,Delete,ConfigMap,false
4.381949483,Regular,5,Delete,Deployment,false
4.402810542,Regular,11,Create,Deployment,false
4.422414286,Regular,5,Create,ConfigMap,false
4.442914565,Regular,5,Update,Deployment,false
4.462441022,Regular,4,Delete,ConfigMap,false
4.482589486,Regular,6,Delete,Deployment,false
4.50208748,Regular,8,Create,Deployment,false
4.522039733,Regular,6,Create,ConfigMap,false
4.542140135,Regular,7,Update,Deployment,false
4.5621462699999995,Regular,4,Delete,ConfigMap,false
4.581992923,Regular,5,Delete,Deployment,false
4.602780554,Regular,6,Create,Deployment,false
4.621987328,Regular,4,Create,ConfigMap,false
4.641843038,Regular,8,Update,Deployment,false
4.662552892,Regular,4,Delete,ConfigMap,false
4.682436565,Regular,4,Delete,Deployment,false
4.702428132,Regular,5,Create,Deployment,false
4.722491695,Regular,6,Create,ConfigMap,false
4.742041296,Regular,6,Update,Deployment,false
4.761859896,Regular,4,Delete,ConfigMap,false
4.782206184,Regular,5,Delete,Deployment,false
4.803007521,Regular,7,Create,Deployment,false
4.822096061,Regular,5,Create,ConfigMap,false
4.841828589,Regular,6,Update,Deployment,false
4.862003883,Regular,3,Delete,ConfigMap,false
4.8823322959999995,Regular,3,Delete,Deployment,false
4.902149333,Regular,4,Create,Deployment,false
4.921762395,Regular,4,Create,ConfigMap,false
4.942266951,Regular,7,Update,Deployment,false
4.962866597,Regular,5,Delete,ConfigMap,false
4.982200782,Regular,3,Delete,Deployment,false
4.002496734,Regular,6,Create,Deployment,false
4.022734386,Regular,7,Create,ConfigMap,false
4.042415616,Regular,6,Update,Deployment,false
4.062565552,Regular,3,Delete,ConfigMap,false
4.082783417,Regular,4,Delete,Deployment,false
4.102526023,Regular,5,Create,Deployment,false
4.12245922,Regular,7,Create,ConfigMap,false
4.142431761,Regular,5,Update,Deployment,false
4.162286569,Regular,3,Delete,ConfigMap,false
4.182334412,Regular,6,Delete,Deployment,false
4.202694776,Regular,6,Create,Deployment,false
4.221914043,Regular,6,Create,ConfigMap,false
4.242355681,Regular,6,Update,Deployment,false
4.261888851,Regular,4,Delete,ConfigMap,false
4.282477056,Regular,2,Delete,Deployment,false
4.301773188,Regular,7,Create,Deployment,false
4.32265098,Regular,4,Create,ConfigMap,false
4.341902749,Regular,5,Update,Deployment,false
4.361993683,Regular,3,Delete,ConfigMap,false
4.381924726,Regular,5,Delete,Deployment,false
4.40276681,Regular,11,Create,Deployment,false
4.422388007,Regular,4,Create,ConfigMap,false
4.442902061,Regular,6,Update,Deployment,false
4.462369107,Regular,3,Delete,ConfigMap,false
4.482297354,Regular,7,Delete,Deployment,false
4.50200769,Regular,8,Create,Deployment,false
4.521815128,Regular,7,Create,ConfigMap,false
4.542048843,Regular,7,Update,Deployment,false
4.5621334959999995,Regular,4,Delete,ConfigMap,false
4.581956975,Regular,5,Delete,Deployment,false
4.602765616,Regular,4,Create,Deployment,false
4.621949717,Regular,5,Create,ConfigMap,false
4.641836636,Regular,8,Update,Deployment,false
4.662468212,Regular,4,Delete,ConfigMap,false
4.682368396,Regular,5,Delete,Deployment,false
4.702371264,Regular,5,Create,Deployment,false
4.722479933,Regular,6,Create,ConfigMap,false
4.74201697,Regular,7,Update,Deployment,false
4.761939908,Regular,4,Delete,ConfigMap,false
4.782141942,Regular,5,Delete,Deployment,false
4.802790951,Regular,7,Create,Deployment,false
4.82194743,Regular,6,Create,ConfigMap,false
4.841909511,Regular,6,Update,Deployment,false
4.86191808,Regular,3,Delete,ConfigMap,false
4.882437154,Regular,4,Delete,Deployment,false
4.902138042,Regular,5,Create,Deployment,false
4.921750863,Regular,5,Create,ConfigMap,false
4.942242835,Regular,7,Update,Deployment,false
4.9627923670000005,Regular,5,Delete,ConfigMap,false
4.982171126,Regular,4,Delete,Deployment,false
4.002439896,Regular,7,Create,Deployment,false
4.022808866,Regular,7,Create,ConfigMap,false
4.042361414,Regular,6,Update,Deployment,false
4.062681702,Regular,8,Delete,ConfigMap,false
4.082731539,Regular,4,Delete,Deployment,false
4.102645138,Regular,5,Create,Deployment,false
4.122520916,Regular,7,Create,ConfigMap,false
4.142424387,Regular,5,Update,Deployment,false
4.162208301,Regular,4,Delete,ConfigMap,false
4.182251465,Regular,6,Delete,Deployment,false
4.202669358,Regular,4,Create,Deployment,false
4.221966152,Regular,5,Create,ConfigMap,false
4.242420774,Regular,7,Update,Deployment,false
4.26189368,Regular,4,Delete,ConfigMap,false
4.282465093,Regular,3,Delete,Deployment,false
4.301819235,Regular,7,Create,Deployment,false
4.322719209,Regular,6,Create,ConfigMap,false
4.341847244,Regular,6,Update,Deployment,false
4.361903002,Regular,2,Delete,ConfigMap,false
4.381968829,Regular,5,Delete,Deployment,false
4.402779113,Regular,10,Create,Deployment,false
4.422440085,Regular,4,Create,ConfigMap,false
4.442824364,Regular,6,Update,Deployment,false
4.46235492,Regular,4,Delete,ConfigMap,false
4.48263368,Regular,6,Delete,Deployment,false
4.50190207,Regular,8,Create,Deployment,false
4.521790482,Regular,7,Create,ConfigMap,false
4.542035588,Regular,6,Update,Deployment,false
4.562122856,Regular,4,Delete,ConfigMap,false
4.581983956,Regular,5,Delete,Deployment,false
4.602691406,Regular,6,Create,Deployment,false
4.622012255,Regular,5,Create,ConfigMap,false
4.641860942,Regular,8,Update,Deployment,false
4.662556369,Regular,4,Delete,ConfigMap,false
4.682336486,Regular,4,Delete,Deployment,false
4.702429935,Regular,5,Create,Deployment,false
4.72246255,Regular,6,Create,ConfigMap,false
4.741933743,Regular,7,Update,Deployment,false
4.76194108,Regular,4,Delete,ConfigMap,false
4.7820779909999995,Regular,5,Delete,Deployment,false
4.802936486,Regular,7,Create,Deployment,false
4.821933293,Regular,6,Create,ConfigMap,false
4.841905544,Regular,6,Update,Deployment,false
4.862021666,Regular,4,Delete,ConfigMap,false
4.882353396,Regular,3,Delete,Deployment,false
4.902155194,Regular,4,Create,Deployment,false
4.921776702,Regular,5,Create,ConfigMap,false
4.942274084,Regular,7,Update,Deployment,false
4.962784191,Regular,4,Delete,ConfigMap,false
4.982230197,Regular,3,Delete,Deployment,false
4.002645365,Regular,6,Create,Deployment,false
4.02271537,Regular,7,Create,ConfigMap,false
4.042440964,Regular,5,Update,Deployment,false
4.062620516,Regular,5,Delete,ConfigMap,false
4.082713084,Regular,4,Delete,Deployment,false
4.102632294,Regular,5,Create,Deployment,false
4.122448379,Regular,7,Create,ConfigMap,false
4.14238933,Regular,5,Update,Deployment,false
4.162289845,Regular,3,Delete,ConfigMap,false
4.182239863,Regular,6,Delete,Deployment,false
4.2026821420000005,Regular,5,Create,Deployment,false
4.221893344,Regular,6,Create,ConfigMap,false
4.242370248,Regular,7,Update,Deployment,false
4.261882068,Regular,4,Delete,ConfigMap,false
4.282531018,Regular,4,Delete,Deployment,false
4.301721631,Regular,7,Create,Deployment,false
4.32278878,Regular,6,Create,ConfigMap,false
4.341863014,Regular,6,Update,Deployment,false
4.361916017,Regular,3,Delete,ConfigMap,false
4.381886634,Regular,3,Delete,Deployment,false
4.402898679,Regular,10,Create,Deployment,false
4.422352419,Regular,4,Create,ConfigMap,false
4.442928822,Regular,6,Update,Deployment,false
4.4624490980000004,Regular,4,Delete,ConfigMap,false
4.482471694,Regular,6,Delete,Deployment,false
4.50217706,Regular,8,Create,Deployment,false
4.521838483,Regular,6,Create,ConfigMap,false
4.542143782,Regular,6,Update,Deployment,false
4.562157601,Regular,4,Delete,ConfigMap,false
4.581991821,Regular,5,Delete,Deployment,false
4.6027943,Regular,5,Create,Deployment,false
4.621975385,Regular,5,Create,ConfigMap,false
4.6419009970000005,Regular,8,Update,Deployment,false
4.6625134379999995,Regular,4,Delete,ConfigMap,false
4.6825317349999995,Regular,4,Delete,Deployment,false
4.702360594,Regular,6,Create,Deployment,false
4.722453242,Regular,3,Create,ConfigMap,false
4.742040645,Regular,7,Update,Deployment,false
4.761923436,Regular,4,Delete,ConfigMap,false
4.782178501,Regular,5,Delete,Deployment,false
4.802770132,Regular,7,Create,Deployment,false
4.822096141,Regular,6,Create,ConfigMap,false
4.841818069,Regular,6,Update,Deployment,false
4.86208728,Regular,4,Delete,ConfigMap,false
4.88236644,Regular,4,Delete,Deployment,false
4.902183127,Regular,5,Create,Deployment,false
4.921815555,Regular,4,Create,ConfigMap,false
4.942352041,Regular,6,Update,Deployment,false
4.962879872,Regular,5,Delete,ConfigMap,false
4.982228063,Regular,3,Delete,Deployment,false
4.022702285,Regular,6,Create,ConfigMap,false
4.042428791,Regular,5,Update,Deployment,false
4.062621077,Regular,5,Delete,ConfigMap,false
4.0827693,Regular,4,Delete,Deployment,false
4.102549888,Regular,5,Create,Deployment,false
4.122529853,Regular,5,Create,ConfigMap,false
4.142380494,Regular,5,Update,Deployment,false
4.162259147,Regular,3,Delete,ConfigMap,false
4.18221137,Regular,6,Delete,Deployment,false
4.202732086,Regular,5,Create,Deployment,false
4.2219563430000004,Regular,4,Create,ConfigMap,false
4.242315064,Regular,8,Update,Deployment,false
4.261841011,Regular,4,Delete,ConfigMap,false
4.28255873,Regular,4,Delete,Deployment,false
4.3018142059999995,Regular,5,Create,Deployment,false
4.322737313,Regular,6,Create,ConfigMap,false
4.341829099,Regular,6,Update,Deployment,false
4.361978194,Regular,3,Delete,ConfigMap,false
4.38194296,Regular,6,Delete,Deployment,false
4.402712848,Regular,11,Create,Deployment,false
4.422420388,Regular,5,Create,ConfigMap,false
4.442724135,Regular,5,Update,Deployment,false
4.462422658,Regular,3,Delete,ConfigMap,false
4.482540594,Regular,5,Delete,Deployment,false
4.502123729,Regular,8,Create,Deployment,false
4.521808025,Regular,8,Create,ConfigMap,false
4.542020269,Regular,7,Update,Deployment,false
4.562111424,Regular,4,Delete,ConfigMap,false
4.581878156,Regular,5,Delete,Deployment,false
4.602720681,Regular,6,Create,Deployment,false
4.622027894,Regular,5,Create,ConfigMap,false
4.641892501,Regular,8,Update,Deployment,false
4.662505222,Regular,3,Delete,ConfigMap,false
4.682559557,Regular,6,Delete,Deployment,false
4.702335607,Regular,5,Create,Deployment,false
4.722539585,Regular,6,Create,ConfigMap,false
4.742000289,Regular,7,Update,Deployment,false
4.761869755,Regular,3,Delete,ConfigMap,false
4.782053786,Regular,5,Delete,Deployment,false
4.802883937,Regular,7,Create,Deployment,false
4.821916712,Regular,6,Create,ConfigMap,false
4.841858796,Regular,6,Update,Deployment,false
4.861948648,Regular,4,Delete,ConfigMap,false
4.882378714,Regular,4,Delete,Deployment,false
4.902228603,Regular,5,Create,Deployment,false
4.92182329,Regular,3,Create,ConfigMap,false
4.942333817,Regular,7,Update,Deployment,false
4.962761669,Regular,5,Delete,ConfigMap,false
4.982246448,Regular,5,Delete,Deployment,false
4.002417033,Regular,7,Create,Deployment,false
4.022837751,Regular,7,Create,ConfigMap,false
4.042445162,Regular,6,Update,Deployment,false
4.062678806,Regular,8,Delete,ConfigMap,false
4.08270607,Regular,4,Delete,Deployment,false
4.102615442,Regular,4,Create,Deployment,false
4.122507691,Regular,6,Create,ConfigMap,false
4.142403036,Regular,5,Update,Deployment,false
4.162277903,Regular,3,Delete,ConfigMap,false
4.182351855,Regular,4,Delete,Deployment,false
4.202719202,Regular,6,Create,Deployment,false
4.221885339,Regular,6,Create,ConfigMap,false
4.242327527,Regular,7,Update,Deployment,false
4.26181395,Regular,3,Delete,ConfigMap,false
4.282538832,Regular,4,Delete,Deployment,false
4.301745837,Regular,7,Create,Deployment,false
4.32260865,Regular,5,Create,ConfigMap,false
4.3418874800000005,Regular,6,Update,Deployment,false
4.361967804,Regular,3,Delete,ConfigMap,false
4.382037639,Regular,5,Delete,Deployment,false
4.402759185,Regular,11,Create,Deployment,false
4.422414116,Regular,5,Create,ConfigMap,false
4.442872555,Regular,6,Update,Deployment,false
4.462342607,Regular,4,Delete,ConfigMap,false
4.482530294,Regular,6,Delete,Deployment,false
4.501848849,Regular,7,Create,Deployment,false
4.521875533,Regular,5,Create,ConfigMap,false
4.5421099179999995,Regular,7,Update,Deployment,false
4.562186887,Regular,4,Delete,ConfigMap,false
4.581968366,Regular,5,Delete,Deployment,false
4.602732784,Regular,6,Create,Deployment,false
4.622043604,Regular,5,Create,ConfigMap,false
4.641810136,Regular,8,Update,Deployment,false
4.662434558,Regular,3,Delete,ConfigMap,false
4.682535141,Regular,4,Delete,Deployment,false
4.702432831,Regular,5,Create,Deployment,false
4.722428866,Regular,5,Create,ConfigMap,false
4.741974931,Regular,7,Update,Deployment,false
4.76188294,Regular,4,Delete,ConfigMap,false
4.782101135,Regular,5,Delete,Deployment,false
4.803093603,Regular,5,Create,Deployment,false
4.821998286,Regular,5,Create,ConfigMap,false
4.841849248,Regular,6,Update,Deployment,false
4.862004313,Regular,3,Delete,ConfigMap,false
4.882338508,Regular,4,Delete,Deployment,false
4.902113054,Regular,5,Create,Deployment,false
4.921731877,Regular,5,Create,ConfigMap,false
4.942345058,Regular,7,Update,Deployment,false
4.962854544,Regular,5,Delete,ConfigMap,false
4.982242781,Regular,4,Delete,Deployment,false
4.022776665,Regular,7,Create,ConfigMap,false
4.042398985,Regular,6,Update,Deployment,false
4.062603764,Regular,4,Delete,ConfigMap,false
4.082840474,Regular,3,Delete,Deployment,false
4.102573212,Regular,5,Create,Deployment,false
4.122513122,Regular,6,Create,ConfigMap,false
4.142352871,Regular,5,Update,Deployment,false
4.16222892,Regular,4,Delete,ConfigMap,false
4.182265652,Regular,5,Delete,Deployment,false
4.202765449,Regular,5,Create,Deployment,false
4.221937979,Regular,6,Create,ConfigMap,false
4.242393432,Regular,8,Update,Deployment,false
4.261851861,Regular,4,Delete,ConfigMap,false
4.282543401,Regular,4,Delete,Deployment,false
4.301738693,Regular,7,Create,Deployment,false
4.322726713,Regular,5,Create,ConfigMap,false
4.341831464,Regular,6,Update,Deployment,false
4.361930093,Regular,3,Delete,ConfigMap,false
4.382036617,Regular,5,Delete,Deployment,false
4.402733978,Regular,11,Create,Deployment,false
4.422373569,Regular,5,Create,ConfigMap,false
4.442858328,Regular,6,Update,Deployment,false
4.462407189,Regular,4,Delete,ConfigMap,false
4.482731414,Regular,6,Delete,Deployment,false
4.502215673,Regular,6,Create,Deployment,false
4.521947909,Regular,8,Create,ConfigMap,false
4.542065865,Regular,7,Update,Deployment,false
4.562173872,Regular,3,Delete,ConfigMap,false
4.5818916309999995,Regular,6,Delete,Deployment,false
4.602754645,Regular,6,Create,Deployment,false
4.621995884,Regular,5,Create,ConfigMap,false
4.641889075,Regular,8,Update,Deployment,false
4.662445459,Regular,4,Delete,ConfigMap,false
4.682552735,Regular,4,Delete,Deployment,false
4.7023475999999995,Regular,5,Create,Deployment,false
4.72252626,Regular,6,Create,ConfigMap,false
4.741959241,Regular,7,Update,Deployment,false
4.761943084,Regular,4,Delete,ConfigMap,false
4.782039428,Regular,5,Delete,Deployment,false
4.803124472,Regular,7,Create,Deployment,false
4.821917584,Regular,6,Create,ConfigMap,false
4.841894162,Regular,6,Update,Deployment,false
4.861851124,Regular,4,Delete,ConfigMap,false
4.882445049,Regular,4,Delete,Deployment,false
4.902192224,Regular,5,Create,Deployment,false
4.921744841,Regular,5,Create,ConfigMap,false
4.942220533,Regular,7,Update,Deployment,false
4.962838824,Regular,5,Delete,ConfigMap,false
4.982160375,Regular,4,Delete,Deployment,false
5.002201025,Regular,5,Create,Deployment,false
4.022792155,Regular,7,Create,ConfigMap,false
4.042445212,Regular,6,Update,Deployment,false
4.062548961,Regular,4,Delete,ConfigMap,false
4.082759461,Regular,4,Delete,Deployment,false
4.102557072,Regular,5,Create,Deployment,false
4.122437929,Regular,7,Create,ConfigMap,false
4.142341881,Regular,4,Update,Deployment,false
4.162196399,Regular,4,Delete,ConfigMap,false
4.182244933,Regular,6,Delete,Deployment,false
4.202657485,Regular,6,Create,Deployment,false
4.221978535,Regular,6,Create,ConfigMap,false
4.242417688,Regular,8,Update,Deployment,false
4.261831874,Regular,4,Delete,ConfigMap,false
4.282453331,Regular,4,Delete,Deployment,false
4.301723735,Regular,7,Create,Deployment,false
4.322755838,Regular,5,Create,ConfigMap,false
4.341872001,Regular,6,Update,Deployment,false
4.361973044,Regular,3,Delete,ConfigMap,false
4.381878028,Regular,5,Delete,Deployment,false
4.402739719,Regular,11,Create,Deployment,false
4.422341679,Regular,5,Create,ConfigMap,false
4.442899366,Regular,6,Update,Deployment,false
4.462451462,Regular,4,Delete,ConfigMap,false
4.482730603,Regular,5,Delete,Deployment,false
4.50226721,Regular,8,Create,Deployment,false
4.521792596,Regular,7,Create,ConfigMap,false
4.542127091,Regular,7,Update,Deployment,false
4.562181867,Regular,4,Delete,ConfigMap,false
4.581941896,Regular,5,Delete,Deployment,false
4.602684713,Regular,6,Create,Deployment,false
4.622059895,Regular,5,Create,ConfigMap,false
4.641903041,Regular,8,Update,Deployment,false
4.662538735,Regular,4,Delete,ConfigMap,false
4.682336476,Regular,5,Delete,Deployment,false
4.702414566,Regular,4,Create,Deployment,false
4.72252621,Regular,6,Create,ConfigMap,false
4.741922161,Regular,7,Update,Deployment,false
4.761911223,Regular,4,Delete,ConfigMap,false
4.782141221,Regular,5,Delete,Deployment,false
4.802759482,Regular,7,Create,Deployment,false
4.822059853,Regular,6,Create,ConfigMap,false
4.841876529,Regular,6,Update,Deployment,false
4.861910256,Regular,3,Delete,ConfigMap,false
4.88239257,Regular,4,Delete,Deployment,false
4.90220607,Regular,5,Create,Deployment,false
4.921826546,Regular,4,Create,ConfigMap,false
4.942197409,Regular,6,Update,Deployment,false
4.962805672,Regular,5,Delete,ConfigMap,false
4.982146309,Regular,3,Delete,Deployment,false
5.002158274,Regular,6,Create,Deployment,false
4.022750015,Regular,7,Create,ConfigMap,false
4.042392623,Regular,6,Update,Deployment,false
4.062556906,Regular,7,Delete,ConfigMap,false
4.082743992,Regular,4,Delete,Deployment,false
4.102534629,Regular,5,Create,Deployment,false
4.122494607,Regular,7,Create,ConfigMap,false
4.142370565,Regular,5,Update,Deployment,false
4.162240141,Regular,3,Delete,ConfigMap,false
4.182380469,Regular,5,Delete,Deployment,false
4.202709183,Regular,6,Create,Deployment,false
4.221897702,Regular,6,Create,ConfigMap,false
4.242384275,Regular,7,Update,Deployment,false
4.261804462,Regular,4,Delete,ConfigMap,false
4.28250038,Regular,4,Delete,Deployment,false
4.301740907,Regular,7,Create,Deployment,false
4.32260865,Regular,5,Create,ConfigMap,false
4.34194589,Regular,6,Update,Deployment,false
4.361953708,Regular,3,Delete,ConfigMap,false
4.381908936,Regular,4,Delete,Deployment,false
4.402716364,Regular,11,Create,Deployment,false
4.422465092,Regular,5,Create,ConfigMap,false
4.442838391,Regular,6,Update,Deployment,false
4.462397771,Regular,4,Delete,ConfigMap,false
4.482656894,Regular,6,Delete,Deployment,false
4.502207297,Regular,8,Create,Deployment,false
4.521972686,Regular,8,Create,ConfigMap,false
4.542078529,Regular,7,Update,Deployment,false
4.562212675,Regular,4,Delete,ConfigMap,false
4.581918853,Regular,6,Delete,Deployment,false
4.602703839,Regular,6,Create,Deployment,false
4.621960617,Regular,5,Create,ConfigMap,false
4.641824032,Regular,8,Update,Deployment,false
4.662488571,Regular,4,Delete,ConfigMap,false
4.682468245,Regular,4,Delete,Deployment,false
4.70240075,Regular,5,Create,Deployment,false
4.722441059,Regular,6,Create,ConfigMap,false
4.741943361,Regular,7,Update,Deployment,false
4.761953784,Regular,4,Delete,ConfigMap,false
4.782195363,Regular,5,Delete,Deployment,false
4.802870372,Regular,7,Create,Deployment,false
4.821983869,Regular,6,Create,ConfigMap,false
4.84190881,Regular,4,Update,Deployment,false
4.86202363,Regular,4,Delete,ConfigMap,false
4.882418378,Regular,4,Delete,Deployment,false
4.902123654,Regular,5,Create,Deployment,false
4.92180735,Regular,4,Create,ConfigMap,false
4.942320161,Regular,7,Update,Deployment,false
4.962769483,Regular,5,Delete,ConfigMap,false
4.982217794,Regular,4,Delete,Deployment,false
5.002263463,Regular,6,Create,Deployment,false
4.002479461,Regular,7,Create,Deployment,false
4.022822702,Regular,5,Create,ConfigMap,false
4.042355923,Regular,7,Update,Deployment,false
4.062646856,Regular,8,Delete,ConfigMap,false
4.082826428,Regular,4,Delete,Deployment,false
4.102601436,Regular,5,Create,Deployment,false
4.122473336,Regular,6,Create,ConfigMap,false
4.142358813,Regular,5,Update,Deployment,false
4.162270448,Regular,2,Delete,ConfigMap,false
4.182293535,Regular,6,Delete,Deployment,false
4.202746955,Regular,5,Create,Deployment,false
4.221945373,Regular,6,Create,ConfigMap,false
4.2423428659999995,Regular,7,Update,Deployment,false
4.261788942,Regular,3,Delete,ConfigMap,false
4.282546066,Regular,4,Delete,Deployment,false
4.301794649,Regular,7,Create,Deployment,false
4.322663624,Regular,4,Create,ConfigMap,false
4.341914982,Regular,6,Update,Deployment,false
4.361968846,Regular,3,Delete,ConfigMap,false
4.382037158,Regular,5,Delete,Deployment,false
4.402897928,Regular,11,Create,Deployment,false
4.422398356,Regular,5,Create,ConfigMap,false
4.442920115,Regular,6,Update,Deployment,false
4.462379797,Regular,4,Delete,ConfigMap,false
4.482805895,Regular,6,Delete,Deployment,false
4.501945682,Regular,7,Create,Deployment,false
4.521903976,Regular,8,Create,ConfigMap,false
4.542093397,Regular,7,Update,Deployment,false
4.5622018749999995,Regular,4,Delete,ConfigMap,false
4.581903734,Regular,4,Delete,Deployment,false
4.602809489,Regular,6,Create,Deployment,false
4.622057641,Regular,5,Create,ConfigMap,false
4.641876832,Regular,7,Update,Deployment,false
4.662479253,Regular,4,Delete,ConfigMap,false
4.682521526,Regular,4,Delete,Deployment,false
4.70238455,Regular,5,Create,Deployment,false
4.722527753,Regular,6,Create,ConfigMap,false
4.742032149,Regular,7,Update,Deployment,false
4.761896926,Regular,2,Delete,ConfigMap,false
4.782030281,Regular,5,Delete,Deployment,false
4.8028328909999995,Regular,8,Create,Deployment,false
4.821972017,Regular,6,Create,ConfigMap,false
4.841810454,Regular,6,Update,Deployment,false
4.8618321380000005,Regular,5,Delete,ConfigMap,false
4.8824107340000005,Regular,4,Delete,Deployment,false
4.902171024,Regular,5,Create,Deployment,false
4.921795267,Regular,4,Create,ConfigMap,false
4.942281027,Regular,7,Update,Deployment,false
4.962824217,Regular,5,Delete,ConfigMap,false
4.982182557,Regular,4,Delete,Deployment,false
5.002150539,Regular,7,Create,Deployment,false
5.002212386,Regular,6,Create,Deployment,false
5.022729957,Regular,14,Create,ConfigMap,false
5.042577311,Regular,5,Update,Deployment,false
5.062211092,Regular,3,Delete,ConfigMap,false
5.08216099,Regular,5,Delete,Deployment,false
5.102291961,Regular,5,Create,Deployment,false
5.122376092,Regular,4,Create,ConfigMap,false
5.142323195,Regular,6,Update,Deployment,false
5.162882274,Regular,4,Delete,ConfigMap,false
5.18239675,Regular,6,Delete,Deployment,false
5.202022816,Regular,7,Create,Deployment,false
5.221999805,Regular,6,Create,ConfigMap,false
5.242058288,Regular,6,Update,Deployment,false
5.262027663,Regular,2,Delete,ConfigMap,false
5.28280256,Regular,4,Delete,Deployment,false
5.302058287,Regular,5,Create,Deployment,false
5.321798719,Regular,5,Create,ConfigMap,false
5.342763735,Regular,6,Update,Deployment,false
5.362226683,Regular,4,Delete,ConfigMap,false
5.382701373,Regular,4,Delete,Deployment,false
5.402024567,Regular,5,Create,Deployment,false
5.422171157,Regular,6,Create,ConfigMap,false
5.441944351,Regular,5,Update,Deployment,false
5.4627677,Regular,3,Delete,ConfigMap,false
5.481818078,Regular,4,Delete,Deployment,false
5.502384712,Regular,6,Create,Deployment,false
5.522263686,Regular,7,Create,ConfigMap,false
5.541869604,Regular,6,Update,Deployment,false
5.562281615,Regular,4,Delete,ConfigMap,false
5.582490413,Regular,5,Delete,Deployment,false
5.602772649,Regular,7,Create,Deployment,false
5.622011012,Regular,5,Create,ConfigMap,false
5.641772494,Regular,8,Update,Deployment,false
5.662351962,Regular,3,Delete,ConfigMap,false
5.682507649,Regular,6,Delete,Deployment,false
5.701894754,Regular,6,Create,Deployment,false
5.722160469,Regular,5,Create,ConfigMap,false
5.742732442,Regular,7,Update,Deployment,false
5.761854406,Regular,3,Delete,ConfigMap,false
5.781875328,Regular,4,Delete,Deployment,false
5.801885701,Regular,8,Create,Deployment,false
5.822364027,Regular,5,Create,ConfigMap,false
5.841984102,Regular,6,Update,Deployment,false
5.861860992,Regular,4,Delete,ConfigMap,false
5.882922701,Regular,6,Delete,Deployment,false
5.90203675,Regular,9,Create,Deployment,false
5.922827527,Regular,5,Create,ConfigMap,false
5.942190096,Regular,10,Update,Deployment,false
5.962755246,Regular,6,Delete,ConfigMap,false
5.982196974,Regular,12,Delete,Deployment,false
5.022729476,Regular,14,Create,ConfigMap,false
5.042669976,Regular,7,Update,Deployment,false
5.062174453,Regular,3,Delete,ConfigMap,false
5.082272281,Regular,4,Delete,Deployment,false
5.102391819,Regular,4,Create,Deployment,false
5.122387283,Regular,5,Create,ConfigMap,false
5.142329697,Regular,6,Update,Deployment,false
5.162860022,Regular,4,Delete,ConfigMap,false
5.182238501,Regular,5,Delete,Deployment,false
5.202728379,Regular,6,Create,Deployment,false
5.221990207,Regular,6,Create,ConfigMap,false
5.24206426,Regular,6,Update,Deployment,false
5.262065555,Regular,4,Delete,ConfigMap,false
5.282790508,Regular,3,Delete,Deployment,false
5.302084516,Regular,6,Create,Deployment,false
5.321811874,Regular,6,Create,ConfigMap,false
5.342738758,Regular,6,Update,Deployment,false
5.362163434,Regular,2,Delete,ConfigMap,false
5.382764843,Regular,4,Delete,Deployment,false
5.402016251,Regular,5,Create,Deployment,false
5.422244746,Regular,6,Create,ConfigMap,false
5.441979618,Regular,5,Update,Deployment,false
5.462743684,Regular,3,Delete,ConfigMap,false
5.48182962,Regular,5,Delete,Deployment,false
5.502414358,Regular,6,Create,Deployment,false
5.522120205,Regular,7,Create,ConfigMap,false
5.541863262,Regular,6,Update,Deployment,false
5.562239856,Regular,4,Delete,ConfigMap,false
5.58244143,Regular,5,Delete,Deployment,false
5.602714088,Regular,6,Create,Deployment,false
5.621953053,Regular,5,Create,ConfigMap,false
5.641990707,Regular,12,Update,Deployment,false
5.662325342,Regular,3,Delete,ConfigMap,false
5.682602478,Regular,5,Delete,Deployment,false
5.701853666,Regular,6,Create,Deployment,false
5.722241742,Regular,5,Create,ConfigMap,false
5.742742431,Regular,6,Update,Deployment,false
5.761895734,Regular,3,Delete,ConfigMap,false
5.781901097,Regular,3,Delete,Deployment,false
5.8019042259999996,Regular,7,Create,Deployment,false
5.822218562,Regular,5,Create,ConfigMap,false
5.842044797,Regular,5,Update,Deployment,false
5.861978905,Regular,4,Delete,ConfigMap,false
5.882968007,Regular,6,Delete,Deployment,false
5.901998498,Regular,9,Create,Deployment,false
5.922758116,Regular,5,Create,ConfigMap,false
5.942137937,Regular,10,Update,Deployment,false
5.962860325,Regular,6,Delete,ConfigMap,false
5.982098678,Regular,12,Delete,Deployment,false
5.002228667,Regular,6,Create,Deployment,false
5.022677007,Regular,14,Create,ConfigMap,false
5.042668654,Regular,7,Update,Deployment,false
5.062224898,Regular,4,Delete,ConfigMap,false
5.082078605,Regular,4,Delete,Deployment,false
5.102413951,Regular,5,Create,Deployment,false
5.122280953,Regular,5,Create,ConfigMap,false
5.142237834,Regular,7,Update,Deployment,false
5.162785892,Regular,4,Delete,ConfigMap,false
5.182395197,Regular,6,Delete,Deployment,false
5.202801006,Regular,6,Create,Deployment,false
5.221956944,Regular,6,Create,ConfigMap,false
5.241967687,Regular,5,Update,Deployment,false
5.262015821,Regular,4,Delete,ConfigMap,false
5.282820765,Regular,4,Delete,Deployment,false
5.3020335,Regular,6,Create,Deployment,false
5.321860656,Regular,6,Create,ConfigMap,false
5.342711366,Regular,6,Update,Deployment,false
5.362257351,Regular,4,Delete,ConfigMap,false
5.382680995,Regular,2,Delete,Deployment,false
5.401958853,Regular,5,Create,Deployment,false
5.422231741,Regular,6,Create,ConfigMap,false
5.441904636,Regular,4,Update,Deployment,false
5.462768752,Regular,3,Delete,ConfigMap,false
5.481912126,Regular,5,Delete,Deployment,false
5.502291927,Regular,7,Create,Deployment,false
5.5222525749999996,Regular,7,Create,ConfigMap,false
5.541799061,Regular,6,Update,Deployment,false
5.562295261,Regular,4,Delete,ConfigMap,false
5.582461428,Regular,5,Delete,Deployment,false
5.602687758,Regular,7,Create,Deployment,false
5.621921513,Regular,5,Create,ConfigMap,false
5.641818571,Regular,12,Update,Deployment,false
5.662283122,Regular,3,Delete,ConfigMap,false
5.682673653,Regular,5,Delete,Deployment,false
5.701904753,Regular,6,Create,Deployment,false
5.72219808,Regular,5,Create,ConfigMap,false
5.742650938,Regular,6,Update,Deployment,false
5.761876458,Regular,2,Delete,ConfigMap,false
5.781863776,Regular,4,Delete,Deployment,false
5.80193305,Regular,8,Create,Deployment,false
5.8225047530000005,Regular,5,Create,ConfigMap,false
5.84200947,Regular,6,Update,Deployment,false
5.861955872,Regular,3,Delete,ConfigMap,false
5.882860424,Regular,6,Delete,Deployment,false
5.902022413,Regular,9,Create,Deployment,false
5.922840281,Regular,6,Create,ConfigMap,false
5.942077894,Regular,9,Update,Deployment,false
5.962885833,Regular,5,Delete,ConfigMap,false
5.98206262,Regular,12,Delete,Deployment,false
5.002192689,Regular,6,Create,Deployment,false
5.022787015,Regular,13,Create,ConfigMap,false
5.042657072,Regular,7,Update,Deployment,false
5.062163893,Regular,4,Delete,ConfigMap,false
5.082230832,Regular,5,Delete,Deployment,false
5.102360019,Regular,5,Create,Deployment,false
5.122351796,Regular,5,Create,ConfigMap,false
5.142290133,Regular,5,Update,Deployment,false
5.162803425,Regular,3,Delete,ConfigMap,false
5.182257957,Regular,5,Delete,Deployment,false
5.201814913,Regular,5,Create,Deployment,false
5.221921317,Regular,6,Create,ConfigMap,false
5.241962107,Regular,4,Update,Deployment,false
5.262082567,Regular,3,Delete,ConfigMap,false
5.282761292,Regular,4,Delete,Deployment,false
5.302006669,Regular,6,Create,Deployment,false
5.321877959,Regular,6,Create,ConfigMap,false
5.342767022,Regular,6,Update,Deployment,false
5.362176569,Regular,4,Delete,ConfigMap,false
5.382751798,Regular,3,Delete,Deployment,false
5.40193086,Regular,5,Create,Deployment,false
5.422245086,Regular,5,Create,ConfigMap,false
5.441915517,Regular,4,Update,Deployment,false
5.462734277,Regular,3,Delete,ConfigMap,false
5.481891557,Regular,6,Delete,Deployment,false
5.502339697,Regular,7,Create,Deployment,false
5.52215457,Regular,7,Create,ConfigMap,false
5.541811234,Regular,6,Update,Deployment,false
5.5622161519999995,Regular,3,Delete,ConfigMap,false
5.5824206610000005,Regular,5,Delete,Deployment,false
5.602700252,Regular,7,Create,Deployment,false
5.621932133,Regular,5,Create,ConfigMap,false
5.641884286,Regular,12,Update,Deployment,false
5.662354347,Regular,4,Delete,ConfigMap,false
5.682567522,Regular,5,Delete,Deployment,false
5.701837476,Regular,6,Create,Deployment,false
5.722149388,Regular,3,Create,ConfigMap,false
5.742667429,Regular,6,Update,Deployment,false
5.761902887,Regular,3,Delete,ConfigMap,false
5.781819803,Regular,4,Delete,Deployment,false
5.801893716,Regular,8,Create,Deployment,false
5.822320896,Regular,5,Create,ConfigMap,false
5.842061038,Regular,6,Update,Deployment,false
5.861995967,Regular,4,Delete,ConfigMap,false
5.882834915,Regular,6,Delete,Deployment,false
5.902008487,Regular,9,Create,Deployment,false
5.92278691,Regular,5,Create,ConfigMap,false
5.942126956,Regular,10,Update,Deployment,false
5.9626685120000005,Regular,6,Delete,ConfigMap,false
5.982147851,Regular,12,Delete,Deployment,false
5.022787646,Regular,14,Create,ConfigMap,false
5.042595816,Regular,7,Update,Deployment,false
5.062148544,Regular,3,Delete,ConfigMap,false
5.082072403,Regular,4,Delete,Deployment,false
5.102277163,Regular,6,Create,Deployment,false
5.1223111,Regular,5,Create,ConfigMap,false
5.142260356,Regular,7,Update,Deployment,false
5.162847318,Regular,4,Delete,ConfigMap,false
5.182403472,Regular,5,Delete,Deployment,false
5.20263374,Regular,6,Create,Deployment,false
5.222006628,Regular,5,Create,ConfigMap,false
5.241997453,Regular,6,Update,Deployment,false
5.262110119,Regular,4,Delete,ConfigMap,false
5.282750021,Regular,4,Delete,Deployment,false
5.301992883,Regular,6,Create,Deployment,false
5.321821442,Regular,6,Create,ConfigMap,false
5.342699554,Regular,6,Update,Deployment,false
5.362148836,Regular,4,Delete,ConfigMap,false
5.382777066,Regular,4,Delete,Deployment,false
5.401938414,Regular,5,Create,Deployment,false
5.422208708,Regular,6,Create,ConfigMap,false
5.441931738,Regular,5,Update,Deployment,false
5.462701986,Regular,3,Delete,ConfigMap,false
5.482083941,Regular,5,Delete,Deployment,false
5.502402215,Regular,6,Create,Deployment,false
5.522166482,Regular,9,Create,ConfigMap,false
5.541913277,Regular,6,Update,Deployment,false
5.562204389,Regular,4,Delete,ConfigMap,false
5.582418697,Regular,5,Delete,Deployment,false
5.602756849,Regular,7,Create,Deployment,false
5.621980164,Regular,5,Create,ConfigMap,false
5.641832528,Regular,12,Update,Deployment,false
5.662294263,Regular,4,Delete,ConfigMap,false
5.682589314,Regular,5,Delete,Deployment,false
5.70182912,Regular,6,Create,Deployment,false
5.722204913,Regular,5,Create,ConfigMap,false
5.742675224,Regular,7,Update,Deployment,false
5.761915632,Regular,3,Delete,ConfigMap,false
5.781810496,Regular,4,Delete,Deployment,false
5.801829454,Regular,8,Create,Deployment,false
5.822380518,Regular,6,Create,ConfigMap,false
5.8420313109999995,Regular,6,Update,Deployment,false
5.861847266,Regular,4,Delete,ConfigMap,false
5.882998585,Regular,6,Delete,Deployment,false
5.9020585709999995,Regular,9,Create,Deployment,false
5.922769007,Regular,5,Create,ConfigMap,false
5.942035744,Regular,7,Update,Deployment,false
5.962871185,Regular,6,Delete,ConfigMap,false
5.982018587,Regular,6,Delete,Deployment,false
5.002360166,Regular,6,Create,Deployment,false
5.022616953,Regular,13,Create,ConfigMap,false
5.042617397,Regular,6,Update,Deployment,false
5.062239316,Regular,4,Delete,ConfigMap,false
5.082058216,Regular,3,Delete,Deployment,false
5.102335032,Regular,5,Create,Deployment,false
5.122326078,Regular,3,Create,ConfigMap,false
5.142252411,Regular,7,Update,Deployment,false
5.162876694,Regular,4,Delete,ConfigMap,false
5.18221685,Regular,6,Delete,Deployment,false
5.202370553,Regular,6,Create,Deployment,false
5.221988454,Regular,6,Create,ConfigMap,false
5.241985581,Regular,5,Update,Deployment,false
5.262160364,Regular,4,Delete,ConfigMap,false
5.28285507,Regular,4,Delete,Deployment,false
5.301982664,Regular,6,Create,Deployment,false
5.321897516,Regular,6,Create,ConfigMap,false
5.34272381,Regular,6,Update,Deployment,false
5.362137815,Regular,4,Delete,ConfigMap,false
5.382663261,Regular,4,Delete,Deployment,false
5.401979051,Regular,5,Create,Deployment,false
5.422196675,Regular,5,Create,ConfigMap,false
5.441970571,Regular,5,Update,Deployment,false
5.462681587,Regular,3,Delete,ConfigMap,false
5.482156368,Regular,5,Delete,Deployment,false
5.502335599,Regular,7,Create,Deployment,false
5.522183003,Regular,9,Create,ConfigMap,false
5.5417965460000005,Regular,5,Update,Deployment,false
5.562295722,Regular,4,Delete,ConfigMap,false
5.58239902,Regular,5,Delete,Deployment,false
5.602676748,Regular,7,Create,Deployment,false
5.621999691,Regular,5,Create,ConfigMap,false
5.641890818,Regular,12,Update,Deployment,false
5.662339749,Regular,3,Delete,ConfigMap,false
5.68256636,Regular,5,Delete,Deployment,false
5.70191372,Regular,5,Create,Deployment,false
5.72221954,Regular,5,Create,ConfigMap,false
5.742736049,Regular,6,Update,Deployment,false
5.761866769,Regular,3,Delete,ConfigMap,false
5.781804124,Regular,2,Delete,Deployment,false
5.801846156,Regular,8,Create,Deployment,false
5.822208073,Regular,5,Create,ConfigMap,false
5.841969505,Regular,6,Update,Deployment,false
5.861834202,Regular,4,Delete,ConfigMap,false
5.882867908,Regular,6,Delete,Deployment,false
5.901949175,Regular,9,Create,Deployment,false
5.922808521,Regular,5,Create,ConfigMap,false
5.94215513,Regular,10,Update,Deployment,false
5.962780414,Regular,6,Delete,ConfigMap,false
5.982314536,Regular,6,Delete,Deployment,false
5.022647481,Regular,14,Create,ConfigMap,false
5.04260845,Regular,7,Update,Deployment,false
5.062226241,Regular,3,Delete,ConfigMap,false
5.082133879,Regular,4,Delete,Deployment,false
5.102318441,Regular,5,Create,Deployment,false
5.122334894,Regular,5,Create,ConfigMap,false
5.142224429,Regular,7,Update,Deployment,false
5.162797504,Regular,4,Delete,ConfigMap,false
5.182442276,Regular,6,Delete,Deployment,false
5.201867863,Regular,7,Create,Deployment,false
5.221906809,Regular,5,Create,ConfigMap,false
5.242003325,Regular,6,Update,Deployment,false
5.26209458,Regular,3,Delete,ConfigMap,false
5.282734372,Regular,4,Delete,Deployment,false
5.302020576,Regular,6,Create,Deployment,false
5.321847802,Regular,6,Create,ConfigMap,false
5.342685588,Regular,6,Update,Deployment,false
5.362212396,Regular,4,Delete,ConfigMap,false
5.382692807,Regular,4,Delete,Deployment,false
5.402000842,Regular,5,Create,Deployment,false
5.422183139,Regular,5,Create,ConfigMap,false
5.441999466,Regular,5,Update,Deployment,false
5.462690043,Regular,2,Delete,ConfigMap,false
5.481803411,Regular,4,Delete,Deployment,false
5.502287689,Regular,5,Create,Deployment,false
5.522193403,Regular,9,Create,ConfigMap,false
5.54202069,Regular,6,Update,Deployment,false
5.562256989,Regular,3,Delete,ConfigMap,false
5.582518726,Regular,5,Delete,Deployment,false
5.602744947,Regular,6,Create,Deployment,false
5.621969935,Regular,5,Create,ConfigMap,false
5.64175953,Regular,11,Update,Deployment,false
5.662268304,Regular,4,Delete,ConfigMap,false
5.682524321,Regular,4,Delete,Deployment,false
5.701880136,Regular,5,Create,Deployment,false
5.722172421,Regular,5,Create,ConfigMap,false
5.742695032,Regular,5,Update,Deployment,false
5.761839868,Regular,3,Delete,ConfigMap,false
5.781930232,Regular,4,Delete,Deployment,false
5.8018218,Regular,8,Create,Deployment,false
5.8225561500000005,Regular,5,Create,ConfigMap,false
5.841995935,Regular,6,Update,Deployment,false
5.861931295,Regular,4,Delete,ConfigMap,false
5.882833453,Regular,6,Delete,Deployment,false
5.902146547,Regular,7,Create,Deployment,false
5.922901367,Regular,5,Create,ConfigMap,false
5.942094826,Regular,9,Update,Deployment,false
5.962888288,Regular,5,Delete,ConfigMap,false
5.9820718280000005,Regular,7,Delete,Deployment,false
5.002184524,Regular,6,Create,Deployment,false
5.02277909,Regular,13,Create,ConfigMap,false
5.042651662,Regular,7,Update,Deployment,false
5.062200923,Regular,3,Delete,ConfigMap,false
5.082297949,Regular,5,Delete,Deployment,false
5.102379756,Regular,4,Create,Deployment,false
5.122357537,Regular,5,Create,ConfigMap,false
5.142379812,Regular,7,Update,Deployment,false
5.162827972,Regular,4,Delete,ConfigMap,false
5.182278727,Regular,6,Delete,Deployment,false
5.202473347,Regular,6,Create,Deployment,false
5.221935934,Regular,5,Create,ConfigMap,false
5.242034894,Regular,6,Update,Deployment,false
5.26208914,Regular,4,Delete,ConfigMap,false
5.282780639,Regular,4,Delete,Deployment,false
5.302045332,Regular,6,Create,Deployment,false
5.321897436,Regular,6,Create,ConfigMap,false
5.342666111,Regular,5,Update,Deployment,false
5.362208279,Regular,3,Delete,ConfigMap,false
5.382769602,Regular,3,Delete,Deployment,false
5.40204706,Regular,4,Create,Deployment,false
5.422283419,Regular,6,Create,ConfigMap,false
5.441997883,Regular,5,Update,Deployment,false
5.462755096,Regular,3,Delete,ConfigMap,false
5.482072509,Regular,5,Delete,Deployment,false
5.502364343,Regular,7,Create,Deployment,false
5.522094386,Regular,7,Create,ConfigMap,false
5.541822916,Regular,6,Update,Deployment,false
5.562271987,Regular,4,Delete,ConfigMap,false
5.582492707,Regular,5,Delete,Deployment,false
5.602729147,Regular,5,Create,Deployment,false
5.621960507,Regular,5,Create,ConfigMap,false
5.641886069,Regular,12,Update,Deployment,false
5.66224482,Regular,3,Delete,ConfigMap,false
5.682672791,Regular,5,Delete,Deployment,false
5.701861471,Regular,6,Create,Deployment,false
5.722184755,Regular,5,Create,ConfigMap,false
5.742738143,Regular,7,Update,Deployment,false
5.76195169,Regular,3,Delete,ConfigMap,false
5.78184443,Regular,4,Delete,Deployment,false
5.801924614,Regular,8,Create,Deployment,false
5.822178236,Regular,5,Create,ConfigMap,false
5.841932405,Regular,6,Update,Deployment,false
5.86200804,Regular,3,Delete,ConfigMap,false
5.882901181,Regular,5,Delete,Deployment,false
5.901945848,Regular,9,Create,Deployment,false
5.922845852,Regular,5,Create,ConfigMap,false
5.942193883,Regular,9,Update,Deployment,false
5.962951146,Regular,6,Delete,ConfigMap,false
5.982009871,Regular,6,Delete,Deployment,false
6.002846474,Regular,8,Create,Deployment,false
5.022706913,Regular,14,Create,ConfigMap,false
5.042569587,Regular,7,Update,Deployment,false
5.062138134,Regular,4,Delete,ConfigMap,false
5.082110956,Regular,4,Delete,Deployment,false
5.102343578,Regular,5,Create,Deployment,false
5.122271505,Regular,5,Create,ConfigMap,false
5.142287698,Regular,7,Update,Deployment,false
5.162889719,Regular,4,Delete,ConfigMap,false
5.182335003,Regular,6,Delete,Deployment,false
5.202547507,Regular,6,Create,Deployment,false
5.22189637,Regular,6,Create,ConfigMap,false
5.242068137,Regular,5,Update,Deployment,false
5.262124657,Regular,3,Delete,ConfigMap,false
5.282838178,Regular,3,Delete,Deployment,false
5.302069628,Regular,6,Create,Deployment,false
5.321784112,Regular,6,Create,ConfigMap,false
5.342677302,Regular,6,Update,Deployment,false
5.362249767,Regular,4,Delete,ConfigMap,false
5.382715199,Regular,3,Delete,Deployment,false
5.401991284,Regular,5,Create,Deployment,false
5.422224638,Regular,6,Create,ConfigMap,false
5.441897443,Regular,5,Update,Deployment,false
5.462716363,Regular,3,Delete,ConfigMap,false
5.481784886,Regular,5,Delete,Deployment,false
5.502316112,Regular,7,Create,Deployment,false
5.5222417539999995,Regular,7,Create,ConfigMap,false
5.541886566,Regular,6,Update,Deployment,false
5.562313756,Regular,4,Delete,ConfigMap,false
5.582558632,Regular,5,Delete,Deployment,false
5.602786285,Regular,7,Create,Deployment,false
5.621908288,Regular,5,Create,ConfigMap,false
5.641744932,Regular,9,Update,Deployment,false
5.662256331,Regular,4,Delete,ConfigMap,false
5.682500846,Regular,5,Delete,Deployment,false
5.701923137,Regular,6,Create,Deployment,false
5.72225119,Regular,5,Create,ConfigMap,false
5.742706243,Regular,6,Update,Deployment,false
5.761910612,Regular,3,Delete,ConfigMap,false
5.781914763,Regular,4,Delete,Deployment,false
5.801865092,Regular,8,Create,Deployment,false
5.82244477,Regular,5,Create,ConfigMap,false
5.841957121,Regular,6,Update,Deployment,false
5.861936655,Regular,4,Delete,ConfigMap,false
5.882839163,Regular,6,Delete,Deployment,false
5.90197857,Regular,9,Create,Deployment,false
5.922913099,Regular,5,Create,ConfigMap,false
5.942020104,Regular,10,Update,Deployment,false
5.962841559,Regular,6,Delete,ConfigMap,false
5.981999531,Regular,12,Delete,Deployment,false
6.002839832,Regular,8,Create,Deployment,false
5.002246851,Regular,6,Create,Deployment,false
5.022776705,Regular,13,Create,ConfigMap,false
5.042640461,Regular,7,Update,Deployment,false
5.062246289,Regular,4,Delete,ConfigMap,false
5.082100266,Regular,4,Delete,Deployment,false
5.102274518,Regular,5,Create,Deployment,false
5.12231681,Regular,5,Create,ConfigMap,false
5.142213137,Regular,7,Update,Deployment,false
5.162766947,Regular,3,Delete,ConfigMap,false
5.182205088,Regular,5,Delete,Deployment,false
5.202195693,Regular,6,Create,Deployment,false
5.221973976,Regular,6,Create,ConfigMap,false
5.242023503,Regular,5,Update,Deployment,false
5.262003057,Regular,4,Delete,ConfigMap,false
5.28272302,Regular,4,Delete,Deployment,false
5.302099314,Regular,6,Create,Deployment,false
5.321937361,Regular,6,Create,ConfigMap,false
5.342751102,Regular,5,Update,Deployment,false
5.362234388,Regular,4,Delete,ConfigMap,false
5.382729997,Regular,4,Delete,Deployment,false
5.401970745,Regular,5,Create,Deployment,false
5.422157842,Regular,3,Create,ConfigMap,false
5.441956444,Regular,5,Update,Deployment,false
5.462769273,Regular,3,Delete,ConfigMap,false
5.481981086,Regular,5,Delete,Deployment,false
5.502270256,Regular,7,Create,Deployment,false
5.52208599,Regular,6,Create,ConfigMap,false
5.541924418,Regular,6,Update,Deployment,false
5.562193339,Regular,4,Delete,ConfigMap,false
5.582478019,Regular,4,Delete,Deployment,false
5.602791464,Regular,7,Create,Deployment,false
5.622042332,Regular,4,Create,ConfigMap,false
5.64179144,Regular,12,Update,Deployment,false
5.662313149,Regular,2,Delete,ConfigMap,false
5.682542786,Regular,5,Delete,Deployment,false
5.701816987,Regular,4,Create,Deployment,false
5.722221574,Regular,5,Create,ConfigMap,false
5.74272056,Regular,6,Update,Deployment,false
5.761828647,Regular,3,Delete,ConfigMap,false
5.7819242509999995,Regular,4,Delete,Deployment,false
5.801813063,Regular,8,Create,Deployment,false
5.822194627,Regular,5,Create,ConfigMap,false
5.841937554,Regular,6,Update,Deployment,false
5.861871713,Regular,4,Delete,ConfigMap,false
5.883004316,Regular,6,Delete,Deployment,false
5.901966157,Regular,9,Create,Deployment,false
5.922909522,Regular,5,Create,ConfigMap,false
5.942175809,Regular,9,Update,Deployment,false
5.962871315,Regular,5,Delete,ConfigMap,false
5.982079883,Regular,6,Delete,Deployment,false
6.002684869,Regular,8,Create,Deployment,false
6.002700358,Regular,8,Create,Deployment,false
6.022526913,Regular,6,Create,ConfigMap,false
6.041837844,Regular,8,Update,Deployment,false
6.062081016,Regular,4,Delete,ConfigMap,false
6.082676194,Regular,5,Delete,Deployment,false
6.102377883,Regular,5,Create,Deployment,false
6.122104038,Regular,7,Create,ConfigMap,false
6.141834121,Regular,7,Update,Deployment,false
6.162780071,Regular,4,Delete,ConfigMap,false
6.182832062,Regular,4,Delete,Deployment,false
6.201754499,Regular,8,Create,Deployment,false
6.221983304,Regular,7,Create,ConfigMap,false
6.241948962,Regular,10,Update,Deployment,false
6.262508191,Regular,15,Delete,ConfigMap,false
6.282709314,Regular,5,Delete,Deployment,false
6.302349647,Regular,10,Create,Deployment,false
6.32209572,Regular,7,Create,ConfigMap,false
6.342262007,Regular,9,Update,Deployment,false
6.362792072,Regular,4,Delete,ConfigMap,false
6.381897484,Regular,4,Delete,Deployment,false
6.402099499,Regular,5,Create,Deployment,false
6.422065297,Regular,6,Create,ConfigMap,false
6.442151633,Regular,7,Update,Deployment,false
6.46271512,Regular,7,Delete,ConfigMap,false
6.482043925,Regular,7,Delete,Deployment,false
6.502629334,Regular,8,Create,Deployment,false
6.5225118349999995,Regular,7,Create,ConfigMap,false
6.5424710600000004,Regular,6,Update,Deployment,false
6.562786359,Regular,3,Delete,ConfigMap,false
6.582700129,Regular,4,Delete,Deployment,false
6.602665176,Regular,5,Create,Deployment,false
6.622806505,Regular,6,Create,ConfigMap,false
6.642143495,Regular,8,Update,Deployment,false
6.661905438,Regular,4,Delete,ConfigMap,false
6.682152418,Regular,4,Delete,Deployment,false
6.702730292,Regular,6,Create,Deployment,false
6.72248422,Regular,6,Create,ConfigMap,false
6.742592337,Regular,6,Update,Deployment,false
6.762043162,Regular,3,Delete,ConfigMap,false
6.782826555,Regular,3,Delete,Deployment,false
6.802246512,Regular,7,Create,Deployment,false
6.821780635,Regular,4,Create,ConfigMap,false
6.842780968,Regular,11,Update,Deployment,false
6.862466356,Regular,5,Delete,ConfigMap,false
6.881939564,Regular,3,Delete,Deployment,false
6.901860657,Regular,5,Create,Deployment,false
6.921856753,Regular,5,Create,ConfigMap,false
6.941856084,Regular,4,Update,Deployment,false
6.961950816,Regular,3,Delete,ConfigMap,false
6.981847494,Regular,3,Delete,Deployment,false
6.002705468,Regular,8,Create,Deployment,false
6.022482439,Regular,6,Create,ConfigMap,false
6.041808048,Regular,7,Update,Deployment,false
6.062057321,Regular,4,Delete,ConfigMap,false
6.082700239,Regular,5,Delete,Deployment,false
6.102362634,Regular,5,Create,Deployment,false
6.122064934,Regular,7,Create,ConfigMap,false
6.141863707,Regular,7,Update,Deployment,false
6.162723304,Regular,4,Delete,ConfigMap,false
6.182710432,Regular,4,Delete,Deployment,false
6.201772412,Regular,8,Create,Deployment,false
6.221887372,Regular,7,Create,ConfigMap,false
6.241983577,Regular,9,Update,Deployment,false
6.262573585,Regular,8,Delete,ConfigMap,false
6.282688204,Regular,5,Delete,Deployment,false
6.30239855,Regular,10,Create,Deployment,false
6.321956808,Regular,7,Create,ConfigMap,false
6.342212504,Regular,9,Update,Deployment,false
6.362710648,Regular,3,Delete,ConfigMap,false
6.381874721,Regular,3,Delete,Deployment,false
6.40215824,Regular,5,Create,Deployment,false
6.422169534,Regular,6,Create,ConfigMap,false
6.442119232,Regular,7,Update,Deployment,false
6.462732964,Regular,7,Delete,ConfigMap,false
6.482108838,Regular,7,Delete,Deployment,false
6.502704065,Regular,8,Create,Deployment,false
6.522348406,Regular,8,Create,ConfigMap,false
6.54245521,Regular,7,Update,Deployment,false
6.562729331,Regular,3,Delete,ConfigMap,false
6.582602735,Regular,2,Delete,Deployment,false
6.6027526210000005,Regular,7,Create,Deployment,false
6.6227226869999996,Regular,5,Create,ConfigMap,false
6.642094232,Regular,7,Update,Deployment,false
6.661971773,Regular,2,Delete,ConfigMap,false
6.682097414,Regular,4,Delete,Deployment,false
6.702789955,Regular,5,Create,Deployment,false
6.722482898,Regular,6,Create,ConfigMap,false
6.74265189,Regular,6,Update,Deployment,false
6.762042692,Regular,5,Delete,ConfigMap,false
6.782754169,Regular,2,Delete,Deployment,false
6.802402477,Regular,7,Create,Deployment,false
6.821758363,Regular,4,Create,ConfigMap,false
6.842767162,Regular,10,Update,Deployment,false
6.862491694,Regular,5,Delete,ConfigMap,false
6.881908715,Regular,3,Delete,Deployment,false
6.901839718,Regular,6,Create,Deployment,false
6.9218176190000005,Regular,5,Create,ConfigMap,false
6.941841406,Regular,5,Update,Deployment,false
6.961919747,Regular,4,Delete,ConfigMap,false
6.9817910869999995,Regular,4,Delete,Deployment,false
6.022459876,Regular,6,Create,ConfigMap,false
6.041850157,Regular,8,Update,Deployment,false
6.062112005,Regular,4,Delete,ConfigMap,false
6.082766765,Regular,5,Delete,Deployment,false
6.102330383,Regular,5,Create,Deployment,false
6.122156567,Regular,6,Create,ConfigMap,false
6.141989765,Regular,7,Update,Deployment,false
6.162783417,Regular,4,Delete,ConfigMap,false
6.182780024,Regular,3,Delete,Deployment,false
6.201836574,Regular,8,Create,Deployment,false
6.221982272,Regular,7,Create,ConfigMap,false
6.242097713,Regular,9,Update,Deployment,false
6.262560791,Regular,14,Delete,ConfigMap,false
6.282772524,Regular,5,Delete,Deployment,false
6.30223446,Regular,10,Create,Deployment,false
6.32200025,Regular,7,Create,ConfigMap,false
6.342080534,Regular,9,Update,Deployment,false
6.36269603,Regular,4,Delete,ConfigMap,false
6.381914086,Regular,4,Delete,Deployment,false
6.40204738,Regular,5,Create,Deployment,false
6.422090895,Regular,4,Create,ConfigMap,false
6.442133799,Regular,7,Update,Deployment,false
6.46267795,Regular,7,Delete,ConfigMap,false
6.481873453,Regular,7,Delete,Deployment,false
6.502930152,Regular,8,Create,Deployment,false
6.522513408,Regular,6,Create,ConfigMap,false
6.542536223,Regular,6,Update,Deployment,false
6.562786119,Regular,3,Delete,ConfigMap,false
6.582660163,Regular,4,Delete,Deployment,false
6.6027542839999995,Regular,7,Create,Deployment,false
6.622747153,Regular,6,Create,ConfigMap,false
6.642196295,Regular,8,Update,Deployment,false
6.6618641,Regular,4,Delete,ConfigMap,false
6.682177084,Regular,5,Delete,Deployment,false
6.70271866,Regular,6,Create,Deployment,false
6.722424067,Regular,7,Create,ConfigMap,false
6.742542553,Regular,4,Update,Deployment,false
6.762024006,Regular,5,Delete,ConfigMap,false
6.7827863090000005,Regular,3,Delete,Deployment,false
6.8022775509999995,Regular,7,Create,Deployment,false
6.821727294,Regular,3,Create,ConfigMap,false
6.8427949439999995,Regular,11,Update,Deployment,false
6.862406233,Regular,5,Delete,ConfigMap,false
6.881952588,Regular,3,Delete,Deployment,false
6.901887909,Regular,6,Create,Deployment,false
6.92186049,Regular,5,Create,ConfigMap,false
6.941834804,Regular,6,Update,Deployment,false
6.9619932460000005,Regular,3,Delete,ConfigMap,false
6.981806526,Regular,3,Delete,Deployment,false
6.002759209,Regular,8,Create,Deployment,false
6.022514349,Regular,6,Create,ConfigMap,false
6.041824439,Regular,8,Update,Deployment,false
6.062062772,Regular,4,Delete,ConfigMap,false
6.082768388,Regular,6,Delete,Deployment,false
6.102278836,Regular,5,Create,Deployment,false
6.122130658,Regular,7,Create,ConfigMap,false
6.141912399,Regular,6,Update,Deployment,false
6.162706472,Regular,4,Delete,ConfigMap,false
6.182810531,Regular,4,Delete,Deployment,false
6.20178692,Regular,8,Create,Deployment,false
6.221852256,Regular,7,Create,ConfigMap,false
6.242086822,Regular,10,Update,Deployment,false
6.262578374,Regular,14,Delete,ConfigMap,false
6.282756343,Regular,5,Delete,Deployment,false
6.302460507,Regular,10,Create,Deployment,false
6.322162817,Regular,7,Create,ConfigMap,false
6.342199709,Regular,9,Update,Deployment,false
6.362800698,Regular,4,Delete,ConfigMap,false
6.3818938769999995,Regular,4,Delete,Deployment,false
6.402058311,Regular,5,Create,Deployment,false
6.422149175,Regular,6,Create,ConfigMap,false
6.442093894,Regular,6,Update,Deployment,false
6.462736952,Regular,4,Delete,ConfigMap,false
6.482209999,Regular,7,Delete,Deployment,false
6.50270639,Regular,8,Create,Deployment,false
6.52231878,Regular,7,Create,ConfigMap,false
6.542481811,Regular,6,Update,Deployment,false
6.562800065,Regular,3,Delete,ConfigMap,false
6.582675653,Regular,4,Delete,Deployment,false
6.602647021,Regular,8,Create,Deployment,false
6.6228877189999995,Regular,6,Create,ConfigMap,false
6.642129429,Regular,8,Update,Deployment,false
6.661879649,Regular,3,Delete,ConfigMap,false
6.68206375,Regular,5,Delete,Deployment,false
6.702696519,Regular,5,Create,Deployment,false
6.722387658,Regular,7,Create,ConfigMap,false
6.742529278,Regular,6,Update,Deployment,false
6.7619749030000005,Regular,5,Delete,ConfigMap,false
6.782814653,Regular,3,Delete,Deployment,false
6.8023251810000005,Regular,7,Create,Deployment,false
6.821824658,Regular,4,Create,ConfigMap,false
6.842874224,Regular,11,Update,Deployment,false
6.862485242,Regular,5,Delete,ConfigMap,false
6.881920618,Regular,2,Delete,Deployment,false
6.901951038,Regular,6,Create,Deployment,false
6.921809644,Regular,4,Create,ConfigMap,false
6.941900348,Regular,6,Update,Deployment,false
6.961993036,Regular,3,Delete,ConfigMap,false
6.981790426,Regular,3,Delete,Deployment,false
6.022542994,Regular,6,Create,ConfigMap,false
6.04179897,Regular,8,Update,Deployment,false
6.062125029,Regular,4,Delete,ConfigMap,false
6.08260007,Regular,6,Delete,Deployment,false
6.102320494,Regular,5,Create,Deployment,false
6.122055045,Regular,4,Create,ConfigMap,false
6.141992951,Regular,7,Update,Deployment,false
6.162746738,Regular,4,Delete,ConfigMap,false
6.182690535,Regular,4,Delete,Deployment,false
6.201732938,Regular,8,Create,Deployment,false
6.221950672,Regular,7,Create,ConfigMap,false
6.24204341,Regular,11,Update,Deployment,false
6.262355673,Regular,4,Delete,ConfigMap,false
6.2827370160000005,Regular,5,Delete,Deployment,false
6.302460336,Regular,10,Create,Deployment,false
6.321985943,Regular,7,Create,ConfigMap,false
6.342167048,Regular,9,Update,Deployment,false
6.362827348,Regular,4,Delete,ConfigMap,false
6.381790773,Regular,4,Delete,Deployment,false
6.402087206,Regular,5,Create,Deployment,false
6.422112847,Regular,6,Create,ConfigMap,false
6.442152064,Regular,8,Update,Deployment,false
6.462700102,Regular,7,Delete,ConfigMap,false
6.482287716,Regular,7,Delete,Deployment,false
6.502394109,Regular,8,Create,Deployment,false
6.522511805,Regular,7,Create,ConfigMap,false
6.542526084,Regular,6,Update,Deployment,false
6.562741504,Regular,3,Delete,ConfigMap,false
6.58259517,Regular,4,Delete,Deployment,false
6.602687618,Regular,7,Create,Deployment,false
6.622772,Regular,6,Create,ConfigMap,false
6.642081598,Regular,6,Update,Deployment,false
6.661919495,Regular,3,Delete,ConfigMap,false
6.682136117,Regular,5,Delete,Deployment,false
6.702769737,Regular,6,Create,Deployment,false
6.722407756,Regular,7,Create,ConfigMap,false
6.742561068,Regular,6,Update,Deployment,false
6.762088989,Regular,5,Delete,ConfigMap,false
6.7827362650000005,Regular,3,Delete,Deployment,false
6.802264626,Regular,7,Create,Deployment,false
6.8217835000000004,Regular,4,Create,ConfigMap,false
6.842818509,Regular,11,Update,Deployment,false
6.8625083159999996,Regular,5,Delete,ConfigMap,false
6.881950745,Regular,3,Delete,Deployment,false
6.901854355,Regular,5,Create,Deployment,false
6.921762725,Regular,5,Create,ConfigMap,false
6.941875481,Regular,5,Update,Deployment,false
6.961977957,Regular,3,Delete,ConfigMap,false
6.981720453,Regular,2,Delete,Deployment,false
6.022458263,Regular,6,Create,ConfigMap,false
6.041876938,Regular,7,Update,Deployment,false
6.062096866,Regular,4,Delete,ConfigMap,false
6.082659753,Regular,5,Delete,Deployment,false
6.102409773,Regular,5,Create,Deployment,false
6.122088469,Regular,7,Create,ConfigMap,false
6.141922077,Regular,7,Update,Deployment,false
6.162694249,Regular,4,Delete,ConfigMap,false
6.182791696,Regular,3,Delete,Deployment,false
6.202073491,Regular,8,Create,Deployment,false
6.221915846,Regular,7,Create,ConfigMap,false
6.242026448,Regular,11,Update,Deployment,false
6.262426136,Regular,15,Delete,ConfigMap,false
6.2827977409999995,Regular,4,Delete,Deployment,false
6.302337805,Regular,10,Create,Deployment,false
6.322115668,Regular,7,Create,ConfigMap,false
6.342047672,Regular,8,Update,Deployment,false
6.362770922,Regular,4,Delete,ConfigMap,false
6.381833373,Regular,4,Delete,Deployment,false
6.402140146,Regular,5,Create,Deployment,false
6.422120992,Regular,6,Create,ConfigMap,false
6.442133418,Regular,7,Update,Deployment,false
6.4626458190000005,Regular,5,Delete,ConfigMap,false
6.482165565,Regular,7,Delete,Deployment,false
6.502794907,Regular,8,Create,Deployment,false
6.522373643,Regular,8,Create,ConfigMap,false
6.542506307,Regular,6,Update,Deployment,false
6.562778454,Regular,3,Delete,ConfigMap,false
6.5826883160000005,Regular,3,Delete,Deployment,false
6.602737182,Regular,6,Create,Deployment,false
6.622887238,Regular,4,Create,ConfigMap,false
6.642066099,Regular,8,Update,Deployment,false
6.661945484,Regular,3,Delete,ConfigMap,false
6.682083437,Regular,4,Delete,Deployment,false
6.702742916,Regular,6,Create,Deployment,false
6.722481595,Regular,7,Create,ConfigMap,false
6.742577229,Regular,6,Update,Deployment,false
6.762010962,Regular,4,Delete,ConfigMap,false
6.782826275,Regular,3,Delete,Deployment,false
6.802290105,Regular,7,Create,Deployment,false
6.821715832,Regular,5,Create,ConfigMap,false
6.84283495,Regular,11,Update,Deployment,false
6.862447801,Regular,5,Delete,ConfigMap,false
6.881932089,Regular,3,Delete,Deployment,false
6.9018992,Regular,6,Create,Deployment,false
6.921769668,Regular,6,Create,ConfigMap,false
6.94190125,Regular,6,Update,Deployment,false
6.961944775,Regular,3,Delete,ConfigMap,false
6.981717758,Regular,5,Delete,Deployment,false
6.00275427,Regular,5,Create,Deployment,false
6.022602827,Regular,6,Create,ConfigMap,false
6.041871718,Regular,8,Update,Deployment,false
6.062038526,Regular,4,Delete,ConfigMap,false
6.082626059,Regular,4,Delete,Deployment,false
6.102287742,Regular,3,Create,Deployment,false
6.122075995,Regular,7,Create,ConfigMap,false
6.141891639,Regular,7,Update,Deployment,false
6.162761276,Regular,4,Delete,ConfigMap,false
6.182744907,Regular,4,Delete,Deployment,false
6.202055107,Regular,8,Create,Deployment,false
6.221868246,Regular,7,Create,ConfigMap,false
6.241966254,Regular,9,Update,Deployment,false
6.262389467,Regular,6,Delete,ConfigMap,false
6.28280763,Regular,4,Delete,Deployment,false
6.30227681,Regular,10,Create,Deployment,false
6.321967979,Regular,7,Create,ConfigMap,false
6.34224781,Regular,9,Update,Deployment,false
6.3627223,Regular,4,Delete,ConfigMap,false
6.381817563,Regular,4,Delete,Deployment,false
6.402129916,Regular,4,Create,Deployment,false
6.422102407,Regular,6,Create,ConfigMap,false
6.442105576,Regular,7,Update,Deployment,false
6.462830458,Regular,7,Delete,ConfigMap,false
6.481989372,Regular,4,Delete,Deployment,false
6.5025534,Regular,8,Create,Deployment,false
6.522324881,Regular,7,Create,ConfigMap,false
6.542443769,Regular,5,Update,Deployment,false
6.562753407,Regular,3,Delete,ConfigMap,false
6.582638342,Regular,4,Delete,Deployment,false
6.602705612,Regular,7,Create,Deployment,false
6.622726424,Regular,6,Create,ConfigMap,false
6.642114971,Regular,8,Update,Deployment,false
6.661948329,Regular,3,Delete,ConfigMap,false
6.68212209,Regular,5,Delete,Deployment,false
6.702706748,Regular,4,Create,Deployment,false
6.722442171,Regular,6,Create,ConfigMap,false
6.742632133,Regular,6,Update,Deployment,false
6.761981296,Regular,5,Delete,ConfigMap,false
6.782795146,Regular,3,Delete,Deployment,false
6.802235211,Regular,6,Create,Deployment,false
6.821807195,Regular,4,Create,ConfigMap,false
6.842830261,Regular,11,Update,Deployment,false
6.862435037,Regular,5,Delete,ConfigMap,false
6.881896522,Regular,3,Delete,Deployment,false
6.901921442,Regular,6,Create,Deployment,false
6.921794365,Regular,5,Create,ConfigMap,false
6.94189102,Regular,5,Update,Deployment,false
6.961932441,Regular,2,Delete,ConfigMap,false
6.981731855,Regular,3,Delete,Deployment,false
6.002899104,Regular,8,Create,Deployment,false
6.022557822,Regular,6,Create,ConfigMap,false
6.041932292,Regular,7,Update,Deployment,false
6.062142142,Regular,4,Delete,ConfigMap,false
6.082757387,Regular,5,Delete,Deployment,false
6.102300366,Regular,5,Create,Deployment,false
6.122143663,Regular,7,Create,ConfigMap,false
6.14181778,Regular,7,Update,Deployment,false
6.162730507,Regular,3,Delete,ConfigMap,false
6.182730891,Regular,4,Delete,Deployment,false
6.201846042,Regular,8,Create,Deployment,false
6.221901289,Regular,7,Create,ConfigMap,false
6.241940385,Regular,10,Update,Deployment,false
6.262559799,Regular,15,Delete,ConfigMap,false
6.282666653,Regular,5,Delete,Deployment,false
6.302463212,Regular,10,Create,Deployment,false
6.322062127,Regular,5,Create,ConfigMap,false
6.342059364,Regular,9,Update,Deployment,false
6.362823281,Regular,4,Delete,ConfigMap,false
6.381926229,Regular,4,Delete,Deployment,false
6.402112884,Regular,5,Create,Deployment,false
6.422077851,Regular,6,Create,ConfigMap,false
6.442068756,Regular,8,Update,Deployment,false
6.462829096,Regular,5,Delete,ConfigMap,false
6.482281494,Regular,7,Delete,Deployment,false
6.502963616,Regular,8,Create,Deployment,false
6.522580374,Regular,7,Create,ConfigMap,false
6.542631403,Regular,6,Update,Deployment,false
6.562703623,Regular,3,Delete,ConfigMap,false
6.582628614,Regular,4,Delete,Deployment,false
6.602642513,Regular,8,Create,Deployment,false
6.622733788,Regular,6,Create,ConfigMap,false
6.64215642,Regular,7,Update,Deployment,false
6.661934433,Regular,3,Delete,ConfigMap,false
6.682223602,Regular,5,Delete,Deployment,false
6.70277639,Regular,6,Create,Deployment,false
6.722368862,Regular,7,Create,ConfigMap,false
6.742600723,Regular,6,Update,Deployment,false
6.762039055,Regular,4,Delete,ConfigMap,false
6.782776471,Regular,4,Delete,Deployment,false
6.8022087209999995,Regular,7,Create,Deployment,false
6.821746651,Regular,4,Create,ConfigMap,false
6.842759307,Regular,11,Update,Deployment,false
6.862473039,Regular,3,Delete,ConfigMap,false
6.881967637,Regular,4,Delete,Deployment,false
6.901945518,Regular,6,Create,Deployment,false
6.921882371,Regular,5,Create,ConfigMap,false
6.941911098,Regular,5,Update,Deployment,false
6.961911983,Regular,3,Delete,ConfigMap,false
6.981838697,Regular,3,Delete,Deployment,false
7.001948006,Regular,6,Create,Deployment,false
6.002914082,Regular,8,Create,Deployment,false
6.022510482,Regular,6,Create,ConfigMap,false
6.041888219,Regular,8,Update,Deployment,false
6.062031463,Regular,4,Delete,ConfigMap,false
6.082606161,Regular,5,Delete,Deployment,false
6.102369817,Regular,5,Create,Deployment,false
6.12217386,Regular,7,Create,ConfigMap,false
6.141931134,Regular,7,Update,Deployment,false
6.162683068,Regular,4,Delete,ConfigMap,false
6.182704942,Regular,4,Delete,Deployment,false
6.20180291,Regular,8,Create,Deployment,false
6.221979106,Regular,7,Create,ConfigMap,false
6.24205928,Regular,9,Update,Deployment,false
6.262372605,Regular,5,Delete,ConfigMap,false
6.282840302,Regular,5,Delete,Deployment,false
6.3022483959999995,Regular,8,Create,Deployment,false
6.3221177619999995,Regular,7,Create,ConfigMap,false
6.342258651,Regular,9,Update,Deployment,false
6.362744281,Regular,4,Delete,ConfigMap,false
6.381802615,Regular,5,Delete,Deployment,false
6.402070223,Regular,4,Create,Deployment,false
6.422136772,Regular,6,Create,ConfigMap,false
6.44208119,Regular,8,Update,Deployment,false
6.462756549,Regular,7,Delete,ConfigMap,false
6.481978882,Regular,7,Delete,Deployment,false
6.50248972,Regular,8,Create,Deployment,false
6.522379695,Regular,8,Create,ConfigMap,false
6.542487231,Regular,6,Update,Deployment,false
6.562723029,Regular,4,Delete,ConfigMap,false
6.582616831,Regular,4,Delete,Deployment,false
6.6026695140000005,Regular,7,Create,Deployment,false
6.622827445,Regular,6,Create,ConfigMap,false
6.642053575,Regular,8,Update,Deployment,false
6.661892083,Regular,3,Delete,ConfigMap,false
6.682109126,Regular,4,Delete,Deployment,false
6.702757524,Regular,6,Create,Deployment,false
6.7223992500000005,Regular,7,Create,ConfigMap,false
6.742615842,Regular,6,Update,Deployment,false
6.762061858,Regular,4,Delete,ConfigMap,false
6.782747656,Regular,3,Delete,Deployment,false
6.802220162,Regular,7,Create,Deployment,false
6.821817454,Regular,4,Create,ConfigMap,false
6.842803831,Regular,11,Update,Deployment,false
6.862417033,Regular,5,Delete,ConfigMap,false
6.881887826,Regular,2,Delete,Deployment,false
6.901935108,Regular,6,Create,Deployment,false
6.921741896,Regular,5,Create,ConfigMap,false
6.941866564,Regular,6,Update,Deployment,false
6.961965694,Regular,4,Delete,ConfigMap,false
6.981867461,Regular,3,Delete,Deployment,false
7.001929501,Regular,6,Create,Deployment,false
6.002700088,Regular,8,Create,Deployment,false
6.022583129,Regular,4,Create,ConfigMap,false
6.041898168,Regular,8,Update,Deployment,false
6.062160476,Regular,3,Delete,ConfigMap,false
6.08264261,Regular,5,Delete,Deployment,false
6.102348668,Regular,5,Create,Deployment,false
6.122111803,Regular,7,Create,ConfigMap,false
6.141872834,Regular,7,Update,Deployment,false
6.162669963,Regular,4,Delete,ConfigMap,false
6.182759906,Regular,4,Delete,Deployment,false
6.201948676,Regular,5,Create,Deployment,false
6.221987983,Regular,7,Create,ConfigMap,false
6.242007632,Regular,11,Update,Deployment,false
6.262472103,Regular,14,Delete,ConfigMap,false
6.282793513,Regular,5,Delete,Deployment,false
6.302362592,Regular,10,Create,Deployment,false
6.322034084,Regular,7,Create,ConfigMap,false
6.342181956,Regular,9,Update,Deployment,false
6.362757426,Regular,4,Delete,ConfigMap,false
6.381850425,Regular,4,Delete,Deployment,false
6.402172206,Regular,5,Create,Deployment,false
6.422060237,Regular,6,Create,ConfigMap,false
6.442167483,Regular,8,Update,Deployment,false
6.462771777,Regular,7,Delete,ConfigMap,false
6.482050016,Regular,7,Delete,Deployment,false
6.502641787,Regular,8,Create,Deployment,false
6.522576106,Regular,6,Create,ConfigMap,false
6.542546854,Regular,6,Update,Deployment,false
6.562762594,Regular,3,Delete,ConfigMap,false
6.5826549530000005,Regular,4,Delete,Deployment,false
6.602722213,Regular,6,Create,Deployment,false
6.622789543,Regular,6,Create,ConfigMap,false
6.642047283,Regular,8,Update,Deployment,false
6.661993154,Regular,3,Delete,ConfigMap,false
6.6820635,Regular,4,Delete,Deployment,false
6.702804753,Regular,6,Create,Deployment,false
6.722484831,Regular,6,Create,ConfigMap,false
6.74252515,Regular,6,Update,Deployment,false
6.761964524,Regular,4,Delete,ConfigMap,false
6.782835372,Regular,3,Delete,Deployment,false
6.802310363,Regular,7,Create,Deployment,false
6.821762651,Regular,4,Create,ConfigMap,false
6.842844678,Regular,11,Update,Deployment,false
6.862528544,Regular,5,Delete,ConfigMap,false
6.881980401,Regular,3,Delete,Deployment,false
6.901829939,Regular,6,Create,Deployment,false
6.921726937,Regular,6,Create,ConfigMap,false
6.941919845,Regular,5,Update,Deployment,false
6.9619935569999996,Regular,3,Delete,ConfigMap,false
6.981724321,Regular,3,Delete,Deployment,false
7.001859349,Regular,6,Create,Deployment,false
7.02192713,Regular,7,Create,ConfigMap,false
7.041909629,Regular,7,Update,Deployment,false
7.062816816,Regular,4,Delete,ConfigMap,false
7.082614216,Regular,7,Delete,Deployment,false
7.102139863,Regular,6,Create,Deployment,false
7.122279559,Regular,6,Create,ConfigMap,false
7.142636677,Regular,7,Update,Deployment,false
7.162531431,Regular,4,Delete,ConfigMap,false
7.18249786,Regular,5,Delete,Deployment,false
7.201781549,Regular,8,Create,Deployment,false
7.222589158,Regular,6,Create,ConfigMap,false
7.242146835,Regular,6,Update,Deployment,false
7.262039616,Regular,3,Delete,ConfigMap,false
7.281859849,Regular,3,Delete,Deployment,false
7.301925906,Regular,7,Create,Deployment,false
7.321758823,Regular,4,Create,ConfigMap,false
7.342841953,Regular,6,Update,Deployment,false
7.362023089,Regular,5,Delete,ConfigMap,false
7.382349749,Regular,4,Delete,Deployment,false
7.40242308,Regular,8,Create,Deployment,false
7.422103719,Regular,7,Create,ConfigMap,false
7.44209225,Regular,8,Update,Deployment,false
7.462341885,Regular,5,Delete,ConfigMap,false
7.481969734,Regular,9,Delete,Deployment,false
7.502704927,Regular,6,Create,Deployment,false
7.522877105,Regular,6,Create,ConfigMap,false
7.542062739,Regular,7,Update,Deployment,false
7.561909572,Regular,4,Delete,ConfigMap,false
7.582301836,Regular,4,Delete,Deployment,false
7.60190547,Regular,6,Create,Deployment,false
7.6224371269999995,Regular,5,Create,ConfigMap,false
7.642429636,Regular,7,Update,Deployment,false
7.662008162,Regular,4,Delete,ConfigMap,false
7.682248028,Regular,4,Delete,Deployment,false
7.702499706,Regular,6,Create,Deployment,false
7.7217621560000005,Regular,5,Create,ConfigMap,false
7.74217038,Regular,8,Update,Deployment,false
7.761958492,Regular,5,Delete,ConfigMap,false
7.782034669,Regular,4,Delete,Deployment,false
7.802633273,Regular,7,Create,Deployment,false
7.822769744,Regular,5,Create,ConfigMap,false
7.842173901,Regular,6,Update,Deployment,false
7.862607833,Regular,2,Delete,ConfigMap,false
7.882372692,Regular,5,Delete,Deployment,false
7.901986375,Regular,5,Create,Deployment,false
7.922670931,Regular,6,Create,ConfigMap,false
7.941926597,Regular,6,Update,Deployment,false
7.962495325,Regular,4,Delete,ConfigMap,false
7.981975706,Regular,5,Delete,Deployment,false
7.001905145,Regular,6,Create,Deployment,false
7.021864782,Regular,7,Create,ConfigMap,false
7.041984891,Regular,7,Update,Deployment,false
7.062861481,Regular,4,Delete,ConfigMap,false
7.082614306,Regular,7,Delete,Deployment,false
7.102215385,Regular,6,Create,Deployment,false
7.12229599,Regular,7,Create,ConfigMap,false
7.142560383,Regular,8,Update,Deployment,false
7.162428246,Regular,4,Delete,ConfigMap,false
7.182320515,Regular,4,Delete,Deployment,false
7.201759899,Regular,6,Create,Deployment,false
7.222548502,Regular,6,Create,ConfigMap,false
7.242173606,Regular,5,Update,Deployment,false
7.262059142,Regular,3,Delete,ConfigMap,false
7.281797892,Regular,3,Delete,Deployment,false
7.301955212,Regular,7,Create,Deployment,false
7.32174654,Regular,4,Create,ConfigMap,false
7.342755079,Regular,7,Update,Deployment,false
7.361907149,Regular,5,Delete,ConfigMap,false
7.382231235,Regular,4,Delete,Deployment,false
7.402238621,Regular,8,Create,Deployment,false
7.421884325,Regular,10,Create,ConfigMap,false
7.441901911,Regular,8,Update,Deployment,false
7.4622660419999995,Regular,5,Delete,ConfigMap,false
7.482053262,Regular,8,Delete,Deployment,false
7.502541828,Regular,6,Create,Deployment,false
7.522717633,Regular,5,Create,ConfigMap,false
7.542089399,Regular,7,Update,Deployment,false
7.562009561,Regular,4,Delete,ConfigMap,false
7.582268353,Regular,4,Delete,Deployment,false
7.601817133,Regular,6,Create,Deployment,false
7.622340314,Regular,5,Create,ConfigMap,false
7.642388157,Regular,7,Update,Deployment,false
7.662120274,Regular,6,Delete,ConfigMap,false
7.682294476,Regular,4,Delete,Deployment,false
7.702403685,Regular,6,Create,Deployment,false
7.72181179,Regular,5,Create,ConfigMap,false
7.742187713,Regular,5,Update,Deployment,false
7.761878261,Regular,5,Delete,ConfigMap,false
7.782013449,Regular,3,Delete,Deployment,false
7.802656036,Regular,6,Create,Deployment,false
7.822702817,Regular,5,Create,ConfigMap,false
7.84222118,Regular,6,Update,Deployment,false
7.862552328,Regular,4,Delete,ConfigMap,false
7.882094636,Regular,5,Delete,Deployment,false
7.902040577,Regular,5,Create,Deployment,false
7.922695307,Regular,6,Create,ConfigMap,false
7.941862937,Regular,6,Update,Deployment,false
7.9624505800000005,Regular,4,Delete,ConfigMap,false
7.981880476,Regular,5,Delete,Deployment,false
7.001935022,Regular,6,Create,Deployment,false
7.021859943,Regular,8,Create,ConfigMap,false
7.041995011,Regular,7,Update,Deployment,false
7.062785287,Regular,4,Delete,ConfigMap,false
7.082463672,Regular,5,Delete,Deployment,false
7.102171953,Regular,5,Create,Deployment,false
7.122326759,Regular,6,Create,ConfigMap,false
7.1425390029999996,Regular,8,Update,Deployment,false
7.162496475,Regular,3,Delete,ConfigMap,false
7.182496227,Regular,5,Delete,Deployment,false
7.201920572,Regular,8,Create,Deployment,false
7.222504188,Regular,4,Create,ConfigMap,false
7.242110657,Regular,6,Update,Deployment,false
7.262016031,Regular,3,Delete,ConfigMap,false
7.281787191,Regular,3,Delete,Deployment,false
7.301896751,Regular,7,Create,Deployment,false
7.321843363,Regular,4,Create,ConfigMap,false
7.342770989,Regular,6,Update,Deployment,false
7.36194985,Regular,5,Delete,ConfigMap,false
7.382261883,Regular,4,Delete,Deployment,false
7.402321789,Regular,6,Create,Deployment,false
7.422195312,Regular,9,Create,ConfigMap,false
7.442062013,Regular,8,Update,Deployment,false
7.462296229,Regular,3,Delete,ConfigMap,false
7.481952682,Regular,8,Delete,Deployment,false
7.502571785,Regular,6,Create,Deployment,false
7.522765123,Regular,5,Create,ConfigMap,false
7.541969512,Regular,6,Update,Deployment,false
7.561936222,Regular,5,Delete,ConfigMap,false
7.582356199,Regular,4,Delete,Deployment,false
7.601862619,Regular,6,Create,Deployment,false
7.622328812,Regular,5,Create,ConfigMap,false
7.642425728,Regular,6,Update,Deployment,false
7.6624783,Regular,6,Delete,ConfigMap,false
7.682276873,Regular,4,Delete,Deployment,false
7.702484919,Regular,6,Create,Deployment,false
7.721840474,Regular,4,Create,ConfigMap,false
7.742109705,Regular,6,Update,Deployment,false
7.761949034,Regular,5,Delete,ConfigMap,false
7.782058173,Regular,4,Delete,Deployment,false
7.802610309,Regular,7,Create,Deployment,false
7.82274142,Regular,5,Create,ConfigMap,false
7.842106253,Regular,6,Update,Deployment,false
7.862587615,Regular,4,Delete,ConfigMap,false
7.88213368,Regular,4,Delete,Deployment,false
7.90194664,Regular,5,Create,Deployment,false
7.922630334,Regular,6,Create,ConfigMap,false
7.941926217,Regular,6,Update,Deployment,false
7.962428559,Regular,4,Delete,ConfigMap,false
7.981862331,Regular,5,Delete,Deployment,false
7.022014615,Regular,6,Create,ConfigMap,false
7.041969643,Regular,7,Update,Deployment,false
7.062894503,Regular,4,Delete,ConfigMap,false
7.082611792,Regular,6,Delete,Deployment,false
7.102184036,Regular,5,Create,Deployment,false
7.122244353,Regular,7,Create,ConfigMap,false
7.142602242,Regular,6,Update,Deployment,false
7.162519358,Regular,4,Delete,ConfigMap,false
7.182497199,Regular,5,Delete,Deployment,false
7.201750751,Regular,8,Create,Deployment,false
7.222593887,Regular,6,Create,ConfigMap,false
7.242077374,Regular,6,Update,Deployment,false
7.261959124,Regular,3,Delete,ConfigMap,false
7.281869036,Regular,3,Delete,Deployment,false
7.301860423,Regular,7,Create,Deployment,false
7.32173075,Regular,4,Create,ConfigMap,false
7.342731104,Regular,7,Update,Deployment,false
7.361898193,Regular,5,Delete,ConfigMap,false
7.382225564,Regular,4,Delete,Deployment,false
7.402212001,Regular,8,Create,Deployment,false
7.422212655,Regular,9,Create,ConfigMap,false
7.442036725,Regular,9,Update,Deployment,false
7.462328279,Regular,5,Delete,ConfigMap,false
7.48190928,Regular,8,Delete,Deployment,false
7.502565102,Regular,6,Create,Deployment,false
7.5227859519999996,Regular,6,Create,ConfigMap,false
7.542075763,Regular,7,Update,Deployment,false
7.5619624519999995,Regular,3,Delete,ConfigMap,false
7.5823428029999995,Regular,5,Delete,Deployment,false
7.60187935,Regular,6,Create,Deployment,false
7.622426587,Regular,5,Create,ConfigMap,false
7.642340187,Regular,7,Update,Deployment,false
7.661951876,Regular,8,Delete,ConfigMap,false
7.6821740080000005,Regular,4,Delete,Deployment,false
7.702332671,Regular,4,Create,Deployment,false
7.7218225,Regular,5,Create,ConfigMap,false
7.742123361,Regular,4,Update,Deployment,false
7.761993739,Regular,5,Delete,ConfigMap,false
7.781977481,Regular,4,Delete,Deployment,false
7.802737099,Regular,6,Create,Deployment,false
7.822686156,Regular,5,Create,ConfigMap,false
7.8422161809999995,Regular,5,Update,Deployment,false
7.862564722,Regular,4,Delete,ConfigMap,false
7.882251914,Regular,5,Delete,Deployment,false
7.901909219,Regular,5,Create,Deployment,false
7.922695247,Regular,5,Create,ConfigMap,false
7.9418832550000005,Regular,6,Update,Deployment,false
7.962469867,Regular,4,Delete,ConfigMap,false
7.981895664,Regular,5,Delete,Deployment,false
7.002070908,Regular,6,Create,Deployment,false
7.021943681,Regular,7,Create,ConfigMap,false
7.041953252,Regular,7,Update,Deployment,false
7.062836944,Regular,4,Delete,ConfigMap,false
7.082502175,Regular,8,Delete,Deployment,false
7.10215936,Regular,6,Create,Deployment,false
7.122319675,Regular,6,Create,ConfigMap,false
7.142612551,Regular,8,Update,Deployment,false
7.162522574,Regular,4,Delete,ConfigMap,false
7.18235457,Regular,5,Delete,Deployment,false
7.201910804,Regular,8,Create,Deployment,false
7.222540757,Regular,6,Create,ConfigMap,false
7.242161072,Regular,6,Update,Deployment,false
7.262042912,Regular,3,Delete,ConfigMap,false
7.281824452,Regular,2,Delete,Deployment,false
7.301940574,Regular,7,Create,Deployment,false
7.321783841,Regular,4,Create,ConfigMap,false
7.342804212,Regular,5,Update,Deployment,false
7.361973505,Regular,5,Delete,ConfigMap,false
7.382325413,Regular,4,Delete,Deployment,false
7.402265843,Regular,8,Create,Deployment,false
7.422029649,Regular,9,Create,ConfigMap,false
7.442090938,Regular,8,Update,Deployment,false
7.462279477,Regular,5,Delete,ConfigMap,false
7.482037072,Regular,7,Delete,Deployment,false
7.502694767,Regular,6,Create,Deployment,false
7.522877335,Regular,6,Create,ConfigMap,false
7.541957299,Regular,7,Update,Deployment,false
7.561988391,Regular,5,Delete,ConfigMap,false
7.5823877280000005,Regular,4,Delete,Deployment,false
7.60191612,Regular,6,Create,Deployment,false
7.622415807,Regular,5,Create,ConfigMap,false
7.6424023739999996,Regular,7,Update,Deployment,false
7.66227707,Regular,7,Delete,ConfigMap,false
7.682229884,Regular,3,Delete,Deployment,false
7.702389638,Regular,5,Create,Deployment,false
7.7217868020000004,Regular,5,Create,ConfigMap,false
7.742103864,Regular,6,Update,Deployment,false
7.761896265,Regular,5,Delete,ConfigMap,false
7.782051962,Regular,4,Delete,Deployment,false
7.802593768,Regular,7,Create,Deployment,false
7.822753002,Regular,5,Create,ConfigMap,false
7.842140688,Regular,6,Update,Deployment,false
7.862620577,Regular,3,Delete,ConfigMap,false
7.882301668,Regular,5,Delete,Deployment,false
7.902000652,Regular,4,Create,Deployment,false
7.9226535479999995,Regular,6,Create,ConfigMap,false
7.941931076,Regular,6,Update,Deployment,false
7.962520673,Regular,4,Delete,ConfigMap,false
7.981968863,Regular,3,Delete,Deployment,false
7.00207704,Regular,5,Create,Deployment,false
7.021902523,Regular,7,Create,ConfigMap,false
7.041880564,Regular,6,Update,Deployment,false
7.062806407,Regular,4,Delete,ConfigMap,false
7.082438023,Regular,7,Delete,Deployment,false
7.102119895,Regular,6,Create,Deployment,false
7.122265854,Regular,6,Create,ConfigMap,false
7.142612361,Regular,8,Update,Deployment,false
7.162444306,Regular,4,Delete,ConfigMap,false
7.182339752,Regular,5,Delete,Deployment,false
7.201849728,Regular,8,Create,Deployment,false
7.222529496,Regular,6,Create,ConfigMap,false
7.242130645,Regular,5,Update,Deployment,false
7.262023385,Regular,3,Delete,ConfigMap,false
7.2818083510000005,Regular,3,Delete,Deployment,false
7.30190667,Regular,7,Create,Deployment,false
7.321770105,Regular,4,Create,ConfigMap,false
7.34278731,Regular,7,Update,Deployment,false
7.361958126,Regular,5,Delete,ConfigMap,false
7.382298943,Regular,4,Delete,Deployment,false
7.402255934,Regular,8,Create,Deployment,false
7.422010313,Regular,10,Create,ConfigMap,false
7.441900248,Regular,9,Update,Deployment,false
7.46224933,Regular,5,Delete,ConfigMap,false
7.481832154,Regular,7,Delete,Deployment,false
7.502594338,Regular,6,Create,Deployment,false
7.52281088,Regular,6,Create,ConfigMap,false
7.542076124,Regular,7,Update,Deployment,false
7.561996506,Regular,5,Delete,ConfigMap,false
7.5822849340000005,Regular,5,Delete,Deployment,false
7.601829206,Regular,6,Create,Deployment,false
7.622400368,Regular,5,Create,ConfigMap,false
7.642370414,Regular,6,Update,Deployment,false
7.662019824,Regular,7,Delete,ConfigMap,false
7.682216889,Regular,4,Delete,Deployment,false
7.702371815,Regular,5,Create,Deployment,false
7.721774219,Regular,4,Create,ConfigMap,false
7.74218643,Regular,6,Update,Deployment,false
7.761863282,Regular,5,Delete,ConfigMap,false
7.782000204,Regular,4,Delete,Deployment,false
7.8026815339999995,Regular,6,Create,Deployment,false
7.822661339,Regular,5,Create,ConfigMap,false
7.842119558,Regular,6,Update,Deployment,false
7.862592504,Regular,4,Delete,ConfigMap,false
7.882021017,Regular,5,Delete,Deployment,false
7.901970875,Regular,5,Create,Deployment,false
7.922600418,Regular,6,Create,ConfigMap,false
7.941907972,Regular,6,Update,Deployment,false
7.96248224,Regular,4,Delete,ConfigMap,false
7.981920101,Regular,5,Delete,Deployment,false
7.00188671,Regular,5,Create,Deployment,false
7.022013052,Regular,7,Create,ConfigMap,false
7.041845568,Regular,7,Update,Deployment,false
7.062793422,Regular,4,Delete,ConfigMap,false
7.08248385,Regular,7,Delete,Deployment,false
7.102109485,Regular,4,Create,Deployment,false
7.122387283,Regular,5,Create,ConfigMap,false
7.142629023,Regular,8,Update,Deployment,false
7.162469033,Regular,4,Delete,ConfigMap,false
7.182394515,Regular,5,Delete,Deployment,false
7.201853896,Regular,8,Create,Deployment,false
7.22260582,Regular,5,Create,ConfigMap,false
7.242174948,Regular,6,Update,Deployment,false
7.261970305,Regular,3,Delete,ConfigMap,false
7.281852825,Regular,3,Delete,Deployment,false
7.301851175,Regular,7,Create,Deployment,false
7.32173584,Regular,3,Create,ConfigMap,false
7.342820723,Regular,7,Update,Deployment,false
7.361934591,Regular,5,Delete,ConfigMap,false
7.382248698,Regular,4,Delete,Deployment,false
7.402219565,Regular,6,Create,Deployment,false
7.422140048,Regular,9,Create,ConfigMap,false
7.442014824,Regular,8,Update,Deployment,false
7.462371771,Regular,5,Delete,ConfigMap,false
7.482076777,Regular,8,Delete,Deployment,false
7.502514948,Regular,6,Create,Deployment,false
7.522879038,Regular,6,Create,ConfigMap,false
7.542000932,Regular,7,Update,Deployment,false
7.5620281160000005,Regular,4,Delete,ConfigMap,false
7.582375515,Regular,5,Delete,Deployment,false
7.601838643,Regular,6,Create,Deployment,false
7.62235389,Regular,5,Create,ConfigMap,false
7.642381685,Regular,7,Update,Deployment,false
7.662607986,Regular,7,Delete,ConfigMap,false
7.682257656,Regular,3,Delete,Deployment,false
7.702463688,Regular,6,Create,Deployment,false
7.721750474,Regular,5,Create,ConfigMap,false
7.742152496,Regular,6,Update,Deployment,false
7.761828216,Regular,5,Delete,ConfigMap,false
7.7820652070000005,Regular,4,Delete,Deployment,false
7.802711641,Regular,6,Create,Deployment,false
7.822682268,Regular,5,Create,ConfigMap,false
7.842156027,Regular,6,Update,Deployment,false
7.862619335,Regular,3,Delete,ConfigMap,false
7.88219681,Regular,5,Delete,Deployment,false
7.9020155,Regular,5,Create,Deployment,false
7.922587493,Regular,4,Create,ConfigMap,false
7.941937237,Regular,6,Update,Deployment,false
7.962435722,Regular,3,Delete,ConfigMap,false
7.981992197,Regular,5,Delete,Deployment,false
8.001827909,Regular,6,Create,Deployment,false
7.022014445,Regular,8,Create,ConfigMap,false
7.041969072,Regular,7,Update,Deployment,false
7.062912247,Regular,4,Delete,ConfigMap,false
7.08243649,Regular,7,Delete,Deployment,false
7.102131567,Regular,6,Create,Deployment,false
7.122250915,Regular,6,Create,ConfigMap,false
7.14254827,Regular,8,Update,Deployment,false
7.162454135,Regular,4,Delete,ConfigMap,false
7.182375699,Regular,5,Delete,Deployment,false
7.201809963,Regular,7,Create,Deployment,false
7.222513626,Regular,6,Create,ConfigMap,false
7.242089096,Regular,6,Update,Deployment,false
7.261981335,Regular,3,Delete,ConfigMap,false
7.281838198,Regular,3,Delete,Deployment,false
7.301881272,Regular,7,Create,Deployment,false
7.321789431,Regular,4,Create,ConfigMap,false
7.34273999,Regular,7,Update,Deployment,false
7.362003141,Regular,3,Delete,ConfigMap,false
7.382325763,Regular,4,Delete,Deployment,false
7.402424072,Regular,8,Create,Deployment,false
7.422258482,Regular,6,Create,ConfigMap,false
7.44194389,Regular,9,Update,Deployment,false
7.46224931,Regular,5,Delete,ConfigMap,false
7.481859666,Regular,9,Delete,Deployment,false
7.502534084,Regular,6,Create,Deployment,false
7.522793547,Regular,6,Create,ConfigMap,false
7.542048802,Regular,7,Update,Deployment,false
7.561920322,Regular,5,Delete,ConfigMap,false
7.582328887,Regular,3,Delete,Deployment,false
7.601918314,Regular,6,Create,Deployment,false
7.622378456,Regular,5,Create,ConfigMap,false
7.642441348,Regular,7,Update,Deployment,false
7.662596554,Regular,7,Delete,ConfigMap,false
7.682196982,Regular,3,Delete,Deployment,false
7.702340906,Regular,6,Create,Deployment,false
7.721851575,Regular,5,Create,ConfigMap,false
7.742157636,Regular,6,Update,Deployment,false
7.761926862,Regular,4,Delete,ConfigMap,false
7.7819863080000005,Regular,2,Delete,Deployment,false
7.802659362,Regular,6,Create,Deployment,false
7.822717896,Regular,5,Create,ConfigMap,false
7.842190682,Regular,6,Update,Deployment,false
7.862572927,Regular,3,Delete,ConfigMap,false
7.88215468,Regular,5,Delete,Deployment,false
7.901928595,Regular,5,Create,Deployment,false
7.922615797,Regular,6,Create,ConfigMap,false
7.941900438,Regular,6,Update,Deployment,false
7.962454397,Regular,4,Delete,ConfigMap,false
7.981831513,Regular,5,Delete,Deployment,false
8.001811007,Regular,6,Create,Deployment,false
7.001868957,Regular,6,Create,Deployment,false
7.021882495,Regular,8,Create,ConfigMap,false
7.0418620690000004,Regular,7,Update,Deployment,false
7.062843517,Regular,4,Delete,ConfigMap,false
7.082613826,Regular,7,Delete,Deployment,false
7.102193173,Regular,6,Create,Deployment,false
7.122387774,Regular,6,Create,ConfigMap,false
7.14257472,Regular,8,Update,Deployment,false
7.162478731,Regular,3,Delete,ConfigMap,false
7.182495386,Regular,5,Delete,Deployment,false
7.201773124,Regular,8,Create,Deployment,false
7.22256355,Regular,6,Create,ConfigMap,false
7.242103594,Regular,6,Update,Deployment,false
7.261990022,Regular,3,Delete,ConfigMap,false
7.281870379,Regular,3,Delete,Deployment,false
7.301817321,Regular,7,Create,Deployment,false
7.321839846,Regular,4,Create,ConfigMap,false
7.342775377,Regular,7,Update,Deployment,false
7.361921316,Regular,5,Delete,ConfigMap,false
7.382327577,Regular,3,Delete,Deployment,false
7.402300599,Regular,8,Create,Deployment,false
7.422285613,Regular,9,Create,ConfigMap,false
7.441998553,Regular,9,Update,Deployment,false
7.462391218,Regular,5,Delete,ConfigMap,false
7.482007756,Regular,4,Delete,Deployment,false
7.502702983,Regular,6,Create,Deployment,false
7.522739575,Regular,6,Create,ConfigMap,false
7.542083277,Regular,7,Update,Deployment,false
7.562023848,Regular,4,Delete,ConfigMap,false
7.5824095190000005,Regular,4,Delete,Deployment,false
7.601893647,Regular,4,Create,Deployment,false
7.622418362,Regular,5,Create,ConfigMap,false
7.6423551849999996,Regular,7,Update,Deployment,false
7.661950223,Regular,7,Delete,ConfigMap,false
7.682183666,Regular,3,Delete,Deployment,false
7.702450273,Regular,6,Create,Deployment,false
7.721828822,Regular,3,Create,ConfigMap,false
7.742192862,Regular,5,Update,Deployment,false
7.761905642,Regular,4,Delete,ConfigMap,false
7.782048164,Regular,4,Delete,Deployment,false
7.80269555,Regular,6,Create,Deployment,false
7.822635019,Regular,5,Create,ConfigMap,false
7.842115761,Regular,6,Update,Deployment,false
7.862539835,Regular,3,Delete,ConfigMap,false
7.8821077410000004,Regular,8,Delete,Deployment,false
7.9019424019999995,Regular,5,Create,Deployment,false
7.922714183,Regular,6,Create,ConfigMap,false
7.941872174,Regular,5,Update,Deployment,false
7.962522606,Regular,4,Delete,ConfigMap,false
7.9818429349999995,Regular,5,Delete,Deployment,false
8.00178626,Regular,6,Create,Deployment,false
7.00190248,Regular,6,Create,Deployment,false
7.022015647,Regular,8,Create,ConfigMap,false
7.04184114,Regular,7,Update,Deployment,false
7.062880016,Regular,4,Delete,ConfigMap,false
7.082485263,Regular,7,Delete,Deployment,false
7.102087935,Regular,6,Create,Deployment,false
7.122347909,Regular,6,Create,ConfigMap,false
7.142584178,Regular,8,Update,Deployment,false
7.162524237,Regular,4,Delete,ConfigMap,false
7.182320525,Regular,5,Delete,Deployment,false
7.201852844,Regular,8,Create,Deployment,false
7.222580983,Regular,5,Create,ConfigMap,false
7.242124313,Regular,4,Update,Deployment,false
7.262002686,Regular,2,Delete,ConfigMap,false
7.281876921,Regular,3,Delete,Deployment,false
7.301810077,Regular,7,Create,Deployment,false
7.321802987,Regular,4,Create,ConfigMap,false
7.342842494,Regular,6,Update,Deployment,false
7.36198686,Regular,5,Delete,ConfigMap,false
7.382275198,Regular,3,Delete,Deployment,false
7.402283957,Regular,8,Create,Deployment,false
7.421869316,Regular,10,Create,ConfigMap,false
7.442055791,Regular,7,Update,Deployment,false
7.462305436,Regular,5,Delete,ConfigMap,false
7.481929288,Regular,10,Delete,Deployment,false
7.502514917,Regular,7,Create,Deployment,false
7.522714738,Regular,6,Create,ConfigMap,false
7.541980573,Regular,7,Update,Deployment,false
7.561947123,Regular,5,Delete,ConfigMap,false
7.582258734,Regular,5,Delete,Deployment,false
7.601809278,Regular,5,Create,Deployment,false
7.622368718,Regular,4,Create,ConfigMap,false
7.642413125,Regular,5,Update,Deployment,false
7.662428987,Regular,7,Delete,ConfigMap,false
7.682329362,Regular,4,Delete,Deployment,false
7.702415477,Regular,6,Create,Deployment,false
7.721740355,Regular,5,Create,ConfigMap,false
7.742131867,Regular,6,Update,Deployment,false
7.761950537,Regular,5,Delete,ConfigMap,false
7.782020432,Regular,4,Delete,Deployment,false
7.8026020339999995,Regular,7,Create,Deployment,false
7.822664144,Regular,4,Create,ConfigMap,false
7.842203567,Regular,6,Update,Deployment,false
7.862530517,Regular,4,Delete,ConfigMap,false
7.882273374,Regular,5,Delete,Deployment,false
7.901961878,Regular,5,Create,Deployment,false
7.922637848,Regular,6,Create,ConfigMap,false
7.941852678,Regular,6,Update,Deployment,false
7.962520693,Regular,4,Delete,ConfigMap,false
7.9818038510000004,Regular,5,Delete,Deployment,false
8.002073373,Regular,6,Create,Deployment,false
8.001818622,Regular,6,Create,Deployment,false
8.022788607,Regular,5,Create,ConfigMap,false
8.042790263,Regular,5,Update,Deployment,false
8.061864507,Regular,4,Delete,ConfigMap,false
8.082077853,Regular,3,Delete,Deployment,false
8.101798588,Regular,6,Create,Deployment,false
8.122060666,Regular,9,Create,ConfigMap,false
8.141920744,Regular,5,Update,Deployment,false
8.162709658,Regular,4,Delete,ConfigMap,false
8.181954293,Regular,5,Delete,Deployment,false
8.202558397,Regular,7,Create,Deployment,false
8.222110664,Regular,7,Create,ConfigMap,false
8.243459656,Regular,8,Update,Deployment,false
8.262843925,Regular,5,Delete,ConfigMap,false
8.281992299,Regular,6,Delete,Deployment,false
8.302486586,Regular,7,Create,Deployment,false
8.322355932,Regular,6,Create,ConfigMap,false
8.342359822,Regular,6,Update,Deployment,false
8.361877744,Regular,3,Delete,ConfigMap,false
8.383221916,Regular,5,Delete,Deployment,false
8.402774955,Regular,6,Create,Deployment,false
8.422446666999999,Regular,5,Create,ConfigMap,false
8.441983765,Regular,5,Update,Deployment,false
8.46188948,Regular,3,Delete,ConfigMap,false
8.481778603,Regular,4,Delete,Deployment,false
8.501858166,Regular,7,Create,Deployment,false
8.522547031,Regular,6,Create,ConfigMap,false
8.541840639,Regular,8,Update,Deployment,false
8.561793252,Regular,7,Delete,ConfigMap,false
8.582244357,Regular,5,Delete,Deployment,false
8.602481929,Regular,11,Create,Deployment,false
8.62221118,Regular,6,Create,ConfigMap,false
8.642197327,Regular,10,Update,Deployment,false
8.662560415,Regular,9,Delete,ConfigMap,false
8.682106971,Regular,4,Delete,Deployment,false
8.702495368,Regular,4,Create,Deployment,false
8.722259365,Regular,7,Create,ConfigMap,false
8.742075661,Regular,6,Update,Deployment,false
8.762843825000001,Regular,4,Delete,ConfigMap,false
8.782177779,Regular,4,Delete,Deployment,false
8.801979087,Regular,6,Create,Deployment,false
8.822558404,Regular,7,Create,ConfigMap,false
8.841978581,Regular,6,Update,Deployment,false
8.862765521,Regular,4,Delete,ConfigMap,false
8.882357753,Regular,4,Delete,Deployment,false
8.901775406,Regular,6,Create,Deployment,false
8.922909101,Regular,5,Create,ConfigMap,false
8.942052234,Regular,7,Update,Deployment,false
8.962040295,Regular,5,Delete,ConfigMap,false
8.982795505,Regular,6,Delete,Deployment,false
8.001914603,Regular,6,Create,Deployment,false
8.022768028,Regular,5,Create,ConfigMap,false
8.042699662,Regular,6,Update,Deployment,false
8.061867893,Regular,4,Delete,ConfigMap,false
8.082011627,Regular,3,Delete,Deployment,false
8.101862368,Regular,6,Create,Deployment,false
8.122113075,Regular,5,Create,ConfigMap,false
8.141886119,Regular,4,Update,Deployment,false
8.162720789,Regular,4,Delete,ConfigMap,false
8.18209574,Regular,4,Delete,Deployment,false
8.202671551,Regular,7,Create,Deployment,false
8.222075758,Regular,7,Create,ConfigMap,false
8.243338527,Regular,8,Update,Deployment,false
8.262764225,Regular,5,Delete,ConfigMap,false
8.2820192,Regular,6,Delete,Deployment,false
8.302309992,Regular,8,Create,Deployment,false
8.322396478,Regular,6,Create,ConfigMap,false
8.342355464,Regular,6,Update,Deployment,false
8.361810667,Regular,4,Delete,ConfigMap,false
8.383172944,Regular,6,Delete,Deployment,false
8.402742052,Regular,6,Create,Deployment,false
8.422431559,Regular,5,Create,ConfigMap,false
8.442025564,Regular,7,Update,Deployment,false
8.461916711,Regular,3,Delete,ConfigMap,false
8.481863674,Regular,4,Delete,Deployment,false
8.501933147999999,Regular,7,Create,Deployment,false
8.522632232,Regular,7,Create,ConfigMap,false
8.54186234,Regular,8,Update,Deployment,false
8.562218676,Regular,8,Delete,ConfigMap,false
8.582498487,Regular,6,Delete,Deployment,false
8.602542583,Regular,11,Create,Deployment,false
8.622058862,Regular,9,Create,ConfigMap,false
8.642085175,Regular,10,Update,Deployment,false
8.662524267,Regular,9,Delete,ConfigMap,false
8.682120647,Regular,3,Delete,Deployment,false
8.702355253,Regular,5,Create,Deployment,false
8.722237083,Regular,8,Create,ConfigMap,false
8.742074939,Regular,5,Update,Deployment,false
8.762757903,Regular,3,Delete,ConfigMap,false
8.782187718,Regular,4,Delete,Deployment,false
8.802046795,Regular,6,Create,Deployment,false
8.82254549,Regular,7,Create,ConfigMap,false
8.841897638,Regular,6,Update,Deployment,false
8.862821136,Regular,5,Delete,ConfigMap,false
8.882380987,Regular,4,Delete,Deployment,false
8.901765407,Regular,6,Create,Deployment,false
8.922715245,Regular,6,Create,ConfigMap,false
8.942032417,Regular,6,Update,Deployment,false
8.962009496,Regular,5,Delete,ConfigMap,false
8.982768924,Regular,6,Delete,Deployment,false
8.001808783,Regular,6,Create,Deployment,false
8.022744845,Regular,5,Create,ConfigMap,false
8.042728627,Regular,7,Update,Deployment,false
8.061862363,Regular,4,Delete,ConfigMap,false
8.082040572,Regular,3,Delete,Deployment,false
8.101915539,Regular,6,Create,Deployment,false
8.122132341,Regular,9,Create,ConfigMap,false
8.141948376,Regular,5,Update,Deployment,false
8.16269495,Regular,4,Delete,ConfigMap,false
8.182093837,Regular,4,Delete,Deployment,false
8.202675008,Regular,7,Create,Deployment,false
8.222042245,Regular,4,Create,ConfigMap,false
8.243163446,Regular,9,Update,Deployment,false
8.26284626,Regular,5,Delete,ConfigMap,false
8.281892891,Regular,6,Delete,Deployment,false
8.302397858,Regular,7,Create,Deployment,false
8.32237611,Regular,7,Create,ConfigMap,false
8.342312553,Regular,6,Update,Deployment,false
8.361784367,Regular,4,Delete,ConfigMap,false
8.383154389,Regular,6,Delete,Deployment,false
8.402759055,Regular,6,Create,Deployment,false
8.422459351,Regular,5,Create,ConfigMap,false
8.441935013,Regular,7,Update,Deployment,false
8.461926209,Regular,3,Delete,ConfigMap,false
8.481807127,Regular,4,Delete,Deployment,false
8.501944489,Regular,7,Create,Deployment,false
8.522637943,Regular,6,Create,ConfigMap,false
8.542003657,Regular,8,Update,Deployment,false
8.561867723,Regular,9,Delete,ConfigMap,false
8.58255813,Regular,6,Delete,Deployment,false
8.602561319,Regular,10,Create,Deployment,false
8.622299898,Regular,8,Create,ConfigMap,false
8.641900626,Regular,12,Update,Deployment,false
8.662740396,Regular,8,Delete,ConfigMap,false
8.682152267,Regular,4,Delete,Deployment,false
8.702419835,Regular,6,Create,Deployment,false
8.722314709,Regular,7,Create,ConfigMap,false
8.742095318,Regular,6,Update,Deployment,false
8.762813999,Regular,4,Delete,ConfigMap,false
8.781981589,Regular,4,Delete,Deployment,false
8.80203396,Regular,5,Create,Deployment,false
8.822562592,Regular,7,Create,ConfigMap,false
8.841924128,Regular,6,Update,Deployment,false
8.862783826,Regular,5,Delete,ConfigMap,false
8.882512987,Regular,4,Delete,Deployment,false
8.901753595,Regular,6,Create,Deployment,false
8.922749359,Regular,6,Create,ConfigMap,false
8.942007179,Regular,7,Update,Deployment,false
8.961997935,Regular,3,Delete,ConfigMap,false
8.982843465,Regular,6,Delete,Deployment,false
8.001900727,Regular,4,Create,Deployment,false
8.022803626,Regular,5,Create,ConfigMap,false
8.042743826,Regular,7,Update,Deployment,false
8.061775629,Regular,4,Delete,ConfigMap,false
8.082081269,Regular,3,Delete,Deployment,false
8.101875894,Regular,6,Create,Deployment,false
8.122035348,Regular,9,Create,ConfigMap,false
8.141937987,Regular,5,Update,Deployment,false
8.16266324,Regular,4,Delete,ConfigMap,false
8.181999188,Regular,5,Delete,Deployment,false
8.202511669,Regular,7,Create,Deployment,false
8.222129119,Regular,7,Create,ConfigMap,false
8.243510612,Regular,8,Update,Deployment,false
8.262885724,Regular,5,Delete,ConfigMap,false
8.281869667,Regular,6,Delete,Deployment,false
8.302413598,Regular,7,Create,Deployment,false
8.322447515,Regular,6,Create,ConfigMap,false
8.342296763,Regular,5,Update,Deployment,false
8.361878355,Regular,4,Delete,ConfigMap,false
8.383164758,Regular,6,Delete,Deployment,false
8.402659637,Regular,4,Create,Deployment,false
8.422471885,Regular,4,Create,ConfigMap,false
8.442037447,Regular,7,Update,Deployment,false
8.461950084,Regular,3,Delete,ConfigMap,false
8.481859446,Regular,4,Delete,Deployment,false
8.50188126,Regular,7,Create,Deployment,false
8.522487087,Regular,7,Create,ConfigMap,false
8.541837693,Regular,7,Update,Deployment,false
8.561827706999999,Regular,8,Delete,ConfigMap,false
8.582577767,Regular,4,Delete,Deployment,false
8.602598498999999,Regular,10,Create,Deployment,false
8.622226238,Regular,9,Create,ConfigMap,false
8.642144557,Regular,11,Update,Deployment,false
8.662728453,Regular,4,Delete,ConfigMap,false
8.682164751,Regular,4,Delete,Deployment,false
8.702367006,Regular,6,Create,Deployment,false
8.722053035,Regular,8,Create,ConfigMap,false
8.74196424,Regular,6,Update,Deployment,false
8.762786246,Regular,5,Delete,ConfigMap,false
8.781940892,Regular,3,Delete,Deployment,false
8.802000928,Regular,6,Create,Deployment,false
8.822597248,Regular,7,Create,ConfigMap,false
8.841930991,Regular,6,Update,Deployment,false
8.862715567,Regular,5,Delete,ConfigMap,false
8.882428507,Regular,4,Delete,Deployment,false
8.901805453,Regular,6,Create,Deployment,false
8.922859036,Regular,5,Create,ConfigMap,false
8.942104002,Regular,6,Update,Deployment,false
8.961956767,Regular,5,Delete,ConfigMap,false
8.982840289,Regular,4,Delete,Deployment,false
8.001950671,Regular,6,Create,Deployment,false
8.022827791,Regular,4,Create,ConfigMap,false
8.042755167,Regular,7,Update,Deployment,false
8.061849789,Regular,4,Delete,ConfigMap,false
8.081995697,Regular,3,Delete,Deployment,false
8.101801263,Regular,6,Create,Deployment,false
8.122065094,Regular,3,Create,ConfigMap,false
8.141856292,Regular,5,Update,Deployment,false
8.16264219,Regular,4,Delete,ConfigMap,false
8.181928995,Regular,4,Delete,Deployment,false
8.202537368,Regular,7,Create,Deployment,false
8.22205564,Regular,7,Create,ConfigMap,false
8.243360218,Regular,7,Update,Deployment,false
8.262741732,Regular,5,Delete,ConfigMap,false
8.282002228,Regular,6,Delete,Deployment,false
8.302293792,Regular,7,Create,Deployment,false
8.322381079,Regular,6,Create,ConfigMap,false
8.342277276,Regular,6,Update,Deployment,false
8.361799726,Regular,4,Delete,ConfigMap,false
8.383221145,Regular,6,Delete,Deployment,false
8.402720041,Regular,6,Create,Deployment,false
8.42242174,Regular,5,Create,ConfigMap,false
8.441973776,Regular,7,Update,Deployment,false
8.461897896,Regular,3,Delete,ConfigMap,false
8.481794784,Regular,3,Delete,Deployment,false
8.501896098,Regular,7,Create,Deployment,false
8.522450629,Regular,6,Create,ConfigMap,false
8.541861548,Regular,8,Update,Deployment,false
8.561787311,Regular,6,Delete,ConfigMap,false
8.582555926,Regular,5,Delete,Deployment,false
8.602497969,Regular,10,Create,Deployment,false
8.622332249,Regular,8,Create,ConfigMap,false
8.64203494,Regular,11,Update,Deployment,false
8.662782746,Regular,3,Delete,ConfigMap,false
8.682094698,Regular,4,Delete,Deployment,false
8.702454561,Regular,5,Create,Deployment,false
8.722236391,Regular,8,Create,ConfigMap,false
8.742041246,Regular,6,Update,Deployment,false
8.762829969,Regular,5,Delete,ConfigMap,false
8.781987209,Regular,5,Delete,Deployment,false
8.801914344,Regular,6,Create,Deployment,false
8.822507318,Regular,5,Create,ConfigMap,false
8.841943956,Regular,6,Update,Deployment,false
8.862751645,Regular,3,Delete,ConfigMap,false
8.882344849,Regular,3,Delete,Deployment,false
8.901740219,Regular,5,Create,Deployment,false
8.922653578,Regular,6,Create,ConfigMap,false
8.941997832,Regular,5,Update,Deployment,false
8.961981413,Regular,5,Delete,ConfigMap,false
8.982740561,Regular,4,Delete,Deployment,false
8.001907239,Regular,6,Create,Deployment,false
8.022843451,Regular,5,Create,ConfigMap,false
8.042721383,Regular,6,Update,Deployment,false
8.061811907,Regular,4,Delete,ConfigMap,false
8.081986219,Regular,3,Delete,Deployment,false
8.101912984,Regular,6,Create,Deployment,false
8.122106422,Regular,9,Create,ConfigMap,false
8.141943437,Regular,5,Update,Deployment,false
8.162719747,Regular,4,Delete,ConfigMap,false
8.182014136,Regular,4,Delete,Deployment,false
8.202596109,Regular,7,Create,Deployment,false
8.222020714,Regular,7,Create,ConfigMap,false
8.24273703,Regular,10,Update,Deployment,false
8.262716825,Regular,5,Delete,ConfigMap,false
8.281980416,Regular,6,Delete,Deployment,false
8.302380025,Regular,7,Create,Deployment,false
8.322483032,Regular,6,Create,ConfigMap,false
8.34228492,Regular,6,Update,Deployment,false
8.361888604,Regular,3,Delete,ConfigMap,false
8.383069448,Regular,6,Delete,Deployment,false
8.402706756,Regular,6,Create,Deployment,false
8.422501972,Regular,5,Create,ConfigMap,false
8.44189654,Regular,7,Update,Deployment,false
8.461969802,Regular,3,Delete,ConfigMap,false
8.481775708,Regular,3,Delete,Deployment,false
8.501847837,Regular,7,Create,Deployment,false
8.522634817,Regular,6,Create,ConfigMap,false
8.542025077,Regular,11,Update,Deployment,false
8.561839028,Regular,9,Delete,ConfigMap,false
8.582219771,Regular,4,Delete,Deployment,false
8.602474675,Regular,9,Create,Deployment,false
8.622123655,Regular,8,Create,ConfigMap,false
8.642013339,Regular,10,Update,Deployment,false
8.662660905,Regular,4,Delete,ConfigMap,false
8.682172926,Regular,4,Delete,Deployment,false
8.702404276,Regular,4,Create,Deployment,false
8.722108029,Regular,5,Create,ConfigMap,false
8.742024053,Regular,6,Update,Deployment,false
8.762769134,Regular,5,Delete,ConfigMap,false
8.782120141,Regular,5,Delete,Deployment,false
8.801963327,Regular,6,Create,Deployment,false
8.822470959,Regular,7,Create,ConfigMap,false
8.841907908,Regular,6,Update,Deployment,false
8.862806338,Regular,5,Delete,ConfigMap,false
8.882506785,Regular,4,Delete,Deployment,false
8.901718158,Regular,6,Create,Deployment,false
8.92261757,Regular,5,Create,ConfigMap,false
8.942085317,Regular,6,Update,Deployment,false
8.962070862000001,Regular,4,Delete,ConfigMap,false
8.982835851,Regular,6,Delete,Deployment,false
8.022817272,Regular,5,Create,ConfigMap,false
8.042790293,Regular,7,Update,Deployment,false
8.061787,Regular,3,Delete,ConfigMap,false
8.082026646,Regular,2,Delete,Deployment,false
8.101820289,Regular,4,Create,Deployment,false
8.12204693,Regular,9,Create,ConfigMap,false
8.141878494,Regular,5,Update,Deployment,false
8.1626793,Regular,4,Delete,ConfigMap,false
8.182095961,Regular,4,Delete,Deployment,false
8.202518913,Regular,5,Create,Deployment,false
8.22203433,Regular,5,Create,ConfigMap,false
8.243377611,Regular,8,Update,Deployment,false
8.262727986,Regular,5,Delete,ConfigMap,false
8.281906747,Regular,5,Delete,Deployment,false
8.302489501,Regular,8,Create,Deployment,false
8.322432156,Regular,6,Create,ConfigMap,false
8.342364942,Regular,6,Update,Deployment,false
8.361840063,Regular,4,Delete,ConfigMap,false
8.383090117,Regular,6,Delete,Deployment,false
8.402769935,Regular,6,Create,Deployment,false
8.422408385,Regular,3,Create,ConfigMap,false
8.441904946,Regular,7,Update,Deployment,false
8.46196364,Regular,3,Delete,ConfigMap,false
8.481848846,Regular,4,Delete,Deployment,false
8.501829893,Regular,5,Create,Deployment,false
8.522523606,Regular,7,Create,ConfigMap,false
8.541903818,Regular,8,Update,Deployment,false
8.561759318,Regular,9,Delete,ConfigMap,false
8.58236778,Regular,4,Delete,Deployment,false
8.602655757,Regular,10,Create,Deployment,false
8.622171836,Regular,8,Create,ConfigMap,false
8.641927477,Regular,13,Update,Deployment,false
8.662709838,Regular,8,Delete,ConfigMap,false
8.682082776,Regular,4,Delete,Deployment,false
8.702493204,Regular,5,Create,Deployment,false
8.722060098,Regular,8,Create,ConfigMap,false
8.741978287,Regular,6,Update,Deployment,false
8.762875284,Regular,4,Delete,ConfigMap,false
8.781961641,Regular,5,Delete,Deployment,false
8.802011819,Regular,6,Create,Deployment,false
8.82257211,Regular,7,Create,ConfigMap,false
8.841984903,Regular,6,Update,Deployment,false
8.862736276,Regular,5,Delete,ConfigMap,false
8.882339038,Regular,4,Delete,Deployment,false
8.901785124,Regular,6,Create,Deployment,false
8.922840101,Regular,6,Create,ConfigMap,false
8.9420655,Regular,6,Update,Deployment,false
8.962026048,Regular,4,Delete,ConfigMap,false
8.982757383,Regular,6,Delete,Deployment,false
8.022841878,Regular,5,Create,ConfigMap,false
8.04270919,Regular,7,Update,Deployment,false
8.061826966,Regular,4,Delete,ConfigMap,false
8.082077662,Regular,3,Delete,Deployment,false
8.10184218,Regular,5,Create,Deployment,false
8.12208928,Regular,5,Create,ConfigMap,false
8.141933959,Regular,5,Update,Deployment,false
8.16265259,Regular,3,Delete,ConfigMap,false
8.182094057,Regular,4,Delete,Deployment,false
8.202609584,Regular,5,Create,Deployment,false
8.22212433,Regular,7,Create,ConfigMap,false
8.243455037,Regular,9,Update,Deployment,false
8.262888479,Regular,4,Delete,ConfigMap,false
8.281923228,Regular,6,Delete,Deployment,false
8.302259928,Regular,8,Create,Deployment,false
8.322351624,Regular,4,Create,ConfigMap,false
8.342355313,Regular,6,Update,Deployment,false
8.361761684,Regular,4,Delete,ConfigMap,false
8.38278974,Regular,6,Delete,Deployment,false
8.402693631,Regular,6,Create,Deployment,false
8.422396773,Regular,4,Create,ConfigMap,false
8.442007771,Regular,7,Update,Deployment,false
8.461869392,Regular,3,Delete,ConfigMap,false
8.481834439,Regular,4,Delete,Deployment,false
8.501804445,Regular,7,Create,Deployment,false
8.522495103,Regular,7,Create,ConfigMap,false
8.541943473,Regular,10,Update,Deployment,false
8.561812438,Regular,7,Delete,ConfigMap,false
8.582423997,Regular,3,Delete,Deployment,false
8.602534117,Regular,10,Create,Deployment,false
8.622273668,Regular,9,Create,ConfigMap,false
8.64181816,Regular,10,Update,Deployment,false
8.662537622,Regular,8,Delete,ConfigMap,false
8.682073558,Regular,4,Delete,Deployment,false
8.70239579,Regular,5,Create,Deployment,false
8.722144117,Regular,8,Create,ConfigMap,false
8.742073877,Regular,6,Update,Deployment,false
8.762802276,Regular,4,Delete,ConfigMap,false
8.782033036,Regular,4,Delete,Deployment,false
8.801952106,Regular,6,Create,Deployment,false
8.82263542,Regular,6,Create,ConfigMap,false
8.841905123,Regular,6,Update,Deployment,false
8.862794075,Regular,5,Delete,ConfigMap,false
8.882413639,Regular,4,Delete,Deployment,false
8.901808088,Regular,5,Create,Deployment,false
8.92275009,Regular,5,Create,ConfigMap,false
8.941969218,Regular,7,Update,Deployment,false
8.962076643,Regular,5,Delete,ConfigMap,false
8.982820322,Regular,4,Delete,Deployment,false
8.022757859,Regular,5,Create,ConfigMap,false
8.04279383,Regular,7,Update,Deployment,false
8.061799153,Regular,4,Delete,ConfigMap,false
8.081986881,Regular,3,Delete,Deployment,false
8.101897705,Regular,6,Create,Deployment,false
8.122081465,Regular,9,Create,ConfigMap,false
8.141905425,Regular,5,Update,Deployment,false
8.162631039,Regular,3,Delete,ConfigMap,false
8.181946679,Regular,4,Delete,Deployment,false
8.202574808,Regular,7,Create,Deployment,false
8.222126634,Regular,7,Create,ConfigMap,false
8.243390065,Regular,8,Update,Deployment,false
8.262884833,Regular,5,Delete,ConfigMap,false
8.281934009,Regular,6,Delete,Deployment,false
8.302275036,Regular,8,Create,Deployment,false
8.322467322,Regular,7,Create,ConfigMap,false
8.342262107,Regular,6,Update,Deployment,false
8.361772876,Regular,4,Delete,ConfigMap,false
8.382799548,Regular,6,Delete,Deployment,false
8.402666329,Regular,6,Create,Deployment,false
8.422473458,Regular,5,Create,ConfigMap,false
8.441962675,Regular,7,Update,Deployment,false
8.461946197,Regular,3,Delete,ConfigMap,false
8.481822135,Regular,2,Delete,Deployment,false
8.50194494,Regular,7,Create,Deployment,false
8.522458554,Regular,6,Create,ConfigMap,false
8.54191569,Regular,11,Update,Deployment,false
8.561975927,Regular,7,Delete,ConfigMap,false
8.582537752,Regular,4,Delete,Deployment,false
8.60257777,Regular,11,Create,Deployment,false
8.622236969,Regular,8,Create,ConfigMap,false
8.641830614,Regular,12,Update,Deployment,false
8.662655786,Regular,7,Delete,ConfigMap,false
8.682138251,Regular,4,Delete,Deployment,false
8.702437379,Regular,6,Create,Deployment,false
8.722232324,Regular,8,Create,ConfigMap,false
8.741993465,Regular,6,Update,Deployment,false
8.762865115,Regular,4,Delete,ConfigMap,false
8.782222955,Regular,4,Delete,Deployment,false
8.801934072,Regular,6,Create,Deployment,false
8.822570216999999,Regular,7,Create,ConfigMap,false
8.841962962,Regular,5,Update,Deployment,false
8.862839932,Regular,5,Delete,ConfigMap,false
8.882466499,Regular,4,Delete,Deployment,false
8.901807967,Regular,4,Create,Deployment,false
8.922767433,Regular,5,Create,ConfigMap,false
8.9419757,Regular,7,Update,Deployment,false
8.961966205,Regular,5,Delete,ConfigMap,false
8.982806365,Regular,5,Delete,Deployment,false
9.002444504,Regular,6,Create,Deployment,false
8.022776985,Regular,5,Create,ConfigMap,false
8.042781857,Regular,7,Update,Deployment,false
8.061833989,Regular,4,Delete,ConfigMap,false
8.082065249,Regular,3,Delete,Deployment,false
8.101831089,Regular,4,Create,Deployment,false
8.12212139,Regular,10,Create,ConfigMap,false
8.141864017,Regular,5,Update,Deployment,false
8.162735867,Regular,4,Delete,ConfigMap,false
8.181925158,Regular,3,Delete,Deployment,false
8.202687091,Regular,7,Create,Deployment,false
8.222110394,Regular,7,Create,ConfigMap,false
8.243277011,Regular,9,Update,Deployment,false
8.262848835,Regular,5,Delete,ConfigMap,false
8.281875368,Regular,6,Delete,Deployment,false
8.302362632,Regular,8,Create,Deployment,false
8.322498341,Regular,6,Create,ConfigMap,false
8.342333121,Regular,6,Update,Deployment,false
8.361825144,Regular,4,Delete,ConfigMap,false
8.3828373,Regular,7,Delete,Deployment,false
8.402684133,Regular,6,Create,Deployment,false
8.422487184,Regular,5,Create,ConfigMap,false
8.441918211,Regular,5,Update,Deployment,false
8.46195298,Regular,2,Delete,ConfigMap,false
8.481859275,Regular,3,Delete,Deployment,false
8.501814484,Regular,7,Create,Deployment,false
8.522594641,Regular,5,Create,ConfigMap,false
8.541881666,Regular,11,Update,Deployment,false
8.561804854,Regular,9,Delete,ConfigMap,false
8.582439586,Regular,6,Delete,Deployment,false
8.602520492,Regular,7,Create,Deployment,false
8.622202013,Regular,8,Create,ConfigMap,false
8.641851703,Regular,11,Update,Deployment,false
8.662605431,Regular,9,Delete,ConfigMap,false
8.68216979,Regular,4,Delete,Deployment,false
8.702386062,Regular,6,Create,Deployment,false
8.722082511,Regular,8,Create,ConfigMap,false
8.742010437,Regular,6,Update,Deployment,false
8.762866347,Regular,5,Delete,ConfigMap,false
8.782007297,Regular,5,Delete,Deployment,false
8.801919745,Regular,6,Create,Deployment,false
8.822492319,Regular,7,Create,ConfigMap,false
8.841971899,Regular,6,Update,Deployment,false
8.862722319,Regular,5,Delete,ConfigMap,false
8.882444848,Regular,4,Delete,Deployment,false
8.901731082,Regular,5,Create,Deployment,false
8.922637618,Regular,6,Create,ConfigMap,false
8.94211866,Regular,6,Update,Deployment,false
8.962051887,Regular,5,Delete,ConfigMap,false
8.982730812,Regular,6,Delete,Deployment,false
9.002343944,Regular,7,Create,Deployment,false
9.002360355,Regular,7,Create,Deployment,false
9.022584341,Regular,4,Create,ConfigMap,false
9.04234924,Regular,6,Update,Deployment,false
9.062331278,Regular,3,Delete,ConfigMap,false
9.082354355,Regular,4,Delete,Deployment,false
9.102727743,Regular,6,Create,Deployment,false
9.122220928,Regular,5,Create,ConfigMap,false
9.141867984,Regular,5,Update,Deployment,false
9.162482037,Regular,3,Delete,ConfigMap,false
9.182231817,Regular,3,Delete,Deployment,false
9.202586871,Regular,5,Create,Deployment,false
9.222439706,Regular,6,Create,ConfigMap,false
9.241902002,Regular,5,Update,Deployment,false
9.262328582,Regular,4,Delete,ConfigMap,false
9.282778995,Regular,10,Delete,Deployment,false
9.301928601,Regular,6,Create,Deployment,false
9.322253668,Regular,5,Create,ConfigMap,false
9.342622278,Regular,8,Update,Deployment,false
9.362289281,Regular,5,Delete,ConfigMap,false
9.382214543,Regular,6,Delete,Deployment,false
9.401991354,Regular,13,Create,Deployment,false
9.422296984,Regular,6,Create,ConfigMap,false
9.442657648,Regular,7,Update,Deployment,false
9.46200622,Regular,3,Delete,ConfigMap,false
9.482576561,Regular,5,Delete,Deployment,false
9.502053926,Regular,6,Create,Deployment,false
9.5221446,Regular,5,Create,ConfigMap,false
9.542115428,Regular,6,Update,Deployment,false
9.562700937,Regular,4,Delete,ConfigMap,false
9.582497716,Regular,2,Delete,Deployment,false
9.603432906,Regular,7,Create,Deployment,false
9.622164922,Regular,6,Create,ConfigMap,false
9.642244195,Regular,7,Update,Deployment,false
9.662395554,Regular,4,Delete,ConfigMap,false
9.682128372,Regular,6,Delete,Deployment,false
9.702130549,Regular,7,Create,Deployment,false
9.722755513,Regular,6,Create,ConfigMap,false
9.742536471,Regular,7,Update,Deployment,false
9.762090111,Regular,3,Delete,ConfigMap,false
9.781992589,Regular,4,Delete,Deployment,false
9.802428907,Regular,6,Create,Deployment,false
9.822325003,Regular,7,Create,ConfigMap,false
9.842592742,Regular,6,Update,Deployment,false
9.86179121,Regular,4,Delete,ConfigMap,false
9.882215514,Regular,4,Delete,Deployment,false
9.902831531,Regular,7,Create,Deployment,false
9.922582093,Regular,6,Create,ConfigMap,false
9.942772495,Regular,6,Update,Deployment,false
9.961934995,Regular,3,Delete,ConfigMap,false
9.982086304,Regular,4,Delete,Deployment,false
9.022599199,Regular,5,Create,ConfigMap,false
9.042321347,Regular,5,Update,Deployment,false
9.062375352,Regular,4,Delete,ConfigMap,false
9.082281197,Regular,4,Delete,Deployment,false
9.102845977,Regular,5,Create,Deployment,false
9.122290349,Regular,4,Create,ConfigMap,false
9.141836956,Regular,5,Update,Deployment,false
9.162475104,Regular,3,Delete,ConfigMap,false
9.182161064,Regular,3,Delete,Deployment,false
9.202576081,Regular,6,Create,Deployment,false
9.222389901,Regular,6,Create,ConfigMap,false
9.241843322,Regular,6,Update,Deployment,false
9.262286963,Regular,5,Delete,ConfigMap,false
9.282898241,Regular,12,Delete,Deployment,false
9.301907732,Regular,6,Create,Deployment,false
9.322268156,Regular,5,Create,ConfigMap,false
9.342691278,Regular,8,Update,Deployment,false
9.362271808,Regular,3,Delete,ConfigMap,false
9.382042588000001,Regular,6,Delete,Deployment,false
9.401798319,Regular,15,Create,Deployment,false
9.422329486,Regular,6,Create,ConfigMap,false
9.442622011,Regular,7,Update,Deployment,false
9.462120206,Regular,5,Delete,ConfigMap,false
9.482612549,Regular,5,Delete,Deployment,false
9.502038457,Regular,6,Create,Deployment,false
9.522222217,Regular,5,Create,ConfigMap,false
9.542170842,Regular,5,Update,Deployment,false
9.562761551,Regular,4,Delete,ConfigMap,false
9.582513445,Regular,4,Delete,Deployment,false
9.603209844,Regular,7,Create,Deployment,false
9.622009619,Regular,6,Create,ConfigMap,false
9.642390672,Regular,6,Update,Deployment,false
9.662365557,Regular,4,Delete,ConfigMap,false
9.682194186,Regular,9,Delete,Deployment,false
9.702051108,Regular,6,Create,Deployment,false
9.722785579,Regular,6,Create,ConfigMap,false
9.742533887,Regular,7,Update,Deployment,false
9.762084741,Regular,4,Delete,ConfigMap,false
9.781866531,Regular,4,Delete,Deployment,false
9.802438966,Regular,7,Create,Deployment,false
9.822209685,Regular,4,Create,ConfigMap,false
9.842616817,Regular,6,Update,Deployment,false
9.861880078,Regular,4,Delete,ConfigMap,false
9.882147977,Regular,4,Delete,Deployment,false
9.902775646,Regular,6,Create,Deployment,false
9.922540825,Regular,6,Create,ConfigMap,false
9.942852667,Regular,6,Update,Deployment,false
9.96194243,Regular,3,Delete,ConfigMap,false
9.982002887,Regular,4,Delete,Deployment,false
9.002536919,Regular,7,Create,Deployment,false
9.022543744,Regular,5,Create,ConfigMap,false
9.042251004,Regular,6,Update,Deployment,false
9.062342149,Regular,4,Delete,ConfigMap,false
9.082354385,Regular,3,Delete,Deployment,false
9.102829936,Regular,5,Create,Deployment,false
9.122260182,Regular,5,Create,ConfigMap,false
9.141849479,Regular,5,Update,Deployment,false
9.162421082,Regular,3,Delete,ConfigMap,false
9.182206069,Regular,2,Delete,Deployment,false
9.202560331,Regular,6,Create,Deployment,false
9.222353543,Regular,5,Create,ConfigMap,false
9.241832341,Regular,6,Update,Deployment,false
9.262303023,Regular,6,Delete,ConfigMap,false
9.282794435,Regular,10,Delete,Deployment,false
9.301912872,Regular,5,Create,Deployment,false
9.322283505,Regular,4,Create,ConfigMap,false
9.342609213,Regular,8,Update,Deployment,false
9.362246991,Regular,4,Delete,ConfigMap,false
9.38198014,Regular,6,Delete,Deployment,false
9.401824228,Regular,12,Create,Deployment,false
9.422397855,Regular,5,Create,ConfigMap,false
9.442680842,Regular,7,Update,Deployment,false
9.462111068,Regular,4,Delete,ConfigMap,false
9.482532267,Regular,5,Delete,Deployment,false
9.501942475,Regular,7,Create,Deployment,false
9.522240802,Regular,4,Create,ConfigMap,false
9.542187033,Regular,6,Update,Deployment,false
9.562791127,Regular,2,Delete,ConfigMap,false
9.582578669,Regular,4,Delete,Deployment,false
9.603228159,Regular,7,Create,Deployment,false
9.622032071,Regular,7,Create,ConfigMap,false
9.642365334,Regular,6,Update,Deployment,false
9.662352653,Regular,3,Delete,ConfigMap,false
9.682112912000001,Regular,10,Delete,Deployment,false
9.702065496,Regular,7,Create,Deployment,false
9.722894215,Regular,5,Create,ConfigMap,false
9.742520591,Regular,7,Update,Deployment,false
9.762086093,Regular,4,Delete,ConfigMap,false
9.781889705,Regular,4,Delete,Deployment,false
9.802331903,Regular,7,Create,Deployment,false
9.822190619,Regular,5,Create,ConfigMap,false
9.842632787,Regular,6,Update,Deployment,false
9.861844601,Regular,4,Delete,ConfigMap,false
9.882232406,Regular,4,Delete,Deployment,false
9.902739447,Regular,7,Create,Deployment,false
9.922550353,Regular,5,Create,ConfigMap,false
9.942762036,Regular,5,Update,Deployment,false
9.961976764,Regular,2,Delete,ConfigMap,false
9.98212663,Regular,4,Delete,Deployment,false
9.022559695,Regular,5,Create,ConfigMap,false
9.042222831,Regular,6,Update,Deployment,false
9.062283558,Regular,4,Delete,ConfigMap,false
9.082262992,Regular,4,Delete,Deployment,false
9.102755786,Regular,4,Create,Deployment,false
9.122210899,Regular,3,Create,ConfigMap,false
9.141902259,Regular,5,Update,Deployment,false
9.162501173,Regular,3,Delete,ConfigMap,false
9.182149702,Regular,4,Delete,Deployment,false
9.202484097,Regular,6,Create,Deployment,false
9.222363331,Regular,4,Create,ConfigMap,false
9.24190056,Regular,6,Update,Deployment,false
9.262231268,Regular,3,Delete,ConfigMap,false
9.282971068,Regular,10,Delete,Deployment,false
9.301888465,Regular,6,Create,Deployment,false
9.322294796,Regular,5,Create,ConfigMap,false
9.342530013,Regular,8,Update,Deployment,false
9.362216774,Regular,4,Delete,ConfigMap,false
9.382153678,Regular,4,Delete,Deployment,false
9.40186744,Regular,14,Create,Deployment,false
9.422419656,Regular,6,Create,ConfigMap,false
9.442710689,Regular,7,Update,Deployment,false
9.462190368,Regular,5,Delete,ConfigMap,false
9.482599133,Regular,5,Delete,Deployment,false
9.501998902,Regular,7,Create,Deployment,false
9.522204523,Regular,5,Create,ConfigMap,false
9.542092194,Regular,5,Update,Deployment,false
9.562688483,Regular,4,Delete,ConfigMap,false
9.582535357,Regular,5,Delete,Deployment,false
9.603332957,Regular,5,Create,Deployment,false
9.62212152,Regular,6,Create,ConfigMap,false
9.642316872,Regular,5,Update,Deployment,false
9.66244643,Regular,4,Delete,ConfigMap,false
9.682983658,Regular,9,Delete,Deployment,false
9.702081526,Regular,7,Create,Deployment,false
9.722813131,Regular,6,Create,ConfigMap,false
9.742466609000001,Regular,7,Update,Deployment,false
9.761977478,Regular,4,Delete,ConfigMap,false
9.781926144,Regular,5,Delete,Deployment,false
9.802443063,Regular,7,Create,Deployment,false
9.822167235,Regular,7,Create,ConfigMap,false
9.842640913,Regular,6,Update,Deployment,false
9.86185991,Regular,3,Delete,ConfigMap,false
9.882194655,Regular,4,Delete,Deployment,false
9.902814038,Regular,7,Create,Deployment,false
9.92251178,Regular,4,Create,ConfigMap,false
9.942857666,Regular,6,Update,Deployment,false
9.961902033,Regular,3,Delete,ConfigMap,false
9.982027313,Regular,4,Delete,Deployment,false
9.00236271,Regular,7,Create,Deployment,false
9.022572749,Regular,5,Create,ConfigMap,false
9.042338299,Regular,6,Update,Deployment,false
9.062353551,Regular,4,Delete,ConfigMap,false
9.082339527,Regular,4,Delete,Deployment,false
9.102792696,Regular,5,Create,Deployment,false
9.122294638,Regular,5,Create,ConfigMap,false
9.141898241,Regular,5,Update,Deployment,false
9.162461148,Regular,2,Delete,ConfigMap,false
9.182199977,Regular,3,Delete,Deployment,false
9.202591289,Regular,5,Create,Deployment,false
9.222440738,Regular,5,Create,ConfigMap,false
9.241878809,Regular,6,Update,Deployment,false
9.262272115,Regular,5,Delete,ConfigMap,false
9.283003139,Regular,10,Delete,Deployment,false
9.302040853,Regular,5,Create,Deployment,false
9.322232839,Regular,5,Create,ConfigMap,false
9.34255999,Regular,8,Update,Deployment,false
9.362226372,Regular,4,Delete,ConfigMap,false
9.382018252,Regular,6,Delete,Deployment,false
9.40178274,Regular,15,Create,Deployment,false
9.422372036,Regular,4,Create,ConfigMap,false
9.442599849,Regular,7,Update,Deployment,false
9.462347074,Regular,5,Delete,ConfigMap,false
9.482571652,Regular,4,Delete,Deployment,false
9.502012377,Regular,6,Create,Deployment,false
9.522168816,Regular,5,Create,ConfigMap,false
9.542170552,Regular,6,Update,Deployment,false
9.562747465,Regular,4,Delete,ConfigMap,false
9.582555355,Regular,4,Delete,Deployment,false
9.603642111,Regular,7,Create,Deployment,false
9.62206284,Regular,7,Create,ConfigMap,false
9.642266327,Regular,7,Update,Deployment,false
9.662434247,Regular,4,Delete,ConfigMap,false
9.682557743,Regular,9,Delete,Deployment,false
9.702108096,Regular,7,Create,Deployment,false
9.72285456,Regular,5,Create,ConfigMap,false
9.742545028,Regular,7,Update,Deployment,false
9.761993538,Regular,4,Delete,ConfigMap,false
9.781968313,Regular,4,Delete,Deployment,false
9.802421463,Regular,7,Create,Deployment,false
9.82228618,Regular,7,Create,ConfigMap,false
9.842658085,Regular,5,Update,Deployment,false
9.861827939,Regular,4,Delete,ConfigMap,false
9.882177713,Regular,4,Delete,Deployment,false
9.902760487,Regular,7,Create,Deployment,false
9.922642787000001,Regular,5,Create,ConfigMap,false
9.942818182,Regular,6,Update,Deployment,false
9.961963069,Regular,3,Delete,ConfigMap,false
9.982100331,Regular,4,Delete,Deployment,false
9.002541738,Regular,7,Create,Deployment,false
9.02263127,Regular,5,Create,ConfigMap,false
9.042285419,Regular,6,Update,Deployment,false
9.062387785,Regular,4,Delete,ConfigMap,false
9.08228841,Regular,4,Delete,Deployment,false
9.102774582,Regular,6,Create,Deployment,false
9.12219545,Regular,5,Create,ConfigMap,false
9.141857324,Regular,5,Update,Deployment,false
9.162412846,Regular,4,Delete,ConfigMap,false
9.182136517,Regular,3,Delete,Deployment,false
9.202546915,Regular,6,Create,Deployment,false
9.222433474,Regular,6,Create,ConfigMap,false
9.241821671,Regular,6,Update,Deployment,false
9.26234885,Regular,5,Delete,ConfigMap,false
9.28291892,Regular,10,Delete,Deployment,false
9.301876763,Regular,6,Create,Deployment,false
9.322234562,Regular,6,Create,ConfigMap,false
9.342508853,Regular,7,Update,Deployment,false
9.362275856,Regular,5,Delete,ConfigMap,false
9.382169458,Regular,6,Delete,Deployment,false
9.401837363,Regular,14,Create,Deployment,false
9.4223475,Regular,6,Create,ConfigMap,false
9.442703635,Regular,5,Update,Deployment,false
9.462171412,Regular,4,Delete,ConfigMap,false
9.482651683,Regular,5,Delete,Deployment,false
9.50195565,Regular,7,Create,Deployment,false
9.522133379,Regular,5,Create,ConfigMap,false
9.542079049,Regular,6,Update,Deployment,false
9.562712158,Regular,4,Delete,ConfigMap,false
9.582546297,Regular,4,Delete,Deployment,false
9.603542333,Regular,7,Create,Deployment,false
9.622002245000001,Regular,6,Create,ConfigMap,false
9.64237913,Regular,6,Update,Deployment,false
9.662405012,Regular,4,Delete,ConfigMap,false
9.68285791,Regular,9,Delete,Deployment,false
9.702045087,Regular,7,Create,Deployment,false
9.722825845,Regular,6,Create,ConfigMap,false
9.742470407,Regular,5,Update,Deployment,false
9.762026701,Regular,4,Delete,ConfigMap,false
9.781902118,Regular,3,Delete,Deployment,false
9.802345269,Regular,7,Create,Deployment,false
9.822235534,Regular,7,Create,ConfigMap,false
9.842664628,Regular,6,Update,Deployment,false
9.861869498,Regular,4,Delete,ConfigMap,false
9.882140793,Regular,4,Delete,Deployment,false
9.902725862,Regular,6,Create,Deployment,false
9.922567926,Regular,5,Create,ConfigMap,false
9.94284926,Regular,6,Update,Deployment,false
9.961972196,Regular,3,Delete,ConfigMap,false
9.981996414,Regular,4,Delete,Deployment,false
9.002419467,Regular,4,Create,Deployment,false
9.022533826,Regular,5,Create,ConfigMap,false
9.042238911,Regular,6,Update,Deployment,false
9.062296032,Regular,4,Delete,ConfigMap,false
9.082321132,Regular,4,Delete,Deployment,false
9.102803336,Regular,5,Create,Deployment,false
9.122272486,Regular,5,Create,ConfigMap,false
9.14189762,Regular,5,Update,Deployment,false
9.162435409,Regular,3,Delete,ConfigMap,false
9.182191651,Regular,3,Delete,Deployment,false
9.202495418,Regular,5,Create,Deployment,false
9.2223784,Regular,6,Create,ConfigMap,false
9.241852559,Regular,6,Update,Deployment,false
9.262250404,Regular,5,Delete,ConfigMap,false
9.282951111,Regular,12,Delete,Deployment,false
9.302042256,Regular,4,Create,Deployment,false
9.322382722,Regular,5,Create,ConfigMap,false
9.342542918,Regular,8,Update,Deployment,false
9.362258313,Regular,4,Delete,ConfigMap,false
9.381999346,Regular,6,Delete,Deployment,false
9.40246007,Regular,13,Create,Deployment,false
9.422318154,Regular,6,Create,ConfigMap,false
9.442721148,Regular,7,Update,Deployment,false
9.462139973,Regular,5,Delete,ConfigMap,false
9.482547145,Regular,5,Delete,Deployment,false
9.50193436,Regular,6,Create,Deployment,false
9.52215534,Regular,5,Create,ConfigMap,false
9.542107683,Regular,6,Update,Deployment,false
9.562740251,Regular,4,Delete,ConfigMap,false
9.582581304,Regular,4,Delete,Deployment,false
9.603338908,Regular,7,Create,Deployment,false
9.622044094,Regular,6,Create,ConfigMap,false
9.642280313,Regular,7,Update,Deployment,false
9.662422675,Regular,4,Delete,ConfigMap,false
9.682474676,Regular,10,Delete,Deployment,false
9.702089581,Regular,7,Create,Deployment,false
9.722766042,Regular,6,Create,ConfigMap,false
9.74245628,Regular,7,Update,Deployment,false
9.762006844,Regular,4,Delete,ConfigMap,false
9.781956451,Regular,3,Delete,Deployment,false
9.802382599,Regular,7,Create,Deployment,false
9.822259599,Regular,7,Create,ConfigMap,false
9.84260752,Regular,6,Update,Deployment,false
9.86180205,Regular,2,Delete,ConfigMap,false
9.882163887,Regular,4,Delete,Deployment,false
9.902748154,Regular,6,Create,Deployment,false
9.922523973,Regular,6,Create,ConfigMap,false
9.942786933,Regular,6,Update,Deployment,false
9.961920378,Regular,2,Delete,ConfigMap,false
9.982107935,Regular,3,Delete,Deployment,false
9.002400802,Regular,7,Create,Deployment,false
9.022634336,Regular,5,Create,ConfigMap,false
9.042270471,Regular,6,Update,Deployment,false
9.062390831,Regular,4,Delete,ConfigMap,false
9.082309841,Regular,4,Delete,Deployment,false
9.102742491,Regular,6,Create,Deployment,false
9.122235095,Regular,5,Create,ConfigMap,false
9.141885958,Regular,5,Update,Deployment,false
9.162497877,Regular,3,Delete,ConfigMap,false
9.182183135,Regular,3,Delete,Deployment,false
9.202507641,Regular,6,Create,Deployment,false
9.22234175,Regular,6,Create,ConfigMap,false
9.241893657,Regular,6,Update,Deployment,false
9.26234886,Regular,5,Delete,ConfigMap,false
9.28272318,Regular,10,Delete,Deployment,false
9.301954671,Regular,6,Create,Deployment,false
9.322325424,Regular,5,Create,ConfigMap,false
9.342688653,Regular,8,Update,Deployment,false
9.362337973,Regular,5,Delete,ConfigMap,false
9.381967716,Regular,6,Delete,Deployment,false
9.40207403,Regular,15,Create,Deployment,false
9.422294159,Regular,6,Create,ConfigMap,false
9.442639374,Regular,7,Update,Deployment,false
9.46199007,Regular,3,Delete,ConfigMap,false
9.482630523,Regular,3,Delete,Deployment,false
9.501990065,Regular,4,Create,Deployment,false
9.522230853,Regular,5,Create,ConfigMap,false
9.542131919,Regular,6,Update,Deployment,false
9.562777452,Regular,4,Delete,ConfigMap,false
9.582518635,Regular,4,Delete,Deployment,false
9.602769532,Regular,7,Create,Deployment,false
9.622072237,Regular,6,Create,ConfigMap,false
9.642339715,Regular,6,Update,Deployment,false
9.662374243,Regular,4,Delete,ConfigMap,false
9.681961867,Regular,4,Delete,Deployment,false
9.702148553,Regular,7,Create,Deployment,false
9.722839481,Regular,5,Create,ConfigMap,false
9.742481257,Regular,7,Update,Deployment,false
9.762040998,Regular,4,Delete,ConfigMap,false
9.781863385,Regular,4,Delete,Deployment,false
9.802358423,Regular,7,Create,Deployment,false
9.822225595,Regular,6,Create,ConfigMap,false
9.842685066,Regular,6,Update,Deployment,false
9.861863476,Regular,4,Delete,ConfigMap,false
9.882249729,Regular,3,Delete,Deployment,false
9.902787368,Regular,7,Create,Deployment,false
9.92259649,Regular,5,Create,ConfigMap,false
9.942799597,Regular,6,Update,Deployment,false
9.961896393,Regular,3,Delete,ConfigMap,false
9.982043944,Regular,4,Delete,Deployment,false
10.002581944,Regular,5,Create,Deployment,false
9.002395712,Regular,7,Create,Deployment,false
9.022634406,Regular,5,Create,ConfigMap,false
9.042289216,Regular,6,Update,Deployment,false
9.062315328,Regular,4,Delete,ConfigMap,false
9.082361328,Regular,4,Delete,Deployment,false
9.10272094,Regular,5,Create,Deployment,false
9.122240605,Regular,5,Create,ConfigMap,false
9.141916786,Regular,5,Update,Deployment,false
9.162454235,Regular,3,Delete,ConfigMap,false
9.182242207,Regular,3,Delete,Deployment,false
9.202534472,Regular,6,Create,Deployment,false
9.222400712,Regular,6,Create,ConfigMap,false
9.241908014,Regular,6,Update,Deployment,false
9.262345103,Regular,4,Delete,ConfigMap,false
9.282959436,Regular,12,Delete,Deployment,false
9.30193852,Regular,6,Create,Deployment,false
9.322347095,Regular,5,Create,ConfigMap,false
9.342630653,Regular,8,Update,Deployment,false
9.362202617,Regular,5,Delete,ConfigMap,false
9.382076692,Regular,6,Delete,Deployment,false
9.402357446,Regular,12,Create,Deployment,false
9.422358641,Regular,6,Create,ConfigMap,false
9.442663479,Regular,7,Update,Deployment,false
9.462206429,Regular,3,Delete,ConfigMap,false
9.482684735,Regular,5,Delete,Deployment,false
9.502025542,Regular,7,Create,Deployment,false
9.522188423,Regular,5,Create,ConfigMap,false
9.542156936,Regular,6,Update,Deployment,false
9.562779736,Regular,4,Delete,ConfigMap,false
9.582549023,Regular,4,Delete,Deployment,false
9.60358314,Regular,7,Create,Deployment,false
9.622159101,Regular,6,Create,ConfigMap,false
9.642240578,Regular,7,Update,Deployment,false
9.662439296,Regular,4,Delete,ConfigMap,false
9.682657351,Regular,7,Delete,Deployment,false
9.702202174,Regular,5,Create,Deployment,false
9.72297645,Regular,5,Create,ConfigMap,false
9.742507797,Regular,7,Update,Deployment,false
9.761966738,Regular,4,Delete,ConfigMap,false
9.781979184,Regular,3,Delete,Deployment,false
9.802320882,Regular,5,Create,Deployment,false
9.822324773,Regular,7,Create,ConfigMap,false
9.84271374,Regular,6,Update,Deployment,false
9.86181766,Regular,4,Delete,ConfigMap,false
9.882204664,Regular,4,Delete,Deployment,false
9.902814048,Regular,7,Create,Deployment,false
9.92260201,Regular,6,Create,ConfigMap,false
9.942837428,Regular,6,Update,Deployment,false
9.962024324,Regular,3,Delete,ConfigMap,false
9.982145396,Regular,4,Delete,Deployment,false
10.002550324,Regular,6,Create,Deployment,false
9.002529384,Regular,7,Create,Deployment,false
9.022615049,Regular,5,Create,ConfigMap,false
9.042221518,Regular,7,Update,Deployment,false
9.062274631,Regular,4,Delete,ConfigMap,false
9.082253414,Regular,4,Delete,Deployment,false
9.102769001,Regular,6,Create,Deployment,false
9.122283146,Regular,5,Create,ConfigMap,false
9.141822619,Regular,4,Update,Deployment,false
9.162502366,Regular,3,Delete,ConfigMap,false
9.182218482,Regular,3,Delete,Deployment,false
9.202520395,Regular,4,Create,Deployment,false
9.222415971,Regular,5,Create,ConfigMap,false
9.241868489,Regular,6,Update,Deployment,false
9.262226098,Regular,5,Delete,ConfigMap,false
9.282872151,Regular,10,Delete,Deployment,false
9.301973216,Regular,6,Create,Deployment,false
9.322314674,Regular,5,Create,ConfigMap,false
9.342737836,Regular,8,Update,Deployment,false
9.362312094,Regular,5,Delete,ConfigMap,false
9.382156323,Regular,6,Delete,Deployment,false
9.401777259,Regular,15,Create,Deployment,false
9.422384379,Regular,4,Create,ConfigMap,false
9.442610449,Regular,7,Update,Deployment,false
9.462213221,Regular,5,Delete,ConfigMap,false
9.482527007,Regular,5,Delete,Deployment,false
9.501964026,Regular,6,Create,Deployment,false
9.522241183,Regular,5,Create,ConfigMap,false
9.542147779,Regular,6,Update,Deployment,false
9.562675228,Regular,4,Delete,ConfigMap,false
9.582485112,Regular,4,Delete,Deployment,false
9.603553944,Regular,7,Create,Deployment,false
9.622142911,Regular,4,Create,ConfigMap,false
9.642299269,Regular,7,Update,Deployment,false
9.662343034,Regular,3,Delete,ConfigMap,false
9.682828895,Regular,9,Delete,Deployment,false
9.702204188,Regular,7,Create,Deployment,false
9.72279104,Regular,6,Create,ConfigMap,false
9.742497648,Regular,7,Update,Deployment,false
9.762061707,Regular,4,Delete,ConfigMap,false
9.781917187,Regular,4,Delete,Deployment,false
9.802364024,Regular,7,Create,Deployment,false
9.822165091,Regular,7,Create,ConfigMap,false
9.842700906,Regular,6,Update,Deployment,false
9.861780259,Regular,4,Delete,ConfigMap,false
9.882272562,Regular,4,Delete,Deployment,false
9.902805923,Regular,4,Create,Deployment,false
9.922680168,Regular,5,Create,ConfigMap,false
9.942742218,Regular,6,Update,Deployment,false
9.961964301,Regular,3,Delete,ConfigMap,false
9.982063772,Regular,4,Delete,Deployment,false
10.002593526,Regular,6,Create,Deployment,false
10.002554321,Regular,6,Create,Deployment,false
10.002739732,Regular,6,Create,Deployment,false
