start_time,role,duration_ms,operation,resource,is_error
0.003435954,Regular,82,Create,Deployment,false
0.003496979,Regular,82,Create,Deployment,false
0.08564818,Regular,59,Create,ConfigMap,false
0.002910219,Regular,83,Create,Deployment,false
0.086132286,Regular,59,Create,ConfigMap,false
0.145334173,Regular,45,Update,Deployment,false
0.191155298,Regular,33,Delete,ConfigMap,false
0.224913037,Regular,38,Delete,Deployment,false
0.263538543,Regular,54,Create,Deployment,false
0.31779812,Regular,54,Create,ConfigMap,false
0.372716892,Regular,44,Update,Deployment,false
0.417257294,Regular,29,Delete,ConfigMap,false
0.446630752,Regular,13,Delete,Deployment,false
0.459858737,Regular,31,Create,Deployment,false
0.491114972,Regular,35,Create,ConfigMap,false
0.526351675,Regular,30,Update,Deployment,false
0.556642585,Regular,21,Delete,ConfigMap,false
0.578317667,Regular,16,Delete,Deployment,false
0.594546395,Regular,42,Create,Deployment,false
0.637500317,Regular,38,Create,ConfigMap,false
0.676240709,Regular,30,Update,Deployment,false
0.707177643,Regular,14,Delete,ConfigMap,false
0.721862151,Regular,19,Delete,Deployment,false
0.741736313,Regular,19,Create,Deployment,false
0.761258101,Regular,24,Create,ConfigMap,false
0.785731599,Regular,39,Update,Deployment,false
0.825482495,Regular,15,Delete,ConfigMap,false
0.840603659,Regular,14,Delete,Deployment,false
0.855419488,Regular,20,Create,Deployment,false
0.876169309,Regular,22,Create,ConfigMap,false
0.898728848,Regular,27,Update,Deployment,false
0.926501323,Regular,26,Delete,ConfigMap,false
0.953183657,Regular,26,Delete,Deployment,false
0.980139826,Regular,24,Create,Deployment,false
0.003471295,Regular,58,Create,Deployment,false
0.061729355,Regular,45,Create,ConfigMap,false
0.107639492,Regular,59,Update,Deployment,false
0.166894035,Regular,39,Delete,ConfigMap,false
0.206586814,Regular,54,Delete,Deployment,false
0.261255138,Regular,53,Create,Deployment,false
0.315113166,Regular,57,Create,ConfigMap,false
0.372997329,Regular,44,Update,Deployment,false
0.417753489,Regular,27,Delete,ConfigMap,false
0.445355172,Regular,13,Delete,Deployment,false
0.458805731,Regular,33,Create,Deployment,false
0.491880832,Regular,23,Create,ConfigMap,false
0.515161936,Regular,40,Update,Deployment,false
0.555772118,Regular,27,Delete,ConfigMap,false
0.583176771,Regular,21,Delete,Deployment,false
0.604719935,Regular,33,Create,Deployment,false
0.637792288,Regular,38,Create,ConfigMap,false
0.676278086,Regular,19,Update,Deployment,false
0.695511428,Regular,18,Delete,ConfigMap,false
0.714162507,Regular,15,Delete,Deployment,false
0.72987905,Regular,23,Create,Deployment,false
0.753790214,Regular,24,Create,ConfigMap,false
0.778054284,Regular,22,Update,Deployment,false
0.800734863,Regular,23,Delete,ConfigMap,false
0.824130882,Regular,15,Delete,Deployment,false
0.839485341,Regular,21,Create,Deployment,false
0.860639836,Regular,19,Create,ConfigMap,false
0.880631614,Regular,24,Update,Deployment,false
0.905080268,Regular,33,Delete,ConfigMap,false
0.938324843,Regular,17,Delete,Deployment,false
0.955888332,Regular,32,Create,Deployment,false
0.988546966,Regular,16,Create,ConfigMap,false
0.002841952,Regular,83,Create,Deployment,false
0.086622215,Regular,57,Create,ConfigMap,false
0.143929533,Regular,82,Update,Deployment,false
0.226471984,Regular,38,Delete,ConfigMap,false
0.265220643,Regular,44,Delete,Deployment,false
0.310230848,Regular,37,Create,Deployment,false
0.347596721,Regular,41,Create,ConfigMap,false
0.388816788,Regular,23,Update,Deployment,false
0.412148892,Regular,26,Delete,ConfigMap,false
0.438559857,Regular,17,Delete,Deployment,false
0.456266381,Regular,25,Create,Deployment,false
0.481757674,Regular,22,Create,ConfigMap,false
0.504707248,Regular,27,Update,Deployment,false
0.532315979,Regular,29,Delete,ConfigMap,false
0.561520797,Regular,23,Delete,Deployment,false
0.585350464,Regular,31,Create,Deployment,false
0.616948553,Regular,29,Create,ConfigMap,false
0.6467983,Regular,28,Update,Deployment,false
0.675205921,Regular,17,Delete,ConfigMap,false
0.69293919,Regular,20,Delete,Deployment,false
0.713492851,Regular,19,Create,Deployment,false
0.733279063,Regular,23,Create,ConfigMap,false
0.757000564,Regular,32,Update,Deployment,false
0.789166367,Regular,16,Delete,ConfigMap,false
0.805682637,Regular,27,Delete,Deployment,false
0.833290275,Regular,16,Create,Deployment,false
0.850192003,Regular,27,Create,ConfigMap,false
0.878119343,Regular,25,Update,Deployment,false
0.903486054,Regular,22,Delete,ConfigMap,false
0.926442626,Regular,25,Delete,Deployment,false
0.952085828,Regular,38,Create,Deployment,false
0.990217315,Regular,15,Create,ConfigMap,false
0.002852733,Regular,84,Create,Deployment,false
0.087027066,Regular,58,Create,ConfigMap,false
0.145748601,Regular,61,Update,Deployment,false
0.206834832,Regular,47,Delete,ConfigMap,false
0.25468351,Regular,32,Delete,Deployment,false
0.287289148,Regular,45,Create,Deployment,false
0.332505194,Regular,39,Create,ConfigMap,false
0.371740144,Regular,51,Update,Deployment,false
0.423558879,Regular,15,Delete,ConfigMap,false
0.43950932,Regular,20,Delete,Deployment,false
0.45977821,Regular,31,Create,Deployment,false
0.491143782,Regular,35,Create,ConfigMap,false
0.526549347,Regular,34,Update,Deployment,false
0.560608645,Regular,22,Delete,ConfigMap,false
0.582899539,Regular,28,Delete,Deployment,false
0.611578942,Regular,50,Create,Deployment,false
0.662034934,Regular,31,Create,ConfigMap,false
0.693712993,Regular,29,Update,Deployment,false
0.723361206,Regular,18,Delete,ConfigMap,false
0.741460101,Regular,15,Delete,Deployment,false
0.757149866,Regular,31,Create,Deployment,false
0.788215372,Regular,24,Create,ConfigMap,false
0.812561653,Regular,22,Update,Deployment,false
0.835097784,Regular,11,Delete,ConfigMap,false
0.846515174,Regular,26,Delete,Deployment,false
0.873006693,Regular,18,Create,Deployment,false
0.891725848,Regular,24,Create,ConfigMap,false
0.916159124,Regular,31,Update,Deployment,false
0.947358219,Regular,12,Delete,ConfigMap,false
0.959872546,Regular,28,Delete,Deployment,false
0.988475987,Regular,17,Create,Deployment,false
0.086241973,Regular,58,Create,ConfigMap,false
0.14436239,Regular,61,Update,Deployment,false
0.206022945,Regular,41,Delete,ConfigMap,false
0.247363684,Regular,39,Delete,Deployment,false
0.286931961,Regular,27,Create,Deployment,false
0.314799578,Regular,58,Create,ConfigMap,false
0.373678824,Regular,43,Update,Deployment,false
0.416855684,Regular,29,Delete,ConfigMap,false
0.445904752,Regular,13,Delete,Deployment,false
0.459763057,Regular,30,Create,Deployment,false
0.490728923,Regular,23,Create,ConfigMap,false
0.513977922,Regular,31,Update,Deployment,false
0.545623986,Regular,26,Delete,ConfigMap,false
0.572434226,Regular,20,Delete,Deployment,false
0.593181435,Regular,33,Create,Deployment,false
0.626650692,Regular,35,Create,ConfigMap,false
0.662072794,Regular,31,Update,Deployment,false
0.693397168,Regular,20,Delete,ConfigMap,false
0.713693136,Regular,16,Delete,Deployment,false
0.730360381,Regular,28,Create,Deployment,false
0.759313679,Regular,27,Create,ConfigMap,false
0.787166684,Regular,26,Update,Deployment,false
0.813922801,Regular,17,Delete,ConfigMap,false
0.831842329,Regular,17,Delete,Deployment,false
0.84902698,Regular,30,Create,Deployment,false
0.879214112,Regular,24,Create,ConfigMap,false
0.903766217,Regular,29,Update,Deployment,false
0.933112264,Regular,19,Delete,ConfigMap,false
0.952259862,Regular,13,Delete,Deployment,false
0.965385152,Regular,24,Create,Deployment,false
0.990427427,Regular,15,Create,ConfigMap,false
0.003266866,Regular,82,Create,Deployment,false
0.085993358,Regular,59,Create,ConfigMap,false
0.145484133,Regular,61,Update,Deployment,false
0.206886429,Regular,48,Delete,ConfigMap,false
0.255074736,Regular,32,Delete,Deployment,false
0.287324049,Regular,40,Create,Deployment,false
0.328014799,Regular,45,Create,ConfigMap,false
0.373173196,Regular,52,Update,Deployment,false
0.425931405,Regular,17,Delete,ConfigMap,false
0.44347428,Regular,16,Delete,Deployment,false
0.459521174,Regular,31,Create,Deployment,false
0.491356585,Regular,34,Create,ConfigMap,false
0.525848123,Regular,27,Update,Deployment,false
0.55356132,Regular,20,Delete,ConfigMap,false
0.57387485,Regular,19,Delete,Deployment,false
0.593408045,Regular,44,Create,Deployment,false
0.638052228,Regular,28,Create,ConfigMap,false
0.666809822,Regular,26,Update,Deployment,false
0.693772116,Regular,17,Delete,ConfigMap,false
0.711593922,Regular,18,Delete,Deployment,false
0.730571509,Regular,30,Create,Deployment,false
0.761204013,Regular,24,Create,ConfigMap,false
0.786003358,Regular,26,Update,Deployment,false
0.812173581,Regular,19,Delete,ConfigMap,false
0.831973657,Regular,18,Delete,Deployment,false
0.850235474,Regular,28,Create,Deployment,false
0.878476214,Regular,14,Create,ConfigMap,false
0.893214111,Regular,31,Update,Deployment,false
0.924271031,Regular,29,Delete,ConfigMap,false
0.953377057,Regular,25,Delete,Deployment,false
0.979327192,Regular,27,Create,Deployment,false
0.002864138,Regular,82,Create,Deployment,false
0.085605933,Regular,59,Create,ConfigMap,false
0.144700813,Regular,61,Update,Deployment,false
0.206539108,Regular,46,Delete,ConfigMap,false
0.252956603,Regular,34,Delete,Deployment,false
0.287716841,Regular,43,Create,Deployment,false
0.331041577,Regular,40,Create,ConfigMap,false
0.372002799,Regular,39,Update,Deployment,false
0.411900546,Regular,26,Delete,ConfigMap,false
0.438736512,Regular,21,Delete,Deployment,false
0.459795214,Regular,31,Create,Deployment,false
0.491168015,Regular,36,Create,ConfigMap,false
0.527229219,Regular,32,Update,Deployment,false
0.559858545,Regular,23,Delete,ConfigMap,false
0.583215527,Regular,28,Delete,Deployment,false
0.611788001,Regular,23,Create,Deployment,false
0.635626145,Regular,25,Create,ConfigMap,false
0.660982722,Regular,26,Update,Deployment,false
0.687777093,Regular,21,Delete,ConfigMap,false
0.709104547,Regular,21,Delete,Deployment,false
0.730958643,Regular,29,Create,Deployment,false
0.760564373,Regular,25,Create,ConfigMap,false
0.786301742,Regular,33,Update,Deployment,false
0.820210548,Regular,17,Delete,ConfigMap,false
0.837390575,Regular,21,Delete,Deployment,false
0.858598283,Regular,24,Create,Deployment,false
0.882679869,Regular,20,Create,ConfigMap,false
0.90334796,Regular,23,Update,Deployment,false
0.927235974,Regular,24,Delete,ConfigMap,false
0.951613118,Regular,27,Delete,Deployment,false
0.979141892,Regular,27,Create,Deployment,false
0.003604698,Regular,80,Create,Deployment,false
0.083975162,Regular,57,Create,ConfigMap,false
0.141356762,Regular,48,Update,Deployment,false
0.189788003,Regular,36,Delete,ConfigMap,false
0.226406708,Regular,40,Delete,Deployment,false
0.266584995,Regular,52,Create,Deployment,false
0.318957815,Regular,27,Create,ConfigMap,false
0.34671377,Regular,39,Update,Deployment,false
0.386335769,Regular,15,Delete,ConfigMap,false
0.40209893,Regular,35,Delete,Deployment,false
0.437241828,Regular,21,Create,Deployment,false
0.458423934,Regular,23,Create,ConfigMap,false
0.482312021,Regular,24,Update,Deployment,false
0.506998076,Regular,18,Delete,ConfigMap,false
0.525566235,Regular,29,Delete,Deployment,false
0.555084093,Regular,19,Create,Deployment,false
0.575107352,Regular,23,Create,ConfigMap,false
0.598154143,Regular,46,Update,Deployment,false
0.644245191,Regular,28,Delete,ConfigMap,false
0.673036831,Regular,19,Delete,Deployment,false
0.692449208,Regular,16,Create,Deployment,false
0.70925491,Regular,20,Create,ConfigMap,false
0.729616181,Regular,24,Update,Deployment,false
0.753967866,Regular,13,Delete,ConfigMap,false
0.767575399,Regular,19,Delete,Deployment,false
0.787238582,Regular,24,Create,Deployment,false
0.811572321,Regular,27,Create,ConfigMap,false
0.839130964,Regular,22,Update,Deployment,false
0.861963094,Regular,19,Delete,ConfigMap,false
0.881538778,Regular,18,Delete,Deployment,false
0.89973638,Regular,31,Create,Deployment,false
0.931553792,Regular,19,Create,ConfigMap,false
0.950986553,Regular,27,Update,Deployment,false
0.978766993,Regular,20,Delete,ConfigMap,false
0.998811047,Regular,11,Delete,Deployment,false
0.003480608,Regular,82,Create,Deployment,false
0.08615645,Regular,58,Create,ConfigMap,false
0.144547665,Regular,63,Update,Deployment,false
0.207946697,Regular,46,Delete,ConfigMap,false
0.254552234,Regular,32,Delete,Deployment,false
0.287770141,Regular,45,Create,Deployment,false
0.333241657,Regular,38,Create,ConfigMap,false
0.372211967,Regular,43,Update,Deployment,false
0.415659128,Regular,22,Delete,ConfigMap,false
0.43831594,Regular,20,Delete,Deployment,false
0.458923508,Regular,32,Create,Deployment,false
0.491393777,Regular,34,Create,ConfigMap,false
0.52578209,Regular,30,Update,Deployment,false
0.556085221,Regular,26,Delete,ConfigMap,false
0.583020072,Regular,28,Delete,Deployment,false
0.611389533,Regular,31,Create,Deployment,false
0.643390506,Regular,28,Create,ConfigMap,false
0.671771866,Regular,24,Update,Deployment,false
0.696378983,Regular,17,Delete,ConfigMap,false
0.713471268,Regular,17,Delete,Deployment,false
0.731317147,Regular,26,Create,Deployment,false
0.758246656,Regular,28,Create,ConfigMap,false
0.786941395,Regular,30,Update,Deployment,false
0.817645513,Regular,9,Delete,ConfigMap,false
0.826733722,Regular,21,Delete,Deployment,false
0.848597891,Regular,30,Create,Deployment,false
0.879544072,Regular,18,Create,ConfigMap,false
0.898533511,Regular,27,Update,Deployment,false
0.926463466,Regular,26,Delete,ConfigMap,false
0.952558036,Regular,15,Delete,Deployment,false
0.968232789,Regular,28,Create,Deployment,false
0.996817947,Regular,25,Create,ConfigMap,false
1.022130918,Regular,39,Update,Deployment,false
0.145279156,Regular,64,Update,Deployment,false
0.210176429,Regular,52,Delete,ConfigMap,false
0.263141055,Regular,54,Delete,Deployment,false
0.31805273,Regular,29,Create,Deployment,false
0.348036233,Regular,40,Create,ConfigMap,false
0.388229702,Regular,29,Update,Deployment,false
0.417468584,Regular,27,Delete,ConfigMap,false
0.44507638,Regular,15,Delete,Deployment,false
0.461083623,Regular,28,Create,Deployment,false
0.489228725,Regular,26,Create,ConfigMap,false
0.516113203,Regular,39,Update,Deployment,false
0.556156496,Regular,26,Delete,ConfigMap,false
0.582688253,Regular,27,Delete,Deployment,false
0.610399511,Regular,30,Create,Deployment,false
0.641296343,Regular,35,Create,ConfigMap,false
0.676605637,Regular,26,Update,Deployment,false
0.702732457,Regular,14,Delete,ConfigMap,false
0.717484863,Regular,13,Delete,Deployment,false
0.731061181,Regular,30,Create,Deployment,false
0.761153659,Regular,24,Create,ConfigMap,false
0.78618799,Regular,24,Update,Deployment,false
0.810532913,Regular,21,Delete,ConfigMap,false
0.83234524,Regular,16,Delete,Deployment,false
0.849242054,Regular,29,Create,Deployment,false
0.878601377,Regular,18,Create,ConfigMap,false
0.896940205,Regular,29,Update,Deployment,false
0.926723426,Regular,26,Delete,ConfigMap,false
0.95328946,Regular,36,Delete,Deployment,false
0.989360563,Regular,21,Create,Deployment,false
1.010496078,Regular,24,Create,ConfigMap,false
1.035495729,Regular,32,Update,Deployment,false
1.0676735,Regular,21,Delete,ConfigMap,false
1.08933762,Regular,25,Delete,Deployment,false
1.114916535,Regular,28,Create,Deployment,false
1.143924601,Regular,18,Create,ConfigMap,false
1.004748659,Regular,22,Create,ConfigMap,false
1.027327533,Regular,26,Update,Deployment,false
1.053479387,Regular,26,Delete,ConfigMap,false
1.07999275,Regular,21,Delete,Deployment,false
1.101470144,Regular,39,Create,Deployment,false
1.140759049,Regular,32,Create,ConfigMap,false
1.173222939,Regular,25,Update,Deployment,false
1.198974335,Regular,16,Delete,ConfigMap,false
1.2150337979999999,Regular,19,Delete,Deployment,false
1.23453988,Regular,30,Create,Deployment,false
1.265414103,Regular,38,Create,ConfigMap,false
1.304404444,Regular,33,Update,Deployment,false
1.338316742,Regular,24,Delete,ConfigMap,false
1.363063777,Regular,33,Delete,Deployment,false
1.396154271,Regular,23,Create,Deployment,false
1.4197805620000001,Regular,17,Create,ConfigMap,false
1.436998676,Regular,18,Update,Deployment,false
1.455769799,Regular,24,Delete,ConfigMap,false
1.480526658,Regular,20,Delete,Deployment,false
1.5006925519999998,Regular,36,Create,Deployment,false
1.53713815,Regular,25,Create,ConfigMap,false
1.562956592,Regular,27,Update,Deployment,false
1.5908104509999998,Regular,22,Delete,ConfigMap,false
1.613014149,Regular,14,Delete,Deployment,false
1.627967634,Regular,33,Create,Deployment,false
1.661310575,Regular,27,Create,ConfigMap,false
1.688799184,Regular,35,Update,Deployment,false
1.724006219,Regular,50,Delete,ConfigMap,false
1.7748402589999999,Regular,37,Delete,Deployment,false
1.8127557410000001,Regular,38,Create,Deployment,false
1.851330514,Regular,35,Create,ConfigMap,false
1.8866302780000002,Regular,31,Update,Deployment,false
1.9183743149999999,Regular,58,Delete,ConfigMap,false
1.977074599,Regular,26,Delete,Deployment,false
1.062131963,Regular,26,Delete,ConfigMap,false
1.08909294,Regular,39,Delete,Deployment,false
1.129057977,Regular,31,Create,Deployment,false
1.160888677,Regular,33,Create,ConfigMap,false
1.194738713,Regular,31,Update,Deployment,false
1.225842449,Regular,24,Delete,ConfigMap,false
1.250138136,Regular,19,Delete,Deployment,false
1.269444871,Regular,32,Create,Deployment,false
1.301922167,Regular,36,Create,ConfigMap,false
1.338110146,Regular,34,Update,Deployment,false
1.372867923,Regular,22,Delete,ConfigMap,false
1.395366015,Regular,18,Delete,Deployment,false
1.414031247,Regular,25,Create,Deployment,false
1.439505708,Regular,21,Create,ConfigMap,false
1.461106998,Regular,29,Update,Deployment,false
1.491057376,Regular,25,Delete,ConfigMap,false
1.51696831,Regular,28,Delete,Deployment,false
1.545075457,Regular,25,Create,Deployment,false
1.570876288,Regular,21,Create,ConfigMap,false
1.592654176,Regular,37,Update,Deployment,false
1.629759468,Regular,23,Delete,ConfigMap,false
1.653666291,Regular,34,Delete,Deployment,false
1.687761004,Regular,33,Create,Deployment,false
1.7215555280000001,Regular,27,Create,ConfigMap,false
1.7486919300000001,Regular,46,Update,Deployment,false
1.795636267,Regular,42,Delete,ConfigMap,false
1.8384410070000001,Regular,23,Delete,Deployment,false
1.862211938,Regular,34,Create,Deployment,false
1.8969704250000001,Regular,18,Create,ConfigMap,false
1.9151055719999999,Regular,68,Update,Deployment,false
1.983410631,Regular,24,Delete,ConfigMap,false
1.007052279,Regular,29,Create,ConfigMap,false
1.0366688,Regular,40,Update,Deployment,false
1.077118242,Regular,23,Delete,ConfigMap,false
1.100958961,Regular,28,Delete,Deployment,false
1.129399314,Regular,34,Create,Deployment,false
1.16347876,Regular,30,Create,ConfigMap,false
1.1943330699999999,Regular,33,Update,Deployment,false
1.228145676,Regular,22,Delete,ConfigMap,false
1.250587579,Regular,25,Delete,Deployment,false
1.276280393,Regular,28,Create,Deployment,false
1.304407561,Regular,31,Create,ConfigMap,false
1.33641035,Regular,36,Update,Deployment,false
1.373440892,Regular,21,Delete,ConfigMap,false
1.394722578,Regular,18,Delete,Deployment,false
1.413092987,Regular,21,Create,Deployment,false
1.434623696,Regular,21,Create,ConfigMap,false
1.455737064,Regular,34,Update,Deployment,false
1.49040329,Regular,18,Delete,ConfigMap,false
1.509393936,Regular,16,Delete,Deployment,false
1.525897548,Regular,29,Create,Deployment,false
1.5550403940000002,Regular,19,Create,ConfigMap,false
1.574426957,Regular,33,Update,Deployment,false
1.60789481,Regular,11,Delete,ConfigMap,false
1.6191266930000001,Regular,30,Delete,Deployment,false
1.649593576,Regular,25,Create,Deployment,false
1.675382005,Regular,18,Create,ConfigMap,false
1.69373653,Regular,37,Update,Deployment,false
1.731493526,Regular,34,Delete,ConfigMap,false
1.7657997060000001,Regular,37,Delete,Deployment,false
1.8029223509999999,Regular,48,Create,Deployment,false
1.8511729940000001,Regular,33,Create,ConfigMap,false
1.885078149,Regular,31,Update,Deployment,false
1.9166944240000001,Regular,59,Delete,ConfigMap,false
1.9759453869999999,Regular,35,Delete,Deployment,false
1.005884954,Regular,32,Update,Deployment,false
1.03828478,Regular,26,Delete,ConfigMap,false
1.064637118,Regular,18,Delete,Deployment,false
1.083094722,Regular,32,Create,Deployment,false
1.115533894,Regular,25,Create,ConfigMap,false
1.141045938,Regular,34,Update,Deployment,false
1.175194248,Regular,27,Delete,ConfigMap,false
1.202940118,Regular,13,Delete,Deployment,false
1.216512769,Regular,34,Create,Deployment,false
1.250635962,Regular,39,Create,ConfigMap,false
1.290627014,Regular,29,Update,Deployment,false
1.320062431,Regular,24,Delete,ConfigMap,false
1.3448759209999999,Regular,34,Delete,Deployment,false
1.379238859,Regular,30,Create,Deployment,false
1.410159174,Regular,27,Create,ConfigMap,false
1.437235533,Regular,34,Update,Deployment,false
1.471969202,Regular,24,Delete,ConfigMap,false
1.496608552,Regular,20,Delete,Deployment,false
1.5169882239999999,Regular,31,Create,Deployment,false
1.5482369889999998,Regular,25,Create,ConfigMap,false
1.574259088,Regular,33,Update,Deployment,false
1.607944461,Regular,10,Delete,ConfigMap,false
1.618318428,Regular,20,Delete,Deployment,false
1.638411321,Regular,34,Create,Deployment,false
1.672781265,Regular,23,Create,ConfigMap,false
1.696665008,Regular,34,Update,Deployment,false
1.731004711,Regular,34,Delete,ConfigMap,false
1.765457729,Regular,30,Delete,Deployment,false
1.795879224,Regular,54,Create,Deployment,false
1.8503120389999999,Regular,35,Create,ConfigMap,false
1.886001449,Regular,31,Update,Deployment,false
1.91793552,Regular,58,Delete,ConfigMap,false
1.976779601,Regular,34,Delete,Deployment,false
1.005461354,Regular,18,Update,Deployment,false
1.02439957,Regular,20,Delete,ConfigMap,false
1.045272279,Regular,27,Delete,Deployment,false
1.072348292,Regular,40,Create,Deployment,false
1.113361392,Regular,27,Create,ConfigMap,false
1.140800483,Regular,36,Update,Deployment,false
1.177316367,Regular,23,Delete,ConfigMap,false
1.201194795,Regular,15,Delete,Deployment,false
1.216543594,Regular,30,Create,Deployment,false
1.247468096,Regular,28,Create,ConfigMap,false
1.276164742,Regular,26,Update,Deployment,false
1.303141544,Regular,21,Delete,ConfigMap,false
1.32498462,Regular,18,Delete,Deployment,false
1.343951665,Regular,38,Create,Deployment,false
1.382799344,Regular,24,Create,ConfigMap,false
1.407573862,Regular,27,Update,Deployment,false
1.434798916,Regular,15,Delete,ConfigMap,false
1.450443672,Regular,19,Delete,Deployment,false
1.470001174,Regular,23,Create,Deployment,false
1.49394513,Regular,20,Create,ConfigMap,false
1.514914321,Regular,20,Update,Deployment,false
1.53501075,Regular,18,Delete,ConfigMap,false
1.553835598,Regular,21,Delete,Deployment,false
1.575239511,Regular,30,Create,Deployment,false
1.605485783,Regular,15,Create,ConfigMap,false
1.6211608499999999,Regular,31,Update,Deployment,false
1.652241423,Regular,35,Delete,ConfigMap,false
1.687290109,Regular,16,Delete,Deployment,false
1.704329549,Regular,47,Create,Deployment,false
1.751955637,Regular,46,Create,ConfigMap,false
1.798217551,Regular,45,Update,Deployment,false
1.844082259,Regular,25,Delete,ConfigMap,false
1.869887987,Regular,25,Delete,Deployment,false
1.894981496,Regular,21,Create,Deployment,false
1.916445067,Regular,77,Create,ConfigMap,false
1.9943459460000001,Regular,78,Update,Deployment,false
1.006939522,Regular,21,Create,ConfigMap,false
1.028489143,Regular,25,Update,Deployment,false
1.053686454,Regular,19,Delete,ConfigMap,false
1.07338862,Regular,27,Delete,Deployment,false
1.101400813,Regular,40,Create,Deployment,false
1.141596411,Regular,21,Create,ConfigMap,false
1.163592972,Regular,30,Update,Deployment,false
1.193689787,Regular,11,Delete,ConfigMap,false
1.204927362,Regular,22,Delete,Deployment,false
1.227716681,Regular,22,Create,Deployment,false
1.25004395,Regular,21,Create,ConfigMap,false
1.271514654,Regular,33,Update,Deployment,false
1.305241556,Regular,25,Delete,ConfigMap,false
1.330639642,Regular,15,Delete,Deployment,false
1.345762169,Regular,37,Create,Deployment,false
1.382911779,Regular,24,Create,ConfigMap,false
1.407798941,Regular,24,Update,Deployment,false
1.432811064,Regular,17,Delete,ConfigMap,false
1.450193864,Regular,20,Delete,Deployment,false
1.471141711,Regular,28,Create,Deployment,false
1.500006701,Regular,36,Create,ConfigMap,false
1.5365657050000001,Regular,33,Update,Deployment,false
1.570059045,Regular,31,Delete,ConfigMap,false
1.601276914,Regular,18,Delete,Deployment,false
1.61999659,Regular,33,Create,Deployment,false
1.6534182830000002,Regular,35,Create,ConfigMap,false
1.688713884,Regular,24,Update,Deployment,false
1.713616455,Regular,26,Delete,ConfigMap,false
1.74015711,Regular,16,Delete,Deployment,false
1.756659885,Regular,44,Create,Deployment,false
1.801215207,Regular,45,Create,ConfigMap,false
1.846847108,Regular,41,Update,Deployment,false
1.888371109,Regular,18,Delete,ConfigMap,false
1.90676926,Regular,42,Delete,Deployment,false
1.949349925,Regular,46,Create,Deployment,false
1.995679343,Regular,78,Create,ConfigMap,false
1.162707346,Regular,31,Update,Deployment,false
1.1938852500000001,Regular,12,Delete,ConfigMap,false
1.206040917,Regular,24,Delete,Deployment,false
1.230234745,Regular,32,Create,Deployment,false
1.262430086,Regular,28,Create,ConfigMap,false
1.290468042,Regular,22,Update,Deployment,false
1.313114751,Regular,32,Delete,ConfigMap,false
1.345152261,Regular,35,Delete,Deployment,false
1.3810394590000001,Regular,30,Create,Deployment,false
1.411986385,Regular,20,Create,ConfigMap,false
1.432810032,Regular,17,Update,Deployment,false
1.450425652,Regular,19,Delete,ConfigMap,false
1.469842014,Regular,25,Delete,Deployment,false
1.495157269,Regular,41,Create,Deployment,false
1.537109327,Regular,27,Create,ConfigMap,false
1.564982796,Regular,25,Update,Deployment,false
1.5903926099999999,Regular,22,Delete,ConfigMap,false
1.613092789,Regular,15,Delete,Deployment,false
1.628251425,Regular,34,Create,Deployment,false
1.662989183,Regular,26,Create,ConfigMap,false
1.689172001,Regular,40,Update,Deployment,false
1.730152028,Regular,50,Delete,ConfigMap,false
1.7805912350000002,Regular,36,Delete,Deployment,false
1.817570016,Regular,44,Create,Deployment,false
1.8625406679999998,Regular,34,Create,ConfigMap,false
1.897071876,Regular,44,Update,Deployment,false
1.941967714,Regular,53,Delete,ConfigMap,false
1.995455932,Regular,79,Delete,Deployment,false
1.010301584,Regular,27,Create,Deployment,false
1.037568547,Regular,28,Create,ConfigMap,false
1.066391701,Regular,26,Update,Deployment,false
1.092796495,Regular,35,Delete,ConfigMap,false
1.12834681,Regular,20,Delete,Deployment,false
1.148943313,Regular,26,Create,Deployment,false
1.175746739,Regular,24,Create,ConfigMap,false
1.200508485,Regular,27,Update,Deployment,false
1.228505436,Regular,33,Delete,ConfigMap,false
1.262513383,Regular,25,Delete,Deployment,false
1.2883855419999999,Regular,23,Create,Deployment,false
1.312174803,Regular,32,Create,ConfigMap,false
1.344282134,Regular,29,Update,Deployment,false
1.37351306,Regular,21,Delete,ConfigMap,false
1.394843175,Regular,18,Delete,Deployment,false
1.41385632,Regular,24,Create,Deployment,false
1.43850766,Regular,16,Create,ConfigMap,false
1.455537615,Regular,39,Update,Deployment,false
1.495443645,Regular,21,Delete,ConfigMap,false
1.516784208,Regular,26,Delete,Deployment,false
1.543747827,Regular,21,Create,Deployment,false
1.5650777580000002,Regular,20,Create,ConfigMap,false
1.5853735100000002,Regular,27,Update,Deployment,false
1.6125119620000001,Regular,14,Delete,ConfigMap,false
1.6267318739999999,Regular,13,Delete,Deployment,false
1.640261476,Regular,32,Create,Deployment,false
1.672715405,Regular,24,Create,ConfigMap,false
1.696960268,Regular,32,Update,Deployment,false
1.729325668,Regular,53,Delete,ConfigMap,false
1.782528098,Regular,35,Delete,Deployment,false
1.81820107,Regular,56,Create,Deployment,false
1.875114053,Regular,21,Create,ConfigMap,false
1.896779609,Regular,57,Update,Deployment,false
1.954748742,Regular,39,Delete,ConfigMap,false
1.99471653,Regular,80,Delete,Deployment,false
1.005983114,Regular,29,Create,ConfigMap,false
1.035998704,Regular,32,Update,Deployment,false
1.068271961,Regular,21,Delete,ConfigMap,false
1.090090121,Regular,32,Delete,Deployment,false
1.122865558,Regular,34,Create,Deployment,false
1.15702234,Regular,36,Create,ConfigMap,false
1.193925657,Regular,34,Update,Deployment,false
1.228303148,Regular,25,Delete,ConfigMap,false
1.254325531,Regular,18,Delete,Deployment,false
1.273085415,Regular,31,Create,Deployment,false
1.304891164,Regular,33,Create,ConfigMap,false
1.338318134,Regular,43,Update,Deployment,false
1.382146367,Regular,24,Delete,ConfigMap,false
1.406754622,Regular,19,Delete,Deployment,false
1.426042754,Regular,29,Create,Deployment,false
1.455519572,Regular,16,Create,ConfigMap,false
1.472547229,Regular,26,Update,Deployment,false
1.498769108,Regular,17,Delete,ConfigMap,false
1.516366699,Regular,21,Delete,Deployment,false
1.5375781979999998,Regular,33,Create,Deployment,false
1.571118565,Regular,25,Create,ConfigMap,false
1.5965752960000001,Regular,32,Update,Deployment,false
1.628996401,Regular,22,Delete,ConfigMap,false
1.6514524860000002,Regular,22,Delete,Deployment,false
1.673545234,Regular,24,Create,Deployment,false
1.6982467030000001,Regular,29,Create,ConfigMap,false
1.727931962,Regular,54,Update,Deployment,false
1.7827179119999998,Regular,37,Delete,ConfigMap,false
1.819958258,Regular,42,Delete,Deployment,false
1.862055703,Regular,25,Create,Deployment,false
1.887711474,Regular,28,Create,ConfigMap,false
1.916532287,Regular,57,Update,Deployment,false
1.973587696,Regular,32,Delete,ConfigMap,false
2.006536345,Regular,68,Delete,Deployment,false
1.006531185,Regular,28,Update,Deployment,false
1.035502664,Regular,24,Delete,ConfigMap,false
1.060563071,Regular,30,Delete,Deployment,false
1.091305181,Regular,47,Create,Deployment,false
1.138657941,Regular,20,Create,ConfigMap,false
1.158838653,Regular,35,Update,Deployment,false
1.194326463,Regular,14,Delete,ConfigMap,false
1.2090356820000001,Regular,21,Delete,Deployment,false
1.2303121049999999,Regular,35,Create,Deployment,false
1.265363295,Regular,31,Create,ConfigMap,false
1.296617824,Regular,30,Update,Deployment,false
1.327071627,Regular,18,Delete,ConfigMap,false
1.345590901,Regular,36,Delete,Deployment,false
1.3818190879999999,Regular,23,Create,Deployment,false
1.405788746,Regular,20,Create,ConfigMap,false
1.426599361,Regular,22,Update,Deployment,false
1.448684483,Regular,11,Delete,ConfigMap,false
1.460531687,Regular,21,Delete,Deployment,false
1.482415118,Regular,25,Create,Deployment,false
1.508426356,Regular,24,Create,ConfigMap,false
1.533055979,Regular,31,Update,Deployment,false
1.5648937040000002,Regular,16,Delete,ConfigMap,false
1.581097897,Regular,14,Delete,Deployment,false
1.59616863,Regular,23,Create,Deployment,false
1.619604413,Regular,20,Create,ConfigMap,false
1.64013707,Regular,26,Update,Deployment,false
1.666467532,Regular,29,Delete,ConfigMap,false
1.6959889929999998,Regular,27,Delete,Deployment,false
1.723119227,Regular,61,Create,Deployment,false
1.784855664,Regular,49,Create,ConfigMap,false
1.833920585,Regular,38,Update,Deployment,false
1.872889287,Regular,24,Delete,ConfigMap,false
1.897001076,Regular,18,Delete,Deployment,false
1.915200875,Regular,81,Create,Deployment,false
1.996603132,Regular,72,Create,ConfigMap,false
2.068977368,Regular,54,Update,Deployment,false
2.123556275,Regular,42,Delete,ConfigMap,false
2.1657546930000002,Regular,34,Delete,Deployment,false
2.19992391,Regular,38,Create,Deployment,false
2.238313354,Regular,48,Create,ConfigMap,false
2.287201167,Regular,49,Update,Deployment,false
2.336839832,Regular,46,Delete,ConfigMap,false
2.383554204,Regular,33,Delete,Deployment,false
2.417519911,Regular,66,Create,Deployment,false
2.484321038,Regular,38,Create,ConfigMap,false
2.523283648,Regular,32,Update,Deployment,false
2.5561254939999998,Regular,24,Delete,ConfigMap,false
2.5810886269999997,Regular,22,Delete,Deployment,false
2.603593474,Regular,34,Create,Deployment,false
2.637675549,Regular,24,Create,ConfigMap,false
2.662354874,Regular,31,Update,Deployment,false
2.693657506,Regular,21,Delete,ConfigMap,false
2.715386769,Regular,25,Delete,Deployment,false
2.740951458,Regular,36,Create,Deployment,false
2.7778690409999998,Regular,41,Create,ConfigMap,false
2.81980473,Regular,40,Update,Deployment,false
2.860042388,Regular,32,Delete,ConfigMap,false
2.892636452,Regular,22,Delete,Deployment,false
2.915180011,Regular,30,Create,Deployment,false
2.945460363,Regular,35,Create,ConfigMap,false
2.9813703670000002,Regular,37,Update,Deployment,false
2.011208169,Regular,94,Create,Deployment,false
2.105848093,Regular,50,Create,ConfigMap,false
2.156562321,Regular,32,Update,Deployment,false
2.189511254,Regular,46,Delete,ConfigMap,false
2.236397673,Regular,37,Delete,Deployment,false
2.273615623,Regular,41,Create,Deployment,false
2.314764691,Regular,87,Create,ConfigMap,false
2.402514483,Regular,36,Update,Deployment,false
2.4387152690000002,Regular,49,Delete,ConfigMap,false
2.488005169,Regular,31,Delete,Deployment,false
2.519663068,Regular,29,Create,Deployment,false
2.5487320479999998,Regular,24,Create,ConfigMap,false
2.573367265,Regular,32,Update,Deployment,false
2.605429143,Regular,30,Delete,ConfigMap,false
2.636088869,Regular,12,Delete,Deployment,false
2.649108307,Regular,29,Create,Deployment,false
2.6789622299999998,Regular,27,Create,ConfigMap,false
2.706376368,Regular,28,Update,Deployment,false
2.734785719,Regular,27,Delete,ConfigMap,false
2.76221674,Regular,30,Delete,Deployment,false
2.792972172,Regular,28,Create,Deployment,false
2.821724669,Regular,24,Create,ConfigMap,false
2.84636014,Regular,42,Update,Deployment,false
2.888644754,Regular,17,Delete,ConfigMap,false
2.905688481,Regular,19,Delete,Deployment,false
2.925471547,Regular,31,Create,Deployment,false
2.956681428,Regular,24,Create,ConfigMap,false
2.981521579,Regular,38,Update,Deployment,false
2.008265114,Regular,18,Delete,Deployment,false
2.026804373,Regular,96,Create,Deployment,false
2.122917807,Regular,34,Create,ConfigMap,false
2.156960338,Regular,51,Update,Deployment,false
2.208864599,Regular,39,Delete,ConfigMap,false
2.248787685,Regular,26,Delete,Deployment,false
2.275507174,Regular,61,Create,Deployment,false
2.33748625,Regular,41,Create,ConfigMap,false
2.378720809,Regular,42,Update,Deployment,false
2.421043293,Regular,39,Delete,ConfigMap,false
2.46026217,Regular,40,Delete,Deployment,false
2.500441437,Regular,21,Create,Deployment,false
2.522382459,Regular,31,Create,ConfigMap,false
2.553437946,Regular,33,Update,Deployment,false
2.586548895,Regular,26,Delete,ConfigMap,false
2.612961189,Regular,34,Delete,Deployment,false
2.647091279,Regular,30,Create,Deployment,false
2.677474647,Regular,25,Create,ConfigMap,false
2.7032755699999997,Regular,27,Update,Deployment,false
2.730573136,Regular,12,Delete,ConfigMap,false
2.742603215,Regular,13,Delete,Deployment,false
2.75605931,Regular,36,Create,Deployment,false
2.792568367,Regular,28,Create,ConfigMap,false
2.82139375,Regular,41,Update,Deployment,false
2.862518214,Regular,29,Delete,ConfigMap,false
2.891685992,Regular,20,Delete,Deployment,false
2.912538613,Regular,22,Create,Deployment,false
2.93512669,Regular,30,Create,ConfigMap,false
2.965567554,Regular,33,Update,Deployment,false
2.9992699800000002,Regular,21,Delete,ConfigMap,false
2.011373877,Regular,84,Create,Deployment,false
2.095908664,Regular,48,Create,ConfigMap,false
2.144705831,Regular,45,Update,Deployment,false
2.190632703,Regular,38,Delete,ConfigMap,false
2.229241864,Regular,30,Delete,Deployment,false
2.259375356,Regular,56,Create,Deployment,false
2.316265187,Regular,74,Create,ConfigMap,false
2.3903619750000002,Regular,56,Update,Deployment,false
2.446643813,Regular,26,Delete,ConfigMap,false
2.473300054,Regular,48,Delete,Deployment,false
2.521584076,Regular,34,Create,Deployment,false
2.555927642,Regular,33,Create,ConfigMap,false
2.58947608,Regular,26,Update,Deployment,false
2.616319546,Regular,31,Delete,ConfigMap,false
2.647662767,Regular,21,Delete,Deployment,false
2.669432135,Regular,34,Create,Deployment,false
2.70346469,Regular,24,Create,ConfigMap,false
2.728348751,Regular,24,Update,Deployment,false
2.753257025,Regular,37,Delete,ConfigMap,false
2.790603995,Regular,24,Delete,Deployment,false
2.815618051,Regular,28,Create,Deployment,false
2.8439575809999997,Regular,43,Create,ConfigMap,false
2.887074566,Regular,21,Update,Deployment,false
2.908753931,Regular,24,Delete,ConfigMap,false
2.933581291,Regular,24,Delete,Deployment,false
2.958365542,Regular,27,Create,Deployment,false
2.985928351,Regular,38,Create,ConfigMap,false
2.075583327,Regular,61,Create,Deployment,false
2.137215593,Regular,25,Create,ConfigMap,false
2.162551616,Regular,50,Update,Deployment,false
2.21260825,Regular,24,Delete,ConfigMap,false
2.237179338,Regular,38,Delete,Deployment,false
2.276088955,Regular,62,Create,Deployment,false
2.338536799,Regular,65,Create,ConfigMap,false
2.404042854,Regular,36,Update,Deployment,false
2.440650276,Regular,26,Delete,ConfigMap,false
2.467182693,Regular,35,Delete,Deployment,false
2.502660209,Regular,39,Create,Deployment,false
2.542657507,Regular,31,Create,ConfigMap,false
2.574038001,Regular,37,Update,Deployment,false
2.611876246,Regular,35,Delete,ConfigMap,false
2.646954527,Regular,17,Delete,Deployment,false
2.66450394,Regular,26,Create,Deployment,false
2.691315837,Regular,28,Create,ConfigMap,false
2.7203108240000002,Regular,31,Update,Deployment,false
2.75229509,Regular,50,Delete,ConfigMap,false
2.80304963,Regular,32,Delete,Deployment,false
2.835770825,Regular,49,Create,Deployment,false
2.885392899,Regular,25,Create,ConfigMap,false
2.91068136,Regular,34,Update,Deployment,false
2.945155817,Regular,30,Delete,ConfigMap,false
2.975497041,Regular,17,Delete,Deployment,false
2.993292099,Regular,31,Create,Deployment,false
2.072656207,Regular,47,Delete,ConfigMap,false
2.120294963,Regular,44,Delete,Deployment,false
2.165123496,Regular,48,Create,Deployment,false
2.213366327,Regular,24,Create,ConfigMap,false
2.237763311,Regular,44,Update,Deployment,false
2.282716602,Regular,27,Delete,ConfigMap,false
2.309865536,Regular,40,Delete,Deployment,false
2.350761118,Regular,53,Create,Deployment,false
2.404403674,Regular,41,Create,ConfigMap,false
2.446228613,Regular,36,Update,Deployment,false
2.482273211,Regular,31,Delete,ConfigMap,false
2.513874655,Regular,19,Delete,Deployment,false
2.533206348,Regular,22,Create,Deployment,false
2.555947646,Regular,33,Create,ConfigMap,false
2.5898545520000003,Regular,33,Update,Deployment,false
2.623598393,Regular,24,Delete,ConfigMap,false
2.647787288,Regular,19,Delete,Deployment,false
2.667082332,Regular,30,Create,Deployment,false
2.697313664,Regular,23,Create,ConfigMap,false
2.720576619,Regular,32,Update,Deployment,false
2.753372754,Regular,47,Delete,ConfigMap,false
2.80064239,Regular,19,Delete,Deployment,false
2.820223663,Regular,28,Create,Deployment,false
2.848667984,Regular,38,Create,ConfigMap,false
2.8875030219999998,Regular,21,Update,Deployment,false
2.909662745,Regular,23,Delete,ConfigMap,false
2.933432119,Regular,22,Delete,Deployment,false
2.955690901,Regular,29,Create,Deployment,false
2.985227247,Regular,41,Create,ConfigMap,false
2.003817411,Regular,91,Create,Deployment,false
2.095808914,Regular,49,Create,ConfigMap,false
2.145449954,Regular,55,Update,Deployment,false
2.200877878,Regular,35,Delete,ConfigMap,false
2.236902868,Regular,25,Delete,Deployment,false
2.262109262,Regular,53,Create,Deployment,false
2.315535307,Regular,74,Create,ConfigMap,false
2.390513876,Regular,51,Update,Deployment,false
2.441960699,Regular,33,Delete,ConfigMap,false
2.475295791,Regular,42,Delete,Deployment,false
2.517977437,Regular,32,Create,Deployment,false
2.550891762,Regular,22,Create,ConfigMap,false
2.573692055,Regular,30,Update,Deployment,false
2.604285156,Regular,31,Delete,ConfigMap,false
2.635582581,Regular,18,Delete,Deployment,false
2.653779783,Regular,34,Create,Deployment,false
2.688287489,Regular,32,Create,ConfigMap,false
2.720565723,Regular,25,Update,Deployment,false
2.746361018,Regular,17,Delete,ConfigMap,false
2.76367708,Regular,33,Delete,Deployment,false
2.797174815,Regular,39,Create,Deployment,false
2.8362518679999997,Regular,52,Create,ConfigMap,false
2.889067232,Regular,32,Update,Deployment,false
2.921580019,Regular,19,Delete,ConfigMap,false
2.940990393,Regular,23,Delete,Deployment,false
2.96485587,Regular,40,Create,Deployment,false
3.005227959,Regular,22,Create,ConfigMap,false
2.07480639,Regular,81,Create,Deployment,false
2.155952153,Regular,37,Create,ConfigMap,false
2.193645626,Regular,40,Update,Deployment,false
2.233967873,Regular,26,Delete,ConfigMap,false
2.260238404,Regular,33,Delete,Deployment,false
2.294209437,Regular,65,Create,Deployment,false
2.360118244,Regular,58,Create,ConfigMap,false
2.418154651,Regular,57,Update,Deployment,false
2.475550106,Regular,36,Delete,ConfigMap,false
2.511622109,Regular,21,Delete,Deployment,false
2.5330920470000002,Regular,24,Create,Deployment,false
2.557149796,Regular,17,Create,ConfigMap,false
2.574607545,Regular,30,Update,Deployment,false
2.6052601920000003,Regular,30,Delete,ConfigMap,false
2.635804232,Regular,17,Delete,Deployment,false
2.653130893,Regular,40,Create,Deployment,false
2.693720301,Regular,26,Create,ConfigMap,false
2.720548196,Regular,32,Update,Deployment,false
2.7530626419999997,Regular,49,Delete,ConfigMap,false
2.802381232,Regular,32,Delete,Deployment,false
2.834988862,Regular,53,Create,Deployment,false
2.888327606,Regular,22,Create,ConfigMap,false
2.910677993,Regular,35,Update,Deployment,false
2.946434934,Regular,28,Delete,ConfigMap,false
2.974699971,Regular,23,Delete,Deployment,false
2.998496866,Regular,29,Create,Deployment,false
2.074790015,Regular,64,Create,Deployment,false
2.139484371,Regular,25,Create,ConfigMap,false
2.165581917,Regular,39,Update,Deployment,false
2.204684436,Regular,30,Delete,ConfigMap,false
2.235451338,Regular,25,Delete,Deployment,false
2.261261447,Regular,54,Create,Deployment,false
2.31595637,Regular,74,Create,ConfigMap,false
2.390740471,Regular,53,Update,Deployment,false
2.444635101,Regular,30,Delete,ConfigMap,false
2.474966471,Regular,44,Delete,Deployment,false
2.5199495560000003,Regular,31,Create,Deployment,false
2.551185754,Regular,23,Create,ConfigMap,false
2.574322004,Regular,37,Update,Deployment,false
2.612046935,Regular,35,Delete,ConfigMap,false
2.647422048,Regular,21,Delete,Deployment,false
2.668876059,Regular,36,Create,Deployment,false
2.705253085,Regular,26,Create,ConfigMap,false
2.731777714,Regular,45,Update,Deployment,false
2.776935465,Regular,38,Delete,ConfigMap,false
2.815889231,Regular,19,Delete,Deployment,false
2.835559597,Regular,52,Create,Deployment,false
2.888025293,Regular,26,Create,ConfigMap,false
2.914373773,Regular,31,Update,Deployment,false
2.945674878,Regular,21,Delete,ConfigMap,false
2.966903086,Regular,21,Delete,Deployment,false
2.988296777,Regular,39,Create,Deployment,false
2.073914735,Regular,72,Update,Deployment,false
2.146121566,Regular,43,Delete,ConfigMap,false
2.189799368,Regular,31,Delete,Deployment,false
2.221732669,Regular,38,Create,Deployment,false
2.2606174709999998,Regular,47,Create,ConfigMap,false
2.308233667,Regular,44,Update,Deployment,false
2.352636644,Regular,31,Delete,ConfigMap,false
2.383776123,Regular,26,Delete,Deployment,false
2.410130215,Regular,48,Create,Deployment,false
2.458702775,Regular,50,Create,ConfigMap,false
2.508764686,Regular,33,Update,Deployment,false
2.542212439,Regular,22,Delete,ConfigMap,false
2.5644574,Regular,15,Delete,Deployment,false
2.579925893,Regular,33,Create,Deployment,false
2.613911981,Regular,22,Create,ConfigMap,false
2.636638742,Regular,20,Update,Deployment,false
2.657649168,Regular,17,Delete,ConfigMap,false
2.675243445,Regular,25,Delete,Deployment,false
2.700898138,Regular,33,Create,Deployment,false
2.7340276279999998,Regular,42,Create,ConfigMap,false
2.776802936,Regular,37,Update,Deployment,false
2.814700526,Regular,17,Delete,ConfigMap,false
2.832016581,Regular,16,Delete,Deployment,false
2.848444665,Regular,39,Create,Deployment,false
2.887938433,Regular,26,Create,ConfigMap,false
2.914513696,Regular,21,Update,Deployment,false
2.936300924,Regular,25,Delete,ConfigMap,false
2.962153024,Regular,23,Delete,Deployment,false
2.985422048,Regular,44,Create,Deployment,false
3.027099724,Regular,24,Update,Deployment,false
3.051730749,Regular,21,Delete,ConfigMap,false
3.073014772,Regular,23,Delete,Deployment,false
3.096234674,Regular,31,Create,Deployment,false
3.128263154,Regular,36,Create,ConfigMap,false
3.164446022,Regular,30,Update,Deployment,false
3.195452248,Regular,23,Delete,ConfigMap,false
3.218956202,Regular,13,Delete,Deployment,false
3.232376752,Regular,34,Create,Deployment,false
3.26648047,Regular,51,Create,ConfigMap,false
3.318061592,Regular,67,Update,Deployment,false
3.385309464,Regular,45,Delete,ConfigMap,false
3.43101492,Regular,31,Delete,Deployment,false
3.462334288,Regular,31,Create,Deployment,false
3.494336037,Regular,28,Create,ConfigMap,false
3.522529275,Regular,46,Update,Deployment,false
3.568797412,Regular,22,Delete,ConfigMap,false
3.591388675,Regular,12,Delete,Deployment,false
3.604054599,Regular,27,Create,Deployment,false
3.63184713,Regular,25,Create,ConfigMap,false
3.657536384,Regular,27,Update,Deployment,false
3.6845898740000003,Regular,13,Delete,ConfigMap,false
3.698499346,Regular,29,Delete,Deployment,false
3.728499962,Regular,48,Create,Deployment,false
3.77684514,Regular,35,Create,ConfigMap,false
3.812444357,Regular,36,Update,Deployment,false
3.8490114650000002,Regular,41,Delete,ConfigMap,false
3.890251507,Regular,28,Delete,Deployment,false
3.918797373,Regular,50,Create,Deployment,false
3.969520273,Regular,18,Create,ConfigMap,false
3.988138384,Regular,24,Update,Deployment,false
3.021052391,Regular,28,Delete,Deployment,false
3.049420903,Regular,25,Create,Deployment,false
3.074687892,Regular,33,Create,ConfigMap,false
3.107915106,Regular,44,Update,Deployment,false
3.152684478,Regular,21,Delete,ConfigMap,false
3.174305701,Regular,20,Delete,Deployment,false
3.194606039,Regular,23,Create,Deployment,false
3.218218994,Regular,19,Create,ConfigMap,false
3.238228652,Regular,26,Update,Deployment,false
3.264983337,Regular,53,Delete,ConfigMap,false
3.318195712,Regular,45,Delete,Deployment,false
3.363887224,Regular,52,Create,Deployment,false
3.416364381,Regular,34,Create,ConfigMap,false
3.450954105,Regular,37,Update,Deployment,false
3.488036697,Regular,14,Delete,ConfigMap,false
3.502503601,Regular,13,Delete,Deployment,false
3.516184432,Regular,33,Create,Deployment,false
3.549580115,Regular,33,Create,ConfigMap,false
3.583276828,Regular,41,Update,Deployment,false
3.624340035,Regular,25,Delete,ConfigMap,false
3.650134301,Regular,28,Delete,Deployment,false
3.678929879,Regular,32,Create,Deployment,false
3.711035276,Regular,47,Create,ConfigMap,false
3.758311647,Regular,57,Update,Deployment,false
3.81550537,Regular,47,Delete,ConfigMap,false
3.862905344,Regular,50,Delete,Deployment,false
3.913306668,Regular,60,Create,Deployment,false
3.9741823480000003,Regular,22,Create,ConfigMap,false
3.996895468,Regular,27,Update,Deployment,false
3.018942446,Regular,18,Delete,ConfigMap,false
3.037322878,Regular,18,Delete,Deployment,false
3.056321116,Regular,33,Create,Deployment,false
3.090220594,Regular,34,Create,ConfigMap,false
3.125181403,Regular,27,Update,Deployment,false
3.152878721,Regular,15,Delete,ConfigMap,false
3.168243945,Regular,25,Delete,Deployment,false
3.194197567,Regular,24,Create,Deployment,false
3.218815534,Regular,28,Create,ConfigMap,false
3.247377125,Regular,35,Update,Deployment,false
3.282535838,Regular,34,Delete,ConfigMap,false
3.317340239,Regular,46,Delete,Deployment,false
3.363780444,Regular,63,Create,Deployment,false
3.427407938,Regular,24,Create,ConfigMap,false
3.452027756,Regular,35,Update,Deployment,false
3.487847995,Regular,16,Delete,ConfigMap,false
3.504010696,Regular,19,Delete,Deployment,false
3.523178776,Regular,27,Create,Deployment,false
3.550838693,Regular,35,Create,ConfigMap,false
3.586781205,Regular,38,Update,Deployment,false
3.625043469,Regular,24,Delete,ConfigMap,false
3.650001699,Regular,29,Delete,Deployment,false
3.67946577,Regular,30,Create,Deployment,false
3.710249225,Regular,53,Create,ConfigMap,false
3.763969187,Regular,53,Update,Deployment,false
3.817795194,Regular,47,Delete,ConfigMap,false
3.8652423479999998,Regular,75,Delete,Deployment,false
3.940480256,Regular,42,Create,Deployment,false
3.983105404,Regular,57,Create,ConfigMap,false
3.020505482,Regular,16,Delete,ConfigMap,false
3.037066018,Regular,19,Delete,Deployment,false
3.056133692,Regular,33,Create,Deployment,false
3.08931764,Regular,28,Create,ConfigMap,false
3.117382913,Regular,35,Update,Deployment,false
3.153322231,Regular,21,Delete,ConfigMap,false
3.174685089,Regular,20,Delete,Deployment,false
3.195340661,Regular,23,Create,Deployment,false
3.219120422,Regular,22,Create,ConfigMap,false
3.241595968,Regular,32,Update,Deployment,false
3.274251053,Regular,43,Delete,ConfigMap,false
3.317597636,Regular,46,Delete,Deployment,false
3.364537646,Regular,69,Create,Deployment,false
3.433795742,Regular,29,Create,ConfigMap,false
3.463788781,Regular,31,Update,Deployment,false
3.495468936,Regular,16,Delete,ConfigMap,false
3.5121705519999997,Regular,18,Delete,Deployment,false
3.53030995,Regular,32,Create,Deployment,false
3.562787994,Regular,37,Create,ConfigMap,false
3.600550441,Regular,26,Update,Deployment,false
3.627199835,Regular,22,Delete,ConfigMap,false
3.649784716,Regular,27,Delete,Deployment,false
3.677200999,Regular,27,Create,Deployment,false
3.704331998,Regular,61,Create,ConfigMap,false
3.7653724459999998,Regular,52,Update,Deployment,false
3.818075499,Regular,46,Delete,ConfigMap,false
3.864470068,Regular,75,Delete,Deployment,false
3.939919134,Regular,43,Create,Deployment,false
3.983218269,Regular,57,Create,ConfigMap,false
3.025229018,Regular,18,Create,ConfigMap,false
3.044147997,Regular,45,Update,Deployment,false
3.089449565,Regular,28,Delete,ConfigMap,false
3.117756805,Regular,23,Delete,Deployment,false
3.141784671,Regular,24,Create,Deployment,false
3.166140461,Regular,22,Create,ConfigMap,false
3.188767952,Regular,23,Update,Deployment,false
3.212743833,Regular,12,Delete,ConfigMap,false
3.224808982,Regular,15,Delete,Deployment,false
3.239970501,Regular,25,Create,Deployment,false
3.26533461,Regular,50,Create,ConfigMap,false
3.315633004,Regular,49,Update,Deployment,false
3.36471399,Regular,39,Delete,ConfigMap,false
3.404727986,Regular,36,Delete,Deployment,false
3.4411438690000002,Regular,36,Create,Deployment,false
3.4780173420000002,Regular,17,Create,ConfigMap,false
3.495550316,Regular,29,Update,Deployment,false
3.525251187,Regular,30,Delete,ConfigMap,false
3.555748567,Regular,26,Delete,Deployment,false
3.582271076,Regular,26,Create,Deployment,false
3.608360003,Regular,23,Create,ConfigMap,false
3.631732061,Regular,24,Update,Deployment,false
3.656473139,Regular,17,Delete,ConfigMap,false
3.674108523,Regular,21,Delete,Deployment,false
3.695614981,Regular,35,Create,Deployment,false
3.731084652,Regular,61,Create,ConfigMap,false
3.792777171,Regular,62,Update,Deployment,false
3.854926869,Regular,51,Delete,ConfigMap,false
3.9066987060000002,Regular,46,Delete,Deployment,false
3.952837909,Regular,39,Create,Deployment,false
3.992414198,Regular,49,Create,ConfigMap,false
3.028122841,Regular,17,Create,ConfigMap,false
3.045871897,Regular,32,Update,Deployment,false
3.078703558,Regular,19,Delete,ConfigMap,false
3.098035892,Regular,29,Delete,Deployment,false
3.127092664,Regular,38,Create,Deployment,false
3.16561303,Regular,23,Create,ConfigMap,false
3.189014616,Regular,22,Update,Deployment,false
3.211614168,Regular,13,Delete,ConfigMap,false
3.224890234,Regular,16,Delete,Deployment,false
3.241383805,Regular,33,Create,Deployment,false
3.274650603,Regular,42,Create,ConfigMap,false
3.317365933,Regular,66,Update,Deployment,false
3.384179708,Regular,24,Delete,ConfigMap,false
3.40853576,Regular,43,Delete,Deployment,false
3.452462856,Regular,26,Create,Deployment,false
3.479281611,Regular,17,Create,ConfigMap,false
3.496922949,Regular,27,Update,Deployment,false
3.524730264,Regular,31,Delete,ConfigMap,false
3.55626967,Regular,25,Delete,Deployment,false
3.581725928,Regular,20,Create,Deployment,false
3.602147184,Regular,22,Create,ConfigMap,false
3.6247783890000003,Regular,27,Update,Deployment,false
3.651949862,Regular,22,Delete,ConfigMap,false
3.675076155,Regular,20,Delete,Deployment,false
3.695810324,Regular,29,Create,Deployment,false
3.725652563,Regular,53,Create,ConfigMap,false
3.779053384,Regular,74,Update,Deployment,false
3.853689912,Regular,53,Delete,ConfigMap,false
3.907289769,Regular,42,Delete,Deployment,false
3.949760371,Regular,33,Create,Deployment,false
3.982871484,Regular,59,Create,ConfigMap,false
3.027630918,Regular,26,Update,Deployment,false
3.053987803,Regular,35,Delete,ConfigMap,false
3.089400417,Regular,17,Delete,Deployment,false
3.106617353,Regular,37,Create,Deployment,false
3.144336707,Regular,34,Create,ConfigMap,false
3.178516431,Regular,29,Update,Deployment,false
3.20831754,Regular,16,Delete,ConfigMap,false
3.225099992,Regular,16,Delete,Deployment,false
3.242000684,Regular,32,Create,Deployment,false
3.274971193,Regular,42,Create,ConfigMap,false
3.317902248,Regular,44,Update,Deployment,false
3.362229494,Regular,36,Delete,ConfigMap,false
3.3989279039999998,Regular,31,Delete,Deployment,false
3.430779705,Regular,34,Create,Deployment,false
3.465084835,Regular,30,Create,ConfigMap,false
3.495712141,Regular,28,Update,Deployment,false
3.523978309,Regular,27,Delete,ConfigMap,false
3.5516249220000002,Regular,30,Delete,Deployment,false
3.5820924769999998,Regular,21,Create,Deployment,false
3.603453513,Regular,30,Create,ConfigMap,false
3.633605782,Regular,32,Update,Deployment,false
3.666542155,Regular,19,Delete,ConfigMap,false
3.68626503,Regular,18,Delete,Deployment,false
3.704381464,Regular,57,Create,Deployment,false
3.762004085,Regular,41,Create,ConfigMap,false
3.803597581,Regular,51,Update,Deployment,false
3.855037149,Regular,51,Delete,ConfigMap,false
3.906571044,Regular,44,Delete,Deployment,false
3.951432331,Regular,40,Create,Deployment,false
3.992243421,Regular,50,Create,ConfigMap,false
3.030278081,Regular,24,Create,ConfigMap,false
3.055220348,Regular,34,Update,Deployment,false
3.089628254,Regular,27,Delete,ConfigMap,false
3.117566833,Regular,26,Delete,Deployment,false
3.143715433,Regular,35,Create,Deployment,false
3.179854005,Regular,14,Create,ConfigMap,false
3.194261314,Regular,24,Update,Deployment,false
3.218385294,Regular,13,Delete,ConfigMap,false
3.231552298,Regular,32,Delete,Deployment,false
3.26457357,Regular,46,Create,Deployment,false
3.311298213,Regular,46,Create,ConfigMap,false
3.357794646,Regular,57,Update,Deployment,false
3.415416407,Regular,31,Delete,ConfigMap,false
3.447007827,Regular,15,Delete,Deployment,false
3.462220338,Regular,30,Create,Deployment,false
3.492961843,Regular,20,Create,ConfigMap,false
3.513426121,Regular,25,Update,Deployment,false
3.5387960979999997,Regular,28,Delete,ConfigMap,false
3.567763669,Regular,29,Delete,Deployment,false
3.59705601,Regular,27,Create,Deployment,false
3.624811366,Regular,30,Create,ConfigMap,false
3.655258753,Regular,38,Update,Deployment,false
3.6935855159999997,Regular,43,Delete,ConfigMap,false
3.736884762,Regular,41,Delete,Deployment,false
3.7779547559999997,Regular,76,Create,Deployment,false
3.85430734,Regular,51,Create,ConfigMap,false
3.906014309,Regular,63,Update,Deployment,false
3.969520265,Regular,20,Delete,ConfigMap,false
3.990239691,Regular,10,Delete,Deployment,false
4.0009642,Regular,22,Create,Deployment,false
4.023160926,Regular,35,Create,ConfigMap,false
3.024917461,Regular,31,Update,Deployment,false
3.056681809,Regular,32,Delete,ConfigMap,false
3.089393314,Regular,25,Delete,Deployment,false
3.115299376,Regular,31,Create,Deployment,false
3.146593879,Regular,28,Create,ConfigMap,false
3.17488416,Regular,20,Update,Deployment,false
3.195684623,Regular,23,Delete,ConfigMap,false
3.219105434,Regular,14,Delete,Deployment,false
3.233605281,Regular,31,Create,Deployment,false
3.2655929439999998,Regular,37,Create,ConfigMap,false
3.303224462,Regular,36,Update,Deployment,false
3.339461023,Regular,34,Delete,ConfigMap,false
3.374328147,Regular,55,Delete,Deployment,false
3.430133446,Regular,36,Create,Deployment,false
3.466412218,Regular,28,Create,ConfigMap,false
3.494885789,Regular,27,Update,Deployment,false
3.522818849,Regular,33,Delete,ConfigMap,false
3.556638099,Regular,26,Delete,Deployment,false
3.582875688,Regular,29,Create,Deployment,false
3.6128965109999998,Regular,23,Create,ConfigMap,false
3.636412033,Regular,32,Update,Deployment,false
3.668913366,Regular,17,Delete,ConfigMap,false
3.686121119,Regular,18,Delete,Deployment,false
3.704378885,Regular,41,Create,Deployment,false
3.745618621,Regular,47,Create,ConfigMap,false
3.793481708,Regular,42,Update,Deployment,false
3.836470602,Regular,35,Delete,ConfigMap,false
3.87199296,Regular,67,Delete,Deployment,false
3.939303651,Regular,53,Create,Deployment,false
3.993041648,Regular,47,Create,ConfigMap,false
4.040905898,Regular,54,Update,Deployment,false
3.02768405,Regular,33,Create,ConfigMap,false
3.061088311,Regular,32,Update,Deployment,false
3.09386109,Regular,22,Delete,ConfigMap,false
3.116813913,Regular,26,Delete,Deployment,false
3.143765134,Regular,21,Create,Deployment,false
3.165201922,Regular,22,Create,ConfigMap,false
3.188140822,Regular,24,Update,Deployment,false
3.21246889,Regular,13,Delete,ConfigMap,false
3.225807356,Regular,15,Delete,Deployment,false
3.241714636,Regular,30,Create,Deployment,false
3.2727431559999998,Regular,44,Create,ConfigMap,false
3.317143926,Regular,69,Update,Deployment,false
3.386339897,Regular,45,Delete,ConfigMap,false
3.431389287,Regular,30,Delete,Deployment,false
3.46198782,Regular,33,Create,Deployment,false
3.495940462,Regular,24,Create,ConfigMap,false
3.5208411010000003,Regular,28,Update,Deployment,false
3.549205385,Regular,23,Delete,ConfigMap,false
3.572268286,Regular,24,Delete,Deployment,false
3.59684428,Regular,28,Create,Deployment,false
3.625748656,Regular,14,Create,ConfigMap,false
3.640723153,Regular,28,Update,Deployment,false
3.669318726,Regular,25,Delete,ConfigMap,false
3.6946941840000003,Regular,31,Delete,Deployment,false
3.7263437120000003,Regular,49,Create,Deployment,false
3.7763257660000003,Regular,32,Create,ConfigMap,false
3.808875456,Regular,46,Update,Deployment,false
3.85510948,Regular,34,Delete,ConfigMap,false
3.889862439,Regular,50,Delete,Deployment,false
3.9399483589999997,Regular,43,Create,Deployment,false
3.983747986,Regular,58,Create,ConfigMap,false
4.041997458,Regular,67,Update,Deployment,false
4.042032311,Regular,67,Update,Deployment,false
4.109352386,Regular,16,Delete,ConfigMap,false
4.126145865,Regular,25,Delete,Deployment,false
4.151428862,Regular,31,Create,Deployment,false
4.182774575,Regular,33,Create,ConfigMap,false
4.216669558,Regular,24,Update,Deployment,false
4.240887717,Regular,11,Delete,ConfigMap,false
4.252552045,Regular,8,Delete,Deployment,false
4.2607976,Regular,22,Create,Deployment,false
4.283035051,Regular,17,Create,ConfigMap,false
4.300230475,Regular,16,Update,Deployment,false
4.316480267,Regular,13,Delete,ConfigMap,false
4.329654108,Regular,9,Delete,Deployment,false
4.339353711,Regular,13,Create,Deployment,false
4.352655252,Regular,19,Create,ConfigMap,false
4.3723376609999995,Regular,13,Update,Deployment,false
4.386163109,Regular,10,Delete,ConfigMap,false
4.3968662290000005,Regular,10,Delete,Deployment,false
4.407214744,Regular,13,Create,Deployment,false
4.421175618,Regular,9,Create,ConfigMap,false
4.430689908,Regular,14,Update,Deployment,false
4.445184666,Regular,10,Delete,ConfigMap,false
4.455695684,Regular,14,Delete,Deployment,false
4.470243463,Regular,20,Create,Deployment,false
4.4906050220000004,Regular,15,Create,ConfigMap,false
4.505724722,Regular,25,Update,Deployment,false
4.531727828,Regular,11,Delete,ConfigMap,false
4.543096135,Regular,9,Delete,Deployment,false
4.552186987,Regular,17,Create,Deployment,false
4.5695933140000005,Regular,13,Create,ConfigMap,false
4.583079273,Regular,18,Update,Deployment,false
4.601569752,Regular,11,Delete,ConfigMap,false
4.612852354,Regular,14,Delete,Deployment,false
4.627301429,Regular,13,Create,Deployment,false
4.64071209,Regular,15,Create,ConfigMap,false
4.656122107,Regular,17,Update,Deployment,false
4.6734785599999995,Regular,11,Delete,ConfigMap,false
4.68457775,Regular,13,Delete,Deployment,false
4.698213502,Regular,18,Create,Deployment,false
4.716400104,Regular,11,Create,ConfigMap,false
4.728149275,Regular,18,Update,Deployment,false
4.746322596,Regular,9,Delete,ConfigMap,false
4.755708123,Regular,13,Delete,Deployment,false
4.76963671,Regular,19,Create,Deployment,false
4.789057164,Regular,9,Create,ConfigMap,false
4.798959268,Regular,13,Update,Deployment,false
4.8126487319999995,Regular,10,Delete,ConfigMap,false
4.822698908,Regular,15,Delete,Deployment,false
4.83864745,Regular,20,Create,Deployment,false
4.85917256,Regular,19,Create,ConfigMap,false
4.878437254,Regular,20,Update,Deployment,false
4.898594367,Regular,15,Delete,ConfigMap,false
4.9141323329999995,Regular,10,Delete,Deployment,false
4.924216054,Regular,17,Create,Deployment,false
4.942035324,Regular,13,Create,ConfigMap,false
4.955555369,Regular,14,Update,Deployment,false
4.970344215,Regular,13,Delete,ConfigMap,false
4.984364408,Regular,26,Delete,Deployment,false
4.024893397,Regular,34,Delete,ConfigMap,false
4.059361937,Regular,57,Delete,Deployment,false
4.116648039,Regular,21,Create,Deployment,false
4.138367423,Regular,17,Create,ConfigMap,false
4.156321269,Regular,28,Update,Deployment,false
4.184705809,Regular,31,Delete,ConfigMap,false
4.216467607,Regular,14,Delete,Deployment,false
4.230952686,Regular,18,Create,Deployment,false
4.249128751,Regular,14,Create,ConfigMap,false
4.263289917,Regular,18,Update,Deployment,false
4.282095711,Regular,13,Delete,ConfigMap,false
4.295934509,Regular,10,Delete,Deployment,false
4.306896754,Regular,23,Create,Deployment,false
4.330679099,Regular,21,Create,ConfigMap,false
4.351754762,Regular,21,Update,Deployment,false
4.373467406,Regular,7,Delete,ConfigMap,false
4.381062945,Regular,11,Delete,Deployment,false
4.392231768,Regular,15,Create,Deployment,false
4.407559299,Regular,17,Create,ConfigMap,false
4.424873595,Regular,11,Update,Deployment,false
4.436794969,Regular,15,Delete,ConfigMap,false
4.452035116,Regular,10,Delete,Deployment,false
4.462887703,Regular,17,Create,Deployment,false
4.48065769,Regular,18,Create,ConfigMap,false
4.498749117,Regular,24,Update,Deployment,false
4.523730257,Regular,11,Delete,ConfigMap,false
4.534983591,Regular,10,Delete,Deployment,false
4.54552422,Regular,20,Create,Deployment,false
4.565910806,Regular,12,Create,ConfigMap,false
4.578605812,Regular,22,Update,Deployment,false
4.600784592,Regular,12,Delete,ConfigMap,false
4.613752976,Regular,13,Delete,Deployment,false
4.627598961,Regular,13,Create,Deployment,false
4.641410902,Regular,15,Create,ConfigMap,false
4.656682941,Regular,19,Update,Deployment,false
4.676538274,Regular,7,Delete,ConfigMap,false
4.684609659,Regular,11,Delete,Deployment,false
4.696446442,Regular,14,Create,Deployment,false
4.710483184,Regular,16,Create,ConfigMap,false
4.7267040399999996,Regular,16,Update,Deployment,false
4.743005357,Regular,9,Delete,ConfigMap,false
4.752617815,Regular,16,Delete,Deployment,false
4.768975494,Regular,13,Create,Deployment,false
4.782234134,Regular,15,Create,ConfigMap,false
4.797439385,Regular,15,Update,Deployment,false
4.812809842,Regular,10,Delete,ConfigMap,false
4.823237774,Regular,8,Delete,Deployment,false
4.831867354,Regular,25,Create,Deployment,false
4.857516564,Regular,12,Create,ConfigMap,false
4.869633844,Regular,15,Update,Deployment,false
4.8850860659999995,Regular,7,Delete,ConfigMap,false
4.892806942,Regular,7,Delete,Deployment,false
4.900076754,Regular,14,Create,Deployment,false
4.914340118,Regular,21,Create,ConfigMap,false
4.935556124,Regular,15,Update,Deployment,false
4.950638699,Regular,12,Delete,ConfigMap,false
4.963136323,Regular,11,Delete,Deployment,false
4.97488505,Regular,36,Create,Deployment,false
4.041977907,Regular,67,Update,Deployment,false
4.109235017,Regular,14,Delete,ConfigMap,false
4.123402345,Regular,19,Delete,Deployment,false
4.143158395,Regular,24,Create,Deployment,false
4.167759653,Regular,35,Create,ConfigMap,false
4.203689266,Regular,24,Update,Deployment,false
4.228496613,Regular,12,Delete,ConfigMap,false
4.241275461,Regular,9,Delete,Deployment,false
4.250577557,Regular,15,Create,Deployment,false
4.265656483,Regular,14,Create,ConfigMap,false
4.279868747,Regular,16,Update,Deployment,false
4.296206249,Regular,12,Delete,ConfigMap,false
4.308313974,Regular,8,Delete,Deployment,false
4.316812652,Regular,21,Create,Deployment,false
4.338396851,Regular,14,Create,ConfigMap,false
4.353076839,Regular,14,Update,Deployment,false
4.367130835,Regular,11,Delete,ConfigMap,false
4.378487002,Regular,12,Delete,Deployment,false
4.39068568,Regular,10,Create,Deployment,false
4.401584422,Regular,16,Create,ConfigMap,false
4.418536417,Regular,12,Update,Deployment,false
4.430761287,Regular,12,Delete,ConfigMap,false
4.442933741,Regular,14,Delete,Deployment,false
4.4577181249999995,Regular,19,Create,Deployment,false
4.477367927,Regular,15,Create,ConfigMap,false
4.493043678,Regular,13,Update,Deployment,false
4.506480718,Regular,17,Delete,ConfigMap,false
4.52358626,Regular,12,Delete,Deployment,false
4.536306767,Regular,14,Create,Deployment,false
4.550928938,Regular,18,Create,ConfigMap,false
4.569741554,Regular,18,Update,Deployment,false
4.588407204,Regular,13,Delete,ConfigMap,false
4.6018762970000004,Regular,12,Delete,Deployment,false
4.6144185239999995,Regular,23,Create,Deployment,false
4.637650168,Regular,15,Create,ConfigMap,false
4.65270428,Regular,17,Update,Deployment,false
4.670660612,Regular,11,Delete,ConfigMap,false
4.681766487,Regular,8,Delete,Deployment,false
4.6900027269999995,Regular,18,Create,Deployment,false
4.709118349,Regular,10,Create,ConfigMap,false
4.7200958570000004,Regular,14,Update,Deployment,false
4.7346743159999995,Regular,12,Delete,ConfigMap,false
4.747321336,Regular,10,Delete,Deployment,false
4.757667026,Regular,22,Create,Deployment,false
4.780740207,Regular,17,Create,ConfigMap,false
4.798141525,Regular,15,Update,Deployment,false
4.814151252,Regular,8,Delete,ConfigMap,false
4.822954131,Regular,14,Delete,Deployment,false
4.837640816,Regular,17,Create,Deployment,false
4.8556819749999995,Regular,14,Create,ConfigMap,false
4.869770204,Regular,17,Update,Deployment,false
4.886804167,Regular,11,Delete,ConfigMap,false
4.898158007,Regular,10,Delete,Deployment,false
4.908365046,Regular,13,Create,Deployment,false
4.922380337,Regular,18,Create,ConfigMap,false
4.941397044,Regular,16,Update,Deployment,false
4.958096069,Regular,9,Delete,ConfigMap,false
4.967278701,Regular,10,Delete,Deployment,false
4.977675613,Regular,34,Create,Deployment,false
4.095401418,Regular,22,Delete,ConfigMap,false
4.118029683,Regular,11,Delete,Deployment,false
4.129955338,Regular,24,Create,Deployment,false
4.154743491,Regular,43,Create,ConfigMap,false
4.198190301,Regular,20,Update,Deployment,false
4.218546679,Regular,11,Delete,ConfigMap,false
4.230206229,Regular,14,Delete,Deployment,false
4.244383492,Regular,14,Create,Deployment,false
4.25907754,Regular,13,Create,ConfigMap,false
4.272782284,Regular,18,Update,Deployment,false
4.290977695,Regular,8,Delete,ConfigMap,false
4.299765625,Regular,13,Delete,Deployment,false
4.3137221740000005,Regular,18,Create,Deployment,false
4.332493956,Regular,17,Create,ConfigMap,false
4.349945847,Regular,25,Update,Deployment,false
4.375356601,Regular,8,Delete,ConfigMap,false
4.383390483,Regular,9,Delete,Deployment,false
4.393027389,Regular,15,Create,Deployment,false
4.409027148,Regular,10,Create,ConfigMap,false
4.419682675,Regular,16,Update,Deployment,false
4.435706178,Regular,14,Delete,ConfigMap,false
4.450051661,Regular,12,Delete,Deployment,false
4.462633916,Regular,18,Create,Deployment,false
4.481397982,Regular,17,Create,ConfigMap,false
4.498992998,Regular,24,Update,Deployment,false
4.5236570149999995,Regular,12,Delete,ConfigMap,false
4.5360123,Regular,14,Delete,Deployment,false
4.550135453,Regular,17,Create,Deployment,false
4.567904119,Regular,14,Create,ConfigMap,false
4.582575198,Regular,17,Update,Deployment,false
4.600149935,Regular,6,Delete,ConfigMap,false
4.606785319,Regular,8,Delete,Deployment,false
4.61490381,Regular,20,Create,Deployment,false
4.635789118,Regular,16,Create,ConfigMap,false
4.6525259089999995,Regular,19,Update,Deployment,false
4.672535252,Regular,10,Delete,ConfigMap,false
4.682712779,Regular,8,Delete,Deployment,false
4.691214579,Regular,17,Create,Deployment,false
4.708622189,Regular,9,Create,ConfigMap,false
4.717770863,Regular,14,Update,Deployment,false
4.732399847,Regular,13,Delete,ConfigMap,false
4.745908554,Regular,11,Delete,Deployment,false
4.756954638,Regular,18,Create,Deployment,false
4.775899422,Regular,11,Create,ConfigMap,false
4.787188232,Regular,9,Update,Deployment,false
4.797166693,Regular,8,Delete,ConfigMap,false
4.805318628,Regular,18,Delete,Deployment,false
4.823738617,Regular,27,Create,Deployment,false
4.850771508,Regular,10,Create,ConfigMap,false
4.861511855,Regular,14,Update,Deployment,false
4.876328308,Regular,13,Delete,ConfigMap,false
4.889613818,Regular,10,Delete,Deployment,false
4.899785414,Regular,15,Create,Deployment,false
4.915486946,Regular,20,Create,ConfigMap,false
4.935755964,Regular,13,Update,Deployment,false
4.949765836,Regular,13,Delete,ConfigMap,false
4.963038135,Regular,10,Delete,Deployment,false
4.97334823,Regular,39,Create,Deployment,false
4.042412565,Regular,59,Update,Deployment,false
4.102234736,Regular,12,Delete,ConfigMap,false
4.114519226,Regular,16,Delete,Deployment,false
4.130788065,Regular,36,Create,Deployment,false
4.1677464220000005,Regular,36,Create,ConfigMap,false
4.20386074,Regular,22,Update,Deployment,false
4.226722874,Regular,12,Delete,ConfigMap,false
4.239100229,Regular,11,Delete,Deployment,false
4.250504918,Regular,19,Create,Deployment,false
4.269819056,Regular,19,Create,ConfigMap,false
4.288963889,Regular,14,Update,Deployment,false
4.303900345,Regular,11,Delete,ConfigMap,false
4.315660504,Regular,18,Delete,Deployment,false
4.334668823,Regular,12,Create,Deployment,false
4.347319063,Regular,12,Create,ConfigMap,false
4.360337479,Regular,17,Update,Deployment,false
4.377816733,Regular,5,Delete,ConfigMap,false
4.383428913,Regular,9,Delete,Deployment,false
4.393209912,Regular,14,Create,Deployment,false
4.408097008,Regular,21,Create,ConfigMap,false
4.429306635,Regular,22,Update,Deployment,false
4.452290956,Regular,9,Delete,ConfigMap,false
4.461789685,Regular,9,Delete,Deployment,false
4.471568778,Regular,19,Create,Deployment,false
4.491406583,Regular,13,Create,ConfigMap,false
4.504788073,Regular,21,Update,Deployment,false
4.526694772,Regular,7,Delete,ConfigMap,false
4.534646076,Regular,17,Delete,Deployment,false
4.551917993,Regular,17,Create,Deployment,false
4.569605172,Regular,16,Create,ConfigMap,false
4.585860493,Regular,16,Update,Deployment,false
4.602057403,Regular,10,Delete,ConfigMap,false
4.612928394,Regular,14,Delete,Deployment,false
4.6274111940000004,Regular,13,Create,Deployment,false
4.640976188,Regular,14,Create,ConfigMap,false
4.655248961,Regular,17,Update,Deployment,false
4.673139871,Regular,11,Delete,ConfigMap,false
4.684330515,Regular,12,Delete,Deployment,false
4.696753062,Regular,15,Create,Deployment,false
4.712702468,Regular,13,Create,ConfigMap,false
4.726534772,Regular,14,Update,Deployment,false
4.741278722,Regular,8,Delete,ConfigMap,false
4.749546175,Regular,13,Delete,Deployment,false
4.762853018,Regular,18,Create,Deployment,false
4.781123029,Regular,15,Create,ConfigMap,false
4.797041248,Regular,15,Update,Deployment,false
4.812700698,Regular,10,Delete,ConfigMap,false
4.823102057,Regular,14,Delete,Deployment,false
4.83773245,Regular,19,Create,Deployment,false
4.857404384,Regular,12,Create,ConfigMap,false
4.870147201,Regular,18,Update,Deployment,false
4.889026283,Regular,10,Delete,ConfigMap,false
4.899411017,Regular,12,Delete,Deployment,false
4.912292173,Regular,12,Create,Deployment,false
4.925142185,Regular,16,Create,ConfigMap,false
4.942134956,Regular,14,Update,Deployment,false
4.957165603,Regular,12,Delete,ConfigMap,false
4.969288422,Regular,16,Delete,Deployment,false
4.98612514,Regular,35,Create,Deployment,false
4.109253594,Regular,21,Delete,ConfigMap,false
4.130871785,Regular,25,Delete,Deployment,false
4.156726837,Regular,42,Create,Deployment,false
4.199521379,Regular,29,Create,ConfigMap,false
4.228801379,Regular,18,Update,Deployment,false
4.247456561,Regular,12,Delete,ConfigMap,false
4.260319285,Regular,12,Delete,Deployment,false
4.27274823,Regular,15,Create,Deployment,false
4.288614683,Regular,17,Create,ConfigMap,false
4.305951213,Regular,25,Update,Deployment,false
4.331393553,Regular,14,Delete,ConfigMap,false
4.34575816,Regular,7,Delete,Deployment,false
4.353333982,Regular,26,Create,Deployment,false
4.3793751610000005,Regular,9,Create,ConfigMap,false
4.3890929,Regular,18,Update,Deployment,false
4.407728242,Regular,11,Delete,ConfigMap,false
4.419055412,Regular,10,Delete,Deployment,false
4.429481129,Regular,22,Create,Deployment,false
4.451770452,Regular,13,Create,ConfigMap,false
4.465147323,Regular,21,Update,Deployment,false
4.486680677,Regular,7,Delete,ConfigMap,false
4.494327346,Regular,10,Delete,Deployment,false
4.505127328,Regular,21,Create,Deployment,false
4.527134381,Regular,12,Create,ConfigMap,false
4.539381783,Regular,14,Update,Deployment,false
4.55405257,Regular,12,Delete,ConfigMap,false
4.566916037,Regular,16,Delete,Deployment,false
4.5839281849999995,Regular,17,Create,Deployment,false
4.601759247,Regular,10,Create,ConfigMap,false
4.612698579,Regular,21,Update,Deployment,false
4.634766448,Regular,6,Delete,ConfigMap,false
4.641689454,Regular,10,Delete,Deployment,false
4.652443061,Regular,13,Create,Deployment,false
4.665996471,Regular,15,Create,ConfigMap,false
4.681397383,Regular,13,Update,Deployment,false
4.694793134,Regular,9,Delete,ConfigMap,false
4.703844429,Regular,6,Delete,Deployment,false
4.71053257,Regular,14,Create,Deployment,false
4.725116803,Regular,17,Create,ConfigMap,false
4.742767451,Regular,15,Update,Deployment,false
4.758078547,Regular,15,Delete,ConfigMap,false
4.774077552,Regular,12,Delete,Deployment,false
4.786850299,Regular,13,Create,Deployment,false
4.800187719,Regular,17,Create,ConfigMap,false
4.817778999,Regular,13,Update,Deployment,false
4.831428697,Regular,21,Delete,ConfigMap,false
4.852492369,Regular,10,Delete,Deployment,false
4.862863696,Regular,13,Create,Deployment,false
4.876178383,Regular,14,Create,ConfigMap,false
4.890463613,Regular,17,Update,Deployment,false
4.908091994,Regular,7,Delete,ConfigMap,false
4.915656576,Regular,8,Delete,Deployment,false
4.924600617,Regular,14,Create,Deployment,false
4.9393965600000005,Regular,10,Create,ConfigMap,false
4.949991764,Regular,17,Update,Deployment,false
4.967901789,Regular,17,Delete,ConfigMap,false
4.985923081,Regular,35,Delete,Deployment,false
4.041004753,Regular,68,Update,Deployment,false
4.109308095,Regular,18,Delete,ConfigMap,false
4.127810359,Regular,22,Delete,Deployment,false
4.150478994,Regular,29,Create,Deployment,false
4.17980942,Regular,36,Create,ConfigMap,false
4.216786447,Regular,19,Update,Deployment,false
4.236661781,Regular,9,Delete,ConfigMap,false
4.245786038,Regular,13,Delete,Deployment,false
4.259420863,Regular,12,Create,Deployment,false
4.272432261,Regular,17,Create,ConfigMap,false
4.289499834,Regular,17,Update,Deployment,false
4.307434877,Regular,8,Delete,ConfigMap,false
4.316040494,Regular,14,Delete,Deployment,false
4.331047451,Regular,15,Create,Deployment,false
4.346992075,Regular,14,Create,ConfigMap,false
4.361329542,Regular,17,Update,Deployment,false
4.378590004,Regular,10,Delete,ConfigMap,false
4.388857897,Regular,12,Delete,Deployment,false
4.401692692,Regular,18,Create,Deployment,false
4.419955101,Regular,18,Create,ConfigMap,false
4.438586945,Regular,20,Update,Deployment,false
4.45869086,Regular,4,Delete,ConfigMap,false
4.463532679,Regular,21,Delete,Deployment,false
4.485530879,Regular,13,Create,Deployment,false
4.498755947,Regular,14,Create,ConfigMap,false
4.513444068,Regular,19,Update,Deployment,false
4.532923581,Regular,7,Delete,ConfigMap,false
4.540630036,Regular,9,Delete,Deployment,false
4.5498461,Regular,17,Create,Deployment,false
4.567836682,Regular,14,Create,ConfigMap,false
4.582429244,Regular,18,Update,Deployment,false
4.60108217,Regular,12,Delete,ConfigMap,false
4.61369849,Regular,13,Delete,Deployment,false
4.62712241,Regular,14,Create,Deployment,false
4.641641494,Regular,15,Create,ConfigMap,false
4.657374359,Regular,17,Update,Deployment,false
4.674781454,Regular,9,Delete,ConfigMap,false
4.684422152,Regular,13,Delete,Deployment,false
4.698530898,Regular,12,Create,Deployment,false
4.711189913,Regular,13,Create,ConfigMap,false
4.724365549,Regular,14,Update,Deployment,false
4.738532868,Regular,8,Delete,ConfigMap,false
4.747466323,Regular,6,Delete,Deployment,false
4.754298623,Regular,16,Create,Deployment,false
4.77112802,Regular,16,Create,ConfigMap,false
4.788114529,Regular,16,Update,Deployment,false
4.805006572,Regular,13,Delete,ConfigMap,false
4.818146307,Regular,21,Delete,Deployment,false
4.83937357,Regular,19,Create,Deployment,false
4.859059072,Regular,11,Create,ConfigMap,false
4.8704417509999995,Regular,18,Update,Deployment,false
4.889444493,Regular,9,Delete,ConfigMap,false
4.899013793,Regular,15,Delete,Deployment,false
4.9142764660000005,Regular,15,Create,Deployment,false
4.930213815,Regular,13,Create,ConfigMap,false
4.943594332,Regular,20,Update,Deployment,false
4.96392189,Regular,7,Delete,ConfigMap,false
4.971288522,Regular,18,Delete,Deployment,false
4.989617441,Regular,38,Create,Deployment,false
4.041288358,Regular,69,Update,Deployment,false
4.111127084,Regular,18,Delete,ConfigMap,false
4.129455795,Regular,19,Delete,Deployment,false
4.14875963,Regular,50,Create,Deployment,false
4.199061479,Regular,30,Create,ConfigMap,false
4.229342837,Regular,21,Update,Deployment,false
4.250861493,Regular,12,Delete,ConfigMap,false
4.263603975,Regular,8,Delete,Deployment,false
4.27225677,Regular,22,Create,Deployment,false
4.294569729,Regular,19,Create,ConfigMap,false
4.314070704,Regular,18,Update,Deployment,false
4.332279306,Regular,15,Delete,ConfigMap,false
4.347373126,Regular,13,Delete,Deployment,false
4.360698794,Regular,20,Create,Deployment,false
4.381277257,Regular,11,Create,ConfigMap,false
4.393208363,Regular,18,Update,Deployment,false
4.412142068,Regular,7,Delete,ConfigMap,false
4.419897371,Regular,6,Delete,Deployment,false
4.426642081,Regular,18,Create,Deployment,false
4.444712569,Regular,14,Create,ConfigMap,false
4.458847891,Regular,23,Update,Deployment,false
4.481987711,Regular,16,Delete,ConfigMap,false
4.49833323,Regular,7,Delete,Deployment,false
4.50581331,Regular,28,Create,Deployment,false
4.534364548,Regular,15,Create,ConfigMap,false
4.549730675,Regular,19,Update,Deployment,false
4.569414154,Regular,13,Delete,ConfigMap,false
4.583379836,Regular,7,Delete,Deployment,false
4.590462088,Regular,13,Create,Deployment,false
4.603544763,Regular,10,Create,ConfigMap,false
4.614032299,Regular,21,Update,Deployment,false
4.63511903,Regular,7,Delete,ConfigMap,false
4.642518374,Regular,10,Delete,Deployment,false
4.653523373,Regular,19,Create,Deployment,false
4.67347754,Regular,10,Create,ConfigMap,false
4.684458199,Regular,16,Update,Deployment,false
4.701252794,Regular,9,Delete,ConfigMap,false
4.710542241,Regular,7,Delete,Deployment,false
4.718032823,Regular,19,Create,Deployment,false
4.737715927,Regular,14,Create,ConfigMap,false
4.752282994,Regular,18,Update,Deployment,false
4.77054737,Regular,10,Delete,ConfigMap,false
4.780744481,Regular,9,Delete,Deployment,false
4.790042484,Regular,15,Create,Deployment,false
4.805471323,Regular,16,Create,ConfigMap,false
4.822302597,Regular,26,Update,Deployment,false
4.8485091,Regular,9,Delete,ConfigMap,false
4.85789842,Regular,12,Delete,Deployment,false
4.870626111,Regular,17,Create,Deployment,false
4.888303127,Regular,20,Create,ConfigMap,false
4.908938277,Regular,14,Update,Deployment,false
4.923228617,Regular,17,Delete,ConfigMap,false
4.940879139,Regular,9,Delete,Deployment,false
4.950248711,Regular,20,Create,Deployment,false
4.97039037,Regular,16,Create,ConfigMap,false
4.987178841,Regular,41,Update,Deployment,false
4.058401377,Regular,64,Update,Deployment,false
4.122431681,Regular,17,Delete,ConfigMap,false
4.140066075,Regular,26,Delete,Deployment,false
4.167083642,Regular,44,Create,Deployment,false
4.211884291,Regular,18,Create,ConfigMap,false
4.230044593,Regular,20,Update,Deployment,false
4.250871091,Regular,10,Delete,ConfigMap,false
4.261816985,Regular,10,Delete,Deployment,false
4.272257707,Regular,16,Create,Deployment,false
4.289284991,Regular,24,Create,ConfigMap,false
4.314280754,Regular,18,Update,Deployment,false
4.332430173,Regular,19,Delete,ConfigMap,false
4.352140818,Regular,15,Delete,Deployment,false
4.367711697,Regular,16,Create,Deployment,false
4.383995905,Regular,12,Create,ConfigMap,false
4.396226692,Regular,12,Update,Deployment,false
4.409068428,Regular,11,Delete,ConfigMap,false
4.420547498,Regular,5,Delete,Deployment,false
4.425689995,Regular,18,Create,Deployment,false
4.4447077010000005,Regular,14,Create,ConfigMap,false
4.458737425,Regular,23,Update,Deployment,false
4.481855674,Regular,10,Delete,ConfigMap,false
4.492311422,Regular,12,Delete,Deployment,false
4.505250233,Regular,21,Create,Deployment,false
4.526497992,Regular,18,Create,ConfigMap,false
4.545272831,Regular,13,Update,Deployment,false
4.559143365,Regular,12,Delete,ConfigMap,false
4.571350561,Regular,12,Delete,Deployment,false
4.583883125,Regular,17,Create,Deployment,false
4.601082163,Regular,10,Create,ConfigMap,false
4.611978516,Regular,22,Update,Deployment,false
4.634133488,Regular,8,Delete,ConfigMap,false
4.642967653,Regular,9,Delete,Deployment,false
4.6530480690000005,Regular,17,Create,Deployment,false
4.67069224,Regular,11,Create,ConfigMap,false
4.682175487,Regular,16,Update,Deployment,false
4.698731091,Regular,8,Delete,ConfigMap,false
4.707061444,Regular,9,Delete,Deployment,false
4.717056657,Regular,11,Create,Deployment,false
4.728709789,Regular,19,Create,ConfigMap,false
4.747931368,Regular,14,Update,Deployment,false
4.762862565,Regular,9,Delete,ConfigMap,false
4.772576854,Regular,14,Delete,Deployment,false
4.787364086,Regular,11,Create,Deployment,false
4.799060203,Regular,13,Create,ConfigMap,false
4.812744755,Regular,16,Update,Deployment,false
4.829135398,Regular,24,Delete,ConfigMap,false
4.85325522,Regular,11,Delete,Deployment,false
4.864476896,Regular,12,Create,Deployment,false
4.877172783,Regular,13,Create,ConfigMap,false
4.890623678,Regular,15,Update,Deployment,false
4.906432509,Regular,14,Delete,ConfigMap,false
4.920553688,Regular,13,Delete,Deployment,false
4.93400956,Regular,14,Create,Deployment,false
4.948937084,Regular,15,Create,ConfigMap,false
4.964223061,Regular,21,Update,Deployment,false
4.986132128,Regular,33,Delete,ConfigMap,false
5.019754842,Regular,23,Delete,Deployment,false
5.043366713,Regular,17,Create,Deployment,false
4.013017541,Regular,21,Delete,ConfigMap,false
4.034183298,Regular,39,Delete,Deployment,false
4.073501328,Regular,49,Create,Deployment,false
4.123506016,Regular,30,Create,ConfigMap,false
4.153932682,Regular,27,Update,Deployment,false
4.181594805,Regular,32,Delete,ConfigMap,false
4.213781234,Regular,17,Delete,Deployment,false
4.231571522,Regular,16,Create,Deployment,false
4.247918021,Regular,15,Create,ConfigMap,false
4.263763184,Regular,15,Update,Deployment,false
4.278790624,Regular,10,Delete,ConfigMap,false
4.289302512,Regular,13,Delete,Deployment,false
4.302860533,Regular,13,Create,Deployment,false
4.31657394,Regular,14,Create,ConfigMap,false
4.331223867,Regular,21,Update,Deployment,false
4.352857359,Regular,13,Delete,ConfigMap,false
4.366066704,Regular,15,Delete,Deployment,false
4.3813215,Regular,16,Create,Deployment,false
4.397916979,Regular,13,Create,ConfigMap,false
4.411553819,Regular,17,Update,Deployment,false
4.429242842,Regular,10,Delete,ConfigMap,false
4.439372949,Regular,18,Delete,Deployment,false
4.457506045,Regular,24,Create,Deployment,false
4.482360934,Regular,15,Create,ConfigMap,false
4.498278938,Regular,18,Update,Deployment,false
4.5170965,Regular,16,Delete,ConfigMap,false
4.533206399,Regular,11,Delete,Deployment,false
4.544385114,Regular,21,Create,Deployment,false
4.565694873,Regular,13,Create,ConfigMap,false
4.578994721,Regular,18,Update,Deployment,false
4.597796891,Regular,4,Delete,ConfigMap,false
4.601931417,Regular,12,Delete,Deployment,false
4.61484927,Regular,17,Create,Deployment,false
4.632061402,Regular,10,Create,ConfigMap,false
4.64289141,Regular,20,Update,Deployment,false
4.663361751,Regular,14,Delete,ConfigMap,false
4.677888347,Regular,12,Delete,Deployment,false
4.690663742,Regular,17,Create,Deployment,false
4.708628629,Regular,14,Create,ConfigMap,false
4.723328817,Regular,13,Update,Deployment,false
4.736529464,Regular,11,Delete,ConfigMap,false
4.747692642,Regular,9,Delete,Deployment,false
4.757256118,Regular,17,Create,Deployment,false
4.774664437,Regular,13,Create,ConfigMap,false
4.788277573,Regular,13,Update,Deployment,false
4.801417795,Regular,5,Delete,ConfigMap,false
4.806498747,Regular,17,Delete,Deployment,false
4.823574771,Regular,15,Create,Deployment,false
4.839544178,Regular,23,Create,ConfigMap,false
4.863048132,Regular,13,Update,Deployment,false
4.876156786,Regular,11,Delete,ConfigMap,false
4.888146073,Regular,11,Delete,Deployment,false
4.899948742,Regular,14,Create,Deployment,false
4.914602672,Regular,21,Create,ConfigMap,false
4.936004235,Regular,10,Update,Deployment,false
4.946850759,Regular,8,Delete,ConfigMap,false
4.955328182,Regular,13,Delete,Deployment,false
4.969231135,Regular,17,Create,Deployment,false
4.986717009,Regular,42,Create,ConfigMap,false
5.029109105,Regular,27,Update,Deployment,false
5.056880423,Regular,19,Delete,ConfigMap,false
5.076460736,Regular,19,Delete,Deployment,false
5.095673866,Regular,15,Create,Deployment,false
5.110972326,Regular,30,Create,ConfigMap,false
5.141353492,Regular,23,Update,Deployment,false
5.164795071,Regular,18,Delete,ConfigMap,false
5.18296595,Regular,14,Delete,Deployment,false
5.19723424,Regular,29,Create,Deployment,false
5.226390275,Regular,18,Create,ConfigMap,false
5.244676084,Regular,16,Update,Deployment,false
5.260976373,Regular,20,Delete,ConfigMap,false
5.28191891,Regular,10,Delete,Deployment,false
5.292356518,Regular,27,Create,Deployment,false
5.319972537,Regular,20,Create,ConfigMap,false
5.340977983,Regular,14,Update,Deployment,false
5.35501685,Regular,8,Delete,ConfigMap,false
5.363847874,Regular,13,Delete,Deployment,false
5.377876789,Regular,17,Create,Deployment,false
5.395441105,Regular,14,Create,ConfigMap,false
5.409684376,Regular,9,Update,Deployment,false
5.419663299,Regular,17,Delete,ConfigMap,false
5.437218021,Regular,16,Delete,Deployment,false
5.454249466,Regular,18,Create,Deployment,false
5.4730938479999995,Regular,18,Create,ConfigMap,false
5.491257764,Regular,12,Update,Deployment,false
5.503686903,Regular,7,Delete,ConfigMap,false
5.51094915,Regular,6,Delete,Deployment,false
5.517595922,Regular,11,Create,Deployment,false
5.528704012,Regular,19,Create,ConfigMap,false
5.548045554,Regular,11,Update,Deployment,false
5.559813518,Regular,10,Delete,ConfigMap,false
5.569873527,Regular,11,Delete,Deployment,false
5.581618654,Regular,19,Create,Deployment,false
5.600910505,Regular,16,Create,ConfigMap,false
5.617405231,Regular,18,Update,Deployment,false
5.6361695659999995,Regular,6,Delete,ConfigMap,false
5.642738261,Regular,26,Delete,Deployment,false
5.668897001,Regular,20,Create,Deployment,false
5.689907592,Regular,22,Create,ConfigMap,false
5.712883158,Regular,22,Update,Deployment,false
5.735397161,Regular,7,Delete,ConfigMap,false
5.743204916,Regular,11,Delete,Deployment,false
5.754615236,Regular,14,Create,Deployment,false
5.769400141,Regular,19,Create,ConfigMap,false
5.7889166,Regular,21,Update,Deployment,false
5.810107528,Regular,15,Delete,ConfigMap,false
5.826034974,Regular,12,Delete,Deployment,false
5.838975538,Regular,15,Create,Deployment,false
5.8542860359999995,Regular,14,Create,ConfigMap,false
5.869026739,Regular,20,Update,Deployment,false
5.889264794,Regular,17,Delete,ConfigMap,false
5.906590803,Regular,15,Delete,Deployment,false
5.922580526,Regular,20,Create,Deployment,false
5.94301157,Regular,19,Create,ConfigMap,false
5.962521731,Regular,25,Update,Deployment,false
5.987668242,Regular,19,Delete,ConfigMap,false
5.011155148,Regular,23,Create,Deployment,false
5.034308585,Regular,30,Create,ConfigMap,false
5.064794677,Regular,32,Update,Deployment,false
5.097879325,Regular,15,Delete,ConfigMap,false
5.11306118,Regular,19,Delete,Deployment,false
5.132400239,Regular,17,Create,Deployment,false
5.149658052,Regular,33,Create,ConfigMap,false
5.183125273,Regular,34,Update,Deployment,false
5.21752466,Regular,21,Delete,ConfigMap,false
5.239118363,Regular,19,Delete,Deployment,false
5.259111536,Regular,23,Create,Deployment,false
5.282947354,Regular,14,Create,ConfigMap,false
5.297814594,Regular,21,Update,Deployment,false
5.319573957,Regular,16,Delete,ConfigMap,false
5.335780687,Regular,10,Delete,Deployment,false
5.346535528,Regular,16,Create,Deployment,false
5.363565527,Regular,22,Create,ConfigMap,false
5.385699198,Regular,19,Update,Deployment,false
5.405290724,Regular,8,Delete,ConfigMap,false
5.413466796,Regular,9,Delete,Deployment,false
5.423088946,Regular,14,Create,Deployment,false
5.437174118,Regular,16,Create,ConfigMap,false
5.453576497,Regular,23,Update,Deployment,false
5.477475431,Regular,12,Delete,ConfigMap,false
5.489909664,Regular,9,Delete,Deployment,false
5.499108331,Regular,12,Create,Deployment,false
5.511573948,Regular,14,Create,ConfigMap,false
5.526348045,Regular,21,Update,Deployment,false
5.548160943,Regular,10,Delete,ConfigMap,false
5.559176487,Regular,12,Delete,Deployment,false
5.571431436,Regular,15,Create,Deployment,false
5.586965333,Regular,23,Create,ConfigMap,false
5.61062907,Regular,14,Update,Deployment,false
5.625525236,Regular,12,Delete,ConfigMap,false
5.637771806,Regular,22,Delete,Deployment,false
5.66030134,Regular,18,Create,Deployment,false
5.679313306,Regular,15,Create,ConfigMap,false
5.694472119,Regular,13,Update,Deployment,false
5.707912918,Regular,18,Delete,ConfigMap,false
5.726568802,Regular,9,Delete,Deployment,false
5.735646451,Regular,10,Create,Deployment,false
5.746668378,Regular,18,Create,ConfigMap,false
5.764947681,Regular,29,Update,Deployment,false
5.794173316,Regular,25,Delete,ConfigMap,false
5.81930193,Regular,15,Delete,Deployment,false
5.834588622,Regular,21,Create,Deployment,false
5.856375009,Regular,16,Create,ConfigMap,false
5.873163968,Regular,13,Update,Deployment,false
5.886771657,Regular,21,Delete,ConfigMap,false
5.9079353789999995,Regular,13,Delete,Deployment,false
5.921812519,Regular,17,Create,Deployment,false
5.939248357,Regular,23,Create,ConfigMap,false
5.962686002,Regular,23,Update,Deployment,false
5.986097628,Regular,20,Delete,ConfigMap,false
5.02148479,Regular,26,Create,Deployment,false
5.047573213,Regular,36,Create,ConfigMap,false
5.084094642,Regular,29,Update,Deployment,false
5.113244726,Regular,20,Delete,ConfigMap,false
5.133903993,Regular,27,Delete,Deployment,false
5.161577471,Regular,19,Create,Deployment,false
5.181402248,Regular,27,Create,ConfigMap,false
5.209349751,Regular,25,Update,Deployment,false
5.234959325,Regular,11,Delete,ConfigMap,false
5.246362437,Regular,10,Delete,Deployment,false
5.257273393,Regular,26,Create,Deployment,false
5.283403779,Regular,13,Create,ConfigMap,false
5.297117489,Regular,16,Update,Deployment,false
5.313907948,Regular,6,Delete,ConfigMap,false
5.320434101,Regular,10,Delete,Deployment,false
5.331178401,Regular,14,Create,Deployment,false
5.345288732,Regular,17,Create,ConfigMap,false
5.363134422,Regular,15,Update,Deployment,false
5.379023938,Regular,14,Delete,ConfigMap,false
5.393321809,Regular,12,Delete,Deployment,false
5.405961082,Regular,13,Create,Deployment,false
5.419961434,Regular,18,Create,ConfigMap,false
5.438702734,Regular,12,Update,Deployment,false
5.45164268,Regular,15,Delete,ConfigMap,false
5.467584688,Regular,15,Delete,Deployment,false
5.483290322,Regular,15,Create,Deployment,false
5.499141826,Regular,13,Create,ConfigMap,false
5.512923516,Regular,18,Update,Deployment,false
5.531962817,Regular,9,Delete,ConfigMap,false
5.5410782560000005,Regular,12,Delete,Deployment,false
5.553231583,Regular,14,Create,Deployment,false
5.567407302,Regular,21,Create,ConfigMap,false
5.588623909,Regular,29,Update,Deployment,false
5.618248468,Regular,20,Delete,ConfigMap,false
5.638741733,Regular,22,Delete,Deployment,false
5.66155623,Regular,22,Create,Deployment,false
5.683956443,Regular,17,Create,ConfigMap,false
5.701485946,Regular,25,Update,Deployment,false
5.727259957,Regular,7,Delete,ConfigMap,false
5.734955683,Regular,9,Delete,Deployment,false
5.744065056,Regular,19,Create,Deployment,false
5.76346586,Regular,23,Create,ConfigMap,false
5.78677829,Regular,17,Update,Deployment,false
5.803942,Regular,22,Delete,ConfigMap,false
5.826346039,Regular,18,Delete,Deployment,false
5.845031688,Regular,22,Create,Deployment,false
5.867410829,Regular,21,Create,ConfigMap,false
5.889377171,Regular,17,Update,Deployment,false
5.9069693789999995,Regular,15,Delete,ConfigMap,false
5.922295466,Regular,16,Delete,Deployment,false
5.9389613919999995,Regular,17,Create,Deployment,false
5.956102424,Regular,22,Create,ConfigMap,false
5.97901501,Regular,29,Update,Deployment,false
5.021243602,Regular,32,Create,ConfigMap,false
5.053883088,Regular,31,Update,Deployment,false
5.085045499,Regular,17,Delete,ConfigMap,false
5.102644865,Regular,25,Delete,Deployment,false
5.128681699,Regular,20,Create,Deployment,false
5.149236452,Regular,34,Create,ConfigMap,false
5.183793005,Regular,44,Update,Deployment,false
5.228171938,Regular,16,Delete,ConfigMap,false
5.245092404,Regular,7,Delete,Deployment,false
5.252591161,Regular,31,Create,Deployment,false
5.283785247,Regular,12,Create,ConfigMap,false
5.296767483,Regular,21,Update,Deployment,false
5.318603522,Regular,11,Delete,ConfigMap,false
5.330579141,Regular,14,Delete,Deployment,false
5.34558334,Regular,17,Create,Deployment,false
5.362726307,Regular,15,Create,ConfigMap,false
5.378717036,Regular,22,Update,Deployment,false
5.400954469,Regular,10,Delete,ConfigMap,false
5.411410499,Regular,11,Delete,Deployment,false
5.422478554,Regular,22,Create,Deployment,false
5.444539137,Regular,15,Create,ConfigMap,false
5.460320116,Regular,15,Update,Deployment,false
5.47557096,Regular,11,Delete,ConfigMap,false
5.487205367,Regular,11,Delete,Deployment,false
5.498798211,Regular,13,Create,Deployment,false
5.51280291,Regular,17,Create,ConfigMap,false
5.5302147999999995,Regular,18,Update,Deployment,false
5.548464148,Regular,6,Delete,ConfigMap,false
5.5546153799999995,Regular,12,Delete,Deployment,false
5.567318539,Regular,17,Create,Deployment,false
5.5845668360000005,Regular,16,Create,ConfigMap,false
5.601281792,Regular,27,Update,Deployment,false
5.628968763,Regular,10,Delete,ConfigMap,false
5.639573619,Regular,29,Delete,Deployment,false
5.668894875,Regular,13,Create,Deployment,false
5.682388411,Regular,11,Create,ConfigMap,false
5.693836336,Regular,17,Update,Deployment,false
5.711377267,Regular,17,Delete,ConfigMap,false
5.728463248,Regular,9,Delete,Deployment,false
5.738166448,Regular,17,Create,Deployment,false
5.755558866,Regular,21,Create,ConfigMap,false
5.7770988899999995,Regular,25,Update,Deployment,false
5.8030960799999995,Regular,23,Delete,ConfigMap,false
5.826691714,Regular,19,Delete,Deployment,false
5.84588151,Regular,14,Create,Deployment,false
5.860311412,Regular,19,Create,ConfigMap,false
5.87980586,Regular,19,Update,Deployment,false
5.899364307,Regular,13,Delete,ConfigMap,false
5.912787889,Regular,12,Delete,Deployment,false
5.9248422210000005,Regular,17,Create,Deployment,false
5.94255767,Regular,24,Create,ConfigMap,false
5.967041474,Regular,20,Update,Deployment,false
5.987144157,Regular,15,Delete,ConfigMap,false
6.003133473,Regular,24,Delete,Deployment,false
5.012007287,Regular,34,Create,ConfigMap,false
5.046633658,Regular,37,Update,Deployment,false
5.084553414,Regular,14,Delete,ConfigMap,false
5.099483315,Regular,29,Delete,Deployment,false
5.128841824,Regular,19,Create,Deployment,false
5.14879433,Regular,34,Create,ConfigMap,false
5.183264098,Regular,33,Update,Deployment,false
5.216967254,Regular,21,Delete,ConfigMap,false
5.238788186,Regular,20,Delete,Deployment,false
5.259451036,Regular,23,Create,Deployment,false
5.283202254,Regular,10,Create,ConfigMap,false
5.294033814,Regular,16,Update,Deployment,false
5.310192213,Regular,6,Delete,ConfigMap,false
5.316421925,Regular,8,Delete,Deployment,false
5.324512681,Regular,19,Create,Deployment,false
5.343851926,Regular,12,Create,ConfigMap,false
5.356470025,Regular,20,Update,Deployment,false
5.377321738,Regular,13,Delete,ConfigMap,false
5.391071043,Regular,12,Delete,Deployment,false
5.404047075,Regular,16,Create,Deployment,false
5.420355643,Regular,16,Create,ConfigMap,false
5.436585678,Regular,23,Update,Deployment,false
5.459782396,Regular,9,Delete,ConfigMap,false
5.469554585,Regular,12,Delete,Deployment,false
5.482380767,Regular,16,Create,Deployment,false
5.498480446,Regular,14,Create,ConfigMap,false
5.512994698,Regular,19,Update,Deployment,false
5.532034361,Regular,8,Delete,ConfigMap,false
5.541032296,Regular,11,Delete,Deployment,false
5.553125311,Regular,20,Create,Deployment,false
5.573999649,Regular,16,Create,ConfigMap,false
5.590130598,Regular,29,Update,Deployment,false
5.619736027,Regular,18,Delete,ConfigMap,false
5.63829185,Regular,23,Delete,Deployment,false
5.66167625,Regular,23,Create,Deployment,false
5.6853582639999996,Regular,15,Create,ConfigMap,false
5.700880885,Regular,14,Update,Deployment,false
5.715570509,Regular,11,Delete,ConfigMap,false
5.727132309,Regular,13,Delete,Deployment,false
5.740783209,Regular,15,Create,Deployment,false
5.7560578719999995,Regular,15,Create,ConfigMap,false
5.771594325,Regular,22,Update,Deployment,false
5.794006553,Regular,25,Delete,ConfigMap,false
5.819108195,Regular,20,Delete,Deployment,false
5.83949543,Regular,16,Create,Deployment,false
5.856384848,Regular,24,Create,ConfigMap,false
5.880682459,Regular,18,Update,Deployment,false
5.898932795,Regular,17,Delete,ConfigMap,false
5.916003958,Regular,13,Delete,Deployment,false
5.929464924,Regular,15,Create,Deployment,false
5.94505835,Regular,12,Create,ConfigMap,false
5.957651367,Regular,28,Update,Deployment,false
5.986437877,Regular,14,Delete,ConfigMap,false
6.001644815,Regular,26,Delete,Deployment,false
5.011404175,Regular,35,Create,ConfigMap,false
5.046577361,Regular,29,Update,Deployment,false
5.076162822,Regular,21,Delete,ConfigMap,false
5.097356722,Regular,15,Delete,Deployment,false
5.112396257,Regular,32,Create,Deployment,false
5.144816063,Regular,28,Create,ConfigMap,false
5.173220996,Regular,18,Update,Deployment,false
5.191710215,Regular,19,Delete,ConfigMap,false
5.211372268,Regular,27,Delete,Deployment,false
5.239101594,Regular,20,Create,Deployment,false
5.259563191,Regular,25,Create,ConfigMap,false
5.284819004,Regular,16,Update,Deployment,false
5.301500378,Regular,15,Delete,ConfigMap,false
5.316946812,Regular,17,Delete,Deployment,false
5.334921653,Regular,17,Create,Deployment,false
5.352398455,Regular,11,Create,ConfigMap,false
5.364408931,Regular,20,Update,Deployment,false
5.385433996,Regular,10,Delete,ConfigMap,false
5.395569177,Regular,15,Delete,Deployment,false
5.410975419,Regular,18,Create,Deployment,false
5.429072538,Regular,15,Create,ConfigMap,false
5.444213654,Regular,16,Update,Deployment,false
5.461129993,Regular,7,Delete,ConfigMap,false
5.468255903,Regular,14,Delete,Deployment,false
5.482481279,Regular,15,Create,Deployment,false
5.498457949,Regular,14,Create,ConfigMap,false
5.512511388,Regular,18,Update,Deployment,false
5.530612609,Regular,10,Delete,ConfigMap,false
5.541365661,Regular,11,Delete,Deployment,false
5.552922677,Regular,20,Create,Deployment,false
5.573474825,Regular,26,Create,ConfigMap,false
5.600340217,Regular,17,Update,Deployment,false
5.618324862,Regular,20,Delete,ConfigMap,false
5.638995387,Regular,16,Delete,Deployment,false
5.655674681,Regular,22,Create,Deployment,false
5.678481415,Regular,17,Create,ConfigMap,false
5.695585847,Regular,22,Update,Deployment,false
5.717616225,Regular,11,Delete,ConfigMap,false
5.72946152,Regular,10,Delete,Deployment,false
5.739611289,Regular,15,Create,Deployment,false
5.755082148,Regular,17,Create,ConfigMap,false
5.7724317670000005,Regular,16,Update,Deployment,false
5.789304798,Regular,9,Delete,ConfigMap,false
5.798625479,Regular,15,Delete,Deployment,false
5.814213792,Regular,25,Create,Deployment,false
5.839978721,Regular,18,Create,ConfigMap,false
5.858468288,Regular,18,Update,Deployment,false
5.877319654,Regular,9,Delete,ConfigMap,false
5.887004815,Regular,18,Delete,Deployment,false
5.905901919,Regular,18,Create,Deployment,false
5.924772773,Regular,19,Create,ConfigMap,false
5.944229844,Regular,20,Update,Deployment,false
5.9643971350000005,Regular,21,Delete,ConfigMap,false
5.986152989,Regular,13,Delete,Deployment,false
5.999197212,Regular,29,Create,Deployment,false
5.028490731,Regular,41,Create,ConfigMap,false
5.070409156,Regular,27,Update,Deployment,false
5.09797733,Regular,16,Delete,ConfigMap,false
5.114013241,Regular,19,Delete,Deployment,false
5.133630016,Regular,16,Create,Deployment,false
5.149844844,Regular,33,Create,ConfigMap,false
5.18346203,Regular,34,Update,Deployment,false
5.217927715,Regular,20,Delete,ConfigMap,false
5.238929546,Regular,11,Delete,Deployment,false
5.250778644,Regular,32,Create,Deployment,false
5.283029356,Regular,13,Create,ConfigMap,false
5.296785086,Regular,13,Update,Deployment,false
5.310629373,Regular,7,Delete,ConfigMap,false
5.317778309,Regular,16,Delete,Deployment,false
5.334510288,Regular,20,Create,Deployment,false
5.354645892,Regular,17,Create,ConfigMap,false
5.371722298,Regular,17,Update,Deployment,false
5.38911679,Regular,5,Delete,ConfigMap,false
5.395174677,Regular,16,Delete,Deployment,false
5.411580954,Regular,11,Create,Deployment,false
5.423509615,Regular,22,Create,ConfigMap,false
5.446125557,Regular,21,Update,Deployment,false
5.467810173,Regular,14,Delete,ConfigMap,false
5.482667339,Regular,14,Delete,Deployment,false
5.497410717,Regular,17,Create,Deployment,false
5.514777719,Regular,11,Create,ConfigMap,false
5.526180409,Regular,22,Update,Deployment,false
5.548631979,Regular,9,Delete,ConfigMap,false
5.557894843,Regular,8,Delete,Deployment,false
5.566887173,Regular,19,Create,Deployment,false
5.586316956,Regular,13,Create,ConfigMap,false
5.599919868,Regular,19,Update,Deployment,false
5.619378159,Regular,18,Delete,ConfigMap,false
5.638089535,Regular,23,Delete,Deployment,false
5.661564779,Regular,22,Create,Deployment,false
5.684083631,Regular,16,Create,ConfigMap,false
5.70083021,Regular,23,Update,Deployment,false
5.724453113,Regular,8,Delete,ConfigMap,false
5.733476823,Regular,10,Delete,Deployment,false
5.743681216,Regular,20,Create,Deployment,false
5.7645161179999995,Regular,23,Create,ConfigMap,false
5.788003302,Regular,15,Update,Deployment,false
5.803365065,Regular,23,Delete,ConfigMap,false
5.826790657,Regular,18,Delete,Deployment,false
5.84556555,Regular,19,Create,Deployment,false
5.8655391,Regular,20,Create,ConfigMap,false
5.885573659,Regular,22,Update,Deployment,false
5.907687144,Regular,15,Delete,ConfigMap,false
5.923055389,Regular,16,Delete,Deployment,false
5.939314195,Regular,21,Create,Deployment,false
5.960780089,Regular,26,Create,ConfigMap,false
5.987601545,Regular,41,Update,Deployment,false
5.060497972,Regular,37,Create,ConfigMap,false
5.097597625,Regular,29,Update,Deployment,false
5.127006456,Regular,20,Delete,ConfigMap,false
5.14804085,Regular,24,Delete,Deployment,false
5.172785761,Regular,17,Create,Deployment,false
5.190283629,Regular,25,Create,ConfigMap,false
5.215427051,Regular,21,Update,Deployment,false
5.237252586,Regular,6,Delete,ConfigMap,false
5.243377204,Regular,15,Delete,Deployment,false
5.258736364,Regular,23,Create,Deployment,false
5.282709174,Regular,14,Create,ConfigMap,false
5.297426723,Regular,18,Update,Deployment,false
5.316357749,Regular,10,Delete,ConfigMap,false
5.327188544,Regular,12,Delete,Deployment,false
5.33938386,Regular,14,Create,Deployment,false
5.353466063,Regular,15,Create,ConfigMap,false
5.369422131,Regular,14,Update,Deployment,false
5.384460818,Regular,10,Delete,ConfigMap,false
5.395290283,Regular,16,Delete,Deployment,false
5.411713219,Regular,17,Create,Deployment,false
5.429564295,Regular,16,Create,ConfigMap,false
5.445785982,Regular,15,Update,Deployment,false
5.461495364,Regular,7,Delete,ConfigMap,false
5.468808493,Regular,14,Delete,Deployment,false
5.483133552,Regular,15,Create,Deployment,false
5.498979942,Regular,13,Create,ConfigMap,false
5.512536858,Regular,19,Update,Deployment,false
5.532116476,Regular,10,Delete,ConfigMap,false
5.542226728,Regular,10,Delete,Deployment,false
5.553081874,Regular,20,Create,Deployment,false
5.573481078,Regular,26,Create,ConfigMap,false
5.600166928,Regular,27,Update,Deployment,false
5.627480523,Regular,10,Delete,ConfigMap,false
5.637979021,Regular,23,Delete,Deployment,false
5.661862717,Regular,22,Create,Deployment,false
5.68431646,Regular,17,Create,ConfigMap,false
5.701628226,Regular,24,Update,Deployment,false
5.726355473,Regular,8,Delete,ConfigMap,false
5.734929667,Regular,9,Delete,Deployment,false
5.744118305,Regular,19,Create,Deployment,false
5.76354007,Regular,16,Create,ConfigMap,false
5.7802205220000005,Regular,17,Update,Deployment,false
5.797515159,Regular,21,Delete,ConfigMap,false
5.818859204,Regular,20,Delete,Deployment,false
5.8393509770000005,Regular,20,Create,Deployment,false
5.85990224,Regular,19,Create,ConfigMap,false
5.879740578,Regular,19,Update,Deployment,false
5.899125153,Regular,17,Delete,ConfigMap,false
5.916816255,Regular,14,Delete,Deployment,false
5.931458334,Regular,14,Create,Deployment,false
5.946449707,Regular,11,Create,ConfigMap,false
5.95806979,Regular,28,Update,Deployment,false
5.986333633,Regular,15,Delete,ConfigMap,false
6.001801684,Regular,27,Delete,Deployment,false
5.028817585,Regular,23,Delete,ConfigMap,false
5.052452617,Regular,22,Delete,Deployment,false
5.074791201,Regular,30,Create,Deployment,false
5.1054637,Regular,35,Create,ConfigMap,false
5.141369355,Regular,27,Update,Deployment,false
5.169337966,Regular,13,Delete,ConfigMap,false
5.18320633,Regular,33,Delete,Deployment,false
5.217108728,Regular,23,Create,Deployment,false
5.240795569,Regular,18,Create,ConfigMap,false
5.259006576,Regular,21,Update,Deployment,false
5.280812384,Regular,7,Delete,ConfigMap,false
5.288366863,Regular,5,Delete,Deployment,false
5.293810103,Regular,9,Create,Deployment,false
5.303285753,Regular,13,Create,ConfigMap,false
5.316420397,Regular,14,Update,Deployment,false
5.330910821,Regular,13,Delete,ConfigMap,false
5.344306792,Regular,12,Delete,Deployment,false
5.35680685,Regular,20,Create,Deployment,false
5.377651209,Regular,17,Create,ConfigMap,false
5.395464828,Regular,17,Update,Deployment,false
5.413365764,Regular,7,Delete,ConfigMap,false
5.421098211,Regular,11,Delete,Deployment,false
5.432815765,Regular,21,Create,Deployment,false
5.4544517169999995,Regular,13,Create,ConfigMap,false
5.468128445,Regular,10,Update,Deployment,false
5.479116958,Regular,11,Delete,ConfigMap,false
5.491051357,Regular,8,Delete,Deployment,false
5.499424102,Regular,15,Create,Deployment,false
5.514491108,Regular,10,Create,ConfigMap,false
5.525369549,Regular,16,Update,Deployment,false
5.542390348,Regular,9,Delete,ConfigMap,false
5.5517237999999995,Regular,13,Delete,Deployment,false
5.565278148,Regular,15,Create,Deployment,false
5.580384849,Regular,20,Create,ConfigMap,false
5.600796255,Regular,32,Update,Deployment,false
5.632892243,Regular,15,Delete,ConfigMap,false
5.648457113,Regular,21,Delete,Deployment,false
5.669593793,Regular,16,Create,Deployment,false
5.685769563,Regular,15,Create,ConfigMap,false
5.701467129,Regular,25,Update,Deployment,false
5.7268634899999995,Regular,14,Delete,ConfigMap,false
5.741554556,Regular,7,Delete,Deployment,false
5.748659156,Regular,14,Create,Deployment,false
5.763512018,Regular,24,Create,ConfigMap,false
5.7884587320000005,Regular,23,Update,Deployment,false
5.811490147,Regular,14,Delete,ConfigMap,false
5.8256207589999995,Regular,20,Delete,Deployment,false
5.845979495,Regular,20,Create,Deployment,false
5.866366952,Regular,20,Create,ConfigMap,false
5.887123394,Regular,20,Update,Deployment,false
5.90756471,Regular,11,Delete,ConfigMap,false
5.9190914150000005,Regular,19,Delete,Deployment,false
5.938982355,Regular,24,Create,Deployment,false
5.963156714,Regular,24,Create,ConfigMap,false
5.987812374,Regular,42,Update,Deployment,false
5.013124251,Regular,41,Create,ConfigMap,false
5.054357277,Regular,30,Update,Deployment,false
5.084514675,Regular,20,Delete,ConfigMap,false
5.104769677,Regular,26,Delete,Deployment,false
5.131786571,Regular,17,Create,Deployment,false
5.1497789019999995,Regular,33,Create,ConfigMap,false
5.183664273,Regular,42,Update,Deployment,false
5.22618977,Regular,18,Delete,ConfigMap,false
5.244878757,Regular,14,Delete,Deployment,false
5.259313897,Regular,24,Create,Deployment,false
5.284062144,Regular,11,Create,ConfigMap,false
5.295691155,Regular,15,Update,Deployment,false
5.311284828,Regular,6,Delete,ConfigMap,false
5.317320514,Regular,17,Delete,Deployment,false
5.334558447,Regular,18,Create,Deployment,false
5.353394379,Regular,11,Create,ConfigMap,false
5.364707202,Regular,26,Update,Deployment,false
5.39074882,Regular,20,Delete,ConfigMap,false
5.411392484,Regular,9,Delete,Deployment,false
5.420995988,Regular,16,Create,Deployment,false
5.43780587,Regular,15,Create,ConfigMap,false
5.453469061,Regular,13,Update,Deployment,false
5.467366683,Regular,15,Delete,ConfigMap,false
5.48243151,Regular,14,Delete,Deployment,false
5.497100977,Regular,12,Create,Deployment,false
5.509421138,Regular,10,Create,ConfigMap,false
5.51996588,Regular,19,Update,Deployment,false
5.53977951,Regular,10,Delete,ConfigMap,false
5.549907266,Regular,6,Delete,Deployment,false
5.556312447,Regular,15,Create,Deployment,false
5.572075702,Regular,16,Create,ConfigMap,false
5.588794465,Regular,30,Update,Deployment,false
5.618994291,Regular,14,Delete,ConfigMap,false
5.633018621,Regular,14,Delete,Deployment,false
5.647617762,Regular,22,Create,Deployment,false
5.6706040049999995,Regular,22,Create,ConfigMap,false
5.69266967,Regular,15,Update,Deployment,false
5.707696548,Regular,13,Delete,ConfigMap,false
5.72077293,Regular,7,Delete,Deployment,false
5.728180854,Regular,15,Create,Deployment,false
5.743802925,Regular,19,Create,ConfigMap,false
5.763441546,Regular,19,Update,Deployment,false
5.782880069,Regular,12,Delete,ConfigMap,false
5.7957752639999995,Regular,18,Delete,Deployment,false
5.814080675,Regular,25,Create,Deployment,false
5.839573978,Regular,22,Create,ConfigMap,false
5.8618334,Regular,19,Update,Deployment,false
5.881238194,Regular,12,Delete,ConfigMap,false
5.894213053,Regular,23,Delete,Deployment,false
5.917768324,Regular,22,Create,Deployment,false
5.940694452,Regular,22,Create,ConfigMap,false
5.962970615,Regular,23,Update,Deployment,false
5.986057073,Regular,15,Delete,ConfigMap,false
6.002056627,Regular,17,Delete,Deployment,false
6.019110655,Regular,28,Create,Deployment,false
6.029017779,Regular,30,Delete,ConfigMap,false
6.0596356,Regular,21,Delete,Deployment,false
6.081392936,Regular,30,Create,Deployment,false
6.1115276,Regular,25,Create,ConfigMap,false
6.136993519,Regular,28,Update,Deployment,false
6.165562862,Regular,18,Delete,ConfigMap,false
6.183937513,Regular,21,Delete,Deployment,false
6.205492752,Regular,31,Create,Deployment,false
6.237375705,Regular,43,Create,ConfigMap,false
6.281132904,Regular,31,Update,Deployment,false
6.312689814,Regular,52,Delete,ConfigMap,false
6.365419241,Regular,53,Delete,Deployment,false
6.418851722,Regular,56,Create,Deployment,false
6.475514105,Regular,33,Create,ConfigMap,false
6.508835234,Regular,36,Update,Deployment,false
6.545497944,Regular,20,Delete,ConfigMap,false
6.565979235,Regular,25,Delete,Deployment,false
6.591131076,Regular,33,Create,Deployment,false
6.624979991,Regular,45,Create,ConfigMap,false
6.670966376,Regular,35,Update,Deployment,false
6.706862046,Regular,36,Delete,ConfigMap,false
6.7429184,Regular,33,Delete,Deployment,false
6.776870362,Regular,49,Create,Deployment,false
6.826640942,Regular,22,Create,ConfigMap,false
6.849470961,Regular,29,Update,Deployment,false
6.879330899,Regular,25,Delete,ConfigMap,false
6.904477975,Regular,25,Delete,Deployment,false
6.930418825,Regular,24,Create,Deployment,false
6.9552982960000005,Regular,17,Create,ConfigMap,false
6.973194171,Regular,33,Update,Deployment,false
6.006965408,Regular,21,Delete,Deployment,false
6.02867149,Regular,31,Create,Deployment,false
6.059787545,Regular,28,Create,ConfigMap,false
6.088666128,Regular,34,Update,Deployment,false
6.122777934,Regular,21,Delete,ConfigMap,false
6.144435308,Regular,14,Delete,Deployment,false
6.159073404,Regular,26,Create,Deployment,false
6.185686038,Regular,25,Create,ConfigMap,false
6.210975324,Regular,48,Update,Deployment,false
6.259868998,Regular,27,Delete,ConfigMap,false
6.287262804,Regular,34,Delete,Deployment,false
6.321581349,Regular,84,Create,Deployment,false
6.405916583,Regular,51,Create,ConfigMap,false
6.457887721,Regular,41,Update,Deployment,false
6.499670171,Regular,24,Delete,ConfigMap,false
6.524463377,Regular,30,Delete,Deployment,false
6.5548893679999995,Regular,27,Create,Deployment,false
6.582378626,Regular,50,Create,ConfigMap,false
6.6324891390000005,Regular,54,Update,Deployment,false
6.68671564,Regular,40,Delete,ConfigMap,false
6.727321701,Regular,27,Delete,Deployment,false
6.755167202,Regular,44,Create,Deployment,false
6.799751943,Regular,39,Create,ConfigMap,false
6.839513611,Regular,24,Update,Deployment,false
6.8642608769999995,Regular,26,Delete,ConfigMap,false
6.890673596,Regular,20,Delete,Deployment,false
6.910908482,Regular,19,Create,Deployment,false
6.930351773,Regular,28,Create,ConfigMap,false
6.958425215,Regular,22,Update,Deployment,false
6.980984778,Regular,27,Delete,ConfigMap,false
6.007104508,Regular,24,Delete,Deployment,false
6.031815331,Regular,30,Create,Deployment,false
6.062369277,Regular,21,Create,ConfigMap,false
6.083547208,Regular,33,Update,Deployment,false
6.116618983,Regular,20,Delete,ConfigMap,false
6.137193665,Regular,21,Delete,Deployment,false
6.159161218,Regular,26,Create,Deployment,false
6.185876318,Regular,25,Create,ConfigMap,false
6.211685288,Regular,23,Update,Deployment,false
6.23537561,Regular,43,Delete,ConfigMap,false
6.279242588,Regular,31,Delete,Deployment,false
6.310836602,Regular,58,Create,Deployment,false
6.368953754,Regular,43,Create,ConfigMap,false
6.412497669,Regular,63,Update,Deployment,false
6.475917188,Regular,32,Delete,ConfigMap,false
6.508754018,Regular,24,Delete,Deployment,false
6.533433465,Regular,47,Create,Deployment,false
6.5812206490000005,Regular,49,Create,ConfigMap,false
6.631021783,Regular,59,Update,Deployment,false
6.690968159,Regular,34,Delete,ConfigMap,false
6.725315823,Regular,29,Delete,Deployment,false
6.755114827,Regular,36,Create,Deployment,false
6.791326627,Regular,46,Create,ConfigMap,false
6.837413934,Regular,29,Update,Deployment,false
6.867117929,Regular,24,Delete,ConfigMap,false
6.891687159,Regular,14,Delete,Deployment,false
6.905931762,Regular,25,Create,Deployment,false
6.931686678,Regular,25,Create,ConfigMap,false
6.956773982,Regular,19,Update,Deployment,false
6.976437243,Regular,15,Delete,ConfigMap,false
6.991907537,Regular,20,Delete,Deployment,false
6.008438056,Regular,16,Delete,ConfigMap,false
6.024521319,Regular,11,Delete,Deployment,false
6.036004762,Regular,27,Create,Deployment,false
6.063390728,Regular,25,Create,ConfigMap,false
6.08906592,Regular,33,Update,Deployment,false
6.12286212,Regular,24,Delete,ConfigMap,false
6.147131872,Regular,19,Delete,Deployment,false
6.166516263,Regular,32,Create,Deployment,false
6.198750437,Regular,24,Create,ConfigMap,false
6.223771863,Regular,56,Update,Deployment,false
6.280365977,Regular,37,Delete,ConfigMap,false
6.317555457,Regular,50,Delete,Deployment,false
6.368141351,Regular,54,Create,Deployment,false
6.422707763,Regular,51,Create,ConfigMap,false
6.473984205,Regular,36,Update,Deployment,false
6.510922814,Regular,24,Delete,ConfigMap,false
6.535625415,Regular,27,Delete,Deployment,false
6.56364852,Regular,59,Create,Deployment,false
6.623654861,Regular,44,Create,ConfigMap,false
6.668041521,Regular,42,Update,Deployment,false
6.710282599,Regular,28,Delete,ConfigMap,false
6.738333742,Regular,38,Delete,Deployment,false
6.777266335,Regular,40,Create,Deployment,false
6.817303412,Regular,31,Create,ConfigMap,false
6.84914929,Regular,35,Update,Deployment,false
6.885060234,Regular,18,Delete,ConfigMap,false
6.904104185,Regular,20,Delete,Deployment,false
6.924474969,Regular,27,Create,Deployment,false
6.951765312,Regular,21,Create,ConfigMap,false
6.973062606,Regular,29,Update,Deployment,false
7.003011509,Regular,13,Delete,ConfigMap,false
6.02827077,Regular,30,Create,Deployment,false
6.058588744,Regular,25,Create,ConfigMap,false
6.083789736,Regular,36,Update,Deployment,false
6.12076776,Regular,26,Delete,ConfigMap,false
6.147259808,Regular,17,Delete,Deployment,false
6.164706683,Regular,19,Create,Deployment,false
6.183973633,Regular,27,Create,ConfigMap,false
6.211175787,Regular,46,Update,Deployment,false
6.257475669,Regular,30,Delete,ConfigMap,false
6.287607671,Regular,32,Delete,Deployment,false
6.320052293,Regular,49,Create,Deployment,false
6.369189562,Regular,32,Create,ConfigMap,false
6.401437892,Regular,56,Update,Deployment,false
6.458443157,Regular,27,Delete,ConfigMap,false
6.4859739,Regular,39,Delete,Deployment,false
6.525224322,Regular,37,Create,Deployment,false
6.56261965,Regular,31,Create,ConfigMap,false
6.594376089,Regular,47,Update,Deployment,false
6.64222719,Regular,47,Delete,ConfigMap,false
6.689798247,Regular,29,Delete,Deployment,false
6.719399013,Regular,22,Create,Deployment,false
6.742407363,Regular,36,Create,ConfigMap,false
6.779274673,Regular,38,Update,Deployment,false
6.81789482,Regular,29,Delete,ConfigMap,false
6.84740249,Regular,23,Delete,Deployment,false
6.8709457,Regular,32,Create,Deployment,false
6.903419978,Regular,25,Create,ConfigMap,false
6.928888246,Regular,23,Update,Deployment,false
6.952846147,Regular,20,Delete,ConfigMap,false
6.973539494,Regular,17,Delete,Deployment,false
6.990908577,Regular,28,Create,Deployment,false
6.029287998,Regular,30,Create,Deployment,false
6.059657944,Regular,23,Create,ConfigMap,false
6.083103144,Regular,22,Update,Deployment,false
6.105371473,Regular,24,Delete,ConfigMap,false
6.130054564,Regular,20,Delete,Deployment,false
6.1506926,Regular,25,Create,Deployment,false
6.176694666,Regular,23,Create,ConfigMap,false
6.200599337,Regular,19,Update,Deployment,false
6.219805588,Regular,17,Delete,ConfigMap,false
6.237583422,Regular,43,Delete,Deployment,false
6.28064981,Regular,58,Create,Deployment,false
6.339456641,Regular,42,Create,ConfigMap,false
6.381816894,Regular,41,Update,Deployment,false
6.423468054,Regular,44,Delete,ConfigMap,false
6.467802685,Regular,16,Delete,Deployment,false
6.484024078,Regular,39,Create,Deployment,false
6.52365867,Regular,40,Create,ConfigMap,false
6.564588898,Regular,49,Update,Deployment,false
6.614119024,Regular,29,Delete,ConfigMap,false
6.643752529,Regular,46,Delete,Deployment,false
6.690588807,Regular,40,Create,Deployment,false
6.731547917,Regular,31,Create,ConfigMap,false
6.762794555,Regular,33,Update,Deployment,false
6.796298515,Regular,40,Delete,ConfigMap,false
6.8371073970000005,Regular,26,Delete,Deployment,false
6.863151977,Regular,22,Create,Deployment,false
6.88543774,Regular,37,Create,ConfigMap,false
6.922569737,Regular,29,Update,Deployment,false
6.95178357,Regular,21,Delete,ConfigMap,false
6.972972109,Regular,15,Delete,Deployment,false
6.988334277,Regular,31,Create,Deployment,false
6.028146375,Regular,31,Create,Deployment,false
6.059706465,Regular,23,Create,ConfigMap,false
6.083266182,Regular,28,Update,Deployment,false
6.112274914,Regular,22,Delete,ConfigMap,false
6.134920468,Regular,16,Delete,Deployment,false
6.151427463,Regular,32,Create,Deployment,false
6.184362125,Regular,22,Create,ConfigMap,false
6.207126092,Regular,34,Update,Deployment,false
6.2419644420000004,Regular,24,Delete,ConfigMap,false
6.266135913,Regular,44,Delete,Deployment,false
6.310209042,Regular,55,Create,Deployment,false
6.365975699,Regular,35,Create,ConfigMap,false
6.401500823,Regular,54,Update,Deployment,false
6.456030074,Regular,27,Delete,ConfigMap,false
6.483503386,Regular,37,Delete,Deployment,false
6.52092515,Regular,38,Create,Deployment,false
6.558976809,Regular,24,Create,ConfigMap,false
6.583872437,Regular,41,Update,Deployment,false
6.62507162,Regular,19,Delete,ConfigMap,false
6.644258486,Regular,46,Delete,Deployment,false
6.690982615,Regular,54,Create,Deployment,false
6.745485023,Regular,31,Create,ConfigMap,false
6.7774251979999995,Regular,51,Update,Deployment,false
6.828839215,Regular,14,Delete,ConfigMap,false
6.843313971,Regular,27,Delete,Deployment,false
6.870566243,Regular,33,Create,Deployment,false
6.904060698,Regular,16,Create,ConfigMap,false
6.920850557,Regular,29,Update,Deployment,false
6.950178487,Regular,23,Delete,ConfigMap,false
6.973523255,Regular,15,Delete,Deployment,false
6.988668505,Regular,23,Create,Deployment,false
7.012182619,Regular,43,Create,ConfigMap,false
6.029922275,Regular,28,Delete,ConfigMap,false
6.058439676,Regular,18,Delete,Deployment,false
6.077047504,Regular,25,Create,Deployment,false
6.102324867,Regular,21,Create,ConfigMap,false
6.123716883,Regular,27,Update,Deployment,false
6.151421558,Regular,14,Delete,ConfigMap,false
6.166340723,Regular,17,Delete,Deployment,false
6.183804262,Regular,26,Create,Deployment,false
6.210443307,Regular,29,Create,ConfigMap,false
6.239692785,Regular,41,Update,Deployment,false
6.28120693,Regular,35,Delete,ConfigMap,false
6.31683375,Regular,50,Delete,Deployment,false
6.367773282,Regular,34,Create,Deployment,false
6.401847077,Regular,55,Create,ConfigMap,false
6.457253381,Regular,35,Update,Deployment,false
6.492717544,Regular,21,Delete,ConfigMap,false
6.514033376,Regular,34,Delete,Deployment,false
6.548454251,Regular,43,Create,Deployment,false
6.591895158,Regular,32,Create,ConfigMap,false
6.624388156,Regular,48,Update,Deployment,false
6.673275187,Regular,30,Delete,ConfigMap,false
6.703937671,Regular,26,Delete,Deployment,false
6.730153673,Regular,34,Create,Deployment,false
6.764207093,Regular,34,Create,ConfigMap,false
6.798234773,Regular,37,Update,Deployment,false
6.835298323,Regular,23,Delete,ConfigMap,false
6.858474511,Regular,20,Delete,Deployment,false
6.879045459,Regular,24,Create,Deployment,false
6.903714302,Regular,25,Create,ConfigMap,false
6.929382132,Regular,24,Update,Deployment,false
6.954408552,Regular,19,Delete,ConfigMap,false
6.973753909,Regular,15,Delete,Deployment,false
6.989271928,Regular,27,Create,Deployment,false
7.017180583,Regular,30,Create,ConfigMap,false
7.047734994,Regular,31,Update,Deployment,false
6.047708401,Regular,27,Create,ConfigMap,false
6.075194207,Regular,21,Update,Deployment,false
6.097146067,Regular,39,Delete,ConfigMap,false
6.136808285,Regular,16,Delete,Deployment,false
6.153198683,Regular,23,Create,Deployment,false
6.176875509,Regular,22,Create,ConfigMap,false
6.199390467,Regular,24,Update,Deployment,false
6.224216528,Regular,38,Delete,ConfigMap,false
6.262483311,Regular,48,Delete,Deployment,false
6.310538575,Regular,57,Create,Deployment,false
6.368344297,Regular,33,Create,ConfigMap,false
6.401443788,Regular,56,Update,Deployment,false
6.4577133,Regular,29,Delete,ConfigMap,false
6.487147458,Regular,35,Delete,Deployment,false
6.522259465,Regular,35,Create,Deployment,false
6.557527988,Regular,38,Create,ConfigMap,false
6.596377404,Regular,30,Update,Deployment,false
6.626777854,Regular,25,Delete,ConfigMap,false
6.651850681,Regular,39,Delete,Deployment,false
6.691854586,Regular,33,Create,Deployment,false
6.725849632,Regular,34,Create,ConfigMap,false
6.760696405,Regular,37,Update,Deployment,false
6.798527916,Regular,39,Delete,ConfigMap,false
6.838466669,Regular,25,Delete,Deployment,false
6.863769359,Regular,26,Create,Deployment,false
6.890713883,Regular,32,Create,ConfigMap,false
6.922982406,Regular,26,Update,Deployment,false
6.949267023,Regular,15,Delete,ConfigMap,false
6.964470467,Regular,16,Delete,Deployment,false
6.981053021,Regular,30,Create,Deployment,false
7.011926659,Regular,43,Create,ConfigMap,false
7.055483053,Regular,29,Update,Deployment,false
6.028494485,Regular,31,Create,ConfigMap,false
6.0601935,Regular,24,Update,Deployment,false
6.084622204,Regular,14,Delete,ConfigMap,false
6.099463575,Regular,21,Delete,Deployment,false
6.121402884,Regular,27,Create,Deployment,false
6.1491854,Regular,24,Create,ConfigMap,false
6.173523378,Regular,26,Update,Deployment,false
6.200436724,Regular,19,Delete,ConfigMap,false
6.220064475,Regular,39,Delete,Deployment,false
6.259307358,Regular,51,Create,Deployment,false
6.310487875,Regular,55,Create,ConfigMap,false
6.366117751,Regular,56,Update,Deployment,false
6.422687886,Regular,40,Delete,ConfigMap,false
6.463436926,Regular,21,Delete,Deployment,false
6.485061624,Regular,35,Create,Deployment,false
6.520510365,Regular,55,Create,ConfigMap,false
6.575974554,Regular,49,Update,Deployment,false
6.625295882,Regular,47,Delete,ConfigMap,false
6.672444144,Regular,32,Delete,Deployment,false
6.705388731,Regular,39,Create,Deployment,false
6.7452785760000005,Regular,33,Create,ConfigMap,false
6.778907147,Regular,29,Update,Deployment,false
6.808081427,Regular,35,Delete,ConfigMap,false
6.843932163,Regular,26,Delete,Deployment,false
6.870798392,Regular,33,Create,Deployment,false
6.904837693,Regular,24,Create,ConfigMap,false
6.929108436,Regular,25,Update,Deployment,false
6.954417639,Regular,19,Delete,ConfigMap,false
6.973590731,Regular,16,Delete,Deployment,false
6.990168825,Regular,28,Create,Deployment,false
7.01913348,Regular,26,Create,ConfigMap,false
7.045243199,Regular,33,Update,Deployment,false
7.078956267,Regular,19,Delete,ConfigMap,false
7.012165881,Regular,21,Create,Deployment,false
7.033858832,Regular,35,Create,ConfigMap,false
7.069144908,Regular,30,Update,Deployment,false
7.099961755,Regular,22,Delete,ConfigMap,false
7.122047597,Regular,22,Delete,Deployment,false
7.144701608,Regular,20,Create,Deployment,false
7.165455239,Regular,19,Create,ConfigMap,false
7.184763056,Regular,30,Update,Deployment,false
7.214981716,Regular,21,Delete,ConfigMap,false
7.236072035,Regular,20,Delete,Deployment,false
7.256913444,Regular,31,Create,Deployment,false
7.288281584,Regular,26,Create,ConfigMap,false
7.314740398,Regular,23,Update,Deployment,false
7.337791821,Regular,29,Delete,ConfigMap,false
7.36747357,Regular,24,Delete,Deployment,false
7.392373164,Regular,33,Create,Deployment,false
7.425940699,Regular,25,Create,ConfigMap,false
7.451138138,Regular,33,Update,Deployment,false
7.484513132,Regular,12,Delete,ConfigMap,false
7.496913999,Regular,18,Delete,Deployment,false
7.515241971,Regular,21,Create,Deployment,false
7.537093012,Regular,21,Create,ConfigMap,false
7.5585527,Regular,27,Update,Deployment,false
7.586485213,Regular,15,Delete,ConfigMap,false
7.602006861,Regular,14,Delete,Deployment,false
7.616752325,Regular,15,Create,Deployment,false
7.632182234,Regular,17,Create,ConfigMap,false
7.649974513,Regular,18,Update,Deployment,false
7.668108388,Regular,13,Delete,ConfigMap,false
7.681854511,Regular,9,Delete,Deployment,false
7.691689023,Regular,22,Create,Deployment,false
7.713940802,Regular,20,Create,ConfigMap,false
7.733986041,Regular,17,Update,Deployment,false
7.751405109,Regular,10,Delete,ConfigMap,false
7.761615579,Regular,12,Delete,Deployment,false
7.773979338,Regular,12,Create,Deployment,false
7.786740662,Regular,18,Create,ConfigMap,false
7.805745419,Regular,18,Update,Deployment,false
7.824425178,Regular,14,Delete,ConfigMap,false
7.838458524,Regular,21,Delete,Deployment,false
7.859626025,Regular,17,Create,Deployment,false
7.877158789,Regular,14,Create,ConfigMap,false
7.891611588,Regular,20,Update,Deployment,false
7.91230721,Regular,8,Delete,ConfigMap,false
7.9205138139999995,Regular,13,Delete,Deployment,false
7.933630561,Regular,15,Create,Deployment,false
7.949652625,Regular,16,Create,ConfigMap,false
7.96658863,Regular,41,Update,Deployment,false
7.055702038,Regular,32,Update,Deployment,false
7.087857262,Regular,26,Delete,ConfigMap,false
7.114093507,Regular,22,Delete,Deployment,false
7.136202064,Regular,27,Create,Deployment,false
7.163981664,Regular,21,Create,ConfigMap,false
7.185532193,Regular,38,Update,Deployment,false
7.224187031,Regular,19,Delete,ConfigMap,false
7.243528627,Regular,10,Delete,Deployment,false
7.254532594,Regular,25,Create,Deployment,false
7.28014432,Regular,25,Create,ConfigMap,false
7.305708894,Regular,29,Update,Deployment,false
7.335635109,Regular,24,Delete,ConfigMap,false
7.36062748,Regular,15,Delete,Deployment,false
7.376132739,Regular,29,Create,Deployment,false
7.405710937,Regular,36,Create,ConfigMap,false
7.442206218,Regular,22,Update,Deployment,false
7.464533912,Regular,20,Delete,ConfigMap,false
7.484733448,Regular,18,Delete,Deployment,false
7.503043342,Regular,15,Create,Deployment,false
7.51881737,Regular,21,Create,ConfigMap,false
7.540035001,Regular,29,Update,Deployment,false
7.569872774,Regular,22,Delete,ConfigMap,false
7.592655909,Regular,11,Delete,Deployment,false
7.604552056,Regular,19,Create,Deployment,false
7.623675232,Regular,14,Create,ConfigMap,false
7.638162806,Regular,12,Update,Deployment,false
7.650687389,Regular,11,Delete,ConfigMap,false
7.662631634,Regular,15,Delete,Deployment,false
7.678247613,Regular,17,Create,Deployment,false
7.695922311,Regular,22,Create,ConfigMap,false
7.718255791,Regular,15,Update,Deployment,false
7.73405727,Regular,8,Delete,ConfigMap,false
7.742180487,Regular,13,Delete,Deployment,false
7.755853255,Regular,24,Create,Deployment,false
7.78052773,Regular,15,Create,ConfigMap,false
7.796542125,Regular,23,Update,Deployment,false
7.82024714,Regular,13,Delete,ConfigMap,false
7.833977644,Regular,17,Delete,Deployment,false
7.851645971,Regular,25,Create,Deployment,false
7.877264429,Regular,14,Create,ConfigMap,false
7.892023716,Regular,20,Update,Deployment,false
7.912431698,Regular,9,Delete,ConfigMap,false
7.921473933,Regular,13,Delete,Deployment,false
7.935386102,Regular,19,Create,Deployment,false
7.954565627,Regular,13,Create,ConfigMap,false
7.967614784,Regular,41,Update,Deployment,false
7.016489843,Regular,23,Delete,Deployment,false
7.039888065,Regular,18,Create,Deployment,false
7.05867827,Regular,25,Create,ConfigMap,false
7.084596812,Regular,26,Update,Deployment,false
7.110640215,Regular,14,Delete,ConfigMap,false
7.125622372,Regular,18,Delete,Deployment,false
7.14418616,Regular,19,Create,Deployment,false
7.163943735,Regular,20,Create,ConfigMap,false
7.184707049,Regular,30,Update,Deployment,false
7.215656228,Regular,19,Delete,ConfigMap,false
7.2356562,Regular,20,Delete,Deployment,false
7.256603458,Regular,32,Create,Deployment,false
7.289066936,Regular,32,Create,ConfigMap,false
7.321846982,Regular,30,Update,Deployment,false
7.352692536,Regular,29,Delete,ConfigMap,false
7.382649999,Regular,16,Delete,Deployment,false
7.398980661,Regular,42,Create,Deployment,false
7.441859981,Regular,15,Create,ConfigMap,false
7.457563137,Regular,26,Update,Deployment,false
7.484516783,Regular,13,Delete,ConfigMap,false
7.498164747,Regular,12,Delete,Deployment,false
7.511261382,Regular,18,Create,Deployment,false
7.530220193,Regular,20,Create,ConfigMap,false
7.550963056,Regular,19,Update,Deployment,false
7.570912575,Regular,21,Delete,ConfigMap,false
7.592681406,Regular,10,Delete,Deployment,false
7.603578313,Regular,19,Create,Deployment,false
7.623149647,Regular,12,Create,ConfigMap,false
7.635617219,Regular,16,Update,Deployment,false
7.651750766,Regular,10,Delete,ConfigMap,false
7.661787693,Regular,16,Delete,Deployment,false
7.678381576,Regular,17,Create,Deployment,false
7.696026751,Regular,16,Create,ConfigMap,false
7.712395893,Regular,19,Update,Deployment,false
7.731713824,Regular,10,Delete,ConfigMap,false
7.7418176370000005,Regular,14,Delete,Deployment,false
7.756422284,Regular,18,Create,Deployment,false
7.775142067,Regular,20,Create,ConfigMap,false
7.795217694,Regular,17,Update,Deployment,false
7.812802561,Regular,18,Delete,ConfigMap,false
7.831632475,Regular,19,Delete,Deployment,false
7.851454857,Regular,19,Create,Deployment,false
7.870681745,Regular,16,Create,ConfigMap,false
7.887570995,Regular,15,Update,Deployment,false
7.903719763,Regular,12,Delete,ConfigMap,false
7.91574649,Regular,12,Delete,Deployment,false
7.927849832,Regular,18,Create,Deployment,false
7.946003896,Regular,12,Create,ConfigMap,false
7.958876584,Regular,28,Update,Deployment,false
7.987244429,Regular,32,Delete,ConfigMap,false
7.079482824,Regular,18,Delete,ConfigMap,false
7.098499846,Regular,22,Delete,Deployment,false
7.120721514,Regular,29,Create,Deployment,false
7.15079766,Regular,20,Create,ConfigMap,false
7.171806917,Regular,20,Update,Deployment,false
7.19213455,Regular,21,Delete,ConfigMap,false
7.214071327,Regular,18,Delete,Deployment,false
7.232145211,Regular,29,Create,Deployment,false
7.261236512,Regular,27,Create,ConfigMap,false
7.288412495,Regular,24,Update,Deployment,false
7.313116923,Regular,22,Delete,ConfigMap,false
7.335148878,Regular,32,Delete,Deployment,false
7.367257343,Regular,25,Create,Deployment,false
7.393023993,Regular,28,Create,ConfigMap,false
7.421851184,Regular,21,Update,Deployment,false
7.443850507,Regular,9,Delete,ConfigMap,false
7.45314467,Regular,22,Delete,Deployment,false
7.476054139,Regular,20,Create,Deployment,false
7.496575104,Regular,17,Create,ConfigMap,false
7.5140117029999995,Regular,15,Update,Deployment,false
7.529637296,Regular,21,Delete,ConfigMap,false
7.5514109959999995,Regular,17,Delete,Deployment,false
7.569275318,Regular,22,Create,Deployment,false
7.591687306,Regular,20,Create,ConfigMap,false
7.612414588,Regular,19,Update,Deployment,false
7.631620002,Regular,16,Delete,ConfigMap,false
7.648500655,Regular,9,Delete,Deployment,false
7.658175347,Regular,23,Create,Deployment,false
7.681618624,Regular,19,Create,ConfigMap,false
7.70113652,Regular,24,Update,Deployment,false
7.725781918,Regular,7,Delete,ConfigMap,false
7.73308319,Regular,9,Delete,Deployment,false
7.742260029,Regular,14,Create,Deployment,false
7.756437007,Regular,18,Create,ConfigMap,false
7.774736963,Regular,20,Update,Deployment,false
7.795745689,Regular,14,Delete,ConfigMap,false
7.810351473,Regular,19,Delete,Deployment,false
7.829682775,Regular,22,Create,Deployment,false
7.8517810489999995,Regular,15,Create,ConfigMap,false
7.867769482,Regular,19,Update,Deployment,false
7.887394571,Regular,5,Delete,ConfigMap,false
7.893172674,Regular,13,Delete,Deployment,false
7.90676841,Regular,12,Create,Deployment,false
7.919706833,Regular,15,Create,ConfigMap,false
7.9351451090000005,Regular,15,Update,Deployment,false
7.951038585,Regular,11,Delete,ConfigMap,false
7.962400527,Regular,24,Delete,Deployment,false
7.987367713,Regular,32,Create,Deployment,false
7.008617936,Regular,25,Delete,Deployment,false
7.034324565,Regular,34,Create,Deployment,false
7.069133103,Regular,31,Create,ConfigMap,false
7.100539663,Regular,26,Update,Deployment,false
7.127143546,Regular,15,Delete,ConfigMap,false
7.142713297,Regular,16,Delete,Deployment,false
7.159098304,Regular,24,Create,Deployment,false
7.183701223,Regular,24,Create,ConfigMap,false
7.208204221,Regular,33,Update,Deployment,false
7.241797318,Regular,17,Delete,ConfigMap,false
7.259093354,Regular,28,Delete,Deployment,false
7.287600624,Regular,31,Create,Deployment,false
7.31886387,Regular,18,Create,ConfigMap,false
7.337770247,Regular,32,Update,Deployment,false
7.370355987,Regular,26,Delete,ConfigMap,false
7.397200638,Regular,26,Delete,Deployment,false
7.423684384,Regular,20,Create,Deployment,false
7.443809667,Regular,24,Create,ConfigMap,false
7.4680723,Regular,26,Update,Deployment,false
7.495118938,Regular,15,Delete,ConfigMap,false
7.511121371,Regular,14,Delete,Deployment,false
7.526029498,Regular,22,Create,Deployment,false
7.548663219,Regular,23,Create,ConfigMap,false
7.57267427,Regular,17,Update,Deployment,false
7.590119586,Regular,13,Delete,ConfigMap,false
7.604159045,Regular,16,Delete,Deployment,false
7.62115227,Regular,21,Create,Deployment,false
7.642557251,Regular,15,Create,ConfigMap,false
7.657842802,Regular,23,Update,Deployment,false
7.681128767,Regular,10,Delete,ConfigMap,false
7.691347806,Regular,8,Delete,Deployment,false
7.699386803,Regular,19,Create,Deployment,false
7.718983254,Regular,15,Create,ConfigMap,false
7.734405488,Regular,15,Update,Deployment,false
7.750112227,Regular,7,Delete,ConfigMap,false
7.757835544,Regular,14,Delete,Deployment,false
7.772851158,Regular,15,Create,Deployment,false
7.788510722,Regular,17,Create,ConfigMap,false
7.805545833,Regular,19,Update,Deployment,false
7.82470916,Regular,15,Delete,ConfigMap,false
7.840166464,Regular,20,Delete,Deployment,false
7.860301082,Regular,28,Create,Deployment,false
7.889315674,Regular,13,Create,ConfigMap,false
7.902853467,Regular,15,Update,Deployment,false
7.918737027,Regular,17,Delete,ConfigMap,false
7.936075276,Regular,13,Delete,Deployment,false
7.949555748,Regular,16,Create,Deployment,false
7.966328642,Regular,25,Create,ConfigMap,false
7.992186545,Regular,34,Update,Deployment,false
7.098308239,Regular,20,Delete,Deployment,false
7.118609657,Regular,20,Create,Deployment,false
7.139175891,Regular,24,Create,ConfigMap,false
7.16373421,Regular,20,Update,Deployment,false
7.184720666,Regular,22,Delete,ConfigMap,false
7.207739789,Regular,26,Delete,Deployment,false
7.23469028,Regular,24,Create,Deployment,false
7.259504817,Regular,27,Create,ConfigMap,false
7.286789212,Regular,25,Update,Deployment,false
7.312666155,Regular,22,Delete,ConfigMap,false
7.335591747,Regular,32,Delete,Deployment,false
7.367948875,Regular,22,Create,Deployment,false
7.390243418,Regular,15,Create,ConfigMap,false
7.405624953,Regular,36,Update,Deployment,false
7.442024415,Regular,10,Delete,ConfigMap,false
7.452184313,Regular,22,Delete,Deployment,false
7.474417399,Regular,22,Create,Deployment,false
7.497121304,Regular,20,Create,ConfigMap,false
7.517926858,Regular,18,Update,Deployment,false
7.536382657,Regular,16,Delete,ConfigMap,false
7.552600928,Regular,18,Delete,Deployment,false
7.5707199,Regular,22,Create,Deployment,false
7.592876438,Regular,22,Create,ConfigMap,false
7.615038885,Regular,14,Update,Deployment,false
7.629514824,Regular,7,Delete,ConfigMap,false
7.637480171,Regular,7,Delete,Deployment,false
7.644574155,Regular,19,Create,Deployment,false
7.66457938,Regular,15,Create,ConfigMap,false
7.679676792,Regular,22,Update,Deployment,false
7.7020810950000005,Regular,15,Delete,ConfigMap,false
7.717560737,Regular,11,Delete,Deployment,false
7.7293763,Regular,13,Create,Deployment,false
7.742655725,Regular,20,Create,ConfigMap,false
7.763227488,Regular,17,Update,Deployment,false
7.781145861,Regular,15,Delete,ConfigMap,false
7.796387174,Regular,21,Delete,Deployment,false
7.818393236,Regular,20,Create,Deployment,false
7.838915647,Regular,19,Create,ConfigMap,false
7.858918293,Regular,13,Update,Deployment,false
7.872428595,Regular,10,Delete,ConfigMap,false
7.882655324,Regular,10,Delete,Deployment,false
7.892696556,Regular,20,Create,Deployment,false
7.913532622,Regular,16,Create,ConfigMap,false
7.930315957,Regular,15,Update,Deployment,false
7.945482873,Regular,11,Delete,ConfigMap,false
7.957220904,Regular,10,Delete,Deployment,false
7.9679891739999995,Regular,31,Create,Deployment,false
7.999304069,Regular,31,Create,ConfigMap,false
7.006863101,Regular,10,Delete,ConfigMap,false
7.017689088,Regular,21,Delete,Deployment,false
7.039676454,Regular,28,Create,Deployment,false
7.06805214,Regular,32,Create,ConfigMap,false
7.100961291,Regular,20,Update,Deployment,false
7.121386737,Regular,13,Delete,ConfigMap,false
7.135352221,Regular,20,Delete,Deployment,false
7.155734318,Regular,23,Create,Deployment,false
7.179575351,Regular,28,Create,ConfigMap,false
7.207673967,Regular,29,Update,Deployment,false
7.237325095,Regular,18,Delete,ConfigMap,false
7.256087746,Regular,31,Delete,Deployment,false
7.287473056,Regular,22,Create,Deployment,false
7.310337591,Regular,23,Create,ConfigMap,false
7.334118109,Regular,24,Update,Deployment,false
7.35896374,Regular,23,Delete,ConfigMap,false
7.3825541789999996,Regular,16,Delete,Deployment,false
7.399461253,Regular,24,Create,Deployment,false
7.424125491,Regular,21,Create,ConfigMap,false
7.445675302,Regular,24,Update,Deployment,false
7.470034913,Regular,15,Delete,ConfigMap,false
7.485149631,Regular,15,Delete,Deployment,false
7.500813855,Regular,16,Create,Deployment,false
7.517639278,Regular,22,Create,ConfigMap,false
7.540060981,Regular,23,Update,Deployment,false
7.563123479,Regular,17,Delete,ConfigMap,false
7.580777519,Regular,10,Delete,Deployment,false
7.591682721,Regular,19,Create,Deployment,false
7.610884743,Regular,18,Create,ConfigMap,false
7.6295910110000005,Regular,13,Update,Deployment,false
7.643041311,Regular,19,Delete,ConfigMap,false
7.662769882,Regular,16,Delete,Deployment,false
7.679747281,Regular,16,Create,Deployment,false
7.696205206,Regular,22,Create,ConfigMap,false
7.718715086,Regular,15,Update,Deployment,false
7.733921532,Regular,7,Delete,ConfigMap,false
7.741339223,Regular,14,Delete,Deployment,false
7.756288429,Regular,17,Create,Deployment,false
7.773686586,Regular,16,Create,ConfigMap,false
7.79018644,Regular,15,Update,Deployment,false
7.805461381,Regular,8,Delete,ConfigMap,false
7.814122153,Regular,21,Delete,Deployment,false
7.835361599,Regular,25,Create,Deployment,false
7.86055143,Regular,21,Create,ConfigMap,false
7.882547061,Regular,20,Update,Deployment,false
7.902972638,Regular,10,Delete,ConfigMap,false
7.91387339,Regular,8,Delete,Deployment,false
7.922120989,Regular,15,Create,Deployment,false
7.938146244,Regular,20,Create,ConfigMap,false
7.95834539,Regular,28,Update,Deployment,false
7.986860693,Regular,10,Delete,ConfigMap,false
7.99720368,Regular,27,Delete,Deployment,false
8.024595493,Regular,27,Create,Deployment,false
7.019971931,Regular,26,Create,ConfigMap,false
7.046810506,Regular,31,Update,Deployment,false
7.078700837,Regular,18,Delete,ConfigMap,false
7.097194799,Regular,25,Delete,Deployment,false
7.122663652,Regular,30,Create,Deployment,false
7.153604655,Regular,19,Create,ConfigMap,false
7.173064289,Regular,36,Update,Deployment,false
7.2093186,Regular,25,Delete,ConfigMap,false
7.234581341,Regular,21,Delete,Deployment,false
7.256365414,Regular,31,Create,Deployment,false
7.288095447,Regular,36,Create,ConfigMap,false
7.325036274,Regular,30,Update,Deployment,false
7.355333239,Regular,26,Delete,ConfigMap,false
7.381673619,Regular,16,Delete,Deployment,false
7.3984093380000004,Regular,28,Create,Deployment,false
7.427193019,Regular,21,Create,ConfigMap,false
7.448873218,Regular,16,Update,Deployment,false
7.465621126,Regular,18,Delete,ConfigMap,false
7.483693208,Regular,12,Delete,Deployment,false
7.495917195,Regular,16,Create,Deployment,false
7.512339166,Regular,18,Create,ConfigMap,false
7.530996202,Regular,21,Update,Deployment,false
7.552037508,Regular,29,Delete,ConfigMap,false
7.58198627,Regular,9,Delete,Deployment,false
7.591210637,Regular,19,Create,Deployment,false
7.610983776,Regular,18,Create,ConfigMap,false
7.6292946839999995,Regular,11,Update,Deployment,false
7.640731591,Regular,10,Delete,ConfigMap,false
7.650949418,Regular,6,Delete,Deployment,false
7.657447379,Regular,19,Create,Deployment,false
7.676607701,Regular,14,Create,ConfigMap,false
7.691012351,Regular,21,Update,Deployment,false
7.7122923310000004,Regular,8,Delete,ConfigMap,false
7.720919218,Regular,12,Delete,Deployment,false
7.73354495,Regular,19,Create,Deployment,false
7.753317607,Regular,19,Create,ConfigMap,false
7.773111286,Regular,15,Update,Deployment,false
7.788626102,Regular,9,Delete,ConfigMap,false
7.798364761,Regular,21,Delete,Deployment,false
7.819926091,Regular,17,Create,Deployment,false
7.837260322,Regular,11,Create,ConfigMap,false
7.849245594,Regular,28,Update,Deployment,false
7.877954104,Regular,12,Delete,ConfigMap,false
7.890123451,Regular,10,Delete,Deployment,false
7.900840435,Regular,17,Create,Deployment,false
7.917970219,Regular,19,Create,ConfigMap,false
7.937046958,Regular,21,Update,Deployment,false
7.95825709,Regular,9,Delete,ConfigMap,false
7.96811603,Regular,30,Delete,Deployment,false
7.998880125,Regular,35,Create,Deployment,false
8.034899052,Regular,23,Create,ConfigMap,false
7.019371252,Regular,28,Create,ConfigMap,false
7.047436591,Regular,38,Update,Deployment,false
7.086405988,Regular,17,Delete,ConfigMap,false
7.104416235,Regular,14,Delete,Deployment,false
7.118588987,Regular,35,Create,Deployment,false
7.153885784,Regular,31,Create,ConfigMap,false
7.1851622410000004,Regular,30,Update,Deployment,false
7.215237375,Regular,20,Delete,ConfigMap,false
7.235396863,Regular,21,Delete,Deployment,false
7.256928186,Regular,30,Create,Deployment,false
7.287042052,Regular,37,Create,ConfigMap,false
7.324630885,Regular,34,Update,Deployment,false
7.3592418,Regular,23,Delete,ConfigMap,false
7.382748766,Regular,16,Delete,Deployment,false
7.398990018,Regular,41,Create,Deployment,false
7.440385955,Regular,16,Create,ConfigMap,false
7.457244993,Regular,27,Update,Deployment,false
7.484806391,Regular,18,Delete,ConfigMap,false
7.503199691,Regular,15,Delete,Deployment,false
7.518605617,Regular,18,Create,Deployment,false
7.536635435,Regular,23,Create,ConfigMap,false
7.560290139,Regular,24,Update,Deployment,false
7.584803154,Regular,17,Delete,ConfigMap,false
7.602231805,Regular,15,Delete,Deployment,false
7.61819824,Regular,13,Create,Deployment,false
7.631297524,Regular,10,Create,ConfigMap,false
7.641774474,Regular,15,Update,Deployment,false
7.657951285,Regular,8,Delete,ConfigMap,false
7.666265417,Regular,13,Delete,Deployment,false
7.6802346870000004,Regular,20,Create,Deployment,false
7.701157872,Regular,23,Create,ConfigMap,false
7.724996393,Regular,15,Update,Deployment,false
7.740715313,Regular,13,Delete,ConfigMap,false
7.753963239,Regular,10,Delete,Deployment,false
7.764504067,Regular,19,Create,Deployment,false
7.7836763730000005,Regular,21,Create,ConfigMap,false
7.805007686,Regular,19,Update,Deployment,false
7.824926398,Regular,13,Delete,ConfigMap,false
7.838411494,Regular,21,Delete,Deployment,false
7.85989213,Regular,18,Create,Deployment,false
7.878120981,Regular,14,Create,ConfigMap,false
7.892211708,Regular,17,Update,Deployment,false
7.9098058380000005,Regular,12,Delete,ConfigMap,false
7.922390309,Regular,12,Delete,Deployment,false
7.935272916,Regular,17,Create,Deployment,false
7.952968128,Regular,10,Create,ConfigMap,false
7.963911379,Regular,24,Update,Deployment,false
7.988397105,Regular,17,Delete,ConfigMap,false
8.006276932,Regular,21,Delete,Deployment,false
8.027444835,Regular,25,Create,Deployment,false
8.052788709,Regular,22,Create,ConfigMap,false
7.085032949,Regular,28,Delete,ConfigMap,false
7.113633687,Regular,22,Delete,Deployment,false
7.136248781,Regular,22,Create,Deployment,false
7.158888038,Regular,23,Create,ConfigMap,false
7.182592601,Regular,23,Update,Deployment,false
7.20616384,Regular,19,Delete,ConfigMap,false
7.22595434,Regular,22,Delete,Deployment,false
7.24861879,Regular,32,Create,Deployment,false
7.281228411,Regular,24,Create,ConfigMap,false
7.305964703,Regular,29,Update,Deployment,false
7.335645144,Regular,27,Delete,ConfigMap,false
7.362755926,Regular,19,Delete,Deployment,false
7.382421019,Regular,23,Create,Deployment,false
7.40639142,Regular,35,Create,ConfigMap,false
7.441627855,Regular,21,Update,Deployment,false
7.462989584,Regular,13,Delete,ConfigMap,false
7.476131685,Regular,15,Delete,Deployment,false
7.491746907,Regular,21,Create,Deployment,false
7.512932198,Regular,19,Create,ConfigMap,false
7.532153697,Regular,20,Update,Deployment,false
7.55237043,Regular,31,Delete,ConfigMap,false
7.583590179,Regular,16,Delete,Deployment,false
7.599759138,Regular,21,Create,Deployment,false
7.621112607,Regular,14,Create,ConfigMap,false
7.63529815,Regular,15,Update,Deployment,false
7.650614538,Regular,11,Delete,ConfigMap,false
7.662431662,Regular,12,Delete,Deployment,false
7.674566616,Regular,15,Create,Deployment,false
7.69012216,Regular,19,Create,ConfigMap,false
7.709300331,Regular,16,Update,Deployment,false
7.726335444,Regular,13,Delete,ConfigMap,false
7.739413251,Regular,11,Delete,Deployment,false
7.750933122,Regular,19,Create,Deployment,false
7.770840515,Regular,18,Create,ConfigMap,false
7.789063413,Regular,17,Update,Deployment,false
7.806791004,Regular,15,Delete,ConfigMap,false
7.822789765,Regular,12,Delete,Deployment,false
7.835174278,Regular,25,Create,Deployment,false
7.86045575,Regular,22,Create,ConfigMap,false
7.883271087,Regular,15,Update,Deployment,false
7.899189854,Regular,11,Delete,ConfigMap,false
7.911175519,Regular,10,Delete,Deployment,false
7.921497426,Regular,16,Create,Deployment,false
7.938250932,Regular,19,Create,ConfigMap,false
7.95816899,Regular,28,Update,Deployment,false
7.986297138,Regular,32,Delete,ConfigMap,false
8.019020604,Regular,22,Delete,Deployment,false
8.041415059,Regular,37,Create,Deployment,false
8.051969994,Regular,41,Create,ConfigMap,false
8.093303096,Regular,27,Update,Deployment,false
8.120863842,Regular,26,Delete,ConfigMap,false
8.147674199,Regular,15,Delete,Deployment,false
8.16337095,Regular,22,Create,Deployment,false
8.186111254,Regular,20,Create,ConfigMap,false
8.206736697,Regular,21,Update,Deployment,false
8.228460328,Regular,12,Delete,ConfigMap,false
8.241461105,Regular,11,Delete,Deployment,false
8.252621643,Regular,16,Create,Deployment,false
8.269409612,Regular,22,Create,ConfigMap,false
8.291958238,Regular,24,Update,Deployment,false
8.316010614,Regular,17,Delete,ConfigMap,false
8.333196382,Regular,12,Delete,Deployment,false
8.346110899,Regular,20,Create,Deployment,false
8.366701004,Regular,20,Create,ConfigMap,false
8.386917339,Regular,12,Update,Deployment,false
8.399285854,Regular,13,Delete,ConfigMap,false
8.413081577,Regular,8,Delete,Deployment,false
8.421307669,Regular,18,Create,Deployment,false
8.439674868,Regular,13,Create,ConfigMap,false
8.453602785,Regular,15,Update,Deployment,false
8.469375194,Regular,12,Delete,ConfigMap,false
8.481738713,Regular,13,Delete,Deployment,false
8.495559215,Regular,13,Create,Deployment,false
8.508989691,Regular,10,Create,ConfigMap,false
8.519648018,Regular,15,Update,Deployment,false
8.534938422,Regular,13,Delete,ConfigMap,false
8.548011664,Regular,12,Delete,Deployment,false
8.560836161,Regular,17,Create,Deployment,false
8.578221787,Regular,14,Create,ConfigMap,false
8.593097605,Regular,10,Update,Deployment,false
8.603434626,Regular,12,Delete,ConfigMap,false
8.615635031,Regular,12,Delete,Deployment,false
8.628181127,Regular,15,Create,Deployment,false
8.64350541,Regular,11,Create,ConfigMap,false
8.655003878,Regular,15,Update,Deployment,false
8.670669182,Regular,15,Delete,ConfigMap,false
8.686115587,Regular,9,Delete,Deployment,false
8.695280159,Regular,17,Create,Deployment,false
8.712397512,Regular,17,Create,ConfigMap,false
8.729972689,Regular,14,Update,Deployment,false
8.744399845,Regular,8,Delete,ConfigMap,false
8.752681406,Regular,18,Delete,Deployment,false
8.77167825,Regular,13,Create,Deployment,false
8.785305055,Regular,15,Create,ConfigMap,false
8.801004832,Regular,16,Update,Deployment,false
8.818011736,Regular,10,Delete,ConfigMap,false
8.828866843,Regular,9,Delete,Deployment,false
8.838097778,Regular,18,Create,Deployment,false
8.856442563,Regular,12,Create,ConfigMap,false
8.869408998,Regular,16,Update,Deployment,false
8.886074872,Regular,8,Delete,ConfigMap,false
8.894644888,Regular,13,Delete,Deployment,false
8.908230175,Regular,21,Create,Deployment,false
8.929865109,Regular,35,Create,ConfigMap,false
8.96569101,Regular,27,Update,Deployment,false
8.993005618,Regular,14,Delete,ConfigMap,false
8.009030124,Regular,22,Delete,ConfigMap,false
8.031981372,Regular,28,Delete,Deployment,false
8.060390098,Regular,32,Create,Deployment,false
8.092954667,Regular,26,Create,ConfigMap,false
8.119625735,Regular,26,Update,Deployment,false
8.146544956,Regular,16,Delete,ConfigMap,false
8.163383669,Regular,21,Delete,Deployment,false
8.184663366,Regular,28,Create,Deployment,false
8.212930657,Regular,20,Create,ConfigMap,false
8.233703611,Regular,18,Update,Deployment,false
8.252167052,Regular,10,Delete,ConfigMap,false
8.262947518,Regular,11,Delete,Deployment,false
8.274033617,Regular,31,Create,Deployment,false
8.305139864,Regular,22,Create,ConfigMap,false
8.327796005,Regular,26,Update,Deployment,false
8.354644004,Regular,11,Delete,ConfigMap,false
8.366702561,Regular,13,Delete,Deployment,false
8.380004671,Regular,14,Create,Deployment,false
8.394945809,Regular,13,Create,ConfigMap,false
8.408953365,Regular,14,Update,Deployment,false
8.423410372,Regular,9,Delete,ConfigMap,false
8.432704374,Regular,15,Delete,Deployment,false
8.447953538,Regular,13,Create,Deployment,false
8.461159497,Regular,14,Create,ConfigMap,false
8.476105971,Regular,12,Update,Deployment,false
8.488969713,Regular,12,Delete,ConfigMap,false
8.501170744,Regular,13,Delete,Deployment,false
8.515089222,Regular,20,Create,Deployment,false
8.535682337,Regular,15,Create,ConfigMap,false
8.551139552,Regular,17,Update,Deployment,false
8.568348703,Regular,8,Delete,ConfigMap,false
8.577190233,Regular,11,Delete,Deployment,false
8.588737433,Regular,12,Create,Deployment,false
8.601048818,Regular,14,Create,ConfigMap,false
8.615499776,Regular,13,Update,Deployment,false
8.628983923,Regular,6,Delete,ConfigMap,false
8.635559755,Regular,13,Delete,Deployment,false
8.649136383,Regular,13,Create,Deployment,false
8.663128934,Regular,8,Create,ConfigMap,false
8.671379372,Regular,16,Update,Deployment,false
8.687901236,Regular,7,Delete,ConfigMap,false
8.695147173,Regular,10,Delete,Deployment,false
8.705586872,Regular,29,Create,Deployment,false
8.734710713,Regular,13,Create,ConfigMap,false
8.747800493,Regular,16,Update,Deployment,false
8.764148322,Regular,8,Delete,ConfigMap,false
8.773046823,Regular,8,Delete,Deployment,false
8.781867143,Regular,8,Create,Deployment,false
8.79038793,Regular,15,Create,ConfigMap,false
8.806270997,Regular,18,Update,Deployment,false
8.825242603,Regular,8,Delete,ConfigMap,false
8.833935675,Regular,12,Delete,Deployment,false
8.846313447,Regular,17,Create,Deployment,false
8.86398165,Regular,17,Create,ConfigMap,false
8.8815724,Regular,13,Update,Deployment,false
8.895479696,Regular,11,Delete,ConfigMap,false
8.907324711,Regular,12,Delete,Deployment,false
8.919365662,Regular,11,Create,Deployment,false
8.930635923,Regular,35,Create,ConfigMap,false
8.966346404,Regular,26,Update,Deployment,false
8.992452535,Regular,15,Delete,ConfigMap,false
8.027286172,Regular,25,Delete,ConfigMap,false
8.052972734,Regular,21,Delete,Deployment,false
8.074768646,Regular,31,Create,Deployment,false
8.105903988,Regular,17,Create,ConfigMap,false
8.123012917,Regular,33,Update,Deployment,false
8.156679691,Regular,20,Delete,ConfigMap,false
8.177209439,Regular,18,Delete,Deployment,false
8.19596501,Regular,19,Create,Deployment,false
8.215127284,Regular,25,Create,ConfigMap,false
8.240138744,Regular,13,Update,Deployment,false
8.253836801,Regular,9,Delete,ConfigMap,false
8.263347729,Regular,10,Delete,Deployment,false
8.274035513,Regular,31,Create,Deployment,false
8.305196534,Regular,20,Create,ConfigMap,false
8.326058932,Regular,27,Update,Deployment,false
8.353111264,Regular,12,Delete,ConfigMap,false
8.365170392,Regular,5,Delete,Deployment,false
8.370640485,Regular,17,Create,Deployment,false
8.387880151,Regular,13,Create,ConfigMap,false
8.401035122,Regular,14,Update,Deployment,false
8.415371148,Regular,15,Delete,ConfigMap,false
8.431076364,Regular,15,Delete,Deployment,false
8.446327475,Regular,15,Create,Deployment,false
8.462093277,Regular,20,Create,ConfigMap,false
8.482651093,Regular,15,Update,Deployment,false
8.498581443,Regular,8,Delete,ConfigMap,false
8.507534951,Regular,9,Delete,Deployment,false
8.517475919,Regular,16,Create,Deployment,false
8.534034625,Regular,17,Create,ConfigMap,false
8.551134829,Regular,14,Update,Deployment,false
8.56569848,Regular,11,Delete,ConfigMap,false
8.57742474,Regular,10,Delete,Deployment,false
8.588385839,Regular,13,Create,Deployment,false
8.601701134,Regular,15,Create,ConfigMap,false
8.617045237,Regular,16,Update,Deployment,false
8.633607304,Regular,10,Delete,ConfigMap,false
8.643716419,Regular,8,Delete,Deployment,false
8.652619623,Regular,18,Create,Deployment,false
8.671033482,Regular,15,Create,ConfigMap,false
8.686649767,Regular,17,Update,Deployment,false
8.703797318,Regular,16,Delete,ConfigMap,false
8.720205804999999,Regular,17,Delete,Deployment,false
8.737299833,Regular,14,Create,Deployment,false
8.752223109,Regular,20,Create,ConfigMap,false
8.773034016,Regular,13,Update,Deployment,false
8.786188438,Regular,15,Delete,ConfigMap,false
8.801417,Regular,12,Delete,Deployment,false
8.814159322,Regular,11,Create,Deployment,false
8.825523363,Regular,10,Create,ConfigMap,false
8.835674267,Regular,18,Update,Deployment,false
8.854601814,Regular,7,Delete,ConfigMap,false
8.862065556,Regular,13,Delete,Deployment,false
8.875491342,Regular,13,Create,Deployment,false
8.888836569,Regular,10,Create,ConfigMap,false
8.899662114,Regular,19,Update,Deployment,false
8.919340167,Regular,11,Delete,ConfigMap,false
8.931040705000001,Regular,11,Delete,Deployment,false
8.94271757,Regular,39,Create,Deployment,false
8.982326009,Regular,25,Create,ConfigMap,false
8.030905226,Regular,45,Update,Deployment,false
8.076278912,Regular,30,Delete,ConfigMap,false
8.106992798,Regular,17,Delete,Deployment,false
8.124422454,Regular,33,Create,Deployment,false
8.157488943,Regular,19,Create,ConfigMap,false
8.176994411,Regular,21,Update,Deployment,false
8.198286081,Regular,16,Delete,ConfigMap,false
8.214473347,Regular,17,Delete,Deployment,false
8.232081276,Regular,16,Create,Deployment,false
8.248581595,Regular,15,Create,ConfigMap,false
8.263942718,Regular,18,Update,Deployment,false
8.282812565,Regular,21,Delete,ConfigMap,false
8.30453548,Regular,11,Delete,Deployment,false
8.315964103,Regular,23,Create,Deployment,false
8.339437485,Regular,20,Create,ConfigMap,false
8.360081132,Regular,13,Update,Deployment,false
8.37341634,Regular,12,Delete,ConfigMap,false
8.386209731,Regular,8,Delete,Deployment,false
8.394382909,Regular,12,Create,Deployment,false
8.407235221,Regular,17,Create,ConfigMap,false
8.424871812,Regular,20,Update,Deployment,false
8.444966046,Regular,9,Delete,ConfigMap,false
8.45419513,Regular,14,Delete,Deployment,false
8.468896797,Regular,12,Create,Deployment,false
8.481593405,Regular,8,Create,ConfigMap,false
8.490406556,Regular,24,Update,Deployment,false
8.515149049,Regular,11,Delete,ConfigMap,false
8.52681733,Regular,12,Delete,Deployment,false
8.53946127,Regular,19,Create,Deployment,false
8.558782435,Regular,13,Create,ConfigMap,false
8.572789511,Regular,16,Update,Deployment,false
8.589018045,Regular,6,Delete,ConfigMap,false
8.595899722,Regular,10,Delete,Deployment,false
8.60660129,Regular,16,Create,Deployment,false
8.623016628,Regular,10,Create,ConfigMap,false
8.63427095,Regular,15,Update,Deployment,false
8.650115615,Regular,10,Delete,ConfigMap,false
8.660563215,Regular,11,Delete,Deployment,false
8.671683465,Regular,15,Create,Deployment,false
8.686763126,Regular,15,Create,ConfigMap,false
8.701894623,Regular,19,Update,Deployment,false
8.721120011,Regular,15,Delete,ConfigMap,false
8.737097513,Regular,13,Delete,Deployment,false
8.750802708,Regular,19,Create,Deployment,false
8.770439263,Regular,10,Create,ConfigMap,false
8.781152715,Regular,19,Update,Deployment,false
8.801243409,Regular,13,Delete,ConfigMap,false
8.815142093,Regular,12,Delete,Deployment,false
8.828106332,Regular,16,Create,Deployment,false
8.844727839,Regular,11,Create,ConfigMap,false
8.856181131,Regular,14,Update,Deployment,false
8.87076619,Regular,13,Delete,ConfigMap,false
8.884526227,Regular,10,Delete,Deployment,false
8.895561876,Regular,27,Create,Deployment,false
8.92266669,Regular,10,Create,ConfigMap,false
8.932886265,Regular,23,Update,Deployment,false
8.956875151,Regular,16,Delete,ConfigMap,false
8.973356999,Regular,13,Delete,Deployment,false
8.986972703,Regular,25,Create,Deployment,false
8.078514217,Regular,29,Create,ConfigMap,false
8.107873183,Regular,37,Update,Deployment,false
8.145216457,Regular,10,Delete,ConfigMap,false
8.155962871,Regular,13,Delete,Deployment,false
8.169202312,Regular,29,Create,Deployment,false
8.198623428,Regular,17,Create,ConfigMap,false
8.215966267,Regular,24,Update,Deployment,false
8.240794675,Regular,11,Delete,ConfigMap,false
8.252905955,Regular,9,Delete,Deployment,false
8.261926499,Regular,13,Create,Deployment,false
8.275426713,Regular,29,Create,ConfigMap,false
8.304997822,Regular,22,Update,Deployment,false
8.327458742,Regular,20,Delete,ConfigMap,false
8.348460812999999,Regular,17,Delete,Deployment,false
8.365545632,Regular,15,Create,Deployment,false
8.381144622,Regular,12,Create,ConfigMap,false
8.394042464,Regular,14,Update,Deployment,false
8.408633468,Regular,15,Delete,ConfigMap,false
8.423796772,Regular,10,Delete,Deployment,false
8.434203402,Regular,18,Create,Deployment,false
8.452504958,Regular,14,Create,ConfigMap,false
8.467324492,Regular,21,Update,Deployment,false
8.488496209000001,Regular,11,Delete,ConfigMap,false
8.500428843,Regular,15,Delete,Deployment,false
8.516274551,Regular,18,Create,Deployment,false
8.534540222,Regular,16,Create,ConfigMap,false
8.551317327,Regular,17,Update,Deployment,false
8.568541274,Regular,9,Delete,ConfigMap,false
8.577732315,Regular,10,Delete,Deployment,false
8.587937034,Regular,13,Create,Deployment,false
8.601089101,Regular,15,Create,ConfigMap,false
8.616601705,Regular,16,Update,Deployment,false
8.633295092000001,Regular,10,Delete,ConfigMap,false
8.643652802,Regular,9,Delete,Deployment,false
8.653484881,Regular,16,Create,Deployment,false
8.669640114,Regular,15,Create,ConfigMap,false
8.685176493,Regular,16,Update,Deployment,false
8.70159394,Regular,20,Delete,ConfigMap,false
8.721624409,Regular,15,Delete,Deployment,false
8.737335441,Regular,14,Create,Deployment,false
8.752229932,Regular,16,Create,ConfigMap,false
8.768668067,Regular,12,Update,Deployment,false
8.780884967,Regular,7,Delete,ConfigMap,false
8.78829161,Regular,12,Delete,Deployment,false
8.800684522,Regular,14,Create,Deployment,false
8.815230725,Regular,14,Create,ConfigMap,false
8.829403683,Regular,17,Update,Deployment,false
8.846584211,Regular,9,Delete,ConfigMap,false
8.855936403,Regular,13,Delete,Deployment,false
8.869416748,Regular,16,Create,Deployment,false
8.886026489,Regular,9,Create,ConfigMap,false
8.896048188,Regular,26,Update,Deployment,false
8.922914999,Regular,7,Delete,ConfigMap,false
8.930720422,Regular,30,Delete,Deployment,false
8.961429111,Regular,22,Create,Deployment,false
8.984006074,Regular,32,Create,ConfigMap,false
8.074895123,Regular,31,Update,Deployment,false
8.106784158,Regular,15,Delete,ConfigMap,false
8.12272361,Regular,27,Delete,Deployment,false
8.150395713,Regular,18,Create,Deployment,false
8.168473117,Regular,15,Create,ConfigMap,false
8.184182994,Regular,20,Update,Deployment,false
8.20490244,Regular,18,Delete,ConfigMap,false
8.223066608,Regular,14,Delete,Deployment,false
8.23723832,Regular,18,Create,Deployment,false
8.255856228,Regular,12,Create,ConfigMap,false
8.268810109,Regular,26,Update,Deployment,false
8.295478944,Regular,11,Delete,ConfigMap,false
8.306700787,Regular,18,Delete,Deployment,false
8.325064628,Regular,28,Create,Deployment,false
8.353276444,Regular,13,Create,ConfigMap,false
8.367091151,Regular,19,Update,Deployment,false
8.386834735,Regular,7,Delete,ConfigMap,false
8.393961078,Regular,7,Delete,Deployment,false
8.401858280999999,Regular,16,Create,Deployment,false
8.418075217,Regular,14,Create,ConfigMap,false
8.432553791,Regular,16,Update,Deployment,false
8.448755643,Regular,10,Delete,ConfigMap,false
8.45945037,Regular,12,Delete,Deployment,false
8.471932860999999,Regular,10,Create,Deployment,false
8.48264802,Regular,14,Create,ConfigMap,false
8.497086955,Regular,14,Update,Deployment,false
8.511594747,Regular,7,Delete,ConfigMap,false
8.519072886,Regular,10,Delete,Deployment,false
8.529702776,Regular,18,Create,Deployment,false
8.548282712,Regular,14,Create,ConfigMap,false
8.562708908,Regular,15,Update,Deployment,false
8.578145878,Regular,13,Delete,ConfigMap,false
8.591443234,Regular,5,Delete,Deployment,false
8.597246569,Regular,18,Create,Deployment,false
8.615922425,Regular,19,Create,ConfigMap,false
8.635775667,Regular,15,Update,Deployment,false
8.651796218,Regular,7,Delete,ConfigMap,false
8.658956322,Regular,10,Delete,Deployment,false
8.66964348,Regular,16,Create,Deployment,false
8.685805769,Regular,16,Create,ConfigMap,false
8.702376078,Regular,20,Update,Deployment,false
8.722932289,Regular,15,Delete,ConfigMap,false
8.738173328,Regular,13,Delete,Deployment,false
8.75194386,Regular,20,Create,Deployment,false
8.772094474,Regular,13,Create,ConfigMap,false
8.785225721,Regular,16,Update,Deployment,false
8.801731386,Regular,13,Delete,ConfigMap,false
8.815112493,Regular,11,Delete,Deployment,false
8.826852865,Regular,14,Create,Deployment,false
8.841769878000001,Regular,14,Create,ConfigMap,false
8.856065381,Regular,20,Update,Deployment,false
8.876239105,Regular,8,Delete,ConfigMap,false
8.884936669,Regular,10,Delete,Deployment,false
8.895612474,Regular,11,Create,Deployment,false
8.907378654,Regular,21,Create,ConfigMap,false
8.928431993,Regular,35,Update,Deployment,false
8.963527877,Regular,18,Delete,ConfigMap,false
8.982012043,Regular,13,Delete,Deployment,false
8.995318722,Regular,21,Create,Deployment,false
8.058639001,Regular,34,Update,Deployment,false
8.093396936,Regular,24,Delete,ConfigMap,false
8.117966353,Regular,15,Delete,Deployment,false
8.133398389,Regular,23,Create,Deployment,false
8.156584243,Regular,26,Create,ConfigMap,false
8.183518083,Regular,25,Update,Deployment,false
8.208843262,Regular,14,Delete,ConfigMap,false
8.223247519,Regular,17,Delete,Deployment,false
8.240623168,Regular,18,Create,Deployment,false
8.258969622,Regular,15,Create,ConfigMap,false
8.274290839,Regular,15,Update,Deployment,false
8.290320724,Regular,16,Delete,ConfigMap,false
8.306411776000001,Regular,18,Delete,Deployment,false
8.324670585,Regular,17,Create,Deployment,false
8.341779437,Regular,17,Create,ConfigMap,false
8.359271691,Regular,14,Update,Deployment,false
8.374162214,Regular,10,Delete,ConfigMap,false
8.384918279,Regular,10,Delete,Deployment,false
8.395185398,Regular,15,Create,Deployment,false
8.410542186,Regular,14,Create,ConfigMap,false
8.425497484,Regular,19,Update,Deployment,false
8.445337181,Regular,13,Delete,ConfigMap,false
8.458935097,Regular,10,Delete,Deployment,false
8.469814329,Regular,20,Create,Deployment,false
8.49011714,Regular,10,Create,ConfigMap,false
8.500413883,Regular,15,Update,Deployment,false
8.515689111,Regular,11,Delete,ConfigMap,false
8.527631166,Regular,11,Delete,Deployment,false
8.539383422,Regular,18,Create,Deployment,false
8.558385296,Regular,13,Create,ConfigMap,false
8.571559726,Regular,15,Update,Deployment,false
8.587483822,Regular,8,Delete,ConfigMap,false
8.595576446,Regular,9,Delete,Deployment,false
8.604623888999999,Regular,12,Create,Deployment,false
8.616809413,Regular,16,Create,ConfigMap,false
8.632869652,Regular,18,Update,Deployment,false
8.651187543,Regular,9,Delete,ConfigMap,false
8.660282233,Regular,10,Delete,Deployment,false
8.670758685,Regular,16,Create,Deployment,false
8.687164833,Regular,14,Create,ConfigMap,false
8.701684438000001,Regular,17,Update,Deployment,false
8.719469414,Regular,10,Delete,ConfigMap,false
8.730027511,Regular,7,Delete,Deployment,false
8.737795978,Regular,14,Create,Deployment,false
8.752358305,Regular,19,Create,ConfigMap,false
8.771893711,Regular,13,Update,Deployment,false
8.785303446,Regular,7,Delete,ConfigMap,false
8.792984365,Regular,9,Delete,Deployment,false
8.802790702,Regular,14,Create,Deployment,false
8.816863185,Regular,11,Create,ConfigMap,false
8.82849078,Regular,17,Update,Deployment,false
8.84651415,Regular,10,Delete,ConfigMap,false
8.856942538,Regular,12,Delete,Deployment,false
8.86959509,Regular,18,Create,Deployment,false
8.888024224,Regular,11,Create,ConfigMap,false
8.89934248,Regular,14,Update,Deployment,false
8.91386246,Regular,9,Delete,ConfigMap,false
8.923542517,Regular,11,Delete,Deployment,false
8.935349852,Regular,39,Create,Deployment,false
8.975297087,Regular,21,Create,ConfigMap,false
8.996884235,Regular,20,Update,Deployment,false
8.019450047,Regular,22,Delete,Deployment,false
8.041767882,Regular,35,Create,Deployment,false
8.077709209,Regular,29,Create,ConfigMap,false
8.107068746,Regular,24,Update,Deployment,false
8.131926694,Regular,23,Delete,ConfigMap,false
8.155590085,Regular,21,Delete,Deployment,false
8.176970022,Regular,21,Create,Deployment,false
8.198309976,Regular,23,Create,ConfigMap,false
8.221750341,Regular,19,Update,Deployment,false
8.241124415,Regular,15,Delete,ConfigMap,false
8.256862587,Regular,9,Delete,Deployment,false
8.266619366,Regular,16,Create,Deployment,false
8.282743636,Regular,21,Create,ConfigMap,false
8.304404314,Regular,16,Update,Deployment,false
8.321011173,Regular,11,Delete,ConfigMap,false
8.332572625,Regular,13,Delete,Deployment,false
8.345625173,Regular,22,Create,Deployment,false
8.367834303,Regular,19,Create,ConfigMap,false
8.387498139,Regular,12,Update,Deployment,false
8.400193875,Regular,7,Delete,ConfigMap,false
8.407872757,Regular,9,Delete,Deployment,false
8.417884303,Regular,22,Create,Deployment,false
8.440063248,Regular,13,Create,ConfigMap,false
8.453769795,Regular,14,Update,Deployment,false
8.468510438,Regular,13,Delete,ConfigMap,false
8.481757494,Regular,9,Delete,Deployment,false
8.491670232,Regular,17,Create,Deployment,false
8.508867642,Regular,10,Create,ConfigMap,false
8.519249918,Regular,18,Update,Deployment,false
8.537705457,Regular,12,Delete,ConfigMap,false
8.550699121,Regular,11,Delete,Deployment,false
8.562580831,Regular,9,Create,Deployment,false
8.572251295000001,Regular,16,Create,ConfigMap,false
8.58889379,Regular,12,Update,Deployment,false
8.601628926,Regular,12,Delete,ConfigMap,false
8.613718701,Regular,5,Delete,Deployment,false
8.619175348,Regular,16,Create,Deployment,false
8.635409347,Regular,13,Create,ConfigMap,false
8.648998641,Regular,13,Update,Deployment,false
8.662172022,Regular,8,Delete,ConfigMap,false
8.670746302,Regular,15,Delete,Deployment,false
8.686388288,Regular,16,Create,Deployment,false
8.70314316,Regular,23,Create,ConfigMap,false
8.726476174,Regular,19,Update,Deployment,false
8.746136823,Regular,8,Delete,ConfigMap,false
8.754649023,Regular,16,Delete,Deployment,false
8.771648548,Regular,15,Create,Deployment,false
8.787432158,Regular,13,Create,ConfigMap,false
8.801376225,Regular,14,Update,Deployment,false
8.815858485,Regular,7,Delete,ConfigMap,false
8.823579743,Regular,10,Delete,Deployment,false
8.834086415,Regular,22,Create,Deployment,false
8.856280666,Regular,12,Create,ConfigMap,false
8.869192533,Regular,17,Update,Deployment,false
8.886302797,Regular,10,Delete,ConfigMap,false
8.896556828,Regular,9,Delete,Deployment,false
8.906349731,Regular,23,Create,Deployment,false
8.930147706,Regular,6,Create,ConfigMap,false
8.936734001,Regular,36,Update,Deployment,false
8.973602187000001,Regular,12,Delete,ConfigMap,false
8.986326574,Regular,13,Delete,Deployment,false
9.000241073,Regular,29,Create,Deployment,false
8.019867053,Regular,32,Create,ConfigMap,false
8.052744686,Regular,27,Update,Deployment,false
8.079845763,Regular,25,Delete,ConfigMap,false
8.105468594,Regular,13,Delete,Deployment,false
8.1191956,Regular,26,Create,Deployment,false
8.145756144,Regular,17,Create,ConfigMap,false
8.163230612,Regular,21,Update,Deployment,false
8.184782777,Regular,21,Delete,ConfigMap,false
8.206812908,Regular,10,Delete,Deployment,false
8.21760748,Regular,24,Create,Deployment,false
8.241976595,Regular,16,Create,ConfigMap,false
8.258443402,Regular,19,Update,Deployment,false
8.27761989,Regular,19,Delete,ConfigMap,false
8.297173195,Regular,8,Delete,Deployment,false
8.305721154,Regular,20,Create,Deployment,false
8.326599961,Regular,22,Create,ConfigMap,false
8.348661469,Regular,18,Update,Deployment,false
8.367294872,Regular,15,Delete,ConfigMap,false
8.382640719,Regular,7,Delete,Deployment,false
8.389847473,Regular,13,Create,Deployment,false
8.403031293,Regular,19,Create,ConfigMap,false
8.422768815,Regular,22,Update,Deployment,false
8.445218075,Regular,13,Delete,ConfigMap,false
8.458615085,Regular,10,Delete,Deployment,false
8.468879381,Regular,14,Create,Deployment,false
8.483745356,Regular,13,Create,ConfigMap,false
8.497443331,Regular,18,Update,Deployment,false
8.516046902,Regular,15,Delete,ConfigMap,false
8.531598902,Regular,14,Delete,Deployment,false
8.546186381,Regular,18,Create,Deployment,false
8.564541347,Regular,13,Create,ConfigMap,false
8.577613787,Regular,17,Update,Deployment,false
8.594774165,Regular,7,Delete,ConfigMap,false
8.602582564,Regular,13,Delete,Deployment,false
8.615889611,Regular,16,Create,Deployment,false
8.63242339,Regular,11,Create,ConfigMap,false
8.644322979,Regular,17,Update,Deployment,false
8.662202935,Regular,13,Delete,ConfigMap,false
8.675727657,Regular,10,Delete,Deployment,false
8.686369584,Regular,11,Create,Deployment,false
8.698010371,Regular,21,Create,ConfigMap,false
8.719398087,Regular,15,Update,Deployment,false
8.73446485,Regular,12,Delete,ConfigMap,false
8.747468905,Regular,9,Delete,Deployment,false
8.756750343,Regular,15,Create,Deployment,false
8.772708394,Regular,12,Create,ConfigMap,false
8.784940138,Regular,16,Update,Deployment,false
8.801789614,Regular,13,Delete,ConfigMap,false
8.815093512,Regular,13,Delete,Deployment,false
8.828467943,Regular,18,Create,Deployment,false
8.846742942,Regular,14,Create,ConfigMap,false
8.861226001,Regular,17,Update,Deployment,false
8.878493597,Regular,8,Delete,ConfigMap,false
8.8872887,Regular,9,Delete,Deployment,false
8.897103959,Regular,24,Create,Deployment,false
8.921144254,Regular,12,Create,ConfigMap,false
8.933880057,Regular,41,Update,Deployment,false
8.975217976,Regular,8,Delete,ConfigMap,false
8.983960211,Regular,15,Delete,Deployment,false
8.99994721,Regular,29,Create,Deployment,false
8.00828232,Regular,23,Delete,ConfigMap,false
8.032091255,Regular,29,Delete,Deployment,false
8.061529841,Regular,31,Create,Deployment,false
8.093091948,Regular,26,Create,ConfigMap,false
8.119468815,Regular,36,Update,Deployment,false
8.155895195,Regular,13,Delete,ConfigMap,false
8.169901473,Regular,20,Delete,Deployment,false
8.189996717,Regular,18,Create,Deployment,false
8.208160588,Regular,23,Create,ConfigMap,false
8.231842076,Regular,21,Update,Deployment,false
8.25366825,Regular,9,Delete,ConfigMap,false
8.263508142,Regular,10,Delete,Deployment,false
8.274461745,Regular,31,Create,Deployment,false
8.305743323,Regular,21,Create,ConfigMap,false
8.327619078,Regular,26,Update,Deployment,false
8.353712294,Regular,11,Delete,ConfigMap,false
8.36562638,Regular,15,Delete,Deployment,false
8.381232759,Regular,13,Create,Deployment,false
8.395177398,Regular,11,Create,ConfigMap,false
8.406602601,Regular,18,Update,Deployment,false
8.425496636,Regular,9,Delete,ConfigMap,false
8.435357687,Regular,12,Delete,Deployment,false
8.44805647,Regular,14,Create,Deployment,false
8.462248146,Regular,19,Create,ConfigMap,false
8.481715145,Regular,16,Update,Deployment,false
8.497925827,Regular,7,Delete,ConfigMap,false
8.505708655,Regular,13,Delete,Deployment,false
8.518842762,Regular,22,Create,Deployment,false
8.541142316,Regular,16,Create,ConfigMap,false
8.557334788,Regular,12,Update,Deployment,false
8.570044431,Regular,9,Delete,ConfigMap,false
8.579974063,Regular,14,Delete,Deployment,false
8.594291746,Regular,15,Create,Deployment,false
8.609345258,Regular,19,Create,ConfigMap,false
8.628748569999999,Regular,16,Update,Deployment,false
8.644817405,Regular,9,Delete,ConfigMap,false
8.654665643,Regular,9,Delete,Deployment,false
8.664543274,Regular,16,Create,Deployment,false
8.68086728,Regular,12,Create,ConfigMap,false
8.693638643,Regular,22,Update,Deployment,false
8.716014707,Regular,10,Delete,ConfigMap,false
8.726245526,Regular,11,Delete,Deployment,false
8.737526273,Regular,14,Create,Deployment,false
8.75211176,Regular,13,Create,ConfigMap,false
8.765851896000001,Regular,14,Update,Deployment,false
8.780518098,Regular,7,Delete,ConfigMap,false
8.787800801,Regular,13,Delete,Deployment,false
8.801294994,Regular,15,Create,Deployment,false
8.816904661,Regular,15,Create,ConfigMap,false
8.832655412,Regular,13,Update,Deployment,false
8.846505094,Regular,10,Delete,ConfigMap,false
8.857377157,Regular,12,Delete,Deployment,false
8.869947542,Regular,18,Create,Deployment,false
8.888705889,Regular,12,Create,ConfigMap,false
8.900868088,Regular,16,Update,Deployment,false
8.917254058,Regular,12,Delete,ConfigMap,false
8.929518269,Regular,17,Delete,Deployment,false
8.946769451,Regular,35,Create,Deployment,false
8.982427871,Regular,19,Create,ConfigMap,false
9.002154014,Regular,33,Update,Deployment,false
9.03534298,Regular,21,Delete,ConfigMap,false
9.056862719,Regular,30,Delete,Deployment,false
9.087477215,Regular,23,Create,Deployment,false
9.111060715,Regular,16,Create,ConfigMap,false
9.12755235,Regular,30,Update,Deployment,false
9.158393796,Regular,16,Delete,ConfigMap,false
9.174786815,Regular,7,Delete,Deployment,false
9.182688499,Regular,11,Create,Deployment,false
9.194628577,Regular,18,Create,ConfigMap,false
9.213097729,Regular,15,Update,Deployment,false
9.228579636,Regular,7,Delete,ConfigMap,false
9.236333253,Regular,11,Delete,Deployment,false
9.247952695,Regular,14,Create,Deployment,false
9.262444134,Regular,15,Create,ConfigMap,false
9.278255812,Regular,11,Update,Deployment,false
9.290264577,Regular,10,Delete,ConfigMap,false
9.300768915999999,Regular,16,Delete,Deployment,false
9.317408642,Regular,15,Create,Deployment,false
9.33345748,Regular,16,Create,ConfigMap,false
9.349732201,Regular,19,Update,Deployment,false
9.369384541,Regular,11,Delete,ConfigMap,false
9.380539595,Regular,16,Delete,Deployment,false
9.396940005,Regular,13,Create,Deployment,false
9.410900793,Regular,14,Create,ConfigMap,false
9.425131223,Regular,14,Update,Deployment,false
9.439428636,Regular,6,Delete,ConfigMap,false
9.446442711,Regular,12,Delete,Deployment,false
9.458617135,Regular,14,Create,Deployment,false
9.472811574,Regular,14,Create,ConfigMap,false
9.487654004,Regular,27,Update,Deployment,false
9.515479798,Regular,12,Delete,ConfigMap,false
9.527749326,Regular,7,Delete,Deployment,false
9.535079198,Regular,9,Create,Deployment,false
9.544868053,Regular,17,Create,ConfigMap,false
9.562136229,Regular,13,Update,Deployment,false
9.575683863,Regular,15,Delete,ConfigMap,false
9.591502378,Regular,12,Delete,Deployment,false
9.604199286,Regular,13,Create,Deployment,false
9.617690033,Regular,12,Create,ConfigMap,false
9.630413485,Regular,16,Update,Deployment,false
9.647066671,Regular,9,Delete,ConfigMap,false
9.657046443,Regular,11,Delete,Deployment,false
9.668280595,Regular,19,Create,Deployment,false
9.687401121,Regular,17,Create,ConfigMap,false
9.705341228,Regular,15,Update,Deployment,false
9.72061755,Regular,10,Delete,ConfigMap,false
9.730945799,Regular,15,Delete,Deployment,false
9.746664438,Regular,15,Create,Deployment,false
9.761744855,Regular,14,Create,ConfigMap,false
9.776483696,Regular,17,Update,Deployment,false
9.794286235,Regular,9,Delete,ConfigMap,false
9.803920574,Regular,8,Delete,Deployment,false
9.812052881,Regular,22,Create,Deployment,false
9.83492562,Regular,13,Create,ConfigMap,false
9.848165152,Regular,25,Update,Deployment,false
9.87413401,Regular,21,Delete,ConfigMap,false
9.895225989,Regular,48,Delete,Deployment,false
9.943574618,Regular,34,Create,Deployment,false
9.977908679,Regular,24,Create,ConfigMap,false
9.012893992,Regular,15,Create,ConfigMap,false
9.028749,Regular,18,Update,Deployment,false
9.046991379,Regular,46,Delete,ConfigMap,false
9.093182524,Regular,17,Delete,Deployment,false
9.111174668,Regular,27,Create,Deployment,false
9.138630252,Regular,28,Create,ConfigMap,false
9.16676732,Regular,17,Update,Deployment,false
9.184759954,Regular,7,Delete,ConfigMap,false
9.192378101,Regular,10,Delete,Deployment,false
9.203229156,Regular,14,Create,Deployment,false
9.218202201,Regular,12,Create,ConfigMap,false
9.230957542,Regular,12,Update,Deployment,false
9.243501531,Regular,8,Delete,ConfigMap,false
9.252240446,Regular,8,Delete,Deployment,false
9.260952757,Regular,9,Create,Deployment,false
9.270495496,Regular,12,Create,ConfigMap,false
9.282599156,Regular,11,Update,Deployment,false
9.294116789,Regular,15,Delete,ConfigMap,false
9.30955371,Regular,14,Delete,Deployment,false
9.324107269,Regular,18,Create,Deployment,false
9.342959054,Regular,14,Create,ConfigMap,false
9.357112547,Regular,12,Update,Deployment,false
9.369862952,Regular,11,Delete,ConfigMap,false
9.381244147,Regular,11,Delete,Deployment,false
9.392692966,Regular,16,Create,Deployment,false
9.409419708,Regular,15,Create,ConfigMap,false
9.424783111,Regular,12,Update,Deployment,false
9.437703594,Regular,8,Delete,ConfigMap,false
9.446682874,Regular,6,Delete,Deployment,false
9.452920847,Regular,10,Create,Deployment,false
9.463316737,Regular,10,Create,ConfigMap,false
9.474055446,Regular,14,Update,Deployment,false
9.488198984,Regular,8,Delete,ConfigMap,false
9.496753428,Regular,17,Delete,Deployment,false
9.513983758,Regular,18,Create,Deployment,false
9.532957466,Regular,11,Create,ConfigMap,false
9.544202765,Regular,19,Update,Deployment,false
9.563601249,Regular,11,Delete,ConfigMap,false
9.575208111,Regular,13,Delete,Deployment,false
9.588369699,Regular,17,Create,Deployment,false
9.605713978,Regular,13,Create,ConfigMap,false
9.618856941,Regular,18,Update,Deployment,false
9.636923663,Regular,9,Delete,ConfigMap,false
9.646580718,Regular,12,Delete,Deployment,false
9.65956701,Regular,10,Create,Deployment,false
9.670477591000001,Regular,16,Create,ConfigMap,false
9.686778532,Regular,14,Update,Deployment,false
9.700978948,Regular,12,Delete,ConfigMap,false
9.71331977,Regular,8,Delete,Deployment,false
9.72232005,Regular,18,Create,Deployment,false
9.740633601,Regular,16,Create,ConfigMap,false
9.757101565,Regular,16,Update,Deployment,false
9.773163444,Regular,17,Delete,ConfigMap,false
9.790439343,Regular,11,Delete,Deployment,false
9.802446237,Regular,19,Create,Deployment,false
9.822002593,Regular,24,Create,ConfigMap,false
9.846149899,Regular,25,Update,Deployment,false
9.872045002,Regular,22,Delete,ConfigMap,false
9.89505118,Regular,48,Delete,Deployment,false
9.943939892,Regular,41,Create,Deployment,false
9.985100003,Regular,18,Create,ConfigMap,false
9.007712357,Regular,22,Update,Deployment,false
9.0300598,Regular,27,Delete,ConfigMap,false
9.057900866,Regular,27,Delete,Deployment,false
9.085180077,Regular,26,Create,Deployment,false
9.111532308,Regular,20,Create,ConfigMap,false
9.132273497,Regular,40,Update,Deployment,false
9.173006743,Regular,7,Delete,ConfigMap,false
9.18055071,Regular,7,Delete,Deployment,false
9.187789226,Regular,16,Create,Deployment,false
9.204173625,Regular,12,Create,ConfigMap,false
9.216729712,Regular,12,Update,Deployment,false
9.229737858,Regular,9,Delete,ConfigMap,false
9.239503503,Regular,13,Delete,Deployment,false
9.252730833,Regular,13,Create,Deployment,false
9.266655979,Regular,13,Create,ConfigMap,false
9.280305438,Regular,13,Update,Deployment,false
9.293973688,Regular,15,Delete,ConfigMap,false
9.309518959,Regular,14,Delete,Deployment,false
9.32413509,Regular,19,Create,Deployment,false
9.343166512,Regular,12,Create,ConfigMap,false
9.355777053,Regular,10,Update,Deployment,false
9.366761143,Regular,10,Delete,ConfigMap,false
9.377569724,Regular,11,Delete,Deployment,false
9.388618802,Regular,13,Create,Deployment,false
9.40232356,Regular,17,Create,ConfigMap,false
9.419386557,Regular,15,Update,Deployment,false
9.434489587,Regular,9,Delete,ConfigMap,false
9.443967362,Regular,9,Delete,Deployment,false
9.453264494999999,Regular,17,Create,Deployment,false
9.470967534,Regular,14,Create,ConfigMap,false
9.485034396,Regular,12,Update,Deployment,false
9.497320365,Regular,15,Delete,ConfigMap,false
9.512354972,Regular,14,Delete,Deployment,false
9.526519923,Regular,10,Create,Deployment,false
9.537115533,Regular,8,Create,ConfigMap,false
9.545508845,Regular,13,Update,Deployment,false
9.559304552,Regular,6,Delete,ConfigMap,false
9.565505081,Regular,14,Delete,Deployment,false
9.579808138,Regular,18,Create,Deployment,false
9.598630173,Regular,15,Create,ConfigMap,false
9.613671086,Regular,14,Update,Deployment,false
9.627806857,Regular,14,Delete,ConfigMap,false
9.642313992,Regular,5,Delete,Deployment,false
9.64792271,Regular,10,Create,Deployment,false
9.658566061,Regular,19,Create,ConfigMap,false
9.677964777,Regular,16,Update,Deployment,false
9.694612701,Regular,11,Delete,ConfigMap,false
9.706625483,Regular,8,Delete,Deployment,false
9.71497083,Regular,12,Create,Deployment,false
9.727203986,Regular,14,Create,ConfigMap,false
9.741602446,Regular,14,Update,Deployment,false
9.755935865,Regular,12,Delete,ConfigMap,false
9.768953467,Regular,8,Delete,Deployment,false
9.777051988,Regular,18,Create,Deployment,false
9.795673785,Regular,15,Create,ConfigMap,false
9.811025052,Regular,25,Update,Deployment,false
9.83656086,Regular,13,Delete,ConfigMap,false
9.850248479,Regular,17,Delete,Deployment,false
9.867675886,Regular,14,Create,Deployment,false
9.881896662,Regular,65,Create,ConfigMap,false
9.947400776,Regular,30,Update,Deployment,false
9.977764572,Regular,16,Delete,ConfigMap,false
9.994357043,Regular,10,Delete,Deployment,false
9.007709708,Regular,21,Delete,Deployment,false
9.029460196,Regular,17,Create,Deployment,false
9.047214485,Regular,44,Create,ConfigMap,false
9.091898437,Regular,24,Update,Deployment,false
9.116295278,Regular,11,Delete,ConfigMap,false
9.127883634,Regular,34,Delete,Deployment,false
9.162713743,Regular,18,Create,Deployment,false
9.180890254,Regular,11,Create,ConfigMap,false
9.192047323,Regular,12,Update,Deployment,false
9.204394013,Regular,10,Delete,ConfigMap,false
9.214625128,Regular,10,Delete,Deployment,false
9.224805215,Regular,14,Create,Deployment,false
9.23914616,Regular,14,Create,ConfigMap,false
9.253683805,Regular,17,Update,Deployment,false
9.271308477,Regular,11,Delete,ConfigMap,false
9.283216165,Regular,14,Delete,Deployment,false
9.298036375,Regular,11,Create,Deployment,false
9.309660538,Regular,16,Create,ConfigMap,false
9.326043975,Regular,16,Update,Deployment,false
9.342228925,Regular,10,Delete,ConfigMap,false
9.353255941,Regular,10,Delete,Deployment,false
9.36355552,Regular,16,Create,Deployment,false
9.379602592,Regular,14,Create,ConfigMap,false
9.393674219,Regular,12,Update,Deployment,false
9.406014498,Regular,13,Delete,ConfigMap,false
9.419455405,Regular,10,Delete,Deployment,false
9.42978086,Regular,11,Create,Deployment,false
9.441056636,Regular,7,Create,ConfigMap,false
9.448388786,Regular,11,Update,Deployment,false
9.459813907000001,Regular,4,Delete,ConfigMap,false
9.464377188,Regular,10,Delete,Deployment,false
9.475360209,Regular,12,Create,Deployment,false
9.487894716,Regular,13,Create,ConfigMap,false
9.501754143,Regular,22,Update,Deployment,false
9.524563617,Regular,9,Delete,ConfigMap,false
9.533886578,Regular,9,Delete,Deployment,false
9.543906057000001,Regular,14,Create,Deployment,false
9.558036364,Regular,13,Create,ConfigMap,false
9.57129834,Regular,20,Update,Deployment,false
9.592107273,Regular,12,Delete,ConfigMap,false
9.604148501,Regular,9,Delete,Deployment,false
9.613689812,Regular,17,Create,Deployment,false
9.63130728,Regular,14,Create,ConfigMap,false
9.646248794,Regular,13,Update,Deployment,false
9.660029298,Regular,8,Delete,ConfigMap,false
9.668405242,Regular,17,Delete,Deployment,false
9.685450264,Regular,16,Create,Deployment,false
9.70192348,Regular,15,Create,ConfigMap,false
9.717601919,Regular,15,Update,Deployment,false
9.732721015,Regular,6,Delete,ConfigMap,false
9.739348656,Regular,12,Delete,Deployment,false
9.752227817,Regular,17,Create,Deployment,false
9.769682995,Regular,16,Create,ConfigMap,false
9.786055871,Regular,19,Update,Deployment,false
9.805958649,Regular,11,Delete,ConfigMap,false
9.817276846,Regular,18,Delete,Deployment,false
9.835708905,Regular,16,Create,Deployment,false
9.852694159,Regular,22,Create,ConfigMap,false
9.875220196,Regular,14,Update,Deployment,false
9.890009095,Regular,58,Delete,ConfigMap,false
9.948601749,Regular,20,Delete,Deployment,false
9.969375297,Regular,23,Create,Deployment,false
9.992960383,Regular,12,Create,ConfigMap,false
9.007436308,Regular,19,Delete,Deployment,false
9.027324168,Regular,20,Create,Deployment,false
9.04737813,Regular,47,Create,ConfigMap,false
9.094529369,Regular,18,Update,Deployment,false
9.113267795,Regular,14,Delete,ConfigMap,false
9.127626114,Regular,28,Delete,Deployment,false
9.15656398,Regular,18,Create,Deployment,false
9.174618719,Regular,11,Create,ConfigMap,false
9.186084562,Regular,17,Update,Deployment,false
9.203643576,Regular,11,Delete,ConfigMap,false
9.214878435,Regular,11,Delete,Deployment,false
9.226874453,Regular,12,Create,Deployment,false
9.239140196,Regular,13,Create,ConfigMap,false
9.253105365,Regular,16,Update,Deployment,false
9.269461041,Regular,8,Delete,ConfigMap,false
9.278145309,Regular,7,Delete,Deployment,false
9.285811941,Regular,17,Create,Deployment,false
9.303779224,Regular,13,Create,ConfigMap,false
9.317118832,Regular,24,Update,Deployment,false
9.341635037,Regular,12,Delete,ConfigMap,false
9.353745412,Regular,8,Delete,Deployment,false
9.362266961,Regular,18,Create,Deployment,false
9.38128109,Regular,15,Create,ConfigMap,false
9.397049485,Regular,15,Update,Deployment,false
9.412484745,Regular,11,Delete,ConfigMap,false
9.423994937,Regular,10,Delete,Deployment,false
9.434106736,Regular,16,Create,Deployment,false
9.450424378,Regular,13,Create,ConfigMap,false
9.463702445,Regular,16,Update,Deployment,false
9.480009461,Regular,9,Delete,ConfigMap,false
9.489578076,Regular,10,Delete,Deployment,false
9.50013868,Regular,24,Create,Deployment,false
9.525095137,Regular,9,Create,ConfigMap,false
9.53467765,Regular,10,Update,Deployment,false
9.54494875,Regular,13,Delete,ConfigMap,false
9.558337164,Regular,13,Delete,Deployment,false
9.571732208,Regular,20,Create,Deployment,false
9.591903938,Regular,11,Create,ConfigMap,false
9.603767246,Regular,12,Update,Deployment,false
9.616136063999999,Regular,14,Delete,ConfigMap,false
9.631077884,Regular,11,Delete,Deployment,false
9.642836835,Regular,11,Create,Deployment,false
9.654091959,Regular,14,Create,ConfigMap,false
9.668499688,Regular,10,Update,Deployment,false
9.678584362,Regular,12,Delete,ConfigMap,false
9.691003207,Regular,11,Delete,Deployment,false
9.702253836,Regular,14,Create,Deployment,false
9.716340035,Regular,10,Create,ConfigMap,false
9.727043122,Regular,18,Update,Deployment,false
9.745332058,Regular,11,Delete,ConfigMap,false
9.75735604,Regular,12,Delete,Deployment,false
9.770127176,Regular,16,Create,Deployment,false
9.786698617999999,Regular,16,Create,ConfigMap,false
9.802922082,Regular,13,Update,Deployment,false
9.816019901,Regular,13,Delete,ConfigMap,false
9.829751145,Regular,15,Delete,Deployment,false
9.844850981,Regular,13,Create,Deployment,false
9.857947377,Regular,11,Create,ConfigMap,false
9.869036466,Regular,24,Update,Deployment,false
9.893925272,Regular,54,Delete,ConfigMap,false
9.948637752,Regular,28,Delete,Deployment,false
9.976969692,Regular,21,Create,Deployment,false
9.998548183,Regular,13,Create,ConfigMap,false
9.029707223,Regular,28,Create,ConfigMap,false
9.058418977,Regular,45,Update,Deployment,false
9.103545788,Regular,18,Delete,ConfigMap,false
9.121751823,Regular,29,Delete,Deployment,false
9.151665233,Regular,21,Create,Deployment,false
9.173449972,Regular,12,Create,ConfigMap,false
9.186372983,Regular,12,Update,Deployment,false
9.198741329,Regular,12,Delete,ConfigMap,false
9.211516349,Regular,11,Delete,Deployment,false
9.222748304,Regular,14,Create,Deployment,false
9.236942036,Regular,10,Create,ConfigMap,false
9.247764044,Regular,18,Update,Deployment,false
9.26645494,Regular,8,Delete,ConfigMap,false
9.274528707,Regular,7,Delete,Deployment,false
9.282449934,Regular,11,Create,Deployment,false
9.294068191,Regular,16,Create,ConfigMap,false
9.310334452,Regular,14,Update,Deployment,false
9.325199166,Regular,7,Delete,ConfigMap,false
9.332816715,Regular,13,Delete,Deployment,false
9.346414854,Regular,15,Create,Deployment,false
9.362059128,Regular,15,Create,ConfigMap,false
9.3773842,Regular,13,Update,Deployment,false
9.391031282,Regular,10,Delete,ConfigMap,false
9.401203304,Regular,9,Delete,Deployment,false
9.410623236,Regular,15,Create,Deployment,false
9.425680604,Regular,8,Create,ConfigMap,false
9.434492316,Regular,10,Update,Deployment,false
9.445052466,Regular,4,Delete,ConfigMap,false
9.449365311,Regular,11,Delete,Deployment,false
9.46109241,Regular,13,Create,Deployment,false
9.475104488,Regular,12,Create,ConfigMap,false
9.488013253,Regular,11,Update,Deployment,false
9.499617698,Regular,21,Delete,ConfigMap,false
9.521177494,Regular,11,Delete,Deployment,false
9.532612706,Regular,12,Create,Deployment,false
9.545106717,Regular,13,Create,ConfigMap,false
9.558565775,Regular,14,Update,Deployment,false
9.573356776,Regular,16,Delete,ConfigMap,false
9.589670382,Regular,9,Delete,Deployment,false
9.598770757,Regular,14,Create,Deployment,false
9.612792809,Regular,12,Create,ConfigMap,false
9.624974657,Regular,12,Update,Deployment,false
9.637760974999999,Regular,9,Delete,ConfigMap,false
9.647044189,Regular,11,Delete,Deployment,false
9.658802142999999,Regular,20,Create,Deployment,false
9.679402709,Regular,12,Create,ConfigMap,false
9.692156307,Regular,14,Update,Deployment,false
9.707025746,Regular,12,Delete,ConfigMap,false
9.71907195,Regular,12,Delete,Deployment,false
9.731761071,Regular,15,Create,Deployment,false
9.747526264,Regular,17,Create,ConfigMap,false
9.76492854,Regular,18,Update,Deployment,false
9.783876058,Regular,11,Delete,ConfigMap,false
9.795788925,Regular,9,Delete,Deployment,false
9.805474726,Regular,15,Create,Deployment,false
9.821385413,Regular,24,Create,ConfigMap,false
9.84592745,Regular,27,Update,Deployment,false
9.87343287,Regular,47,Delete,ConfigMap,false
9.920581435,Regular,36,Delete,Deployment,false
9.956985988,Regular,28,Create,Deployment,false
9.985230362,Regular,14,Create,ConfigMap,false
9.999537315,Regular,20,Update,Deployment,false
9.017267121,Regular,21,Create,ConfigMap,false
9.03892236,Regular,20,Update,Deployment,false
9.059186246,Regular,33,Delete,ConfigMap,false
9.0931863,Regular,17,Delete,Deployment,false
9.111021275,Regular,22,Create,Deployment,false
9.133189062,Regular,28,Create,ConfigMap,false
9.161732792,Regular,17,Update,Deployment,false
9.179336699,Regular,12,Delete,ConfigMap,false
9.192236543,Regular,10,Delete,Deployment,false
9.202814758,Regular,15,Create,Deployment,false
9.218062537,Regular,12,Create,ConfigMap,false
9.230944699,Regular,12,Update,Deployment,false
9.243492871,Regular,5,Delete,ConfigMap,false
9.249312803,Regular,11,Delete,Deployment,false
9.260529382,Regular,10,Create,Deployment,false
9.270680309,Regular,15,Create,ConfigMap,false
9.286637403,Regular,13,Update,Deployment,false
9.299716452,Regular,9,Delete,ConfigMap,false
9.309629447,Regular,10,Delete,Deployment,false
9.320507007,Regular,18,Create,Deployment,false
9.339117262,Regular,10,Create,ConfigMap,false
9.349392367,Regular,13,Update,Deployment,false
9.362609807,Regular,10,Delete,ConfigMap,false
9.372770452,Regular,9,Delete,Deployment,false
9.382340032,Regular,20,Create,Deployment,false
9.402385901,Regular,16,Create,ConfigMap,false
9.419387069,Regular,14,Update,Deployment,false
9.434243395,Regular,9,Delete,ConfigMap,false
9.443555363,Regular,6,Delete,Deployment,false
9.450384731,Regular,19,Create,Deployment,false
9.469804469,Regular,9,Create,ConfigMap,false
9.479750837,Regular,17,Update,Deployment,false
9.497457459,Regular,8,Delete,ConfigMap,false
9.505554795,Regular,18,Delete,Deployment,false
9.524205035,Regular,13,Create,Deployment,false
9.537843109,Regular,14,Create,ConfigMap,false
9.552333649,Regular,20,Update,Deployment,false
9.572858211,Regular,13,Delete,ConfigMap,false
9.586752053,Regular,8,Delete,Deployment,false
9.595338487,Regular,15,Create,Deployment,false
9.611012713000001,Regular,12,Create,ConfigMap,false
9.623490011,Regular,16,Update,Deployment,false
9.639956847,Regular,6,Delete,ConfigMap,false
9.646565534,Regular,12,Delete,Deployment,false
9.658851858,Regular,20,Create,Deployment,false
9.679596082,Regular,12,Create,ConfigMap,false
9.692367964,Regular,17,Update,Deployment,false
9.70949666,Regular,10,Delete,ConfigMap,false
9.720183698,Regular,11,Delete,Deployment,false
9.731874131,Regular,14,Create,Deployment,false
9.746865128,Regular,16,Create,ConfigMap,false
9.763626329000001,Regular,20,Update,Deployment,false
9.783783463,Regular,12,Delete,ConfigMap,false
9.796103422,Regular,10,Delete,Deployment,false
9.806608894,Regular,30,Create,Deployment,false
9.837055475,Regular,19,Create,ConfigMap,false
9.856080979,Regular,27,Update,Deployment,false
9.883948337,Regular,35,Delete,ConfigMap,false
9.919817418000001,Regular,36,Delete,Deployment,false
9.956860916,Regular,28,Create,Deployment,false
9.985233983,Regular,20,Create,ConfigMap,false
10.005340453,Regular,22,Update,Deployment,false
9.017852072,Regular,15,Delete,ConfigMap,false
9.033385486,Regular,12,Delete,Deployment,false
9.046177206,Regular,26,Create,Deployment,false
9.072845761,Regular,24,Create,ConfigMap,false
9.097557724,Regular,22,Update,Deployment,false
9.12001087,Regular,14,Delete,ConfigMap,false
9.134843145,Regular,28,Delete,Deployment,false
9.163002632,Regular,17,Create,Deployment,false
9.180732964,Regular,12,Create,ConfigMap,false
9.193467151,Regular,18,Update,Deployment,false
9.211779117,Regular,7,Delete,ConfigMap,false
9.21942964,Regular,12,Delete,Deployment,false
9.232012524,Regular,14,Create,Deployment,false
9.246707377,Regular,10,Create,ConfigMap,false
9.257062179,Regular,14,Update,Deployment,false
9.271307661,Regular,11,Delete,ConfigMap,false
9.282943068,Regular,10,Delete,Deployment,false
9.293848949000001,Regular,17,Create,Deployment,false
9.311639799,Regular,11,Create,ConfigMap,false
9.322988543,Regular,20,Update,Deployment,false
9.343172622,Regular,10,Delete,ConfigMap,false
9.353706259,Regular,7,Delete,Deployment,false
9.361333733,Regular,14,Create,Deployment,false
9.37606777,Regular,20,Create,ConfigMap,false
9.397065562,Regular,14,Update,Deployment,false
9.411095133,Regular,13,Delete,ConfigMap,false
9.425055888,Regular,12,Delete,Deployment,false
9.437190264,Regular,13,Create,Deployment,false
9.450895748,Regular,12,Create,ConfigMap,false
9.463175178,Regular,17,Update,Deployment,false
9.480373773,Regular,8,Delete,ConfigMap,false
9.489330111,Regular,11,Delete,Deployment,false
9.500784172,Regular,23,Create,Deployment,false
9.524798123,Regular,13,Create,ConfigMap,false
9.538420902,Regular,15,Update,Deployment,false
9.553687661,Regular,10,Delete,ConfigMap,false
9.564069712,Regular,14,Delete,Deployment,false
9.578424608,Regular,20,Create,Deployment,false
9.598882242,Regular,14,Create,ConfigMap,false
9.613098056,Regular,13,Update,Deployment,false
9.626436445,Regular,10,Delete,ConfigMap,false
9.636676776,Regular,10,Delete,Deployment,false
9.647242434,Regular,13,Create,Deployment,false
9.660943323,Regular,11,Create,ConfigMap,false
9.672911708,Regular,14,Update,Deployment,false
9.687138837,Regular,9,Delete,ConfigMap,false
9.696769467,Regular,9,Delete,Deployment,false
9.706540643,Regular,13,Create,Deployment,false
9.720500075,Regular,15,Create,ConfigMap,false
9.735696144,Regular,12,Update,Deployment,false
9.747969502,Regular,13,Delete,ConfigMap,false
9.761255612,Regular,12,Delete,Deployment,false
9.773360951,Regular,19,Create,Deployment,false
9.792797063,Regular,14,Create,ConfigMap,false
9.807486154,Regular,16,Update,Deployment,false
9.823976508,Regular,16,Delete,ConfigMap,false
9.840003438,Regular,12,Delete,Deployment,false
9.85203221,Regular,28,Create,Deployment,false
9.88019923,Regular,39,Create,ConfigMap,false
9.919394313,Regular,38,Update,Deployment,false
9.957549905,Regular,23,Delete,ConfigMap,false
9.980969356,Regular,14,Delete,Deployment,false
9.995492758,Regular,14,Create,Deployment,false
10.010505668,Regular,19,Create,ConfigMap,false
10.00215923,Regular,23,Update,Deployment,false
10.025375333,Regular,6,Delete,ConfigMap,false
10.003773435,Regular,25,Update,Deployment,false
10.029082228,Regular,8,Delete,ConfigMap,false
9.02940484,Regular,28,Create,ConfigMap,false
9.058210214,Regular,45,Update,Deployment,false
9.104093702,Regular,18,Delete,ConfigMap,false
9.122389343,Regular,35,Delete,Deployment,false
9.157739059,Regular,23,Create,Deployment,false
9.181026554,Regular,12,Create,ConfigMap,false
9.193434258,Regular,18,Update,Deployment,false
9.211982197,Regular,9,Delete,ConfigMap,false
9.221407389,Regular,11,Delete,Deployment,false
9.232627628,Regular,15,Create,Deployment,false
9.248130523,Regular,13,Create,ConfigMap,false
9.261635987,Regular,15,Update,Deployment,false
9.277164946,Regular,9,Delete,ConfigMap,false
9.28660208,Regular,14,Delete,Deployment,false
9.30128043,Regular,16,Create,Deployment,false
9.318251395,Regular,13,Create,ConfigMap,false
9.331798802,Regular,18,Update,Deployment,false
9.350119214,Regular,8,Delete,ConfigMap,false
9.358942301,Regular,9,Delete,Deployment,false
9.368335952,Regular,13,Create,Deployment,false
9.382249127,Regular,14,Create,ConfigMap,false
9.396921911,Regular,18,Update,Deployment,false
9.415953037,Regular,7,Delete,ConfigMap,false
9.423637151,Regular,10,Delete,Deployment,false
9.433971699,Regular,16,Create,Deployment,false
9.450178758,Regular,11,Create,ConfigMap,false
9.461584446,Regular,17,Update,Deployment,false
9.479546237,Regular,9,Delete,ConfigMap,false
9.489104393,Regular,11,Delete,Deployment,false
9.50078116,Regular,23,Create,Deployment,false
9.524525186,Regular,13,Create,ConfigMap,false
9.537889202,Regular,15,Update,Deployment,false
9.553569117,Regular,10,Delete,ConfigMap,false
9.563670987,Regular,15,Delete,Deployment,false
9.579654874,Regular,20,Create,Deployment,false
9.599917082,Regular,13,Create,ConfigMap,false
9.613868433,Regular,17,Update,Deployment,false
9.631290871000001,Regular,10,Delete,ConfigMap,false
9.641400059,Regular,9,Delete,Deployment,false
9.650988063,Regular,13,Create,Deployment,false
9.664502821,Regular,10,Create,ConfigMap,false
9.675119525,Regular,17,Update,Deployment,false
9.692470232,Regular,10,Delete,ConfigMap,false
9.70305492,Regular,12,Delete,Deployment,false
9.715999615,Regular,16,Create,Deployment,false
9.732342882,Regular,14,Create,ConfigMap,false
9.746655624,Regular,15,Update,Deployment,false
9.761763467,Regular,12,Delete,ConfigMap,false
9.774718867,Regular,14,Delete,Deployment,false
9.789189350000001,Regular,16,Create,Deployment,false
9.806191146,Regular,10,Create,ConfigMap,false
9.817026169,Regular,26,Update,Deployment,false
9.843961099,Regular,13,Delete,ConfigMap,false
9.857215763,Regular,24,Delete,Deployment,false
9.881419245,Regular,38,Create,Deployment,false
9.919792187,Regular,37,Create,ConfigMap,false
9.957181745,Regular,30,Update,Deployment,false
9.987216206,Regular,14,Delete,ConfigMap,false
10.001470689,Regular,5,Delete,Deployment,false
10.00675249,Regular,22,Create,Deployment,false
10.029579115,Regular,13,Create,ConfigMap,false
10.030376736,Regular,13,Update,Deployment,false
9.01697674,Regular,20,Update,Deployment,false
9.037553075,Regular,32,Delete,ConfigMap,false
9.069897618,Regular,30,Delete,Deployment,false
9.100374692,Regular,20,Create,Deployment,false
9.121168195,Regular,35,Create,ConfigMap,false
9.156963639,Regular,16,Update,Deployment,false
9.173968538,Regular,9,Delete,ConfigMap,false
9.183415957,Regular,9,Delete,Deployment,false
9.192949397,Regular,11,Create,Deployment,false
9.204701558,Regular,12,Create,ConfigMap,false
9.217417685,Regular,12,Update,Deployment,false
9.230152695,Regular,7,Delete,ConfigMap,false
9.237997779,Regular,9,Delete,Deployment,false
9.247439051,Regular,14,Create,Deployment,false
9.262209074,Regular,9,Create,ConfigMap,false
9.271638326,Regular,10,Update,Deployment,false
9.282309558,Regular,8,Delete,ConfigMap,false
9.290979385,Regular,14,Delete,Deployment,false
9.305861519,Regular,18,Create,Deployment,false
9.32414528,Regular,16,Create,ConfigMap,false
9.34043205,Regular,17,Update,Deployment,false
9.358205584,Regular,11,Delete,ConfigMap,false
9.370195712,Regular,12,Delete,Deployment,false
9.382389432,Regular,19,Create,Deployment,false
9.402289147,Regular,17,Create,ConfigMap,false
9.41959766,Regular,14,Update,Deployment,false
9.434422379,Regular,7,Delete,ConfigMap,false
9.441811468,Regular,6,Delete,Deployment,false
9.448667115,Regular,14,Create,Deployment,false
9.462909062,Regular,12,Create,ConfigMap,false
9.474951848,Regular,11,Update,Deployment,false
9.486593413,Regular,6,Delete,ConfigMap,false
9.493084157,Regular,22,Delete,Deployment,false
9.51535885,Regular,17,Create,Deployment,false
9.532702363,Regular,10,Create,ConfigMap,false
9.543519245,Regular,9,Update,Deployment,false
9.553002729,Regular,10,Delete,ConfigMap,false
9.563617164,Regular,12,Delete,Deployment,false
9.576272728,Regular,14,Create,Deployment,false
9.590340367,Regular,15,Create,ConfigMap,false
9.60539432,Regular,14,Update,Deployment,false
9.619990419,Regular,15,Delete,ConfigMap,false
9.635473423,Regular,10,Delete,Deployment,false
9.646145491,Regular,13,Create,Deployment,false
9.659334897,Regular,9,Create,ConfigMap,false
9.669073268,Regular,18,Update,Deployment,false
9.687141072,Regular,10,Delete,ConfigMap,false
9.697429876,Regular,9,Delete,Deployment,false
9.706730622,Regular,9,Create,Deployment,false
9.716298319,Regular,10,Create,ConfigMap,false
9.72643241,Regular,15,Update,Deployment,false
9.742188284000001,Regular,10,Delete,ConfigMap,false
9.75223746,Regular,9,Delete,Deployment,false
9.761733397,Regular,21,Create,Deployment,false
9.783704635,Regular,17,Create,ConfigMap,false
9.801153677,Regular,13,Update,Deployment,false
9.814574332,Regular,13,Delete,ConfigMap,false
9.828430171,Regular,16,Delete,Deployment,false
9.844990518,Regular,28,Create,Deployment,false
9.873907421,Regular,46,Create,ConfigMap,false
9.920456387,Regular,40,Update,Deployment,false
9.961427237,Regular,19,Delete,ConfigMap,false
9.980782454,Regular,16,Delete,Deployment,false
9.996990629999999,Regular,22,Create,Deployment,false
10.01959148,Regular,15,Create,ConfigMap,false
10.035431667,Regular,10,Update,Deployment,false
10.045859247,Regular,3,Delete,ConfigMap,false
