start_time,role,duration_ms,operation,resource,is_error
0.002956354,Regular,64,Create,Deployment,false
0.067416803,Regular,41,Create,ConfigMap,false
0.108785281,Regular,35,Update,Deployment,false
0.003254136,Regular,54,Create,Deployment,false
0.057341893,Regular,46,Create,ConfigMap,false
0.104344738,Regular,34,Update,Deployment,false
0.138525505,Regular,75,Delete,ConfigMap,false
0.214207245,Regular,53,Delete,Deployment,false
0.267778691,Regular,44,Create,Deployment,false
0.312511304,Regular,55,Create,ConfigMap,false
0.36846719,Regular,42,Update,Deployment,false
0.411391949,Regular,24,Delete,ConfigMap,false
0.435453191,Regular,24,Delete,Deployment,false
0.459957198,Regular,29,Create,Deployment,false
0.489341084,Regular,39,Create,ConfigMap,false
0.5291669,Regular,26,Update,Deployment,false
0.556116588,Regular,21,Delete,ConfigMap,false
0.577332539,Regular,33,Delete,Deployment,false
0.611192382,Regular,28,Create,Deployment,false
0.640085914,Regular,35,Create,ConfigMap,false
0.675844321,Regular,34,Update,Deployment,false
0.709975416,Regular,20,Delete,ConfigMap,false
0.730999962,Regular,38,Delete,Deployment,false
0.769747768,Regular,53,Create,Deployment,false
0.823741709,Regular,25,Create,ConfigMap,false
0.84923573,Regular,21,Update,Deployment,false
0.87097392,Regular,20,Delete,ConfigMap,false
0.891878802,Regular,22,Delete,Deployment,false
0.914824471,Regular,40,Create,Deployment,false
0.955401989,Regular,49,Create,ConfigMap,false
0.003547255,Regular,48,Create,Deployment,false
0.052332934,Regular,53,Create,ConfigMap,false
0.105853239,Regular,36,Update,Deployment,false
0.142346783,Regular,72,Delete,ConfigMap,false
0.215276585,Regular,44,Delete,Deployment,false
0.25961163,Regular,51,Create,Deployment,false
0.311722287,Regular,56,Create,ConfigMap,false
0.368662516,Regular,42,Update,Deployment,false
0.411657141,Regular,23,Delete,ConfigMap,false
0.435604878,Regular,24,Delete,Deployment,false
0.459735371,Regular,38,Create,Deployment,false
0.49813037,Regular,42,Create,ConfigMap,false
0.540702997,Regular,22,Update,Deployment,false
0.563182488,Regular,15,Delete,ConfigMap,false
0.57909262,Regular,39,Delete,Deployment,false
0.619073355,Regular,28,Create,Deployment,false
0.647257335,Regular,28,Create,ConfigMap,false
0.675508718,Regular,29,Update,Deployment,false
0.705458573,Regular,20,Delete,ConfigMap,false
0.725624193,Regular,43,Delete,Deployment,false
0.769399906,Regular,54,Create,Deployment,false
0.82376468,Regular,39,Create,ConfigMap,false
0.862888945,Regular,28,Update,Deployment,false
0.890989796,Regular,24,Delete,ConfigMap,false
0.915447691,Regular,31,Delete,Deployment,false
0.946487715,Regular,21,Create,Deployment,false
0.967886354,Regular,46,Create,ConfigMap,false
0.00278646,Regular,37,Create,Deployment,false
0.040375932,Regular,65,Create,ConfigMap,false
0.105423747,Regular,56,Update,Deployment,false
0.162168624,Regular,50,Delete,ConfigMap,false
0.212573064,Regular,55,Delete,Deployment,false
0.26763827,Regular,41,Create,Deployment,false
0.309121107,Regular,42,Create,ConfigMap,false
0.351683968,Regular,36,Update,Deployment,false
0.387779906,Regular,36,Delete,ConfigMap,false
0.424668083,Regular,22,Delete,Deployment,false
0.447830647,Regular,34,Create,Deployment,false
0.48268344,Regular,21,Create,ConfigMap,false
0.504159182,Regular,42,Update,Deployment,false
0.546880784,Regular,24,Delete,ConfigMap,false
0.571263132,Regular,30,Delete,Deployment,false
0.601565798,Regular,38,Create,Deployment,false
0.639779314,Regular,35,Create,ConfigMap,false
0.674942216,Regular,26,Update,Deployment,false
0.70192711,Regular,23,Delete,ConfigMap,false
0.724968406,Regular,45,Delete,Deployment,false
0.770312778,Regular,53,Create,Deployment,false
0.823395127,Regular,52,Create,ConfigMap,false
0.875770129,Regular,23,Update,Deployment,false
0.899364435,Regular,16,Delete,ConfigMap,false
0.916265517,Regular,24,Delete,Deployment,false
0.940518502,Regular,26,Create,Deployment,false
0.967434219,Regular,47,Create,ConfigMap,false
0.002950303,Regular,64,Create,Deployment,false
0.067179502,Regular,29,Create,ConfigMap,false
0.097104035,Regular,39,Update,Deployment,false
0.137079625,Regular,63,Delete,ConfigMap,false
0.200521772,Regular,26,Delete,Deployment,false
0.226641925,Regular,55,Create,Deployment,false
0.281833069,Regular,61,Create,ConfigMap,false
0.343142518,Regular,44,Update,Deployment,false
0.38785117,Regular,36,Delete,ConfigMap,false
0.423963247,Regular,22,Delete,Deployment,false
0.446754025,Regular,34,Create,Deployment,false
0.481625417,Regular,22,Create,ConfigMap,false
0.504555942,Regular,32,Update,Deployment,false
0.536774141,Regular,20,Delete,ConfigMap,false
0.556822873,Regular,21,Delete,Deployment,false
0.578797762,Regular,35,Create,Deployment,false
0.614194049,Regular,24,Create,ConfigMap,false
0.63866422,Regular,28,Update,Deployment,false
0.667573638,Regular,31,Delete,ConfigMap,false
0.698900119,Regular,23,Delete,Deployment,false
0.722817558,Regular,32,Create,Deployment,false
0.755740748,Regular,46,Create,ConfigMap,false
0.802513318,Regular,47,Update,Deployment,false
0.850430806,Regular,24,Delete,ConfigMap,false
0.875339449,Regular,15,Delete,Deployment,false
0.890459085,Regular,30,Create,Deployment,false
0.921061426,Regular,44,Create,ConfigMap,false
0.965200248,Regular,39,Update,Deployment,false
1.004795506,Regular,14,Delete,ConfigMap,false
0.003542986,Regular,39,Create,Deployment,false
0.043050717,Regular,61,Create,ConfigMap,false
0.105037907,Regular,39,Update,Deployment,false
0.144643497,Regular,70,Delete,ConfigMap,false
0.215178805,Regular,52,Delete,Deployment,false
0.267360488,Regular,45,Create,Deployment,false
0.313018018,Regular,55,Create,ConfigMap,false
0.368566944,Regular,47,Update,Deployment,false
0.415984509,Regular,17,Delete,ConfigMap,false
0.433832332,Regular,23,Delete,Deployment,false
0.457360331,Regular,24,Create,Deployment,false
0.482054688,Regular,28,Create,ConfigMap,false
0.510816858,Regular,35,Update,Deployment,false
0.546670265,Regular,28,Delete,ConfigMap,false
0.575478427,Regular,27,Delete,Deployment,false
0.603104653,Regular,36,Create,Deployment,false
0.639409755,Regular,35,Create,ConfigMap,false
0.674703689,Regular,26,Update,Deployment,false
0.701406555,Regular,24,Delete,ConfigMap,false
0.725442153,Regular,45,Delete,Deployment,false
0.770915552,Regular,37,Create,Deployment,false
0.80855353,Regular,22,Create,ConfigMap,false
0.830772498,Regular,33,Update,Deployment,false
0.864688902,Regular,18,Delete,ConfigMap,false
0.883133815,Regular,15,Delete,Deployment,false
0.898972272,Regular,33,Create,Deployment,false
0.93205367,Regular,32,Create,ConfigMap,false
0.964909619,Regular,40,Update,Deployment,false
1.005096817,Regular,21,Delete,ConfigMap,false
0.003554849,Regular,64,Create,Deployment,false
0.068441395,Regular,36,Create,ConfigMap,false
0.104880992,Regular,30,Update,Deployment,false
0.135219244,Regular,51,Delete,ConfigMap,false
0.186436558,Regular,41,Delete,Deployment,false
0.228358427,Regular,53,Create,Deployment,false
0.282399197,Regular,60,Create,ConfigMap,false
0.342610121,Regular,46,Update,Deployment,false
0.388916138,Regular,22,Delete,ConfigMap,false
0.411777852,Regular,18,Delete,Deployment,false
0.430437943,Regular,20,Create,Deployment,false
0.450747637,Regular,29,Create,ConfigMap,false
0.480518125,Regular,22,Update,Deployment,false
0.503509203,Regular,34,Delete,ConfigMap,false
0.538449161,Regular,22,Delete,Deployment,false
0.561470172,Regular,33,Create,Deployment,false
0.594991304,Regular,39,Create,ConfigMap,false
0.635025394,Regular,31,Update,Deployment,false
0.666344409,Regular,31,Delete,ConfigMap,false
0.698034212,Regular,27,Delete,Deployment,false
0.725979873,Regular,28,Create,Deployment,false
0.754856771,Regular,43,Create,ConfigMap,false
0.798419681,Regular,51,Update,Deployment,false
0.850332755,Regular,25,Delete,ConfigMap,false
0.876196504,Regular,14,Delete,Deployment,false
0.890249611,Regular,25,Create,Deployment,false
0.915635767,Regular,39,Create,ConfigMap,false
0.955146184,Regular,38,Update,Deployment,false
0.993843506,Regular,32,Delete,ConfigMap,false
0.003558672,Regular,64,Create,Deployment,false
0.068305105,Regular,46,Create,ConfigMap,false
0.114608013,Regular,55,Update,Deployment,false
0.170123703,Regular,44,Delete,ConfigMap,false
0.214455753,Regular,54,Delete,Deployment,false
0.268842936,Regular,42,Create,Deployment,false
0.311032338,Regular,57,Create,ConfigMap,false
0.368673356,Regular,30,Update,Deployment,false
0.399534908,Regular,27,Delete,ConfigMap,false
0.427323573,Regular,19,Delete,Deployment,false
0.446468047,Regular,36,Create,Deployment,false
0.482537195,Regular,21,Create,ConfigMap,false
0.504063296,Regular,38,Update,Deployment,false
0.542885832,Regular,18,Delete,ConfigMap,false
0.561778572,Regular,31,Delete,Deployment,false
0.593047218,Regular,33,Create,Deployment,false
0.626322101,Regular,28,Create,ConfigMap,false
0.655219327,Regular,31,Update,Deployment,false
0.686767148,Regular,27,Delete,ConfigMap,false
0.713981334,Regular,30,Delete,Deployment,false
0.744566107,Regular,30,Create,Deployment,false
0.775578472,Regular,48,Create,ConfigMap,false
0.823701904,Regular,35,Update,Deployment,false
0.859435918,Regular,22,Delete,ConfigMap,false
0.881805521,Regular,24,Delete,Deployment,false
0.906420779,Regular,32,Create,Deployment,false
0.939208465,Regular,24,Create,ConfigMap,false
0.963428371,Regular,30,Update,Deployment,false
0.994011486,Regular,33,Delete,ConfigMap,false
0.003384237,Regular,64,Create,Deployment,false
0.068463815,Regular,46,Create,ConfigMap,false
0.114534174,Regular,49,Update,Deployment,false
0.163704776,Regular,50,Delete,ConfigMap,false
0.214663639,Regular,52,Delete,Deployment,false
0.267037602,Regular,44,Create,Deployment,false
0.311767119,Regular,55,Create,ConfigMap,false
0.367264599,Regular,42,Update,Deployment,false
0.410007789,Regular,25,Delete,ConfigMap,false
0.435656611,Regular,23,Delete,Deployment,false
0.458923125,Regular,39,Create,Deployment,false
0.498604936,Regular,27,Create,ConfigMap,false
0.526589951,Regular,34,Update,Deployment,false
0.560706815,Regular,18,Delete,ConfigMap,false
0.579719859,Regular,32,Delete,Deployment,false
0.612747361,Regular,25,Create,Deployment,false
0.638506415,Regular,36,Create,ConfigMap,false
0.674913889,Regular,26,Update,Deployment,false
0.701497616,Regular,23,Delete,ConfigMap,false
0.725354013,Regular,38,Delete,Deployment,false
0.76348188,Regular,26,Create,Deployment,false
0.790508926,Regular,33,Create,ConfigMap,false
0.82460322,Regular,37,Update,Deployment,false
0.8626376,Regular,20,Delete,ConfigMap,false
0.883114493,Regular,23,Delete,Deployment,false
0.906196396,Regular,34,Create,Deployment,false
0.94096049,Regular,34,Create,ConfigMap,false
0.975956414,Regular,52,Update,Deployment,false
0.003484928,Regular,64,Create,Deployment,false
0.067518514,Regular,47,Create,ConfigMap,false
0.114871859,Regular,49,Update,Deployment,false
0.164050691,Regular,50,Delete,ConfigMap,false
0.214842913,Regular,53,Delete,Deployment,false
0.268031597,Regular,44,Create,Deployment,false
0.312116882,Regular,57,Create,ConfigMap,false
0.370132104,Regular,30,Update,Deployment,false
0.400459217,Regular,25,Delete,ConfigMap,false
0.426464679,Regular,20,Delete,Deployment,false
0.447321787,Regular,34,Create,Deployment,false
0.482006195,Regular,22,Create,ConfigMap,false
0.504246766,Regular,41,Update,Deployment,false
0.546146346,Regular,31,Delete,ConfigMap,false
0.577679147,Regular,23,Delete,Deployment,false
0.601142102,Regular,35,Create,Deployment,false
0.636544595,Regular,28,Create,ConfigMap,false
0.664655601,Regular,31,Update,Deployment,false
0.696136175,Regular,28,Delete,ConfigMap,false
0.724565643,Regular,30,Delete,Deployment,false
0.754667493,Regular,45,Create,Deployment,false
0.800493981,Regular,33,Create,ConfigMap,false
0.834433064,Regular,29,Update,Deployment,false
0.864325294,Regular,16,Delete,ConfigMap,false
0.881364289,Regular,24,Delete,Deployment,false
0.905995432,Regular,34,Create,Deployment,false
0.940107702,Regular,36,Create,ConfigMap,false
0.976365875,Regular,51,Update,Deployment,false
0.144348968,Regular,55,Delete,ConfigMap,false
0.200019954,Regular,28,Delete,Deployment,false
0.228537152,Regular,53,Create,Deployment,false
0.281586264,Regular,50,Create,ConfigMap,false
0.331709926,Regular,25,Update,Deployment,false
0.357148124,Regular,22,Delete,ConfigMap,false
0.380102434,Regular,27,Delete,Deployment,false
0.407914694,Regular,28,Create,Deployment,false
0.43668876,Regular,30,Create,ConfigMap,false
0.46704813,Regular,29,Update,Deployment,false
0.496215422,Regular,32,Delete,ConfigMap,false
0.528304902,Regular,18,Delete,Deployment,false
0.546465756,Regular,30,Create,Deployment,false
0.577356254,Regular,31,Create,ConfigMap,false
0.608835789,Regular,40,Update,Deployment,false
0.649225342,Regular,23,Delete,ConfigMap,false
0.672250956,Regular,25,Delete,Deployment,false
0.697802416,Regular,29,Create,Deployment,false
0.72704795,Regular,26,Create,ConfigMap,false
0.753139647,Regular,38,Update,Deployment,false
0.791592959,Regular,32,Delete,ConfigMap,false
0.823768744,Regular,35,Delete,Deployment,false
0.859631538,Regular,29,Create,Deployment,false
0.888977865,Regular,26,Create,ConfigMap,false
0.915082945,Regular,41,Update,Deployment,false
0.957289379,Regular,18,Delete,ConfigMap,false
0.975430695,Regular,38,Delete,Deployment,false
1.014181138,Regular,31,Create,Deployment,false
1.045695734,Regular,22,Create,ConfigMap,false
1.06879839,Regular,28,Update,Deployment,false
1.097621046,Regular,24,Delete,ConfigMap,false
1.122206379,Regular,19,Delete,Deployment,false
1.141254013,Regular,30,Create,Deployment,false
1.171500554,Regular,27,Create,ConfigMap,false
1.199418905,Regular,36,Update,Deployment,false
1.236407292,Regular,16,Delete,ConfigMap,false
1.252824109,Regular,19,Delete,Deployment,false
1.2723066410000001,Regular,18,Create,Deployment,false
1.291276796,Regular,42,Create,ConfigMap,false
1.333491029,Regular,26,Update,Deployment,false
1.360138415,Regular,39,Delete,ConfigMap,false
1.399797565,Regular,28,Delete,Deployment,false
1.428461561,Regular,57,Create,Deployment,false
1.486228833,Regular,30,Create,ConfigMap,false
1.516816415,Regular,28,Update,Deployment,false
1.545292709,Regular,15,Delete,ConfigMap,false
1.56088738,Regular,22,Delete,Deployment,false
1.583852287,Regular,26,Create,Deployment,false
1.6106584480000001,Regular,31,Create,ConfigMap,false
1.642660631,Regular,19,Update,Deployment,false
1.662370427,Regular,27,Delete,ConfigMap,false
1.6894245479999999,Regular,19,Delete,Deployment,false
1.7086450869999998,Regular,32,Create,Deployment,false
1.740697397,Regular,34,Create,ConfigMap,false
1.774937468,Regular,55,Update,Deployment,false
1.8304593040000001,Regular,46,Delete,ConfigMap,false
1.876847945,Regular,18,Delete,Deployment,false
1.8954695080000001,Regular,30,Create,Deployment,false
1.9257439459999999,Regular,35,Create,ConfigMap,false
1.9615671159999999,Regular,42,Update,Deployment,false
1.014953505,Regular,32,Update,Deployment,false
1.047211296,Regular,21,Delete,ConfigMap,false
1.068747713,Regular,26,Delete,Deployment,false
1.094930776,Regular,25,Create,Deployment,false
1.120356551,Regular,25,Create,ConfigMap,false
1.146224145,Regular,18,Update,Deployment,false
1.1644653090000001,Regular,25,Delete,ConfigMap,false
1.189811141,Regular,24,Delete,Deployment,false
1.214733546,Regular,33,Create,Deployment,false
1.248586487,Regular,29,Create,ConfigMap,false
1.277903588,Regular,32,Update,Deployment,false
1.310262183,Regular,17,Delete,ConfigMap,false
1.327587473,Regular,24,Delete,Deployment,false
1.3523877930000001,Regular,28,Create,Deployment,false
1.381034771,Regular,37,Create,ConfigMap,false
1.418118537,Regular,41,Update,Deployment,false
1.459556394,Regular,34,Delete,ConfigMap,false
1.493662652,Regular,24,Delete,Deployment,false
1.5184970679999998,Regular,24,Create,Deployment,false
1.542982686,Regular,16,Create,ConfigMap,false
1.559287265,Regular,40,Update,Deployment,false
1.59954555,Regular,22,Delete,ConfigMap,false
1.6222615089999999,Regular,29,Delete,Deployment,false
1.65203698,Regular,30,Create,Deployment,false
1.682473656,Regular,29,Create,ConfigMap,false
1.711641994,Regular,28,Update,Deployment,false
1.739779193,Regular,17,Delete,ConfigMap,false
1.757437559,Regular,48,Delete,Deployment,false
1.805727478,Regular,47,Create,Deployment,false
1.8529638510000002,Regular,36,Create,ConfigMap,false
1.889926008,Regular,35,Update,Deployment,false
1.925276335,Regular,26,Delete,ConfigMap,false
1.9518773170000001,Regular,24,Delete,Deployment,false
1.97649454,Regular,30,Create,Deployment,false
1.014134465,Regular,30,Update,Deployment,false
1.04449797,Regular,21,Delete,ConfigMap,false
1.065997962,Regular,27,Delete,Deployment,false
1.093594784,Regular,40,Create,Deployment,false
1.134081333,Regular,37,Create,ConfigMap,false
1.171779764,Regular,34,Update,Deployment,false
1.20621318,Regular,20,Delete,ConfigMap,false
1.226543045,Regular,20,Delete,Deployment,false
1.247181379,Regular,19,Create,Deployment,false
1.26699731,Regular,24,Create,ConfigMap,false
1.291474692,Regular,42,Update,Deployment,false
1.334402232,Regular,18,Delete,ConfigMap,false
1.352474411,Regular,19,Delete,Deployment,false
1.372163016,Regular,30,Create,Deployment,false
1.402697448,Regular,24,Create,ConfigMap,false
1.427101961,Regular,68,Update,Deployment,false
1.495312975,Regular,23,Delete,ConfigMap,false
1.519274958,Regular,21,Delete,Deployment,false
1.540783682,Regular,32,Create,Deployment,false
1.5737323829999998,Regular,32,Create,ConfigMap,false
1.6061990499999999,Regular,25,Update,Deployment,false
1.631714095,Regular,23,Delete,ConfigMap,false
1.655241933,Regular,28,Delete,Deployment,false
1.684207538,Regular,25,Create,Deployment,false
1.709334882,Regular,31,Create,ConfigMap,false
1.741284925,Regular,53,Update,Deployment,false
1.795276625,Regular,58,Delete,ConfigMap,false
1.853853148,Regular,31,Delete,Deployment,false
1.8851920290000002,Regular,38,Create,Deployment,false
1.923422926,Regular,35,Create,ConfigMap,false
1.95864218,Regular,37,Update,Deployment,false
1.9957983129999999,Regular,13,Delete,ConfigMap,false
1.019178848,Regular,16,Delete,Deployment,false
1.035752336,Regular,23,Create,Deployment,false
1.05924977,Regular,36,Create,ConfigMap,false
1.095756728,Regular,36,Update,Deployment,false
1.131797481,Regular,30,Delete,ConfigMap,false
1.162387635,Regular,27,Delete,Deployment,false
1.190255875,Regular,22,Create,Deployment,false
1.213276416,Regular,36,Create,ConfigMap,false
1.249592614,Regular,29,Update,Deployment,false
1.2789946159999999,Regular,23,Delete,ConfigMap,false
1.30246066,Regular,22,Delete,Deployment,false
1.324891758,Regular,25,Create,Deployment,false
1.3506345180000001,Regular,29,Create,ConfigMap,false
1.3806566359999999,Regular,30,Update,Deployment,false
1.4115756689999999,Regular,39,Delete,ConfigMap,false
1.450714145,Regular,35,Delete,Deployment,false
1.486005743,Regular,32,Create,Deployment,false
1.5186299779999999,Regular,28,Create,ConfigMap,false
1.547061024,Regular,25,Update,Deployment,false
1.573019527,Regular,29,Delete,ConfigMap,false
1.6026421499999999,Regular,27,Delete,Deployment,false
1.629976039,Regular,40,Create,Deployment,false
1.670835546,Regular,28,Create,ConfigMap,false
1.699127495,Regular,30,Update,Deployment,false
1.72966549,Regular,27,Delete,ConfigMap,false
1.757088887,Regular,47,Delete,Deployment,false
1.804225161,Regular,59,Create,Deployment,false
1.863662175,Regular,45,Create,ConfigMap,false
1.909319758,Regular,42,Update,Deployment,false
1.951480769,Regular,26,Delete,ConfigMap,false
1.978435319,Regular,33,Delete,Deployment,false
1.028349957,Regular,29,Delete,ConfigMap,false
1.057891981,Regular,24,Delete,Deployment,false
1.082727212,Regular,25,Create,Deployment,false
1.108148067,Regular,23,Create,ConfigMap,false
1.132109029,Regular,39,Update,Deployment,false
1.171634236,Regular,28,Delete,ConfigMap,false
1.19983891,Regular,28,Delete,Deployment,false
1.228076336,Regular,22,Create,Deployment,false
1.250492042,Regular,28,Create,ConfigMap,false
1.279051093,Regular,33,Update,Deployment,false
1.312517335,Regular,15,Delete,ConfigMap,false
1.328282002,Regular,21,Delete,Deployment,false
1.349946025,Regular,33,Create,Deployment,false
1.383603511,Regular,33,Create,ConfigMap,false
1.416669892,Regular,40,Update,Deployment,false
1.456917905,Regular,37,Delete,ConfigMap,false
1.494036484,Regular,14,Delete,Deployment,false
1.509109187,Regular,20,Create,Deployment,false
1.529850825,Regular,28,Create,ConfigMap,false
1.558274602,Regular,26,Update,Deployment,false
1.585328064,Regular,24,Delete,ConfigMap,false
1.61002637,Regular,12,Delete,Deployment,false
1.622321095,Regular,47,Create,Deployment,false
1.670280966,Regular,28,Create,ConfigMap,false
1.698779077,Regular,21,Update,Deployment,false
1.720323214,Regular,17,Delete,ConfigMap,false
1.7375979080000001,Regular,20,Delete,Deployment,false
1.758105593,Regular,28,Create,Deployment,false
1.78664237,Regular,65,Create,ConfigMap,false
1.8519806189999999,Regular,49,Update,Deployment,false
1.901165943,Regular,25,Delete,ConfigMap,false
1.9263336309999999,Regular,32,Delete,Deployment,false
1.959058786,Regular,53,Create,Deployment,false
1.004608964,Regular,39,Update,Deployment,false
1.044144214,Regular,23,Delete,ConfigMap,false
1.067574797,Regular,26,Delete,Deployment,false
1.093799784,Regular,39,Create,Deployment,false
1.133857104,Regular,37,Create,ConfigMap,false
1.171642056,Regular,28,Update,Deployment,false
1.20033041,Regular,19,Delete,ConfigMap,false
1.220286496,Regular,26,Delete,Deployment,false
1.246803138,Regular,17,Create,Deployment,false
1.264259958,Regular,16,Create,ConfigMap,false
1.2806439,Regular,27,Update,Deployment,false
1.308326611,Regular,24,Delete,ConfigMap,false
1.332641969,Regular,27,Delete,Deployment,false
1.360229968,Regular,37,Create,Deployment,false
1.397888625,Regular,32,Create,ConfigMap,false
1.429982632,Regular,50,Update,Deployment,false
1.480074213,Regular,38,Delete,ConfigMap,false
1.519051826,Regular,26,Delete,Deployment,false
1.5457758799999999,Regular,27,Create,Deployment,false
1.5732899919999999,Regular,38,Create,ConfigMap,false
1.612281042,Regular,37,Update,Deployment,false
1.649710683,Regular,28,Delete,ConfigMap,false
1.678144061,Regular,19,Delete,Deployment,false
1.698115095,Regular,18,Create,Deployment,false
1.716585996,Regular,33,Create,ConfigMap,false
1.749733844,Regular,42,Update,Deployment,false
1.792322187,Regular,38,Delete,ConfigMap,false
1.83082718,Regular,43,Delete,Deployment,false
1.87476662,Regular,52,Create,Deployment,false
1.927198663,Regular,36,Create,ConfigMap,false
1.963843944,Regular,32,Update,Deployment,false
1.996350753,Regular,17,Delete,ConfigMap,false
1.026796163,Regular,32,Delete,Deployment,false
1.059207561,Regular,38,Create,Deployment,false
1.098028336,Regular,31,Create,ConfigMap,false
1.129649466,Regular,42,Update,Deployment,false
1.172441839,Regular,25,Delete,ConfigMap,false
1.197984674,Regular,30,Delete,Deployment,false
1.228122573,Regular,21,Create,Deployment,false
1.249169091,Regular,29,Create,ConfigMap,false
1.278333093,Regular,31,Update,Deployment,false
1.310172895,Regular,15,Delete,ConfigMap,false
1.325608659,Regular,20,Delete,Deployment,false
1.346349504,Regular,32,Create,Deployment,false
1.379067447,Regular,39,Create,ConfigMap,false
1.418546973,Regular,49,Update,Deployment,false
1.467940621,Regular,25,Delete,ConfigMap,false
1.493253589,Regular,26,Delete,Deployment,false
1.519490027,Regular,27,Create,Deployment,false
1.5467512939999999,Regular,24,Create,ConfigMap,false
1.571054815,Regular,33,Update,Deployment,false
1.604606416,Regular,14,Delete,ConfigMap,false
1.618824655,Regular,30,Delete,Deployment,false
1.6496402140000002,Regular,36,Create,Deployment,false
1.685856341,Regular,25,Create,ConfigMap,false
1.711411231,Regular,36,Update,Deployment,false
1.74809704,Regular,17,Delete,ConfigMap,false
1.765284931,Regular,56,Delete,Deployment,false
1.822299165,Regular,60,Create,Deployment,false
1.882817084,Regular,41,Create,ConfigMap,false
1.924403502,Regular,26,Update,Deployment,false
1.950991259,Regular,25,Delete,ConfigMap,false
1.9762562190000001,Regular,25,Delete,Deployment,false
2.001988697,Regular,26,Create,Deployment,false
1.02819986,Regular,30,Delete,ConfigMap,false
1.0582338629999999,Regular,36,Delete,Deployment,false
1.094361004,Regular,39,Create,Deployment,false
1.134107804,Regular,26,Create,ConfigMap,false
1.160822292,Regular,29,Update,Deployment,false
1.19043477,Regular,23,Delete,ConfigMap,false
1.213998486,Regular,34,Delete,Deployment,false
1.248309751,Regular,30,Create,Deployment,false
1.27841121,Regular,17,Create,ConfigMap,false
1.295556988,Regular,37,Update,Deployment,false
1.333190442,Regular,19,Delete,ConfigMap,false
1.352687531,Regular,19,Delete,Deployment,false
1.37239387,Regular,29,Create,Deployment,false
1.40168025,Regular,29,Create,ConfigMap,false
1.43166652,Regular,54,Update,Deployment,false
1.486518549,Regular,33,Delete,ConfigMap,false
1.519899355,Regular,20,Delete,Deployment,false
1.5407417460000001,Regular,32,Create,Deployment,false
1.573732395,Regular,38,Create,ConfigMap,false
1.6119693050000001,Regular,30,Update,Deployment,false
1.642926674,Regular,14,Delete,ConfigMap,false
1.657061715,Regular,33,Delete,Deployment,false
1.690398111,Regular,25,Create,Deployment,false
1.715424251,Regular,33,Create,ConfigMap,false
1.748848652,Regular,74,Update,Deployment,false
1.823116583,Regular,53,Delete,ConfigMap,false
1.876372417,Regular,26,Delete,Deployment,false
1.9035100630000001,Regular,46,Create,Deployment,false
1.949775789,Regular,26,Create,ConfigMap,false
1.9759448659999999,Regular,36,Update,Deployment,false
2.012208497,Regular,23,Delete,ConfigMap,false
1.027369972,Regular,31,Delete,Deployment,false
1.058918558,Regular,38,Create,Deployment,false
1.097967193,Regular,22,Create,ConfigMap,false
1.120235117,Regular,31,Update,Deployment,false
1.151529503,Regular,37,Delete,ConfigMap,false
1.189293581,Regular,24,Delete,Deployment,false
1.213979181,Regular,36,Create,Deployment,false
1.250156947,Regular,29,Create,ConfigMap,false
1.280128782,Regular,32,Update,Deployment,false
1.3126156199999999,Regular,15,Delete,ConfigMap,false
1.328000834,Regular,20,Delete,Deployment,false
1.3484048849999999,Regular,23,Create,Deployment,false
1.372369862,Regular,28,Create,ConfigMap,false
1.400642422,Regular,63,Update,Deployment,false
1.464456406,Regular,28,Delete,ConfigMap,false
1.493436464,Regular,25,Delete,Deployment,false
1.518501058,Regular,28,Create,Deployment,false
1.546705129,Regular,28,Create,ConfigMap,false
1.575281064,Regular,35,Update,Deployment,false
1.6112293960000001,Regular,38,Delete,ConfigMap,false
1.649640234,Regular,20,Delete,Deployment,false
1.670130909,Regular,29,Create,Deployment,false
1.6997200239999999,Regular,28,Create,ConfigMap,false
1.728098361,Regular,48,Update,Deployment,false
1.77646606,Regular,40,Delete,ConfigMap,false
1.817061144,Regular,57,Delete,Deployment,false
1.874107038,Regular,53,Create,Deployment,false
1.927250374,Regular,36,Create,ConfigMap,false
1.963449052,Regular,28,Update,Deployment,false
1.992437695,Regular,21,Delete,ConfigMap,false
2.013520398,Regular,24,Delete,Deployment,false
1.026641188,Regular,32,Delete,Deployment,false
1.0592357589999999,Regular,37,Create,Deployment,false
1.097248131,Regular,24,Create,ConfigMap,false
1.121914987,Regular,28,Update,Deployment,false
1.150743533,Regular,38,Delete,ConfigMap,false
1.189262353,Regular,25,Delete,Deployment,false
1.214999399,Regular,35,Create,Deployment,false
1.250358251,Regular,21,Create,ConfigMap,false
1.272152278,Regular,20,Update,Deployment,false
1.292713521,Regular,34,Delete,ConfigMap,false
1.327726077,Regular,32,Delete,Deployment,false
1.359997891,Regular,31,Create,Deployment,false
1.391230454,Regular,27,Create,ConfigMap,false
1.41888162,Regular,45,Update,Deployment,false
1.463920886,Regular,30,Delete,ConfigMap,false
1.494263935,Regular,17,Delete,Deployment,false
1.511425883,Regular,33,Create,Deployment,false
1.545330114,Regular,25,Create,ConfigMap,false
1.571215392,Regular,36,Update,Deployment,false
1.607312181,Regular,25,Delete,ConfigMap,false
1.633253136,Regular,21,Delete,Deployment,false
1.654438053,Regular,29,Create,Deployment,false
1.684409779,Regular,24,Create,ConfigMap,false
1.7085400499999999,Regular,21,Update,Deployment,false
1.7298191059999999,Regular,26,Delete,ConfigMap,false
1.756522559,Regular,59,Delete,Deployment,false
1.815806756,Regular,62,Create,Deployment,false
1.8785674399999999,Regular,30,Create,ConfigMap,false
1.90884,Regular,42,Update,Deployment,false
1.951840177,Regular,24,Delete,ConfigMap,false
1.9765410879999998,Regular,43,Delete,Deployment,false
2.020464624,Regular,18,Create,Deployment,false
2.03877048,Regular,25,Create,ConfigMap,false
2.064693935,Regular,29,Update,Deployment,false
2.009553421,Regular,16,Delete,Deployment,false
2.026414908,Regular,28,Create,Deployment,false
2.054461659,Regular,26,Create,ConfigMap,false
2.081194297,Regular,33,Update,Deployment,false
2.114338707,Regular,25,Delete,ConfigMap,false
2.139798384,Regular,33,Delete,Deployment,false
2.173486876,Regular,28,Create,Deployment,false
2.201570522,Regular,24,Create,ConfigMap,false
2.226270993,Regular,38,Update,Deployment,false
2.2652955009999998,Regular,24,Delete,ConfigMap,false
2.289841205,Regular,12,Delete,Deployment,false
2.302702441,Regular,43,Create,Deployment,false
2.34587111,Regular,42,Create,ConfigMap,false
2.387923743,Regular,39,Update,Deployment,false
2.427462176,Regular,21,Delete,ConfigMap,false
2.449349387,Regular,24,Delete,Deployment,false
2.473542104,Regular,25,Create,Deployment,false
2.498989209,Regular,19,Create,ConfigMap,false
2.5180601940000003,Regular,40,Update,Deployment,false
2.5581710490000003,Regular,21,Delete,ConfigMap,false
2.579405867,Regular,26,Delete,Deployment,false
2.606360898,Regular,40,Create,Deployment,false
2.646536146,Regular,28,Create,ConfigMap,false
2.6749626319999997,Regular,29,Update,Deployment,false
2.704831897,Regular,22,Delete,ConfigMap,false
2.727484662,Regular,18,Delete,Deployment,false
2.74661501,Regular,35,Create,Deployment,false
2.781928132,Regular,25,Create,ConfigMap,false
2.807887678,Regular,28,Update,Deployment,false
2.83664364,Regular,13,Delete,ConfigMap,false
2.849794499,Regular,24,Delete,Deployment,false
2.874159414,Regular,29,Create,Deployment,false
2.903394276,Regular,37,Create,ConfigMap,false
2.9413839729999998,Regular,41,Update,Deployment,false
2.983347774,Regular,26,Delete,ConfigMap,false
2.012153869,Regular,27,Create,ConfigMap,false
2.03926478,Regular,29,Update,Deployment,false
2.069212265,Regular,16,Delete,ConfigMap,false
2.085852208,Regular,18,Delete,Deployment,false
2.104213023,Regular,26,Create,Deployment,false
2.130468211,Regular,30,Create,ConfigMap,false
2.160586917,Regular,27,Update,Deployment,false
2.188320361,Regular,21,Delete,ConfigMap,false
2.209980182,Regular,16,Delete,Deployment,false
2.226916945,Regular,38,Create,Deployment,false
2.265527254,Regular,30,Create,ConfigMap,false
2.29648486,Regular,33,Update,Deployment,false
2.32972255,Regular,28,Delete,ConfigMap,false
2.358680059,Regular,19,Delete,Deployment,false
2.378599747,Regular,40,Create,Deployment,false
2.419307437,Regular,29,Create,ConfigMap,false
2.448664275,Regular,29,Update,Deployment,false
2.477980538,Regular,17,Delete,ConfigMap,false
2.495464283,Regular,22,Delete,Deployment,false
2.517579943,Regular,45,Create,Deployment,false
2.562965136,Regular,38,Create,ConfigMap,false
2.601506017,Regular,33,Update,Deployment,false
2.634898332,Regular,26,Delete,ConfigMap,false
2.661017115,Regular,22,Delete,Deployment,false
2.6831864640000003,Regular,25,Create,Deployment,false
2.70857977,Regular,23,Create,ConfigMap,false
2.732595298,Regular,31,Update,Deployment,false
2.763772979,Regular,36,Delete,ConfigMap,false
2.801023774,Regular,29,Delete,Deployment,false
2.830138372,Regular,31,Create,Deployment,false
2.861684431,Regular,40,Create,ConfigMap,false
2.902566633,Regular,39,Update,Deployment,false
2.9416259780000003,Regular,41,Delete,ConfigMap,false
2.983119991,Regular,27,Delete,Deployment,false
2.013732664,Regular,20,Delete,Deployment,false
2.034310295,Regular,31,Create,Deployment,false
2.066122703,Regular,19,Create,ConfigMap,false
2.085695721,Regular,30,Update,Deployment,false
2.11662544,Regular,23,Delete,ConfigMap,false
2.139733978,Regular,33,Delete,Deployment,false
2.173156764,Regular,24,Create,Deployment,false
2.198079682,Regular,27,Create,ConfigMap,false
2.2258508790000002,Regular,29,Update,Deployment,false
2.255192271,Regular,25,Delete,ConfigMap,false
2.280564796,Regular,23,Delete,Deployment,false
2.303645795,Regular,41,Create,Deployment,false
2.345643112,Regular,42,Create,ConfigMap,false
2.38810887,Regular,56,Update,Deployment,false
2.444616286,Regular,30,Delete,ConfigMap,false
2.475389618,Regular,19,Delete,Deployment,false
2.495283195,Regular,28,Create,Deployment,false
2.523889868,Regular,37,Create,ConfigMap,false
2.561642425,Regular,40,Update,Deployment,false
2.601832109,Regular,31,Delete,ConfigMap,false
2.633782656,Regular,18,Delete,Deployment,false
2.652771368,Regular,26,Create,Deployment,false
2.679035946,Regular,27,Create,ConfigMap,false
2.706743292,Regular,26,Update,Deployment,false
2.7332107629999998,Regular,24,Delete,ConfigMap,false
2.758115204,Regular,41,Delete,Deployment,false
2.799815682,Regular,28,Create,Deployment,false
2.82857174,Regular,31,Create,ConfigMap,false
2.860275595,Regular,34,Update,Deployment,false
2.8944540930000002,Regular,27,Delete,ConfigMap,false
2.922271832,Regular,27,Delete,Deployment,false
2.950122685,Regular,44,Create,Deployment,false
2.994472638,Regular,22,Create,ConfigMap,false
2.004186886,Regular,18,Delete,ConfigMap,false
2.023044605,Regular,26,Delete,Deployment,false
2.049188551,Regular,30,Create,Deployment,false
2.079473405,Regular,16,Create,ConfigMap,false
2.096168772,Regular,24,Update,Deployment,false
2.120546199,Regular,19,Delete,ConfigMap,false
2.14028769,Regular,20,Delete,Deployment,false
2.160964812,Regular,34,Create,Deployment,false
2.195664226,Regular,22,Create,ConfigMap,false
2.218043924,Regular,21,Update,Deployment,false
2.239557855,Regular,34,Delete,ConfigMap,false
2.273889682,Regular,17,Delete,Deployment,false
2.291887768,Regular,31,Create,Deployment,false
2.323752598,Regular,29,Create,ConfigMap,false
2.353096466,Regular,37,Update,Deployment,false
2.390992506,Regular,40,Delete,ConfigMap,false
2.431903701,Regular,30,Delete,Deployment,false
2.462851917,Regular,38,Create,Deployment,false
2.501562524,Regular,34,Create,ConfigMap,false
2.5361206149999997,Regular,41,Update,Deployment,false
2.577900675,Regular,26,Delete,ConfigMap,false
2.604282949,Regular,30,Delete,Deployment,false
2.634935307,Regular,37,Create,Deployment,false
2.6729456259999997,Regular,25,Create,ConfigMap,false
2.698755437,Regular,25,Update,Deployment,false
2.724561536,Regular,21,Delete,ConfigMap,false
2.746602514,Regular,28,Delete,Deployment,false
2.775113846,Regular,34,Create,Deployment,false
2.809840981,Regular,31,Create,ConfigMap,false
2.841306296,Regular,23,Update,Deployment,false
2.864450546,Regular,29,Delete,ConfigMap,false
2.894430773,Regular,20,Delete,Deployment,false
2.9152186,Regular,35,Create,Deployment,false
2.951192022,Regular,41,Create,ConfigMap,false
2.993108273,Regular,27,Update,Deployment,false
2.038043257,Regular,27,Create,Deployment,false
2.065498558,Regular,21,Create,ConfigMap,false
2.0869051,Regular,29,Update,Deployment,false
2.11649008,Regular,24,Delete,ConfigMap,false
2.140699883,Regular,32,Delete,Deployment,false
2.172955375,Regular,28,Create,Deployment,false
2.201309727,Regular,25,Create,ConfigMap,false
2.226513661,Regular,38,Update,Deployment,false
2.264702278,Regular,18,Delete,ConfigMap,false
2.28367724,Regular,19,Delete,Deployment,false
2.302735584,Regular,43,Create,Deployment,false
2.346634123,Regular,23,Create,ConfigMap,false
2.369803052,Regular,54,Update,Deployment,false
2.423938332,Regular,22,Delete,ConfigMap,false
2.446786223,Regular,20,Delete,Deployment,false
2.467290051,Regular,34,Create,Deployment,false
2.501597932,Regular,27,Create,ConfigMap,false
2.529319375,Regular,34,Update,Deployment,false
2.563582624,Regular,29,Delete,ConfigMap,false
2.593166959,Regular,20,Delete,Deployment,false
2.613240861,Regular,32,Create,Deployment,false
2.646241459,Regular,27,Create,ConfigMap,false
2.673745249,Regular,31,Update,Deployment,false
2.705539077,Regular,21,Delete,ConfigMap,false
2.726958123,Regular,19,Delete,Deployment,false
2.747036862,Regular,30,Create,Deployment,false
2.777530832,Regular,37,Create,ConfigMap,false
2.815312101,Regular,32,Update,Deployment,false
2.847748356,Regular,25,Delete,ConfigMap,false
2.87378835,Regular,29,Delete,Deployment,false
2.903514039,Regular,30,Create,Deployment,false
2.934120659,Regular,28,Create,ConfigMap,false
2.962777517,Regular,38,Update,Deployment,false
3.001734434,Regular,20,Delete,ConfigMap,false
2.028654568,Regular,25,Create,ConfigMap,false
2.053840249,Regular,27,Update,Deployment,false
2.081198049,Regular,33,Delete,ConfigMap,false
2.11497851,Regular,25,Delete,Deployment,false
2.140049406,Regular,32,Create,Deployment,false
2.173000036,Regular,22,Create,ConfigMap,false
2.195489761,Regular,31,Update,Deployment,false
2.227470851,Regular,26,Delete,ConfigMap,false
2.253683062,Regular,25,Delete,Deployment,false
2.278774661,Regular,32,Create,Deployment,false
2.310882056,Regular,37,Create,ConfigMap,false
2.348406861,Regular,41,Update,Deployment,false
2.389926756,Regular,38,Delete,ConfigMap,false
2.429038181,Regular,30,Delete,Deployment,false
2.460006051,Regular,32,Create,Deployment,false
2.492318048,Regular,26,Create,ConfigMap,false
2.518979099,Regular,46,Update,Deployment,false
2.565281976,Regular,27,Delete,ConfigMap,false
2.5932227169999997,Regular,21,Delete,Deployment,false
2.6151104099999998,Regular,31,Create,Deployment,false
2.646975479,Regular,24,Create,ConfigMap,false
2.67144589,Regular,25,Update,Deployment,false
2.696731005,Regular,18,Delete,ConfigMap,false
2.715334955,Regular,22,Delete,Deployment,false
2.737532346,Regular,33,Create,Deployment,false
2.771006456,Regular,38,Create,ConfigMap,false
2.809845666,Regular,37,Update,Deployment,false
2.847222634,Regular,24,Delete,ConfigMap,false
2.8722056350000003,Regular,21,Delete,Deployment,false
2.8941539130000002,Regular,27,Create,Deployment,false
2.9217204839999997,Regular,29,Create,ConfigMap,false
2.951673537,Regular,32,Update,Deployment,false
2.984637219,Regular,24,Delete,ConfigMap,false
3.009268845,Regular,26,Delete,Deployment,false
2.094634967,Regular,20,Delete,ConfigMap,false
2.114881147,Regular,25,Delete,Deployment,false
2.140624724,Regular,22,Create,Deployment,false
2.16270002,Regular,34,Create,ConfigMap,false
2.19724845,Regular,26,Update,Deployment,false
2.223944153,Regular,11,Delete,ConfigMap,false
2.235746568,Regular,19,Delete,Deployment,false
2.255262899,Regular,27,Create,Deployment,false
2.282688657,Regular,26,Create,ConfigMap,false
2.309266131,Regular,38,Update,Deployment,false
2.347842452,Regular,18,Delete,ConfigMap,false
2.366401814,Regular,38,Delete,Deployment,false
2.4051056920000002,Regular,27,Create,Deployment,false
2.433028693,Regular,28,Create,ConfigMap,false
2.461800019,Regular,27,Update,Deployment,false
2.489784033,Regular,18,Delete,ConfigMap,false
2.5083448219999998,Regular,27,Delete,Deployment,false
2.535913878,Regular,25,Create,Deployment,false
2.561797544,Regular,39,Create,ConfigMap,false
2.601548549,Regular,38,Update,Deployment,false
2.640259501,Regular,31,Delete,ConfigMap,false
2.6714019970000003,Regular,25,Delete,Deployment,false
2.696799791,Regular,20,Create,Deployment,false
2.71771913,Regular,21,Create,ConfigMap,false
2.739151322,Regular,38,Update,Deployment,false
2.77740288,Regular,32,Delete,ConfigMap,false
2.809916615,Regular,33,Delete,Deployment,false
2.843292344,Regular,33,Create,Deployment,false
2.8765505300000003,Regular,34,Create,ConfigMap,false
2.910848283,Regular,28,Update,Deployment,false
2.93954343,Regular,18,Delete,ConfigMap,false
2.958065208,Regular,33,Delete,Deployment,false
2.9919659469999997,Regular,46,Create,Deployment,false
2.011710772,Regular,28,Create,Deployment,false
2.040682583,Regular,32,Create,ConfigMap,false
2.073535242,Regular,20,Update,Deployment,false
2.094412821,Regular,32,Delete,ConfigMap,false
2.127233491,Regular,21,Delete,Deployment,false
2.148514784,Regular,33,Create,Deployment,false
2.181791931,Regular,29,Create,ConfigMap,false
2.21179326,Regular,33,Update,Deployment,false
2.245172089,Regular,29,Delete,ConfigMap,false
2.274462356,Regular,18,Delete,Deployment,false
2.292536944,Regular,38,Create,Deployment,false
2.331498874,Regular,27,Create,ConfigMap,false
2.359301444,Regular,31,Update,Deployment,false
2.390959059,Regular,30,Delete,ConfigMap,false
2.421643809,Regular,24,Delete,Deployment,false
2.446307075,Regular,33,Create,Deployment,false
2.480194429,Regular,28,Create,ConfigMap,false
2.508638199,Regular,30,Update,Deployment,false
2.5390628619999998,Regular,32,Delete,ConfigMap,false
2.5716444960000002,Regular,21,Delete,Deployment,false
2.593180894,Regular,42,Create,Deployment,false
2.635787475,Regular,38,Create,ConfigMap,false
2.674275959,Regular,25,Update,Deployment,false
2.699650743,Regular,27,Delete,ConfigMap,false
2.727044115,Regular,17,Delete,Deployment,false
2.744817228,Regular,34,Create,Deployment,false
2.779351212,Regular,42,Create,ConfigMap,false
2.8215394050000002,Regular,27,Update,Deployment,false
2.8489557469999998,Regular,25,Delete,ConfigMap,false
2.874383379,Regular,26,Delete,Deployment,false
2.900724276,Regular,22,Create,Deployment,false
2.92378357,Regular,27,Create,ConfigMap,false
2.951429965,Regular,40,Update,Deployment,false
2.991543214,Regular,25,Delete,ConfigMap,false
3.017498312,Regular,28,Delete,Deployment,false
2.035915432,Regular,28,Delete,Deployment,false
2.064571869,Regular,22,Create,Deployment,false
2.086834641,Regular,32,Create,ConfigMap,false
2.119713192,Regular,29,Update,Deployment,false
2.149669924,Regular,20,Delete,ConfigMap,false
2.170225752,Regular,25,Delete,Deployment,false
2.195986595,Regular,31,Create,Deployment,false
2.227462325,Regular,35,Create,ConfigMap,false
2.262794106,Regular,29,Update,Deployment,false
2.292794178,Regular,28,Delete,ConfigMap,false
2.321030194,Regular,37,Delete,Deployment,false
2.358681317,Regular,31,Create,Deployment,false
2.390034642,Regular,28,Create,ConfigMap,false
2.4182248570000002,Regular,29,Update,Deployment,false
2.447621492,Regular,27,Delete,ConfigMap,false
2.475389629,Regular,25,Delete,Deployment,false
2.500715547,Regular,36,Create,Deployment,false
2.537115034,Regular,31,Create,ConfigMap,false
2.568732393,Regular,33,Update,Deployment,false
2.6022648139999998,Regular,31,Delete,ConfigMap,false
2.634242764,Regular,26,Delete,Deployment,false
2.661016962,Regular,28,Create,Deployment,false
2.689750656,Regular,27,Create,ConfigMap,false
2.717404295,Regular,20,Update,Deployment,false
2.738190418,Regular,28,Delete,ConfigMap,false
2.766370593,Regular,34,Delete,Deployment,false
2.801415839,Regular,26,Create,Deployment,false
2.8281893,Regular,29,Create,ConfigMap,false
2.857996666,Regular,43,Update,Deployment,false
2.9016587190000003,Regular,38,Delete,ConfigMap,false
2.940450894,Regular,19,Delete,Deployment,false
2.960109883,Regular,41,Create,Deployment,false
3.001600262,Regular,31,Create,ConfigMap,false
3.032941363,Regular,34,Update,Deployment,false
2.007222637,Regular,19,Create,ConfigMap,false
2.026456328,Regular,38,Update,Deployment,false
2.065234753,Regular,15,Delete,ConfigMap,false
2.081209802,Regular,22,Delete,Deployment,false
2.103709019,Regular,24,Create,Deployment,false
2.128238439,Regular,30,Create,ConfigMap,false
2.158574897,Regular,33,Update,Deployment,false
2.191962254,Regular,16,Delete,ConfigMap,false
2.208016586,Regular,19,Delete,Deployment,false
2.227437905,Regular,38,Create,Deployment,false
2.266062791,Regular,28,Create,ConfigMap,false
2.294979527,Regular,43,Update,Deployment,false
2.338241842,Regular,17,Delete,ConfigMap,false
2.356121598,Regular,32,Delete,Deployment,false
2.388479537,Regular,44,Create,Deployment,false
2.433225161,Regular,29,Create,ConfigMap,false
2.462533805,Regular,29,Update,Deployment,false
2.492339557,Regular,24,Delete,ConfigMap,false
2.517037062,Regular,33,Delete,Deployment,false
2.550332454,Regular,31,Create,Deployment,false
2.581573298,Regular,24,Create,ConfigMap,false
2.606265953,Regular,32,Update,Deployment,false
2.638305828,Regular,22,Delete,ConfigMap,false
2.660602847,Regular,20,Delete,Deployment,false
2.681327274,Regular,26,Create,Deployment,false
2.708258255,Regular,31,Create,ConfigMap,false
2.739524715,Regular,44,Update,Deployment,false
2.7840654259999997,Regular,25,Delete,ConfigMap,false
2.809537151,Regular,33,Delete,Deployment,false
2.842794956,Regular,34,Create,Deployment,false
2.87701676,Regular,45,Create,ConfigMap,false
2.9228445020000002,Regular,37,Update,Deployment,false
2.960722045,Regular,30,Delete,ConfigMap,false
2.990969054,Regular,28,Delete,Deployment,false
3.019151329,Regular,36,Create,Deployment,false
3.055658887,Regular,36,Create,ConfigMap,false
3.091806509,Regular,24,Update,Deployment,false
3.116497972,Regular,29,Delete,ConfigMap,false
3.146514281,Regular,31,Delete,Deployment,false
3.178322856,Regular,39,Create,Deployment,false
3.217749065,Regular,23,Create,ConfigMap,false
3.241341993,Regular,37,Update,Deployment,false
3.2792997489999998,Regular,17,Delete,ConfigMap,false
3.296690375,Regular,61,Delete,Deployment,false
3.358558566,Regular,91,Create,Deployment,false
3.450526052,Regular,24,Create,ConfigMap,false
3.475134279,Regular,35,Update,Deployment,false
3.510737307,Regular,18,Delete,ConfigMap,false
3.529526675,Regular,20,Delete,Deployment,false
3.549643514,Regular,24,Create,Deployment,false
3.574607363,Regular,38,Create,ConfigMap,false
3.613259103,Regular,33,Update,Deployment,false
3.646451161,Regular,17,Delete,ConfigMap,false
3.66437824,Regular,34,Delete,Deployment,false
3.698541905,Regular,32,Create,Deployment,false
3.730775802,Regular,23,Create,ConfigMap,false
3.754978142,Regular,49,Update,Deployment,false
3.804659499,Regular,28,Delete,ConfigMap,false
3.833094648,Regular,25,Delete,Deployment,false
3.858887262,Regular,41,Create,Deployment,false
3.900583813,Regular,28,Create,ConfigMap,false
3.929623319,Regular,37,Update,Deployment,false
3.966728428,Regular,27,Delete,ConfigMap,false
3.994466054,Regular,16,Delete,Deployment,false
3.036028472,Regular,31,Create,Deployment,false
3.067182394,Regular,24,Create,ConfigMap,false
3.092013128,Regular,17,Update,Deployment,false
3.109747836,Regular,21,Delete,ConfigMap,false
3.130825787,Regular,24,Delete,Deployment,false
3.155256498,Regular,43,Create,Deployment,false
3.199280843,Regular,19,Create,ConfigMap,false
3.219310854,Regular,40,Update,Deployment,false
3.259974578,Regular,21,Delete,ConfigMap,false
3.281334413,Regular,40,Delete,Deployment,false
3.322047288,Regular,108,Create,Deployment,false
3.430916441,Regular,37,Create,ConfigMap,false
3.468305765,Regular,42,Update,Deployment,false
3.511226789,Regular,17,Delete,ConfigMap,false
3.528569411,Regular,20,Delete,Deployment,false
3.548997097,Regular,26,Create,Deployment,false
3.5753594250000003,Regular,25,Create,ConfigMap,false
3.600758611,Regular,32,Update,Deployment,false
3.633061232,Regular,30,Delete,ConfigMap,false
3.663373675,Regular,21,Delete,Deployment,false
3.685379211,Regular,34,Create,Deployment,false
3.719903792,Regular,26,Create,ConfigMap,false
3.7462296090000002,Regular,28,Update,Deployment,false
3.7750685109999997,Regular,17,Delete,ConfigMap,false
3.792841052,Regular,32,Delete,Deployment,false
3.824968148,Regular,26,Create,Deployment,false
3.851562847,Regular,46,Create,ConfigMap,false
3.898060481,Regular,30,Update,Deployment,false
3.928730052,Regular,30,Delete,ConfigMap,false
3.959069762,Regular,26,Delete,Deployment,false
3.9857519139999997,Regular,25,Create,Deployment,false
3.067988914,Regular,23,Delete,ConfigMap,false
3.091855077,Regular,21,Delete,Deployment,false
3.113041799,Regular,37,Create,Deployment,false
3.150485476,Regular,27,Create,ConfigMap,false
3.177988384,Regular,35,Update,Deployment,false
3.213362186,Regular,24,Delete,ConfigMap,false
3.238289193,Regular,22,Delete,Deployment,false
3.261138599,Regular,29,Create,Deployment,false
3.290318496,Regular,46,Create,ConfigMap,false
3.33721753,Regular,89,Update,Deployment,false
3.427059609,Regular,33,Delete,ConfigMap,false
3.460591672,Regular,23,Delete,Deployment,false
3.4836536860000002,Regular,36,Create,Deployment,false
3.520392934,Regular,21,Create,ConfigMap,false
3.541951885,Regular,31,Update,Deployment,false
3.573953119,Regular,21,Delete,ConfigMap,false
3.5957491839999998,Regular,17,Delete,Deployment,false
3.612807783,Regular,42,Create,Deployment,false
3.655426514,Regular,30,Create,ConfigMap,false
3.685855694,Regular,29,Update,Deployment,false
3.715772947,Regular,21,Delete,ConfigMap,false
3.737336369,Regular,16,Delete,Deployment,false
3.753988982,Regular,28,Create,Deployment,false
3.7823213129999997,Regular,33,Create,ConfigMap,false
3.8154458460000003,Regular,36,Update,Deployment,false
3.852425368,Regular,32,Delete,ConfigMap,false
3.885381454,Regular,24,Delete,Deployment,false
3.909687591,Regular,40,Create,Deployment,false
3.949744856,Regular,28,Create,ConfigMap,false
3.978600835,Regular,32,Update,Deployment,false
3.022572753,Regular,22,Delete,Deployment,false
3.044902127,Regular,21,Create,Deployment,false
3.066620969,Regular,34,Create,ConfigMap,false
3.101478521,Regular,29,Update,Deployment,false
3.131013742,Regular,33,Delete,ConfigMap,false
3.164618937,Regular,24,Delete,Deployment,false
3.188974662,Regular,28,Create,Deployment,false
3.217489025,Regular,22,Create,ConfigMap,false
3.239781873,Regular,23,Update,Deployment,false
3.263120577,Regular,27,Delete,ConfigMap,false
3.290777116,Regular,93,Delete,Deployment,false
3.38440595,Regular,67,Create,Deployment,false
3.451641048,Regular,32,Create,ConfigMap,false
3.484328993,Regular,28,Update,Deployment,false
3.512978044,Regular,14,Delete,ConfigMap,false
3.527965583,Regular,21,Delete,Deployment,false
3.549525434,Regular,23,Create,Deployment,false
3.573480643,Regular,22,Create,ConfigMap,false
3.596094078,Regular,42,Update,Deployment,false
3.638307697,Regular,25,Delete,ConfigMap,false
3.664171203,Regular,16,Delete,Deployment,false
3.680905826,Regular,30,Create,Deployment,false
3.711907912,Regular,34,Create,ConfigMap,false
3.746793342,Regular,27,Update,Deployment,false
3.774694004,Regular,17,Delete,ConfigMap,false
3.792427786,Regular,23,Delete,Deployment,false
3.816451366,Regular,36,Create,Deployment,false
3.852883035,Regular,40,Create,ConfigMap,false
3.893744854,Regular,22,Update,Deployment,false
3.916328948,Regular,32,Delete,ConfigMap,false
3.94846183,Regular,37,Delete,Deployment,false
3.985954254,Regular,25,Create,Deployment,false
3.010418876,Regular,24,Create,Deployment,false
3.034884217,Regular,29,Create,ConfigMap,false
3.064499623,Regular,26,Update,Deployment,false
3.090825209,Regular,19,Delete,ConfigMap,false
3.110644143,Regular,21,Delete,Deployment,false
3.132497299,Regular,35,Create,Deployment,false
3.168329068,Regular,41,Create,ConfigMap,false
3.209930887,Regular,27,Update,Deployment,false
3.237878539,Regular,16,Delete,ConfigMap,false
3.254464642,Regular,19,Delete,Deployment,false
3.273636658,Regular,50,Create,Deployment,false
3.32413554,Regular,100,Create,ConfigMap,false
3.424988172,Regular,38,Update,Deployment,false
3.463779347,Regular,20,Delete,ConfigMap,false
3.484502066,Regular,18,Delete,Deployment,false
3.503540055,Regular,25,Create,Deployment,false
3.529455678,Regular,19,Create,ConfigMap,false
3.5493683369999998,Regular,40,Update,Deployment,false
3.590186915,Regular,21,Delete,ConfigMap,false
3.611434541,Regular,26,Delete,Deployment,false
3.637979937,Regular,26,Create,Deployment,false
3.664929493,Regular,24,Create,ConfigMap,false
3.689589186,Regular,28,Update,Deployment,false
3.718265323,Regular,19,Delete,ConfigMap,false
3.737794275,Regular,10,Delete,Deployment,false
3.748607745,Regular,33,Create,Deployment,false
3.7819227399999997,Regular,44,Create,ConfigMap,false
3.826163658,Regular,44,Update,Deployment,false
3.871109701,Regular,29,Delete,ConfigMap,false
3.900566769,Regular,26,Delete,Deployment,false
3.927467784,Regular,33,Create,Deployment,false
3.96095281,Regular,33,Create,ConfigMap,false
3.994315978,Regular,18,Update,Deployment,false
3.017067374,Regular,31,Update,Deployment,false
3.048492799,Regular,17,Delete,ConfigMap,false
3.065989695,Regular,18,Delete,Deployment,false
3.0849242,Regular,29,Create,Deployment,false
3.114157399,Regular,34,Create,ConfigMap,false
3.148237338,Regular,38,Update,Deployment,false
3.186522359,Regular,19,Delete,ConfigMap,false
3.20566977,Regular,17,Delete,Deployment,false
3.223127664,Regular,27,Create,Deployment,false
3.250599904,Regular,30,Create,ConfigMap,false
3.281100862,Regular,41,Update,Deployment,false
3.322995031,Regular,63,Delete,ConfigMap,false
3.386440876,Regular,45,Delete,Deployment,false
3.432474033,Regular,60,Create,Deployment,false
3.492593798,Regular,29,Create,ConfigMap,false
3.522191276,Regular,18,Update,Deployment,false
3.540969875,Regular,15,Delete,ConfigMap,false
3.556564206,Regular,25,Delete,Deployment,false
3.5821267199999998,Regular,19,Create,Deployment,false
3.6015881309999997,Regular,40,Create,ConfigMap,false
3.641972195,Regular,30,Update,Deployment,false
3.672579287,Regular,24,Delete,ConfigMap,false
3.697509273,Regular,29,Delete,Deployment,false
3.727015344,Regular,28,Create,Deployment,false
3.755908837,Regular,36,Create,ConfigMap,false
3.792270787,Regular,30,Update,Deployment,false
3.823018441,Regular,25,Delete,ConfigMap,false
3.848591796,Regular,36,Delete,Deployment,false
3.884891574,Regular,24,Create,Deployment,false
3.909411983,Regular,38,Create,ConfigMap,false
3.948026103,Regular,31,Update,Deployment,false
3.979349615,Regular,24,Delete,ConfigMap,false
4.003737193,Regular,13,Delete,Deployment,false
3.038107731,Regular,18,Create,ConfigMap,false
3.056713507,Regular,28,Update,Deployment,false
3.085296345,Regular,22,Delete,ConfigMap,false
3.107629039,Regular,24,Delete,Deployment,false
3.132511674,Regular,35,Create,Deployment,false
3.167876,Regular,41,Create,ConfigMap,false
3.209652277,Regular,29,Update,Deployment,false
3.239647511,Regular,31,Delete,ConfigMap,false
3.271039683,Regular,19,Delete,Deployment,false
3.29052778,Regular,66,Create,Deployment,false
3.357378229,Regular,105,Create,ConfigMap,false
3.463106885,Regular,23,Update,Deployment,false
3.486587884,Regular,25,Delete,ConfigMap,false
3.511958507,Regular,14,Delete,Deployment,false
3.526216328,Regular,23,Create,Deployment,false
3.5493049819999998,Regular,23,Create,ConfigMap,false
3.572393736,Regular,29,Update,Deployment,false
3.6016196369999998,Regular,27,Delete,ConfigMap,false
3.629492768,Regular,24,Delete,Deployment,false
3.654351096,Regular,35,Create,Deployment,false
3.689480764,Regular,29,Create,ConfigMap,false
3.719078872,Regular,27,Update,Deployment,false
3.7461680619999997,Regular,17,Delete,ConfigMap,false
3.763445474,Regular,26,Delete,Deployment,false
3.7894916629999997,Regular,35,Create,Deployment,false
3.825533878,Regular,25,Create,ConfigMap,false
3.851076002,Regular,45,Update,Deployment,false
3.896839097,Regular,31,Delete,ConfigMap,false
3.928489359,Regular,34,Delete,Deployment,false
3.962536577,Regular,33,Create,Deployment,false
3.996318,Regular,22,Create,ConfigMap,false
3.020270706,Regular,23,Delete,ConfigMap,false
3.043453432,Regular,23,Delete,Deployment,false
3.067437389,Regular,25,Create,Deployment,false
3.093342807,Regular,31,Create,ConfigMap,false
3.124773379,Regular,24,Update,Deployment,false
3.149005526,Regular,24,Delete,ConfigMap,false
3.173599577,Regular,23,Delete,Deployment,false
3.196895923,Regular,32,Create,Deployment,false
3.229479626,Regular,19,Create,ConfigMap,false
3.249504343,Regular,29,Update,Deployment,false
3.27890461,Regular,23,Delete,ConfigMap,false
3.302665632,Regular,55,Delete,Deployment,false
3.357962793,Regular,85,Create,Deployment,false
3.443222248,Regular,31,Create,ConfigMap,false
3.474979922,Regular,36,Update,Deployment,false
3.511421672,Regular,18,Delete,ConfigMap,false
3.529548241,Regular,20,Delete,Deployment,false
3.5497262899999997,Regular,25,Create,Deployment,false
3.575716505,Regular,18,Create,ConfigMap,false
3.594223378,Regular,44,Update,Deployment,false
3.638368015,Regular,26,Delete,ConfigMap,false
3.6646225550000002,Regular,25,Delete,Deployment,false
3.690001026,Regular,30,Create,Deployment,false
3.720763492,Regular,26,Create,ConfigMap,false
3.747281438,Regular,25,Update,Deployment,false
3.772572701,Regular,19,Delete,ConfigMap,false
3.79182986,Regular,24,Delete,Deployment,false
3.815922114,Regular,36,Create,Deployment,false
3.852198162,Regular,44,Create,ConfigMap,false
3.897015277,Regular,30,Update,Deployment,false
3.927856898,Regular,32,Delete,ConfigMap,false
3.96051225,Regular,24,Delete,Deployment,false
3.985399444,Regular,34,Create,Deployment,false
3.045792984,Regular,20,Create,Deployment,false
3.066774334,Regular,34,Create,ConfigMap,false
3.101187613,Regular,32,Update,Deployment,false
3.133224534,Regular,30,Delete,ConfigMap,false
3.163894548,Regular,25,Delete,Deployment,false
3.188939066,Regular,24,Create,Deployment,false
3.213327245,Regular,27,Create,ConfigMap,false
3.2404868000000002,Regular,23,Update,Deployment,false
3.263776717,Regular,27,Delete,ConfigMap,false
3.291046796,Regular,66,Delete,Deployment,false
3.357207789,Regular,71,Create,Deployment,false
3.428252444,Regular,39,Create,ConfigMap,false
3.46821607,Regular,40,Update,Deployment,false
3.508620504,Regular,19,Delete,ConfigMap,false
3.527765694,Regular,12,Delete,Deployment,false
3.54110355,Regular,26,Create,Deployment,false
3.567429048,Regular,19,Create,ConfigMap,false
3.587194904,Regular,23,Update,Deployment,false
3.611047401,Regular,25,Delete,ConfigMap,false
3.636715218,Regular,26,Delete,Deployment,false
3.66340547,Regular,24,Create,Deployment,false
3.687700956,Regular,23,Create,ConfigMap,false
3.711214557,Regular,35,Update,Deployment,false
3.74642243,Regular,15,Delete,ConfigMap,false
3.762070394,Regular,29,Delete,Deployment,false
3.7912923,Regular,35,Create,Deployment,false
3.82713659,Regular,23,Create,ConfigMap,false
3.850760696,Regular,43,Update,Deployment,false
3.894416734,Regular,21,Delete,ConfigMap,false
3.915691438,Regular,31,Delete,Deployment,false
3.947225069,Regular,27,Create,Deployment,false
3.974907021,Regular,28,Create,ConfigMap,false
4.003325235,Regular,25,Update,Deployment,false
3.009807622,Regular,26,Delete,Deployment,false
3.036440308,Regular,30,Create,Deployment,false
3.066963438,Regular,24,Create,ConfigMap,false
3.091853554,Regular,24,Update,Deployment,false
3.116883946,Regular,29,Delete,ConfigMap,false
3.146721437,Regular,15,Delete,Deployment,false
3.162313653,Regular,36,Create,Deployment,false
3.199048041,Regular,19,Create,ConfigMap,false
3.218457205,Regular,41,Update,Deployment,false
3.260115242,Regular,20,Delete,ConfigMap,false
3.280625792,Regular,20,Delete,Deployment,false
3.301375735,Regular,52,Create,Deployment,false
3.353987209,Regular,96,Create,ConfigMap,false
3.45050244,Regular,36,Update,Deployment,false
3.48697965,Regular,15,Delete,ConfigMap,false
3.502301317,Regular,26,Delete,Deployment,false
3.528629195,Regular,21,Create,Deployment,false
3.549683094,Regular,22,Create,ConfigMap,false
3.5718468850000002,Regular,19,Update,Deployment,false
3.591316675,Regular,16,Delete,ConfigMap,false
3.608207314,Regular,15,Delete,Deployment,false
3.623414373,Regular,32,Create,Deployment,false
3.655494556,Regular,34,Create,ConfigMap,false
3.689909804,Regular,37,Update,Deployment,false
3.72796327,Regular,25,Delete,ConfigMap,false
3.753781422,Regular,27,Delete,Deployment,false
3.781512343,Regular,36,Create,Deployment,false
3.818238998,Regular,32,Create,ConfigMap,false
3.850449736,Regular,36,Update,Deployment,false
3.886977457,Regular,20,Delete,ConfigMap,false
3.907489028,Regular,21,Delete,Deployment,false
3.928757424,Regular,34,Create,Deployment,false
3.963014385,Regular,28,Create,ConfigMap,false
3.991933143,Regular,27,Update,Deployment,false
4.019829418,Regular,54,Delete,ConfigMap,false
4.019590812,Regular,30,Create,ConfigMap,false
4.04992083,Regular,61,Update,Deployment,false
4.111769044,Regular,18,Delete,ConfigMap,false
4.130070847,Regular,21,Delete,Deployment,false
4.151676238,Regular,22,Create,Deployment,false
4.173747289,Regular,24,Create,ConfigMap,false
4.198055846,Regular,41,Update,Deployment,false
4.239830233,Regular,18,Delete,ConfigMap,false
4.257888998,Regular,26,Delete,Deployment,false
4.28396067,Regular,26,Create,Deployment,false
4.310827704,Regular,36,Create,ConfigMap,false
4.347491062,Regular,27,Update,Deployment,false
4.375103416,Regular,34,Delete,ConfigMap,false
4.409573154,Regular,19,Delete,Deployment,false
4.429176374,Regular,29,Create,Deployment,false
4.458765231,Regular,25,Create,ConfigMap,false
4.484344858,Regular,12,Update,Deployment,false
4.497196465,Regular,12,Delete,ConfigMap,false
4.509820585,Regular,11,Delete,Deployment,false
4.521053559,Regular,20,Create,Deployment,false
4.541707067,Regular,34,Create,ConfigMap,false
4.576027873,Regular,14,Update,Deployment,false
4.590922031,Regular,21,Delete,ConfigMap,false
4.612590886,Regular,23,Delete,Deployment,false
4.635745369,Regular,27,Create,Deployment,false
4.662925268,Regular,19,Create,ConfigMap,false
4.682293687,Regular,31,Update,Deployment,false
4.714077655,Regular,13,Delete,ConfigMap,false
4.727454172,Regular,12,Delete,Deployment,false
4.740471471,Regular,52,Create,Deployment,false
4.792609983,Regular,248,Create,ConfigMap,false
4.013209197,Regular,24,Delete,ConfigMap,false
4.037363517,Regular,40,Delete,Deployment,false
4.078269661,Regular,36,Create,Deployment,false
4.115063027,Regular,27,Create,ConfigMap,false
4.14247047,Regular,23,Update,Deployment,false
4.166494496,Regular,20,Delete,ConfigMap,false
4.186637164,Regular,22,Delete,Deployment,false
4.209258338,Regular,24,Create,Deployment,false
4.234251166,Regular,22,Create,ConfigMap,false
4.25672344,Regular,32,Update,Deployment,false
4.288854921,Regular,37,Delete,ConfigMap,false
4.326362019,Regular,31,Delete,Deployment,false
4.357979786,Regular,39,Create,Deployment,false
4.39789439,Regular,34,Create,ConfigMap,false
4.432635508,Regular,22,Update,Deployment,false
4.455216388,Regular,21,Delete,ConfigMap,false
4.476503717,Regular,11,Delete,Deployment,false
4.48845827,Regular,27,Create,Deployment,false
4.516182203,Regular,16,Create,ConfigMap,false
4.532253579,Regular,21,Update,Deployment,false
4.55335385,Regular,22,Delete,ConfigMap,false
4.575617433,Regular,14,Delete,Deployment,false
4.590232647,Regular,24,Create,Deployment,false
4.614450541,Regular,22,Create,ConfigMap,false
4.6370470489999995,Regular,25,Update,Deployment,false
4.662424583,Regular,9,Delete,ConfigMap,false
4.672214218,Regular,24,Delete,Deployment,false
4.696971332,Regular,21,Create,Deployment,false
4.7182282319999995,Regular,15,Create,ConfigMap,false
4.733913156,Regular,22,Update,Deployment,false
4.756094085,Regular,108,Delete,ConfigMap,false
4.864398487,Regular,182,Delete,Deployment,false
4.010948914,Regular,27,Create,ConfigMap,false
4.038766508,Regular,32,Update,Deployment,false
4.071312391,Regular,42,Delete,ConfigMap,false
4.113802624,Regular,21,Delete,Deployment,false
4.135521699,Regular,21,Create,Deployment,false
4.157410186,Regular,20,Create,ConfigMap,false
4.177642307,Regular,40,Update,Deployment,false
4.21831818,Regular,32,Delete,ConfigMap,false
4.250683712,Regular,32,Delete,Deployment,false
4.283255521,Regular,48,Create,Deployment,false
4.331898603,Regular,28,Create,ConfigMap,false
4.360384724,Regular,37,Update,Deployment,false
4.397946524,Regular,24,Delete,ConfigMap,false
4.422847805,Regular,18,Delete,Deployment,false
4.441766604,Regular,26,Create,Deployment,false
4.468315979,Regular,21,Create,ConfigMap,false
4.490323164,Regular,33,Update,Deployment,false
4.524128708,Regular,16,Delete,ConfigMap,false
4.540829141,Regular,20,Delete,Deployment,false
4.561051682,Regular,17,Create,Deployment,false
4.578839751,Regular,18,Create,ConfigMap,false
4.597270012,Regular,22,Update,Deployment,false
4.619540481,Regular,20,Delete,ConfigMap,false
4.640111049,Regular,26,Delete,Deployment,false
4.667103026,Regular,36,Create,Deployment,false
4.703603605,Regular,16,Create,ConfigMap,false
4.719664977,Regular,17,Update,Deployment,false
4.737536426,Regular,17,Delete,ConfigMap,false
4.754852455,Regular,90,Delete,Deployment,false
4.845746125,Regular,212,Create,Deployment,false
4.018974834,Regular,60,Update,Deployment,false
4.079708658,Regular,38,Delete,ConfigMap,false
4.118197048,Regular,28,Delete,Deployment,false
4.146891014,Regular,24,Create,Deployment,false
4.171206216,Regular,55,Create,ConfigMap,false
4.226421985,Regular,32,Update,Deployment,false
4.25926044,Regular,24,Delete,ConfigMap,false
4.283681773,Regular,39,Delete,Deployment,false
4.323417431,Regular,38,Create,Deployment,false
4.361516441,Regular,37,Create,ConfigMap,false
4.398714762,Regular,38,Update,Deployment,false
4.437542892,Regular,17,Delete,ConfigMap,false
4.454634796,Regular,21,Delete,Deployment,false
4.47648149,Regular,13,Create,Deployment,false
4.490031349,Regular,16,Create,ConfigMap,false
4.506177977,Regular,22,Update,Deployment,false
4.528718568,Regular,18,Delete,ConfigMap,false
4.547540101,Regular,21,Delete,Deployment,false
4.569351832,Regular,21,Create,Deployment,false
4.591300343,Regular,27,Create,ConfigMap,false
4.618805833,Regular,33,Update,Deployment,false
4.652754179,Regular,14,Delete,ConfigMap,false
4.667141563,Regular,28,Delete,Deployment,false
4.695608221,Regular,22,Create,Deployment,false
4.718404484,Regular,15,Create,ConfigMap,false
4.733988402,Regular,21,Update,Deployment,false
4.75595001,Regular,109,Delete,ConfigMap,false
4.865957196,Regular,197,Delete,Deployment,false
4.028466918,Regular,44,Delete,ConfigMap,false
4.073153471,Regular,38,Delete,Deployment,false
4.111812339,Regular,20,Create,Deployment,false
4.131991027,Regular,23,Create,ConfigMap,false
4.155137549,Regular,36,Update,Deployment,false
4.191653462,Regular,14,Delete,ConfigMap,false
4.206121107,Regular,31,Delete,Deployment,false
4.237596993,Regular,20,Create,Deployment,false
4.257815463,Regular,33,Create,ConfigMap,false
4.29125123,Regular,42,Update,Deployment,false
4.33383296,Regular,30,Delete,ConfigMap,false
4.364657241,Regular,19,Delete,Deployment,false
4.384013624,Regular,36,Create,Deployment,false
4.420930222,Regular,26,Create,ConfigMap,false
4.447415533,Regular,23,Update,Deployment,false
4.471411579,Regular,17,Delete,ConfigMap,false
4.48870059,Regular,19,Delete,Deployment,false
4.50854716,Regular,20,Create,Deployment,false
4.529214871,Regular,15,Create,ConfigMap,false
4.544387738,Regular,32,Update,Deployment,false
4.577064265,Regular,21,Delete,ConfigMap,false
4.598601732,Regular,20,Delete,Deployment,false
4.618880601,Regular,19,Create,Deployment,false
4.638121815,Regular,29,Create,ConfigMap,false
4.667287998,Regular,22,Update,Deployment,false
4.689718566,Regular,16,Delete,ConfigMap,false
4.706552396,Regular,11,Delete,Deployment,false
4.718009044,Regular,22,Create,Deployment,false
4.740603963,Regular,15,Create,ConfigMap,false
4.756517265,Regular,238,Update,Deployment,false
4.995107119,Regular,71,Delete,ConfigMap,false
4.011636299,Regular,25,Create,ConfigMap,false
4.037308591,Regular,54,Update,Deployment,false
4.091470765,Regular,32,Delete,ConfigMap,false
4.124089411,Regular,20,Delete,Deployment,false
4.145096751,Regular,25,Create,Deployment,false
4.170473403,Regular,28,Create,ConfigMap,false
4.198883555,Regular,32,Update,Deployment,false
4.231306946,Regular,26,Delete,ConfigMap,false
4.25814828,Regular,26,Delete,Deployment,false
4.284374529,Regular,50,Create,Deployment,false
4.334545227,Regular,26,Create,ConfigMap,false
4.360698206,Regular,35,Update,Deployment,false
4.396260664,Regular,24,Delete,ConfigMap,false
4.420493058,Regular,23,Delete,Deployment,false
4.443554572,Regular,27,Create,Deployment,false
4.470836992,Regular,17,Create,ConfigMap,false
4.487987778,Regular,18,Update,Deployment,false
4.506445169,Regular,17,Delete,ConfigMap,false
4.523990427,Regular,16,Delete,Deployment,false
4.540683221,Regular,28,Create,Deployment,false
4.5692944319999995,Regular,14,Create,ConfigMap,false
4.583559963,Regular,19,Update,Deployment,false
4.6033225269999996,Regular,22,Delete,ConfigMap,false
4.625546398,Regular,26,Delete,Deployment,false
4.652151235,Regular,27,Create,Deployment,false
4.679270573,Regular,23,Create,ConfigMap,false
4.702606052,Regular,23,Update,Deployment,false
4.726590067,Regular,12,Delete,ConfigMap,false
4.738814491,Regular,16,Delete,Deployment,false
4.755511633,Regular,155,Create,Deployment,false
4.911020025,Regular,147,Create,ConfigMap,false
5.05868065,Regular,30,Update,Deployment,false
4.010733322,Regular,28,Create,Deployment,false
4.038807888,Regular,61,Create,ConfigMap,false
4.100676077,Regular,25,Update,Deployment,false
4.126232307,Regular,21,Delete,ConfigMap,false
4.147811406,Regular,18,Delete,Deployment,false
4.1664685200000005,Regular,30,Create,Deployment,false
4.197145722,Regular,29,Create,ConfigMap,false
4.226471161,Regular,32,Update,Deployment,false
4.259435147,Regular,16,Delete,ConfigMap,false
4.276336054,Regular,34,Delete,Deployment,false
4.311276252,Regular,48,Create,Deployment,false
4.359685912,Regular,18,Create,ConfigMap,false
4.377742052,Regular,36,Update,Deployment,false
4.414341198,Regular,19,Delete,ConfigMap,false
4.433980248,Regular,20,Delete,Deployment,false
4.454965416,Regular,23,Create,Deployment,false
4.478405917,Regular,20,Create,ConfigMap,false
4.49912187,Regular,16,Update,Deployment,false
4.51595148,Regular,16,Delete,ConfigMap,false
4.532074516,Regular,15,Delete,Deployment,false
4.5477004149999996,Regular,27,Create,Deployment,false
4.5755125450000005,Regular,14,Create,ConfigMap,false
4.590103292,Regular,18,Update,Deployment,false
4.608220759,Regular,17,Delete,ConfigMap,false
4.62568079,Regular,25,Delete,Deployment,false
4.651394368,Regular,22,Create,Deployment,false
4.673914953,Regular,20,Create,ConfigMap,false
4.694509598,Regular,17,Update,Deployment,false
4.712375343,Regular,16,Delete,ConfigMap,false
4.728401172,Regular,17,Delete,Deployment,false
4.745845094,Regular,34,Create,Deployment,false
4.780063527,Regular,218,Create,ConfigMap,false
4.998747045,Regular,98,Update,Deployment,false
4.011418107,Regular,28,Delete,ConfigMap,false
4.040138348,Regular,52,Delete,Deployment,false
4.092846388,Regular,31,Create,Deployment,false
4.124677072,Regular,29,Create,ConfigMap,false
4.154546329,Regular,36,Update,Deployment,false
4.191426982,Regular,26,Delete,ConfigMap,false
4.21776716,Regular,26,Delete,Deployment,false
4.243902968,Regular,26,Create,Deployment,false
4.270777637,Regular,38,Create,ConfigMap,false
4.308930781,Regular,40,Update,Deployment,false
4.349015973,Regular,17,Delete,ConfigMap,false
4.366964288,Regular,20,Delete,Deployment,false
4.387465115,Regular,33,Create,Deployment,false
4.420786271,Regular,33,Create,ConfigMap,false
4.454076026,Regular,23,Update,Deployment,false
4.477587647,Regular,18,Delete,ConfigMap,false
4.495670081,Regular,11,Delete,Deployment,false
4.5076203150000005,Regular,24,Create,Deployment,false
4.532427874,Regular,20,Create,ConfigMap,false
4.55288358,Regular,23,Update,Deployment,false
4.576800391,Regular,15,Delete,ConfigMap,false
4.592006478,Regular,27,Delete,Deployment,false
4.61957369,Regular,41,Create,Deployment,false
4.66131198,Regular,10,Create,ConfigMap,false
4.67180645,Regular,33,Update,Deployment,false
4.705260245,Regular,11,Delete,ConfigMap,false
4.716515705,Regular,15,Delete,Deployment,false
4.732026174,Regular,20,Create,Deployment,false
4.752246949,Regular,110,Create,ConfigMap,false
4.863107287,Regular,200,Update,Deployment,false
5.06402107,Regular,42,Delete,ConfigMap,false
4.017393199,Regular,20,Create,Deployment,false
4.038301728,Regular,62,Create,ConfigMap,false
4.101229494,Regular,31,Update,Deployment,false
4.132548535,Regular,16,Delete,ConfigMap,false
4.148764642,Regular,21,Delete,Deployment,false
4.170186169,Regular,38,Create,Deployment,false
4.208382701,Regular,29,Create,ConfigMap,false
4.238286505,Regular,29,Update,Deployment,false
4.267825444,Regular,24,Delete,ConfigMap,false
4.29260237,Regular,32,Delete,Deployment,false
4.325537751,Regular,35,Create,Deployment,false
4.3615516979999995,Regular,26,Create,ConfigMap,false
4.387639964,Regular,36,Update,Deployment,false
4.424132314,Regular,23,Delete,ConfigMap,false
4.447588816,Regular,20,Delete,Deployment,false
4.467981587,Regular,21,Create,Deployment,false
4.489259384,Regular,17,Create,ConfigMap,false
4.507128577,Regular,21,Update,Deployment,false
4.528576207,Regular,14,Delete,ConfigMap,false
4.542689686,Regular,24,Delete,Deployment,false
4.567267717,Regular,13,Create,Deployment,false
4.581281028,Regular,20,Create,ConfigMap,false
4.601702191,Regular,22,Update,Deployment,false
4.624265205,Regular,19,Delete,ConfigMap,false
4.643730509,Regular,22,Delete,Deployment,false
4.666311823,Regular,25,Create,Deployment,false
4.691715874,Regular,14,Create,ConfigMap,false
4.706321488,Regular,17,Update,Deployment,false
4.723387684,Regular,16,Delete,ConfigMap,false
4.739458119,Regular,15,Delete,Deployment,false
4.755385853,Regular,161,Create,Deployment,false
4.916987099,Regular,141,Create,ConfigMap,false
5.058473277,Regular,27,Update,Deployment,false
5.086156195,Regular,27,Delete,ConfigMap,false
4.074016786,Regular,39,Delete,Deployment,false
4.113344784,Regular,36,Create,Deployment,false
4.149489025,Regular,19,Create,ConfigMap,false
4.168591293,Regular,29,Update,Deployment,false
4.198365739,Regular,41,Delete,ConfigMap,false
4.239972216,Regular,34,Delete,Deployment,false
4.274654379,Regular,36,Create,Deployment,false
4.311419784,Regular,47,Create,ConfigMap,false
4.358623801,Regular,28,Update,Deployment,false
4.38693626,Regular,32,Delete,ConfigMap,false
4.419572778,Regular,16,Delete,Deployment,false
4.435886057,Regular,22,Create,Deployment,false
4.45871312,Regular,26,Create,ConfigMap,false
4.484825671,Regular,22,Update,Deployment,false
4.507019737,Regular,15,Delete,ConfigMap,false
4.522981647,Regular,17,Delete,Deployment,false
4.540496007,Regular,20,Create,Deployment,false
4.561061706,Regular,18,Create,ConfigMap,false
4.579365951,Regular,24,Update,Deployment,false
4.603672947,Regular,20,Delete,ConfigMap,false
4.623813919,Regular,27,Delete,Deployment,false
4.651729744,Regular,28,Create,Deployment,false
4.68073873,Regular,20,Create,ConfigMap,false
4.701390461,Regular,16,Update,Deployment,false
4.718342044,Regular,14,Delete,ConfigMap,false
4.733302119,Regular,12,Delete,Deployment,false
4.745719003,Regular,26,Create,Deployment,false
4.772082009,Regular,210,Create,ConfigMap,false
4.982676236,Regular,115,Update,Deployment,false
5.09855169,Regular,23,Delete,ConfigMap,false
5.096891462,Regular,23,Delete,ConfigMap,false
5.120713199,Regular,15,Delete,Deployment,false
5.135945146,Regular,17,Create,Deployment,false
5.153475771,Regular,19,Create,ConfigMap,false
5.17313987,Regular,22,Update,Deployment,false
5.195250404,Regular,16,Delete,ConfigMap,false
5.211670855,Regular,20,Delete,Deployment,false
5.232306589,Regular,15,Create,Deployment,false
5.247569136,Regular,19,Create,ConfigMap,false
5.267275835,Regular,11,Update,Deployment,false
5.278646739,Regular,11,Delete,ConfigMap,false
5.290603658,Regular,12,Delete,Deployment,false
5.303273436,Regular,17,Create,Deployment,false
5.320388996,Regular,27,Create,ConfigMap,false
5.348242515,Regular,15,Update,Deployment,false
5.364019846,Regular,13,Delete,ConfigMap,false
5.377548665,Regular,12,Delete,Deployment,false
5.39033976,Regular,13,Create,Deployment,false
5.403496336,Regular,15,Create,ConfigMap,false
5.4186211459999996,Regular,12,Update,Deployment,false
5.431081454,Regular,7,Delete,ConfigMap,false
5.438707229,Regular,8,Delete,Deployment,false
5.447207972,Regular,19,Create,Deployment,false
5.466597886,Regular,14,Create,ConfigMap,false
5.481592287,Regular,15,Update,Deployment,false
5.496747333,Regular,10,Delete,ConfigMap,false
5.5072530539999995,Regular,20,Delete,Deployment,false
5.527362902,Regular,17,Create,Deployment,false
5.544699115,Regular,10,Create,ConfigMap,false
5.555338022,Regular,16,Update,Deployment,false
5.572447786,Regular,13,Delete,ConfigMap,false
5.585699936,Regular,14,Delete,Deployment,false
5.59995697,Regular,15,Create,Deployment,false
5.615681437,Regular,17,Create,ConfigMap,false
5.63316513,Regular,13,Update,Deployment,false
5.646517297,Regular,5,Delete,ConfigMap,false
5.651908269,Regular,14,Delete,Deployment,false
5.666172908,Regular,16,Create,Deployment,false
5.6826865269999995,Regular,13,Create,ConfigMap,false
5.6962994380000005,Regular,15,Update,Deployment,false
5.712053748,Regular,13,Delete,ConfigMap,false
5.725810108,Regular,12,Delete,Deployment,false
5.73861403,Regular,14,Create,Deployment,false
5.753344881,Regular,21,Create,ConfigMap,false
5.774436785,Regular,18,Update,Deployment,false
5.79278492,Regular,15,Delete,ConfigMap,false
5.808789332,Regular,7,Delete,Deployment,false
5.816018478,Regular,19,Create,Deployment,false
5.835363349,Regular,9,Create,ConfigMap,false
5.845145523,Regular,13,Update,Deployment,false
5.859101027,Regular,9,Delete,ConfigMap,false
5.868908484,Regular,10,Delete,Deployment,false
5.879514995,Regular,16,Create,Deployment,false
5.895558762,Regular,14,Create,ConfigMap,false
5.910466301,Regular,21,Update,Deployment,false
5.93208264,Regular,9,Delete,ConfigMap,false
5.941464315,Regular,8,Delete,Deployment,false
5.9499131819999995,Regular,14,Create,Deployment,false
5.964695882,Regular,14,Create,ConfigMap,false
5.97894002,Regular,13,Update,Deployment,false
5.992594112,Regular,10,Delete,ConfigMap,false
5.058494577,Regular,48,Create,ConfigMap,false
5.106632581,Regular,20,Update,Deployment,false
5.126980231,Regular,17,Delete,ConfigMap,false
5.144582094,Regular,15,Delete,Deployment,false
5.159695018,Regular,18,Create,Deployment,false
5.177799203,Regular,18,Create,ConfigMap,false
5.196616187,Regular,24,Update,Deployment,false
5.221174461,Regular,16,Delete,ConfigMap,false
5.237471481,Regular,14,Delete,Deployment,false
5.25185248,Regular,26,Create,Deployment,false
5.278541216,Regular,12,Create,ConfigMap,false
5.2912169030000005,Regular,16,Update,Deployment,false
5.307519292,Regular,22,Delete,ConfigMap,false
5.330340434,Regular,16,Delete,Deployment,false
5.34679517,Regular,17,Create,Deployment,false
5.364656134,Regular,15,Create,ConfigMap,false
5.380190423,Regular,17,Update,Deployment,false
5.397699515,Regular,7,Delete,ConfigMap,false
5.405100527,Regular,6,Delete,Deployment,false
5.411662754,Regular,11,Create,Deployment,false
5.423302701,Regular,12,Create,ConfigMap,false
5.436313465,Regular,18,Update,Deployment,false
5.454373588,Regular,7,Delete,ConfigMap,false
5.462192639,Regular,15,Delete,Deployment,false
5.477911602,Regular,19,Create,Deployment,false
5.49711117,Regular,15,Create,ConfigMap,false
5.512618997,Regular,24,Update,Deployment,false
5.537181511,Regular,11,Delete,ConfigMap,false
5.54902829,Regular,10,Delete,Deployment,false
5.559924387,Regular,17,Create,Deployment,false
5.577673049,Regular,19,Create,ConfigMap,false
5.596947515,Regular,13,Update,Deployment,false
5.610648687,Regular,9,Delete,ConfigMap,false
5.620437703,Regular,13,Delete,Deployment,false
5.633685138,Regular,19,Create,Deployment,false
5.653279549,Regular,17,Create,ConfigMap,false
5.670585555,Regular,15,Update,Deployment,false
5.6865868729999995,Regular,10,Delete,ConfigMap,false
5.697527717,Regular,9,Delete,Deployment,false
5.707318146,Regular,18,Create,Deployment,false
5.72625248,Regular,17,Create,ConfigMap,false
5.744266646,Regular,11,Update,Deployment,false
5.75601695,Regular,9,Delete,ConfigMap,false
5.766027488,Regular,15,Delete,Deployment,false
5.781752264,Regular,12,Create,Deployment,false
5.794655113,Regular,13,Create,ConfigMap,false
5.808629219,Regular,17,Update,Deployment,false
5.826552574,Regular,9,Delete,ConfigMap,false
5.8364578179999995,Regular,8,Delete,Deployment,false
5.8454875,Regular,16,Create,Deployment,false
5.862018139,Regular,13,Create,ConfigMap,false
5.875241682,Regular,18,Update,Deployment,false
5.893612214,Regular,12,Delete,ConfigMap,false
5.906135401,Regular,14,Delete,Deployment,false
5.920818848,Regular,14,Create,Deployment,false
5.934876538,Regular,15,Create,ConfigMap,false
5.950581829,Regular,13,Update,Deployment,false
5.964391973,Regular,6,Delete,ConfigMap,false
5.971083356,Regular,12,Delete,Deployment,false
5.983355764,Regular,10,Create,Deployment,false
5.994248236,Regular,13,Create,ConfigMap,false
5.046924888,Regular,34,Create,Deployment,false
5.081153034,Regular,32,Create,ConfigMap,false
5.113490789,Regular,22,Update,Deployment,false
5.1363980399999996,Regular,16,Delete,ConfigMap,false
5.153329919,Regular,15,Delete,Deployment,false
5.1689387159999995,Regular,19,Create,Deployment,false
5.188741212,Regular,16,Create,ConfigMap,false
5.205613171,Regular,26,Update,Deployment,false
5.232312902,Regular,15,Delete,ConfigMap,false
5.248136384,Regular,19,Delete,Deployment,false
5.267750192,Regular,24,Create,Deployment,false
5.291978816,Regular,11,Create,ConfigMap,false
5.30336799,Regular,16,Update,Deployment,false
5.320285364,Regular,16,Delete,ConfigMap,false
5.336640868,Regular,16,Delete,Deployment,false
5.353094133,Regular,14,Create,Deployment,false
5.367635438,Regular,15,Create,ConfigMap,false
5.382814928,Regular,18,Update,Deployment,false
5.401265175,Regular,14,Delete,ConfigMap,false
5.415953411,Regular,6,Delete,Deployment,false
5.422299638,Regular,13,Create,Deployment,false
5.436199594,Regular,14,Create,ConfigMap,false
5.450567284,Regular,21,Update,Deployment,false
5.472462686,Regular,11,Delete,ConfigMap,false
5.484476088,Regular,5,Delete,Deployment,false
5.489748618,Regular,16,Create,Deployment,false
5.506029933,Regular,15,Create,ConfigMap,false
5.521194467,Regular,15,Update,Deployment,false
5.536402876,Regular,10,Delete,ConfigMap,false
5.546450955,Regular,9,Delete,Deployment,false
5.555912742,Regular,14,Create,Deployment,false
5.570765046,Regular,13,Create,ConfigMap,false
5.5845584729999995,Regular,14,Update,Deployment,false
5.59866004,Regular,10,Delete,ConfigMap,false
5.609158222,Regular,7,Delete,Deployment,false
5.616497717,Regular,16,Create,Deployment,false
5.632937681,Regular,17,Create,ConfigMap,false
5.650591149,Regular,18,Update,Deployment,false
5.668798646,Regular,13,Delete,ConfigMap,false
5.682154907,Regular,13,Delete,Deployment,false
5.695784074,Regular,9,Create,Deployment,false
5.705730612,Regular,20,Create,ConfigMap,false
5.726696275,Regular,12,Update,Deployment,false
5.739665824,Regular,13,Delete,ConfigMap,false
5.753102349,Regular,11,Delete,Deployment,false
5.764209768,Regular,18,Create,Deployment,false
5.7831296089999995,Regular,15,Create,ConfigMap,false
5.798645535,Regular,20,Update,Deployment,false
5.819668105,Regular,5,Delete,ConfigMap,false
5.825514805,Regular,11,Delete,Deployment,false
5.836855529,Regular,12,Create,Deployment,false
5.849528057,Regular,15,Create,ConfigMap,false
5.865266422,Regular,16,Update,Deployment,false
5.882285598,Regular,10,Delete,ConfigMap,false
5.89244317,Regular,11,Delete,Deployment,false
5.904125677,Regular,16,Create,Deployment,false
5.920987104,Regular,13,Create,ConfigMap,false
5.9341819319999995,Regular,22,Update,Deployment,false
5.957070403,Regular,8,Delete,ConfigMap,false
5.965950773,Regular,12,Delete,Deployment,false
5.978707109,Regular,15,Create,Deployment,false
5.994200679,Regular,13,Create,ConfigMap,false
5.121925763,Regular,21,Delete,Deployment,false
5.14363175,Regular,23,Create,Deployment,false
5.167325113,Regular,16,Create,ConfigMap,false
5.18396358,Regular,22,Update,Deployment,false
5.206372603,Regular,18,Delete,ConfigMap,false
5.22481973,Regular,12,Delete,Deployment,false
5.237015672,Regular,13,Create,Deployment,false
5.25065378,Regular,17,Create,ConfigMap,false
5.268466092,Regular,17,Update,Deployment,false
5.286258143,Regular,8,Delete,ConfigMap,false
5.29452441,Regular,12,Delete,Deployment,false
5.306799676,Regular,13,Create,Deployment,false
5.320255409,Regular,28,Create,ConfigMap,false
5.348629347,Regular,15,Update,Deployment,false
5.364162189,Regular,12,Delete,ConfigMap,false
5.377024891,Regular,13,Delete,Deployment,false
5.390052504,Regular,20,Create,Deployment,false
5.410157814,Regular,12,Create,ConfigMap,false
5.422380226,Regular,22,Update,Deployment,false
5.444995489,Regular,10,Delete,ConfigMap,false
5.456092671,Regular,6,Delete,Deployment,false
5.462374299,Regular,17,Create,Deployment,false
5.479745599,Regular,17,Create,ConfigMap,false
5.497415056,Regular,22,Update,Deployment,false
5.519765383,Regular,15,Delete,ConfigMap,false
5.535137156,Regular,10,Delete,Deployment,false
5.546107901,Regular,10,Create,Deployment,false
5.556463161,Regular,13,Create,ConfigMap,false
5.570127692,Regular,15,Update,Deployment,false
5.586112105,Regular,10,Delete,ConfigMap,false
5.5966673,Regular,11,Delete,Deployment,false
5.608211936,Regular,11,Create,Deployment,false
5.620106377,Regular,12,Create,ConfigMap,false
5.63299883,Regular,20,Update,Deployment,false
5.653152521,Regular,11,Delete,ConfigMap,false
5.664500519,Regular,12,Delete,Deployment,false
5.677082167,Regular,14,Create,Deployment,false
5.6912504219999995,Regular,9,Create,ConfigMap,false
5.701039804,Regular,12,Update,Deployment,false
5.713963411,Regular,12,Delete,ConfigMap,false
5.726616611,Regular,14,Delete,Deployment,false
5.74111643,Regular,13,Create,Deployment,false
5.754262498,Regular,19,Create,ConfigMap,false
5.774274817,Regular,24,Update,Deployment,false
5.798426991,Regular,15,Delete,ConfigMap,false
5.814151382,Regular,10,Delete,Deployment,false
5.824358765,Regular,13,Create,Deployment,false
5.837523218,Regular,15,Create,ConfigMap,false
5.853123992,Regular,21,Update,Deployment,false
5.874516111,Regular,11,Delete,ConfigMap,false
5.885931903,Regular,8,Delete,Deployment,false
5.894650517,Regular,14,Create,Deployment,false
5.909172086,Regular,12,Create,ConfigMap,false
5.922130445,Regular,22,Update,Deployment,false
5.944680442,Regular,8,Delete,ConfigMap,false
5.953654814,Regular,10,Delete,Deployment,false
5.964334073,Regular,14,Create,Deployment,false
5.979380529,Regular,14,Create,ConfigMap,false
5.993788867,Regular,14,Update,Deployment,false
5.066328507,Regular,31,Delete,Deployment,false
5.097442533,Regular,24,Create,Deployment,false
5.121593096,Regular,21,Create,ConfigMap,false
5.143475105,Regular,20,Update,Deployment,false
5.163669966,Regular,13,Delete,ConfigMap,false
5.176874303,Regular,16,Delete,Deployment,false
5.193812482,Regular,27,Create,Deployment,false
5.221243898,Regular,15,Create,ConfigMap,false
5.236613409,Regular,21,Update,Deployment,false
5.258374568,Regular,15,Delete,ConfigMap,false
5.273809911,Regular,12,Delete,Deployment,false
5.286116317,Regular,10,Create,Deployment,false
5.296185873,Regular,10,Create,ConfigMap,false
5.307171097,Regular,26,Update,Deployment,false
5.333972826,Regular,14,Delete,ConfigMap,false
5.348296907,Regular,9,Delete,Deployment,false
5.357787877,Regular,14,Create,Deployment,false
5.371837493,Regular,13,Create,ConfigMap,false
5.385777331,Regular,15,Update,Deployment,false
5.40172039,Regular,15,Delete,ConfigMap,false
5.417253923,Regular,9,Delete,Deployment,false
5.426914938,Regular,13,Create,Deployment,false
5.440393325,Regular,11,Create,ConfigMap,false
5.451500812,Regular,10,Update,Deployment,false
5.462490806,Regular,15,Delete,ConfigMap,false
5.47811055,Regular,13,Delete,Deployment,false
5.491568298,Regular,13,Create,Deployment,false
5.50555839,Regular,22,Create,ConfigMap,false
5.52856069,Regular,16,Update,Deployment,false
5.544987358,Regular,8,Delete,ConfigMap,false
5.553715007,Regular,12,Delete,Deployment,false
5.56672504,Regular,11,Create,Deployment,false
5.578179756,Regular,18,Create,ConfigMap,false
5.596721498,Regular,17,Update,Deployment,false
5.61437701,Regular,12,Delete,ConfigMap,false
5.626549473,Regular,11,Delete,Deployment,false
5.638529997,Regular,14,Create,Deployment,false
5.65353626,Regular,17,Create,ConfigMap,false
5.670561788,Regular,10,Update,Deployment,false
5.681138306,Regular,14,Delete,ConfigMap,false
5.695839094,Regular,8,Delete,Deployment,false
5.704189133,Regular,14,Create,Deployment,false
5.718220323,Regular,13,Create,ConfigMap,false
5.731982938,Regular,12,Update,Deployment,false
5.744679394,Regular,8,Delete,ConfigMap,false
5.753021558,Regular,11,Delete,Deployment,false
5.764421422,Regular,17,Create,Deployment,false
5.781524653,Regular,15,Create,ConfigMap,false
5.797212399,Regular,15,Update,Deployment,false
5.812884472,Regular,11,Delete,ConfigMap,false
5.824363654,Regular,10,Delete,Deployment,false
5.8350198760000005,Regular,10,Create,Deployment,false
5.845491277,Regular,20,Create,ConfigMap,false
5.865645508,Regular,14,Update,Deployment,false
5.879906351,Regular,8,Delete,ConfigMap,false
5.888514167,Regular,15,Delete,Deployment,false
5.904218072,Regular,16,Create,Deployment,false
5.9212392640000004,Regular,13,Create,ConfigMap,false
5.9349098399999995,Regular,21,Update,Deployment,false
5.956896026,Regular,10,Delete,ConfigMap,false
5.96701041,Regular,6,Delete,Deployment,false
5.97369543,Regular,14,Create,Deployment,false
5.98793276,Regular,9,Create,ConfigMap,false
5.997586648,Regular,11,Update,Deployment,false
5.106101501,Regular,24,Delete,Deployment,false
5.13027318,Regular,25,Create,Deployment,false
5.155352389,Regular,21,Create,ConfigMap,false
5.176397063,Regular,29,Update,Deployment,false
5.206219615,Regular,21,Delete,ConfigMap,false
5.227340985,Regular,9,Delete,Deployment,false
5.237186637,Regular,15,Create,Deployment,false
5.252325463,Regular,21,Create,ConfigMap,false
5.2739709470000005,Regular,16,Update,Deployment,false
5.29028565,Regular,9,Delete,ConfigMap,false
5.300175896,Regular,7,Delete,Deployment,false
5.307888742,Regular,30,Create,Deployment,false
5.33823852,Regular,24,Create,ConfigMap,false
5.362688566,Regular,13,Update,Deployment,false
5.376176336,Regular,13,Delete,ConfigMap,false
5.390191928,Regular,10,Delete,Deployment,false
5.400469942,Regular,9,Create,Deployment,false
5.410236174,Regular,12,Create,ConfigMap,false
5.422669906,Regular,12,Update,Deployment,false
5.435365473,Regular,9,Delete,ConfigMap,false
5.444554437,Regular,11,Delete,Deployment,false
5.455743747,Regular,11,Create,Deployment,false
5.4673985,Regular,21,Create,ConfigMap,false
5.489180669,Regular,17,Update,Deployment,false
5.506637121,Regular,20,Delete,ConfigMap,false
5.527650152,Regular,16,Delete,Deployment,false
5.544278066,Regular,19,Create,Deployment,false
5.563364117,Regular,9,Create,ConfigMap,false
5.573273812,Regular,16,Update,Deployment,false
5.589874451,Regular,9,Delete,ConfigMap,false
5.599182723,Regular,10,Delete,Deployment,false
5.6100694220000005,Regular,15,Create,Deployment,false
5.625615678,Regular,14,Create,ConfigMap,false
5.64047518,Regular,10,Update,Deployment,false
5.651461032,Regular,7,Delete,ConfigMap,false
5.659111951,Regular,10,Delete,Deployment,false
5.669915303,Regular,16,Create,Deployment,false
5.686652034,Regular,14,Create,ConfigMap,false
5.700912641,Regular,15,Update,Deployment,false
5.716138745,Regular,6,Delete,ConfigMap,false
5.722195915,Regular,9,Delete,Deployment,false
5.732208632,Regular,12,Create,Deployment,false
5.744944414,Regular,9,Create,ConfigMap,false
5.754294193,Regular,16,Update,Deployment,false
5.770585309,Regular,19,Delete,ConfigMap,false
5.790432747,Regular,18,Delete,Deployment,false
5.808639687,Regular,16,Create,Deployment,false
5.8254558450000005,Regular,10,Create,ConfigMap,false
5.835977498,Regular,14,Update,Deployment,false
5.85022248,Regular,10,Delete,ConfigMap,false
5.860501943,Regular,8,Delete,Deployment,false
5.868923564,Regular,12,Create,Deployment,false
5.881602954,Regular,14,Create,ConfigMap,false
5.895799745,Regular,14,Update,Deployment,false
5.910826552,Regular,12,Delete,ConfigMap,false
5.923509105,Regular,11,Delete,Deployment,false
5.934579735,Regular,15,Create,Deployment,false
5.950586414,Regular,14,Create,ConfigMap,false
5.965577936,Regular,12,Update,Deployment,false
5.977627865,Regular,7,Delete,ConfigMap,false
5.985225107,Regular,9,Delete,Deployment,false
5.995035384,Regular,15,Create,Deployment,false
5.063832576,Regular,48,Create,Deployment,false
5.112137807,Regular,24,Create,ConfigMap,false
5.13646785,Regular,23,Update,Deployment,false
5.160419818,Regular,12,Delete,ConfigMap,false
5.173019124,Regular,10,Delete,Deployment,false
5.183356109,Regular,22,Create,Deployment,false
5.206330475,Regular,25,Create,ConfigMap,false
5.231476352,Regular,20,Update,Deployment,false
5.252105416,Regular,21,Delete,ConfigMap,false
5.273838098,Regular,11,Delete,Deployment,false
5.285645074,Regular,10,Create,Deployment,false
5.296363921,Regular,11,Create,ConfigMap,false
5.307456389,Regular,19,Update,Deployment,false
5.326587404,Regular,12,Delete,ConfigMap,false
5.33880622,Regular,20,Delete,Deployment,false
5.359077391,Regular,11,Create,Deployment,false
5.370322509,Regular,18,Create,ConfigMap,false
5.388970374,Regular,12,Update,Deployment,false
5.401725899,Regular,15,Delete,ConfigMap,false
5.417100306,Regular,9,Delete,Deployment,false
5.426639138,Regular,18,Create,Deployment,false
5.444766181,Regular,16,Create,ConfigMap,false
5.460918286,Regular,15,Update,Deployment,false
5.476524362,Regular,11,Delete,ConfigMap,false
5.487919791,Regular,7,Delete,Deployment,false
5.495657254,Regular,16,Create,Deployment,false
5.511758828,Regular,24,Create,ConfigMap,false
5.536406143,Regular,19,Update,Deployment,false
5.556263705,Regular,15,Delete,ConfigMap,false
5.571931681,Regular,5,Delete,Deployment,false
5.5778168390000005,Regular,23,Create,Deployment,false
5.601163595,Regular,12,Create,ConfigMap,false
5.613724206,Regular,20,Update,Deployment,false
5.633880928,Regular,14,Delete,ConfigMap,false
5.6482869,Regular,7,Delete,Deployment,false
5.655874401,Regular,18,Create,Deployment,false
5.674213674,Regular,16,Create,ConfigMap,false
5.691137317,Regular,12,Update,Deployment,false
5.703908995,Regular,13,Delete,ConfigMap,false
5.717628588,Regular,12,Delete,Deployment,false
5.730253224,Regular,16,Create,Deployment,false
5.7468882709999995,Regular,9,Create,ConfigMap,false
5.7561673209999995,Regular,18,Update,Deployment,false
5.774433797,Regular,11,Delete,ConfigMap,false
5.785787704,Regular,22,Delete,Deployment,false
5.80844115,Regular,17,Create,Deployment,false
5.826416442,Regular,11,Create,ConfigMap,false
5.838393148,Regular,12,Update,Deployment,false
5.850915592,Regular,13,Delete,ConfigMap,false
5.864940828,Regular,11,Delete,Deployment,false
5.876372128,Regular,17,Create,Deployment,false
5.893606427,Regular,16,Create,ConfigMap,false
5.910519884,Regular,12,Update,Deployment,false
5.922689396,Regular,16,Delete,ConfigMap,false
5.939381727,Regular,10,Delete,Deployment,false
5.949981997,Regular,14,Create,Deployment,false
5.964541456,Regular,11,Create,ConfigMap,false
5.976120536,Regular,18,Update,Deployment,false
5.994344211,Regular,12,Delete,ConfigMap,false
6.006588474,Regular,7,Delete,Deployment,false
5.113502013,Regular,9,Delete,Deployment,false
5.123317086,Regular,20,Create,Deployment,false
5.143927525,Regular,24,Create,ConfigMap,false
5.168408916,Regular,19,Update,Deployment,false
5.188410224,Regular,16,Delete,ConfigMap,false
5.205094906,Regular,17,Delete,Deployment,false
5.222651517,Regular,14,Create,Deployment,false
5.237261877,Regular,11,Create,ConfigMap,false
5.248893631,Regular,17,Update,Deployment,false
5.266327855,Regular,16,Delete,ConfigMap,false
5.282798486,Regular,14,Delete,Deployment,false
5.297235205,Regular,11,Create,Deployment,false
5.30903606,Regular,21,Create,ConfigMap,false
5.330537471,Regular,22,Update,Deployment,false
5.353252705,Regular,13,Delete,ConfigMap,false
5.36720519,Regular,11,Delete,Deployment,false
5.37904189,Regular,11,Create,Deployment,false
5.390492177,Regular,13,Create,ConfigMap,false
5.404474084,Regular,14,Update,Deployment,false
5.41849721,Regular,6,Delete,ConfigMap,false
5.424754598,Regular,15,Delete,Deployment,false
5.440102921,Regular,15,Create,Deployment,false
5.455962721,Regular,8,Create,ConfigMap,false
5.464696546,Regular,15,Update,Deployment,false
5.47972789,Regular,12,Delete,ConfigMap,false
5.492031631,Regular,10,Delete,Deployment,false
5.502457944,Regular,16,Create,Deployment,false
5.519447077,Regular,24,Create,ConfigMap,false
5.543816355,Regular,18,Update,Deployment,false
5.562236293,Regular,11,Delete,ConfigMap,false
5.574171277,Regular,4,Delete,Deployment,false
5.578456516,Regular,16,Create,Deployment,false
5.595384272,Regular,12,Create,ConfigMap,false
5.6077426379999995,Regular,18,Update,Deployment,false
5.625806586,Regular,14,Delete,ConfigMap,false
5.640440742,Regular,11,Delete,Deployment,false
5.652375635,Regular,16,Create,Deployment,false
5.668556748,Regular,17,Create,ConfigMap,false
5.686142573,Regular,18,Update,Deployment,false
5.704607393,Regular,13,Delete,ConfigMap,false
5.718551436,Regular,9,Delete,Deployment,false
5.728305755,Regular,20,Create,Deployment,false
5.748506603,Regular,13,Create,ConfigMap,false
5.762110765,Regular,17,Update,Deployment,false
5.779928567,Regular,12,Delete,ConfigMap,false
5.792171771,Regular,16,Delete,Deployment,false
5.808790903,Regular,19,Create,Deployment,false
5.828075838,Regular,9,Create,ConfigMap,false
5.837645073,Regular,8,Update,Deployment,false
5.846019617,Regular,7,Delete,ConfigMap,false
5.8536831320000005,Regular,14,Delete,Deployment,false
5.868580991,Regular,13,Create,Deployment,false
5.881809754,Regular,21,Create,ConfigMap,false
5.9029225400000005,Regular,18,Update,Deployment,false
5.921526973,Regular,9,Delete,ConfigMap,false
5.93125782,Regular,8,Delete,Deployment,false
5.940157652,Regular,14,Create,Deployment,false
5.955066851,Regular,11,Create,ConfigMap,false
5.966509016,Regular,12,Update,Deployment,false
5.979192435,Regular,10,Delete,ConfigMap,false
5.9902285410000005,Regular,8,Delete,Deployment,false
5.99884904,Regular,15,Create,Deployment,false
5.089398285,Regular,24,Delete,ConfigMap,false
5.113758153,Regular,14,Delete,Deployment,false
5.12833632,Regular,16,Create,Deployment,false
5.144424994,Regular,20,Create,ConfigMap,false
5.165463206,Regular,16,Update,Deployment,false
5.18213126,Regular,18,Delete,ConfigMap,false
5.200655259,Regular,11,Delete,Deployment,false
5.211793135,Regular,20,Create,Deployment,false
5.232381474,Regular,14,Create,ConfigMap,false
5.247232808,Regular,29,Update,Deployment,false
5.277077457,Regular,9,Delete,ConfigMap,false
5.286489461,Regular,7,Delete,Deployment,false
5.294266482,Regular,12,Create,Deployment,false
5.307177025,Regular,11,Create,ConfigMap,false
5.318804675,Regular,16,Update,Deployment,false
5.335706043,Regular,18,Delete,ConfigMap,false
5.354094825,Regular,16,Delete,Deployment,false
5.370220432,Regular,20,Create,Deployment,false
5.390624644,Regular,14,Create,ConfigMap,false
5.404855551,Regular,13,Update,Deployment,false
5.418463895,Regular,6,Delete,ConfigMap,false
5.4251077930000005,Regular,12,Delete,Deployment,false
5.437149265,Regular,11,Create,Deployment,false
5.448974019,Regular,10,Create,ConfigMap,false
5.459814031,Regular,18,Update,Deployment,false
5.478309185,Regular,11,Delete,ConfigMap,false
5.489372139,Regular,14,Delete,Deployment,false
5.503672248,Regular,24,Create,Deployment,false
5.527949016,Regular,25,Create,ConfigMap,false
5.553025225,Regular,17,Update,Deployment,false
5.570544669,Regular,14,Delete,ConfigMap,false
5.585471073,Regular,11,Delete,Deployment,false
5.596716843,Regular,18,Create,Deployment,false
5.615162609,Regular,17,Create,ConfigMap,false
5.63296849,Regular,15,Update,Deployment,false
5.64851376,Regular,5,Delete,ConfigMap,false
5.654353119,Regular,12,Delete,Deployment,false
5.666588636,Regular,13,Create,Deployment,false
5.68047021,Regular,16,Create,ConfigMap,false
5.697155318,Regular,14,Update,Deployment,false
5.712045485,Regular,13,Delete,ConfigMap,false
5.725878392,Regular,12,Delete,Deployment,false
5.73795971,Regular,13,Create,Deployment,false
5.751650689,Regular,11,Create,ConfigMap,false
5.763340374,Regular,18,Update,Deployment,false
5.781968549,Regular,11,Delete,ConfigMap,false
5.793183359,Regular,11,Delete,Deployment,false
5.804575987,Regular,10,Create,Deployment,false
5.815013234,Regular,8,Create,ConfigMap,false
5.823567531,Regular,11,Update,Deployment,false
5.834751461,Regular,10,Delete,ConfigMap,false
5.845411503,Regular,7,Delete,Deployment,false
5.8534146,Regular,21,Create,Deployment,false
5.874628748,Regular,15,Create,ConfigMap,false
5.890204705,Regular,14,Update,Deployment,false
5.90455156,Regular,15,Delete,ConfigMap,false
5.919767308,Regular,6,Delete,Deployment,false
5.926361965,Regular,12,Create,Deployment,false
5.93846267,Regular,11,Create,ConfigMap,false
5.950318157,Regular,10,Update,Deployment,false
5.960803326,Regular,7,Delete,ConfigMap,false
5.968411421,Regular,10,Delete,Deployment,false
5.979085115,Regular,14,Create,Deployment,false
5.994101579,Regular,20,Create,ConfigMap,false
5.040823588,Regular,57,Update,Deployment,false
5.098109808,Regular,23,Delete,ConfigMap,false
5.12190778,Regular,15,Delete,Deployment,false
5.137374652,Regular,15,Create,Deployment,false
5.153241071,Regular,23,Create,ConfigMap,false
5.177183363,Regular,18,Update,Deployment,false
5.195905627,Regular,16,Delete,ConfigMap,false
5.212401781,Regular,19,Delete,Deployment,false
5.231627154,Regular,15,Create,Deployment,false
5.247375791,Regular,26,Create,ConfigMap,false
5.274198104,Regular,16,Update,Deployment,false
5.290604801,Regular,12,Delete,ConfigMap,false
5.303126537,Regular,16,Delete,Deployment,false
5.319603195,Regular,20,Create,Deployment,false
5.339985015,Regular,19,Create,ConfigMap,false
5.359569114,Regular,18,Update,Deployment,false
5.377962721,Regular,12,Delete,ConfigMap,false
5.390208435,Regular,10,Delete,Deployment,false
5.400750022,Regular,16,Create,Deployment,false
5.417393391,Regular,17,Create,ConfigMap,false
5.434540288,Regular,14,Update,Deployment,false
5.448999949,Regular,12,Delete,ConfigMap,false
5.461098473,Regular,10,Delete,Deployment,false
5.47193473,Regular,13,Create,Deployment,false
5.485101925,Regular,18,Create,ConfigMap,false
5.503922008,Regular,23,Update,Deployment,false
5.527737556,Regular,15,Delete,ConfigMap,false
5.543633631,Regular,9,Delete,Deployment,false
5.552756027,Regular,17,Create,Deployment,false
5.570597009,Regular,17,Create,ConfigMap,false
5.588240005,Regular,16,Update,Deployment,false
5.604997144,Regular,6,Delete,ConfigMap,false
5.611067017,Regular,9,Delete,Deployment,false
5.6202965339999995,Regular,17,Create,Deployment,false
5.637362997,Regular,13,Create,ConfigMap,false
5.650513543,Regular,10,Update,Deployment,false
5.660763939,Regular,14,Delete,ConfigMap,false
5.675562687,Regular,9,Delete,Deployment,false
5.685488207,Regular,15,Create,Deployment,false
5.700778932,Regular,17,Create,ConfigMap,false
5.718770733,Regular,13,Update,Deployment,false
5.732341922,Regular,11,Delete,ConfigMap,false
5.744270463,Regular,9,Delete,Deployment,false
5.753493614,Regular,19,Create,Deployment,false
5.773070372,Regular,17,Create,ConfigMap,false
5.7903632080000005,Regular,20,Update,Deployment,false
5.810435962,Regular,10,Delete,ConfigMap,false
5.820808682,Regular,7,Delete,Deployment,false
5.828295258,Regular,10,Create,Deployment,false
5.839174956,Regular,9,Create,ConfigMap,false
5.849096676,Regular,14,Update,Deployment,false
5.864101252,Regular,9,Delete,ConfigMap,false
5.8735293219999996,Regular,13,Delete,Deployment,false
5.886620038,Regular,18,Create,Deployment,false
5.905137672,Regular,15,Create,ConfigMap,false
5.920807864,Regular,12,Update,Deployment,false
5.9331563240000005,Regular,11,Delete,ConfigMap,false
5.94424071,Regular,11,Delete,Deployment,false
5.955269251,Regular,12,Create,Deployment,false
5.967342358,Regular,11,Create,ConfigMap,false
5.978816232,Regular,15,Update,Deployment,false
5.994387651,Regular,13,Delete,ConfigMap,false
6.007943528,Regular,11,Delete,Deployment,false
6.003305819,Regular,6,Delete,Deployment,false
6.010080483,Regular,17,Create,Deployment,false
6.027220942,Regular,14,Create,ConfigMap,false
6.041388006,Regular,12,Update,Deployment,false
6.054409149,Regular,18,Delete,ConfigMap,false
6.073202996,Regular,11,Delete,Deployment,false
6.084538654,Regular,19,Create,Deployment,false
6.103726722,Regular,13,Create,ConfigMap,false
6.1174125010000004,Regular,15,Update,Deployment,false
6.133361903,Regular,16,Delete,ConfigMap,false
6.149451931,Regular,11,Delete,Deployment,false
6.161081506,Regular,17,Create,Deployment,false
6.178717145,Regular,20,Create,ConfigMap,false
6.199280596,Regular,15,Update,Deployment,false
6.215134643,Regular,13,Delete,ConfigMap,false
6.22870731,Regular,10,Delete,Deployment,false
6.239390134,Regular,10,Create,Deployment,false
6.250402419,Regular,9,Create,ConfigMap,false
6.259800959,Regular,19,Update,Deployment,false
6.279674042,Regular,12,Delete,ConfigMap,false
6.292289571,Regular,14,Delete,Deployment,false
6.306311473,Regular,16,Create,Deployment,false
6.322896057,Regular,23,Create,ConfigMap,false
6.345989183,Regular,20,Update,Deployment,false
6.366976295,Regular,17,Delete,ConfigMap,false
6.384081633,Regular,13,Delete,Deployment,false
6.39784948,Regular,15,Create,Deployment,false
6.413541267,Regular,12,Create,ConfigMap,false
6.426579523,Regular,18,Update,Deployment,false
6.444764897,Regular,11,Delete,ConfigMap,false
6.456340152,Regular,8,Delete,Deployment,false
6.464746999,Regular,18,Create,Deployment,false
6.483048322,Regular,13,Create,ConfigMap,false
6.496947358,Regular,11,Update,Deployment,false
6.508954189,Regular,8,Delete,ConfigMap,false
6.51709148,Regular,12,Delete,Deployment,false
6.529214384,Regular,11,Create,Deployment,false
6.540924122,Regular,15,Create,ConfigMap,false
6.556449618,Regular,15,Update,Deployment,false
6.572228985,Regular,9,Delete,ConfigMap,false
6.582252053,Regular,8,Delete,Deployment,false
6.590851111,Regular,12,Create,Deployment,false
6.603336204,Regular,11,Create,ConfigMap,false
6.614945559,Regular,17,Update,Deployment,false
6.632089186,Regular,15,Delete,ConfigMap,false
6.647505636,Regular,16,Delete,Deployment,false
6.664093876,Regular,19,Create,Deployment,false
6.68352757,Regular,15,Create,ConfigMap,false
6.699246497,Regular,12,Update,Deployment,false
6.711801432,Regular,9,Delete,ConfigMap,false
6.72178558,Regular,16,Delete,Deployment,false
6.738024764,Regular,15,Create,Deployment,false
6.753776546,Regular,14,Create,ConfigMap,false
6.768170308,Regular,19,Update,Deployment,false
6.788092776,Regular,14,Delete,ConfigMap,false
6.802927373,Regular,14,Delete,Deployment,false
6.817550432,Regular,15,Create,Deployment,false
6.832658425,Regular,16,Create,ConfigMap,false
6.849112828,Regular,21,Update,Deployment,false
6.870196316,Regular,8,Delete,ConfigMap,false
6.879147008,Regular,21,Delete,Deployment,false
6.901149134,Regular,12,Create,Deployment,false
6.913883889,Regular,12,Create,ConfigMap,false
6.926306139,Regular,19,Update,Deployment,false
6.9456034639999995,Regular,10,Delete,ConfigMap,false
6.955663571,Regular,8,Delete,Deployment,false
6.964104981,Regular,15,Create,Deployment,false
6.979153559,Regular,12,Create,ConfigMap,false
6.991468352,Regular,11,Update,Deployment,false
6.013997295,Regular,13,Create,Deployment,false
6.02710207,Regular,13,Create,ConfigMap,false
6.041031421,Regular,21,Update,Deployment,false
6.06291202,Regular,16,Delete,ConfigMap,false
6.079678819,Regular,16,Delete,Deployment,false
6.096213393,Regular,15,Create,Deployment,false
6.112022957,Regular,13,Create,ConfigMap,false
6.126012511,Regular,15,Update,Deployment,false
6.141523872,Regular,10,Delete,ConfigMap,false
6.152350114,Regular,12,Delete,Deployment,false
6.164578281,Regular,22,Create,Deployment,false
6.187374095,Regular,15,Create,ConfigMap,false
6.203010639,Regular,12,Update,Deployment,false
6.215125826,Regular,13,Delete,ConfigMap,false
6.228185267,Regular,11,Delete,Deployment,false
6.239777777,Regular,13,Create,Deployment,false
6.253558981,Regular,11,Create,ConfigMap,false
6.264689312,Regular,11,Update,Deployment,false
6.275823712,Regular,6,Delete,ConfigMap,false
6.282801371,Regular,11,Delete,Deployment,false
6.294606651,Regular,13,Create,Deployment,false
6.3079452,Regular,15,Create,ConfigMap,false
6.323549269,Regular,13,Update,Deployment,false
6.337264606,Regular,20,Delete,ConfigMap,false
6.357981979,Regular,13,Delete,Deployment,false
6.371369792,Regular,11,Create,Deployment,false
6.383333453,Regular,11,Create,ConfigMap,false
6.395198565,Regular,13,Update,Deployment,false
6.40895185,Regular,11,Delete,ConfigMap,false
6.420602515,Regular,11,Delete,Deployment,false
6.432162098,Regular,20,Create,Deployment,false
6.452619724,Regular,13,Create,ConfigMap,false
6.466584973,Regular,11,Update,Deployment,false
6.4778279229999995,Regular,10,Delete,ConfigMap,false
6.488500685,Regular,8,Delete,Deployment,false
6.497353462,Regular,11,Create,Deployment,false
6.50859817,Regular,17,Create,ConfigMap,false
6.525794529,Regular,15,Update,Deployment,false
6.541666696,Regular,12,Delete,ConfigMap,false
6.55455589,Regular,7,Delete,Deployment,false
6.562247975,Regular,22,Create,Deployment,false
6.585221493,Regular,15,Create,ConfigMap,false
6.600645508,Regular,16,Update,Deployment,false
6.617380291,Regular,11,Delete,ConfigMap,false
6.628987081,Regular,13,Delete,Deployment,false
6.642292262,Regular,29,Create,Deployment,false
6.672273477,Regular,7,Create,ConfigMap,false
6.679782694,Regular,10,Update,Deployment,false
6.690329238,Regular,9,Delete,ConfigMap,false
6.699476653,Regular,8,Delete,Deployment,false
6.707894869,Regular,11,Create,Deployment,false
6.719092027,Regular,12,Create,ConfigMap,false
6.731512648,Regular,15,Update,Deployment,false
6.747314559,Regular,14,Delete,ConfigMap,false
6.761390421,Regular,11,Delete,Deployment,false
6.772878628,Regular,19,Create,Deployment,false
6.792239296,Regular,12,Create,ConfigMap,false
6.804565426,Regular,18,Update,Deployment,false
6.822695939,Regular,8,Delete,ConfigMap,false
6.831543406,Regular,15,Delete,Deployment,false
6.846955664,Regular,12,Create,Deployment,false
6.859129103,Regular,19,Create,ConfigMap,false
6.878776703,Regular,24,Update,Deployment,false
6.903361162,Regular,9,Delete,ConfigMap,false
6.91282226,Regular,9,Delete,Deployment,false
6.9228423249999995,Regular,13,Create,Deployment,false
6.936017303,Regular,15,Create,ConfigMap,false
6.951268464,Regular,20,Update,Deployment,false
6.971366401,Regular,7,Delete,ConfigMap,false
6.979135873,Regular,8,Delete,Deployment,false
6.987644568,Regular,15,Create,Deployment,false
6.008190235,Regular,12,Update,Deployment,false
6.021014313,Regular,9,Delete,ConfigMap,false
6.030328779,Regular,10,Delete,Deployment,false
6.041333486,Regular,16,Create,Deployment,false
6.057627485,Regular,26,Create,ConfigMap,false
6.084370158,Regular,16,Update,Deployment,false
6.10056875,Regular,11,Delete,ConfigMap,false
6.112171094,Regular,13,Delete,Deployment,false
6.126082008,Regular,14,Create,Deployment,false
6.140776666,Regular,14,Create,ConfigMap,false
6.155562219,Regular,15,Update,Deployment,false
6.17081993,Regular,12,Delete,ConfigMap,false
6.18382724,Regular,7,Delete,Deployment,false
6.191721477,Regular,13,Create,Deployment,false
6.205608494,Regular,12,Create,ConfigMap,false
6.218450926,Regular,11,Update,Deployment,false
6.229639005,Regular,8,Delete,ConfigMap,false
6.23836404,Regular,11,Delete,Deployment,false
6.250045684,Regular,14,Create,Deployment,false
6.264874783,Regular,12,Create,ConfigMap,false
6.277785898,Regular,11,Update,Deployment,false
6.289248706,Regular,6,Delete,ConfigMap,false
6.296236641,Regular,15,Delete,Deployment,false
6.311626133,Regular,26,Create,Deployment,false
6.337668003,Regular,22,Create,ConfigMap,false
6.360208487,Regular,15,Update,Deployment,false
6.375613466,Regular,12,Delete,ConfigMap,false
6.387968065,Regular,10,Delete,Deployment,false
6.398892664,Regular,17,Create,Deployment,false
6.416823863,Regular,19,Create,ConfigMap,false
6.436753533,Regular,18,Update,Deployment,false
6.455079352,Regular,11,Delete,ConfigMap,false
6.466685296,Regular,11,Delete,Deployment,false
6.478109612,Regular,17,Create,Deployment,false
6.495753246,Regular,12,Create,ConfigMap,false
6.508041025,Regular,16,Update,Deployment,false
6.524429245,Regular,8,Delete,ConfigMap,false
6.533195676,Regular,7,Delete,Deployment,false
6.541191391,Regular,18,Create,Deployment,false
6.55953817,Regular,18,Create,ConfigMap,false
6.57821698,Regular,18,Update,Deployment,false
6.5964766390000005,Regular,8,Delete,ConfigMap,false
6.6052106120000005,Regular,18,Delete,Deployment,false
6.6234716460000005,Regular,17,Create,Deployment,false
6.641172416,Regular,15,Create,ConfigMap,false
6.656220169,Regular,20,Update,Deployment,false
6.67698716,Regular,4,Delete,ConfigMap,false
6.681594447,Regular,6,Delete,Deployment,false
6.687931718,Regular,12,Create,Deployment,false
6.700539402,Regular,13,Create,ConfigMap,false
6.713750372,Regular,16,Update,Deployment,false
6.729947805,Regular,10,Delete,ConfigMap,false
6.740896776,Regular,11,Delete,Deployment,false
6.752449106,Regular,15,Create,Deployment,false
6.76828775,Regular,11,Create,ConfigMap,false
6.780173352,Regular,23,Update,Deployment,false
6.803480868,Regular,10,Delete,ConfigMap,false
6.81366026,Regular,12,Delete,Deployment,false
6.825763679,Regular,16,Create,Deployment,false
6.842322986,Regular,11,Create,ConfigMap,false
6.85340798,Regular,18,Update,Deployment,false
6.872345919,Regular,11,Delete,ConfigMap,false
6.883516943,Regular,11,Delete,Deployment,false
6.8954105420000005,Regular,12,Create,Deployment,false
6.907908512,Regular,14,Create,ConfigMap,false
6.922669921,Regular,13,Update,Deployment,false
6.9357030349999995,Regular,12,Delete,ConfigMap,false
6.948121404,Regular,14,Delete,Deployment,false
6.962255063,Regular,16,Create,Deployment,false
6.978908522,Regular,14,Create,ConfigMap,false
6.993016192,Regular,12,Update,Deployment,false
6.010654863,Regular,13,Create,ConfigMap,false
6.02367761,Regular,18,Update,Deployment,false
6.042192218,Regular,11,Delete,ConfigMap,false
6.053770428,Regular,17,Delete,Deployment,false
6.071270572,Regular,23,Create,Deployment,false
6.095039302,Regular,17,Create,ConfigMap,false
6.112743569,Regular,13,Update,Deployment,false
6.126219699,Regular,7,Delete,ConfigMap,false
6.133918608,Regular,11,Delete,Deployment,false
6.145084839,Regular,11,Create,Deployment,false
6.156394259,Regular,15,Create,ConfigMap,false
6.17234597,Regular,13,Update,Deployment,false
6.18583354,Regular,8,Delete,ConfigMap,false
6.193960267,Regular,9,Delete,Deployment,false
6.203293747,Regular,11,Create,Deployment,false
6.214585986,Regular,21,Create,ConfigMap,false
6.23656534,Regular,13,Update,Deployment,false
6.250477216,Regular,10,Delete,ConfigMap,false
6.260982853,Regular,7,Delete,Deployment,false
6.268689424,Regular,16,Create,Deployment,false
6.28548966,Regular,19,Create,ConfigMap,false
6.305301173,Regular,17,Update,Deployment,false
6.323132512,Regular,14,Delete,ConfigMap,false
6.337458294,Regular,21,Delete,Deployment,false
6.359244077,Regular,16,Create,Deployment,false
6.376061084,Regular,18,Create,ConfigMap,false
6.394388608,Regular,11,Update,Deployment,false
6.405485127,Regular,10,Delete,ConfigMap,false
6.416496136,Regular,11,Delete,Deployment,false
6.42819583,Regular,25,Create,Deployment,false
6.454219861,Regular,11,Create,ConfigMap,false
6.465799953,Regular,14,Update,Deployment,false
6.480087655,Regular,14,Delete,ConfigMap,false
6.495031745,Regular,9,Delete,Deployment,false
6.504176004,Regular,14,Create,Deployment,false
6.518530528,Regular,12,Create,ConfigMap,false
6.531473869,Regular,15,Update,Deployment,false
6.547447768,Regular,8,Delete,ConfigMap,false
6.55602487,Regular,10,Delete,Deployment,false
6.566916994,Regular,18,Create,Deployment,false
6.585420924,Regular,13,Create,ConfigMap,false
6.598802749,Regular,18,Update,Deployment,false
6.617019324,Regular,12,Delete,ConfigMap,false
6.629311581,Regular,11,Delete,Deployment,false
6.64073971,Regular,16,Create,Deployment,false
6.657697721,Regular,19,Create,ConfigMap,false
6.676828277,Regular,12,Update,Deployment,false
6.689655344,Regular,9,Delete,ConfigMap,false
6.699206329,Regular,11,Delete,Deployment,false
6.711170366,Regular,12,Create,Deployment,false
6.723976257,Regular,13,Create,ConfigMap,false
6.737909903,Regular,17,Update,Deployment,false
6.755874415,Regular,10,Delete,ConfigMap,false
6.766324593,Regular,9,Delete,Deployment,false
6.77617081,Regular,16,Create,Deployment,false
6.792622264,Regular,12,Create,ConfigMap,false
6.804910231,Regular,17,Update,Deployment,false
6.82216061,Regular,9,Delete,ConfigMap,false
6.831293711,Regular,15,Delete,Deployment,false
6.847146205,Regular,10,Create,Deployment,false
6.857285829,Regular,15,Create,ConfigMap,false
6.872537427,Regular,23,Update,Deployment,false
6.895807958,Regular,9,Delete,ConfigMap,false
6.905092162,Regular,13,Delete,Deployment,false
6.918470593,Regular,15,Create,Deployment,false
6.934129412,Regular,17,Create,ConfigMap,false
6.951385354,Regular,9,Update,Deployment,false
6.960551051,Regular,11,Delete,ConfigMap,false
6.971751321,Regular,8,Delete,Deployment,false
6.979835136,Regular,14,Create,Deployment,false
6.994828136,Regular,12,Create,ConfigMap,false
6.008029368,Regular,15,Update,Deployment,false
6.023991947,Regular,5,Delete,ConfigMap,false
6.029827745,Regular,11,Delete,Deployment,false
6.041397056,Regular,15,Create,Deployment,false
6.056744797,Regular,16,Create,ConfigMap,false
6.073385384,Regular,20,Update,Deployment,false
6.093611335,Regular,12,Delete,ConfigMap,false
6.106281514,Regular,8,Delete,Deployment,false
6.114542574,Regular,18,Create,Deployment,false
6.13342976,Regular,14,Create,ConfigMap,false
6.148206725,Regular,9,Update,Deployment,false
6.157492265,Regular,10,Delete,ConfigMap,false
6.167702704,Regular,7,Delete,Deployment,false
6.174925721,Regular,20,Create,Deployment,false
6.195085552,Regular,12,Create,ConfigMap,false
6.207711906,Regular,13,Update,Deployment,false
6.221062995,Regular,9,Delete,ConfigMap,false
6.2306955,Regular,8,Delete,Deployment,false
6.239622214,Regular,11,Create,Deployment,false
6.251259408,Regular,12,Create,ConfigMap,false
6.263340252,Regular,11,Update,Deployment,false
6.274944227,Regular,10,Delete,ConfigMap,false
6.285272626,Regular,15,Delete,Deployment,false
6.300306573,Regular,22,Create,Deployment,false
6.322881657,Regular,16,Create,ConfigMap,false
6.338935128,Regular,20,Update,Deployment,false
6.359685633,Regular,17,Delete,ConfigMap,false
6.377351573,Regular,9,Delete,Deployment,false
6.386645691,Regular,14,Create,Deployment,false
6.40066934,Regular,20,Create,ConfigMap,false
6.420747963,Regular,17,Update,Deployment,false
6.437842982,Regular,16,Delete,ConfigMap,false
6.454173072,Regular,6,Delete,Deployment,false
6.460375696,Regular,11,Create,Deployment,false
6.472148711,Regular,17,Create,ConfigMap,false
6.490026365,Regular,19,Update,Deployment,false
6.509347685,Regular,10,Delete,ConfigMap,false
6.519976312,Regular,10,Delete,Deployment,false
6.530059544,Regular,11,Create,Deployment,false
6.541759083,Regular,18,Create,ConfigMap,false
6.560676725,Regular,14,Update,Deployment,false
6.575514661,Regular,9,Delete,ConfigMap,false
6.584548636,Regular,11,Delete,Deployment,false
6.59651554,Regular,21,Create,Deployment,false
6.618008474,Regular,22,Create,ConfigMap,false
6.640925861,Regular,16,Update,Deployment,false
6.657570172,Regular,10,Delete,ConfigMap,false
6.668296084,Regular,9,Delete,Deployment,false
6.6782892579999995,Regular,13,Create,Deployment,false
6.691948035,Regular,13,Create,ConfigMap,false
6.705094134,Regular,15,Update,Deployment,false
6.720604936,Regular,8,Delete,ConfigMap,false
6.729239272,Regular,11,Delete,Deployment,false
6.741022102,Regular,12,Create,Deployment,false
6.753705483,Regular,14,Create,ConfigMap,false
6.768254358,Regular,18,Update,Deployment,false
6.786374607,Regular,14,Delete,ConfigMap,false
6.800766931,Regular,8,Delete,Deployment,false
6.8088346600000005,Regular,18,Create,Deployment,false
6.827700239,Regular,13,Create,ConfigMap,false
6.841098844,Regular,11,Update,Deployment,false
6.852939937,Regular,6,Delete,ConfigMap,false
6.859041605,Regular,11,Delete,Deployment,false
6.870084796,Regular,24,Create,Deployment,false
6.895093067,Regular,13,Create,ConfigMap,false
6.908164149,Regular,13,Update,Deployment,false
6.921472013,Regular,15,Delete,ConfigMap,false
6.937184712,Regular,11,Delete,Deployment,false
6.948354159,Regular,14,Create,Deployment,false
6.9626572410000005,Regular,12,Create,ConfigMap,false
6.975203802,Regular,11,Update,Deployment,false
6.9864898570000005,Regular,6,Delete,ConfigMap,false
6.992643055,Regular,14,Delete,Deployment,false
6.014361273,Regular,13,Create,ConfigMap,false
6.027669574,Regular,19,Update,Deployment,false
6.047656748,Regular,14,Delete,ConfigMap,false
6.062538664,Regular,13,Delete,Deployment,false
6.076307974,Regular,19,Create,Deployment,false
6.095576882,Regular,16,Create,ConfigMap,false
6.1124773040000004,Regular,14,Update,Deployment,false
6.127311513,Regular,10,Delete,ConfigMap,false
6.137462583,Regular,8,Delete,Deployment,false
6.146245458,Regular,14,Create,Deployment,false
6.160441686,Regular,17,Create,ConfigMap,false
6.178245064,Regular,16,Update,Deployment,false
6.194883229,Regular,7,Delete,ConfigMap,false
6.202794894,Regular,12,Delete,Deployment,false
6.215227868,Regular,14,Create,Deployment,false
6.229930122,Regular,12,Create,ConfigMap,false
6.24214714,Regular,17,Update,Deployment,false
6.259421133,Regular,8,Delete,ConfigMap,false
6.267907327,Regular,9,Delete,Deployment,false
6.277456832,Regular,17,Create,Deployment,false
6.295237941,Regular,15,Create,ConfigMap,false
6.31100092,Regular,25,Update,Deployment,false
6.33683824,Regular,10,Delete,ConfigMap,false
6.347081467,Regular,18,Delete,Deployment,false
6.36545923,Regular,18,Create,Deployment,false
6.384324417,Regular,14,Create,ConfigMap,false
6.39888969,Regular,14,Update,Deployment,false
6.413593943,Regular,13,Delete,ConfigMap,false
6.426806475,Regular,13,Delete,Deployment,false
6.440557128,Regular,18,Create,Deployment,false
6.458908311,Regular,11,Create,ConfigMap,false
6.470540063,Regular,15,Update,Deployment,false
6.486269774,Regular,11,Delete,ConfigMap,false
6.497317005,Regular,13,Delete,Deployment,false
6.510372258,Regular,15,Create,Deployment,false
6.525871912,Regular,11,Create,ConfigMap,false
6.537325899,Regular,15,Update,Deployment,false
6.552730955,Regular,8,Delete,ConfigMap,false
6.561311101,Regular,15,Delete,Deployment,false
6.576975594,Regular,14,Create,Deployment,false
6.591429424,Regular,11,Create,ConfigMap,false
6.603345018,Regular,22,Update,Deployment,false
6.625487077,Regular,15,Delete,ConfigMap,false
6.640738916,Regular,10,Delete,Deployment,false
6.651536349,Regular,11,Create,Deployment,false
6.662871387,Regular,14,Create,ConfigMap,false
6.676988454,Regular,12,Update,Deployment,false
6.68970513,Regular,9,Delete,ConfigMap,false
6.699121319,Regular,7,Delete,Deployment,false
6.706518974,Regular,11,Create,Deployment,false
6.718102858,Regular,12,Create,ConfigMap,false
6.730955315,Regular,17,Update,Deployment,false
6.748737071,Regular,11,Delete,ConfigMap,false
6.760178743,Regular,8,Delete,Deployment,false
6.768839335,Regular,17,Create,Deployment,false
6.786574347,Regular,16,Create,ConfigMap,false
6.803432888,Regular,19,Update,Deployment,false
6.823164245,Regular,8,Delete,ConfigMap,false
6.831596674,Regular,16,Delete,Deployment,false
6.8484676780000004,Regular,22,Create,Deployment,false
6.870968888,Regular,23,Create,ConfigMap,false
6.894273281,Regular,19,Update,Deployment,false
6.914049341,Regular,15,Delete,ConfigMap,false
6.929781176,Regular,15,Delete,Deployment,false
6.945220533,Regular,16,Create,Deployment,false
6.962164263,Regular,12,Create,ConfigMap,false
6.975057993,Regular,11,Update,Deployment,false
6.986313589,Regular,9,Delete,ConfigMap,false
6.9960425090000005,Regular,11,Delete,Deployment,false
6.019211447,Regular,14,Create,Deployment,false
6.034192252,Regular,16,Create,ConfigMap,false
6.050354656,Regular,20,Update,Deployment,false
6.070934273,Regular,22,Delete,ConfigMap,false
6.093601806,Regular,9,Delete,Deployment,false
6.103075842,Regular,9,Create,Deployment,false
6.112151108,Regular,14,Create,ConfigMap,false
6.126438013,Regular,18,Update,Deployment,false
6.145282759,Regular,11,Delete,ConfigMap,false
6.156630026,Regular,16,Delete,Deployment,false
6.173256101,Regular,14,Create,Deployment,false
6.188228677,Regular,19,Create,ConfigMap,false
6.207515079,Regular,16,Update,Deployment,false
6.223665106,Regular,15,Delete,ConfigMap,false
6.238900746,Regular,11,Delete,Deployment,false
6.250400401,Regular,14,Create,Deployment,false
6.264683745,Regular,13,Create,ConfigMap,false
6.2780172069999995,Regular,12,Update,Deployment,false
6.290252482,Regular,10,Delete,ConfigMap,false
6.30119215,Regular,13,Delete,Deployment,false
6.314851208,Regular,14,Create,Deployment,false
6.329358659,Regular,13,Create,ConfigMap,false
6.343163883,Regular,18,Update,Deployment,false
6.36138171,Regular,13,Delete,ConfigMap,false
6.374613146,Regular,9,Delete,Deployment,false
6.384520348,Regular,15,Create,Deployment,false
6.400299015,Regular,20,Create,ConfigMap,false
6.420406895,Regular,20,Update,Deployment,false
6.440979997,Regular,14,Delete,ConfigMap,false
6.455659159,Regular,6,Delete,Deployment,false
6.462399624,Regular,9,Create,Deployment,false
6.472432411,Regular,18,Create,ConfigMap,false
6.491067582,Regular,13,Update,Deployment,false
6.504578606,Regular,6,Delete,ConfigMap,false
6.511502938,Regular,10,Delete,Deployment,false
6.522063669,Regular,11,Create,Deployment,false
6.534027219,Regular,13,Create,ConfigMap,false
6.547144311,Regular,12,Update,Deployment,false
6.559224886,Regular,19,Delete,ConfigMap,false
6.578722484,Regular,9,Delete,Deployment,false
6.587791573,Regular,16,Create,Deployment,false
6.603856095,Regular,18,Create,ConfigMap,false
6.622542206,Regular,10,Update,Deployment,false
6.632741101,Regular,14,Delete,ConfigMap,false
6.647618793,Regular,16,Delete,Deployment,false
6.664105479,Regular,19,Create,Deployment,false
6.683374827,Regular,15,Create,ConfigMap,false
6.699352185,Regular,12,Update,Deployment,false
6.711550601,Regular,10,Delete,ConfigMap,false
6.721834985,Regular,7,Delete,Deployment,false
6.729013903,Regular,19,Create,Deployment,false
6.748246763,Regular,13,Create,ConfigMap,false
6.762129981,Regular,15,Update,Deployment,false
6.777886002,Regular,14,Delete,ConfigMap,false
6.792178867,Regular,11,Delete,Deployment,false
6.80368894,Regular,15,Create,Deployment,false
6.819438762,Regular,10,Create,ConfigMap,false
6.830253385,Regular,12,Update,Deployment,false
6.842650226,Regular,7,Delete,ConfigMap,false
6.850406717,Regular,10,Delete,Deployment,false
6.860503557,Regular,16,Create,Deployment,false
6.877274396,Regular,21,Create,ConfigMap,false
6.898918998,Regular,15,Update,Deployment,false
6.914887514,Regular,14,Delete,ConfigMap,false
6.929517025,Regular,9,Delete,Deployment,false
6.93928198,Regular,23,Create,Deployment,false
6.9626301779999995,Regular,12,Create,ConfigMap,false
6.974923444,Regular,11,Update,Deployment,false
6.986433349,Regular,9,Delete,ConfigMap,false
6.995662695,Regular,11,Delete,Deployment,false
6.014999106,Regular,13,Update,Deployment,false
6.028146994,Regular,11,Delete,ConfigMap,false
6.039710196,Regular,10,Delete,Deployment,false
6.050672077,Regular,20,Create,Deployment,false
6.071170116,Regular,20,Create,ConfigMap,false
6.092191886,Regular,12,Update,Deployment,false
6.10462773,Regular,8,Delete,ConfigMap,false
6.113607072,Regular,19,Delete,Deployment,false
6.133405259,Regular,18,Create,Deployment,false
6.151439479,Regular,9,Create,ConfigMap,false
6.161270218,Regular,17,Update,Deployment,false
6.178467256,Regular,10,Delete,ConfigMap,false
6.188776997,Regular,15,Delete,Deployment,false
6.203851616,Regular,13,Create,Deployment,false
6.21764189,Regular,18,Create,ConfigMap,false
6.236624377,Regular,13,Update,Deployment,false
6.250376299,Regular,12,Delete,ConfigMap,false
6.263182625,Regular,10,Delete,Deployment,false
6.273843147,Regular,10,Create,Deployment,false
6.284743731,Regular,11,Create,ConfigMap,false
6.296520677,Regular,18,Update,Deployment,false
6.314832029,Regular,9,Delete,ConfigMap,false
6.324030004,Regular,7,Delete,Deployment,false
6.331435294,Regular,17,Create,Deployment,false
6.348644618,Regular,11,Create,ConfigMap,false
6.359718605,Regular,15,Update,Deployment,false
6.375451861,Regular,12,Delete,ConfigMap,false
6.387800705,Regular,12,Delete,Deployment,false
6.400180677,Regular,16,Create,Deployment,false
6.416637863,Regular,18,Create,ConfigMap,false
6.435307014,Regular,14,Update,Deployment,false
6.450225201,Regular,10,Delete,ConfigMap,false
6.460754919,Regular,7,Delete,Deployment,false
6.46856962,Regular,17,Create,Deployment,false
6.486039005,Regular,21,Create,ConfigMap,false
6.507554706,Regular,11,Update,Deployment,false
6.518612797,Regular,11,Delete,ConfigMap,false
6.529645437,Regular,11,Delete,Deployment,false
6.541058756,Regular,12,Create,Deployment,false
6.553750018,Regular,21,Create,ConfigMap,false
6.575266126,Regular,15,Update,Deployment,false
6.590741788,Regular,9,Delete,ConfigMap,false
6.600065105,Regular,16,Delete,Deployment,false
6.616671981,Regular,19,Create,Deployment,false
6.636544842,Regular,19,Create,ConfigMap,false
6.656301021,Regular,20,Update,Deployment,false
6.676708259,Regular,6,Delete,ConfigMap,false
6.6830798,Regular,7,Delete,Deployment,false
6.690762878,Regular,13,Create,Deployment,false
6.704516161,Regular,17,Create,ConfigMap,false
6.721625904,Regular,16,Update,Deployment,false
6.738145215,Regular,9,Delete,ConfigMap,false
6.7480367470000004,Regular,10,Delete,Deployment,false
6.759015369,Regular,12,Create,Deployment,false
6.771546274,Regular,14,Create,ConfigMap,false
6.786194172,Regular,24,Update,Deployment,false
6.8105844,Regular,9,Delete,ConfigMap,false
6.820539485,Regular,8,Delete,Deployment,false
6.828600857,Regular,18,Create,Deployment,false
6.847516541,Regular,11,Create,ConfigMap,false
6.858699843,Regular,20,Update,Deployment,false
6.879026576,Regular,20,Delete,ConfigMap,false
6.899749484,Regular,8,Delete,Deployment,false
6.907823012,Regular,15,Create,Deployment,false
6.923491888,Regular,22,Create,ConfigMap,false
6.94613253,Regular,14,Update,Deployment,false
6.9609281769999996,Regular,9,Delete,ConfigMap,false
6.970634658,Regular,8,Delete,Deployment,false
6.979225325,Regular,15,Create,Deployment,false
6.995063015,Regular,12,Create,ConfigMap,false
6.00926668,Regular,10,Delete,ConfigMap,false
6.019834985,Regular,9,Delete,Deployment,false
6.029038066,Regular,13,Create,Deployment,false
6.042396858,Regular,13,Create,ConfigMap,false
6.055976543,Regular,20,Update,Deployment,false
6.076607905,Regular,16,Delete,ConfigMap,false
6.093426295,Regular,9,Delete,Deployment,false
6.102957514,Regular,13,Create,Deployment,false
6.116080789,Regular,14,Create,ConfigMap,false
6.13058788,Regular,14,Update,Deployment,false
6.14521705,Regular,9,Delete,ConfigMap,false
6.154448767,Regular,8,Delete,Deployment,false
6.163282969,Regular,16,Create,Deployment,false
6.179770216,Regular,13,Create,ConfigMap,false
6.193097023,Regular,12,Update,Deployment,false
6.205439496,Regular,7,Delete,ConfigMap,false
6.213445811,Regular,9,Delete,Deployment,false
6.222579506,Regular,14,Create,Deployment,false
6.236806125,Regular,13,Create,ConfigMap,false
6.249999269,Regular,18,Update,Deployment,false
6.268677727,Regular,8,Delete,ConfigMap,false
6.277451635,Regular,7,Delete,Deployment,false
6.284724173,Regular,22,Create,Deployment,false
6.307169425,Regular,16,Create,ConfigMap,false
6.323283837,Regular,25,Update,Deployment,false
6.34876595,Regular,15,Delete,ConfigMap,false
6.364663392,Regular,16,Delete,Deployment,false
6.381241412,Regular,16,Create,Deployment,false
6.398220243,Regular,13,Create,ConfigMap,false
6.411631471,Regular,14,Update,Deployment,false
6.426064529,Regular,13,Delete,ConfigMap,false
6.4391142,Regular,15,Delete,Deployment,false
6.454421941,Regular,11,Create,Deployment,false
6.466389413,Regular,18,Create,ConfigMap,false
6.48534043,Regular,15,Update,Deployment,false
6.501185638,Regular,11,Delete,ConfigMap,false
6.512767145,Regular,12,Delete,Deployment,false
6.525641404,Regular,12,Create,Deployment,false
6.537949396,Regular,14,Create,ConfigMap,false
6.552756838,Regular,17,Update,Deployment,false
6.570741837,Regular,9,Delete,ConfigMap,false
6.579975374,Regular,9,Delete,Deployment,false
6.589463636,Regular,13,Create,Deployment,false
6.6027846310000005,Regular,21,Create,ConfigMap,false
6.624095966,Regular,16,Update,Deployment,false
6.641065228,Regular,15,Delete,ConfigMap,false
6.656536661,Regular,11,Delete,Deployment,false
6.668169924,Regular,15,Create,Deployment,false
6.6835198,Regular,11,Create,ConfigMap,false
6.695131517,Regular,14,Update,Deployment,false
6.70991815,Regular,6,Delete,ConfigMap,false
6.716120505,Regular,7,Delete,Deployment,false
6.723977873,Regular,14,Create,Deployment,false
6.738357387,Regular,15,Create,ConfigMap,false
6.753764726,Regular,15,Update,Deployment,false
6.769332713,Regular,11,Delete,ConfigMap,false
6.78058878,Regular,11,Delete,Deployment,false
6.791742567,Regular,21,Create,Deployment,false
6.81308908,Regular,14,Create,ConfigMap,false
6.827267582,Regular,12,Update,Deployment,false
6.839675296,Regular,6,Delete,ConfigMap,false
6.845886258,Regular,12,Delete,Deployment,false
6.8586723,Regular,21,Create,Deployment,false
6.880307968,Regular,21,Create,ConfigMap,false
6.90163557,Regular,13,Update,Deployment,false
6.915468066,Regular,14,Delete,ConfigMap,false
6.929593248,Regular,15,Delete,Deployment,false
6.945295807,Regular,10,Create,Deployment,false
6.955728563,Regular,15,Create,ConfigMap,false
6.971186443,Regular,16,Update,Deployment,false
6.988144335,Regular,7,Delete,ConfigMap,false
6.995908559,Regular,11,Delete,Deployment,false
6.008347423,Regular,7,Delete,ConfigMap,false
6.015415123,Regular,11,Delete,Deployment,false
6.026607046,Regular,15,Create,Deployment,false
6.041890026,Regular,13,Create,ConfigMap,false
6.055881102,Regular,19,Update,Deployment,false
6.075009094,Regular,12,Delete,ConfigMap,false
6.087434406,Regular,8,Delete,Deployment,false
6.096456948,Regular,15,Create,Deployment,false
6.112149488,Regular,13,Create,ConfigMap,false
6.125824324,Regular,19,Update,Deployment,false
6.145306859,Regular,11,Delete,ConfigMap,false
6.156553211,Regular,16,Delete,Deployment,false
6.17352597,Regular,22,Create,Deployment,false
6.195639456,Regular,16,Create,ConfigMap,false
6.212090148,Regular,14,Update,Deployment,false
6.226986425,Regular,7,Delete,ConfigMap,false
6.234016934,Regular,5,Delete,Deployment,false
6.239570049,Regular,11,Create,Deployment,false
6.250896825,Regular,12,Create,ConfigMap,false
6.263779619,Regular,16,Update,Deployment,false
6.279845671,Regular,12,Delete,ConfigMap,false
6.292332021,Regular,13,Delete,Deployment,false
6.30600579,Regular,17,Create,Deployment,false
6.323098777,Regular,16,Create,ConfigMap,false
6.339172199,Regular,20,Update,Deployment,false
6.35957369,Regular,17,Delete,ConfigMap,false
6.376708389,Regular,10,Delete,Deployment,false
6.38722776,Regular,19,Create,Deployment,false
6.407092176,Regular,18,Create,ConfigMap,false
6.425700526,Regular,28,Update,Deployment,false
6.454284461,Regular,12,Delete,ConfigMap,false
6.466473911,Regular,11,Delete,Deployment,false
6.477844067,Regular,19,Create,Deployment,false
6.497326666,Regular,10,Create,ConfigMap,false
6.508025913,Regular,11,Update,Deployment,false
6.519740892,Regular,9,Delete,ConfigMap,false
6.529365287,Regular,12,Delete,Deployment,false
6.5414905789999995,Regular,18,Create,Deployment,false
6.559530915,Regular,19,Create,ConfigMap,false
6.578659706,Regular,15,Update,Deployment,false
6.594655156,Regular,10,Delete,ConfigMap,false
6.604892023,Regular,17,Delete,Deployment,false
6.622631771,Regular,18,Create,Deployment,false
6.64089423,Regular,15,Create,ConfigMap,false
6.656163844,Regular,18,Update,Deployment,false
6.675160694,Regular,8,Delete,ConfigMap,false
6.68338659,Regular,11,Delete,Deployment,false
6.6944749869999995,Regular,17,Create,Deployment,false
6.711705558,Regular,12,Create,ConfigMap,false
6.724183237,Regular,14,Update,Deployment,false
6.738354459,Regular,8,Delete,ConfigMap,false
6.7471292389999995,Regular,10,Delete,Deployment,false
6.757188323,Regular,11,Create,Deployment,false
6.769082078,Regular,16,Create,ConfigMap,false
6.786076154,Regular,17,Update,Deployment,false
6.803129899,Regular,9,Delete,ConfigMap,false
6.81222296,Regular,8,Delete,Deployment,false
6.821062087,Regular,12,Create,Deployment,false
6.833407329,Regular,10,Create,ConfigMap,false
6.844350185,Regular,15,Update,Deployment,false
6.860128668,Regular,18,Delete,ConfigMap,false
6.878773459,Regular,21,Delete,Deployment,false
6.900484595,Regular,14,Create,Deployment,false
6.914594549,Regular,18,Create,ConfigMap,false
6.932721719,Regular,17,Update,Deployment,false
6.95020593,Regular,14,Delete,ConfigMap,false
6.964788731,Regular,9,Delete,Deployment,false
6.974218274,Regular,13,Create,Deployment,false
6.988187832,Regular,12,Create,ConfigMap,false
7.000301732,Regular,12,Update,Deployment,false
7.013192155,Regular,7,Delete,ConfigMap,false
7.020593606,Regular,17,Delete,Deployment,false
7.003429121,Regular,7,Create,ConfigMap,false
7.011179116,Regular,20,Update,Deployment,false
7.03169479,Regular,13,Delete,ConfigMap,false
7.045519226,Regular,10,Delete,Deployment,false
7.055805761,Regular,20,Create,Deployment,false
7.07614357,Regular,11,Create,ConfigMap,false
7.087996034,Regular,22,Update,Deployment,false
7.110294322,Regular,9,Delete,ConfigMap,false
7.119465661,Regular,16,Delete,Deployment,false
7.13563192,Regular,18,Create,Deployment,false
7.15378359,Regular,10,Create,ConfigMap,false
7.164498099,Regular,35,Update,Deployment,false
7.199742955,Regular,13,Delete,ConfigMap,false
7.213188936,Regular,12,Delete,Deployment,false
7.225587621,Regular,12,Create,Deployment,false
7.237643525,Regular,22,Create,ConfigMap,false
7.259964528,Regular,22,Update,Deployment,false
7.282978915,Regular,12,Delete,ConfigMap,false
7.295106611,Regular,11,Delete,Deployment,false
7.306382296,Regular,17,Create,Deployment,false
7.324043905,Regular,27,Create,ConfigMap,false
7.351994851,Regular,29,Update,Deployment,false
7.381147526,Regular,19,Delete,ConfigMap,false
7.400417837,Regular,16,Delete,Deployment,false
7.41658771,Regular,21,Create,Deployment,false
7.438534655,Regular,19,Create,ConfigMap,false
7.457714664,Regular,23,Update,Deployment,false
7.480855368,Regular,13,Delete,ConfigMap,false
7.494278271,Regular,12,Delete,Deployment,false
7.507022931,Regular,37,Create,Deployment,false
7.544545199,Regular,51,Create,ConfigMap,false
7.595932279,Regular,24,Update,Deployment,false
7.620368512,Regular,32,Delete,ConfigMap,false
7.65272104,Regular,7,Delete,Deployment,false
7.660375535,Regular,44,Create,Deployment,false
7.704808266,Regular,22,Create,ConfigMap,false
7.727487797,Regular,24,Update,Deployment,false
7.751657627,Regular,19,Delete,ConfigMap,false
7.77130801,Regular,16,Delete,Deployment,false
7.787612092,Regular,22,Create,Deployment,false
7.809809873,Regular,40,Create,ConfigMap,false
7.850260593,Regular,43,Update,Deployment,false
7.893522268,Regular,8,Delete,ConfigMap,false
7.901790098,Regular,16,Delete,Deployment,false
7.918682024,Regular,24,Create,Deployment,false
7.943038628,Regular,27,Create,ConfigMap,false
7.970237841,Regular,39,Update,Deployment,false
7.007500572,Regular,15,Create,Deployment,false
7.022593738,Regular,18,Create,ConfigMap,false
7.041350786,Regular,17,Update,Deployment,false
7.059319585,Regular,9,Delete,ConfigMap,false
7.069112912,Regular,8,Delete,Deployment,false
7.077199415,Regular,9,Create,Deployment,false
7.086701538,Regular,25,Create,ConfigMap,false
7.111856302,Regular,16,Update,Deployment,false
7.128173524,Regular,11,Delete,ConfigMap,false
7.139370856,Regular,14,Delete,Deployment,false
7.153846222,Regular,29,Create,Deployment,false
7.18362689,Regular,24,Create,ConfigMap,false
7.208420451,Regular,23,Update,Deployment,false
7.231754502,Regular,14,Delete,ConfigMap,false
7.24645412,Regular,18,Delete,Deployment,false
7.265462308,Regular,13,Create,Deployment,false
7.27919191,Regular,19,Create,ConfigMap,false
7.298555674,Regular,30,Update,Deployment,false
7.329367352,Regular,14,Delete,ConfigMap,false
7.343557876,Regular,17,Delete,Deployment,false
7.361451195,Regular,24,Create,Deployment,false
7.386445369,Regular,12,Create,ConfigMap,false
7.399376777,Regular,22,Update,Deployment,false
7.422086923,Regular,16,Delete,ConfigMap,false
7.439062408,Regular,13,Delete,Deployment,false
7.452927188,Regular,25,Create,Deployment,false
7.478950023,Regular,15,Create,ConfigMap,false
7.493971105,Regular,30,Update,Deployment,false
7.524060425,Regular,17,Delete,ConfigMap,false
7.542076076,Regular,54,Delete,Deployment,false
7.596237916,Regular,41,Create,Deployment,false
7.63798423,Regular,20,Create,ConfigMap,false
7.658301755,Regular,16,Update,Deployment,false
7.675331744,Regular,14,Delete,ConfigMap,false
7.689958527,Regular,27,Delete,Deployment,false
7.717855473,Regular,17,Create,Deployment,false
7.7350043710000005,Regular,18,Create,ConfigMap,false
7.75305125,Regular,28,Update,Deployment,false
7.781452062,Regular,19,Delete,ConfigMap,false
7.800845661,Regular,16,Delete,Deployment,false
7.817040467,Regular,40,Create,Deployment,false
7.858012193,Regular,34,Create,ConfigMap,false
7.892066338,Regular,15,Update,Deployment,false
7.907679761,Regular,19,Delete,ConfigMap,false
7.926990379,Regular,22,Delete,Deployment,false
7.949960915,Regular,18,Create,Deployment,false
7.968831029,Regular,42,Create,ConfigMap,false
7.007520046,Regular,16,Create,Deployment,false
7.023911342,Regular,17,Create,ConfigMap,false
7.041067512,Regular,12,Update,Deployment,false
7.054003791,Regular,10,Delete,ConfigMap,false
7.065063283,Regular,6,Delete,Deployment,false
7.072040627,Regular,14,Create,Deployment,false
7.087005316,Regular,25,Create,ConfigMap,false
7.112407062,Regular,17,Update,Deployment,false
7.130271661,Regular,9,Delete,ConfigMap,false
7.139493831,Regular,10,Delete,Deployment,false
7.15045746,Regular,14,Create,Deployment,false
7.164973402,Regular,26,Create,ConfigMap,false
7.191274937,Regular,18,Update,Deployment,false
7.209390591,Regular,16,Delete,ConfigMap,false
7.225454647,Regular,13,Delete,Deployment,false
7.238955542,Regular,21,Create,Deployment,false
7.260480671,Regular,13,Create,ConfigMap,false
7.274126929,Regular,23,Update,Deployment,false
7.297350631,Regular,24,Delete,ConfigMap,false
7.322255082,Regular,21,Delete,Deployment,false
7.34330404,Regular,30,Create,Deployment,false
7.374000562,Regular,18,Create,ConfigMap,false
7.3926197160000005,Regular,29,Update,Deployment,false
7.422071059,Regular,16,Delete,ConfigMap,false
7.43890773,Regular,18,Delete,Deployment,false
7.457011718,Regular,31,Create,Deployment,false
7.489044515,Regular,32,Create,ConfigMap,false
7.5216331929999996,Regular,24,Update,Deployment,false
7.546107704,Regular,40,Delete,ConfigMap,false
7.586487644,Regular,26,Delete,Deployment,false
7.613370818,Regular,34,Create,Deployment,false
7.648331813,Regular,18,Create,ConfigMap,false
7.667046355,Regular,37,Update,Deployment,false
7.70473663,Regular,8,Delete,ConfigMap,false
7.7133592140000005,Regular,12,Delete,Deployment,false
7.725826576,Regular,19,Create,Deployment,false
7.745634024,Regular,25,Create,ConfigMap,false
7.770973895,Regular,24,Update,Deployment,false
7.795369516,Regular,12,Delete,ConfigMap,false
7.8082508,Regular,35,Delete,Deployment,false
7.843458031,Regular,50,Create,Deployment,false
7.893709401,Regular,12,Create,ConfigMap,false
7.906586201,Regular,25,Update,Deployment,false
7.932595648,Regular,16,Delete,ConfigMap,false
7.94876939,Regular,16,Delete,Deployment,false
7.965420794,Regular,47,Create,Deployment,false
7.003193508,Regular,8,Delete,ConfigMap,false
7.01158968,Regular,9,Delete,Deployment,false
7.021147947,Regular,17,Create,Deployment,false
7.038995889,Regular,15,Create,ConfigMap,false
7.054299708,Regular,16,Update,Deployment,false
7.07123197,Regular,11,Delete,ConfigMap,false
7.082367967,Regular,5,Delete,Deployment,false
7.088069519,Regular,21,Create,Deployment,false
7.109790897,Regular,16,Create,ConfigMap,false
7.126005996,Regular,18,Update,Deployment,false
7.144498632,Regular,10,Delete,ConfigMap,false
7.155509065,Regular,12,Delete,Deployment,false
7.168082406,Regular,29,Create,Deployment,false
7.19779738,Regular,9,Create,ConfigMap,false
7.207789235,Regular,18,Update,Deployment,false
7.225907863,Regular,13,Delete,ConfigMap,false
7.23908639,Regular,15,Delete,Deployment,false
7.254518506,Regular,21,Create,Deployment,false
7.275920398,Regular,22,Create,ConfigMap,false
7.298891774,Regular,16,Update,Deployment,false
7.31590833,Regular,24,Delete,ConfigMap,false
7.340820634,Regular,16,Delete,Deployment,false
7.357129778,Regular,23,Create,Deployment,false
7.380763426,Regular,17,Create,ConfigMap,false
7.398308388,Regular,18,Update,Deployment,false
7.417264627,Regular,21,Delete,ConfigMap,false
7.438845228,Regular,18,Delete,Deployment,false
7.457646967,Regular,23,Create,Deployment,false
7.481561292,Regular,13,Create,ConfigMap,false
7.494638185,Regular,28,Update,Deployment,false
7.523202486,Regular,19,Delete,ConfigMap,false
7.543026739,Regular,53,Delete,Deployment,false
7.596616956,Regular,40,Create,Deployment,false
7.636686835,Regular,17,Create,ConfigMap,false
7.654325436,Regular,13,Update,Deployment,false
7.667402675,Regular,16,Delete,ConfigMap,false
7.683727988,Regular,30,Delete,Deployment,false
7.714567786,Regular,13,Create,Deployment,false
7.727783636,Regular,17,Create,ConfigMap,false
7.7454492120000005,Regular,27,Update,Deployment,false
7.772536155,Regular,15,Delete,ConfigMap,false
7.787767329,Regular,17,Delete,Deployment,false
7.8056402,Regular,38,Create,Deployment,false
7.844517898,Regular,39,Create,ConfigMap,false
7.883788583,Regular,16,Update,Deployment,false
7.89983075,Regular,20,Delete,ConfigMap,false
7.920238129,Regular,22,Delete,Deployment,false
7.943180783,Regular,26,Create,Deployment,false
7.9692247179999995,Regular,43,Create,ConfigMap,false
7.007617128,Regular,17,Create,Deployment,false
7.025560498,Regular,12,Create,ConfigMap,false
7.038269029,Regular,14,Update,Deployment,false
7.052433356,Regular,10,Delete,ConfigMap,false
7.062941671,Regular,8,Delete,Deployment,false
7.071483467,Regular,16,Create,Deployment,false
7.087925696,Regular,26,Create,ConfigMap,false
7.114044314,Regular,16,Update,Deployment,false
7.130650207,Regular,8,Delete,ConfigMap,false
7.139017068,Regular,14,Delete,Deployment,false
7.15365985,Regular,18,Create,Deployment,false
7.171789626,Regular,28,Create,ConfigMap,false
7.200541709,Regular,21,Update,Deployment,false
7.222266855,Regular,12,Delete,ConfigMap,false
7.234620338,Regular,9,Delete,Deployment,false
7.244165552,Regular,20,Create,Deployment,false
7.26440045,Regular,17,Create,ConfigMap,false
7.28225219,Regular,16,Update,Deployment,false
7.298938283,Regular,13,Delete,ConfigMap,false
7.312377593,Regular,22,Delete,Deployment,false
7.334405912,Regular,23,Create,Deployment,false
7.358397388,Regular,21,Create,ConfigMap,false
7.380215692,Regular,18,Update,Deployment,false
7.398270952,Regular,11,Delete,ConfigMap,false
7.410215444,Regular,15,Delete,Deployment,false
7.425245883,Regular,22,Create,Deployment,false
7.447913433,Regular,15,Create,ConfigMap,false
7.463348184,Regular,33,Update,Deployment,false
7.496505222,Regular,33,Delete,ConfigMap,false
7.530185932,Regular,38,Delete,Deployment,false
7.56822997,Regular,28,Create,Deployment,false
7.597079325,Regular,24,Create,ConfigMap,false
7.621639882,Regular,28,Update,Deployment,false
7.650049928,Regular,11,Delete,ConfigMap,false
7.661845841,Regular,10,Delete,Deployment,false
7.672792699,Regular,31,Create,Deployment,false
7.7046531940000005,Regular,17,Create,ConfigMap,false
7.721927785,Regular,18,Update,Deployment,false
7.740729064,Regular,12,Delete,ConfigMap,false
7.7529851,Regular,22,Delete,Deployment,false
7.77559397,Regular,25,Create,Deployment,false
7.801233021,Regular,31,Create,ConfigMap,false
7.832631199,Regular,27,Update,Deployment,false
7.860034757,Regular,38,Delete,ConfigMap,false
7.898361895,Regular,15,Delete,Deployment,false
7.91382726,Regular,19,Create,Deployment,false
7.933077508,Regular,25,Create,ConfigMap,false
7.959027087,Regular,33,Update,Deployment,false
7.992466942,Regular,23,Delete,ConfigMap,false
7.037826702,Regular,9,Create,Deployment,false
7.046905318,Regular,20,Create,ConfigMap,false
7.067661824,Regular,15,Update,Deployment,false
7.083098307,Regular,13,Delete,ConfigMap,false
7.096242161,Regular,13,Delete,Deployment,false
7.109801053,Regular,13,Create,Deployment,false
7.12362024,Regular,11,Create,ConfigMap,false
7.13493742,Regular,19,Update,Deployment,false
7.154707835,Regular,9,Delete,ConfigMap,false
7.164723806,Regular,32,Delete,Deployment,false
7.197720657,Regular,20,Create,Deployment,false
7.217918991,Regular,21,Create,ConfigMap,false
7.239100145,Regular,13,Update,Deployment,false
7.252197493,Regular,9,Delete,ConfigMap,false
7.261584399,Regular,21,Delete,Deployment,false
7.282735485,Regular,15,Create,Deployment,false
7.298586639,Regular,16,Create,ConfigMap,false
7.314921276,Regular,31,Update,Deployment,false
7.346723494,Regular,17,Delete,ConfigMap,false
7.364184827,Regular,16,Delete,Deployment,false
7.381052109,Regular,22,Create,Deployment,false
7.403569184,Regular,24,Create,ConfigMap,false
7.428320369,Regular,24,Update,Deployment,false
7.453326712,Regular,8,Delete,ConfigMap,false
7.461934624,Regular,18,Delete,Deployment,false
7.480075543,Regular,21,Create,Deployment,false
7.501994318,Regular,40,Create,ConfigMap,false
7.542764096,Regular,39,Update,Deployment,false
7.582405234,Regular,15,Delete,ConfigMap,false
7.598053733,Regular,23,Delete,Deployment,false
7.621750391,Regular,27,Create,Deployment,false
7.6491717,Regular,18,Create,ConfigMap,false
7.667576375,Regular,37,Update,Deployment,false
7.704806393,Regular,15,Delete,ConfigMap,false
7.720592826,Regular,14,Delete,Deployment,false
7.734639348,Regular,10,Create,Deployment,false
7.745592644,Regular,16,Create,ConfigMap,false
7.762377115,Regular,18,Update,Deployment,false
7.78098215,Regular,19,Delete,ConfigMap,false
7.801006024,Regular,14,Delete,Deployment,false
7.815750688,Regular,56,Create,Deployment,false
7.871941284,Regular,26,Create,ConfigMap,false
7.898933646,Regular,20,Update,Deployment,false
7.919022934,Regular,23,Delete,ConfigMap,false
7.942615195,Regular,19,Delete,Deployment,false
7.962444502,Regular,37,Create,Deployment,false
8.000089889,Regular,19,Create,ConfigMap,false
7.007585539,Regular,23,Update,Deployment,false
7.031378614,Regular,10,Delete,ConfigMap,false
7.041555289,Regular,9,Delete,Deployment,false
7.050892158,Regular,20,Create,Deployment,false
7.0709972,Regular,12,Create,ConfigMap,false
7.083516436,Regular,11,Update,Deployment,false
7.095184905,Regular,17,Delete,ConfigMap,false
7.112608053,Regular,13,Delete,Deployment,false
7.126547884,Regular,17,Create,Deployment,false
7.144118958,Regular,13,Create,ConfigMap,false
7.157538445,Regular,15,Update,Deployment,false
7.173498738,Regular,26,Delete,ConfigMap,false
7.200078187,Regular,17,Delete,Deployment,false
7.217422559,Regular,21,Create,Deployment,false
7.239225922,Regular,15,Create,ConfigMap,false
7.254418236,Regular,20,Update,Deployment,false
7.275398292,Regular,14,Delete,ConfigMap,false
7.289759764,Regular,15,Delete,Deployment,false
7.305097896,Regular,24,Create,Deployment,false
7.329414397,Regular,20,Create,ConfigMap,false
7.349767703,Regular,23,Update,Deployment,false
7.373635646,Regular,10,Delete,ConfigMap,false
7.384590409,Regular,14,Delete,Deployment,false
7.399574311,Regular,30,Create,Deployment,false
7.429743274,Regular,23,Create,ConfigMap,false
7.453383175,Regular,22,Update,Deployment,false
7.476071648,Regular,14,Delete,ConfigMap,false
7.49023949,Regular,11,Delete,Deployment,false
7.501674766,Regular,34,Create,Deployment,false
7.535907224,Regular,23,Create,ConfigMap,false
7.558999783,Regular,39,Update,Deployment,false
7.598221152,Regular,23,Delete,ConfigMap,false
7.621613671,Regular,22,Delete,Deployment,false
7.64448765,Regular,14,Create,Deployment,false
7.659525445,Regular,15,Create,ConfigMap,false
7.675043488,Regular,39,Update,Deployment,false
7.714748221,Regular,19,Delete,ConfigMap,false
7.7344466149999995,Regular,21,Delete,Deployment,false
7.75655789,Regular,25,Create,Deployment,false
7.78191361,Regular,18,Create,ConfigMap,false
7.800410781,Regular,44,Update,Deployment,false
7.844712866,Regular,24,Delete,ConfigMap,false
7.868841452,Regular,30,Delete,Deployment,false
7.899665963,Regular,18,Create,Deployment,false
7.918662214,Regular,30,Create,ConfigMap,false
7.948783363,Regular,25,Update,Deployment,false
7.973852629,Regular,23,Delete,ConfigMap,false
7.9976445290000004,Regular,23,Delete,Deployment,false
7.007040019,Regular,13,Update,Deployment,false
7.020624118,Regular,16,Delete,ConfigMap,false
7.037350426,Regular,8,Delete,Deployment,false
7.046208441,Regular,24,Create,Deployment,false
7.071091635,Regular,11,Create,ConfigMap,false
7.082857682,Regular,12,Update,Deployment,false
7.095088755,Regular,15,Delete,ConfigMap,false
7.111043328,Regular,14,Delete,Deployment,false
7.125408916,Regular,10,Create,Deployment,false
7.135578507,Regular,12,Create,ConfigMap,false
7.14761346,Regular,17,Update,Deployment,false
7.164832632,Regular,13,Delete,ConfigMap,false
7.178493544,Regular,19,Delete,Deployment,false
7.198051684,Regular,19,Create,Deployment,false
7.217192916,Regular,17,Create,ConfigMap,false
7.23460135,Regular,20,Update,Deployment,false
7.254728321,Regular,17,Delete,ConfigMap,false
7.272555918,Regular,16,Delete,Deployment,false
7.289523717,Regular,15,Create,Deployment,false
7.304792443,Regular,24,Create,ConfigMap,false
7.329133981,Regular,24,Update,Deployment,false
7.354052399,Regular,17,Delete,ConfigMap,false
7.3720721319999996,Regular,13,Delete,Deployment,false
7.385788698,Regular,20,Create,Deployment,false
7.405902307,Regular,35,Create,ConfigMap,false
7.441072353,Regular,16,Update,Deployment,false
7.457884381,Regular,18,Delete,ConfigMap,false
7.476086391,Regular,12,Delete,Deployment,false
7.488267199,Regular,40,Create,Deployment,false
7.528738328,Regular,30,Create,ConfigMap,false
7.559011771,Regular,39,Update,Deployment,false
7.5987637,Regular,22,Delete,ConfigMap,false
7.621597207,Regular,24,Delete,Deployment,false
7.646576088,Regular,19,Create,Deployment,false
7.666293824,Regular,18,Create,ConfigMap,false
7.685131971,Regular,33,Update,Deployment,false
7.71881049,Regular,16,Delete,ConfigMap,false
7.735766445,Regular,19,Delete,Deployment,false
7.75508699,Regular,27,Create,Deployment,false
7.782345033,Regular,24,Create,ConfigMap,false
7.806899831,Regular,37,Update,Deployment,false
7.844433661,Regular,20,Delete,ConfigMap,false
7.8653502809999996,Regular,28,Delete,Deployment,false
7.893470848,Regular,17,Create,Deployment,false
7.910821617,Regular,22,Create,ConfigMap,false
7.933597545,Regular,25,Update,Deployment,false
7.958779367,Regular,24,Delete,ConfigMap,false
7.983765765,Regular,16,Delete,Deployment,false
8.000420532,Regular,20,Create,Deployment,false
7.005249188,Regular,9,Delete,ConfigMap,false
7.014341288,Regular,13,Delete,Deployment,false
7.028044882,Regular,9,Create,Deployment,false
7.037620532,Regular,13,Create,ConfigMap,false
7.050759425,Regular,20,Update,Deployment,false
7.07182478,Regular,10,Delete,ConfigMap,false
7.08228965,Regular,11,Delete,Deployment,false
7.093426801,Regular,19,Create,Deployment,false
7.113459072,Regular,12,Create,ConfigMap,false
7.125549753,Regular,18,Update,Deployment,false
7.14448218,Regular,13,Delete,ConfigMap,false
7.158465794,Regular,8,Delete,Deployment,false
7.167046929,Regular,31,Create,Deployment,false
7.199026203,Regular,17,Create,ConfigMap,false
7.217047736,Regular,16,Update,Deployment,false
7.23338573,Regular,7,Delete,ConfigMap,false
7.24072016,Regular,14,Delete,Deployment,false
7.254758429,Regular,20,Create,Deployment,false
7.275624987,Regular,23,Create,ConfigMap,false
7.298742666,Regular,30,Update,Deployment,false
7.328916437,Regular,24,Delete,ConfigMap,false
7.353240287,Regular,20,Delete,Deployment,false
7.373626469,Regular,17,Create,Deployment,false
7.391162664,Regular,12,Create,ConfigMap,false
7.403873235,Regular,24,Update,Deployment,false
7.428184643,Regular,15,Delete,ConfigMap,false
7.44404114,Regular,20,Delete,Deployment,false
7.464554056,Regular,25,Create,Deployment,false
7.489883662,Regular,35,Create,ConfigMap,false
7.525904333,Regular,17,Update,Deployment,false
7.543077304,Regular,36,Delete,ConfigMap,false
7.579559034,Regular,33,Delete,Deployment,false
7.613214832,Regular,34,Create,Deployment,false
7.6481969979999995,Regular,17,Create,ConfigMap,false
7.665747669,Regular,38,Update,Deployment,false
7.70451037,Regular,16,Delete,ConfigMap,false
7.720940853,Regular,18,Delete,Deployment,false
7.739847747,Regular,31,Create,Deployment,false
7.771748866,Regular,14,Create,ConfigMap,false
7.786468372,Regular,17,Update,Deployment,false
7.803745524,Regular,29,Delete,ConfigMap,false
7.832924447,Regular,28,Delete,Deployment,false
7.861829132,Regular,31,Create,Deployment,false
7.893559955,Regular,27,Create,ConfigMap,false
7.920659989,Regular,28,Update,Deployment,false
7.949115443,Regular,17,Delete,ConfigMap,false
7.966735539,Regular,33,Delete,Deployment,false
8.000518569,Regular,21,Create,Deployment,false
7.00756914,Regular,24,Create,Deployment,false
7.031837547,Regular,13,Create,ConfigMap,false
7.045637153,Regular,25,Update,Deployment,false
7.071112337,Regular,12,Delete,ConfigMap,false
7.083319696,Regular,10,Delete,Deployment,false
7.094252949,Regular,20,Create,Deployment,false
7.114842168,Regular,10,Create,ConfigMap,false
7.124925813,Regular,18,Update,Deployment,false
7.143646383,Regular,8,Delete,ConfigMap,false
7.152399499,Regular,13,Delete,Deployment,false
7.165712771,Regular,33,Create,Deployment,false
7.199408824,Regular,17,Create,ConfigMap,false
7.217144402,Regular,15,Update,Deployment,false
7.232762435,Regular,7,Delete,ConfigMap,false
7.239953085,Regular,7,Delete,Deployment,false
7.247510224,Regular,20,Create,Deployment,false
7.267900803,Regular,16,Create,ConfigMap,false
7.284334052,Regular,18,Update,Deployment,false
7.30313533,Regular,24,Delete,ConfigMap,false
7.327262961,Regular,19,Delete,Deployment,false
7.34673068,Regular,27,Create,Deployment,false
7.374138954,Regular,19,Create,ConfigMap,false
7.393557605,Regular,28,Update,Deployment,false
7.422198462,Regular,16,Delete,ConfigMap,false
7.43919043,Regular,13,Delete,Deployment,false
7.452831437,Regular,23,Create,Deployment,false
7.476839731,Regular,17,Create,ConfigMap,false
7.494393785,Regular,28,Update,Deployment,false
7.523021396,Regular,19,Delete,ConfigMap,false
7.54259873,Regular,54,Delete,Deployment,false
7.597275273,Regular,40,Create,Deployment,false
7.637542786,Regular,19,Create,ConfigMap,false
7.657569989,Regular,19,Update,Deployment,false
7.677451219,Regular,21,Delete,ConfigMap,false
7.69868419,Regular,11,Delete,Deployment,false
7.710689258,Regular,16,Create,Deployment,false
7.727648928,Regular,17,Create,ConfigMap,false
7.744894287,Regular,30,Update,Deployment,false
7.775256262,Regular,8,Delete,ConfigMap,false
7.783923308,Regular,17,Delete,Deployment,false
7.801474391,Regular,42,Create,Deployment,false
7.84401481,Regular,49,Create,ConfigMap,false
7.893785386,Regular,24,Update,Deployment,false
7.9186312260000005,Regular,21,Delete,ConfigMap,false
7.939755892,Regular,18,Delete,Deployment,false
7.958192491,Regular,34,Create,Deployment,false
7.992685917,Regular,26,Create,ConfigMap,false
8.019549083,Regular,36,Update,Deployment,false
8.056027041,Regular,25,Delete,ConfigMap,false
8.022262891,Regular,58,Create,ConfigMap,false
8.081261813,Regular,25,Update,Deployment,false
8.106915646,Regular,12,Delete,ConfigMap,false
8.119096005,Regular,16,Delete,Deployment,false
8.135882596,Regular,21,Create,Deployment,false
8.15706941,Regular,16,Create,ConfigMap,false
8.173991571,Regular,23,Update,Deployment,false
8.19723804,Regular,11,Delete,ConfigMap,false
8.208742629,Regular,9,Delete,Deployment,false
8.217884776,Regular,18,Create,Deployment,false
8.236294338,Regular,14,Create,ConfigMap,false
8.25080828,Regular,11,Update,Deployment,false
8.262256012,Regular,11,Delete,ConfigMap,false
8.273450453,Regular,15,Delete,Deployment,false
8.288955999,Regular,17,Create,Deployment,false
8.306605962999999,Regular,13,Create,ConfigMap,false
8.32037211,Regular,19,Update,Deployment,false
8.339556304,Regular,19,Delete,ConfigMap,false
8.358684047,Regular,9,Delete,Deployment,false
8.368309912,Regular,24,Create,Deployment,false
8.393145684,Regular,23,Create,ConfigMap,false
8.41644957,Regular,11,Update,Deployment,false
8.428079652,Regular,14,Delete,ConfigMap,false
8.442943635,Regular,15,Delete,Deployment,false
8.45845716,Regular,24,Create,Deployment,false
8.48288094,Regular,16,Create,ConfigMap,false
8.498992591,Regular,18,Update,Deployment,false
8.517515006,Regular,13,Delete,ConfigMap,false
8.531474082999999,Regular,15,Delete,Deployment,false
8.547081229,Regular,24,Create,Deployment,false
8.571766553,Regular,19,Create,ConfigMap,false
8.591164114,Regular,26,Update,Deployment,false
8.617962175,Regular,18,Delete,ConfigMap,false
8.636212199,Regular,10,Delete,Deployment,false
8.646954906,Regular,21,Create,Deployment,false
8.668414024,Regular,16,Create,ConfigMap,false
8.684695183,Regular,17,Update,Deployment,false
8.702519959,Regular,15,Delete,ConfigMap,false
8.717540421,Regular,14,Delete,Deployment,false
8.731970884999999,Regular,19,Create,Deployment,false
8.751368595,Regular,26,Create,ConfigMap,false
8.777763409,Regular,19,Update,Deployment,false
8.797483101,Regular,9,Delete,ConfigMap,false
8.807026092,Regular,17,Delete,Deployment,false
8.824099731,Regular,19,Create,Deployment,false
8.843405451,Regular,24,Create,ConfigMap,false
8.868135077,Regular,18,Update,Deployment,false
8.886640219,Regular,12,Delete,ConfigMap,false
8.899280826,Regular,13,Delete,Deployment,false
8.912384947,Regular,18,Create,Deployment,false
8.931406073,Regular,14,Create,ConfigMap,false
8.946397352,Regular,24,Update,Deployment,false
8.970592375,Regular,32,Delete,ConfigMap,false
8.011583399,Regular,43,Update,Deployment,false
8.055383715,Regular,27,Delete,ConfigMap,false
8.082480843999999,Regular,15,Delete,Deployment,false
8.097650391,Regular,14,Create,Deployment,false
8.112543656,Regular,18,Create,ConfigMap,false
8.131495907,Regular,18,Update,Deployment,false
8.150448192,Regular,8,Delete,ConfigMap,false
8.159194319,Regular,12,Delete,Deployment,false
8.172081522,Regular,19,Create,Deployment,false
8.191402654000001,Regular,14,Create,ConfigMap,false
8.205876107,Regular,16,Update,Deployment,false
8.222215219,Regular,10,Delete,ConfigMap,false
8.232937641,Regular,17,Delete,Deployment,false
8.250718159,Regular,24,Create,Deployment,false
8.274949932,Regular,9,Create,ConfigMap,false
8.284389758,Regular,17,Update,Deployment,false
8.301568582,Regular,15,Delete,ConfigMap,false
8.316784013,Regular,10,Delete,Deployment,false
8.32727554,Regular,18,Create,Deployment,false
8.345688131,Regular,13,Create,ConfigMap,false
8.359045594,Regular,21,Update,Deployment,false
8.380521346,Regular,22,Delete,ConfigMap,false
8.403021673,Regular,12,Delete,Deployment,false
8.415991632,Regular,12,Create,Deployment,false
8.428662242,Regular,21,Create,ConfigMap,false
8.450441628,Regular,24,Update,Deployment,false
8.474876167,Regular,13,Delete,ConfigMap,false
8.488095755,Regular,12,Delete,Deployment,false
8.500340351,Regular,18,Create,Deployment,false
8.518794809,Regular,14,Create,ConfigMap,false
8.533093796,Regular,22,Update,Deployment,false
8.555544536,Regular,20,Delete,ConfigMap,false
8.576521478,Regular,13,Delete,Deployment,false
8.5897801,Regular,22,Create,Deployment,false
8.6120623,Regular,17,Create,ConfigMap,false
8.629597051,Regular,17,Update,Deployment,false
8.647576499,Regular,19,Delete,ConfigMap,false
8.667607901,Regular,16,Delete,Deployment,false
8.683832336,Regular,14,Create,Deployment,false
8.69851181,Regular,19,Create,ConfigMap,false
8.717633621000001,Regular,15,Update,Deployment,false
8.733363201,Regular,9,Delete,ConfigMap,false
8.742469215,Regular,8,Delete,Deployment,false
8.750594613,Regular,22,Create,Deployment,false
8.773442172,Regular,21,Create,ConfigMap,false
8.794640967,Regular,16,Update,Deployment,false
8.810881656,Regular,11,Delete,ConfigMap,false
8.822769105999999,Regular,16,Delete,Deployment,false
8.839129782,Regular,18,Create,Deployment,false
8.857625767,Regular,19,Create,ConfigMap,false
8.877274379,Regular,13,Update,Deployment,false
8.891035736,Regular,13,Delete,ConfigMap,false
8.904637834999999,Regular,12,Delete,Deployment,false
8.917392165999999,Regular,17,Create,Deployment,false
8.934604921,Regular,11,Create,ConfigMap,false
8.946000365,Regular,17,Update,Deployment,false
8.963801359,Regular,12,Delete,ConfigMap,false
8.976737858,Regular,29,Delete,Deployment,false
8.021467572,Regular,60,Create,ConfigMap,false
8.081737652,Regular,25,Update,Deployment,false
8.10683923,Regular,11,Delete,ConfigMap,false
8.1187619,Regular,15,Delete,Deployment,false
8.134660556,Regular,17,Create,Deployment,false
8.151927778,Regular,12,Create,ConfigMap,false
8.164917039,Regular,20,Update,Deployment,false
8.185276256,Regular,12,Delete,ConfigMap,false
8.197895625,Regular,11,Delete,Deployment,false
8.209743827,Regular,12,Create,Deployment,false
8.222069406,Regular,14,Create,ConfigMap,false
8.237008587,Regular,25,Update,Deployment,false
8.262301412,Regular,16,Delete,ConfigMap,false
8.278562432,Regular,7,Delete,Deployment,false
8.28570914,Regular,15,Create,Deployment,false
8.301061242,Regular,20,Create,ConfigMap,false
8.32174343,Regular,12,Update,Deployment,false
8.334645309,Regular,18,Delete,ConfigMap,false
8.352819728,Regular,11,Delete,Deployment,false
8.364454913,Regular,24,Create,Deployment,false
8.388786636,Regular,18,Create,ConfigMap,false
8.407523335,Regular,14,Update,Deployment,false
8.421929944,Regular,11,Delete,ConfigMap,false
8.433660695,Regular,14,Delete,Deployment,false
8.448328802,Regular,18,Create,Deployment,false
8.466946261,Regular,20,Create,ConfigMap,false
8.48760422,Regular,13,Update,Deployment,false
8.501212222,Regular,12,Delete,ConfigMap,false
8.513992334,Regular,17,Delete,Deployment,false
8.531372997,Regular,21,Create,Deployment,false
8.553138747,Regular,31,Create,ConfigMap,false
8.584364457,Regular,25,Update,Deployment,false
8.60996988,Regular,17,Delete,ConfigMap,false
8.627463724,Regular,20,Delete,Deployment,false
8.648389253,Regular,19,Create,Deployment,false
8.668222161,Regular,15,Create,ConfigMap,false
8.683645416,Regular,15,Update,Deployment,false
8.698794315,Regular,11,Delete,ConfigMap,false
8.71064839,Regular,17,Delete,Deployment,false
8.728630973,Regular,23,Create,Deployment,false
8.751953103,Regular,26,Create,ConfigMap,false
8.77849081,Regular,20,Update,Deployment,false
8.799127994,Regular,8,Delete,ConfigMap,false
8.807377361,Regular,16,Delete,Deployment,false
8.823753651,Regular,17,Create,Deployment,false
8.840899471,Regular,20,Create,ConfigMap,false
8.861097658,Regular,22,Update,Deployment,false
8.883615459,Regular,15,Delete,ConfigMap,false
8.899057801,Regular,8,Delete,Deployment,false
8.907346093,Regular,19,Create,Deployment,false
8.926983989,Regular,13,Create,ConfigMap,false
8.940640253,Regular,15,Update,Deployment,false
8.956372298,Regular,14,Delete,ConfigMap,false
8.970681303,Regular,35,Delete,Deployment,false
8.021469354,Regular,52,Create,Deployment,false
8.074194671,Regular,19,Create,ConfigMap,false
8.093883119,Regular,19,Update,Deployment,false
8.11363541,Regular,9,Delete,ConfigMap,false
8.122691849,Regular,7,Delete,Deployment,false
8.130313444,Regular,18,Create,Deployment,false
8.14889736,Regular,16,Create,ConfigMap,false
8.165266894,Regular,22,Update,Deployment,false
8.187818252,Regular,17,Delete,ConfigMap,false
8.205309804,Regular,10,Delete,Deployment,false
8.216095459,Regular,18,Create,Deployment,false
8.234584407,Regular,21,Create,ConfigMap,false
8.255901034,Regular,14,Update,Deployment,false
8.270254668,Regular,10,Delete,ConfigMap,false
8.280297898,Regular,10,Delete,Deployment,false
8.290689164,Regular,18,Create,Deployment,false
8.309283054,Regular,21,Create,ConfigMap,false
8.330664797,Regular,21,Update,Deployment,false
8.352336416,Regular,15,Delete,ConfigMap,false
8.367552885,Regular,19,Delete,Deployment,false
8.387063672,Regular,22,Create,Deployment,false
8.409187991,Regular,16,Create,ConfigMap,false
8.426067623,Regular,17,Update,Deployment,false
8.443700609,Regular,13,Delete,ConfigMap,false
8.456803308,Regular,10,Delete,Deployment,false
8.467510223,Regular,19,Create,Deployment,false
8.486889438,Regular,20,Create,ConfigMap,false
8.507530997,Regular,23,Update,Deployment,false
8.531178423,Regular,20,Delete,ConfigMap,false
8.552086276,Regular,18,Delete,Deployment,false
8.570812855,Regular,19,Create,Deployment,false
8.590235604,Regular,27,Create,ConfigMap,false
8.617538615,Regular,23,Update,Deployment,false
8.641316857,Regular,21,Delete,ConfigMap,false
8.662568272,Regular,9,Delete,Deployment,false
8.672064809,Regular,17,Create,Deployment,false
8.690013303,Regular,14,Create,ConfigMap,false
8.704718171,Regular,17,Update,Deployment,false
8.722751217,Regular,14,Delete,ConfigMap,false
8.736850408,Regular,15,Delete,Deployment,false
8.752719379,Regular,25,Create,Deployment,false
8.778534607,Regular,16,Create,ConfigMap,false
8.794946462,Regular,13,Update,Deployment,false
8.808652067,Regular,11,Delete,ConfigMap,false
8.820241806,Regular,20,Delete,Deployment,false
8.840356019,Regular,20,Create,Deployment,false
8.861144738,Regular,17,Create,ConfigMap,false
8.878322967,Regular,20,Update,Deployment,false
8.899258801,Regular,7,Delete,ConfigMap,false
8.906940478,Regular,12,Delete,Deployment,false
8.919027142000001,Regular,18,Create,Deployment,false
8.937352410999999,Regular,18,Create,ConfigMap,false
8.956352899,Regular,35,Update,Deployment,false
8.99192003,Regular,15,Delete,ConfigMap,false
8.009998056,Regular,12,Delete,ConfigMap,false
8.022302254,Regular,44,Delete,Deployment,false
8.06720798,Regular,25,Create,Deployment,false
8.092739691,Regular,18,Create,ConfigMap,false
8.111529633,Regular,17,Update,Deployment,false
8.128726069,Regular,16,Delete,ConfigMap,false
8.145633908,Regular,13,Delete,Deployment,false
8.159155045,Regular,13,Create,Deployment,false
8.173091229,Regular,17,Create,ConfigMap,false
8.190574972,Regular,16,Update,Deployment,false
8.207078315,Regular,13,Delete,ConfigMap,false
8.220764568,Regular,10,Delete,Deployment,false
8.231444475,Regular,14,Create,Deployment,false
8.245984562,Regular,15,Create,ConfigMap,false
8.261987132,Regular,20,Update,Deployment,false
8.282480012,Regular,16,Delete,ConfigMap,false
8.299317171,Regular,11,Delete,Deployment,false
8.310509963,Regular,18,Create,Deployment,false
8.328716465,Regular,18,Create,ConfigMap,false
8.34701748,Regular,22,Update,Deployment,false
8.369043099,Regular,13,Delete,ConfigMap,false
8.382763494,Regular,12,Delete,Deployment,false
8.395617964,Regular,22,Create,Deployment,false
8.417766916,Regular,17,Create,ConfigMap,false
8.434865728,Regular,22,Update,Deployment,false
8.457356792,Regular,13,Delete,ConfigMap,false
8.470779733,Regular,9,Delete,Deployment,false
8.4807687,Regular,19,Create,Deployment,false
8.500710187,Regular,18,Create,ConfigMap,false
8.519557218,Regular,21,Update,Deployment,false
8.54098174,Regular,14,Delete,ConfigMap,false
8.556055848,Regular,14,Delete,Deployment,false
8.570237269,Regular,21,Create,Deployment,false
8.592101314,Regular,26,Create,ConfigMap,false
8.618538972,Regular,22,Update,Deployment,false
8.641130254,Regular,21,Delete,ConfigMap,false
8.662772596,Regular,10,Delete,Deployment,false
8.673518752,Regular,18,Create,Deployment,false
8.691601515,Regular,17,Create,ConfigMap,false
8.709473345,Regular,22,Update,Deployment,false
8.731614359,Regular,10,Delete,ConfigMap,false
8.742113526,Regular,8,Delete,Deployment,false
8.751068084,Regular,15,Create,Deployment,false
8.766667299,Regular,18,Create,ConfigMap,false
8.784933334,Regular,17,Update,Deployment,false
8.802243153,Regular,10,Delete,ConfigMap,false
8.812606428,Regular,21,Delete,Deployment,false
8.833790005000001,Regular,21,Create,Deployment,false
8.855791544,Regular,22,Create,ConfigMap,false
8.878077207,Regular,21,Update,Deployment,false
8.900146761,Regular,8,Delete,ConfigMap,false
8.909011627,Regular,14,Delete,Deployment,false
8.923345994,Regular,12,Create,Deployment,false
8.935448129,Regular,11,Create,ConfigMap,false
8.946497603,Regular,24,Update,Deployment,false
8.971275199,Regular,23,Delete,ConfigMap,false
8.995069636,Regular,13,Delete,Deployment,false
8.013269327,Regular,21,Update,Deployment,false
8.035093322,Regular,46,Delete,ConfigMap,false
8.081425852,Regular,18,Delete,Deployment,false
8.100360095,Regular,12,Create,Deployment,false
8.113255962,Regular,22,Create,ConfigMap,false
8.136042259,Regular,21,Update,Deployment,false
8.157282412,Regular,16,Delete,ConfigMap,false
8.173625977,Regular,13,Delete,Deployment,false
8.186710284,Regular,21,Create,Deployment,false
8.208131609,Regular,14,Create,ConfigMap,false
8.222448208,Regular,20,Update,Deployment,false
8.242489394,Regular,8,Delete,ConfigMap,false
8.250744682,Regular,10,Delete,Deployment,false
8.261736462,Regular,15,Create,Deployment,false
8.27698532,Regular,11,Create,ConfigMap,false
8.288626054,Regular,27,Update,Deployment,false
8.31589929,Regular,13,Delete,ConfigMap,false
8.329903422,Regular,16,Delete,Deployment,false
8.346182414,Regular,21,Create,Deployment,false
8.367795482,Regular,34,Create,ConfigMap,false
8.402801771,Regular,15,Update,Deployment,false
8.418490252,Regular,16,Delete,ConfigMap,false
8.434877043,Regular,16,Delete,Deployment,false
8.451529933,Regular,22,Create,Deployment,false
8.474438021,Regular,19,Create,ConfigMap,false
8.493530003,Regular,15,Update,Deployment,false
8.509289119,Regular,13,Delete,ConfigMap,false
8.523257638,Regular,15,Delete,Deployment,false
8.539243024,Regular,20,Create,Deployment,false
8.560175642,Regular,23,Create,ConfigMap,false
8.583811149,Regular,27,Update,Deployment,false
8.610940789,Regular,12,Delete,ConfigMap,false
8.623904775,Regular,16,Delete,Deployment,false
8.640790456,Regular,27,Create,Deployment,false
8.667894017,Regular,20,Create,ConfigMap,false
8.688482259,Regular,15,Update,Deployment,false
8.70394229,Regular,13,Delete,ConfigMap,false
8.717397406,Regular,13,Delete,Deployment,false
8.731199445,Regular,18,Create,Deployment,false
8.74971426,Regular,19,Create,ConfigMap,false
8.769330998000001,Regular,17,Update,Deployment,false
8.787022819,Regular,12,Delete,ConfigMap,false
8.800024007,Regular,7,Delete,Deployment,false
8.808062307,Regular,15,Create,Deployment,false
8.823291946,Regular,17,Create,ConfigMap,false
8.840718566,Regular,16,Update,Deployment,false
8.857186565,Regular,20,Delete,ConfigMap,false
8.877740389,Regular,16,Delete,Deployment,false
8.894007983,Regular,15,Create,Deployment,false
8.909920541,Regular,13,Create,ConfigMap,false
8.923782326,Regular,17,Update,Deployment,false
8.941620044,Regular,22,Delete,ConfigMap,false
8.964220511,Regular,17,Delete,Deployment,false
8.982116256,Regular,28,Create,Deployment,false
8.081797364,Regular,18,Delete,Deployment,false
8.100143546,Regular,17,Create,Deployment,false
8.117591974,Regular,13,Create,ConfigMap,false
8.131593201,Regular,21,Update,Deployment,false
8.153417952,Regular,12,Delete,ConfigMap,false
8.165548685,Regular,14,Delete,Deployment,false
8.179841681,Regular,17,Create,Deployment,false
8.197103317,Regular,19,Create,ConfigMap,false
8.216457924,Regular,12,Update,Deployment,false
8.229428131,Regular,13,Delete,ConfigMap,false
8.243101717,Regular,8,Delete,Deployment,false
8.251585914,Regular,18,Create,Deployment,false
8.270518073,Regular,14,Create,ConfigMap,false
8.284790163,Regular,16,Update,Deployment,false
8.301623814,Regular,14,Delete,ConfigMap,false
8.31632487,Regular,11,Delete,Deployment,false
8.328066812,Regular,19,Create,Deployment,false
8.347170016,Regular,20,Create,ConfigMap,false
8.367696275,Regular,30,Update,Deployment,false
8.398161785,Regular,17,Delete,ConfigMap,false
8.415723972,Regular,11,Delete,Deployment,false
8.426845365,Regular,20,Create,Deployment,false
8.446987698,Regular,14,Create,ConfigMap,false
8.461872089,Regular,19,Update,Deployment,false
8.480965999,Regular,9,Delete,ConfigMap,false
8.49042288,Regular,16,Delete,Deployment,false
8.506896186,Regular,24,Create,Deployment,false
8.531082443,Regular,27,Create,ConfigMap,false
8.558802451,Regular,25,Update,Deployment,false
8.584415349,Regular,7,Delete,ConfigMap,false
8.591679054,Regular,20,Delete,Deployment,false
8.612086159,Regular,27,Create,Deployment,false
8.639315563,Regular,16,Create,ConfigMap,false
8.656043142,Regular,16,Update,Deployment,false
8.672489904,Regular,12,Delete,ConfigMap,false
8.685255325,Regular,12,Delete,Deployment,false
8.697925818,Regular,18,Create,Deployment,false
8.716204226,Regular,16,Create,ConfigMap,false
8.732640228,Regular,14,Update,Deployment,false
8.747431512,Regular,9,Delete,ConfigMap,false
8.756751567,Regular,15,Delete,Deployment,false
8.772672058,Regular,23,Create,Deployment,false
8.795821301,Regular,15,Create,ConfigMap,false
8.811487667,Regular,22,Update,Deployment,false
8.834511298,Regular,26,Delete,ConfigMap,false
8.86119577,Regular,15,Delete,Deployment,false
8.876678661,Regular,22,Create,Deployment,false
8.899698123,Regular,11,Create,ConfigMap,false
8.91127695,Regular,15,Update,Deployment,false
8.926631514,Regular,14,Delete,ConfigMap,false
8.940804656,Regular,15,Delete,Deployment,false
8.95648585,Regular,18,Create,Deployment,false
8.974580228,Regular,23,Create,ConfigMap,false
8.998501012,Regular,20,Update,Deployment,false
8.016073269,Regular,19,Delete,Deployment,false
8.035409314,Regular,49,Create,Deployment,false
8.084759979,Regular,16,Create,ConfigMap,false
8.101615934,Regular,18,Update,Deployment,false
8.119998009,Regular,11,Delete,ConfigMap,false
8.131741167,Regular,20,Delete,Deployment,false
8.15208868,Regular,13,Create,Deployment,false
8.165286351,Regular,16,Create,ConfigMap,false
8.181479986,Regular,22,Update,Deployment,false
8.204114751,Regular,12,Delete,ConfigMap,false
8.216586479,Regular,10,Delete,Deployment,false
8.227571531,Regular,21,Create,Deployment,false
8.249485874,Regular,11,Create,ConfigMap,false
8.260690796,Regular,16,Update,Deployment,false
8.276907808,Regular,8,Delete,ConfigMap,false
8.285010992,Regular,14,Delete,Deployment,false
8.299202246,Regular,22,Create,Deployment,false
8.322140762,Regular,15,Create,ConfigMap,false
8.337387669,Regular,19,Update,Deployment,false
8.356808731,Regular,15,Delete,ConfigMap,false
8.372791153,Regular,12,Delete,Deployment,false
8.385669426,Regular,20,Create,Deployment,false
8.406317215,Regular,14,Create,ConfigMap,false
8.420699471,Regular,22,Update,Deployment,false
8.442945115,Regular,13,Delete,ConfigMap,false
8.456618486,Regular,17,Delete,Deployment,false
8.473807981,Regular,18,Create,Deployment,false
8.492310083,Regular,14,Create,ConfigMap,false
8.507287011,Regular,23,Update,Deployment,false
8.530799913,Regular,21,Delete,ConfigMap,false
8.552676287,Regular,18,Delete,Deployment,false
8.571364003,Regular,20,Create,Deployment,false
8.592060094,Regular,27,Create,ConfigMap,false
8.619423347,Regular,21,Update,Deployment,false
8.641095743,Regular,14,Delete,ConfigMap,false
8.656200867999999,Regular,18,Delete,Deployment,false
8.674404476,Regular,15,Create,Deployment,false
8.690137391,Regular,18,Create,ConfigMap,false
8.708612139,Regular,29,Update,Deployment,false
8.737703591,Regular,10,Delete,ConfigMap,false
8.748232696,Regular,17,Delete,Deployment,false
8.765418085,Regular,21,Create,Deployment,false
8.787044654,Regular,18,Create,ConfigMap,false
8.805783133,Regular,12,Update,Deployment,false
8.818818008000001,Regular,16,Delete,ConfigMap,false
8.835545379,Regular,20,Delete,Deployment,false
8.855985558,Regular,22,Create,Deployment,false
8.878074087,Regular,21,Create,ConfigMap,false
8.899169261,Regular,17,Update,Deployment,false
8.917079767,Regular,14,Delete,ConfigMap,false
8.931797421,Regular,14,Delete,Deployment,false
8.945968483,Regular,23,Create,Deployment,false
8.969830662,Regular,32,Create,ConfigMap,false
9.002430937,Regular,17,Update,Deployment,false
8.012805059,Regular,17,Create,ConfigMap,false
8.03056259,Regular,55,Update,Deployment,false
8.086370042,Regular,13,Delete,ConfigMap,false
8.099847171,Regular,11,Delete,Deployment,false
8.111699162,Regular,18,Create,Deployment,false
8.130277989,Regular,15,Create,ConfigMap,false
8.146132772,Regular,16,Update,Deployment,false
8.16315465,Regular,14,Delete,ConfigMap,false
8.177253654,Regular,19,Delete,Deployment,false
8.196440655,Regular,13,Create,Deployment,false
8.210046896,Regular,19,Create,ConfigMap,false
8.229682571,Regular,14,Update,Deployment,false
8.244501302,Regular,6,Delete,ConfigMap,false
8.251309905,Regular,13,Delete,Deployment,false
8.265282719,Regular,18,Create,Deployment,false
8.283638798,Regular,13,Create,ConfigMap,false
8.297643011,Regular,13,Update,Deployment,false
8.310811198,Regular,18,Delete,ConfigMap,false
8.329380855,Regular,17,Delete,Deployment,false
8.347068944,Regular,20,Create,Deployment,false
8.368093093,Regular,33,Create,ConfigMap,false
8.401511173,Regular,15,Update,Deployment,false
8.416634326,Regular,18,Delete,ConfigMap,false
8.435163029,Regular,16,Delete,Deployment,false
8.45124653,Regular,23,Create,Deployment,false
8.475210273,Regular,23,Create,ConfigMap,false
8.499160619,Regular,16,Update,Deployment,false
8.515608898,Regular,15,Delete,ConfigMap,false
8.531192773,Regular,15,Delete,Deployment,false
8.546978204,Regular,24,Create,Deployment,false
8.571326935,Regular,19,Create,ConfigMap,false
8.591348457,Regular,28,Update,Deployment,false
8.620111644,Regular,20,Delete,ConfigMap,false
8.640759641,Regular,20,Delete,Deployment,false
8.660905385,Regular,16,Create,Deployment,false
8.677143136,Regular,10,Create,ConfigMap,false
8.687168123,Regular,9,Update,Deployment,false
8.696820863,Regular,11,Delete,ConfigMap,false
8.70852805,Regular,22,Delete,Deployment,false
8.731008193,Regular,12,Create,Deployment,false
8.743433277,Regular,21,Create,ConfigMap,false
8.764899203,Regular,26,Update,Deployment,false
8.791730586,Regular,12,Delete,ConfigMap,false
8.804355687,Regular,14,Delete,Deployment,false
8.81847612,Regular,23,Create,Deployment,false
8.841584842,Regular,19,Create,ConfigMap,false
8.860919548,Regular,17,Update,Deployment,false
8.878556143,Regular,16,Delete,ConfigMap,false
8.895323511,Regular,11,Delete,Deployment,false
8.90679574,Regular,13,Create,Deployment,false
8.920115745,Regular,13,Create,ConfigMap,false
8.933759888,Regular,17,Update,Deployment,false
8.951505395,Regular,17,Delete,ConfigMap,false
8.968889379,Regular,29,Delete,Deployment,false
8.998881112,Regular,21,Create,Deployment,false
8.01973776,Regular,35,Update,Deployment,false
8.055476293,Regular,23,Delete,ConfigMap,false
8.079498675,Regular,22,Delete,Deployment,false
8.101875634,Regular,18,Create,Deployment,false
8.120411148,Regular,20,Create,ConfigMap,false
8.140850036,Regular,17,Update,Deployment,false
8.157957799,Regular,15,Delete,ConfigMap,false
8.173446045,Regular,14,Delete,Deployment,false
8.187714073,Regular,19,Create,Deployment,false
8.207193324,Regular,15,Create,ConfigMap,false
8.222730711,Regular,19,Update,Deployment,false
8.242751773,Regular,12,Delete,ConfigMap,false
8.255663057,Regular,14,Delete,Deployment,false
8.269884896,Regular,13,Create,Deployment,false
8.283223955,Regular,16,Create,ConfigMap,false
8.30003779,Regular,15,Update,Deployment,false
8.315990836,Regular,13,Delete,ConfigMap,false
8.329125118,Regular,17,Delete,Deployment,false
8.346815444,Regular,21,Create,Deployment,false
8.367928213,Regular,28,Create,ConfigMap,false
8.396162261,Regular,18,Update,Deployment,false
8.415082296,Regular,12,Delete,ConfigMap,false
8.427359023,Regular,14,Delete,Deployment,false
8.442414269,Regular,21,Create,Deployment,false
8.463827229,Regular,17,Create,ConfigMap,false
8.481190556,Regular,19,Update,Deployment,false
8.500931687,Regular,17,Delete,ConfigMap,false
8.518491121,Regular,15,Delete,Deployment,false
8.534378568,Regular,24,Create,Deployment,false
8.559262522000001,Regular,25,Create,ConfigMap,false
8.584402346,Regular,24,Update,Deployment,false
8.609039599,Regular,17,Delete,ConfigMap,false
8.626923364,Regular,13,Delete,Deployment,false
8.640665269,Regular,16,Create,Deployment,false
8.6570562,Regular,21,Create,ConfigMap,false
8.678731836,Regular,12,Update,Deployment,false
8.691544728,Regular,16,Delete,ConfigMap,false
8.707816593,Regular,14,Delete,Deployment,false
8.722603169,Regular,20,Create,Deployment,false
8.742786857,Regular,21,Create,ConfigMap,false
8.764179929,Regular,22,Update,Deployment,false
8.787068942,Regular,13,Delete,ConfigMap,false
8.800281212,Regular,10,Delete,Deployment,false
8.810913884,Regular,23,Create,Deployment,false
8.834273715,Regular,25,Create,ConfigMap,false
8.859557858,Regular,20,Update,Deployment,false
8.880131647,Regular,18,Delete,ConfigMap,false
8.898950246,Regular,13,Delete,Deployment,false
8.912529318,Regular,13,Create,Deployment,false
8.926189974,Regular,14,Create,ConfigMap,false
8.94062432,Regular,20,Update,Deployment,false
8.961449544,Regular,13,Delete,ConfigMap,false
8.974965551,Regular,31,Delete,Deployment,false
9.006776895,Regular,16,Create,Deployment,false
9.020816738,Regular,20,Create,ConfigMap,false
9.041581854,Regular,16,Update,Deployment,false
9.057878018,Regular,10,Delete,ConfigMap,false
9.068655248,Regular,15,Delete,Deployment,false
9.084374912,Regular,16,Create,Deployment,false
9.100722591,Regular,23,Create,ConfigMap,false
9.124233973,Regular,18,Update,Deployment,false
9.142631168,Regular,18,Delete,ConfigMap,false
9.160825546,Regular,10,Delete,Deployment,false
9.171739011,Regular,12,Create,Deployment,false
9.184399954,Regular,14,Create,ConfigMap,false
9.198761737,Regular,13,Update,Deployment,false
9.212315897,Regular,17,Delete,ConfigMap,false
9.229888086,Regular,19,Delete,Deployment,false
9.249453507,Regular,18,Create,Deployment,false
9.267506301,Regular,11,Create,ConfigMap,false
9.279409248,Regular,18,Update,Deployment,false
9.298195838,Regular,13,Delete,ConfigMap,false
9.311463751,Regular,13,Delete,Deployment,false
9.324620576,Regular,20,Create,Deployment,false
9.344691699,Regular,17,Create,ConfigMap,false
9.362297015,Regular,23,Update,Deployment,false
9.385392289,Regular,12,Delete,ConfigMap,false
9.397600798,Regular,16,Delete,Deployment,false
9.414397425,Regular,18,Create,Deployment,false
9.432423302,Regular,15,Create,ConfigMap,false
9.447607489,Regular,15,Update,Deployment,false
9.462711412,Regular,17,Delete,ConfigMap,false
9.480597524,Regular,18,Delete,Deployment,false
9.499355427,Regular,12,Create,Deployment,false
9.512335817,Regular,24,Create,ConfigMap,false
9.536503705,Regular,19,Update,Deployment,false
9.555639427,Regular,11,Delete,ConfigMap,false
9.567201075,Regular,19,Delete,Deployment,false
9.586828922,Regular,12,Create,Deployment,false
9.59981856,Regular,18,Create,ConfigMap,false
9.61832858,Regular,15,Update,Deployment,false
9.633762427,Regular,11,Delete,ConfigMap,false
9.644932426,Regular,9,Delete,Deployment,false
9.65441743,Regular,20,Create,Deployment,false
9.674932328,Regular,16,Create,ConfigMap,false
9.691280791,Regular,15,Update,Deployment,false
9.706960095,Regular,12,Delete,ConfigMap,false
9.719468022000001,Regular,14,Delete,Deployment,false
9.734098764,Regular,17,Create,Deployment,false
9.752096415,Regular,21,Create,ConfigMap,false
9.773429795,Regular,21,Update,Deployment,false
9.794478382,Regular,20,Delete,ConfigMap,false
9.815132484,Regular,17,Delete,Deployment,false
9.833000383,Regular,14,Create,Deployment,false
9.847761591,Regular,13,Create,ConfigMap,false
9.861696346,Regular,15,Update,Deployment,false
9.877167377,Regular,9,Delete,ConfigMap,false
9.886655824,Regular,11,Delete,Deployment,false
9.898447556,Regular,14,Create,Deployment,false
9.913074673,Regular,14,Create,ConfigMap,false
9.927374025,Regular,20,Update,Deployment,false
9.948144813,Regular,13,Delete,ConfigMap,false
9.961637307,Regular,13,Delete,Deployment,false
9.974702999,Regular,16,Create,Deployment,false
9.99115957,Regular,12,Create,ConfigMap,false
9.006205812,Regular,18,Create,Deployment,false
9.024232549,Regular,17,Create,ConfigMap,false
9.041501118,Regular,17,Update,Deployment,false
9.059323481,Regular,12,Delete,ConfigMap,false
9.071938125,Regular,9,Delete,Deployment,false
9.081084944,Regular,18,Create,Deployment,false
9.099929703,Regular,19,Create,ConfigMap,false
9.119098354,Regular,24,Update,Deployment,false
9.143772556,Regular,17,Delete,ConfigMap,false
9.161146935,Regular,11,Delete,Deployment,false
9.172479268,Regular,13,Create,Deployment,false
9.186316646,Regular,17,Create,ConfigMap,false
9.204317365,Regular,20,Update,Deployment,false
9.224653182,Regular,17,Delete,ConfigMap,false
9.242266915,Regular,15,Delete,Deployment,false
9.257390712,Regular,19,Create,Deployment,false
9.2771997,Regular,22,Create,ConfigMap,false
9.299272959,Regular,20,Update,Deployment,false
9.319737876,Regular,11,Delete,ConfigMap,false
9.33164062,Regular,11,Delete,Deployment,false
9.34341162,Regular,18,Create,Deployment,false
9.362017471,Regular,14,Create,ConfigMap,false
9.376674962,Regular,18,Update,Deployment,false
9.395713126,Regular,13,Delete,ConfigMap,false
9.409349565,Regular,7,Delete,Deployment,false
9.416519404,Regular,16,Create,Deployment,false
9.432767379,Regular,14,Create,ConfigMap,false
9.447754789,Regular,17,Update,Deployment,false
9.465151265,Regular,15,Delete,ConfigMap,false
9.480606681,Regular,19,Delete,Deployment,false
9.499692639,Regular,19,Create,Deployment,false
9.518965234,Regular,18,Create,ConfigMap,false
9.537803997,Regular,21,Update,Deployment,false
9.559840174,Regular,16,Delete,ConfigMap,false
9.57685067,Regular,17,Delete,Deployment,false
9.594221182,Regular,14,Create,Deployment,false
9.608761233,Regular,14,Create,ConfigMap,false
9.623509675,Regular,18,Update,Deployment,false
9.642142459,Regular,11,Delete,ConfigMap,false
9.653745613,Regular,13,Delete,Deployment,false
9.667546237,Regular,13,Create,Deployment,false
9.681451556,Regular,13,Create,ConfigMap,false
9.694811259,Regular,13,Update,Deployment,false
9.708566555,Regular,12,Delete,ConfigMap,false
9.721495657,Regular,7,Delete,Deployment,false
9.728636901,Regular,12,Create,Deployment,false
9.74080932,Regular,12,Create,ConfigMap,false
9.75314138,Regular,20,Update,Deployment,false
9.774034949,Regular,7,Delete,ConfigMap,false
9.781249709,Regular,17,Delete,Deployment,false
9.798690302,Regular,18,Create,Deployment,false
9.817079341,Regular,17,Create,ConfigMap,false
9.83416526,Regular,14,Update,Deployment,false
9.848297291,Regular,13,Delete,ConfigMap,false
9.861699284,Regular,11,Delete,Deployment,false
9.873059877,Regular,12,Create,Deployment,false
9.885328407,Regular,14,Create,ConfigMap,false
9.900225748,Regular,15,Update,Deployment,false
9.916047042,Regular,14,Delete,ConfigMap,false
9.930244254,Regular,10,Delete,Deployment,false
9.941098253,Regular,12,Create,Deployment,false
9.953708299,Regular,19,Create,ConfigMap,false
9.972881694,Regular,15,Update,Deployment,false
9.988876469000001,Regular,15,Delete,ConfigMap,false
9.008228213,Regular,17,Create,Deployment,false
9.025574846,Regular,14,Create,ConfigMap,false
9.040084555,Regular,14,Update,Deployment,false
9.055051426,Regular,9,Delete,ConfigMap,false
9.064915005,Regular,16,Delete,Deployment,false
9.081221112,Regular,13,Create,Deployment,false
9.094517384,Regular,15,Create,ConfigMap,false
9.109898072,Regular,16,Update,Deployment,false
9.126333779,Regular,25,Delete,ConfigMap,false
9.151732,Regular,10,Delete,Deployment,false
9.162170292,Regular,16,Create,Deployment,false
9.178770491,Regular,15,Create,ConfigMap,false
9.19448643,Regular,12,Update,Deployment,false
9.207257503,Regular,18,Delete,ConfigMap,false
9.225856291,Regular,16,Delete,Deployment,false
9.242087495,Regular,18,Create,Deployment,false
9.260639685,Regular,16,Create,ConfigMap,false
9.277339668,Regular,28,Update,Deployment,false
9.305829931,Regular,15,Delete,ConfigMap,false
9.32130917,Regular,14,Delete,Deployment,false
9.335418252,Regular,15,Create,Deployment,false
9.350528308,Regular,12,Create,ConfigMap,false
9.362774488,Regular,22,Update,Deployment,false
9.385250299,Regular,14,Delete,ConfigMap,false
9.399550489,Regular,14,Delete,Deployment,false
9.41439762,Regular,13,Create,Deployment,false
9.428132382,Regular,14,Create,ConfigMap,false
9.442649429,Regular,22,Update,Deployment,false
9.465604305,Regular,14,Delete,ConfigMap,false
9.480581464,Regular,19,Delete,Deployment,false
9.499637023,Regular,18,Create,Deployment,false
9.517740158,Regular,18,Create,ConfigMap,false
9.536699047,Regular,23,Update,Deployment,false
9.559888044000001,Regular,16,Delete,ConfigMap,false
9.576773598,Regular,14,Delete,Deployment,false
9.591543425,Regular,18,Create,Deployment,false
9.609774181,Regular,13,Create,ConfigMap,false
9.6236349,Regular,12,Update,Deployment,false
9.635722191,Regular,15,Delete,ConfigMap,false
9.651013901,Regular,15,Delete,Deployment,false
9.66623491,Regular,12,Create,Deployment,false
9.678819304,Regular,13,Create,ConfigMap,false
9.692395668,Regular,15,Update,Deployment,false
9.707463893,Regular,14,Delete,ConfigMap,false
9.721509077,Regular,12,Delete,Deployment,false
9.733638333,Regular,18,Create,Deployment,false
9.752197617,Regular,21,Create,ConfigMap,false
9.773427834,Regular,16,Update,Deployment,false
9.790064545,Regular,11,Delete,ConfigMap,false
9.801247745,Regular,13,Delete,Deployment,false
9.815056421,Regular,20,Create,Deployment,false
9.835822638,Regular,11,Create,ConfigMap,false
9.847618966,Regular,14,Update,Deployment,false
9.862027818,Regular,13,Delete,ConfigMap,false
9.875125365,Regular,9,Delete,Deployment,false
9.884435103,Regular,14,Create,Deployment,false
9.898650908,Regular,10,Create,ConfigMap,false
9.908952895,Regular,17,Update,Deployment,false
9.926635809,Regular,11,Delete,ConfigMap,false
9.938580541,Regular,10,Delete,Deployment,false
9.948833765,Regular,12,Create,Deployment,false
9.960901203,Regular,18,Create,ConfigMap,false
9.97911648,Regular,16,Update,Deployment,false
9.996078265,Regular,9,Delete,ConfigMap,false
9.023592594,Regular,16,Create,ConfigMap,false
9.040218778,Regular,18,Update,Deployment,false
9.058256278,Regular,13,Delete,ConfigMap,false
9.07194792,Regular,9,Delete,Deployment,false
9.081102197,Regular,20,Create,Deployment,false
9.101406966,Regular,18,Create,ConfigMap,false
9.119925465,Regular,22,Update,Deployment,false
9.142543576,Regular,12,Delete,ConfigMap,false
9.15553038,Regular,9,Delete,Deployment,false
9.165506118,Regular,13,Create,Deployment,false
9.179112225,Regular,12,Create,ConfigMap,false
9.192082849,Regular,18,Update,Deployment,false
9.210428457,Regular,15,Delete,ConfigMap,false
9.226143908,Regular,8,Delete,Deployment,false
9.235067895,Regular,16,Create,Deployment,false
9.251677513,Regular,15,Create,ConfigMap,false
9.267003556,Regular,21,Update,Deployment,false
9.288952055,Regular,10,Delete,ConfigMap,false
9.299613851,Regular,18,Delete,Deployment,false
9.31803799,Regular,18,Create,Deployment,false
9.336179475,Regular,16,Create,ConfigMap,false
9.352846061,Regular,20,Update,Deployment,false
9.372949719,Regular,17,Delete,ConfigMap,false
9.390332486,Regular,14,Delete,Deployment,false
9.404603984,Regular,12,Create,Deployment,false
9.416763612,Regular,16,Create,ConfigMap,false
9.433294942,Regular,18,Update,Deployment,false
9.452094458,Regular,14,Delete,ConfigMap,false
9.466508694,Regular,15,Delete,Deployment,false
9.482308436,Regular,18,Create,Deployment,false
9.50072289,Regular,17,Create,ConfigMap,false
9.517876338,Regular,17,Update,Deployment,false
9.535758517,Regular,15,Delete,ConfigMap,false
9.551276503,Regular,15,Delete,Deployment,false
9.566541115,Regular,21,Create,Deployment,false
9.588059434,Regular,12,Create,ConfigMap,false
9.600308864,Regular,17,Update,Deployment,false
9.618308648,Regular,9,Delete,ConfigMap,false
9.627995352,Regular,10,Delete,Deployment,false
9.638964071,Regular,14,Create,Deployment,false
9.653243956,Regular,24,Create,ConfigMap,false
9.677669101,Regular,15,Update,Deployment,false
9.693713463,Regular,12,Delete,ConfigMap,false
9.706229955,Regular,13,Delete,Deployment,false
9.719484094,Regular,14,Create,Deployment,false
9.734328232,Regular,17,Create,ConfigMap,false
9.751624732,Regular,14,Update,Deployment,false
9.766575674,Regular,7,Delete,ConfigMap,false
9.774576774,Regular,14,Delete,Deployment,false
9.789553088,Regular,18,Create,Deployment,false
9.808021896,Regular,18,Create,ConfigMap,false
9.826608271,Regular,21,Update,Deployment,false
9.848204914,Regular,12,Delete,ConfigMap,false
9.861015858,Regular,13,Delete,Deployment,false
9.874486089,Regular,16,Create,Deployment,false
9.891594222,Regular,16,Create,ConfigMap,false
9.908004195,Regular,15,Update,Deployment,false
9.924025777,Regular,9,Delete,ConfigMap,false
9.933455164,Regular,6,Delete,Deployment,false
9.940446836,Regular,12,Create,Deployment,false
9.95311819,Regular,19,Create,ConfigMap,false
9.973026479,Regular,17,Update,Deployment,false
9.990065093,Regular,11,Delete,ConfigMap,false
10.001944082,Regular,7,Delete,Deployment,false
9.02019732,Regular,18,Delete,ConfigMap,false
9.038309182,Regular,7,Delete,Deployment,false
9.045821217,Regular,21,Create,Deployment,false
9.067133138,Regular,25,Create,ConfigMap,false
9.092188175,Regular,22,Update,Deployment,false
9.114791835,Regular,11,Delete,ConfigMap,false
9.126126097,Regular,24,Delete,Deployment,false
9.150616963,Regular,17,Create,Deployment,false
9.168088879,Regular,17,Create,ConfigMap,false
9.186034254,Regular,13,Update,Deployment,false
9.199380517,Regular,9,Delete,ConfigMap,false
9.208636428,Regular,15,Delete,Deployment,false
9.224539522,Regular,12,Create,Deployment,false
9.237052267,Regular,22,Create,ConfigMap,false
9.259594341,Regular,18,Update,Deployment,false
9.278460973,Regular,18,Delete,ConfigMap,false
9.296835962,Regular,13,Delete,Deployment,false
9.310069894,Regular,16,Create,Deployment,false
9.326642493,Regular,17,Create,ConfigMap,false
9.344627535,Regular,18,Update,Deployment,false
9.363262348,Regular,14,Delete,ConfigMap,false
9.378005114,Regular,8,Delete,Deployment,false
9.386734066,Regular,12,Create,Deployment,false
9.399674835999999,Regular,17,Create,ConfigMap,false
9.41691524,Regular,15,Update,Deployment,false
9.432690383,Regular,11,Delete,ConfigMap,false
9.444372583,Regular,13,Delete,Deployment,false
9.457497625,Regular,25,Create,Deployment,false
9.483204511,Regular,18,Create,ConfigMap,false
9.501370442,Regular,24,Update,Deployment,false
9.525592189,Regular,13,Delete,ConfigMap,false
9.539435312,Regular,11,Delete,Deployment,false
9.550996175,Regular,20,Create,Deployment,false
9.571472281,Regular,14,Create,ConfigMap,false
9.58649181,Regular,20,Update,Deployment,false
9.606686476,Regular,16,Delete,ConfigMap,false
9.623138,Regular,9,Delete,Deployment,false
9.633077113,Regular,18,Create,Deployment,false
9.65148759,Regular,19,Create,ConfigMap,false
9.670729952,Regular,16,Update,Deployment,false
9.687265496,Regular,12,Delete,ConfigMap,false
9.700282998,Regular,11,Delete,Deployment,false
9.711657698,Regular,15,Create,Deployment,false
9.726957604,Regular,11,Create,ConfigMap,false
9.738737897,Regular,13,Update,Deployment,false
9.752449157000001,Regular,12,Delete,ConfigMap,false
9.764790364,Regular,8,Delete,Deployment,false
9.773312534,Regular,18,Create,Deployment,false
9.791602688,Regular,19,Create,ConfigMap,false
9.811570692,Regular,14,Update,Deployment,false
9.826386791000001,Regular,13,Delete,ConfigMap,false
9.839421042,Regular,9,Delete,Deployment,false
9.848952311,Regular,13,Create,Deployment,false
9.86284345,Regular,17,Create,ConfigMap,false
9.880104929,Regular,10,Update,Deployment,false
9.890674224,Regular,10,Delete,ConfigMap,false
9.901568952,Regular,6,Delete,Deployment,false
9.908554696,Regular,16,Create,Deployment,false
9.925557923,Regular,12,Create,ConfigMap,false
9.938580533,Regular,17,Update,Deployment,false
9.955773245,Regular,9,Delete,ConfigMap,false
9.965265399,Regular,12,Delete,Deployment,false
9.978175091,Regular,19,Create,Deployment,false
9.99792641,Regular,12,Create,ConfigMap,false
9.003640561,Regular,16,Delete,Deployment,false
9.02043032,Regular,17,Create,Deployment,false
9.038061867,Regular,15,Create,ConfigMap,false
9.053958458,Regular,26,Update,Deployment,false
9.080889948,Regular,12,Delete,ConfigMap,false
9.093836056,Regular,14,Delete,Deployment,false
9.107887874,Regular,17,Create,Deployment,false
9.125726008000001,Regular,24,Create,ConfigMap,false
9.150632326,Regular,19,Update,Deployment,false
9.170532345,Regular,11,Delete,ConfigMap,false
9.181673706,Regular,11,Delete,Deployment,false
9.193209505,Regular,16,Create,Deployment,false
9.210085609,Regular,15,Create,ConfigMap,false
9.225905523,Regular,15,Update,Deployment,false
9.241722343,Regular,15,Delete,ConfigMap,false
9.257029106,Regular,14,Delete,Deployment,false
9.271375205,Regular,17,Create,Deployment,false
9.288959858,Regular,25,Create,ConfigMap,false
9.314623394,Regular,13,Update,Deployment,false
9.32799277,Regular,14,Delete,ConfigMap,false
9.342590012,Regular,8,Delete,Deployment,false
9.350635015,Regular,15,Create,Deployment,false
9.366625898,Regular,12,Create,ConfigMap,false
9.378980547,Regular,13,Update,Deployment,false
9.392780917,Regular,15,Delete,ConfigMap,false
9.408136728,Regular,10,Delete,Deployment,false
9.419107257,Regular,15,Create,Deployment,false
9.434543676,Regular,11,Create,ConfigMap,false
9.445960215,Regular,21,Update,Deployment,false
9.467398057,Regular,22,Delete,ConfigMap,false
9.490348412,Regular,21,Delete,Deployment,false
9.511601279,Regular,22,Create,Deployment,false
9.534018724,Regular,21,Create,ConfigMap,false
9.555503622,Regular,22,Update,Deployment,false
9.577551530000001,Regular,17,Delete,ConfigMap,false
9.594752486,Regular,14,Delete,Deployment,false
9.609036448,Regular,15,Create,Deployment,false
9.624390392,Regular,12,Create,ConfigMap,false
9.637058542,Regular,15,Update,Deployment,false
9.652612578,Regular,15,Delete,ConfigMap,false
9.66803728,Regular,13,Delete,Deployment,false
9.681658884,Regular,17,Create,Deployment,false
9.6991369,Regular,18,Create,ConfigMap,false
9.717840242,Regular,16,Update,Deployment,false
9.734377421,Regular,13,Delete,ConfigMap,false
9.747416548,Regular,7,Delete,Deployment,false
9.754917712,Regular,13,Create,Deployment,false
9.768272216,Regular,10,Create,ConfigMap,false
9.77861972,Regular,18,Update,Deployment,false
9.797373022,Regular,17,Delete,ConfigMap,false
9.815073948,Regular,12,Delete,Deployment,false
9.827212955,Regular,13,Create,Deployment,false
9.840382582,Regular,13,Create,ConfigMap,false
9.854325831,Regular,20,Update,Deployment,false
9.874799665,Regular,8,Delete,ConfigMap,false
9.88356329,Regular,8,Delete,Deployment,false
9.892028122,Regular,16,Create,Deployment,false
9.908302147,Regular,21,Create,ConfigMap,false
9.930148029,Regular,14,Update,Deployment,false
9.944589561,Regular,7,Delete,ConfigMap,false
9.952166236,Regular,8,Delete,Deployment,false
9.96029814,Regular,23,Create,Deployment,false
9.983761238,Regular,14,Create,ConfigMap,false
9.998316022000001,Regular,13,Update,Deployment,false
9.007598152,Regular,16,Delete,Deployment,false
9.024597588,Regular,17,Create,Deployment,false
9.041981679,Regular,17,Create,ConfigMap,false
9.059133801,Regular,21,Update,Deployment,false
9.081081195,Regular,9,Delete,ConfigMap,false
9.090824627,Regular,6,Delete,Deployment,false
9.097492923,Regular,17,Create,Deployment,false
9.115193133,Regular,11,Create,ConfigMap,false
9.126896291,Regular,16,Update,Deployment,false
9.143516553,Regular,17,Delete,ConfigMap,false
9.161193563,Regular,10,Delete,Deployment,false
9.171874042,Regular,13,Create,Deployment,false
9.185657544,Regular,18,Create,ConfigMap,false
9.204163777,Regular,19,Update,Deployment,false
9.223549287,Regular,10,Delete,ConfigMap,false
9.233894175,Regular,15,Delete,Deployment,false
9.249763082,Regular,18,Create,Deployment,false
9.268192244,Regular,17,Create,ConfigMap,false
9.285319078,Regular,13,Update,Deployment,false
9.29903871,Regular,20,Delete,ConfigMap,false
9.319608296,Regular,11,Delete,Deployment,false
9.331021953,Regular,21,Create,Deployment,false
9.352423379,Regular,11,Create,ConfigMap,false
9.363637126,Regular,21,Update,Deployment,false
9.384953399,Regular,14,Delete,ConfigMap,false
9.399826213,Regular,12,Delete,Deployment,false
9.412674097,Regular,15,Create,Deployment,false
9.42833793,Regular,14,Create,ConfigMap,false
9.443052043,Regular,15,Update,Deployment,false
9.45841821,Regular,11,Delete,ConfigMap,false
9.470308877,Regular,20,Delete,Deployment,false
9.490896055,Regular,20,Create,Deployment,false
9.511748365999999,Regular,23,Create,ConfigMap,false
9.535284477,Regular,22,Update,Deployment,false
9.558226144,Regular,12,Delete,ConfigMap,false
9.571109608,Regular,13,Delete,Deployment,false
9.584981382,Regular,13,Create,Deployment,false
9.598917454,Regular,19,Create,ConfigMap,false
9.618229223,Regular,16,Update,Deployment,false
9.634396131,Regular,12,Delete,ConfigMap,false
9.647246954,Regular,12,Delete,Deployment,false
9.660208098,Regular,15,Create,Deployment,false
9.676170001,Regular,17,Create,ConfigMap,false
9.693939639,Regular,20,Update,Deployment,false
9.714886125,Regular,12,Delete,ConfigMap,false
9.727597046,Regular,8,Delete,Deployment,false
9.736306272,Regular,15,Create,Deployment,false
9.752240652,Regular,21,Create,ConfigMap,false
9.773396439,Regular,15,Update,Deployment,false
9.788463902,Regular,13,Delete,ConfigMap,false
9.802350621,Regular,18,Delete,Deployment,false
9.821217266,Regular,16,Create,Deployment,false
9.838236195,Regular,11,Create,ConfigMap,false
9.849405582,Regular,15,Update,Deployment,false
9.865156545,Regular,13,Delete,ConfigMap,false
9.878665475,Regular,10,Delete,Deployment,false
9.888705199,Regular,11,Create,Deployment,false
9.899967599,Regular,15,Create,ConfigMap,false
9.915450178,Regular,21,Update,Deployment,false
9.936606417,Regular,11,Delete,ConfigMap,false
9.948624468,Regular,11,Delete,Deployment,false
9.960039167,Regular,18,Create,Deployment,false
9.978100794,Regular,11,Create,ConfigMap,false
9.98961205,Regular,14,Update,Deployment,false
10.004377729,Regular,7,Delete,ConfigMap,false
10.003719493,Regular,20,Update,Deployment,false
9.010323181,Regular,16,Create,ConfigMap,false
9.027201688,Regular,14,Update,Deployment,false
9.041941513,Regular,9,Delete,ConfigMap,false
9.051932572,Regular,8,Delete,Deployment,false
9.060892106,Regular,12,Create,Deployment,false
9.073766068,Regular,18,Create,ConfigMap,false
9.09210123,Regular,19,Update,Deployment,false
9.111563953,Regular,13,Delete,ConfigMap,false
9.125390965,Regular,18,Delete,Deployment,false
9.143514648,Regular,17,Create,Deployment,false
9.161465937,Regular,15,Create,ConfigMap,false
9.177049642,Regular,12,Update,Deployment,false
9.189646101,Regular,14,Delete,ConfigMap,false
9.204381009,Regular,10,Delete,Deployment,false
9.215220576,Regular,15,Create,Deployment,false
9.230735163,Regular,25,Create,ConfigMap,false
9.256028746,Regular,16,Update,Deployment,false
9.272178044,Regular,15,Delete,ConfigMap,false
9.287727995000001,Regular,17,Delete,Deployment,false
9.305448611,Regular,19,Create,Deployment,false
9.324925256,Regular,19,Create,ConfigMap,false
9.344793675,Regular,17,Update,Deployment,false
9.362312595,Regular,12,Delete,ConfigMap,false
9.375336727,Regular,15,Delete,Deployment,false
9.390698954,Regular,18,Create,Deployment,false
9.409693516,Regular,16,Create,ConfigMap,false
9.426450924,Regular,15,Update,Deployment,false
9.442084934,Regular,7,Delete,ConfigMap,false
9.449137075,Regular,16,Delete,Deployment,false
9.465190717,Regular,17,Create,Deployment,false
9.482496451,Regular,18,Create,ConfigMap,false
9.501537895,Regular,19,Update,Deployment,false
9.521118186,Regular,8,Delete,ConfigMap,false
9.529334598,Regular,13,Delete,Deployment,false
9.543351797,Regular,19,Create,Deployment,false
9.562424256,Regular,14,Create,ConfigMap,false
9.576824355,Regular,22,Update,Deployment,false
9.599290514,Regular,13,Delete,ConfigMap,false
9.612899633,Regular,8,Delete,Deployment,false
9.62188412,Regular,12,Create,Deployment,false
9.634174255,Regular,16,Create,ConfigMap,false
9.651104134,Regular,17,Update,Deployment,false
9.668290088,Regular,17,Delete,ConfigMap,false
9.685545259,Regular,13,Delete,Deployment,false
9.699001858,Regular,16,Create,Deployment,false
9.716014439,Regular,12,Create,ConfigMap,false
9.728147505999999,Regular,14,Update,Deployment,false
9.742599396,Regular,8,Delete,ConfigMap,false
9.751351564,Regular,9,Delete,Deployment,false
9.760933536,Regular,20,Create,Deployment,false
9.781907263,Regular,20,Create,ConfigMap,false
9.802653557,Regular,19,Update,Deployment,false
9.82238768,Regular,12,Delete,ConfigMap,false
9.835453407,Regular,13,Delete,Deployment,false
9.848811557,Regular,17,Create,Deployment,false
9.86661859,Regular,18,Create,ConfigMap,false
9.88533088,Regular,13,Update,Deployment,false
9.898546422999999,Regular,8,Delete,ConfigMap,false
9.906878808,Regular,18,Delete,Deployment,false
9.925534603,Regular,14,Create,Deployment,false
9.939662009,Regular,15,Create,ConfigMap,false
9.954705129,Regular,18,Update,Deployment,false
9.973561651,Regular,11,Delete,ConfigMap,false
9.985111697,Regular,9,Delete,Deployment,false
9.994499470000001,Regular,15,Create,Deployment,false
10.010498204,Regular,15,Create,ConfigMap,false
9.006451335,Regular,18,Create,Deployment,false
9.025264868,Regular,15,Create,ConfigMap,false
9.040304393,Regular,18,Update,Deployment,false
9.058818804,Regular,13,Delete,ConfigMap,false
9.072433585,Regular,10,Delete,Deployment,false
9.082673304,Regular,17,Create,Deployment,false
9.100674903,Regular,18,Create,ConfigMap,false
9.11954529,Regular,22,Update,Deployment,false
9.142513673,Regular,18,Delete,ConfigMap,false
9.161145066,Regular,10,Delete,Deployment,false
9.172136727,Regular,17,Create,Deployment,false
9.189942956,Regular,14,Create,ConfigMap,false
9.204642312,Regular,18,Update,Deployment,false
9.223638591,Regular,18,Delete,ConfigMap,false
9.242267266,Regular,13,Delete,Deployment,false
9.25593868,Regular,14,Create,Deployment,false
9.270530749,Regular,9,Create,ConfigMap,false
9.280381445,Regular,18,Update,Deployment,false
9.298421818,Regular,20,Delete,ConfigMap,false
9.319354423,Regular,11,Delete,Deployment,false
9.331338985,Regular,13,Create,Deployment,false
9.345276256,Regular,16,Create,ConfigMap,false
9.362276414,Regular,20,Update,Deployment,false
9.382371702,Regular,6,Delete,ConfigMap,false
9.388661821,Regular,11,Delete,Deployment,false
9.400047745,Regular,16,Create,Deployment,false
9.416288792,Regular,13,Create,ConfigMap,false
9.429542496,Regular,13,Update,Deployment,false
9.443383009,Regular,7,Delete,ConfigMap,false
9.450760962,Regular,16,Delete,Deployment,false
9.467699692,Regular,14,Create,Deployment,false
9.482558121,Regular,19,Create,ConfigMap,false
9.501839802,Regular,17,Update,Deployment,false
9.519688541,Regular,12,Delete,ConfigMap,false
9.531953078,Regular,11,Delete,Deployment,false
9.543718137,Regular,28,Create,Deployment,false
9.572001583,Regular,22,Create,ConfigMap,false
9.594709206,Regular,22,Update,Deployment,false
9.61705508,Regular,11,Delete,ConfigMap,false
9.628170943,Regular,9,Delete,Deployment,false
9.637594697,Regular,15,Create,Deployment,false
9.652722346000001,Regular,16,Create,ConfigMap,false
9.669198608,Regular,15,Update,Deployment,false
9.684494915,Regular,9,Delete,ConfigMap,false
9.693686191,Regular,13,Delete,Deployment,false
9.706785372,Regular,13,Create,Deployment,false
9.720201192,Regular,13,Create,ConfigMap,false
9.733646216,Regular,19,Update,Deployment,false
9.752946937,Regular,13,Delete,ConfigMap,false
9.765995971,Regular,14,Delete,Deployment,false
9.78071227,Regular,22,Create,Deployment,false
9.80303824,Regular,21,Create,ConfigMap,false
9.82462698,Regular,15,Update,Deployment,false
9.840275979,Regular,8,Delete,ConfigMap,false
9.848910626,Regular,12,Delete,Deployment,false
9.861061586,Regular,18,Create,Deployment,false
9.879972537,Regular,12,Create,ConfigMap,false
9.892148547,Regular,16,Update,Deployment,false
9.90861566,Regular,7,Delete,ConfigMap,false
9.916626642,Regular,10,Delete,Deployment,false
9.927612126,Regular,14,Create,Deployment,false
9.942028385,Regular,13,Create,ConfigMap,false
9.95548006,Regular,17,Update,Deployment,false
9.973180722,Regular,11,Delete,ConfigMap,false
9.985180917,Regular,11,Delete,Deployment,false
9.996217933,Regular,13,Create,Deployment,false
10.010218955,Regular,20,Create,ConfigMap,false
10.00955818,Regular,22,Create,Deployment,false
10.010474689,Regular,26,Update,Deployment,false
9.018718439,Regular,13,Delete,ConfigMap,false
9.032262598,Regular,12,Delete,Deployment,false
9.044827513,Regular,13,Create,Deployment,false
9.058647546,Regular,21,Create,ConfigMap,false
9.080505488,Regular,19,Update,Deployment,false
9.100168511,Regular,15,Delete,ConfigMap,false
9.11544193,Regular,10,Delete,Deployment,false
9.126445385,Regular,26,Create,Deployment,false
9.153407768,Regular,12,Create,ConfigMap,false
9.16602059,Regular,14,Update,Deployment,false
9.180698635,Regular,15,Delete,ConfigMap,false
9.196073599,Regular,9,Delete,Deployment,false
9.205474572,Regular,13,Create,Deployment,false
9.219120656,Regular,9,Create,ConfigMap,false
9.228758976,Regular,22,Update,Deployment,false
9.250912198,Regular,11,Delete,ConfigMap,false
9.262716602,Regular,7,Delete,Deployment,false
9.270669553,Regular,19,Create,Deployment,false
9.290015095,Regular,21,Create,ConfigMap,false
9.311642358,Regular,20,Update,Deployment,false
9.331980322,Regular,12,Delete,ConfigMap,false
9.344631704,Regular,16,Delete,Deployment,false
9.361264048,Regular,13,Create,Deployment,false
9.374959995,Regular,15,Create,ConfigMap,false
9.390537669,Regular,20,Update,Deployment,false
9.410828416,Regular,10,Delete,ConfigMap,false
9.421166276,Regular,11,Delete,Deployment,false
9.432963154,Regular,17,Create,Deployment,false
9.45060769,Regular,18,Create,ConfigMap,false
9.468669414,Regular,14,Update,Deployment,false
9.483481704,Regular,18,Delete,ConfigMap,false
9.50159573,Regular,10,Delete,Deployment,false
9.511926519,Regular,27,Create,Deployment,false
9.539300717,Regular,21,Create,ConfigMap,false
9.561037056,Regular,22,Update,Deployment,false
9.583619682,Regular,9,Delete,ConfigMap,false
9.593472589,Regular,10,Delete,Deployment,false
9.604186266,Regular,18,Create,Deployment,false
9.622279083,Regular,17,Create,ConfigMap,false
9.639693557,Regular,12,Update,Deployment,false
9.65230277,Regular,15,Delete,ConfigMap,false
9.667988248,Regular,10,Delete,Deployment,false
9.679011849,Regular,18,Create,Deployment,false
9.697355751,Regular,14,Create,ConfigMap,false
9.71195367,Regular,15,Update,Deployment,false
9.727323417000001,Regular,8,Delete,ConfigMap,false
9.735417889,Regular,14,Delete,Deployment,false
9.750161232,Regular,11,Create,Deployment,false
9.761574352,Regular,14,Create,ConfigMap,false
9.775714503,Regular,18,Update,Deployment,false
9.794463765,Regular,19,Delete,ConfigMap,false
9.813854361,Regular,13,Delete,Deployment,false
9.827696895,Regular,20,Create,Deployment,false
9.847987279,Regular,12,Create,ConfigMap,false
9.861003804,Regular,16,Update,Deployment,false
9.877192585,Regular,9,Delete,ConfigMap,false
9.887156427,Regular,6,Delete,Deployment,false
9.894074314000001,Regular,14,Create,Deployment,false
9.908594847,Regular,17,Create,ConfigMap,false
9.92593256,Regular,17,Update,Deployment,false
9.943723665,Regular,9,Delete,ConfigMap,false
9.953653236,Regular,13,Delete,Deployment,false
9.966914524,Regular,15,Create,Deployment,false
9.982159423,Regular,15,Create,ConfigMap,false
9.998114496,Regular,20,Update,Deployment,false
10.019004079,Regular,12,Delete,ConfigMap,false
10.031981883,Regular,7,Delete,Deployment,false
