start_time,role,duration_ms,operation,resource,is_error
0.002840789,Regular,40,Create,Deployment,false
0.002813367,Regular,40,Create,Deployment,false
0.043689201,Regular,14,Create,ConfigMap,false
0.058383239,Regular,16,Update,Deployment,false
0.074907595,Regular,3,Delete,ConfigMap,false
0.081253457,Regular,4,Delete,Deployment,false
0.102063563,Regular,12,Create,Deployment,false
0.121324791,Regular,9,Create,ConfigMap,false
0.141538931,Regular,13,Update,Deployment,false
0.161995197,Regular,10,Delete,ConfigMap,false
0.181250365,Regular,8,Delete,Deployment,false
0.201988404,Regular,11,Create,Deployment,false
0.221471942,Regular,10,Create,ConfigMap,false
0.241950301,Regular,13,Update,Deployment,false
0.261854024,Regular,8,Delete,ConfigMap,false
0.282281797,Regular,6,Delete,Deployment,false
0.301835458,Regular,11,Create,Deployment,false
0.321822418,Regular,9,Create,ConfigMap,false
0.341512357,Regular,12,Update,Deployment,false
0.361413294,Regular,6,Delete,ConfigMap,false
0.381278504,Regular,7,Delete,Deployment,false
0.401338131,Regular,11,Create,Deployment,false
0.421692005,Regular,10,Create,ConfigMap,false
0.442260303,Regular,26,Update,Deployment,false
0.468351278,Regular,4,Delete,ConfigMap,false
0.481799111,Regular,4,Delete,Deployment,false
0.501432322,Regular,10,Create,Deployment,false
0.521748835,Regular,9,Create,ConfigMap,false
0.541459302,Regular,14,Update,Deployment,false
0.561528147,Regular,5,Delete,ConfigMap,false
0.582022316,Regular,7,Delete,Deployment,false
0.601788749,Regular,12,Create,Deployment,false
0.621754349,Regular,10,Create,ConfigMap,false
0.642270779,Regular,13,Update,Deployment,false
0.66178188,Regular,6,Delete,ConfigMap,false
0.681921218,Regular,6,Delete,Deployment,false
0.702268779,Regular,10,Create,Deployment,false
0.722287068,Regular,9,Create,ConfigMap,false
0.74216906,Regular,14,Update,Deployment,false
0.7617436,Regular,5,Delete,ConfigMap,false
0.781943843,Regular,6,Delete,Deployment,false
0.801759099,Regular,10,Create,Deployment,false
0.822005389,Regular,9,Create,ConfigMap,false
0.841985376,Regular,17,Update,Deployment,false
0.861543465,Regular,6,Delete,ConfigMap,false
0.88200905,Regular,6,Delete,Deployment,false
0.902314592,Regular,11,Create,Deployment,false
0.921531006,Regular,9,Create,ConfigMap,false
0.941549946,Regular,13,Update,Deployment,false
0.961804672,Regular,5,Delete,ConfigMap,false
0.9818963,Regular,6,Delete,Deployment,false
0.002260793,Regular,41,Create,Deployment,false
0.043442465,Regular,14,Create,ConfigMap,false
0.058184624,Regular,19,Update,Deployment,false
0.078122571,Regular,6,Delete,ConfigMap,false
0.084309923,Regular,7,Delete,Deployment,false
0.101912017,Regular,11,Create,Deployment,false
0.121492789,Regular,7,Create,ConfigMap,false
0.141725343,Regular,13,Update,Deployment,false
0.162082543,Regular,7,Delete,ConfigMap,false
0.181368488,Regular,7,Delete,Deployment,false
0.202310322,Regular,9,Create,Deployment,false
0.221721915,Regular,9,Create,ConfigMap,false
0.242000506,Regular,13,Update,Deployment,false
0.261919277,Regular,3,Delete,ConfigMap,false
0.282218137,Regular,4,Delete,Deployment,false
0.301718788,Regular,11,Create,Deployment,false
0.321986168,Regular,9,Create,ConfigMap,false
0.341414372,Regular,12,Update,Deployment,false
0.361376525,Regular,6,Delete,ConfigMap,false
0.381404903,Regular,6,Delete,Deployment,false
0.401387424,Regular,10,Create,Deployment,false
0.421733974,Regular,9,Create,ConfigMap,false
0.44225328,Regular,16,Update,Deployment,false
0.461688297,Regular,8,Delete,ConfigMap,false
0.481644448,Regular,7,Delete,Deployment,false
0.501328386,Regular,10,Create,Deployment,false
0.521741641,Regular,8,Create,ConfigMap,false
0.541573899,Regular,14,Update,Deployment,false
0.561377122,Regular,6,Delete,ConfigMap,false
0.582097638,Regular,6,Delete,Deployment,false
0.601796894,Regular,11,Create,Deployment,false
0.621957152,Regular,10,Create,ConfigMap,false
0.64212825,Regular,13,Update,Deployment,false
0.66179762,Regular,6,Delete,ConfigMap,false
0.682110065,Regular,6,Delete,Deployment,false
0.702395719,Regular,10,Create,Deployment,false
0.722306245,Regular,9,Create,ConfigMap,false
0.742126519,Regular,14,Update,Deployment,false
0.761801229,Regular,5,Delete,ConfigMap,false
0.7817463,Regular,5,Delete,Deployment,false
0.80181278,Regular,12,Create,Deployment,false
0.821967808,Regular,9,Create,ConfigMap,false
0.84196119,Regular,16,Update,Deployment,false
0.861499262,Regular,6,Delete,ConfigMap,false
0.882108467,Regular,6,Delete,Deployment,false
0.902335451,Regular,10,Create,Deployment,false
0.921739921,Regular,6,Create,ConfigMap,false
0.941514619,Regular,14,Update,Deployment,false
0.961809912,Regular,5,Delete,ConfigMap,false
0.98194907,Regular,6,Delete,Deployment,false
0.002534129,Regular,35,Create,Deployment,false
0.038152418,Regular,15,Create,ConfigMap,false
0.053203951,Regular,18,Update,Deployment,false
0.071497471,Regular,9,Delete,ConfigMap,false
0.081272654,Regular,6,Delete,Deployment,false
0.101846964,Regular,12,Create,Deployment,false
0.121520161,Regular,9,Create,ConfigMap,false
0.14147518,Regular,12,Update,Deployment,false
0.162121797,Regular,10,Delete,ConfigMap,false
0.181336036,Regular,6,Delete,Deployment,false
0.202005496,Regular,10,Create,Deployment,false
0.221448458,Regular,10,Create,ConfigMap,false
0.241847256,Regular,13,Update,Deployment,false
0.261895753,Regular,5,Delete,ConfigMap,false
0.282123318,Regular,7,Delete,Deployment,false
0.301837362,Regular,8,Create,Deployment,false
0.321840112,Regular,9,Create,ConfigMap,false
0.341568082,Regular,13,Update,Deployment,false
0.361363209,Regular,6,Delete,ConfigMap,false
0.38129218,Regular,5,Delete,Deployment,false
0.401424775,Regular,11,Create,Deployment,false
0.42181634,Regular,9,Create,ConfigMap,false
0.442273087,Regular,21,Update,Deployment,false
0.463416282,Regular,7,Delete,ConfigMap,false
0.481738446,Regular,7,Delete,Deployment,false
0.501412064,Regular,10,Create,Deployment,false
0.521702347,Regular,9,Create,ConfigMap,false
0.541688816,Regular,14,Update,Deployment,false
0.561483302,Regular,5,Delete,ConfigMap,false
0.582258161,Regular,5,Delete,Deployment,false
0.601651369,Regular,11,Create,Deployment,false
0.621848497,Regular,9,Create,ConfigMap,false
0.64227107,Regular,14,Update,Deployment,false
0.661751442,Regular,5,Delete,ConfigMap,false
0.682052235,Regular,6,Delete,Deployment,false
0.702159563,Regular,9,Create,Deployment,false
0.722186158,Regular,9,Create,ConfigMap,false
0.742115489,Regular,14,Update,Deployment,false
0.761708554,Regular,6,Delete,ConfigMap,false
0.781761138,Regular,5,Delete,Deployment,false
0.801769929,Regular,11,Create,Deployment,false
0.82203244,Regular,9,Create,ConfigMap,false
0.842027525,Regular,17,Update,Deployment,false
0.861462723,Regular,6,Delete,ConfigMap,false
0.882164143,Regular,6,Delete,Deployment,false
0.902241804,Regular,8,Create,Deployment,false
0.921542437,Regular,9,Create,ConfigMap,false
0.941514259,Regular,13,Update,Deployment,false
0.961781518,Regular,4,Delete,ConfigMap,false
0.98180088,Regular,6,Delete,Deployment,false
0.002536394,Regular,39,Create,Deployment,false
0.042406076,Regular,14,Create,ConfigMap,false
0.057329387,Regular,20,Update,Deployment,false
0.078034424,Regular,6,Delete,ConfigMap,false
0.084563823,Regular,7,Delete,Deployment,false
0.101981608,Regular,12,Create,Deployment,false
0.121380487,Regular,6,Create,ConfigMap,false
0.141714883,Regular,13,Update,Deployment,false
0.162043318,Regular,7,Delete,ConfigMap,false
0.181425646,Regular,8,Delete,Deployment,false
0.202122808,Regular,10,Create,Deployment,false
0.221495347,Regular,9,Create,ConfigMap,false
0.241814514,Regular,11,Update,Deployment,false
0.26176176,Regular,6,Delete,ConfigMap,false
0.282239858,Regular,7,Delete,Deployment,false
0.301846008,Regular,11,Create,Deployment,false
0.322047674,Regular,8,Create,ConfigMap,false
0.341324151,Regular,12,Update,Deployment,false
0.361325368,Regular,6,Delete,ConfigMap,false
0.381446511,Regular,6,Delete,Deployment,false
0.40142755,Regular,8,Create,Deployment,false
0.421851075,Regular,10,Create,ConfigMap,false
0.442210629,Regular,26,Update,Deployment,false
0.468758097,Regular,5,Delete,ConfigMap,false
0.481818337,Regular,6,Delete,Deployment,false
0.5014154,Regular,11,Create,Deployment,false
0.521842472,Regular,8,Create,ConfigMap,false
0.541596411,Regular,13,Update,Deployment,false
0.561387471,Regular,5,Delete,ConfigMap,false
0.582247681,Regular,7,Delete,Deployment,false
0.601753613,Regular,12,Create,Deployment,false
0.621918619,Regular,9,Create,ConfigMap,false
0.642140373,Regular,12,Update,Deployment,false
0.66169187,Regular,6,Delete,ConfigMap,false
0.682058327,Regular,6,Delete,Deployment,false
0.702180763,Regular,8,Create,Deployment,false
0.722441901,Regular,9,Create,ConfigMap,false
0.742102604,Regular,14,Update,Deployment,false
0.761723603,Regular,6,Delete,ConfigMap,false
0.781801084,Regular,5,Delete,Deployment,false
0.801922327,Regular,11,Create,Deployment,false
0.82194235,Regular,9,Create,ConfigMap,false
0.841958164,Regular,16,Update,Deployment,false
0.861474164,Regular,6,Delete,ConfigMap,false
0.88209911,Regular,6,Delete,Deployment,false
0.90217076,Regular,11,Create,Deployment,false
0.921573817,Regular,10,Create,ConfigMap,false
0.94145672,Regular,12,Update,Deployment,false
0.961663275,Regular,5,Delete,ConfigMap,false
0.981900207,Regular,6,Delete,Deployment,false
0.042896613,Regular,14,Create,ConfigMap,false
0.057538793,Regular,20,Update,Deployment,false
0.077776377,Regular,6,Delete,ConfigMap,false
0.084594491,Regular,7,Delete,Deployment,false
0.101794264,Regular,8,Create,Deployment,false
0.121448415,Regular,9,Create,ConfigMap,false
0.141600788,Regular,12,Update,Deployment,false
0.162107991,Regular,6,Delete,ConfigMap,false
0.18130085,Regular,5,Delete,Deployment,false
0.202080478,Regular,11,Create,Deployment,false
0.221561562,Regular,10,Create,ConfigMap,false
0.24177508,Regular,13,Update,Deployment,false
0.261783491,Regular,8,Delete,ConfigMap,false
0.282218858,Regular,5,Delete,Deployment,false
0.301758733,Regular,11,Create,Deployment,false
0.322022827,Regular,7,Create,ConfigMap,false
0.341500494,Regular,13,Update,Deployment,false
0.361394699,Regular,6,Delete,ConfigMap,false
0.381630279,Regular,6,Delete,Deployment,false
0.401356566,Regular,11,Create,Deployment,false
0.421841607,Regular,9,Create,ConfigMap,false
0.442248791,Regular,18,Update,Deployment,false
0.461593928,Regular,7,Delete,ConfigMap,false
0.481737815,Regular,7,Delete,Deployment,false
0.501258193,Regular,11,Create,Deployment,false
0.521749025,Regular,8,Create,ConfigMap,false
0.541634714,Regular,14,Update,Deployment,false
0.56127566,Regular,4,Delete,ConfigMap,false
0.582052383,Regular,4,Delete,Deployment,false
0.601732342,Regular,11,Create,Deployment,false
0.621878924,Regular,10,Create,ConfigMap,false
0.642193874,Regular,14,Update,Deployment,false
0.661679937,Regular,6,Delete,ConfigMap,false
0.682032077,Regular,6,Delete,Deployment,false
0.702249312,Regular,11,Create,Deployment,false
0.722281327,Regular,9,Create,ConfigMap,false
0.742042601,Regular,14,Update,Deployment,false
0.761742819,Regular,5,Delete,ConfigMap,false
0.781855226,Regular,5,Delete,Deployment,false
0.801926976,Regular,9,Create,Deployment,false
0.821916621,Regular,9,Create,ConfigMap,false
0.841863596,Regular,16,Update,Deployment,false
0.861459106,Regular,6,Delete,ConfigMap,false
0.881936563,Regular,6,Delete,Deployment,false
0.90231393,Regular,11,Create,Deployment,false
0.921699154,Regular,9,Create,ConfigMap,false
0.941539917,Regular,10,Update,Deployment,false
0.961727757,Regular,5,Delete,ConfigMap,false
0.981941706,Regular,6,Delete,Deployment,false
0.002186613,Regular,41,Create,Deployment,false
0.043324342,Regular,13,Create,ConfigMap,false
0.056861283,Regular,18,Update,Deployment,false
0.075406819,Regular,5,Delete,ConfigMap,false
0.081285949,Regular,6,Delete,Deployment,false
0.101927476,Regular,12,Create,Deployment,false
0.121457622,Regular,9,Create,ConfigMap,false
0.141509625,Regular,13,Update,Deployment,false
0.162093293,Regular,9,Delete,ConfigMap,false
0.181402462,Regular,5,Delete,Deployment,false
0.202162613,Regular,10,Create,Deployment,false
0.221479497,Regular,10,Create,ConfigMap,false
0.241897571,Regular,13,Update,Deployment,false
0.261772861,Regular,8,Delete,ConfigMap,false
0.282363712,Regular,7,Delete,Deployment,false
0.301734708,Regular,11,Create,Deployment,false
0.321876941,Regular,10,Create,ConfigMap,false
0.341496377,Regular,12,Update,Deployment,false
0.361407213,Regular,6,Delete,ConfigMap,false
0.381456681,Regular,6,Delete,Deployment,false
0.401443019,Regular,9,Create,Deployment,false
0.421870782,Regular,9,Create,ConfigMap,false
0.442320016,Regular,18,Update,Deployment,false
0.461745114,Regular,8,Delete,ConfigMap,false
0.481593652,Regular,7,Delete,Deployment,false
0.501433805,Regular,11,Create,Deployment,false
0.521802957,Regular,9,Create,ConfigMap,false
0.541572296,Regular,13,Update,Deployment,false
0.561469145,Regular,5,Delete,ConfigMap,false
0.581981579,Regular,7,Delete,Deployment,false
0.601631031,Regular,12,Create,Deployment,false
0.621865018,Regular,8,Create,ConfigMap,false
0.64222875,Regular,14,Update,Deployment,false
0.661715745,Regular,4,Delete,ConfigMap,false
0.681935044,Regular,7,Delete,Deployment,false
0.702266986,Regular,10,Create,Deployment,false
0.722351861,Regular,9,Create,ConfigMap,false
0.742118895,Regular,14,Update,Deployment,false
0.761683186,Regular,6,Delete,ConfigMap,false
0.781789802,Regular,7,Delete,Deployment,false
0.801860681,Regular,9,Create,Deployment,false
0.82195303,Regular,9,Create,ConfigMap,false
0.841935131,Regular,17,Update,Deployment,false
0.86146657,Regular,6,Delete,ConfigMap,false
0.882091205,Regular,6,Delete,Deployment,false
0.902378573,Regular,10,Create,Deployment,false
0.921625755,Regular,10,Create,ConfigMap,false
0.941586245,Regular,13,Update,Deployment,false
0.961720102,Regular,5,Delete,ConfigMap,false
0.981878286,Regular,5,Delete,Deployment,false
0.002530412,Regular,41,Create,Deployment,false
0.043543706,Regular,15,Create,ConfigMap,false
0.058573268,Regular,19,Update,Deployment,false
0.077658103,Regular,6,Delete,ConfigMap,false
0.084657029,Regular,8,Delete,Deployment,false
0.102262208,Regular,11,Create,Deployment,false
0.121529709,Regular,9,Create,ConfigMap,false
0.141633069,Regular,12,Update,Deployment,false
0.162190887,Regular,6,Delete,ConfigMap,false
0.181485599,Regular,8,Delete,Deployment,false
0.20210295,Regular,8,Create,Deployment,false
0.221432839,Regular,9,Create,ConfigMap,false
0.242012408,Regular,13,Update,Deployment,false
0.261858543,Regular,5,Delete,ConfigMap,false
0.282197247,Regular,7,Delete,Deployment,false
0.301836079,Regular,10,Create,Deployment,false
0.321938007,Regular,9,Create,ConfigMap,false
0.341393833,Regular,12,Update,Deployment,false
0.361351978,Regular,6,Delete,ConfigMap,false
0.381325152,Regular,6,Delete,Deployment,false
0.401404086,Regular,10,Create,Deployment,false
0.42181117,Regular,9,Create,ConfigMap,false
0.442315678,Regular,26,Update,Deployment,false
0.468831345,Regular,5,Delete,ConfigMap,false
0.48170351,Regular,5,Delete,Deployment,false
0.501313277,Regular,8,Create,Deployment,false
0.521684333,Regular,9,Create,ConfigMap,false
0.541496212,Regular,14,Update,Deployment,false
0.561456682,Regular,6,Delete,ConfigMap,false
0.581935502,Regular,7,Delete,Deployment,false
0.6019057,Regular,11,Create,Deployment,false
0.621834169,Regular,8,Create,ConfigMap,false
0.642326354,Regular,10,Update,Deployment,false
0.661830041,Regular,5,Delete,ConfigMap,false
0.682077744,Regular,6,Delete,Deployment,false
0.702362286,Regular,11,Create,Deployment,false
0.722391606,Regular,6,Create,ConfigMap,false
0.742187545,Regular,14,Update,Deployment,false
0.761638011,Regular,6,Delete,ConfigMap,false
0.781823436,Regular,7,Delete,Deployment,false
0.802047824,Regular,11,Create,Deployment,false
0.82207493,Regular,9,Create,ConfigMap,false
0.841900465,Regular,17,Update,Deployment,false
0.861738283,Regular,6,Delete,ConfigMap,false
0.8820569,Regular,6,Delete,Deployment,false
0.902187231,Regular,10,Create,Deployment,false
0.921658737,Regular,10,Create,ConfigMap,false
0.941680042,Regular,14,Update,Deployment,false
0.961784885,Regular,5,Delete,ConfigMap,false
0.98183307,Regular,6,Delete,Deployment,false
0.00220647,Regular,40,Create,Deployment,false
0.043182153,Regular,15,Create,ConfigMap,false
0.058222495,Regular,19,Update,Deployment,false
0.078009487,Regular,6,Delete,ConfigMap,false
0.08434514,Regular,5,Delete,Deployment,false
0.101833288,Regular,10,Create,Deployment,false
0.121357153,Regular,10,Create,ConfigMap,false
0.14157035,Regular,11,Update,Deployment,false
0.162018832,Regular,10,Delete,ConfigMap,false
0.181291963,Regular,5,Delete,Deployment,false
0.202297849,Regular,10,Create,Deployment,false
0.221680757,Regular,9,Create,ConfigMap,false
0.241946394,Regular,13,Update,Deployment,false
0.261810652,Regular,7,Delete,ConfigMap,false
0.282132445,Regular,7,Delete,Deployment,false
0.301687358,Regular,11,Create,Deployment,false
0.321930753,Regular,9,Create,ConfigMap,false
0.34133964,Regular,12,Update,Deployment,false
0.361246359,Regular,6,Delete,ConfigMap,false
0.38130809,Regular,6,Delete,Deployment,false
0.401497142,Regular,11,Create,Deployment,false
0.421722252,Regular,6,Create,ConfigMap,false
0.442136319,Regular,23,Update,Deployment,false
0.465925704,Regular,6,Delete,ConfigMap,false
0.481612769,Regular,6,Delete,Deployment,false
0.501284503,Regular,11,Create,Deployment,false
0.52164564,Regular,9,Create,ConfigMap,false
0.541486884,Regular,14,Update,Deployment,false
0.561298964,Regular,5,Delete,ConfigMap,false
0.581903511,Regular,7,Delete,Deployment,false
0.601696154,Regular,12,Create,Deployment,false
0.621794464,Regular,9,Create,ConfigMap,false
0.642323338,Regular,14,Update,Deployment,false
0.661702019,Regular,5,Delete,ConfigMap,false
0.681972394,Regular,6,Delete,Deployment,false
0.702210018,Regular,10,Create,Deployment,false
0.722369123,Regular,9,Create,ConfigMap,false
0.742056738,Regular,14,Update,Deployment,false
0.76162674,Regular,5,Delete,ConfigMap,false
0.78171449,Regular,8,Delete,Deployment,false
0.801785108,Regular,10,Create,Deployment,false
0.822086763,Regular,9,Create,ConfigMap,false
0.84181312,Regular,18,Update,Deployment,false
0.861382541,Regular,6,Delete,ConfigMap,false
0.881968102,Regular,5,Delete,Deployment,false
0.902162474,Regular,10,Create,Deployment,false
0.921708331,Regular,8,Create,ConfigMap,false
0.941437203,Regular,14,Update,Deployment,false
0.961678624,Regular,5,Delete,ConfigMap,false
0.981818473,Regular,6,Delete,Deployment,false
0.002838124,Regular,39,Create,Deployment,false
0.042240013,Regular,15,Create,ConfigMap,false
0.057847396,Regular,20,Update,Deployment,false
0.077935738,Regular,6,Delete,ConfigMap,false
0.084624618,Regular,6,Delete,Deployment,false
0.10201419,Regular,12,Create,Deployment,false
0.121478622,Regular,9,Create,ConfigMap,false
0.141527469,Regular,12,Update,Deployment,false
0.162056273,Regular,7,Delete,ConfigMap,false
0.181372435,Regular,8,Delete,Deployment,false
0.202025734,Regular,11,Create,Deployment,false
0.221622006,Regular,9,Create,ConfigMap,false
0.241889376,Regular,13,Update,Deployment,false
0.261854846,Regular,8,Delete,ConfigMap,false
0.282110804,Regular,7,Delete,Deployment,false
0.301667751,Regular,11,Create,Deployment,false
0.322040861,Regular,7,Create,ConfigMap,false
0.341493471,Regular,12,Update,Deployment,false
0.361296193,Regular,5,Delete,ConfigMap,false
0.381408379,Regular,6,Delete,Deployment,false
0.401314857,Regular,11,Create,Deployment,false
0.421917491,Regular,9,Create,ConfigMap,false
0.44230106,Regular,23,Update,Deployment,false
0.465927999,Regular,6,Delete,ConfigMap,false
0.481738596,Regular,6,Delete,Deployment,false
0.501638712,Regular,10,Create,Deployment,false
0.521615553,Regular,9,Create,ConfigMap,false
0.541752366,Regular,14,Update,Deployment,false
0.561562943,Regular,5,Delete,ConfigMap,false
0.58208785,Regular,6,Delete,Deployment,false
0.601754785,Regular,12,Create,Deployment,false
0.621941452,Regular,9,Create,ConfigMap,false
0.642173065,Regular,13,Update,Deployment,false
0.661728279,Regular,6,Delete,ConfigMap,false
0.68199144,Regular,6,Delete,Deployment,false
0.702135086,Regular,9,Create,Deployment,false
0.722235611,Regular,9,Create,ConfigMap,false
0.742297853,Regular,14,Update,Deployment,false
0.761606772,Regular,6,Delete,ConfigMap,false
0.781864804,Regular,5,Delete,Deployment,false
0.801842567,Regular,11,Create,Deployment,false
0.822039573,Regular,9,Create,ConfigMap,false
0.842020843,Regular,16,Update,Deployment,false
0.861406126,Regular,5,Delete,ConfigMap,false
0.882000123,Regular,6,Delete,Deployment,false
0.902208141,Regular,11,Create,Deployment,false
0.921589637,Regular,9,Create,ConfigMap,false
0.941486847,Regular,14,Update,Deployment,false
0.961647946,Regular,5,Delete,ConfigMap,false
0.981914033,Regular,5,Delete,Deployment,false
1.001908387,Regular,11,Create,Deployment,false
0.002193455,Regular,40,Create,Deployment,false
0.042779091,Regular,14,Create,ConfigMap,false
0.057759941,Regular,20,Update,Deployment,false
0.078556531,Regular,5,Delete,ConfigMap,false
0.084322267,Regular,7,Delete,Deployment,false
0.102031803,Regular,9,Create,Deployment,false
0.121452012,Regular,9,Create,ConfigMap,false
0.14155427,Regular,12,Update,Deployment,false
0.162167954,Regular,9,Delete,ConfigMap,false
0.181388586,Regular,8,Delete,Deployment,false
0.202095236,Regular,11,Create,Deployment,false
0.221621866,Regular,10,Create,ConfigMap,false
0.241919252,Regular,13,Update,Deployment,false
0.26175124,Regular,8,Delete,ConfigMap,false
0.282212757,Regular,5,Delete,Deployment,false
0.30174131,Regular,11,Create,Deployment,false
0.32186068,Regular,10,Create,ConfigMap,false
0.341314743,Regular,12,Update,Deployment,false
0.361416711,Regular,6,Delete,ConfigMap,false
0.381577269,Regular,5,Delete,Deployment,false
0.401460833,Regular,11,Create,Deployment,false
0.421918132,Regular,9,Create,ConfigMap,false
0.442182105,Regular,26,Update,Deployment,false
0.468757225,Regular,5,Delete,ConfigMap,false
0.481589725,Regular,7,Delete,Deployment,false
0.501631118,Regular,10,Create,Deployment,false
0.521810321,Regular,6,Create,ConfigMap,false
0.541741135,Regular,13,Update,Deployment,false
0.561412549,Regular,5,Delete,ConfigMap,false
0.582084694,Regular,7,Delete,Deployment,false
0.601610592,Regular,11,Create,Deployment,false
0.621943536,Regular,9,Create,ConfigMap,false
0.642270378,Regular,14,Update,Deployment,false
0.661783844,Regular,5,Delete,ConfigMap,false
0.681966644,Regular,6,Delete,Deployment,false
0.702285851,Regular,11,Create,Deployment,false
0.722173033,Regular,9,Create,ConfigMap,false
0.741995011,Regular,14,Update,Deployment,false
0.761764209,Regular,5,Delete,ConfigMap,false
0.781691196,Regular,5,Delete,Deployment,false
0.80190254,Regular,12,Create,Deployment,false
0.822021309,Regular,9,Create,ConfigMap,false
0.841766071,Regular,17,Update,Deployment,false
0.861350841,Regular,6,Delete,ConfigMap,false
0.882061939,Regular,6,Delete,Deployment,false
0.902299483,Regular,11,Create,Deployment,false
0.921687912,Regular,10,Create,ConfigMap,false
0.941417746,Regular,13,Update,Deployment,false
0.961878281,Regular,5,Delete,ConfigMap,false
0.981773939,Regular,6,Delete,Deployment,false
1.001912054,Regular,11,Create,Deployment,false
1.001829218,Regular,10,Create,Deployment,false
1.021628793,Regular,9,Create,ConfigMap,false
1.0417002929999999,Regular,15,Update,Deployment,false
1.062091567,Regular,6,Delete,ConfigMap,false
1.082064481,Regular,8,Delete,Deployment,false
1.101685589,Regular,12,Create,Deployment,false
1.122042669,Regular,18,Create,ConfigMap,false
1.141762634,Regular,11,Update,Deployment,false
1.162179196,Regular,5,Delete,ConfigMap,false
1.181329775,Regular,6,Delete,Deployment,false
1.20227192,Regular,10,Create,Deployment,false
1.221674937,Regular,8,Create,ConfigMap,false
1.241899306,Regular,12,Update,Deployment,false
1.261356224,Regular,5,Delete,ConfigMap,false
1.281553551,Regular,5,Delete,Deployment,false
1.301621895,Regular,9,Create,Deployment,false
1.321829813,Regular,7,Create,ConfigMap,false
1.341475177,Regular,12,Update,Deployment,false
1.361983883,Regular,6,Delete,ConfigMap,false
1.381346242,Regular,4,Delete,Deployment,false
1.401860058,Regular,9,Create,Deployment,false
1.421544436,Regular,8,Create,ConfigMap,false
1.4416660110000001,Regular,11,Update,Deployment,false
1.461783888,Regular,6,Delete,ConfigMap,false
1.481260854,Regular,6,Delete,Deployment,false
1.501543713,Regular,9,Create,Deployment,false
1.5218140789999999,Regular,8,Create,ConfigMap,false
1.541379682,Regular,10,Update,Deployment,false
1.562065273,Regular,5,Delete,ConfigMap,false
1.581705097,Regular,5,Delete,Deployment,false
1.60161434,Regular,9,Create,Deployment,false
1.621878333,Regular,8,Create,ConfigMap,false
1.642118782,Regular,13,Update,Deployment,false
1.6619131679999999,Regular,5,Delete,ConfigMap,false
1.681843281,Regular,6,Delete,Deployment,false
1.701702169,Regular,9,Create,Deployment,false
1.7217707629999999,Regular,7,Create,ConfigMap,false
1.7419216130000001,Regular,11,Update,Deployment,false
1.761679951,Regular,5,Delete,ConfigMap,false
1.782147328,Regular,5,Delete,Deployment,false
1.8020643060000001,Regular,17,Create,Deployment,false
1.82157166,Regular,8,Create,ConfigMap,false
1.841645283,Regular,11,Update,Deployment,false
1.8619527489999999,Regular,5,Delete,ConfigMap,false
1.881741976,Regular,5,Delete,Deployment,false
1.9013942830000001,Regular,6,Create,Deployment,false
1.922107045,Regular,8,Create,ConfigMap,false
1.9418300259999999,Regular,10,Update,Deployment,false
1.9617093730000001,Regular,5,Delete,ConfigMap,false
1.981818123,Regular,6,Delete,Deployment,false
1.001769565,Regular,10,Create,Deployment,false
1.021765231,Regular,8,Create,ConfigMap,false
1.041768212,Regular,14,Update,Deployment,false
1.062126704,Regular,5,Delete,ConfigMap,false
1.082093215,Regular,5,Delete,Deployment,false
1.101808401,Regular,11,Create,Deployment,false
1.122179337,Regular,17,Create,ConfigMap,false
1.14181349,Regular,15,Update,Deployment,false
1.162100026,Regular,6,Delete,ConfigMap,false
1.181397323,Regular,6,Delete,Deployment,false
1.2022542569999999,Regular,9,Create,Deployment,false
1.221829839,Regular,5,Create,ConfigMap,false
1.241808314,Regular,12,Update,Deployment,false
1.261505326,Regular,5,Delete,ConfigMap,false
1.281516822,Regular,5,Delete,Deployment,false
1.301727715,Regular,9,Create,Deployment,false
1.32199786,Regular,7,Create,ConfigMap,false
1.341610182,Regular,12,Update,Deployment,false
1.361970257,Regular,6,Delete,ConfigMap,false
1.381423579,Regular,7,Delete,Deployment,false
1.401712209,Regular,9,Create,Deployment,false
1.4214267839999999,Regular,9,Create,ConfigMap,false
1.441865397,Regular,11,Update,Deployment,false
1.461754693,Regular,6,Delete,ConfigMap,false
1.481392874,Regular,5,Delete,Deployment,false
1.501639184,Regular,9,Create,Deployment,false
1.521860516,Regular,8,Create,ConfigMap,false
1.541306584,Regular,11,Update,Deployment,false
1.561975784,Regular,3,Delete,ConfigMap,false
1.581748038,Regular,4,Delete,Deployment,false
1.601640129,Regular,8,Create,Deployment,false
1.621858326,Regular,6,Create,ConfigMap,false
1.6420737970000001,Regular,13,Update,Deployment,false
1.661932906,Regular,5,Delete,ConfigMap,false
1.681774571,Regular,7,Delete,Deployment,false
1.7016203540000001,Regular,8,Create,Deployment,false
1.72160503,Regular,7,Create,ConfigMap,false
1.7419909040000001,Regular,11,Update,Deployment,false
1.761622342,Regular,5,Delete,ConfigMap,false
1.7822183630000001,Regular,5,Delete,Deployment,false
1.802170206,Regular,13,Create,Deployment,false
1.821535762,Regular,8,Create,ConfigMap,false
1.841799755,Regular,10,Update,Deployment,false
1.862040896,Regular,5,Delete,ConfigMap,false
1.8816335309999999,Regular,5,Delete,Deployment,false
1.901401006,Regular,9,Create,Deployment,false
1.922190152,Regular,8,Create,ConfigMap,false
1.941780182,Regular,11,Update,Deployment,false
1.9616990730000001,Regular,5,Delete,ConfigMap,false
1.981825967,Regular,6,Delete,Deployment,false
1.001896425,Regular,10,Create,Deployment,false
1.021710207,Regular,8,Create,ConfigMap,false
1.041544609,Regular,13,Update,Deployment,false
1.062116304,Regular,6,Delete,ConfigMap,false
1.082071895,Regular,8,Delete,Deployment,false
1.101667605,Regular,12,Create,Deployment,false
1.122271321,Regular,18,Create,ConfigMap,false
1.141581311,Regular,15,Update,Deployment,false
1.162115796,Regular,5,Delete,ConfigMap,false
1.181306671,Regular,5,Delete,Deployment,false
1.202286648,Regular,9,Create,Deployment,false
1.2217579729999999,Regular,8,Create,ConfigMap,false
1.241836437,Regular,12,Update,Deployment,false
1.261379037,Regular,5,Delete,ConfigMap,false
1.281549975,Regular,5,Delete,Deployment,false
1.301609932,Regular,10,Create,Deployment,false
1.321848488,Regular,8,Create,ConfigMap,false
1.341530001,Regular,11,Update,Deployment,false
1.361957283,Regular,5,Delete,ConfigMap,false
1.381465227,Regular,4,Delete,Deployment,false
1.401861611,Regular,8,Create,Deployment,false
1.421379374,Regular,9,Create,ConfigMap,false
1.44175018,Regular,11,Update,Deployment,false
1.461791673,Regular,4,Delete,ConfigMap,false
1.481319775,Regular,5,Delete,Deployment,false
1.501691643,Regular,10,Create,Deployment,false
1.521902957,Regular,8,Create,ConfigMap,false
1.541252813,Regular,10,Update,Deployment,false
1.562017062,Regular,5,Delete,ConfigMap,false
1.581719905,Regular,5,Delete,Deployment,false
1.601607267,Regular,9,Create,Deployment,false
1.621674859,Regular,9,Create,ConfigMap,false
1.642129162,Regular,13,Update,Deployment,false
1.6618984810000001,Regular,5,Delete,ConfigMap,false
1.6818910310000001,Regular,7,Delete,Deployment,false
1.7017138410000001,Regular,6,Create,Deployment,false
1.721496565,Regular,8,Create,ConfigMap,false
1.7420167530000001,Regular,11,Update,Deployment,false
1.761756425,Regular,5,Delete,ConfigMap,false
1.782184338,Regular,5,Delete,Deployment,false
1.8021539149999999,Regular,17,Create,Deployment,false
1.8214890540000002,Regular,8,Create,ConfigMap,false
1.841698143,Regular,9,Update,Deployment,false
1.861938662,Regular,5,Delete,ConfigMap,false
1.881758417,Regular,5,Delete,Deployment,false
1.901465137,Regular,6,Create,Deployment,false
1.9221899009999999,Regular,8,Create,ConfigMap,false
1.941889528,Regular,11,Update,Deployment,false
1.961761691,Regular,5,Delete,ConfigMap,false
1.981853439,Regular,3,Delete,Deployment,false
1.001815652,Regular,11,Create,Deployment,false
1.021781442,Regular,9,Create,ConfigMap,false
1.041609131,Regular,14,Update,Deployment,false
1.062161569,Regular,6,Delete,ConfigMap,false
1.082132098,Regular,8,Delete,Deployment,false
1.101806888,Regular,12,Create,Deployment,false
1.122246914,Regular,18,Create,ConfigMap,false
1.141669267,Regular,11,Update,Deployment,false
1.16199647,Regular,6,Delete,ConfigMap,false
1.181313224,Regular,6,Delete,Deployment,false
1.202262723,Regular,10,Create,Deployment,false
1.221757573,Regular,8,Create,ConfigMap,false
1.242019362,Regular,12,Update,Deployment,false
1.261388014,Regular,5,Delete,ConfigMap,false
1.28153687,Regular,5,Delete,Deployment,false
1.301590325,Regular,9,Create,Deployment,false
1.321990777,Regular,8,Create,ConfigMap,false
1.341449158,Regular,11,Update,Deployment,false
1.362027535,Regular,6,Delete,ConfigMap,false
1.381416866,Regular,6,Delete,Deployment,false
1.401816496,Regular,9,Create,Deployment,false
1.421455919,Regular,9,Create,ConfigMap,false
1.441736664,Regular,10,Update,Deployment,false
1.46175832,Regular,6,Delete,ConfigMap,false
1.481275902,Regular,5,Delete,Deployment,false
1.501601783,Regular,10,Create,Deployment,false
1.5217512800000002,Regular,8,Create,ConfigMap,false
1.541425359,Regular,11,Update,Deployment,false
1.5620880160000001,Regular,5,Delete,ConfigMap,false
1.581799014,Regular,4,Delete,Deployment,false
1.601538667,Regular,10,Create,Deployment,false
1.621816436,Regular,9,Create,ConfigMap,false
1.642158518,Regular,10,Update,Deployment,false
1.661867642,Regular,5,Delete,ConfigMap,false
1.6818924640000001,Regular,6,Delete,Deployment,false
1.70157035,Regular,9,Create,Deployment,false
1.721529758,Regular,8,Create,ConfigMap,false
1.74189903,Regular,11,Update,Deployment,false
1.761650765,Regular,5,Delete,ConfigMap,false
1.782068059,Regular,5,Delete,Deployment,false
1.80212452,Regular,11,Create,Deployment,false
1.8214318760000001,Regular,9,Create,ConfigMap,false
1.841776271,Regular,11,Update,Deployment,false
1.862094868,Regular,5,Delete,ConfigMap,false
1.881695538,Regular,5,Delete,Deployment,false
1.901431694,Regular,10,Create,Deployment,false
1.922118126,Regular,8,Create,ConfigMap,false
1.941744084,Regular,11,Update,Deployment,false
1.9618306319999999,Regular,5,Delete,ConfigMap,false
1.9818801499999998,Regular,6,Delete,Deployment,false
1.002037501,Regular,11,Create,Deployment,false
1.021787223,Regular,9,Create,ConfigMap,false
1.041638987,Regular,15,Update,Deployment,false
1.062036864,Regular,6,Delete,ConfigMap,false
1.082354609,Regular,7,Delete,Deployment,false
1.101674228,Regular,12,Create,Deployment,false
1.122092863,Regular,18,Create,ConfigMap,false
1.141800355,Regular,15,Update,Deployment,false
1.16215504,Regular,5,Delete,ConfigMap,false
1.181524703,Regular,6,Delete,Deployment,false
1.202201567,Regular,10,Create,Deployment,false
1.221767602,Regular,7,Create,ConfigMap,false
1.241924824,Regular,12,Update,Deployment,false
1.2614521650000001,Regular,5,Delete,ConfigMap,false
1.281456849,Regular,5,Delete,Deployment,false
1.3017049520000001,Regular,9,Create,Deployment,false
1.321991027,Regular,8,Create,ConfigMap,false
1.34150304,Regular,11,Update,Deployment,false
1.36213027,Regular,5,Delete,ConfigMap,false
1.381375518,Regular,6,Delete,Deployment,false
1.401765008,Regular,9,Create,Deployment,false
1.421411816,Regular,6,Create,ConfigMap,false
1.441709112,Regular,11,Update,Deployment,false
1.461655265,Regular,6,Delete,ConfigMap,false
1.481392192,Regular,5,Delete,Deployment,false
1.50147313,Regular,10,Create,Deployment,false
1.521800934,Regular,8,Create,ConfigMap,false
1.541406543,Regular,10,Update,Deployment,false
1.562143491,Regular,5,Delete,ConfigMap,false
1.581638351,Regular,5,Delete,Deployment,false
1.601702156,Regular,9,Create,Deployment,false
1.621693184,Regular,9,Create,ConfigMap,false
1.6420940960000001,Regular,13,Update,Deployment,false
1.661853726,Regular,5,Delete,ConfigMap,false
1.681755725,Regular,7,Delete,Deployment,false
1.701669337,Regular,8,Create,Deployment,false
1.7216012630000002,Regular,8,Create,ConfigMap,false
1.7421365789999999,Regular,11,Update,Deployment,false
1.761665173,Regular,5,Delete,ConfigMap,false
1.7821622270000002,Regular,5,Delete,Deployment,false
1.802176338,Regular,10,Create,Deployment,false
1.821451242,Regular,8,Create,ConfigMap,false
1.841835443,Regular,10,Update,Deployment,false
1.862075281,Regular,5,Delete,ConfigMap,false
1.881699285,Regular,5,Delete,Deployment,false
1.9014922680000002,Regular,10,Create,Deployment,false
1.922191835,Regular,7,Create,ConfigMap,false
1.941848521,Regular,11,Update,Deployment,false
1.961630493,Regular,4,Delete,ConfigMap,false
1.981790951,Regular,4,Delete,Deployment,false
2.00170297,Regular,7,Create,Deployment,false
1.001767221,Regular,10,Create,Deployment,false
1.021673678,Regular,9,Create,ConfigMap,false
1.04165602,Regular,15,Update,Deployment,false
1.062133456,Regular,4,Delete,ConfigMap,false
1.082331525,Regular,7,Delete,Deployment,false
1.101894764,Regular,12,Create,Deployment,false
1.12213338,Regular,18,Create,ConfigMap,false
1.141610126,Regular,15,Update,Deployment,false
1.161986301,Regular,4,Delete,ConfigMap,false
1.181395519,Regular,6,Delete,Deployment,false
1.202304411,Regular,10,Create,Deployment,false
1.22168733,Regular,8,Create,ConfigMap,false
1.241789608,Regular,11,Update,Deployment,false
1.2613433600000001,Regular,5,Delete,ConfigMap,false
1.281419398,Regular,7,Delete,Deployment,false
1.301604422,Regular,9,Create,Deployment,false
1.322032015,Regular,8,Create,ConfigMap,false
1.34160404,Regular,10,Update,Deployment,false
1.361943196,Regular,5,Delete,ConfigMap,false
1.381407458,Regular,7,Delete,Deployment,false
1.4019591249999999,Regular,8,Create,Deployment,false
1.421625189,Regular,8,Create,ConfigMap,false
1.441770087,Regular,11,Update,Deployment,false
1.461660845,Regular,6,Delete,ConfigMap,false
1.4812563349999999,Regular,6,Delete,Deployment,false
1.5013814060000001,Regular,9,Create,Deployment,false
1.5218629510000001,Regular,7,Create,ConfigMap,false
1.541380043,Regular,11,Update,Deployment,false
1.562088507,Regular,5,Delete,ConfigMap,false
1.581681232,Regular,6,Delete,Deployment,false
1.601664765,Regular,8,Create,Deployment,false
1.6215899679999999,Regular,9,Create,ConfigMap,false
1.642068207,Regular,13,Update,Deployment,false
1.661965177,Regular,5,Delete,ConfigMap,false
1.681990098,Regular,6,Delete,Deployment,false
1.701810453,Regular,8,Create,Deployment,false
1.721575574,Regular,8,Create,ConfigMap,false
1.741887558,Regular,9,Update,Deployment,false
1.761678678,Regular,5,Delete,ConfigMap,false
1.782114857,Regular,5,Delete,Deployment,false
1.8021710880000001,Regular,16,Create,Deployment,false
1.821481479,Regular,8,Create,ConfigMap,false
1.841707421,Regular,12,Update,Deployment,false
1.862074169,Regular,3,Delete,ConfigMap,false
1.8817179400000001,Regular,5,Delete,Deployment,false
1.901492058,Regular,10,Create,Deployment,false
1.9220962849999998,Regular,8,Create,ConfigMap,false
1.9416967139999999,Regular,11,Update,Deployment,false
1.961669407,Regular,5,Delete,ConfigMap,false
1.981848951,Regular,6,Delete,Deployment,false
2.001728528,Regular,8,Create,Deployment,false
1.001879052,Regular,11,Create,Deployment,false
1.021779198,Regular,9,Create,ConfigMap,false
1.041533678,Regular,14,Update,Deployment,false
1.062051351,Regular,5,Delete,ConfigMap,false
1.082437325,Regular,7,Delete,Deployment,false
1.101754489,Regular,12,Create,Deployment,false
1.122203663,Regular,18,Create,ConfigMap,false
1.1415408949999999,Regular,14,Update,Deployment,false
1.162085569,Regular,5,Delete,ConfigMap,false
1.181455573,Regular,6,Delete,Deployment,false
1.202252303,Regular,10,Create,Deployment,false
1.221788461,Regular,7,Create,ConfigMap,false
1.241862997,Regular,16,Update,Deployment,false
1.261445342,Regular,5,Delete,ConfigMap,false
1.28155305,Regular,6,Delete,Deployment,false
1.30170379,Regular,9,Create,Deployment,false
1.322039649,Regular,8,Create,ConfigMap,false
1.341571459,Regular,10,Update,Deployment,false
1.362048625,Regular,5,Delete,ConfigMap,false
1.381316606,Regular,3,Delete,Deployment,false
1.401991867,Regular,7,Create,Deployment,false
1.421476578,Regular,10,Create,ConfigMap,false
1.441656122,Regular,11,Update,Deployment,false
1.461770192,Regular,6,Delete,ConfigMap,false
1.481348289,Regular,5,Delete,Deployment,false
1.501522383,Regular,10,Create,Deployment,false
1.5219214220000001,Regular,7,Create,ConfigMap,false
1.5414886079999999,Regular,10,Update,Deployment,false
1.562026189,Regular,5,Delete,ConfigMap,false
1.581669139,Regular,6,Delete,Deployment,false
1.6015308419999998,Regular,8,Create,Deployment,false
1.621805897,Regular,9,Create,ConfigMap,false
1.642052487,Regular,13,Update,Deployment,false
1.6619447379999999,Regular,5,Delete,ConfigMap,false
1.681825768,Regular,7,Delete,Deployment,false
1.701555882,Regular,9,Create,Deployment,false
1.721484552,Regular,7,Create,ConfigMap,false
1.741959204,Regular,11,Update,Deployment,false
1.761552059,Regular,4,Delete,ConfigMap,false
1.7820823959999998,Regular,5,Delete,Deployment,false
1.802077681,Regular,13,Create,Deployment,false
1.82155617,Regular,8,Create,ConfigMap,false
1.841726838,Regular,12,Update,Deployment,false
1.861933192,Regular,5,Delete,ConfigMap,false
1.8815919719999998,Regular,5,Delete,Deployment,false
1.901322868,Regular,10,Create,Deployment,false
1.9223106699999999,Regular,7,Create,ConfigMap,false
1.941923823,Regular,11,Update,Deployment,false
1.961650632,Regular,5,Delete,ConfigMap,false
1.981893134,Regular,3,Delete,Deployment,false
2.00173503,Regular,9,Create,Deployment,false
1.021789587,Regular,9,Create,ConfigMap,false
1.041591197,Regular,15,Update,Deployment,false
1.062075126,Regular,6,Delete,ConfigMap,false
1.082360821,Regular,6,Delete,Deployment,false
1.101827868,Regular,10,Create,Deployment,false
1.122178956,Regular,18,Create,ConfigMap,false
1.141599486,Regular,11,Update,Deployment,false
1.162030905,Regular,5,Delete,ConfigMap,false
1.181282646,Regular,5,Delete,Deployment,false
1.202252954,Regular,10,Create,Deployment,false
1.221768083,Regular,8,Create,ConfigMap,false
1.241830856,Regular,16,Update,Deployment,false
1.261416668,Regular,5,Delete,ConfigMap,false
1.281623353,Regular,6,Delete,Deployment,false
1.301566881,Regular,10,Create,Deployment,false
1.321818,Regular,8,Create,ConfigMap,false
1.341570597,Regular,11,Update,Deployment,false
1.362124348,Regular,5,Delete,ConfigMap,false
1.381358005,Regular,7,Delete,Deployment,false
1.4018614409999999,Regular,9,Create,Deployment,false
1.421626,Regular,9,Create,ConfigMap,false
1.441795345,Regular,11,Update,Deployment,false
1.461730587,Regular,6,Delete,ConfigMap,false
1.481286963,Regular,4,Delete,Deployment,false
1.501435178,Regular,10,Create,Deployment,false
1.521776738,Regular,7,Create,ConfigMap,false
1.541349045,Regular,9,Update,Deployment,false
1.562093456,Regular,5,Delete,ConfigMap,false
1.58165885,Regular,4,Delete,Deployment,false
1.601586087,Regular,9,Create,Deployment,false
1.621762474,Regular,5,Create,ConfigMap,false
1.6421584870000001,Regular,12,Update,Deployment,false
1.6620029779999999,Regular,5,Delete,ConfigMap,false
1.6816812049999998,Regular,7,Delete,Deployment,false
1.701868653,Regular,8,Create,Deployment,false
1.721543263,Regular,8,Create,ConfigMap,false
1.741975585,Regular,10,Update,Deployment,false
1.7616903499999998,Regular,5,Delete,ConfigMap,false
1.7820435319999999,Regular,5,Delete,Deployment,false
1.802032376,Regular,12,Create,Deployment,false
1.821542835,Regular,8,Create,ConfigMap,false
1.84172287,Regular,11,Update,Deployment,false
1.861971494,Regular,5,Delete,ConfigMap,false
1.881803121,Regular,5,Delete,Deployment,false
1.9015364620000001,Regular,10,Create,Deployment,false
1.922201263,Regular,8,Create,ConfigMap,false
1.9418175720000002,Regular,11,Update,Deployment,false
1.9616989729999998,Regular,5,Delete,ConfigMap,false
1.981857948,Regular,5,Delete,Deployment,false
2.001807507,Regular,9,Create,Deployment,false
1.002138402,Regular,9,Create,Deployment,false
1.02168536,Regular,7,Create,ConfigMap,false
1.041559297,Regular,12,Update,Deployment,false
1.062321221,Regular,6,Delete,ConfigMap,false
1.0819505249999999,Regular,5,Delete,Deployment,false
1.1016324690000001,Regular,11,Create,Deployment,false
1.122206067,Regular,17,Create,ConfigMap,false
1.141684677,Regular,15,Update,Deployment,false
1.16201222,Regular,6,Delete,ConfigMap,false
1.181415597,Regular,6,Delete,Deployment,false
1.202138588,Regular,10,Create,Deployment,false
1.221664517,Regular,7,Create,ConfigMap,false
1.241762597,Regular,16,Update,Deployment,false
1.261450372,Regular,5,Delete,ConfigMap,false
1.281443383,Regular,5,Delete,Deployment,false
1.301663484,Regular,7,Create,Deployment,false
1.321896729,Regular,5,Create,ConfigMap,false
1.341615813,Regular,11,Update,Deployment,false
1.362078011,Regular,6,Delete,ConfigMap,false
1.3813379669999999,Regular,4,Delete,Deployment,false
1.40178716,Regular,9,Create,Deployment,false
1.4213948840000001,Regular,10,Create,ConfigMap,false
1.4416806580000001,Regular,11,Update,Deployment,false
1.461758299,Regular,6,Delete,ConfigMap,false
1.4813494010000001,Regular,5,Delete,Deployment,false
1.501411413,Regular,10,Create,Deployment,false
1.522019126,Regular,8,Create,ConfigMap,false
1.5412716579999999,Regular,10,Update,Deployment,false
1.562189037,Regular,5,Delete,ConfigMap,false
1.581878575,Regular,5,Delete,Deployment,false
1.601763913,Regular,9,Create,Deployment,false
1.6216750389999999,Regular,9,Create,ConfigMap,false
1.642098394,Regular,14,Update,Deployment,false
1.661954326,Regular,5,Delete,ConfigMap,false
1.681709107,Regular,7,Delete,Deployment,false
1.701637196,Regular,9,Create,Deployment,false
1.721515942,Regular,8,Create,ConfigMap,false
1.741931511,Regular,10,Update,Deployment,false
1.761577497,Regular,5,Delete,ConfigMap,false
1.782086423,Regular,5,Delete,Deployment,false
1.802058716,Regular,7,Create,Deployment,false
1.821344871,Regular,8,Create,ConfigMap,false
1.841699005,Regular,10,Update,Deployment,false
1.8619654030000001,Regular,5,Delete,ConfigMap,false
1.881615106,Regular,5,Delete,Deployment,false
1.901351833,Regular,10,Create,Deployment,false
1.9222491229999998,Regular,8,Create,ConfigMap,false
1.941772046,Regular,11,Update,Deployment,false
1.961716777,Regular,5,Delete,ConfigMap,false
1.9817675970000002,Regular,4,Delete,Deployment,false
2.001603271,Regular,9,Create,Deployment,false
1.021611821,Regular,9,Create,ConfigMap,false
1.041710583,Regular,12,Update,Deployment,false
1.062179283,Regular,6,Delete,ConfigMap,false
1.081921771,Regular,8,Delete,Deployment,false
1.10181843,Regular,11,Create,Deployment,false
1.122152246,Regular,18,Create,ConfigMap,false
1.141633219,Regular,12,Update,Deployment,false
1.162050332,Regular,5,Delete,ConfigMap,false
1.181542066,Regular,6,Delete,Deployment,false
1.202105786,Regular,10,Create,Deployment,false
1.221820001,Regular,7,Create,ConfigMap,false
1.241897803,Regular,10,Update,Deployment,false
1.261484466,Regular,5,Delete,ConfigMap,false
1.281599057,Regular,6,Delete,Deployment,false
1.30165116,Regular,9,Create,Deployment,false
1.321863246,Regular,8,Create,ConfigMap,false
1.341579204,Regular,12,Update,Deployment,false
1.362028317,Regular,5,Delete,ConfigMap,false
1.381398772,Regular,7,Delete,Deployment,false
1.401804884,Regular,9,Create,Deployment,false
1.4213665899999999,Regular,9,Create,ConfigMap,false
1.441851331,Regular,9,Update,Deployment,false
1.461822551,Regular,6,Delete,ConfigMap,false
1.481334934,Regular,5,Delete,Deployment,false
1.501464734,Regular,9,Create,Deployment,false
1.521885113,Regular,8,Create,ConfigMap,false
1.541239267,Regular,11,Update,Deployment,false
1.562122311,Regular,5,Delete,ConfigMap,false
1.581739041,Regular,4,Delete,Deployment,false
1.601657992,Regular,9,Create,Deployment,false
1.6216844670000001,Regular,9,Create,ConfigMap,false
1.642020857,Regular,13,Update,Deployment,false
1.661911365,Regular,5,Delete,ConfigMap,false
1.6819485699999999,Regular,7,Delete,Deployment,false
1.7018128479999999,Regular,9,Create,Deployment,false
1.721616842,Regular,8,Create,ConfigMap,false
1.741974673,Regular,10,Update,Deployment,false
1.761699387,Regular,5,Delete,ConfigMap,false
1.782223312,Regular,5,Delete,Deployment,false
1.8021414519999999,Regular,17,Create,Deployment,false
1.821563584,Regular,8,Create,ConfigMap,false
1.841592103,Regular,11,Update,Deployment,false
1.862031117,Regular,5,Delete,ConfigMap,false
1.881775589,Regular,4,Delete,Deployment,false
1.9015630620000001,Regular,10,Create,Deployment,false
1.9221737110000001,Regular,8,Create,ConfigMap,false
1.9417512270000001,Regular,10,Update,Deployment,false
1.9617578340000001,Regular,5,Delete,ConfigMap,false
1.981745936,Regular,4,Delete,Deployment,false
2.001582201,Regular,9,Create,Deployment,false
2.001715022,Regular,9,Create,Deployment,false
2.021739553,Regular,9,Create,ConfigMap,false
2.04205309,Regular,11,Update,Deployment,false
2.0622144000000002,Regular,5,Delete,ConfigMap,false
2.08213248,Regular,7,Delete,Deployment,false
2.102022566,Regular,8,Create,Deployment,false
2.121696525,Regular,8,Create,ConfigMap,false
2.141484729,Regular,12,Update,Deployment,false
2.161485866,Regular,5,Delete,ConfigMap,false
2.18130024,Regular,6,Delete,Deployment,false
2.202030785,Regular,8,Create,Deployment,false
2.221765338,Regular,7,Create,ConfigMap,false
2.241444296,Regular,10,Update,Deployment,false
2.261257408,Regular,5,Delete,ConfigMap,false
2.282255769,Regular,4,Delete,Deployment,false
2.302122692,Regular,8,Create,Deployment,false
2.321990677,Regular,7,Create,ConfigMap,false
2.341427397,Regular,14,Update,Deployment,false
2.362102898,Regular,6,Delete,ConfigMap,false
2.382210626,Regular,5,Delete,Deployment,false
2.402048525,Regular,9,Create,Deployment,false
2.4213465530000002,Regular,7,Create,ConfigMap,false
2.4422542529999998,Regular,20,Update,Deployment,false
2.463142295,Regular,19,Delete,ConfigMap,false
2.48264473,Regular,20,Delete,Deployment,false
2.502916428,Regular,38,Create,Deployment,false
2.5415050900000002,Regular,38,Create,ConfigMap,false
2.580056913,Regular,61,Update,Deployment,false
2.64182089,Regular,19,Delete,ConfigMap,false
2.661658057,Regular,20,Delete,Deployment,false
2.682446962,Regular,38,Create,Deployment,false
2.720807363,Regular,39,Create,ConfigMap,false
2.759957526,Regular,62,Update,Deployment,false
2.822231687,Regular,19,Delete,ConfigMap,false
2.841417494,Regular,20,Delete,Deployment,false
2.861924477,Regular,38,Create,Deployment,false
2.900592078,Regular,39,Create,ConfigMap,false
2.940275869,Regular,61,Update,Deployment,false
2.021829624,Regular,8,Create,ConfigMap,false
2.042097324,Regular,10,Update,Deployment,false
2.062160428,Regular,5,Delete,ConfigMap,false
2.082164881,Regular,7,Delete,Deployment,false
2.101890797,Regular,9,Create,Deployment,false
2.121788799,Regular,7,Create,ConfigMap,false
2.141560783,Regular,12,Update,Deployment,false
2.161666577,Regular,5,Delete,ConfigMap,false
2.181366786,Regular,6,Delete,Deployment,false
2.202107049,Regular,9,Create,Deployment,false
2.221846091,Regular,7,Create,ConfigMap,false
2.241535088,Regular,12,Update,Deployment,false
2.261407421,Regular,5,Delete,ConfigMap,false
2.282315121,Regular,4,Delete,Deployment,false
2.302205629,Regular,8,Create,Deployment,false
2.321881751,Regular,6,Create,ConfigMap,false
2.341393643,Regular,12,Update,Deployment,false
2.36211947,Regular,6,Delete,ConfigMap,false
2.381967447,Regular,5,Delete,Deployment,false
2.402187818,Regular,6,Create,Deployment,false
2.421320544,Regular,7,Create,ConfigMap,false
2.442276545,Regular,19,Update,Deployment,false
2.461785221,Regular,18,Delete,ConfigMap,false
2.4814912700000002,Regular,17,Delete,Deployment,false
2.501708355,Regular,39,Create,Deployment,false
2.540830926,Regular,40,Create,ConfigMap,false
2.581478609,Regular,61,Update,Deployment,false
2.642780884,Regular,19,Delete,ConfigMap,false
2.662697511,Regular,20,Delete,Deployment,false
2.683577318,Regular,37,Create,Deployment,false
2.721459946,Regular,39,Create,ConfigMap,false
2.761151182,Regular,61,Update,Deployment,false
2.823054202,Regular,19,Delete,ConfigMap,false
2.842333274,Regular,20,Delete,Deployment,false
2.863024906,Regular,38,Create,Deployment,false
2.901218993,Regular,40,Create,ConfigMap,false
2.941549356,Regular,61,Update,Deployment,false
2.001600195,Regular,9,Create,Deployment,false
2.021800488,Regular,6,Create,ConfigMap,false
2.042067748,Regular,14,Update,Deployment,false
2.062250408,Regular,4,Delete,ConfigMap,false
2.082217641,Regular,7,Delete,Deployment,false
2.101830393,Regular,9,Create,Deployment,false
2.121863831,Regular,7,Create,ConfigMap,false
2.141528662,Regular,12,Update,Deployment,false
2.161597186,Regular,5,Delete,ConfigMap,false
2.181353741,Regular,6,Delete,Deployment,false
2.201950774,Regular,8,Create,Deployment,false
2.221801096,Regular,8,Create,ConfigMap,false
2.241435249,Regular,12,Update,Deployment,false
2.2614622349999998,Regular,4,Delete,ConfigMap,false
2.282113119,Regular,5,Delete,Deployment,false
2.302160303,Regular,9,Create,Deployment,false
2.321864428,Regular,8,Create,ConfigMap,false
2.341510715,Regular,13,Update,Deployment,false
2.362136632,Regular,5,Delete,ConfigMap,false
2.3820179120000002,Regular,5,Delete,Deployment,false
2.402090113,Regular,8,Create,Deployment,false
2.421245181,Regular,7,Create,ConfigMap,false
2.442199038,Regular,21,Update,Deployment,false
2.463789018,Regular,19,Delete,ConfigMap,false
2.483546434,Regular,20,Delete,Deployment,false
2.503927859,Regular,38,Create,Deployment,false
2.5423478729999998,Regular,41,Create,ConfigMap,false
2.583408126,Regular,61,Update,Deployment,false
2.644581687,Regular,20,Delete,ConfigMap,false
2.66488767,Regular,20,Delete,Deployment,false
2.685357262,Regular,38,Create,Deployment,false
2.723665294,Regular,40,Create,ConfigMap,false
2.763677356,Regular,61,Update,Deployment,false
2.82480471,Regular,19,Delete,ConfigMap,false
2.844782803,Regular,20,Delete,Deployment,false
2.864946357,Regular,38,Create,Deployment,false
2.903350761,Regular,40,Create,ConfigMap,false
2.943373994,Regular,61,Update,Deployment,false
2.021707453,Regular,9,Create,ConfigMap,false
2.042030508,Regular,14,Update,Deployment,false
2.062291155,Regular,5,Delete,ConfigMap,false
2.082438267,Regular,7,Delete,Deployment,false
2.101981529,Regular,9,Create,Deployment,false
2.121867227,Regular,7,Create,ConfigMap,false
2.141619885,Regular,12,Update,Deployment,false
2.161610932,Regular,5,Delete,ConfigMap,false
2.181273409,Regular,6,Delete,Deployment,false
2.202016538,Regular,9,Create,Deployment,false
2.221785456,Regular,8,Create,ConfigMap,false
2.241619828,Regular,12,Update,Deployment,false
2.26132768,Regular,5,Delete,ConfigMap,false
2.282310162,Regular,5,Delete,Deployment,false
2.302171194,Regular,8,Create,Deployment,false
2.3218858989999998,Regular,8,Create,ConfigMap,false
2.34141296,Regular,13,Update,Deployment,false
2.362187648,Regular,5,Delete,ConfigMap,false
2.382042549,Regular,5,Delete,Deployment,false
2.402106304,Regular,9,Create,Deployment,false
2.421315895,Regular,7,Create,ConfigMap,false
2.442303045,Regular,27,Update,Deployment,false
2.469932026,Regular,20,Delete,ConfigMap,false
2.490348628,Regular,19,Delete,Deployment,false
2.50976517,Regular,38,Create,Deployment,false
2.548417412,Regular,39,Create,ConfigMap,false
2.587436718,Regular,60,Update,Deployment,false
2.648238508,Regular,21,Delete,ConfigMap,false
2.669309717,Regular,20,Delete,Deployment,false
2.689315652,Regular,38,Create,Deployment,false
2.727422203,Regular,39,Create,ConfigMap,false
2.767368691,Regular,60,Update,Deployment,false
2.828337045,Regular,20,Delete,ConfigMap,false
2.848790927,Regular,20,Delete,Deployment,false
2.8690297129999998,Regular,38,Create,Deployment,false
2.907506354,Regular,39,Create,ConfigMap,false
2.947131435,Regular,61,Update,Deployment,false
2.00165049,Regular,9,Create,Deployment,false
2.021923311,Regular,8,Create,ConfigMap,false
2.041917053,Regular,13,Update,Deployment,false
2.062250368,Regular,5,Delete,ConfigMap,false
2.082274217,Regular,7,Delete,Deployment,false
2.101930282,Regular,9,Create,Deployment,false
2.121804439,Regular,7,Create,ConfigMap,false
2.141588956,Regular,12,Update,Deployment,false
2.161508609,Regular,3,Delete,ConfigMap,false
2.181424715,Regular,6,Delete,Deployment,false
2.201942058,Regular,7,Create,Deployment,false
2.221842955,Regular,8,Create,ConfigMap,false
2.24161044,Regular,12,Update,Deployment,false
2.261313213,Regular,5,Delete,ConfigMap,false
2.282170458,Regular,5,Delete,Deployment,false
2.302077366,Regular,9,Create,Deployment,false
2.321784457,Regular,8,Create,ConfigMap,false
2.341547664,Regular,13,Update,Deployment,false
2.362137113,Regular,5,Delete,ConfigMap,false
2.381957618,Regular,5,Delete,Deployment,false
2.401946963,Regular,9,Create,Deployment,false
2.421267854,Regular,7,Create,ConfigMap,false
2.442450724,Regular,35,Update,Deployment,false
2.477615486,Regular,18,Delete,ConfigMap,false
2.496103644,Regular,20,Delete,Deployment,false
2.5162456669999997,Regular,37,Create,Deployment,false
2.554177518,Regular,39,Create,ConfigMap,false
2.594179841,Regular,61,Update,Deployment,false
2.655874948,Regular,20,Delete,ConfigMap,false
2.676083046,Regular,20,Delete,Deployment,false
2.6961715379999998,Regular,38,Create,Deployment,false
2.7346542400000002,Regular,39,Create,ConfigMap,false
2.77415188,Regular,61,Update,Deployment,false
2.835924584,Regular,21,Delete,ConfigMap,false
2.857159211,Regular,18,Delete,Deployment,false
2.87613978,Regular,37,Create,Deployment,false
2.91409807,Regular,40,Create,ConfigMap,false
2.954247702,Regular,61,Update,Deployment,false
2.02199204,Regular,8,Create,ConfigMap,false
2.041976766,Regular,10,Update,Deployment,false
2.062246781,Regular,5,Delete,ConfigMap,false
2.082117261,Regular,7,Delete,Deployment,false
2.101901277,Regular,9,Create,Deployment,false
2.12172037,Regular,8,Create,ConfigMap,false
2.141614855,Regular,11,Update,Deployment,false
2.16142973,Regular,5,Delete,ConfigMap,false
2.18142753,Regular,6,Delete,Deployment,false
2.202079557,Regular,8,Create,Deployment,false
2.221813359,Regular,5,Create,ConfigMap,false
2.241537973,Regular,12,Update,Deployment,false
2.261270092,Regular,5,Delete,ConfigMap,false
2.2821372650000002,Regular,5,Delete,Deployment,false
2.302189989,Regular,9,Create,Deployment,false
2.321765702,Regular,6,Create,ConfigMap,false
2.341331215,Regular,10,Update,Deployment,false
2.362187568,Regular,3,Delete,ConfigMap,false
2.382065753,Regular,5,Delete,Deployment,false
2.40207754,Regular,9,Create,Deployment,false
2.421237296,Regular,7,Create,ConfigMap,false
2.442325107,Regular,18,Update,Deployment,false
2.46156768,Regular,19,Delete,ConfigMap,false
2.481509134,Regular,18,Delete,Deployment,false
2.501683628,Regular,36,Create,Deployment,false
2.53777972,Regular,38,Create,ConfigMap,false
2.576411404,Regular,61,Update,Deployment,false
2.638173537,Regular,20,Delete,ConfigMap,false
2.658616018,Regular,20,Delete,Deployment,false
2.6792570639999997,Regular,38,Create,Deployment,false
2.717652431,Regular,40,Create,ConfigMap,false
2.758244619,Regular,60,Update,Deployment,false
2.819178849,Regular,19,Delete,ConfigMap,false
2.838557068,Regular,20,Delete,Deployment,false
2.859116901,Regular,38,Create,Deployment,false
2.897255523,Regular,39,Create,ConfigMap,false
2.936459277,Regular,61,Update,Deployment,false
2.99805712,Regular,20,Delete,ConfigMap,false
2.021860121,Regular,8,Create,ConfigMap,false
2.041902806,Regular,11,Update,Deployment,false
2.062232063,Regular,5,Delete,ConfigMap,false
2.082149371,Regular,7,Delete,Deployment,false
2.101811247,Regular,9,Create,Deployment,false
2.121688991,Regular,7,Create,ConfigMap,false
2.141424606,Regular,12,Update,Deployment,false
2.161547683,Regular,4,Delete,ConfigMap,false
2.18140622,Regular,5,Delete,Deployment,false
2.202060692,Regular,8,Create,Deployment,false
2.221873523,Regular,6,Create,ConfigMap,false
2.241495423,Regular,12,Update,Deployment,false
2.261408223,Regular,5,Delete,ConfigMap,false
2.282257532,Regular,5,Delete,Deployment,false
2.302220887,Regular,6,Create,Deployment,false
2.321853848,Regular,8,Create,ConfigMap,false
2.341359228,Regular,12,Update,Deployment,false
2.362087279,Regular,5,Delete,ConfigMap,false
2.38222324,Regular,5,Delete,Deployment,false
2.401962823,Regular,7,Create,Deployment,false
2.421372963,Regular,7,Create,ConfigMap,false
2.44219467,Regular,16,Update,Deployment,false
2.461528416,Regular,17,Delete,ConfigMap,false
2.481515786,Regular,19,Delete,Deployment,false
2.501671245,Regular,37,Create,Deployment,false
2.539369254,Regular,39,Create,ConfigMap,false
2.578736347,Regular,61,Update,Deployment,false
2.639775475,Regular,19,Delete,ConfigMap,false
2.659562747,Regular,20,Delete,Deployment,false
2.6801199049999997,Regular,38,Create,Deployment,false
2.718295586,Regular,39,Create,ConfigMap,false
2.7582412229999997,Regular,61,Update,Deployment,false
2.8202352250000002,Regular,19,Delete,ConfigMap,false
2.839466577,Regular,20,Delete,Deployment,false
2.859932252,Regular,38,Create,Deployment,false
2.898614621,Regular,40,Create,ConfigMap,false
2.938894158,Regular,60,Update,Deployment,false
2.999552095,Regular,20,Delete,ConfigMap,false
2.001747243,Regular,9,Create,Deployment,false
2.021760142,Regular,8,Create,ConfigMap,false
2.0419681,Regular,14,Update,Deployment,false
2.062148004,Regular,5,Delete,ConfigMap,false
2.082103896,Regular,4,Delete,Deployment,false
2.101820134,Regular,9,Create,Deployment,false
2.121941307,Regular,7,Create,ConfigMap,false
2.141436698,Regular,12,Update,Deployment,false
2.161520371,Regular,5,Delete,ConfigMap,false
2.181357188,Regular,6,Delete,Deployment,false
2.202035224,Regular,8,Create,Deployment,false
2.221833617,Regular,7,Create,ConfigMap,false
2.241469514,Regular,12,Update,Deployment,false
2.261354301,Regular,5,Delete,ConfigMap,false
2.2824548350000002,Regular,5,Delete,Deployment,false
2.30229102,Regular,9,Create,Deployment,false
2.32197088,Regular,8,Create,ConfigMap,false
2.341452434,Regular,14,Update,Deployment,false
2.362142203,Regular,4,Delete,ConfigMap,false
2.382083927,Regular,5,Delete,Deployment,false
2.402052442,Regular,9,Create,Deployment,false
2.421326815,Regular,7,Create,ConfigMap,false
2.442264692,Regular,20,Update,Deployment,false
2.462468302,Regular,19,Delete,ConfigMap,false
2.481699283,Regular,20,Delete,Deployment,false
2.501835204,Regular,36,Create,Deployment,false
2.538392588,Regular,40,Create,ConfigMap,false
2.57921958,Regular,61,Update,Deployment,false
2.640800391,Regular,19,Delete,ConfigMap,false
2.660624343,Regular,20,Delete,Deployment,false
2.681169248,Regular,38,Create,Deployment,false
2.719337044,Regular,40,Create,ConfigMap,false
2.75939355,Regular,61,Update,Deployment,false
2.821097314,Regular,19,Delete,ConfigMap,false
2.8404349570000003,Regular,20,Delete,Deployment,false
2.860971045,Regular,38,Create,Deployment,false
2.8991854999999997,Regular,40,Create,ConfigMap,false
2.93965728,Regular,61,Update,Deployment,false
3.000782831,Regular,19,Delete,ConfigMap,false
2.021846095,Regular,8,Create,ConfigMap,false
2.042003266,Regular,10,Update,Deployment,false
2.062187669,Regular,5,Delete,ConfigMap,false
2.082074039,Regular,7,Delete,Deployment,false
2.101877082,Regular,9,Create,Deployment,false
2.121858321,Regular,7,Create,ConfigMap,false
2.141513303,Regular,12,Update,Deployment,false
2.161479464,Regular,5,Delete,ConfigMap,false
2.181382054,Regular,6,Delete,Deployment,false
2.202168004,Regular,9,Create,Deployment,false
2.221730783,Regular,8,Create,ConfigMap,false
2.241396836,Regular,12,Update,Deployment,false
2.261249573,Regular,5,Delete,ConfigMap,false
2.282104162,Regular,5,Delete,Deployment,false
2.3022980730000002,Regular,9,Create,Deployment,false
2.321901779,Regular,7,Create,ConfigMap,false
2.341403171,Regular,11,Update,Deployment,false
2.362079664,Regular,5,Delete,ConfigMap,false
2.382004868,Regular,5,Delete,Deployment,false
2.402005463,Regular,8,Create,Deployment,false
2.421256953,Regular,7,Create,ConfigMap,false
2.442451906,Regular,23,Update,Deployment,false
2.465647309,Regular,20,Delete,ConfigMap,false
2.486035257,Regular,19,Delete,Deployment,false
2.505944761,Regular,38,Create,Deployment,false
2.5445855809999998,Regular,37,Create,ConfigMap,false
2.582160107,Regular,61,Update,Deployment,false
2.64378945,Regular,20,Delete,ConfigMap,false
2.663876108,Regular,20,Delete,Deployment,false
2.684351511,Regular,37,Create,Deployment,false
2.722241062,Regular,40,Create,ConfigMap,false
2.763051263,Regular,60,Update,Deployment,false
2.823921621,Regular,19,Delete,ConfigMap,false
2.8432299690000002,Regular,20,Delete,Deployment,false
2.864012803,Regular,38,Create,Deployment,false
2.902539528,Regular,39,Create,ConfigMap,false
2.942169237,Regular,61,Update,Deployment,false
3.003567323,Regular,20,Delete,ConfigMap,false
2.021877033,Regular,9,Create,ConfigMap,false
2.041941199,Regular,11,Update,Deployment,false
2.062131984,Regular,5,Delete,ConfigMap,false
2.082197783,Regular,4,Delete,Deployment,false
2.101839851,Regular,9,Create,Deployment,false
2.12174166,Regular,8,Create,ConfigMap,false
2.141542809,Regular,12,Update,Deployment,false
2.161550809,Regular,5,Delete,ConfigMap,false
2.181286895,Regular,6,Delete,Deployment,false
2.201966664,Regular,9,Create,Deployment,false
2.221813279,Regular,7,Create,ConfigMap,false
2.241511764,Regular,11,Update,Deployment,false
2.26141232,Regular,5,Delete,ConfigMap,false
2.28236226,Regular,5,Delete,Deployment,false
2.302202112,Regular,9,Create,Deployment,false
2.321743169,Regular,8,Create,ConfigMap,false
2.34149245,Regular,13,Update,Deployment,false
2.362047854,Regular,5,Delete,ConfigMap,false
2.38194268,Regular,5,Delete,Deployment,false
2.402036141,Regular,9,Create,Deployment,false
2.4213031210000002,Regular,7,Create,ConfigMap,false
2.442348541,Regular,29,Update,Deployment,false
2.471694407,Regular,20,Delete,ConfigMap,false
2.492600474,Regular,19,Delete,Deployment,false
2.511962913,Regular,38,Create,Deployment,false
2.550791409,Regular,39,Create,ConfigMap,false
2.590593604,Regular,63,Update,Deployment,false
2.6538476170000003,Regular,18,Delete,ConfigMap,false
2.672191853,Regular,19,Delete,Deployment,false
2.692183902,Regular,38,Create,Deployment,false
2.730384471,Regular,39,Create,ConfigMap,false
2.770044057,Regular,62,Update,Deployment,false
2.832445649,Regular,19,Delete,ConfigMap,false
2.8516316760000002,Regular,20,Delete,Deployment,false
2.872261771,Regular,37,Create,Deployment,false
2.910036084,Regular,40,Create,ConfigMap,false
2.950394711,Regular,61,Update,Deployment,false
3.012020187,Regular,20,Delete,ConfigMap,false
3.019688999,Regular,19,Delete,Deployment,false
3.03929014,Regular,38,Create,Deployment,false
3.078130898,Regular,39,Create,ConfigMap,false
3.117335244,Regular,61,Update,Deployment,false
3.1787967,Regular,20,Delete,ConfigMap,false
3.198979309,Regular,21,Delete,Deployment,false
3.219999953,Regular,38,Create,Deployment,false
3.258565251,Regular,39,Create,ConfigMap,false
3.298209548,Regular,62,Update,Deployment,false
3.360489259,Regular,18,Delete,ConfigMap,false
3.379373756,Regular,20,Delete,Deployment,false
3.399588827,Regular,38,Create,Deployment,false
3.438165958,Regular,40,Create,ConfigMap,false
3.478208597,Regular,61,Update,Deployment,false
3.53941996,Regular,20,Delete,ConfigMap,false
3.559957551,Regular,20,Delete,Deployment,false
3.580021807,Regular,39,Create,Deployment,false
3.619073043,Regular,39,Create,ConfigMap,false
3.658700418,Regular,60,Update,Deployment,false
3.7194351,Regular,20,Delete,ConfigMap,false
3.739785257,Regular,20,Delete,Deployment,false
3.760543354,Regular,38,Create,Deployment,false
3.798620069,Regular,39,Create,ConfigMap,false
3.838612934,Regular,60,Update,Deployment,false
3.899154041,Regular,19,Delete,ConfigMap,false
3.918790669,Regular,21,Delete,Deployment,false
3.940318931,Regular,38,Create,Deployment,false
3.979176051,Regular,39,Create,ConfigMap,false
3.001550061,Regular,20,Delete,ConfigMap,false
3.021595051,Regular,20,Delete,Deployment,false
3.041702659,Regular,38,Create,Deployment,false
3.080699763,Regular,39,Create,ConfigMap,false
3.120503691,Regular,61,Update,Deployment,false
3.181713151,Regular,20,Delete,ConfigMap,false
3.201836639,Regular,20,Delete,Deployment,false
3.222034888,Regular,38,Create,Deployment,false
3.26071358,Regular,39,Create,ConfigMap,false
3.300186554,Regular,61,Update,Deployment,false
3.362014271,Regular,20,Delete,ConfigMap,false
3.382268987,Regular,19,Delete,Deployment,false
3.401798984,Regular,38,Create,Deployment,false
3.440154886,Regular,40,Create,ConfigMap,false
3.480447969,Regular,61,Update,Deployment,false
3.541665955,Regular,20,Delete,ConfigMap,false
3.562063771,Regular,20,Delete,Deployment,false
3.5827127819999998,Regular,37,Create,Deployment,false
3.620422644,Regular,40,Create,ConfigMap,false
3.6604890279999998,Regular,60,Update,Deployment,false
3.72141407,Regular,20,Delete,ConfigMap,false
3.741843716,Regular,20,Delete,Deployment,false
3.762332825,Regular,37,Create,Deployment,false
3.800252163,Regular,40,Create,ConfigMap,false
3.840568099,Regular,61,Update,Deployment,false
3.902042149,Regular,19,Delete,ConfigMap,false
3.921850741,Regular,19,Delete,Deployment,false
3.941305526,Regular,38,Create,Deployment,false
3.979725699,Regular,39,Create,ConfigMap,false
3.023602655,Regular,20,Delete,Deployment,false
3.043687089,Regular,38,Create,Deployment,false
3.082249241,Regular,40,Create,ConfigMap,false
3.122458786,Regular,60,Update,Deployment,false
3.182734872,Regular,20,Delete,ConfigMap,false
3.202954652,Regular,21,Delete,Deployment,false
3.224509995,Regular,36,Create,Deployment,false
3.26136963,Regular,40,Create,ConfigMap,false
3.301431807,Regular,61,Update,Deployment,false
3.362665181,Regular,20,Delete,ConfigMap,false
3.383107392,Regular,19,Delete,Deployment,false
3.40290827,Regular,38,Create,Deployment,false
3.441528792,Regular,39,Create,ConfigMap,false
3.481237942,Regular,61,Update,Deployment,false
3.542519107,Regular,20,Delete,ConfigMap,false
3.563089209,Regular,20,Delete,Deployment,false
3.583860471,Regular,37,Create,Deployment,false
3.62126207,Regular,39,Create,ConfigMap,false
3.661082079,Regular,61,Update,Deployment,false
3.722521252,Regular,20,Delete,ConfigMap,false
3.742995263,Regular,20,Delete,Deployment,false
3.763251872,Regular,38,Create,Deployment,false
3.801580463,Regular,39,Create,ConfigMap,false
3.841195174,Regular,61,Update,Deployment,false
3.902636862,Regular,20,Delete,ConfigMap,false
3.922827828,Regular,20,Delete,Deployment,false
3.94303275,Regular,38,Create,Deployment,false
3.981675795,Regular,39,Create,ConfigMap,false
3.0026343,Regular,19,Delete,ConfigMap,false
3.022563511,Regular,20,Delete,Deployment,false
3.042652774,Regular,38,Create,Deployment,false
3.081411748,Regular,39,Create,ConfigMap,false
3.121152127,Regular,62,Update,Deployment,false
3.183738939,Regular,20,Delete,ConfigMap,false
3.203958979,Regular,21,Delete,Deployment,false
3.22594645,Regular,36,Create,Deployment,false
3.262316399,Regular,39,Create,ConfigMap,false
3.30213217,Regular,61,Update,Deployment,false
3.3639985709999998,Regular,20,Delete,ConfigMap,false
3.38410668,Regular,19,Delete,Deployment,false
3.403994432,Regular,38,Create,Deployment,false
3.44226828,Regular,40,Create,ConfigMap,false
3.482635352,Regular,60,Update,Deployment,false
3.543576996,Regular,20,Delete,ConfigMap,false
3.564230826,Regular,20,Delete,Deployment,false
3.584920925,Regular,37,Create,Deployment,false
3.6226253059999998,Regular,39,Create,ConfigMap,false
3.662282768,Regular,61,Update,Deployment,false
3.723729706,Regular,20,Delete,ConfigMap,false
3.744065936,Regular,19,Delete,Deployment,false
3.764050261,Regular,38,Create,Deployment,false
3.802254537,Regular,40,Create,ConfigMap,false
3.8424681,Regular,61,Update,Deployment,false
3.903527155,Regular,20,Delete,ConfigMap,false
3.9238399,Regular,20,Delete,Deployment,false
3.944023602,Regular,38,Create,Deployment,false
3.9822980709999998,Regular,40,Create,ConfigMap,false
3.00835966,Regular,20,Delete,ConfigMap,false
3.02867487,Regular,19,Delete,Deployment,false
3.04859851,Regular,39,Create,Deployment,false
3.08774678,Regular,39,Create,ConfigMap,false
3.1271244129999998,Regular,61,Update,Deployment,false
3.188918557,Regular,20,Delete,ConfigMap,false
3.208996068,Regular,20,Delete,Deployment,false
3.229569055,Regular,37,Create,Deployment,false
3.267281021,Regular,40,Create,ConfigMap,false
3.307584734,Regular,61,Update,Deployment,false
3.368656043,Regular,20,Delete,ConfigMap,false
3.388716101,Regular,20,Delete,Deployment,false
3.409342559,Regular,37,Create,Deployment,false
3.447319375,Regular,39,Create,ConfigMap,false
3.4870340349999998,Regular,61,Update,Deployment,false
3.5484839790000002,Regular,20,Delete,ConfigMap,false
3.5692034230000003,Regular,19,Delete,Deployment,false
3.589041952,Regular,38,Create,Deployment,false
3.627581963,Regular,39,Create,ConfigMap,false
3.667084782,Regular,61,Update,Deployment,false
3.72831454,Regular,20,Delete,ConfigMap,false
3.748948393,Regular,19,Delete,Deployment,false
3.768789838,Regular,38,Create,Deployment,false
3.807709966,Regular,39,Create,ConfigMap,false
3.847293198,Regular,62,Update,Deployment,false
3.910102901,Regular,19,Delete,ConfigMap,false
3.929506689,Regular,20,Delete,Deployment,false
3.949654844,Regular,38,Create,Deployment,false
3.988410281,Regular,39,Create,ConfigMap,false
3.032363811,Regular,20,Delete,Deployment,false
3.052543275,Regular,37,Create,Deployment,false
3.090539507,Regular,39,Create,ConfigMap,false
3.130335801,Regular,61,Update,Deployment,false
3.191482793,Regular,20,Delete,ConfigMap,false
3.212080868,Regular,20,Delete,Deployment,false
3.232775495,Regular,37,Create,Deployment,false
3.270685605,Regular,39,Create,ConfigMap,false
3.310001141,Regular,61,Update,Deployment,false
3.371369901,Regular,20,Delete,ConfigMap,false
3.391854401,Regular,20,Delete,Deployment,false
3.412021211,Regular,38,Create,Deployment,false
3.450614923,Regular,39,Create,ConfigMap,false
3.490080843,Regular,61,Update,Deployment,false
3.5514106290000003,Regular,21,Delete,ConfigMap,false
3.572971934,Regular,18,Delete,Deployment,false
3.59166007,Regular,39,Create,Deployment,false
3.631080033,Regular,39,Create,ConfigMap,false
3.670507621,Regular,61,Update,Deployment,false
3.732292878,Regular,19,Delete,ConfigMap,false
3.751741551,Regular,20,Delete,Deployment,false
3.771846784,Regular,38,Create,Deployment,false
3.810607762,Regular,39,Create,ConfigMap,false
3.850380011,Regular,61,Update,Deployment,false
3.91200196,Regular,21,Delete,ConfigMap,false
3.933032231,Regular,19,Delete,Deployment,false
3.952909173,Regular,38,Create,Deployment,false
3.991232194,Regular,40,Create,ConfigMap,false
3.018262743,Regular,21,Delete,Deployment,false
3.039286603,Regular,39,Create,Deployment,false
3.078339332,Regular,40,Create,ConfigMap,false
3.118427198,Regular,61,Update,Deployment,false
3.1801052419999998,Regular,19,Delete,ConfigMap,false
3.199906521,Regular,19,Delete,Deployment,false
3.21917835,Regular,38,Create,Deployment,false
3.257466123,Regular,40,Create,ConfigMap,false
3.297634401,Regular,61,Update,Deployment,false
3.358926045,Regular,19,Delete,ConfigMap,false
3.378500345,Regular,20,Delete,Deployment,false
3.398639012,Regular,38,Create,Deployment,false
3.437376826,Regular,40,Create,ConfigMap,false
3.4777906180000002,Regular,61,Update,Deployment,false
3.538901751,Regular,20,Delete,ConfigMap,false
3.5589492849999997,Regular,19,Delete,Deployment,false
3.578194013,Regular,38,Create,Deployment,false
3.616423977,Regular,39,Create,ConfigMap,false
3.656403538,Regular,61,Update,Deployment,false
3.717820739,Regular,20,Delete,ConfigMap,false
3.738721606,Regular,20,Delete,Deployment,false
3.758988976,Regular,38,Create,Deployment,false
3.797899898,Regular,39,Create,ConfigMap,false
3.837466809,Regular,62,Update,Deployment,false
3.899810772,Regular,19,Delete,ConfigMap,false
3.919814203,Regular,19,Delete,Deployment,false
3.93952979,Regular,39,Create,Deployment,false
3.979208091,Regular,38,Create,ConfigMap,false
4.017555197,Regular,60,Update,Deployment,false
3.020593809,Regular,19,Delete,Deployment,false
3.040476361,Regular,38,Create,Deployment,false
3.079287644,Regular,39,Create,ConfigMap,false
3.119189608,Regular,61,Update,Deployment,false
3.180744891,Regular,20,Delete,ConfigMap,false
3.2008354470000002,Regular,20,Delete,Deployment,false
3.221104019,Regular,38,Create,Deployment,false
3.259330116,Regular,40,Create,ConfigMap,false
3.299425766,Regular,61,Update,Deployment,false
3.361202928,Regular,19,Delete,ConfigMap,false
3.380416747,Regular,20,Delete,Deployment,false
3.400684528,Regular,38,Create,Deployment,false
3.439404748,Regular,39,Create,ConfigMap,false
3.4791066649999998,Regular,61,Update,Deployment,false
3.540608216,Regular,20,Delete,ConfigMap,false
3.560980905,Regular,20,Delete,Deployment,false
3.581063325,Regular,38,Create,Deployment,false
3.619692925,Regular,39,Create,ConfigMap,false
3.659238104,Regular,61,Update,Deployment,false
3.7206670280000003,Regular,20,Delete,ConfigMap,false
3.74082959,Regular,20,Delete,Deployment,false
3.761588649,Regular,37,Create,Deployment,false
3.799385736,Regular,39,Create,ConfigMap,false
3.839342233,Regular,61,Update,Deployment,false
3.900923925,Regular,19,Delete,ConfigMap,false
3.920788604,Regular,21,Delete,Deployment,false
3.942003415,Regular,38,Create,Deployment,false
3.980392499,Regular,39,Create,ConfigMap,false
4.020338927,Regular,62,Update,Deployment,false
3.004697539,Regular,19,Delete,ConfigMap,false
3.024662127,Regular,19,Delete,Deployment,false
3.044629991,Regular,39,Create,Deployment,false
3.083781386,Regular,39,Create,ConfigMap,false
3.123168026,Regular,61,Update,Deployment,false
3.184527259,Regular,20,Delete,ConfigMap,false
3.205049971,Regular,21,Delete,Deployment,false
3.226786247,Regular,38,Create,Deployment,false
3.265316348,Regular,39,Create,ConfigMap,false
3.304426947,Regular,62,Update,Deployment,false
3.366842566,Regular,19,Delete,ConfigMap,false
3.386095669,Regular,19,Delete,Deployment,false
3.405783944,Regular,38,Create,Deployment,false
3.444382154,Regular,40,Create,ConfigMap,false
3.484560861,Regular,61,Update,Deployment,false
3.545607954,Regular,20,Delete,ConfigMap,false
3.566271663,Regular,19,Delete,Deployment,false
3.58627308,Regular,37,Create,Deployment,false
3.624203088,Regular,39,Create,ConfigMap,false
3.664077119,Regular,61,Update,Deployment,false
3.72540934,Regular,20,Delete,ConfigMap,false
3.745717918,Regular,20,Delete,Deployment,false
3.766068555,Regular,38,Create,Deployment,false
3.804789768,Regular,39,Create,ConfigMap,false
3.844169525,Regular,61,Update,Deployment,false
3.905576698,Regular,20,Delete,ConfigMap,false
3.925970236,Regular,19,Delete,Deployment,false
3.945760454,Regular,38,Create,Deployment,false
3.984753521,Regular,39,Create,ConfigMap,false
4.024136995,Regular,61,Update,Deployment,false
3.01552523,Regular,20,Delete,ConfigMap,false
3.036436677,Regular,19,Delete,Deployment,false
3.055453584,Regular,38,Create,Deployment,false
3.093726159,Regular,39,Create,ConfigMap,false
3.133037547,Regular,61,Update,Deployment,false
3.194335564,Regular,20,Delete,ConfigMap,false
3.215201214,Regular,19,Delete,Deployment,false
3.234667741,Regular,38,Create,Deployment,false
3.2736598949999998,Regular,39,Create,ConfigMap,false
3.313039051,Regular,61,Update,Deployment,false
3.374831963,Regular,20,Delete,ConfigMap,false
3.3949333,Regular,20,Delete,Deployment,false
3.415330936,Regular,38,Create,Deployment,false
3.453454258,Regular,39,Create,ConfigMap,false
3.493213733,Regular,62,Update,Deployment,false
3.555382816,Regular,19,Delete,ConfigMap,false
3.574760645,Regular,18,Delete,Deployment,false
3.593457356,Regular,38,Create,Deployment,false
3.632161917,Regular,41,Create,ConfigMap,false
3.67380923,Regular,59,Update,Deployment,false
3.733766473,Regular,20,Delete,ConfigMap,false
3.753854173,Regular,21,Delete,Deployment,false
3.775501952,Regular,37,Create,Deployment,false
3.812549592,Regular,44,Create,ConfigMap,false
3.857225828,Regular,56,Update,Deployment,false
3.913759321,Regular,20,Delete,ConfigMap,false
3.934480388,Regular,19,Delete,Deployment,false
3.953879777,Regular,38,Create,Deployment,false
3.992539414,Regular,39,Create,ConfigMap,false
4.032193069,Regular,61,Update,Deployment,false
4.022903664,Regular,61,Update,Deployment,false
4.084124685,Regular,19,Delete,ConfigMap,false
4.103475122,Regular,20,Delete,Deployment,false
4.124177124,Regular,38,Create,Deployment,false
4.162279858,Regular,41,Create,ConfigMap,false
4.203494262,Regular,61,Update,Deployment,false
4.26488823,Regular,21,Delete,ConfigMap,false
4.286487607,Regular,18,Delete,Deployment,false
4.304891756,Regular,38,Create,Deployment,false
4.343278877,Regular,40,Create,ConfigMap,false
4.384277974,Regular,60,Update,Deployment,false
4.444999842,Regular,20,Delete,ConfigMap,false
4.465623615,Regular,19,Delete,Deployment,false
4.484725052,Regular,38,Create,Deployment,false
4.523672422,Regular,39,Create,ConfigMap,false
4.56319019,Regular,61,Update,Deployment,false
4.624630786,Regular,20,Delete,ConfigMap,false
4.645036087,Regular,18,Delete,Deployment,false
4.663467096,Regular,39,Create,Deployment,false
4.702737206,Regular,39,Create,ConfigMap,false
4.742403605,Regular,61,Update,Deployment,false
4.803678037,Regular,19,Delete,ConfigMap,false
4.823386802,Regular,20,Delete,Deployment,false
4.844077061,Regular,38,Create,Deployment,false
4.882298449,Regular,39,Create,ConfigMap,false
4.922272379,Regular,61,Update,Deployment,false
4.983545228,Regular,20,Delete,ConfigMap,false
4.085876586,Regular,19,Delete,ConfigMap,false
4.105467517,Regular,20,Delete,Deployment,false
4.126220625,Regular,38,Create,Deployment,false
4.164540459,Regular,39,Create,ConfigMap,false
4.204069679,Regular,61,Update,Deployment,false
4.2658251400000005,Regular,21,Delete,ConfigMap,false
4.287427784,Regular,18,Delete,Deployment,false
4.306003727,Regular,38,Create,Deployment,false
4.344674224,Regular,39,Create,ConfigMap,false
4.384612526,Regular,60,Update,Deployment,false
4.445604505,Regular,21,Delete,ConfigMap,false
4.4666261800000004,Regular,18,Delete,Deployment,false
4.485616456,Regular,38,Create,Deployment,false
4.524249663,Regular,40,Create,ConfigMap,false
4.56433321,Regular,61,Update,Deployment,false
4.625540816,Regular,20,Delete,ConfigMap,false
4.646005519,Regular,19,Delete,Deployment,false
4.665363049,Regular,39,Create,Deployment,false
4.704391823,Regular,39,Create,ConfigMap,false
4.74420557,Regular,61,Update,Deployment,false
4.805850132,Regular,19,Delete,ConfigMap,false
4.825279608,Regular,20,Delete,Deployment,false
4.846110193,Regular,38,Create,Deployment,false
4.884297867,Regular,39,Create,ConfigMap,false
4.924060728,Regular,61,Update,Deployment,false
4.985387359,Regular,20,Delete,ConfigMap,false
4.031624184,Regular,60,Update,Deployment,false
4.092356471,Regular,20,Delete,ConfigMap,false
4.112553108,Regular,21,Delete,Deployment,false
4.133600371,Regular,37,Create,Deployment,false
4.171228027,Regular,39,Create,ConfigMap,false
4.211051042,Regular,61,Update,Deployment,false
4.272753353,Regular,20,Delete,ConfigMap,false
4.293313165,Regular,19,Delete,Deployment,false
4.31288985,Regular,38,Create,Deployment,false
4.35115453,Regular,40,Create,ConfigMap,false
4.39150942,Regular,61,Update,Deployment,false
4.4526574629999995,Regular,19,Delete,ConfigMap,false
4.472251711,Regular,20,Delete,Deployment,false
4.492482862,Regular,38,Create,Deployment,false
4.530916692,Regular,39,Create,ConfigMap,false
4.570014205,Regular,62,Update,Deployment,false
4.632704153,Regular,19,Delete,ConfigMap,false
4.651837079,Regular,20,Delete,Deployment,false
4.671959164,Regular,38,Create,Deployment,false
4.710329704,Regular,40,Create,ConfigMap,false
4.750471381,Regular,61,Update,Deployment,false
4.812091016,Regular,20,Delete,ConfigMap,false
4.8323183400000005,Regular,19,Delete,Deployment,false
4.852251077,Regular,38,Create,Deployment,false
4.890580189,Regular,39,Create,ConfigMap,false
4.930370041,Regular,61,Update,Deployment,false
4.991612784,Regular,20,Delete,ConfigMap,false
4.093387109,Regular,20,Delete,ConfigMap,false
4.113604534,Regular,21,Delete,Deployment,false
4.134636649,Regular,41,Create,Deployment,false
4.176512473,Regular,40,Create,ConfigMap,false
4.217030892,Regular,60,Update,Deployment,false
4.27746664,Regular,20,Delete,ConfigMap,false
4.297926243,Regular,19,Delete,Deployment,false
4.317635097,Regular,38,Create,Deployment,false
4.35609728,Regular,40,Create,ConfigMap,false
4.396377459,Regular,61,Update,Deployment,false
4.457675095,Regular,19,Delete,ConfigMap,false
4.477417643,Regular,20,Delete,Deployment,false
4.498190037,Regular,38,Create,Deployment,false
4.536730829,Regular,42,Create,ConfigMap,false
4.578981712,Regular,58,Update,Deployment,false
4.6377403,Regular,19,Delete,ConfigMap,false
4.6575157,Regular,20,Delete,Deployment,false
4.677752622,Regular,38,Create,Deployment,false
4.716260582,Regular,39,Create,ConfigMap,false
4.756107612,Regular,61,Update,Deployment,false
4.817490629,Regular,20,Delete,ConfigMap,false
4.837781103,Regular,20,Delete,Deployment,false
4.858268148,Regular,38,Create,Deployment,false
4.897262286,Regular,39,Create,ConfigMap,false
4.937017954,Regular,62,Update,Deployment,false
4.999360414,Regular,17,Delete,ConfigMap,false
4.077810984,Regular,20,Delete,ConfigMap,false
4.09858955,Regular,19,Delete,Deployment,false
4.11856051,Regular,42,Create,Deployment,false
4.160601897,Regular,38,Create,ConfigMap,false
4.199237057,Regular,61,Update,Deployment,false
4.260382986,Regular,20,Delete,ConfigMap,false
4.281313459,Regular,19,Delete,Deployment,false
4.301055005,Regular,38,Create,Deployment,false
4.339256295,Regular,39,Create,ConfigMap,false
4.379114506,Regular,61,Update,Deployment,false
4.441035851,Regular,19,Delete,ConfigMap,false
4.460824056,Regular,19,Delete,Deployment,false
4.480646325,Regular,38,Create,Deployment,false
4.519297505,Regular,40,Create,ConfigMap,false
4.559377956,Regular,60,Update,Deployment,false
4.620043237,Regular,19,Delete,ConfigMap,false
4.64001597,Regular,19,Delete,Deployment,false
4.659492155,Regular,38,Create,Deployment,false
4.698477567,Regular,39,Create,ConfigMap,false
4.738138355,Regular,62,Update,Deployment,false
4.800221255,Regular,18,Delete,ConfigMap,false
4.819198878,Regular,20,Delete,Deployment,false
4.839873938,Regular,38,Create,Deployment,false
4.878646578,Regular,39,Create,ConfigMap,false
4.918205403,Regular,61,Update,Deployment,false
4.979658683,Regular,20,Delete,ConfigMap,false
5.000283739,Regular,18,Delete,Deployment,false
4.018359006,Regular,63,Update,Deployment,false
4.082235786,Regular,18,Delete,ConfigMap,false
4.10054211,Regular,19,Delete,Deployment,false
4.120446113,Regular,40,Create,Deployment,false
4.160634899,Regular,37,Create,ConfigMap,false
4.198551271,Regular,60,Update,Deployment,false
4.259443391,Regular,19,Delete,ConfigMap,false
4.279232647,Regular,20,Delete,Deployment,false
4.300076296,Regular,38,Create,Deployment,false
4.338467925,Regular,39,Create,ConfigMap,false
4.378471481,Regular,61,Update,Deployment,false
4.440236261,Regular,19,Delete,ConfigMap,false
4.459805832,Regular,19,Delete,Deployment,false
4.479615066,Regular,38,Create,Deployment,false
4.518549401,Regular,39,Create,ConfigMap,false
4.558200541,Regular,60,Update,Deployment,false
4.618929001,Regular,20,Delete,ConfigMap,false
4.639042951,Regular,19,Delete,Deployment,false
4.658453632,Regular,39,Create,Deployment,false
4.698059907,Regular,39,Create,ConfigMap,false
4.737416902,Regular,61,Update,Deployment,false
4.798720128,Regular,19,Delete,ConfigMap,false
4.818265935,Regular,20,Delete,Deployment,false
4.83883274,Regular,39,Create,Deployment,false
4.877877805,Regular,39,Create,ConfigMap,false
4.917485813,Regular,60,Update,Deployment,false
4.977851628,Regular,23,Delete,ConfigMap,false
5.001097637,Regular,18,Delete,Deployment,false
4.082533929,Regular,18,Delete,ConfigMap,false
4.101524316,Regular,20,Delete,Deployment,false
4.122024967,Regular,39,Create,Deployment,false
4.161159791,Regular,39,Create,ConfigMap,false
4.200436333,Regular,60,Update,Deployment,false
4.261404637,Regular,20,Delete,ConfigMap,false
4.282211326,Regular,19,Delete,Deployment,false
4.302169672,Regular,38,Create,Deployment,false
4.340532297,Regular,39,Create,ConfigMap,false
4.380448758,Regular,61,Update,Deployment,false
4.442103298,Regular,19,Delete,ConfigMap,false
4.461890611,Regular,19,Delete,Deployment,false
4.481711908,Regular,38,Create,Deployment,false
4.520692531,Regular,39,Create,ConfigMap,false
4.560089451,Regular,61,Update,Deployment,false
4.621765732,Regular,20,Delete,ConfigMap,false
4.64204811,Regular,19,Delete,Deployment,false
4.66161664,Regular,38,Create,Deployment,false
4.700589959,Regular,39,Create,ConfigMap,false
4.740587283,Regular,61,Update,Deployment,false
4.80177437,Regular,19,Delete,ConfigMap,false
4.821384298,Regular,20,Delete,Deployment,false
4.841997721,Regular,38,Create,Deployment,false
4.880139649,Regular,40,Create,ConfigMap,false
4.920418455,Regular,61,Update,Deployment,false
4.981684942,Regular,20,Delete,ConfigMap,false
5.002000353,Regular,18,Delete,Deployment,false
4.019188814,Regular,62,Update,Deployment,false
4.081856329,Regular,17,Delete,ConfigMap,false
4.099654212,Regular,19,Delete,Deployment,false
4.11953438,Regular,41,Create,Deployment,false
4.16059281,Regular,36,Create,ConfigMap,false
4.197163709,Regular,60,Update,Deployment,false
4.257685839,Regular,20,Delete,ConfigMap,false
4.278318199,Regular,20,Delete,Deployment,false
4.299061117,Regular,38,Create,Deployment,false
4.337887168,Regular,39,Create,ConfigMap,false
4.377389156,Regular,61,Update,Deployment,false
4.438571945,Regular,20,Delete,ConfigMap,false
4.458729698,Regular,19,Delete,Deployment,false
4.478444704,Regular,39,Create,Deployment,false
4.517500289,Regular,39,Create,ConfigMap,false
4.557496811,Regular,63,Update,Deployment,false
4.620837999,Regular,20,Delete,ConfigMap,false
4.641093356,Regular,19,Delete,Deployment,false
4.660529605,Regular,38,Create,Deployment,false
4.699234297,Regular,40,Create,ConfigMap,false
4.739355886,Regular,61,Update,Deployment,false
4.800960652,Regular,19,Delete,ConfigMap,false
4.820356575,Regular,20,Delete,Deployment,false
4.840950382,Regular,38,Create,Deployment,false
4.879296135,Regular,39,Create,ConfigMap,false
4.91905061,Regular,61,Update,Deployment,false
4.980591386,Regular,22,Delete,ConfigMap,false
5.002789304,Regular,18,Delete,Deployment,false
4.028089224,Regular,61,Update,Deployment,false
4.089689822,Regular,20,Delete,ConfigMap,false
4.110510798,Regular,19,Delete,Deployment,false
4.130051064,Regular,38,Create,Deployment,false
4.168586265,Regular,39,Create,ConfigMap,false
4.208590783,Regular,60,Update,Deployment,false
4.269366292,Regular,20,Delete,ConfigMap,false
4.2902207820000005,Regular,18,Delete,Deployment,false
4.308720641,Regular,38,Create,Deployment,false
4.347682108,Regular,40,Create,ConfigMap,false
4.387940966,Regular,60,Update,Deployment,false
4.448351816,Regular,20,Delete,ConfigMap,false
4.468553893,Regular,21,Delete,Deployment,false
4.489813157,Regular,37,Create,Deployment,false
4.527324203,Regular,40,Create,ConfigMap,false
4.567413191,Regular,60,Update,Deployment,false
4.628274262,Regular,20,Delete,ConfigMap,false
4.648857949,Regular,19,Delete,Deployment,false
4.668811276,Regular,38,Create,Deployment,false
4.707190302,Regular,40,Create,ConfigMap,false
4.747308123,Regular,61,Update,Deployment,false
4.8083450469999995,Regular,20,Delete,ConfigMap,false
4.828624519,Regular,20,Delete,Deployment,false
4.849204169,Regular,37,Create,Deployment,false
4.887195613,Regular,40,Create,ConfigMap,false
4.927411961,Regular,61,Update,Deployment,false
4.988762357,Regular,19,Delete,ConfigMap,false
5.00864003,Regular,20,Delete,Deployment,false
4.021169667,Regular,62,Update,Deployment,false
4.083400817,Regular,19,Delete,ConfigMap,false
4.102511391,Regular,20,Delete,Deployment,false
4.122987305,Regular,38,Create,Deployment,false
4.161716523,Regular,39,Create,ConfigMap,false
4.201012632,Regular,61,Update,Deployment,false
4.262950378,Regular,20,Delete,ConfigMap,false
4.283308108,Regular,19,Delete,Deployment,false
4.303101733,Regular,37,Create,Deployment,false
4.341103807,Regular,39,Create,ConfigMap,false
4.381109947,Regular,61,Update,Deployment,false
4.442937425,Regular,19,Delete,ConfigMap,false
4.462879289,Regular,19,Delete,Deployment,false
4.482696589,Regular,38,Create,Deployment,false
4.521388035,Regular,39,Create,ConfigMap,false
4.561332259,Regular,61,Update,Deployment,false
4.62252668,Regular,21,Delete,ConfigMap,false
4.643978408,Regular,18,Delete,Deployment,false
4.662593445,Regular,38,Create,Deployment,false
4.701244155,Regular,39,Create,ConfigMap,false
4.741162209,Regular,61,Update,Deployment,false
4.802943159,Regular,19,Delete,ConfigMap,false
4.822439892,Regular,20,Delete,Deployment,false
4.842991189,Regular,38,Create,Deployment,false
4.881493017,Regular,39,Create,ConfigMap,false
4.921029199,Regular,61,Update,Deployment,false
4.9827028460000005,Regular,21,Delete,ConfigMap,false
5.004489497,Regular,19,Delete,Deployment,false
5.023765303,Regular,38,Create,Deployment,false
5.062717231,Regular,39,Create,ConfigMap,false
5.102200254,Regular,61,Update,Deployment,false
5.163697688,Regular,20,Delete,ConfigMap,false
5.184035741,Regular,20,Delete,Deployment,false
5.204380146,Regular,38,Create,Deployment,false
5.242703668,Regular,39,Create,ConfigMap,false
5.282145482,Regular,61,Update,Deployment,false
5.343907365,Regular,19,Delete,ConfigMap,false
5.363542951,Regular,19,Delete,Deployment,false
5.383450321,Regular,38,Create,Deployment,false
5.421703689,Regular,39,Create,ConfigMap,false
5.46109034,Regular,61,Update,Deployment,false
5.522674617,Regular,20,Delete,ConfigMap,false
5.5432358520000005,Regular,20,Delete,Deployment,false
5.563279009,Regular,38,Create,Deployment,false
5.601671951,Regular,39,Create,ConfigMap,false
5.641119817,Regular,61,Update,Deployment,false
5.702561755,Regular,20,Delete,ConfigMap,false
5.723439939,Regular,19,Delete,Deployment,false
5.742914832,Regular,39,Create,Deployment,false
5.782186565,Regular,38,Create,ConfigMap,false
5.821154063,Regular,62,Update,Deployment,false
5.883471907,Regular,20,Delete,ConfigMap,false
5.904241165,Regular,20,Delete,Deployment,false
5.924404729,Regular,37,Create,Deployment,false
5.962146831,Regular,40,Create,ConfigMap,false
5.011842843,Regular,20,Delete,Deployment,false
5.032117006,Regular,38,Create,Deployment,false
5.070323405,Regular,39,Create,ConfigMap,false
5.110079914,Regular,64,Update,Deployment,false
5.174808003,Regular,16,Delete,ConfigMap,false
5.190839177,Regular,20,Delete,Deployment,false
5.21091747,Regular,38,Create,Deployment,false
5.249521722,Regular,39,Create,ConfigMap,false
5.289004654,Regular,61,Update,Deployment,false
5.350839355,Regular,19,Delete,ConfigMap,false
5.370802951,Regular,19,Delete,Deployment,false
5.390390486,Regular,38,Create,Deployment,false
5.428544527,Regular,39,Create,ConfigMap,false
5.46830354,Regular,61,Update,Deployment,false
5.529926952,Regular,20,Delete,ConfigMap,false
5.550077391,Regular,19,Delete,Deployment,false
5.5695989919999995,Regular,39,Create,Deployment,false
5.608626413,Regular,39,Create,ConfigMap,false
5.6482056069999995,Regular,61,Update,Deployment,false
5.710028816,Regular,19,Delete,ConfigMap,false
5.729895178,Regular,19,Delete,Deployment,false
5.749899811,Regular,38,Create,Deployment,false
5.7882063,Regular,40,Create,ConfigMap,false
5.828427177,Regular,60,Update,Deployment,false
5.88938978,Regular,19,Delete,ConfigMap,false
5.908812223,Regular,20,Delete,Deployment,false
5.929215189,Regular,38,Create,Deployment,false
5.967366425,Regular,39,Create,ConfigMap,false
5.016682258,Regular,20,Delete,Deployment,false
5.037105322,Regular,38,Create,Deployment,false
5.075323554,Regular,40,Create,ConfigMap,false
5.115345735,Regular,61,Update,Deployment,false
5.176709316,Regular,20,Delete,ConfigMap,false
5.196866047,Regular,20,Delete,Deployment,false
5.216942706,Regular,38,Create,Deployment,false
5.255433794,Regular,40,Create,ConfigMap,false
5.295554451,Regular,61,Update,Deployment,false
5.357243717,Regular,19,Delete,ConfigMap,false
5.376927555,Regular,20,Delete,Deployment,false
5.396932699,Regular,38,Create,Deployment,false
5.435502445,Regular,39,Create,ConfigMap,false
5.475055921,Regular,61,Update,Deployment,false
5.536745848,Regular,20,Delete,ConfigMap,false
5.557096465,Regular,20,Delete,Deployment,false
5.577151073,Regular,38,Create,Deployment,false
5.615488109,Regular,39,Create,ConfigMap,false
5.655227076,Regular,61,Update,Deployment,false
5.716801755,Regular,20,Delete,ConfigMap,false
5.737266538,Regular,19,Delete,Deployment,false
5.756793709,Regular,38,Create,Deployment,false
5.79561443,Regular,40,Create,ConfigMap,false
5.8356921360000005,Regular,60,Update,Deployment,false
5.896472043,Regular,22,Delete,ConfigMap,false
5.918788646,Regular,19,Delete,Deployment,false
5.938626805,Regular,37,Create,Deployment,false
5.976610053,Regular,39,Create,ConfigMap,false
5.019765584,Regular,38,Create,Deployment,false
5.05817586,Regular,39,Create,ConfigMap,false
5.098183473,Regular,61,Update,Deployment,false
5.160066886,Regular,21,Delete,ConfigMap,false
5.181080747,Regular,21,Delete,Deployment,false
5.202559406,Regular,36,Create,Deployment,false
5.239183856,Regular,40,Create,ConfigMap,false
5.279333117,Regular,61,Update,Deployment,false
5.341184119,Regular,19,Delete,ConfigMap,false
5.360942497,Regular,19,Delete,Deployment,false
5.380722876,Regular,38,Create,Deployment,false
5.4193259959999995,Regular,39,Create,ConfigMap,false
5.459144613,Regular,61,Update,Deployment,false
5.520823719,Regular,20,Delete,ConfigMap,false
5.541191519,Regular,19,Delete,Deployment,false
5.561161156,Regular,38,Create,Deployment,false
5.599425445,Regular,39,Create,ConfigMap,false
5.639181844,Regular,61,Update,Deployment,false
5.700436449,Regular,20,Delete,ConfigMap,false
5.720637363,Regular,20,Delete,Deployment,false
5.7408034919999995,Regular,38,Create,Deployment,false
5.779720264,Regular,39,Create,ConfigMap,false
5.819217273,Regular,61,Update,Deployment,false
5.881075929,Regular,21,Delete,ConfigMap,false
5.902784633,Regular,19,Delete,Deployment,false
5.92191297,Regular,37,Create,Deployment,false
5.959249025,Regular,39,Create,ConfigMap,false
5.999165366,Regular,61,Update,Deployment,false
5.003722447,Regular,18,Delete,Deployment,false
5.022677096,Regular,38,Create,Deployment,false
5.061291627,Regular,40,Create,ConfigMap,false
5.101511483,Regular,61,Update,Deployment,false
5.162768251,Regular,20,Delete,ConfigMap,false
5.183199501,Regular,21,Delete,Deployment,false
5.204396087,Regular,36,Create,Deployment,false
5.241277142,Regular,40,Create,ConfigMap,false
5.281399272,Regular,61,Update,Deployment,false
5.342934086,Regular,19,Delete,ConfigMap,false
5.362570664,Regular,21,Delete,Deployment,false
5.384265271,Regular,38,Create,Deployment,false
5.422341074,Regular,39,Create,ConfigMap,false
5.46231834,Regular,61,Update,Deployment,false
5.523444512,Regular,20,Delete,ConfigMap,false
5.544167413,Regular,20,Delete,Deployment,false
5.564451604,Regular,37,Create,Deployment,false
5.602266224,Regular,40,Create,ConfigMap,false
5.642431585,Regular,61,Update,Deployment,false
5.703581001,Regular,20,Delete,ConfigMap,false
5.724149751,Regular,19,Delete,Deployment,false
5.743753266,Regular,39,Create,Deployment,false
5.782816014,Regular,39,Create,ConfigMap,false
5.822312903,Regular,61,Update,Deployment,false
5.884213348,Regular,19,Delete,ConfigMap,false
5.904011842,Regular,18,Delete,Deployment,false
5.922734342,Regular,37,Create,Deployment,false
5.9606753999999995,Regular,39,Create,ConfigMap,false
6.000395541,Regular,61,Update,Deployment,false
5.028906168,Regular,38,Create,Deployment,false
5.067313658,Regular,39,Create,ConfigMap,false
5.107036603,Regular,67,Update,Deployment,false
5.174399521,Regular,14,Delete,ConfigMap,false
5.188938876,Regular,20,Delete,Deployment,false
5.209157474,Regular,38,Create,Deployment,false
5.24756286,Regular,39,Create,ConfigMap,false
5.287104082,Regular,61,Update,Deployment,false
5.348273957,Regular,20,Delete,ConfigMap,false
5.368803292,Regular,19,Delete,Deployment,false
5.388692026,Regular,37,Create,Deployment,false
5.426436032,Regular,39,Create,ConfigMap,false
5.466045483,Regular,61,Update,Deployment,false
5.527403444,Regular,20,Delete,ConfigMap,false
5.548086699,Regular,20,Delete,Deployment,false
5.568504564,Regular,38,Create,Deployment,false
5.607348959,Regular,39,Create,ConfigMap,false
5.647078788,Regular,61,Update,Deployment,false
5.708425887,Regular,20,Delete,ConfigMap,false
5.728905959,Regular,19,Delete,Deployment,false
5.748870677,Regular,38,Create,Deployment,false
5.787499394,Regular,39,Create,ConfigMap,false
5.827152518,Regular,62,Update,Deployment,false
5.8901440449999996,Regular,19,Delete,ConfigMap,false
5.909545178,Regular,20,Delete,Deployment,false
5.9302606650000005,Regular,38,Create,Deployment,false
5.968697931,Regular,39,Create,ConfigMap,false
6.007984292,Regular,61,Update,Deployment,false
5.021617344,Regular,38,Create,Deployment,false
5.060482879,Regular,40,Create,ConfigMap,false
5.100786713,Regular,60,Update,Deployment,false
5.160921531,Regular,19,Delete,ConfigMap,false
5.180180786,Regular,19,Delete,Deployment,false
5.1999165210000005,Regular,38,Create,Deployment,false
5.238303572,Regular,39,Create,ConfigMap,false
5.278132839,Regular,62,Update,Deployment,false
5.3404145849999995,Regular,19,Delete,ConfigMap,false
5.359858639,Regular,20,Delete,Deployment,false
5.380001263,Regular,38,Create,Deployment,false
5.418721163,Regular,39,Create,ConfigMap,false
5.458131799,Regular,61,Update,Deployment,false
5.51999293,Regular,20,Delete,ConfigMap,false
5.540251082,Regular,19,Delete,Deployment,false
5.560233694,Regular,38,Create,Deployment,false
5.598831473,Regular,39,Create,ConfigMap,false
5.638670638,Regular,60,Update,Deployment,false
5.699574199,Regular,20,Delete,ConfigMap,false
5.719592369,Regular,20,Delete,Deployment,false
5.7401802140000004,Regular,38,Create,Deployment,false
5.778245628,Regular,39,Create,ConfigMap,false
5.818240717,Regular,61,Update,Deployment,false
5.880113731,Regular,20,Delete,ConfigMap,false
5.900618399,Regular,20,Delete,Deployment,false
5.9209650289999995,Regular,37,Create,Deployment,false
5.95828877,Regular,40,Create,ConfigMap,false
5.998338804,Regular,60,Update,Deployment,false
6.059012321,Regular,19,Delete,ConfigMap,false
5.01871023,Regular,38,Create,Deployment,false
5.057612505,Regular,39,Create,ConfigMap,false
5.097481166,Regular,60,Update,Deployment,false
5.158131629,Regular,21,Delete,ConfigMap,false
5.179324538,Regular,19,Delete,Deployment,false
5.199110849,Regular,38,Create,Deployment,false
5.237696094,Regular,39,Create,ConfigMap,false
5.277575826,Regular,61,Update,Deployment,false
5.339030329,Regular,19,Delete,ConfigMap,false
5.35890706,Regular,20,Delete,Deployment,false
5.379015089,Regular,38,Create,Deployment,false
5.417551573,Regular,40,Create,ConfigMap,false
5.457726042,Regular,61,Update,Deployment,false
5.518797851,Regular,20,Delete,ConfigMap,false
5.539193964,Regular,19,Delete,Deployment,false
5.559146669,Regular,38,Create,Deployment,false
5.597280432,Regular,39,Create,ConfigMap,false
5.636339132,Regular,61,Update,Deployment,false
5.697855282,Regular,20,Delete,ConfigMap,false
5.718605153,Regular,20,Delete,Deployment,false
5.739100784,Regular,38,Create,Deployment,false
5.777532921,Regular,40,Create,ConfigMap,false
5.817902799,Regular,61,Update,Deployment,false
5.878988985,Regular,19,Delete,ConfigMap,false
5.898912135,Regular,21,Delete,Deployment,false
5.92004479,Regular,37,Create,Deployment,false
5.957649262,Regular,40,Create,ConfigMap,false
5.997702391,Regular,62,Update,Deployment,false
6.060522024,Regular,19,Delete,ConfigMap,false
5.005685277,Regular,20,Delete,Deployment,false
5.025788156,Regular,38,Create,Deployment,false
5.064337283,Regular,39,Create,ConfigMap,false
5.10405021,Regular,64,Update,Deployment,false
5.168513037,Regular,18,Delete,ConfigMap,false
5.186853285,Regular,18,Delete,Deployment,false
5.205447554,Regular,37,Create,Deployment,false
5.243305916,Regular,40,Create,ConfigMap,false
5.283449957,Regular,62,Update,Deployment,false
5.345519862,Regular,20,Delete,ConfigMap,false
5.365562818,Regular,19,Delete,Deployment,false
5.38516959,Regular,38,Create,Deployment,false
5.423194025,Regular,40,Create,ConfigMap,false
5.463548505,Regular,61,Update,Deployment,false
5.524578665,Regular,20,Delete,ConfigMap,false
5.54526142,Regular,20,Delete,Deployment,false
5.56558155,Regular,37,Create,Deployment,false
5.60318522,Regular,40,Create,ConfigMap,false
5.643219545,Regular,61,Update,Deployment,false
5.704403055,Regular,20,Delete,ConfigMap,false
5.725207269,Regular,19,Delete,Deployment,false
5.744868654,Regular,38,Create,Deployment,false
5.783437068,Regular,40,Create,ConfigMap,false
5.823601057,Regular,61,Update,Deployment,false
5.884899775,Regular,20,Delete,ConfigMap,false
5.905072226,Regular,21,Delete,Deployment,false
5.926154155,Regular,38,Create,Deployment,false
5.9643926050000005,Regular,39,Create,ConfigMap,false
6.004174272,Regular,61,Update,Deployment,false
6.065535878,Regular,21,Delete,ConfigMap,false
5.020638354,Regular,38,Create,Deployment,false
5.059104695,Regular,41,Create,ConfigMap,false
5.100792664,Regular,61,Update,Deployment,false
5.162154752,Regular,20,Delete,ConfigMap,false
5.182170356,Regular,21,Delete,Deployment,false
5.203623607,Regular,36,Create,Deployment,false
5.240533957,Regular,40,Create,ConfigMap,false
5.280896672,Regular,61,Update,Deployment,false
5.341936992,Regular,19,Delete,ConfigMap,false
5.361892572,Regular,20,Delete,Deployment,false
5.382474847,Regular,37,Create,Deployment,false
5.420241597,Regular,40,Create,ConfigMap,false
5.460366562,Regular,61,Update,Deployment,false
5.521627849,Regular,20,Delete,ConfigMap,false
5.542240421,Regular,20,Delete,Deployment,false
5.562254322,Regular,37,Create,Deployment,false
5.600228222,Regular,40,Create,ConfigMap,false
5.640398383,Regular,60,Update,Deployment,false
5.701399078,Regular,20,Delete,ConfigMap,false
5.721559496,Regular,20,Delete,Deployment,false
5.741911496,Regular,38,Create,Deployment,false
5.780412402,Regular,40,Create,ConfigMap,false
5.820492092,Regular,62,Update,Deployment,false
5.882502545,Regular,21,Delete,ConfigMap,false
5.904241215,Regular,19,Delete,Deployment,false
5.923671513,Regular,37,Create,Deployment,false
5.961260125,Regular,39,Create,ConfigMap,false
6.001057472,Regular,61,Update,Deployment,false
6.062748501,Regular,19,Delete,ConfigMap,false
6.082617648,Regular,20,Delete,Deployment,false
6.102877965,Regular,38,Create,Deployment,false
6.079573115,Regular,20,Delete,Deployment,false
6.099957386,Regular,38,Create,Deployment,false
6.138252353,Regular,40,Create,ConfigMap,false
6.178653661,Regular,61,Update,Deployment,false
6.240140935,Regular,19,Delete,ConfigMap,false
6.2595492010000005,Regular,20,Delete,Deployment,false
6.280375618,Regular,37,Create,Deployment,false
6.318360439,Regular,40,Create,ConfigMap,false
6.358991411,Regular,60,Update,Deployment,false
6.419530533,Regular,19,Delete,ConfigMap,false
6.439347161,Regular,20,Delete,Deployment,false
6.460151456,Regular,37,Create,Deployment,false
6.497594784,Regular,39,Create,ConfigMap,false
6.5370627169999995,Regular,63,Update,Deployment,false
6.600213706,Regular,20,Delete,ConfigMap,false
6.620865342,Regular,19,Delete,Deployment,false
6.6408467909999995,Regular,39,Create,Deployment,false
6.680289487,Regular,39,Create,ConfigMap,false
6.719496769,Regular,61,Update,Deployment,false
6.780856382,Regular,19,Delete,ConfigMap,false
6.800468283,Regular,20,Delete,Deployment,false
6.821047953,Regular,38,Create,Deployment,false
6.859886157,Regular,39,Create,ConfigMap,false
6.89908412,Regular,61,Update,Deployment,false
6.960421231,Regular,19,Delete,ConfigMap,false
6.980314033,Regular,22,Delete,Deployment,false
6.061172182,Regular,19,Delete,ConfigMap,false
6.080683093,Regular,20,Delete,Deployment,false
6.100771825,Regular,38,Create,Deployment,false
6.139181389,Regular,40,Create,ConfigMap,false
6.179191197,Regular,62,Update,Deployment,false
6.241240794,Regular,19,Delete,ConfigMap,false
6.260684657,Regular,20,Delete,Deployment,false
6.2813086909999996,Regular,37,Create,Deployment,false
6.319157455,Regular,40,Create,ConfigMap,false
6.359241884,Regular,61,Update,Deployment,false
6.420631414,Regular,19,Delete,ConfigMap,false
6.440393889,Regular,20,Delete,Deployment,false
6.461390948,Regular,40,Create,Deployment,false
6.502272694,Regular,39,Create,ConfigMap,false
6.542169187,Regular,62,Update,Deployment,false
6.604364419,Regular,19,Delete,ConfigMap,false
6.623883034,Regular,20,Delete,Deployment,false
6.644033533,Regular,38,Create,Deployment,false
6.682231126,Regular,39,Create,ConfigMap,false
6.722082755,Regular,61,Update,Deployment,false
6.783630073,Regular,20,Delete,ConfigMap,false
6.803819696,Regular,21,Delete,Deployment,false
6.82580355,Regular,36,Create,Deployment,false
6.862326869,Regular,39,Create,ConfigMap,false
6.902179289,Regular,61,Update,Deployment,false
6.9638394,Regular,20,Delete,ConfigMap,false
6.98467851,Regular,18,Delete,Deployment,false
6.086679274,Regular,19,Delete,Deployment,false
6.106048286,Regular,38,Create,Deployment,false
6.144372609,Regular,40,Create,ConfigMap,false
6.184561455,Regular,61,Update,Deployment,false
6.245666317,Regular,20,Delete,ConfigMap,false
6.265938405,Regular,19,Delete,Deployment,false
6.285850885,Regular,40,Create,Deployment,false
6.325894426,Regular,38,Create,ConfigMap,false
6.364144568,Regular,61,Update,Deployment,false
6.4253127,Regular,20,Delete,ConfigMap,false
6.446229807,Regular,19,Delete,Deployment,false
6.465913795,Regular,38,Create,Deployment,false
6.504348617,Regular,39,Create,ConfigMap,false
6.544169427,Regular,61,Update,Deployment,false
6.606117983,Regular,19,Delete,ConfigMap,false
6.62600291,Regular,19,Delete,Deployment,false
6.645794832,Regular,38,Create,Deployment,false
6.684258528,Regular,40,Create,ConfigMap,false
6.7245354200000005,Regular,60,Update,Deployment,false
6.785374229,Regular,20,Delete,ConfigMap,false
6.805871694,Regular,21,Delete,Deployment,false
6.827329714,Regular,36,Create,Deployment,false
6.864308794,Regular,40,Create,ConfigMap,false
6.904502309,Regular,60,Update,Deployment,false
6.965502683,Regular,21,Delete,ConfigMap,false
6.98743533,Regular,19,Delete,Deployment,false
6.007376653,Regular,61,Update,Deployment,false
6.068517703,Regular,20,Delete,ConfigMap,false
6.088680135,Regular,20,Delete,Deployment,false
6.109213167,Regular,38,Create,Deployment,false
6.147317173,Regular,39,Create,ConfigMap,false
6.187005303,Regular,61,Update,Deployment,false
6.248709247,Regular,21,Delete,ConfigMap,false
6.269751942,Regular,19,Delete,Deployment,false
6.288786402,Regular,38,Create,Deployment,false
6.327124992,Regular,39,Create,ConfigMap,false
6.367124961,Regular,61,Update,Deployment,false
6.428998565,Regular,20,Delete,ConfigMap,false
6.449985875,Regular,19,Delete,Deployment,false
6.469078305,Regular,37,Create,Deployment,false
6.506600773,Regular,39,Create,ConfigMap,false
6.5461218169999995,Regular,61,Update,Deployment,false
6.607741742,Regular,20,Delete,ConfigMap,false
6.6277714020000005,Regular,20,Delete,Deployment,false
6.647823796,Regular,38,Create,Deployment,false
6.686575005,Regular,39,Create,ConfigMap,false
6.726291448,Regular,61,Update,Deployment,false
6.787864345,Regular,20,Delete,ConfigMap,false
6.807959709,Regular,21,Delete,Deployment,false
6.829013325,Regular,37,Create,Deployment,false
6.866709531,Regular,39,Create,ConfigMap,false
6.906468976,Regular,60,Update,Deployment,false
6.967435806,Regular,20,Delete,ConfigMap,false
6.988348265,Regular,19,Delete,Deployment,false
6.069422874,Regular,20,Delete,ConfigMap,false
6.089677069,Regular,20,Delete,Deployment,false
6.1102852930000005,Regular,38,Create,Deployment,false
6.148824321,Regular,39,Create,ConfigMap,false
6.188286885,Regular,61,Update,Deployment,false
6.249479513,Regular,21,Delete,ConfigMap,false
6.270638137,Regular,19,Delete,Deployment,false
6.289714185,Regular,38,Create,Deployment,false
6.328423495,Regular,39,Create,ConfigMap,false
6.368391053,Regular,61,Update,Deployment,false
6.429971894,Regular,21,Delete,ConfigMap,false
6.451840741,Regular,19,Delete,Deployment,false
6.471111487,Regular,37,Create,Deployment,false
6.508147415,Regular,39,Create,ConfigMap,false
6.54806051,Regular,61,Update,Deployment,false
6.609669004,Regular,22,Delete,ConfigMap,false
6.632512251,Regular,17,Delete,Deployment,false
6.649930156,Regular,38,Create,Deployment,false
6.688474254,Regular,39,Create,ConfigMap,false
6.728074298,Regular,61,Update,Deployment,false
6.78963971,Regular,19,Delete,ConfigMap,false
6.809543993,Regular,20,Delete,Deployment,false
6.83012718,Regular,37,Create,Deployment,false
6.868097614,Regular,40,Create,ConfigMap,false
6.908216648,Regular,61,Update,Deployment,false
6.969256758,Regular,21,Delete,ConfigMap,false
6.9910638370000004,Regular,19,Delete,Deployment,false
6.016282613,Regular,61,Update,Deployment,false
6.077695667,Regular,20,Delete,ConfigMap,false
6.097877636,Regular,20,Delete,Deployment,false
6.118124367,Regular,37,Create,Deployment,false
6.156113867,Regular,41,Create,ConfigMap,false
6.197394716,Regular,60,Update,Deployment,false
6.257586583,Regular,20,Delete,ConfigMap,false
6.278175771,Regular,19,Delete,Deployment,false
6.297635805,Regular,39,Create,Deployment,false
6.337565642,Regular,39,Create,ConfigMap,false
6.377390921,Regular,60,Update,Deployment,false
6.437545697,Regular,21,Delete,ConfigMap,false
6.459101492,Regular,24,Delete,Deployment,false
6.483722649,Regular,35,Create,Deployment,false
6.519137243,Regular,40,Create,ConfigMap,false
6.559212855,Regular,60,Update,Deployment,false
6.619985339,Regular,19,Delete,ConfigMap,false
6.639765688,Regular,19,Delete,Deployment,false
6.659456228,Regular,39,Create,Deployment,false
6.699099483,Regular,39,Create,ConfigMap,false
6.738264344,Regular,60,Update,Deployment,false
6.798499522,Regular,19,Delete,ConfigMap,false
6.818208838,Regular,20,Delete,Deployment,false
6.839140533,Regular,38,Create,Deployment,false
6.877741939,Regular,39,Create,ConfigMap,false
6.917295575,Regular,60,Update,Deployment,false
6.9775396,Regular,21,Delete,ConfigMap,false
6.999002319,Regular,19,Delete,Deployment,false
6.061972986,Regular,19,Delete,ConfigMap,false
6.08158656,Regular,20,Delete,Deployment,false
6.101775302,Regular,38,Create,Deployment,false
6.140623704,Regular,39,Create,ConfigMap,false
6.180534395,Regular,61,Update,Deployment,false
6.241938753,Regular,19,Delete,ConfigMap,false
6.26169669,Regular,20,Delete,Deployment,false
6.282129101,Regular,38,Create,Deployment,false
6.320468583,Regular,39,Create,ConfigMap,false
6.360227817,Regular,61,Update,Deployment,false
6.421572272,Regular,19,Delete,ConfigMap,false
6.441347582,Regular,20,Delete,Deployment,false
6.46201627,Regular,37,Create,Deployment,false
6.50002203,Regular,39,Create,ConfigMap,false
6.539312038,Regular,60,Update,Deployment,false
6.599481762,Regular,18,Delete,ConfigMap,false
6.618223639,Regular,20,Delete,Deployment,false
6.638779825,Regular,38,Create,Deployment,false
6.677265804,Regular,39,Create,ConfigMap,false
6.717140356,Regular,62,Update,Deployment,false
6.779248343,Regular,20,Delete,ConfigMap,false
6.799317849,Regular,20,Delete,Deployment,false
6.820074213,Regular,38,Create,Deployment,false
6.858402433,Regular,40,Create,ConfigMap,false
6.8985253140000005,Regular,60,Update,Deployment,false
6.959306735,Regular,20,Delete,ConfigMap,false
6.9793687460000005,Regular,20,Delete,Deployment,false
7.000059697,Regular,38,Create,Deployment,false
6.078633119,Regular,20,Delete,Deployment,false
6.098949491,Regular,38,Create,Deployment,false
6.137598979,Regular,39,Create,ConfigMap,false
6.177322024,Regular,60,Update,Deployment,false
6.238307781,Regular,20,Delete,ConfigMap,false
6.258529725,Regular,20,Delete,Deployment,false
6.279311727,Regular,38,Create,Deployment,false
6.317612716,Regular,38,Create,ConfigMap,false
6.356163246,Regular,60,Update,Deployment,false
6.416837995,Regular,21,Delete,ConfigMap,false
6.438436671,Regular,19,Delete,Deployment,false
6.458318813,Regular,37,Create,Deployment,false
6.496252246,Regular,40,Create,ConfigMap,false
6.536729117,Regular,61,Update,Deployment,false
6.598195011,Regular,19,Delete,ConfigMap,false
6.61726066,Regular,20,Delete,Deployment,false
6.637854476,Regular,38,Create,Deployment,false
6.676399486,Regular,40,Create,ConfigMap,false
6.716579696,Regular,61,Update,Deployment,false
6.77811462,Regular,19,Delete,ConfigMap,false
6.797318651,Regular,21,Delete,Deployment,false
6.819002427,Regular,37,Create,Deployment,false
6.856447348,Regular,39,Create,ConfigMap,false
6.896383747,Regular,61,Update,Deployment,false
6.95779075,Regular,20,Delete,ConfigMap,false
6.978432237,Regular,22,Delete,Deployment,false
7.000840983,Regular,38,Create,Deployment,false
6.002277607,Regular,61,Update,Deployment,false
6.063874379,Regular,19,Delete,ConfigMap,false
6.083687049,Regular,20,Delete,Deployment,false
6.103813543,Regular,38,Create,Deployment,false
6.142316754,Regular,40,Create,ConfigMap,false
6.182469943,Regular,61,Update,Deployment,false
6.243809989,Regular,19,Delete,ConfigMap,false
6.263774156,Regular,20,Delete,Deployment,false
6.283838351,Regular,38,Create,Deployment,false
6.322603016,Regular,39,Create,ConfigMap,false
6.362218018,Regular,61,Update,Deployment,false
6.423624229,Regular,20,Delete,ConfigMap,false
6.443895026,Regular,19,Delete,Deployment,false
6.463770545,Regular,37,Create,Deployment,false
6.501373033,Regular,39,Create,ConfigMap,false
6.541341593,Regular,61,Update,Deployment,false
6.602497121,Regular,20,Delete,ConfigMap,false
6.622929703,Regular,20,Delete,Deployment,false
6.642959644,Regular,38,Create,Deployment,false
6.681356704,Regular,40,Create,ConfigMap,false
6.721429651,Regular,61,Update,Deployment,false
6.782806016,Regular,20,Delete,ConfigMap,false
6.802870733,Regular,20,Delete,Deployment,false
6.823042893,Regular,38,Create,Deployment,false
6.861302513,Regular,40,Create,ConfigMap,false
6.9015205139999996,Regular,61,Update,Deployment,false
6.962781481,Regular,20,Delete,ConfigMap,false
6.982880453,Regular,21,Delete,Deployment,false
7.004233394,Regular,38,Create,Deployment,false
6.141473751,Regular,39,Create,ConfigMap,false
6.181211254,Regular,61,Update,Deployment,false
6.24312797,Regular,19,Delete,ConfigMap,false
6.262728409,Regular,20,Delete,Deployment,false
6.282834965,Regular,38,Create,Deployment,false
6.321158056,Regular,40,Create,ConfigMap,false
6.361523305,Regular,60,Update,Deployment,false
6.422428169,Regular,20,Delete,ConfigMap,false
6.4429079399999996,Regular,20,Delete,Deployment,false
6.46302693,Regular,40,Create,Deployment,false
6.503654946,Regular,39,Create,ConfigMap,false
6.543506745,Regular,61,Update,Deployment,false
6.6049361399999995,Regular,20,Delete,ConfigMap,false
6.624980368,Regular,19,Delete,Deployment,false
6.644886154,Regular,38,Create,Deployment,false
6.683617917,Regular,39,Create,ConfigMap,false
6.723266161,Regular,61,Update,Deployment,false
6.784474449,Regular,20,Delete,ConfigMap,false
6.804872305,Regular,21,Delete,Deployment,false
6.826100591,Regular,37,Create,Deployment,false
6.863730061,Regular,39,Create,ConfigMap,false
6.903284848,Regular,61,Update,Deployment,false
6.9646326290000005,Regular,20,Delete,ConfigMap,false
6.985445841,Regular,19,Delete,Deployment,false
7.005125109,Regular,38,Create,Deployment,false
7.038236922,Regular,39,Create,ConfigMap,false
7.077561585,Regular,60,Update,Deployment,false
7.137891041,Regular,20,Delete,ConfigMap,false
7.158820803,Regular,20,Delete,Deployment,false
7.179344336,Regular,38,Create,Deployment,false
7.217372069,Regular,39,Create,ConfigMap,false
7.256543322,Regular,61,Update,Deployment,false
7.318002543,Regular,19,Delete,ConfigMap,false
7.337721457,Regular,20,Delete,Deployment,false
7.358082083,Regular,38,Create,Deployment,false
7.396898846,Regular,39,Create,ConfigMap,false
7.436396756,Regular,61,Update,Deployment,false
7.498237108,Regular,20,Delete,ConfigMap,false
7.518258172,Regular,20,Delete,Deployment,false
7.538800201,Regular,38,Create,Deployment,false
7.577505303,Regular,38,Create,ConfigMap,false
7.616440982,Regular,60,Update,Deployment,false
7.677118886,Regular,21,Delete,ConfigMap,false
7.698238377,Regular,20,Delete,Deployment,false
7.718710183,Regular,38,Create,Deployment,false
7.756762471,Regular,39,Create,ConfigMap,false
7.796282433,Regular,61,Update,Deployment,false
7.857666833,Regular,21,Delete,ConfigMap,false
7.87870515,Regular,20,Delete,Deployment,false
7.8989832,Regular,38,Create,Deployment,false
7.937840249,Regular,39,Create,ConfigMap,false
7.977474277,Regular,61,Update,Deployment,false
7.03944279,Regular,38,Create,ConfigMap,false
7.078187067,Regular,61,Update,Deployment,false
7.139419239,Regular,20,Delete,ConfigMap,false
7.159917866,Regular,20,Delete,Deployment,false
7.180255208,Regular,38,Create,Deployment,false
7.218903222,Regular,42,Create,ConfigMap,false
7.26095045,Regular,59,Update,Deployment,false
7.320748562,Regular,19,Delete,ConfigMap,false
7.340635223,Regular,20,Delete,Deployment,false
7.361095848,Regular,38,Create,Deployment,false
7.3994122860000004,Regular,39,Create,ConfigMap,false
7.439259396,Regular,61,Update,Deployment,false
7.50097919,Regular,19,Delete,ConfigMap,false
7.520688886,Regular,20,Delete,Deployment,false
7.540747321,Regular,38,Create,Deployment,false
7.579304543,Regular,40,Create,ConfigMap,false
7.6193271849999995,Regular,61,Update,Deployment,false
7.68090956,Regular,19,Delete,ConfigMap,false
7.700625097,Regular,20,Delete,Deployment,false
7.7207035600000005,Regular,38,Create,Deployment,false
7.75950805,Regular,39,Create,ConfigMap,false
7.799262655,Regular,61,Update,Deployment,false
7.860407212,Regular,20,Delete,ConfigMap,false
7.880629256,Regular,20,Delete,Deployment,false
7.900958433,Regular,38,Create,Deployment,false
7.939199708,Regular,40,Create,ConfigMap,false
7.979487211,Regular,61,Update,Deployment,false
7.002566173,Regular,37,Create,Deployment,false
7.040241089,Regular,40,Create,ConfigMap,false
7.080264192,Regular,61,Update,Deployment,false
7.1421515620000005,Regular,19,Delete,ConfigMap,false
7.161740771,Regular,22,Delete,Deployment,false
7.184626178,Regular,36,Create,Deployment,false
7.221220221,Regular,39,Create,ConfigMap,false
7.261200613,Regular,61,Update,Deployment,false
7.322682397,Regular,19,Delete,ConfigMap,false
7.34268179,Regular,20,Delete,Deployment,false
7.363496584,Regular,38,Create,Deployment,false
7.401612013,Regular,39,Create,ConfigMap,false
7.441236913,Regular,61,Update,Deployment,false
7.502622225,Regular,20,Delete,ConfigMap,false
7.522677333,Regular,20,Delete,Deployment,false
7.542932711,Regular,39,Create,Deployment,false
7.582019394,Regular,39,Create,ConfigMap,false
7.621305303,Regular,61,Update,Deployment,false
7.682987296,Regular,19,Delete,ConfigMap,false
7.702458532,Regular,20,Delete,Deployment,false
7.722775635,Regular,38,Create,Deployment,false
7.761469136,Regular,39,Create,ConfigMap,false
7.801024835,Regular,62,Update,Deployment,false
7.863081936,Regular,19,Delete,ConfigMap,false
7.882567068,Regular,20,Delete,Deployment,false
7.902979732,Regular,38,Create,Deployment,false
7.941222551,Regular,40,Create,ConfigMap,false
7.981485266,Regular,61,Update,Deployment,false
7.04279777,Regular,39,Create,ConfigMap,false
7.082307603,Regular,61,Update,Deployment,false
7.14369573,Regular,20,Delete,ConfigMap,false
7.163715723,Regular,22,Delete,Deployment,false
7.186340588,Regular,36,Create,Deployment,false
7.22318855,Regular,40,Create,ConfigMap,false
7.263196585,Regular,61,Update,Deployment,false
7.324456459,Regular,21,Delete,ConfigMap,false
7.345975625,Regular,18,Delete,Deployment,false
7.364507475,Regular,37,Create,Deployment,false
7.402158275,Regular,40,Create,ConfigMap,false
7.442391194,Regular,61,Update,Deployment,false
7.503666348,Regular,20,Delete,ConfigMap,false
7.523682543,Regular,20,Delete,Deployment,false
7.544109905,Regular,38,Create,Deployment,false
7.582697495,Regular,39,Create,ConfigMap,false
7.622564423,Regular,61,Update,Deployment,false
7.683765546,Regular,19,Delete,ConfigMap,false
7.7034620480000005,Regular,20,Delete,Deployment,false
7.7237292669999995,Regular,38,Create,Deployment,false
7.7622036340000005,Regular,39,Create,ConfigMap,false
7.802171823,Regular,61,Update,Deployment,false
7.8639068850000005,Regular,19,Delete,ConfigMap,false
7.883593067,Regular,20,Delete,Deployment,false
7.90400514,Regular,38,Create,Deployment,false
7.942247217,Regular,39,Create,ConfigMap,false
7.982178166,Regular,61,Update,Deployment,false
7.007899352,Regular,38,Create,Deployment,false
7.046423632,Regular,39,Create,ConfigMap,false
7.08630652,Regular,61,Update,Deployment,false
7.147998181,Regular,19,Delete,ConfigMap,false
7.167578873,Regular,20,Delete,Deployment,false
7.188350556,Regular,38,Create,Deployment,false
7.226414597,Regular,39,Create,ConfigMap,false
7.266163922,Regular,61,Update,Deployment,false
7.328139559,Regular,19,Delete,ConfigMap,false
7.348006482,Regular,20,Delete,Deployment,false
7.368709105,Regular,37,Create,Deployment,false
7.406292627,Regular,40,Create,ConfigMap,false
7.446685149,Regular,60,Update,Deployment,false
7.507451801,Regular,20,Delete,ConfigMap,false
7.527735883,Regular,22,Delete,Deployment,false
7.550375155,Regular,36,Create,Deployment,false
7.587352742,Regular,39,Create,ConfigMap,false
7.627282709,Regular,61,Update,Deployment,false
7.68869388,Regular,19,Delete,ConfigMap,false
7.708467977,Regular,20,Delete,Deployment,false
7.728992303,Regular,40,Create,Deployment,false
7.769340991,Regular,40,Create,ConfigMap,false
7.809516672,Regular,61,Update,Deployment,false
7.870697478,Regular,20,Delete,ConfigMap,false
7.891143185,Regular,19,Delete,Deployment,false
7.910927822,Regular,38,Create,Deployment,false
7.949645268,Regular,39,Create,ConfigMap,false
7.98910727,Regular,61,Update,Deployment,false
7.010854576,Regular,38,Create,Deployment,false
7.049207463,Regular,40,Create,ConfigMap,false
7.089503091,Regular,61,Update,Deployment,false
7.150555463,Regular,20,Delete,ConfigMap,false
7.170930356,Regular,19,Delete,Deployment,false
7.19056475,Regular,37,Create,Deployment,false
7.228365934,Regular,39,Create,ConfigMap,false
7.268192165,Regular,61,Update,Deployment,false
7.329912911,Regular,20,Delete,ConfigMap,false
7.350027131,Regular,20,Delete,Deployment,false
7.370366898,Regular,37,Create,Deployment,false
7.4081751350000005,Regular,40,Create,ConfigMap,false
7.448259123,Regular,60,Update,Deployment,false
7.509169888,Regular,20,Delete,ConfigMap,false
7.529577002,Regular,21,Delete,Deployment,false
7.550615199,Regular,38,Create,Deployment,false
7.588727831,Regular,39,Create,ConfigMap,false
7.628417083,Regular,60,Update,Deployment,false
7.689399724,Regular,20,Delete,ConfigMap,false
7.709637287,Regular,20,Delete,Deployment,false
7.729671947,Regular,40,Create,Deployment,false
7.77019792,Regular,40,Create,ConfigMap,false
7.810308999,Regular,61,Update,Deployment,false
7.871507348,Regular,20,Delete,ConfigMap,false
7.892096386,Regular,20,Delete,Deployment,false
7.912609941,Regular,37,Create,Deployment,false
7.950212399,Regular,40,Create,ConfigMap,false
7.990413539,Regular,60,Update,Deployment,false
7.003446627,Regular,37,Create,Deployment,false
7.041327853,Regular,40,Create,ConfigMap,false
7.081615996,Regular,61,Update,Deployment,false
7.142851705,Regular,19,Delete,ConfigMap,false
7.162671539,Regular,21,Delete,Deployment,false
7.183770811,Regular,36,Create,Deployment,false
7.220256439,Regular,40,Create,ConfigMap,false
7.26095043,Regular,58,Update,Deployment,false
7.319381799,Regular,20,Delete,ConfigMap,false
7.339416851,Regular,20,Delete,Deployment,false
7.360115495,Regular,38,Create,Deployment,false
7.39872144,Regular,40,Create,ConfigMap,false
7.43877483,Regular,61,Update,Deployment,false
7.499834627,Regular,19,Delete,ConfigMap,false
7.519636677,Regular,20,Delete,Deployment,false
7.539797275,Regular,38,Create,Deployment,false
7.578436804,Regular,40,Create,ConfigMap,false
7.618589792,Regular,60,Update,Deployment,false
7.679513271,Regular,20,Delete,ConfigMap,false
7.699591724,Regular,20,Delete,Deployment,false
7.719711295,Regular,38,Create,Deployment,false
7.75830682,Regular,40,Create,ConfigMap,false
7.798667801,Regular,60,Update,Deployment,false
7.85945899,Regular,20,Delete,ConfigMap,false
7.8796302879999995,Regular,20,Delete,Deployment,false
7.900019608,Regular,38,Create,Deployment,false
7.938180572,Regular,39,Create,ConfigMap,false
7.978183057,Regular,61,Update,Deployment,false
8.040168743,Regular,20,Delete,ConfigMap,false
7.043431578,Regular,39,Create,ConfigMap,false
7.083152811,Regular,61,Update,Deployment,false
7.14462136,Regular,20,Delete,ConfigMap,false
7.164700924,Regular,20,Delete,Deployment,false
7.185475783,Regular,37,Create,Deployment,false
7.222581583,Regular,39,Create,ConfigMap,false
7.262240508,Regular,61,Update,Deployment,false
7.323648783,Regular,21,Delete,ConfigMap,false
7.345018416,Regular,20,Delete,Deployment,false
7.365365526,Regular,37,Create,Deployment,false
7.403255929,Regular,39,Create,ConfigMap,false
7.442994755,Regular,61,Update,Deployment,false
7.504333609,Regular,20,Delete,ConfigMap,false
7.524695848,Regular,20,Delete,Deployment,false
7.545188604,Regular,38,Create,Deployment,false
7.5839517050000005,Regular,39,Create,ConfigMap,false
7.623154328,Regular,61,Update,Deployment,false
7.684622275,Regular,19,Delete,ConfigMap,false
7.70435247,Regular,20,Delete,Deployment,false
7.724895671,Regular,38,Create,Deployment,false
7.763528066,Regular,39,Create,ConfigMap,false
7.803294885,Regular,61,Update,Deployment,false
7.865037522,Regular,19,Delete,ConfigMap,false
7.884564042,Regular,20,Delete,Deployment,false
7.904689904,Regular,38,Create,Deployment,false
7.943637965,Regular,39,Create,ConfigMap,false
7.983521424,Regular,60,Update,Deployment,false
8.044513393,Regular,20,Delete,ConfigMap,false
7.018196651,Regular,38,Create,Deployment,false
7.056494183,Regular,40,Create,ConfigMap,false
7.097007432,Regular,61,Update,Deployment,false
7.158020691,Regular,20,Delete,ConfigMap,false
7.178180407,Regular,19,Delete,Deployment,false
7.19793067,Regular,40,Create,Deployment,false
7.237956137,Regular,40,Create,ConfigMap,false
7.277979701,Regular,60,Update,Deployment,false
7.3385754,Regular,20,Delete,ConfigMap,false
7.359064579,Regular,19,Delete,Deployment,false
7.37836412,Regular,39,Create,Deployment,false
7.417842073,Regular,39,Create,ConfigMap,false
7.457560911,Regular,59,Update,Deployment,false
7.517330549,Regular,20,Delete,ConfigMap,false
7.537700633,Regular,20,Delete,Deployment,false
7.557999322,Regular,39,Create,Deployment,false
7.597426168,Regular,39,Create,ConfigMap,false
7.637196814,Regular,60,Update,Deployment,false
7.697362632,Regular,20,Delete,ConfigMap,false
7.717609503,Regular,22,Delete,Deployment,false
7.739761464,Regular,37,Create,Deployment,false
7.777562057,Regular,39,Create,ConfigMap,false
7.817193209,Regular,60,Update,Deployment,false
7.877822261,Regular,20,Delete,ConfigMap,false
7.898051539,Regular,20,Delete,Deployment,false
7.918141754,Regular,38,Create,Deployment,false
7.956948449,Regular,38,Create,ConfigMap,false
7.995034902,Regular,61,Update,Deployment,false
8.056879602,Regular,19,Delete,ConfigMap,false
7.006932024,Regular,38,Create,Deployment,false
7.045712618,Regular,39,Create,ConfigMap,false
7.085028314,Regular,61,Update,Deployment,false
7.146455265,Regular,20,Delete,ConfigMap,false
7.166589944,Regular,21,Delete,Deployment,false
7.188107707,Regular,37,Create,Deployment,false
7.225137664,Regular,39,Create,ConfigMap,false
7.264955048,Regular,61,Update,Deployment,false
7.326535588,Regular,20,Delete,ConfigMap,false
7.346868001,Regular,20,Delete,Deployment,false
7.367736597,Regular,37,Create,Deployment,false
7.405429647,Regular,41,Create,ConfigMap,false
7.446441919,Regular,60,Update,Deployment,false
7.506466539,Regular,20,Delete,ConfigMap,false
7.526715835,Regular,21,Delete,Deployment,false
7.548508748,Regular,36,Create,Deployment,false
7.585314921,Regular,39,Create,ConfigMap,false
7.625073605,Regular,61,Update,Deployment,false
7.6869302269999995,Regular,19,Delete,ConfigMap,false
7.706425277,Regular,20,Delete,Deployment,false
7.726791314,Regular,37,Create,Deployment,false
7.764266602,Regular,40,Create,ConfigMap,false
7.804495634,Regular,61,Update,Deployment,false
7.865959144,Regular,19,Delete,ConfigMap,false
7.8854991089999995,Regular,20,Delete,Deployment,false
7.90577793,Regular,38,Create,Deployment,false
7.944238099,Regular,39,Create,ConfigMap,false
7.984101731,Regular,61,Update,Deployment,false
8.045608412,Regular,20,Delete,ConfigMap,false
8.065904997,Regular,20,Delete,Deployment,false
8.086044526,Regular,38,Create,Deployment,false
8.038971841,Regular,20,Delete,ConfigMap,false
8.059894349,Regular,18,Delete,Deployment,false
8.078354894,Regular,39,Create,Deployment,false
8.117920773,Regular,39,Create,ConfigMap,false
8.157465792,Regular,61,Update,Deployment,false
8.2192934,Regular,18,Delete,ConfigMap,false
8.238263899,Regular,20,Delete,Deployment,false
8.258978153,Regular,38,Create,Deployment,false
8.297800357,Regular,39,Create,ConfigMap,false
8.337657276,Regular,60,Update,Deployment,false
8.398370376999999,Regular,19,Delete,ConfigMap,false
8.418335897,Regular,20,Delete,Deployment,false
8.439026767,Regular,38,Create,Deployment,false
8.477683227,Regular,39,Create,ConfigMap,false
8.517464633,Regular,60,Update,Deployment,false
8.577923474,Regular,20,Delete,ConfigMap,false
8.598426038,Regular,20,Delete,Deployment,false
8.618974149,Regular,38,Create,Deployment,false
8.6577156,Regular,38,Create,ConfigMap,false
8.696412246,Regular,61,Update,Deployment,false
8.758141979,Regular,20,Delete,ConfigMap,false
8.778634684,Regular,20,Delete,Deployment,false
8.798681026,Regular,39,Create,Deployment,false
8.83779962,Regular,39,Create,ConfigMap,false
8.877299193,Regular,60,Update,Deployment,false
8.937769056,Regular,21,Delete,ConfigMap,false
8.958843751,Regular,21,Delete,Deployment,false
8.980088338,Regular,37,Create,Deployment,false
8.042638229,Regular,20,Delete,ConfigMap,false
8.063385416,Regular,19,Delete,Deployment,false
8.082966228,Regular,38,Create,Deployment,false
8.121536867,Regular,39,Create,ConfigMap,false
8.161410457,Regular,61,Update,Deployment,false
8.222876421,Regular,19,Delete,ConfigMap,false
8.242542945,Regular,21,Delete,Deployment,false
8.264447729,Regular,36,Create,Deployment,false
8.301207766,Regular,39,Create,ConfigMap,false
8.341176787,Regular,62,Update,Deployment,false
8.403199944,Regular,19,Delete,ConfigMap,false
8.422599834,Regular,20,Delete,Deployment,false
8.44288618,Regular,38,Create,Deployment,false
8.481371216,Regular,39,Create,ConfigMap,false
8.521293338,Regular,61,Update,Deployment,false
8.583267282,Regular,18,Delete,ConfigMap,false
8.602260575,Regular,20,Delete,Deployment,false
8.622686945,Regular,37,Create,Deployment,false
8.660554996,Regular,39,Create,ConfigMap,false
8.700433846,Regular,61,Update,Deployment,false
8.761785684,Regular,21,Delete,ConfigMap,false
8.782874396,Regular,19,Delete,Deployment,false
8.801895852,Regular,38,Create,Deployment,false
8.840514671,Regular,39,Create,ConfigMap,false
8.880029994000001,Regular,61,Update,Deployment,false
8.941508532,Regular,20,Delete,ConfigMap,false
8.961948047,Regular,20,Delete,Deployment,false
8.982526475,Regular,36,Create,Deployment,false
8.04085533,Regular,20,Delete,ConfigMap,false
8.061501937,Regular,19,Delete,Deployment,false
8.08081356,Regular,38,Create,Deployment,false
8.119377275,Regular,41,Create,ConfigMap,false
8.160695596,Regular,60,Update,Deployment,false
8.221153074,Regular,19,Delete,ConfigMap,false
8.240698329,Regular,21,Delete,Deployment,false
8.262524134,Regular,36,Create,Deployment,false
8.299233626,Regular,40,Create,ConfigMap,false
8.339361256,Regular,61,Update,Deployment,false
8.401150361,Regular,19,Delete,ConfigMap,false
8.420250755,Regular,20,Delete,Deployment,false
8.440758339,Regular,38,Create,Deployment,false
8.479106627,Regular,40,Create,ConfigMap,false
8.519380985,Regular,62,Update,Deployment,false
8.581619859,Regular,18,Delete,ConfigMap,false
8.60035824,Regular,21,Delete,Deployment,false
8.621664152,Regular,37,Create,Deployment,false
8.659225223,Regular,39,Create,ConfigMap,false
8.699142055,Regular,61,Update,Deployment,false
8.760748344,Regular,19,Delete,ConfigMap,false
8.780585892,Regular,20,Delete,Deployment,false
8.800846108,Regular,38,Create,Deployment,false
8.839246083,Regular,40,Create,ConfigMap,false
8.879388472,Regular,61,Update,Deployment,false
8.94056584,Regular,20,Delete,ConfigMap,false
8.960874348,Regular,21,Delete,Deployment,false
8.982787077,Regular,37,Create,Deployment,false
8.065119904,Regular,19,Delete,Deployment,false
8.08506773,Regular,38,Create,Deployment,false
8.123297203,Regular,40,Create,ConfigMap,false
8.163500196,Regular,61,Update,Deployment,false
8.224809163,Regular,19,Delete,ConfigMap,false
8.244701404,Regular,20,Delete,Deployment,false
8.26545325,Regular,38,Create,Deployment,false
8.303789815,Regular,39,Create,ConfigMap,false
8.343170704,Regular,61,Update,Deployment,false
8.404560766,Regular,19,Delete,ConfigMap,false
8.424466502,Regular,20,Delete,Deployment,false
8.4446114,Regular,39,Create,Deployment,false
8.483744932,Regular,39,Create,ConfigMap,false
8.523122786,Regular,62,Update,Deployment,false
8.58571607,Regular,18,Delete,ConfigMap,false
8.604588784,Regular,20,Delete,Deployment,false
8.625579321,Regular,37,Create,Deployment,false
8.663469834,Regular,39,Create,ConfigMap,false
8.703133227,Regular,61,Update,Deployment,false
8.764475467,Regular,20,Delete,ConfigMap,false
8.785140909,Regular,18,Delete,Deployment,false
8.803515673,Regular,38,Create,Deployment,false
8.8424883,Regular,39,Create,ConfigMap,false
8.88213941,Regular,61,Update,Deployment,false
8.943607679,Regular,20,Delete,ConfigMap,false
8.963994414,Regular,19,Delete,Deployment,false
8.983819077,Regular,37,Create,Deployment,false
8.04366503,Regular,20,Delete,ConfigMap,false
8.064217749,Regular,19,Delete,Deployment,false
8.084060376,Regular,38,Create,Deployment,false
8.122294238,Regular,39,Create,ConfigMap,false
8.162215047,Regular,61,Update,Deployment,false
8.223962093,Regular,19,Delete,ConfigMap,false
8.243626573,Regular,21,Delete,Deployment,false
8.264716908,Regular,37,Create,Deployment,false
8.302302044,Regular,40,Create,ConfigMap,false
8.34240099,Regular,61,Update,Deployment,false
8.403964629,Regular,19,Delete,ConfigMap,false
8.423616846,Regular,19,Delete,Deployment,false
8.443600069,Regular,39,Create,Deployment,false
8.482885337999999,Regular,39,Create,ConfigMap,false
8.522547188,Regular,61,Update,Deployment,false
8.584229751,Regular,19,Delete,ConfigMap,false
8.60351249,Regular,21,Delete,Deployment,false
8.62473777,Regular,38,Create,Deployment,false
8.66277468,Regular,39,Create,ConfigMap,false
8.702567618,Regular,61,Update,Deployment,false
8.763655246999999,Regular,22,Delete,ConfigMap,false
8.785939809,Regular,18,Delete,Deployment,false
8.804683991,Regular,38,Create,Deployment,false
8.843279405,Regular,40,Create,ConfigMap,false
8.883703947,Regular,60,Update,Deployment,false
8.944495687,Regular,20,Delete,ConfigMap,false
8.964810947,Regular,21,Delete,Deployment,false
8.986227298,Regular,37,Create,Deployment,false
8.050675297,Regular,19,Delete,ConfigMap,false
8.070597625,Regular,20,Delete,Deployment,false
8.090860797,Regular,38,Create,Deployment,false
8.129174009,Regular,41,Create,ConfigMap,false
8.170504592,Regular,60,Update,Deployment,false
8.230737887,Regular,19,Delete,ConfigMap,false
8.250656217,Regular,20,Delete,Deployment,false
8.271004821,Regular,38,Create,Deployment,false
8.309555301,Regular,39,Create,ConfigMap,false
8.349472563,Regular,61,Update,Deployment,false
8.411200392,Regular,19,Delete,ConfigMap,false
8.431150813,Regular,19,Delete,Deployment,false
8.450932646,Regular,38,Create,Deployment,false
8.489733229,Regular,39,Create,ConfigMap,false
8.529626376,Regular,63,Update,Deployment,false
8.593064417,Regular,17,Delete,ConfigMap,false
8.610754646,Regular,20,Delete,Deployment,false
8.631269333,Regular,38,Create,Deployment,false
8.670149977,Regular,39,Create,ConfigMap,false
8.709265565,Regular,63,Update,Deployment,false
8.773038409,Regular,17,Delete,ConfigMap,false
8.790238532,Regular,19,Delete,Deployment,false
8.809579772,Regular,38,Create,Deployment,false
8.84829325,Regular,40,Create,ConfigMap,false
8.888424828,Regular,61,Update,Deployment,false
8.949519691,Regular,20,Delete,ConfigMap,false
8.970185504,Regular,19,Delete,Deployment,false
8.989988496,Regular,38,Create,Deployment,false
8.051372495,Regular,20,Delete,ConfigMap,false
8.071525258,Regular,20,Delete,Deployment,false
8.092000621,Regular,39,Create,Deployment,false
8.131507859,Regular,39,Create,ConfigMap,false
8.170962818,Regular,61,Update,Deployment,false
8.232085894,Regular,19,Delete,ConfigMap,false
8.251801041,Regular,20,Delete,Deployment,false
8.272015851,Regular,38,Create,Deployment,false
8.310142661,Regular,39,Create,ConfigMap,false
8.350070614,Regular,61,Update,Deployment,false
8.412015242,Regular,20,Delete,ConfigMap,false
8.432423428,Regular,19,Delete,Deployment,false
8.451856381,Regular,38,Create,Deployment,false
8.490488997,Regular,39,Create,ConfigMap,false
8.530147651,Regular,63,Update,Deployment,false
8.593366457,Regular,18,Delete,ConfigMap,false
8.611923796,Regular,20,Delete,Deployment,false
8.632324758,Regular,38,Create,Deployment,false
8.670831215,Regular,39,Create,ConfigMap,false
8.710501972,Regular,62,Update,Deployment,false
8.77342556,Regular,18,Delete,ConfigMap,false
8.792112183,Regular,19,Delete,Deployment,false
8.811868567,Regular,38,Create,Deployment,false
8.850707783,Regular,39,Create,ConfigMap,false
8.890228286,Regular,61,Update,Deployment,false
8.951384465,Regular,21,Delete,ConfigMap,false
8.972555532,Regular,19,Delete,Deployment,false
8.992061994,Regular,38,Create,Deployment,false
8.060532525,Regular,18,Delete,Deployment,false
8.07929436,Regular,39,Create,Deployment,false
8.118373829,Regular,40,Create,ConfigMap,false
8.158489517,Regular,62,Update,Deployment,false
8.220563039,Regular,18,Delete,ConfigMap,false
8.239546112,Regular,20,Delete,Deployment,false
8.260038217,Regular,38,Create,Deployment,false
8.298545465,Regular,39,Create,ConfigMap,false
8.33818313,Regular,61,Update,Deployment,false
8.399542212,Regular,19,Delete,ConfigMap,false
8.419322521,Regular,20,Delete,Deployment,false
8.439819765,Regular,38,Create,Deployment,false
8.478237454,Regular,39,Create,ConfigMap,false
8.518124991,Regular,61,Update,Deployment,false
8.579768611,Regular,19,Delete,ConfigMap,false
8.599328393,Regular,20,Delete,Deployment,false
8.620187922,Regular,38,Create,Deployment,false
8.658368574,Regular,40,Create,ConfigMap,false
8.698627182,Regular,61,Update,Deployment,false
8.759863973,Regular,19,Delete,ConfigMap,false
8.779585561,Regular,20,Delete,Deployment,false
8.799716884,Regular,38,Create,Deployment,false
8.838225074,Regular,39,Create,ConfigMap,false
8.878127138,Regular,61,Update,Deployment,false
8.939551754,Regular,20,Delete,ConfigMap,false
8.959795289,Regular,21,Delete,Deployment,false
8.980933004,Regular,37,Create,Deployment,false
9.018122472,Regular,40,Create,ConfigMap,false
8.124794412,Regular,39,Create,ConfigMap,false
8.164061737,Regular,61,Update,Deployment,false
8.225605739,Regular,20,Delete,ConfigMap,false
8.245661428,Regular,20,Delete,Deployment,false
8.26616793,Regular,38,Create,Deployment,false
8.304337029,Regular,40,Create,ConfigMap,false
8.344451765,Regular,61,Update,Deployment,false
8.40585959,Regular,19,Delete,ConfigMap,false
8.425565078,Regular,20,Delete,Deployment,false
8.445633171,Regular,38,Create,Deployment,false
8.484316683,Regular,39,Create,ConfigMap,false
8.524236059,Regular,62,Update,Deployment,false
8.586332645,Regular,19,Delete,ConfigMap,false
8.605605816,Regular,21,Delete,Deployment,false
8.627347632,Regular,38,Create,Deployment,false
8.665704116,Regular,39,Create,ConfigMap,false
8.705062463,Regular,61,Update,Deployment,false
8.766431574,Regular,21,Delete,ConfigMap,false
8.787648959,Regular,18,Delete,Deployment,false
8.806614409,Regular,38,Create,Deployment,false
8.845344368,Regular,39,Create,ConfigMap,false
8.885167613,Regular,61,Update,Deployment,false
8.946570417,Regular,20,Delete,ConfigMap,false
8.96712517,Regular,20,Delete,Deployment,false
8.987907423,Regular,37,Create,Deployment,false
9.025658082,Regular,39,Create,ConfigMap,false
8.076414347,Regular,20,Delete,Deployment,false
8.097060122,Regular,38,Create,Deployment,false
8.135408761,Regular,39,Create,ConfigMap,false
8.175278804,Regular,61,Update,Deployment,false
8.236708069,Regular,20,Delete,ConfigMap,false
8.256798174,Regular,20,Delete,Deployment,false
8.276924437,Regular,38,Create,Deployment,false
8.315680406,Regular,39,Create,ConfigMap,false
8.355365019,Regular,61,Update,Deployment,false
8.416510708,Regular,20,Delete,ConfigMap,false
8.436878307,Regular,20,Delete,Deployment,false
8.456908078,Regular,38,Create,Deployment,false
8.495485799,Regular,39,Create,ConfigMap,false
8.535205158,Regular,61,Update,Deployment,false
8.596779076,Regular,20,Delete,ConfigMap,false
8.616913826,Regular,20,Delete,Deployment,false
8.637356587,Regular,37,Create,Deployment,false
8.675260665,Regular,40,Create,ConfigMap,false
8.715305149,Regular,61,Update,Deployment,false
8.776593667,Regular,20,Delete,ConfigMap,false
8.796634289,Regular,20,Delete,Deployment,false
8.816743409,Regular,38,Create,Deployment,false
8.855524485,Regular,39,Create,ConfigMap,false
8.895152752,Regular,61,Update,Deployment,false
8.956887444,Regular,21,Delete,ConfigMap,false
8.978302583,Regular,18,Delete,Deployment,false
8.996935885,Regular,38,Create,Deployment,false
9.035731869,Regular,39,Create,ConfigMap,false
9.075019802,Regular,61,Update,Deployment,false
9.017569186,Regular,39,Create,ConfigMap,false
9.057567963,Regular,61,Update,Deployment,false
9.119017726,Regular,19,Delete,ConfigMap,false
9.138552061,Regular,20,Delete,Deployment,false
9.15893515,Regular,38,Create,Deployment,false
9.19776626,Regular,39,Create,ConfigMap,false
9.237413403,Regular,61,Update,Deployment,false
9.299104161,Regular,19,Delete,ConfigMap,false
9.318917273,Regular,20,Delete,Deployment,false
9.339103299,Regular,38,Create,Deployment,false
9.377842365,Regular,38,Create,ConfigMap,false
9.416583946,Regular,60,Update,Deployment,false
9.476824284,Regular,20,Delete,ConfigMap,false
9.497359671,Regular,20,Delete,Deployment,false
9.518175858,Regular,38,Create,Deployment,false
9.556345078,Regular,39,Create,ConfigMap,false
9.595575462,Regular,76,Update,Deployment,false
9.672342331,Regular,5,Delete,ConfigMap,false
9.677480952,Regular,21,Delete,Deployment,false
9.698675804,Regular,38,Create,Deployment,false
9.736855714,Regular,39,Create,ConfigMap,false
9.776158425,Regular,61,Update,Deployment,false
9.838028002,Regular,20,Delete,ConfigMap,false
9.858465654,Regular,19,Delete,Deployment,false
9.878172514,Regular,39,Create,Deployment,false
9.917544217,Regular,39,Create,ConfigMap,false
9.957344438,Regular,62,Update,Deployment,false
9.019195329,Regular,40,Create,ConfigMap,false
9.059446112,Regular,61,Update,Deployment,false
9.120857303,Regular,19,Delete,ConfigMap,false
9.140697786,Regular,20,Delete,Deployment,false
9.161161316,Regular,37,Create,Deployment,false
9.198250365,Regular,40,Create,ConfigMap,false
9.238401069,Regular,62,Update,Deployment,false
9.300478729,Regular,19,Delete,ConfigMap,false
9.319929686,Regular,20,Delete,Deployment,false
9.340111154,Regular,38,Create,Deployment,false
9.378610717,Regular,39,Create,ConfigMap,false
9.418297094,Regular,60,Update,Deployment,false
9.478449997,Regular,20,Delete,ConfigMap,false
9.499382313,Regular,20,Delete,Deployment,false
9.519947065,Regular,38,Create,Deployment,false
9.558940301,Regular,39,Create,ConfigMap,false
9.598650203,Regular,74,Update,Deployment,false
9.672964406,Regular,5,Delete,ConfigMap,false
9.678304157,Regular,21,Delete,Deployment,false
9.699463262,Regular,38,Create,Deployment,false
9.737487788,Regular,39,Create,ConfigMap,false
9.777156632,Regular,62,Update,Deployment,false
9.839447665,Regular,19,Delete,ConfigMap,false
9.85928416,Regular,20,Delete,Deployment,false
9.879447824,Regular,38,Create,Deployment,false
9.918235653,Regular,40,Create,ConfigMap,false
9.958402778,Regular,61,Update,Deployment,false
9.021168408,Regular,40,Create,ConfigMap,false
9.061331415,Regular,61,Update,Deployment,false
9.122838998,Regular,19,Delete,ConfigMap,false
9.142714387,Regular,20,Delete,Deployment,false
9.163163981,Regular,38,Create,Deployment,false
9.201374849,Regular,40,Create,ConfigMap,false
9.241427348,Regular,61,Update,Deployment,false
9.302690098,Regular,20,Delete,ConfigMap,false
9.323040605,Regular,19,Delete,Deployment,false
9.342983201,Regular,38,Create,Deployment,false
9.381953294,Regular,39,Create,ConfigMap,false
9.421125349,Regular,61,Update,Deployment,false
9.483052304,Regular,19,Delete,ConfigMap,false
9.502600895,Regular,20,Delete,Deployment,false
9.523047814,Regular,38,Create,Deployment,false
9.561430527,Regular,40,Create,ConfigMap,false
9.60150139,Regular,71,Update,Deployment,false
9.673459242,Regular,6,Delete,ConfigMap,false
9.680381864,Regular,20,Delete,Deployment,false
9.701195295,Regular,38,Create,Deployment,false
9.739797092,Regular,39,Create,ConfigMap,false
9.779512764,Regular,61,Update,Deployment,false
9.840667019,Regular,19,Delete,ConfigMap,false
9.8601571,Regular,20,Delete,Deployment,false
9.880589151,Regular,38,Create,Deployment,false
9.919223189,Regular,39,Create,ConfigMap,false
9.959094616,Regular,61,Update,Deployment,false
9.058207011,Regular,61,Update,Deployment,false
9.120155737,Regular,19,Delete,ConfigMap,false
9.139676646,Regular,20,Delete,Deployment,false
9.160089381,Regular,39,Create,Deployment,false
9.199235066,Regular,39,Create,ConfigMap,false
9.239056728,Regular,62,Update,Deployment,false
9.301215582,Regular,19,Delete,ConfigMap,false
9.320969451,Regular,20,Delete,Deployment,false
9.341223185,Regular,38,Create,Deployment,false
9.379425176,Regular,40,Create,ConfigMap,false
9.419682312,Regular,60,Update,Deployment,false
9.480407906,Regular,19,Delete,ConfigMap,false
9.500295919,Regular,20,Delete,Deployment,false
9.520921977,Regular,38,Create,Deployment,false
9.559220421,Regular,40,Create,ConfigMap,false
9.599387276,Regular,74,Update,Deployment,false
9.673815304,Regular,8,Delete,ConfigMap,false
9.682386231,Regular,19,Delete,Deployment,false
9.702071691,Regular,38,Create,Deployment,false
9.740724966,Regular,39,Create,ConfigMap,false
9.780150479,Regular,61,Update,Deployment,false
9.842141455,Regular,19,Delete,ConfigMap,false
9.861502833,Regular,19,Delete,Deployment,false
9.881432844999999,Regular,39,Create,Deployment,false
9.920632111,Regular,39,Create,ConfigMap,false
9.960353444,Regular,61,Update,Deployment,false
9.030317677,Regular,39,Create,ConfigMap,false
9.070102921,Regular,61,Update,Deployment,false
9.131822504,Regular,20,Delete,ConfigMap,false
9.152247271,Regular,19,Delete,Deployment,false
9.172194366,Regular,38,Create,Deployment,false
9.210687999,Regular,39,Create,ConfigMap,false
9.250375327,Regular,61,Update,Deployment,false
9.311807327,Regular,20,Delete,ConfigMap,false
9.332352662,Regular,20,Delete,Deployment,false
9.352365351,Regular,38,Create,Deployment,false
9.390374137,Regular,40,Create,ConfigMap,false
9.430798638,Regular,61,Update,Deployment,false
9.492344313,Regular,19,Delete,ConfigMap,false
9.511978146,Regular,20,Delete,Deployment,false
9.532647686,Regular,38,Create,Deployment,false
9.570742354,Regular,39,Create,ConfigMap,false
9.610362516,Regular,64,Update,Deployment,false
9.674533171,Regular,8,Delete,ConfigMap,false
9.683196482,Regular,20,Delete,Deployment,false
9.703781222,Regular,38,Create,Deployment,false
9.742367059,Regular,39,Create,ConfigMap,false
9.78210909,Regular,61,Update,Deployment,false
9.844097662,Regular,19,Delete,ConfigMap,false
9.863250766,Regular,20,Delete,Deployment,false
9.883307759000001,Regular,39,Create,Deployment,false
9.922323067,Regular,39,Create,ConfigMap,false
9.962190175,Regular,61,Update,Deployment,false
9.020558305,Regular,39,Create,ConfigMap,false
9.060062317,Regular,61,Update,Deployment,false
9.121883943,Regular,19,Delete,ConfigMap,false
9.141701934,Regular,20,Delete,Deployment,false
9.162186554,Regular,38,Create,Deployment,false
9.200540693,Regular,39,Create,ConfigMap,false
9.240267325,Regular,61,Update,Deployment,false
9.301973243,Regular,19,Delete,ConfigMap,false
9.321961616,Regular,20,Delete,Deployment,false
9.342163061,Regular,38,Create,Deployment,false
9.380201193,Regular,40,Create,ConfigMap,false
9.420389147,Regular,61,Update,Deployment,false
9.48235709,Regular,18,Delete,ConfigMap,false
9.501213323,Regular,20,Delete,Deployment,false
9.522121083,Regular,37,Create,Deployment,false
9.5601251,Regular,39,Create,ConfigMap,false
9.600055168,Regular,74,Update,Deployment,false
9.674927967,Regular,12,Delete,ConfigMap,false
9.687181573,Regular,20,Delete,Deployment,false
9.707282438,Regular,39,Create,Deployment,false
9.746609175,Regular,39,Create,ConfigMap,false
9.786493255,Regular,60,Update,Deployment,false
9.847153838,Regular,20,Delete,ConfigMap,false
9.86723192,Regular,20,Delete,Deployment,false
9.887280005000001,Regular,39,Create,Deployment,false
9.926551678,Regular,39,Create,ConfigMap,false
9.966435538,Regular,60,Update,Deployment,false
9.024202251,Regular,40,Create,ConfigMap,false
9.064404893,Regular,61,Update,Deployment,false
9.125425385,Regular,20,Delete,ConfigMap,false
9.145909355,Regular,21,Delete,Deployment,false
9.16710554,Regular,37,Create,Deployment,false
9.204272555,Regular,39,Create,ConfigMap,false
9.244072556,Regular,62,Update,Deployment,false
9.306424254,Regular,20,Delete,ConfigMap,false
9.327161292,Regular,19,Delete,Deployment,false
9.347024728,Regular,38,Create,Deployment,false
9.385508673,Regular,39,Create,ConfigMap,false
9.425394687,Regular,61,Update,Deployment,false
9.486767855,Regular,20,Delete,ConfigMap,false
9.506841218,Regular,20,Delete,Deployment,false
9.526920533,Regular,38,Create,Deployment,false
9.56515712,Regular,39,Create,ConfigMap,false
9.605149675,Regular,69,Update,Deployment,false
9.674883804,Regular,15,Delete,ConfigMap,false
9.69039204,Regular,19,Delete,Deployment,false
9.710192297,Regular,39,Create,Deployment,false
9.749733219,Regular,39,Create,ConfigMap,false
9.789464901,Regular,61,Update,Deployment,false
9.850591003,Regular,19,Delete,ConfigMap,false
9.870494686,Regular,19,Delete,Deployment,false
9.890406453,Regular,38,Create,Deployment,false
9.929406894,Regular,39,Create,ConfigMap,false
9.969227784,Regular,62,Update,Deployment,false
9.136780032,Regular,20,Delete,ConfigMap,false
9.157197947,Regular,20,Delete,Deployment,false
9.178067555,Regular,38,Create,Deployment,false
9.216297539,Regular,39,Create,ConfigMap,false
9.256109173,Regular,61,Update,Deployment,false
9.318022853,Regular,19,Delete,ConfigMap,false
9.338025963,Regular,20,Delete,Deployment,false
9.358062948,Regular,39,Create,Deployment,false
9.397666948,Regular,40,Create,ConfigMap,false
9.438585804,Regular,59,Update,Deployment,false
9.498432698,Regular,20,Delete,ConfigMap,false
9.519126033,Regular,19,Delete,Deployment,false
9.539018905,Regular,38,Create,Deployment,false
9.577670607,Regular,39,Create,ConfigMap,false
9.617488252,Regular,59,Update,Deployment,false
9.676735843,Regular,20,Delete,ConfigMap,false
9.697677608,Regular,18,Delete,Deployment,false
9.716229376,Regular,39,Create,Deployment,false
9.755759867,Regular,39,Create,ConfigMap,false
9.795273457,Regular,61,Update,Deployment,false
9.857009642,Regular,19,Delete,ConfigMap,false
9.876472171,Regular,20,Delete,Deployment,false
9.896507974,Regular,40,Create,Deployment,false
9.936895585,Regular,38,Create,ConfigMap,false
9.975533961,Regular,60,Update,Deployment,false
9.028638584,Regular,39,Create,ConfigMap,false
9.068111678,Regular,60,Update,Deployment,false
9.128890113,Regular,20,Delete,ConfigMap,false
9.149051953,Regular,20,Delete,Deployment,false
9.169319463,Regular,37,Create,Deployment,false
9.207214865,Regular,40,Create,ConfigMap,false
9.24751923,Regular,61,Update,Deployment,false
9.309127913,Regular,19,Delete,ConfigMap,false
9.328946756,Regular,20,Delete,Deployment,false
9.349135697,Regular,39,Create,Deployment,false
9.389029315,Regular,39,Create,ConfigMap,false
9.428336255,Regular,60,Update,Deployment,false
9.489329927,Regular,20,Delete,ConfigMap,false
9.509864822,Regular,20,Delete,Deployment,false
9.530116852999999,Regular,38,Create,Deployment,false
9.568585288,Regular,39,Create,ConfigMap,false
9.608094319,Regular,65,Update,Deployment,false
9.673763216,Regular,7,Delete,ConfigMap,false
9.681519964,Regular,21,Delete,Deployment,false
9.702768508,Regular,38,Create,Deployment,false
9.741316063,Regular,40,Create,ConfigMap,false
9.781450997,Regular,61,Update,Deployment,false
9.842697156,Regular,19,Delete,ConfigMap,false
9.862345345,Regular,20,Delete,Deployment,false
9.88236683,Regular,38,Create,Deployment,false
9.921268344,Regular,39,Create,ConfigMap,false
9.961008102,Regular,61,Update,Deployment,false
10.022663734,Regular,16,Delete,ConfigMap,false
9.06502786,Regular,62,Update,Deployment,false
9.127446555,Regular,20,Delete,ConfigMap,false
9.148065629,Regular,20,Delete,Deployment,false
9.168157728,Regular,37,Create,Deployment,false
9.205728016,Regular,39,Create,ConfigMap,false
9.2451701,Regular,60,Update,Deployment,false
9.305438281,Regular,20,Delete,ConfigMap,false
9.326071582,Regular,19,Delete,Deployment,false
9.346010021,Regular,38,Create,Deployment,false
9.38441204,Regular,39,Create,ConfigMap,false
9.424255504,Regular,61,Update,Deployment,false
9.486107177,Regular,19,Delete,ConfigMap,false
9.505707937,Regular,20,Delete,Deployment,false
9.525870078,Regular,38,Create,Deployment,false
9.564513493,Regular,39,Create,ConfigMap,false
9.604015061,Regular,70,Update,Deployment,false
9.674948085,Regular,13,Delete,ConfigMap,false
9.688015849,Regular,20,Delete,Deployment,false
9.708073904,Regular,39,Create,Deployment,false
9.747358732,Regular,39,Create,ConfigMap,false
9.787068583,Regular,61,Update,Deployment,false
9.848858359,Regular,19,Delete,ConfigMap,false
9.868178238,Regular,19,Delete,Deployment,false
9.888078053,Regular,39,Create,Deployment,false
9.927121314,Regular,39,Create,ConfigMap,false
9.967022797,Regular,61,Update,Deployment,false
10.028464967,Regular,13,Delete,ConfigMap,false
10.04180729,Regular,7,Delete,Deployment,false
10.031510552,Regular,11,Delete,ConfigMap,false
10.042760502,Regular,7,Delete,Deployment,false
