start_time,role,duration_ms,operation,resource,is_error
0.002475859,Regular,27,Create,Deployment,false
0.002540301,Regular,31,Create,Deployment,false
0.002440071,Regular,32,Create,Deployment,false
0.002471561,Regular,34,Create,Deployment,false
0.002847712,Regular,29,Create,Deployment,false
0.032508025,Regular,13,Create,ConfigMap,false
0.002788279,Regular,25,Create,Deployment,false
0.028635506,Regular,16,Create,ConfigMap,false
0.04551702,Regular,21,Update,Deployment,false
0.067136717,Regular,6,Delete,ConfigMap,false
0.002757161,Regular,31,Create,Deployment,false
0.034153765,Regular,15,Create,ConfigMap,false
0.050021793,Regular,17,Update,Deployment,false
0.067645288,Regular,6,Delete,ConfigMap,false
0.082350269,Regular,7,Delete,Deployment,false
0.102769748,Regular,11,Create,Deployment,false
0.12231251,Regular,9,Create,ConfigMap,false
0.142109293,Regular,14,Update,Deployment,false
0.162650032,Regular,5,Delete,ConfigMap,false
0.181961036,Regular,6,Delete,Deployment,false
0.202910728,Regular,13,Create,Deployment,false
0.222510188,Regular,7,Create,ConfigMap,false
0.24280432,Regular,12,Update,Deployment,false
0.262729555,Regular,5,Delete,ConfigMap,false
0.282342962,Regular,4,Delete,Deployment,false
0.301802377,Regular,7,Create,Deployment,false
0.321905689,Regular,9,Create,ConfigMap,false
0.342045369,Regular,17,Update,Deployment,false
0.362632115,Regular,4,Delete,ConfigMap,false
0.382652971,Regular,6,Delete,Deployment,false
0.402055408,Regular,10,Create,Deployment,false
0.422292173,Regular,11,Create,ConfigMap,false
0.441956745,Regular,12,Update,Deployment,false
0.462597002,Regular,7,Delete,ConfigMap,false
0.482159502,Regular,6,Delete,Deployment,false
0.502836258,Regular,8,Create,Deployment,false
0.522438302,Regular,9,Create,ConfigMap,false
0.541788942,Regular,12,Update,Deployment,false
0.56247246,Regular,7,Delete,ConfigMap,false
0.582550284,Regular,6,Delete,Deployment,false
0.602617107,Regular,9,Create,Deployment,false
0.623019033,Regular,10,Create,ConfigMap,false
0.642439826,Regular,14,Update,Deployment,false
0.662647795,Regular,6,Delete,ConfigMap,false
0.682184356,Regular,5,Delete,Deployment,false
0.702013039,Regular,9,Create,Deployment,false
0.722532588,Regular,10,Create,ConfigMap,false
0.742590374,Regular,13,Update,Deployment,false
0.762343674,Regular,5,Delete,ConfigMap,false
0.78255479,Regular,5,Delete,Deployment,false
0.802075651,Regular,10,Create,Deployment,false
0.822352932,Regular,10,Create,ConfigMap,false
0.842466263,Regular,12,Update,Deployment,false
0.862087023,Regular,6,Delete,ConfigMap,false
0.882548792,Regular,4,Delete,Deployment,false
0.902644149,Regular,8,Create,Deployment,false
0.922066374,Regular,10,Create,ConfigMap,false
0.942663078,Regular,13,Update,Deployment,false
0.962254383,Regular,5,Delete,ConfigMap,false
0.982374747,Regular,5,Delete,Deployment,false
0.002757151,Regular,34,Create,Deployment,false
0.037210141,Regular,12,Create,ConfigMap,false
0.049340195,Regular,14,Update,Deployment,false
0.063972247,Regular,7,Delete,ConfigMap,false
0.082440249,Regular,5,Delete,Deployment,false
0.102832567,Regular,11,Create,Deployment,false
0.122087205,Regular,9,Create,ConfigMap,false
0.142140672,Regular,14,Update,Deployment,false
0.162662686,Regular,5,Delete,ConfigMap,false
0.182086243,Regular,6,Delete,Deployment,false
0.203169346,Regular,13,Create,Deployment,false
0.222652256,Regular,10,Create,ConfigMap,false
0.242743245,Regular,13,Update,Deployment,false
0.262688558,Regular,5,Delete,ConfigMap,false
0.282370945,Regular,5,Delete,Deployment,false
0.302094489,Regular,10,Create,Deployment,false
0.321986251,Regular,9,Create,ConfigMap,false
0.342070156,Regular,17,Update,Deployment,false
0.36251318,Regular,6,Delete,ConfigMap,false
0.382727131,Regular,5,Delete,Deployment,false
0.401879436,Regular,9,Create,Deployment,false
0.422320506,Regular,11,Create,ConfigMap,false
0.442017761,Regular,11,Update,Deployment,false
0.462547719,Regular,7,Delete,ConfigMap,false
0.482108045,Regular,5,Delete,Deployment,false
0.502911019,Regular,9,Create,Deployment,false
0.522583657,Regular,9,Create,ConfigMap,false
0.542005722,Regular,12,Update,Deployment,false
0.562554726,Regular,7,Delete,ConfigMap,false
0.582498787,Regular,6,Delete,Deployment,false
0.602402842,Regular,10,Create,Deployment,false
0.62292224,Regular,8,Create,ConfigMap,false
0.642453351,Regular,14,Update,Deployment,false
0.662564248,Regular,6,Delete,ConfigMap,false
0.68208543,Regular,5,Delete,Deployment,false
0.701952224,Regular,11,Create,Deployment,false
0.722609613,Regular,10,Create,ConfigMap,false
0.742638896,Regular,13,Update,Deployment,false
0.762395382,Regular,5,Delete,ConfigMap,false
0.782533379,Regular,6,Delete,Deployment,false
0.802298893,Regular,10,Create,Deployment,false
0.822349435,Regular,10,Create,ConfigMap,false
0.842585989,Regular,13,Update,Deployment,false
0.862002042,Regular,6,Delete,ConfigMap,false
0.882514077,Regular,7,Delete,Deployment,false
0.902620655,Regular,10,Create,Deployment,false
0.922147958,Regular,10,Create,ConfigMap,false
0.942851104,Regular,13,Update,Deployment,false
0.962289349,Regular,5,Delete,ConfigMap,false
0.982346263,Regular,5,Delete,Deployment,false
0.034561145,Regular,15,Create,ConfigMap,false
0.050254242,Regular,17,Update,Deployment,false
0.067553435,Regular,5,Delete,ConfigMap,false
0.08239347,Regular,8,Delete,Deployment,false
0.102917858,Regular,8,Create,Deployment,false
0.122020729,Regular,10,Create,ConfigMap,false
0.142300244,Regular,13,Update,Deployment,false
0.162678245,Regular,5,Delete,ConfigMap,false
0.181942231,Regular,6,Delete,Deployment,false
0.202842258,Regular,11,Create,Deployment,false
0.222522301,Regular,8,Create,ConfigMap,false
0.242890924,Regular,13,Update,Deployment,false
0.262621962,Regular,5,Delete,ConfigMap,false
0.282429064,Regular,5,Delete,Deployment,false
0.30204228,Regular,10,Create,Deployment,false
0.322020445,Regular,9,Create,ConfigMap,false
0.342145769,Regular,17,Update,Deployment,false
0.362721314,Regular,6,Delete,ConfigMap,false
0.382854372,Regular,5,Delete,Deployment,false
0.402229948,Regular,10,Create,Deployment,false
0.422323121,Regular,9,Create,ConfigMap,false
0.442190086,Regular,13,Update,Deployment,false
0.462556616,Regular,7,Delete,ConfigMap,false
0.482192144,Regular,3,Delete,Deployment,false
0.50280548,Regular,11,Create,Deployment,false
0.52255862,Regular,9,Create,ConfigMap,false
0.542022363,Regular,12,Update,Deployment,false
0.56259915,Regular,7,Delete,ConfigMap,false
0.582435016,Regular,6,Delete,Deployment,false
0.602348299,Regular,11,Create,Deployment,false
0.622745707,Regular,10,Create,ConfigMap,false
0.642317284,Regular,15,Update,Deployment,false
0.662564248,Regular,5,Delete,ConfigMap,false
0.681999257,Regular,5,Delete,Deployment,false
0.702170577,Regular,8,Create,Deployment,false
0.722505006,Regular,10,Create,ConfigMap,false
0.742802144,Regular,13,Update,Deployment,false
0.762280555,Regular,5,Delete,ConfigMap,false
0.78256014,Regular,6,Delete,Deployment,false
0.802033011,Regular,8,Create,Deployment,false
0.822430889,Regular,10,Create,ConfigMap,false
0.84252822,Regular,11,Update,Deployment,false
0.862146445,Regular,6,Delete,ConfigMap,false
0.882475754,Regular,5,Delete,Deployment,false
0.902547516,Regular,10,Create,Deployment,false
0.922162826,Regular,10,Create,ConfigMap,false
0.942745163,Regular,14,Update,Deployment,false
0.962352729,Regular,5,Delete,ConfigMap,false
0.982230885,Regular,6,Delete,Deployment,false
0.030506833,Regular,13,Create,ConfigMap,false
0.044357539,Regular,17,Update,Deployment,false
0.062182455,Regular,5,Delete,ConfigMap,false
0.082277992,Regular,5,Delete,Deployment,false
0.102842305,Regular,11,Create,Deployment,false
0.122078578,Regular,7,Create,ConfigMap,false
0.142284334,Regular,13,Update,Deployment,false
0.162619083,Regular,5,Delete,ConfigMap,false
0.181953893,Regular,6,Delete,Deployment,false
0.202863098,Regular,13,Create,Deployment,false
0.22247977,Regular,8,Create,ConfigMap,false
0.242822495,Regular,13,Update,Deployment,false
0.262639185,Regular,4,Delete,ConfigMap,false
0.282391594,Regular,6,Delete,Deployment,false
0.302082336,Regular,9,Create,Deployment,false
0.321935054,Regular,9,Create,ConfigMap,false
0.342137053,Regular,17,Update,Deployment,false
0.362636103,Regular,6,Delete,ConfigMap,false
0.382849773,Regular,4,Delete,Deployment,false
0.401830964,Regular,11,Create,Deployment,false
0.422224775,Regular,11,Create,ConfigMap,false
0.441921809,Regular,11,Update,Deployment,false
0.462649341,Regular,6,Delete,ConfigMap,false
0.482240305,Regular,5,Delete,Deployment,false
0.502695943,Regular,9,Create,Deployment,false
0.522371897,Regular,10,Create,ConfigMap,false
0.54180925,Regular,13,Update,Deployment,false
0.56255701,Regular,8,Delete,ConfigMap,false
0.582550274,Regular,3,Delete,Deployment,false
0.602353859,Regular,10,Create,Deployment,false
0.622903285,Regular,10,Create,ConfigMap,false
0.642308988,Regular,15,Update,Deployment,false
0.662438069,Regular,5,Delete,ConfigMap,false
0.682013183,Regular,4,Delete,Deployment,false
0.702070327,Regular,10,Create,Deployment,false
0.722637226,Regular,10,Create,ConfigMap,false
0.742652712,Regular,13,Update,Deployment,false
0.762429557,Regular,5,Delete,ConfigMap,false
0.782514403,Regular,5,Delete,Deployment,false
0.802092593,Regular,7,Create,Deployment,false
0.822192809,Regular,9,Create,ConfigMap,false
0.842450383,Regular,13,Update,Deployment,false
0.862239531,Regular,5,Delete,ConfigMap,false
0.882433354,Regular,7,Delete,Deployment,false
0.902613621,Regular,11,Create,Deployment,false
0.922027791,Regular,10,Create,ConfigMap,false
0.942792102,Regular,14,Update,Deployment,false
0.962183419,Regular,5,Delete,ConfigMap,false
0.98224448,Regular,5,Delete,Deployment,false
0.082269947,Regular,5,Delete,Deployment,false
0.102863706,Regular,10,Create,Deployment,false
0.122144423,Regular,8,Create,ConfigMap,false
0.142288542,Regular,14,Update,Deployment,false
0.162541076,Regular,4,Delete,ConfigMap,false
0.181906874,Regular,5,Delete,Deployment,false
0.202928872,Regular,11,Create,Deployment,false
0.222779497,Regular,9,Create,ConfigMap,false
0.24291524,Regular,12,Update,Deployment,false
0.262783868,Regular,5,Delete,ConfigMap,false
0.282404879,Regular,5,Delete,Deployment,false
0.301975945,Regular,11,Create,Deployment,false
0.322103763,Regular,9,Create,ConfigMap,false
0.342081848,Regular,17,Update,Deployment,false
0.362531826,Regular,6,Delete,ConfigMap,false
0.382829825,Regular,5,Delete,Deployment,false
0.40196078,Regular,8,Create,Deployment,false
0.422234333,Regular,10,Create,ConfigMap,false
0.441909486,Regular,13,Update,Deployment,false
0.462620346,Regular,7,Delete,ConfigMap,false
0.482149012,Regular,5,Delete,Deployment,false
0.502845565,Regular,11,Create,Deployment,false
0.522520828,Regular,10,Create,ConfigMap,false
0.541873261,Regular,13,Update,Deployment,false
0.562652841,Regular,7,Delete,ConfigMap,false
0.582567587,Regular,6,Delete,Deployment,false
0.602389256,Regular,11,Create,Deployment,false
0.622778739,Regular,10,Create,ConfigMap,false
0.642390332,Regular,15,Update,Deployment,false
0.662596018,Regular,5,Delete,ConfigMap,false
0.682037148,Regular,5,Delete,Deployment,false
0.701995125,Regular,8,Create,Deployment,false
0.722592761,Regular,6,Create,ConfigMap,false
0.742671247,Regular,13,Update,Deployment,false
0.762360837,Regular,5,Delete,ConfigMap,false
0.78254421,Regular,5,Delete,Deployment,false
0.802177173,Regular,8,Create,Deployment,false
0.822365536,Regular,10,Create,ConfigMap,false
0.842418162,Regular,13,Update,Deployment,false
0.862087193,Regular,6,Delete,ConfigMap,false
0.882583167,Regular,5,Delete,Deployment,false
0.902704072,Regular,11,Create,Deployment,false
0.922297911,Regular,9,Create,ConfigMap,false
0.942732359,Regular,13,Update,Deployment,false
0.962289669,Regular,5,Delete,ConfigMap,false
0.982534338,Regular,5,Delete,Deployment,false
0.003047629,Regular,33,Create,Deployment,false
0.036507273,Regular,13,Create,ConfigMap,false
0.050243532,Regular,17,Update,Deployment,false
0.067945496,Regular,4,Delete,ConfigMap,false
0.08223466,Regular,5,Delete,Deployment,false
0.102743909,Regular,11,Create,Deployment,false
0.122223041,Regular,9,Create,ConfigMap,false
0.142300144,Regular,12,Update,Deployment,false
0.162653639,Regular,5,Delete,ConfigMap,false
0.181858212,Regular,6,Delete,Deployment,false
0.202955352,Regular,10,Create,Deployment,false
0.2226756,Regular,9,Create,ConfigMap,false
0.242820571,Regular,13,Update,Deployment,false
0.262785862,Regular,6,Delete,ConfigMap,false
0.282528823,Regular,5,Delete,Deployment,false
0.301988238,Regular,11,Create,Deployment,false
0.321876453,Regular,9,Create,ConfigMap,false
0.341986127,Regular,17,Update,Deployment,false
0.362592791,Regular,6,Delete,ConfigMap,false
0.38282702,Regular,5,Delete,Deployment,false
0.401998421,Regular,11,Create,Deployment,false
0.422180291,Regular,10,Create,ConfigMap,false
0.442073446,Regular,11,Update,Deployment,false
0.462636647,Regular,7,Delete,ConfigMap,false
0.4822167,Regular,4,Delete,Deployment,false
0.502796783,Regular,9,Create,Deployment,false
0.522456597,Regular,9,Create,ConfigMap,false
0.541892357,Regular,12,Update,Deployment,false
0.562522174,Regular,8,Delete,ConfigMap,false
0.582463029,Regular,6,Delete,Deployment,false
0.602508702,Regular,11,Create,Deployment,false
0.622978196,Regular,10,Create,ConfigMap,false
0.642248855,Regular,15,Update,Deployment,false
0.662518291,Regular,5,Delete,ConfigMap,false
0.682106349,Regular,3,Delete,Deployment,false
0.702006356,Regular,11,Create,Deployment,false
0.722593894,Regular,8,Create,ConfigMap,false
0.742824526,Regular,13,Update,Deployment,false
0.762369233,Regular,5,Delete,ConfigMap,false
0.78248055,Regular,6,Delete,Deployment,false
0.802147046,Regular,12,Create,Deployment,false
0.822448893,Regular,10,Create,ConfigMap,false
0.842428912,Regular,12,Update,Deployment,false
0.861976494,Regular,6,Delete,ConfigMap,false
0.882428174,Regular,7,Delete,Deployment,false
0.902576451,Regular,11,Create,Deployment,false
0.922180479,Regular,9,Create,ConfigMap,false
0.942834703,Regular,14,Update,Deployment,false
0.962223625,Regular,5,Delete,ConfigMap,false
0.982378854,Regular,5,Delete,Deployment,false
0.035301254,Regular,17,Create,ConfigMap,false
0.052540192,Regular,14,Update,Deployment,false
0.066723006,Regular,6,Delete,ConfigMap,false
0.082418037,Regular,8,Delete,Deployment,false
0.10309343,Regular,9,Create,Deployment,false
0.122097053,Regular,8,Create,ConfigMap,false
0.14222389,Regular,14,Update,Deployment,false
0.162668106,Regular,5,Delete,ConfigMap,false
0.181979521,Regular,6,Delete,Deployment,false
0.202780702,Regular,13,Create,Deployment,false
0.222467036,Regular,8,Create,ConfigMap,false
0.24287301,Regular,13,Update,Deployment,false
0.262840375,Regular,7,Delete,ConfigMap,false
0.282423364,Regular,6,Delete,Deployment,false
0.301846079,Regular,11,Create,Deployment,false
0.321914335,Regular,9,Create,ConfigMap,false
0.342150278,Regular,16,Update,Deployment,false
0.362721264,Regular,6,Delete,ConfigMap,false
0.382785892,Regular,5,Delete,Deployment,false
0.401995185,Regular,10,Create,Deployment,false
0.422355603,Regular,11,Create,ConfigMap,false
0.442148948,Regular,12,Update,Deployment,false
0.462575742,Regular,5,Delete,ConfigMap,false
0.482271784,Regular,7,Delete,Deployment,false
0.503002061,Regular,11,Create,Deployment,false
0.522356277,Regular,10,Create,ConfigMap,false
0.541958943,Regular,12,Update,Deployment,false
0.56272101,Regular,8,Delete,ConfigMap,false
0.582424466,Regular,6,Delete,Deployment,false
0.602537627,Regular,9,Create,Deployment,false
0.622808996,Regular,10,Create,ConfigMap,false
0.64252674,Regular,13,Update,Deployment,false
0.662497772,Regular,5,Delete,ConfigMap,false
0.682162565,Regular,5,Delete,Deployment,false
0.701928389,Regular,11,Create,Deployment,false
0.722572133,Regular,10,Create,ConfigMap,false
0.742749044,Regular,13,Update,Deployment,false
0.762257071,Regular,4,Delete,ConfigMap,false
0.782567634,Regular,3,Delete,Deployment,false
0.802217229,Regular,10,Create,Deployment,false
0.822305593,Regular,10,Create,ConfigMap,false
0.842525615,Regular,14,Update,Deployment,false
0.862032039,Regular,6,Delete,ConfigMap,false
0.882486815,Regular,7,Delete,Deployment,false
0.902439372,Regular,10,Create,Deployment,false
0.922180479,Regular,10,Create,ConfigMap,false
0.942647539,Regular,13,Update,Deployment,false
0.962326689,Regular,5,Delete,ConfigMap,false
0.982378724,Regular,5,Delete,Deployment,false
1.002479501,Regular,10,Create,Deployment,false
0.036887311,Regular,12,Create,ConfigMap,false
0.049728318,Regular,17,Update,Deployment,false
0.067649236,Regular,5,Delete,ConfigMap,false
0.082296176,Regular,3,Delete,Deployment,false
0.102918529,Regular,11,Create,Deployment,false
0.122093346,Regular,9,Create,ConfigMap,false
0.142397929,Regular,12,Update,Deployment,false
0.162629583,Regular,5,Delete,ConfigMap,false
0.181954544,Regular,4,Delete,Deployment,false
0.202883797,Regular,12,Create,Deployment,false
0.222561605,Regular,8,Create,ConfigMap,false
0.242732144,Regular,11,Update,Deployment,false
0.262751186,Regular,7,Delete,ConfigMap,false
0.282466415,Regular,5,Delete,Deployment,false
0.302045256,Regular,10,Create,Deployment,false
0.32207598,Regular,9,Create,ConfigMap,false
0.341948106,Regular,15,Update,Deployment,false
0.362724991,Regular,6,Delete,ConfigMap,false
0.382910127,Regular,5,Delete,Deployment,false
0.402094983,Regular,10,Create,Deployment,false
0.422294106,Regular,11,Create,ConfigMap,false
0.442015366,Regular,13,Update,Deployment,false
0.462620046,Regular,7,Delete,ConfigMap,false
0.482211851,Regular,7,Delete,Deployment,false
0.502825497,Regular,10,Create,Deployment,false
0.52254278,Regular,10,Create,ConfigMap,false
0.541981105,Regular,13,Update,Deployment,false
0.562565126,Regular,6,Delete,ConfigMap,false
0.582547559,Regular,6,Delete,Deployment,false
0.602442868,Regular,9,Create,Deployment,false
0.622984458,Regular,10,Create,ConfigMap,false
0.642332232,Regular,15,Update,Deployment,false
0.662596539,Regular,5,Delete,ConfigMap,false
0.682095038,Regular,5,Delete,Deployment,false
0.702032766,Regular,11,Create,Deployment,false
0.722548808,Regular,10,Create,ConfigMap,false
0.742746539,Regular,13,Update,Deployment,false
0.762343304,Regular,5,Delete,ConfigMap,false
0.782629371,Regular,6,Delete,Deployment,false
0.802128251,Regular,9,Create,Deployment,false
0.822385023,Regular,10,Create,ConfigMap,false
0.842496971,Regular,13,Update,Deployment,false
0.862250612,Regular,6,Delete,ConfigMap,false
0.882369814,Regular,4,Delete,Deployment,false
0.902489447,Regular,10,Create,Deployment,false
0.922197421,Regular,9,Create,ConfigMap,false
0.94274847,Regular,13,Update,Deployment,false
0.962254172,Regular,5,Delete,ConfigMap,false
0.982399043,Regular,5,Delete,Deployment,false
1.002525518,Regular,10,Create,Deployment,false
0.002427047,Regular,31,Create,Deployment,false
0.033605198,Regular,16,Create,ConfigMap,false
0.050020461,Regular,16,Update,Deployment,false
0.066721072,Regular,6,Delete,ConfigMap,false
0.082367922,Regular,5,Delete,Deployment,false
0.102800446,Regular,11,Create,Deployment,false
0.122159902,Regular,9,Create,ConfigMap,false
0.142238417,Regular,14,Update,Deployment,false
0.162514516,Regular,6,Delete,ConfigMap,false
0.181919277,Regular,6,Delete,Deployment,false
0.202798395,Regular,13,Create,Deployment,false
0.222607602,Regular,8,Create,ConfigMap,false
0.242775155,Regular,11,Update,Deployment,false
0.262876012,Regular,5,Delete,ConfigMap,false
0.282356477,Regular,6,Delete,Deployment,false
0.301905261,Regular,11,Create,Deployment,false
0.321856916,Regular,9,Create,ConfigMap,false
0.342033477,Regular,17,Update,Deployment,false
0.362662342,Regular,6,Delete,ConfigMap,false
0.382696944,Regular,6,Delete,Deployment,false
0.40198238,Regular,11,Create,Deployment,false
0.422170793,Regular,10,Create,ConfigMap,false
0.442105396,Regular,13,Update,Deployment,false
0.46264875,Regular,6,Delete,ConfigMap,false
0.482127932,Regular,4,Delete,Deployment,false
0.502723725,Regular,11,Create,Deployment,false
0.522639422,Regular,10,Create,ConfigMap,false
0.541776949,Regular,13,Update,Deployment,false
0.562585865,Regular,3,Delete,ConfigMap,false
0.582591692,Regular,6,Delete,Deployment,false
0.602601137,Regular,10,Create,Deployment,false
0.622863239,Regular,10,Create,ConfigMap,false
0.642448863,Regular,13,Update,Deployment,false
0.662448369,Regular,5,Delete,ConfigMap,false
0.682147807,Regular,5,Delete,Deployment,false
0.70190215,Regular,10,Create,Deployment,false
0.722653897,Regular,6,Create,ConfigMap,false
0.742730078,Regular,11,Update,Deployment,false
0.762340819,Regular,5,Delete,ConfigMap,false
0.782452136,Regular,5,Delete,Deployment,false
0.802203182,Regular,11,Create,Deployment,false
0.822279984,Regular,10,Create,ConfigMap,false
0.842575239,Regular,12,Update,Deployment,false
0.862069119,Regular,6,Delete,ConfigMap,false
0.88250539,Regular,5,Delete,Deployment,false
0.902518151,Regular,10,Create,Deployment,false
0.922163397,Regular,10,Create,ConfigMap,false
0.942920274,Regular,13,Update,Deployment,false
0.962304477,Regular,5,Delete,ConfigMap,false
0.982259318,Regular,6,Delete,Deployment,false
1.002707382,Regular,10,Create,Deployment,false
0.046044777,Regular,21,Update,Deployment,false
0.067482371,Regular,6,Delete,ConfigMap,false
0.082370276,Regular,7,Delete,Deployment,false
0.102729963,Regular,11,Create,Deployment,false
0.122167476,Regular,8,Create,ConfigMap,false
0.14213951,Regular,14,Update,Deployment,false
0.162719082,Regular,5,Delete,ConfigMap,false
0.181819579,Regular,6,Delete,Deployment,false
0.202766034,Regular,11,Create,Deployment,false
0.222577455,Regular,8,Create,ConfigMap,false
0.242760197,Regular,13,Update,Deployment,false
0.262702354,Regular,5,Delete,ConfigMap,false
0.282558299,Regular,5,Delete,Deployment,false
0.30182014,Regular,11,Create,Deployment,false
0.321884068,Regular,9,Create,ConfigMap,false
0.341957944,Regular,17,Update,Deployment,false
0.362680607,Regular,4,Delete,ConfigMap,false
0.382776004,Regular,5,Delete,Deployment,false
0.401858516,Regular,11,Create,Deployment,false
0.422210498,Regular,11,Create,ConfigMap,false
0.442031897,Regular,13,Update,Deployment,false
0.462576964,Regular,7,Delete,ConfigMap,false
0.482217101,Regular,5,Delete,Deployment,false
0.502665205,Regular,10,Create,Deployment,false
0.522666674,Regular,9,Create,ConfigMap,false
0.541990102,Regular,13,Update,Deployment,false
0.562460007,Regular,7,Delete,ConfigMap,false
0.582505269,Regular,6,Delete,Deployment,false
0.602467544,Regular,10,Create,Deployment,false
0.622791043,Regular,10,Create,ConfigMap,false
0.642365135,Regular,13,Update,Deployment,false
0.662536826,Regular,6,Delete,ConfigMap,false
0.682062997,Regular,4,Delete,Deployment,false
0.701959007,Regular,11,Create,Deployment,false
0.722571992,Regular,7,Create,ConfigMap,false
0.742690473,Regular,13,Update,Deployment,false
0.762242613,Regular,5,Delete,ConfigMap,false
0.78254976,Regular,5,Delete,Deployment,false
0.802274858,Regular,10,Create,Deployment,false
0.822259666,Regular,10,Create,ConfigMap,false
0.842513783,Regular,13,Update,Deployment,false
0.862090159,Regular,6,Delete,ConfigMap,false
0.882604568,Regular,7,Delete,Deployment,false
0.902544891,Regular,11,Create,Deployment,false
0.922142548,Regular,10,Create,ConfigMap,false
0.94285459,Regular,13,Update,Deployment,false
0.962321069,Regular,5,Delete,ConfigMap,false
0.982335913,Regular,6,Delete,Deployment,false
1.002699056,Regular,10,Create,Deployment,false
1.022909581,Regular,10,Create,ConfigMap,false
1.042262865,Regular,11,Update,Deployment,false
1.062585141,Regular,6,Delete,ConfigMap,false
1.082772492,Regular,6,Delete,Deployment,false
1.102699801,Regular,14,Create,Deployment,false
1.122833591,Regular,12,Create,ConfigMap,false
1.142698492,Regular,14,Update,Deployment,false
1.162631342,Regular,6,Delete,ConfigMap,false
1.182555856,Regular,6,Delete,Deployment,false
1.20222609,Regular,11,Create,Deployment,false
1.22246603,Regular,9,Create,ConfigMap,false
1.242338315,Regular,11,Update,Deployment,false
1.262152491,Regular,5,Delete,ConfigMap,false
1.2827272029999999,Regular,7,Delete,Deployment,false
1.302043879,Regular,9,Create,Deployment,false
1.322341378,Regular,15,Create,ConfigMap,false
1.34298478,Regular,17,Update,Deployment,false
1.361761695,Regular,4,Delete,ConfigMap,false
1.382094671,Regular,5,Delete,Deployment,false
1.4028012429999999,Regular,9,Create,Deployment,false
1.422241863,Regular,8,Create,ConfigMap,false
1.442600798,Regular,10,Update,Deployment,false
1.462552423,Regular,7,Delete,ConfigMap,false
1.482561337,Regular,7,Delete,Deployment,false
1.5022465889999999,Regular,9,Create,Deployment,false
1.522038723,Regular,9,Create,ConfigMap,false
1.542186198,Regular,12,Update,Deployment,false
1.5621831290000001,Regular,5,Delete,ConfigMap,false
1.582001001,Regular,8,Delete,Deployment,false
1.6022835720000002,Regular,8,Create,Deployment,false
1.622616618,Regular,8,Create,ConfigMap,false
1.642459799,Regular,8,Update,Deployment,false
1.662749062,Regular,5,Delete,ConfigMap,false
1.682676923,Regular,5,Delete,Deployment,false
1.702557834,Regular,8,Create,Deployment,false
1.721919805,Regular,9,Create,ConfigMap,false
1.7420623210000001,Regular,14,Update,Deployment,false
1.761964473,Regular,5,Delete,ConfigMap,false
1.7822935210000002,Regular,4,Delete,Deployment,false
1.801960539,Regular,8,Create,Deployment,false
1.822806775,Regular,8,Create,ConfigMap,false
1.842465126,Regular,11,Update,Deployment,false
1.86211967,Regular,5,Delete,ConfigMap,false
1.8822242139999998,Regular,5,Delete,Deployment,false
1.9022319049999998,Regular,8,Create,Deployment,false
1.922149917,Regular,8,Create,ConfigMap,false
1.942095691,Regular,11,Update,Deployment,false
1.962069638,Regular,4,Delete,ConfigMap,false
1.9826920609999998,Regular,6,Delete,Deployment,false
1.002606842,Regular,10,Create,Deployment,false
1.02289852,Regular,9,Create,ConfigMap,false
1.042284476,Regular,13,Update,Deployment,false
1.06262712,Regular,7,Delete,ConfigMap,false
1.083082748,Regular,6,Delete,Deployment,false
1.102765566,Regular,14,Create,Deployment,false
1.122932407,Regular,12,Create,ConfigMap,false
1.14281354,Regular,13,Update,Deployment,false
1.162737523,Regular,6,Delete,ConfigMap,false
1.182461077,Regular,6,Delete,Deployment,false
1.202024438,Regular,12,Create,Deployment,false
1.222409403,Regular,9,Create,ConfigMap,false
1.242323757,Regular,13,Update,Deployment,false
1.261983631,Regular,3,Delete,ConfigMap,false
1.282617797,Regular,5,Delete,Deployment,false
1.301957996,Regular,11,Create,Deployment,false
1.322332942,Regular,15,Create,ConfigMap,false
1.343015298,Regular,17,Update,Deployment,false
1.361895989,Regular,6,Delete,ConfigMap,false
1.382042002,Regular,5,Delete,Deployment,false
1.402801644,Regular,9,Create,Deployment,false
1.422238637,Regular,7,Create,ConfigMap,false
1.442600077,Regular,11,Update,Deployment,false
1.462427648,Regular,7,Delete,ConfigMap,false
1.482788637,Regular,7,Delete,Deployment,false
1.5023506850000001,Regular,9,Create,Deployment,false
1.521957649,Regular,9,Create,ConfigMap,false
1.542286678,Regular,10,Update,Deployment,false
1.562282577,Regular,4,Delete,ConfigMap,false
1.5821254869999999,Regular,7,Delete,Deployment,false
1.602222166,Regular,9,Create,Deployment,false
1.622692912,Regular,8,Create,ConfigMap,false
1.642382863,Regular,9,Update,Deployment,false
1.662866674,Regular,5,Delete,ConfigMap,false
1.682620366,Regular,5,Delete,Deployment,false
1.702443999,Regular,9,Create,Deployment,false
1.722174436,Regular,8,Create,ConfigMap,false
1.742104351,Regular,14,Update,Deployment,false
1.762049513,Regular,5,Delete,ConfigMap,false
1.782329359,Regular,5,Delete,Deployment,false
1.802109771,Regular,7,Create,Deployment,false
1.822806655,Regular,7,Create,ConfigMap,false
1.842280447,Regular,11,Update,Deployment,false
1.862232363,Regular,4,Delete,ConfigMap,false
1.8822260769999999,Regular,6,Delete,Deployment,false
1.90232453,Regular,9,Create,Deployment,false
1.921957403,Regular,7,Create,ConfigMap,false
1.9419664669999999,Regular,11,Update,Deployment,false
1.962195827,Regular,3,Delete,ConfigMap,false
1.982726456,Regular,4,Delete,Deployment,false
1.002585361,Regular,10,Create,Deployment,false
1.022765839,Regular,10,Create,ConfigMap,false
1.042188104,Regular,13,Update,Deployment,false
1.062690681,Regular,8,Delete,ConfigMap,false
1.082805665,Regular,6,Delete,Deployment,false
1.102663493,Regular,14,Create,Deployment,false
1.122876362,Regular,12,Create,ConfigMap,false
1.142709142,Regular,14,Update,Deployment,false
1.162684432,Regular,6,Delete,ConfigMap,false
1.182433855,Regular,6,Delete,Deployment,false
1.202106854,Regular,12,Create,Deployment,false
1.222474085,Regular,9,Create,ConfigMap,false
1.242313217,Regular,12,Update,Deployment,false
1.262234005,Regular,4,Delete,ConfigMap,false
1.282659155,Regular,7,Delete,Deployment,false
1.301947005,Regular,11,Create,Deployment,false
1.322479298,Regular,15,Create,ConfigMap,false
1.343181272,Regular,20,Update,Deployment,false
1.363882684,Regular,4,Delete,ConfigMap,false
1.3819692639999999,Regular,5,Delete,Deployment,false
1.40280469,Regular,10,Create,Deployment,false
1.422215363,Regular,7,Create,ConfigMap,false
1.4426537879999999,Regular,11,Update,Deployment,false
1.462448427,Regular,7,Delete,ConfigMap,false
1.482812672,Regular,7,Delete,Deployment,false
1.502356126,Regular,9,Create,Deployment,false
1.521928635,Regular,9,Create,ConfigMap,false
1.5423193,Regular,12,Update,Deployment,false
1.562283839,Regular,5,Delete,ConfigMap,false
1.5821546419999999,Regular,5,Delete,Deployment,false
1.6021872,Regular,8,Create,Deployment,false
1.622745141,Regular,8,Create,ConfigMap,false
1.642572081,Regular,11,Update,Deployment,false
1.662636339,Regular,5,Delete,ConfigMap,false
1.682757896,Regular,5,Delete,Deployment,false
1.702286972,Regular,9,Create,Deployment,false
1.722182461,Regular,8,Create,ConfigMap,false
1.7422293770000001,Regular,15,Update,Deployment,false
1.76203733,Regular,5,Delete,ConfigMap,false
1.7823515109999999,Regular,5,Delete,Deployment,false
1.801923148,Regular,9,Create,Deployment,false
1.822825149,Regular,8,Create,ConfigMap,false
1.842341622,Regular,10,Update,Deployment,false
1.862206233,Regular,3,Delete,ConfigMap,false
1.882179409,Regular,5,Delete,Deployment,false
1.902294513,Regular,8,Create,Deployment,false
1.9219075289999998,Regular,8,Create,ConfigMap,false
1.942032161,Regular,9,Update,Deployment,false
1.962206868,Regular,5,Delete,ConfigMap,false
1.982686711,Regular,5,Delete,Deployment,false
1.02277666,Regular,10,Create,ConfigMap,false
1.04218067,Regular,13,Update,Deployment,false
1.062614988,Regular,5,Delete,ConfigMap,false
1.082875376,Regular,6,Delete,Deployment,false
1.102543035,Regular,15,Create,Deployment,false
1.122820526,Regular,12,Create,ConfigMap,false
1.1428544569999999,Regular,14,Update,Deployment,false
1.162621624,Regular,6,Delete,ConfigMap,false
1.182416903,Regular,5,Delete,Deployment,false
1.201997558,Regular,11,Create,Deployment,false
1.222382612,Regular,8,Create,ConfigMap,false
1.24247332,Regular,13,Update,Deployment,false
1.262275363,Regular,6,Delete,ConfigMap,false
1.282496788,Regular,8,Delete,Deployment,false
1.301818603,Regular,7,Create,Deployment,false
1.322320167,Regular,15,Create,ConfigMap,false
1.344382191,Regular,17,Update,Deployment,false
1.361924182,Regular,4,Delete,ConfigMap,false
1.382092327,Regular,5,Delete,Deployment,false
1.402843654,Regular,9,Create,Deployment,false
1.42224546,Regular,7,Create,ConfigMap,false
1.4425040550000001,Regular,11,Update,Deployment,false
1.462541823,Regular,6,Delete,ConfigMap,false
1.482672908,Regular,5,Delete,Deployment,false
1.502335677,Regular,8,Create,Deployment,false
1.522129584,Regular,9,Create,ConfigMap,false
1.5422464919999999,Regular,11,Update,Deployment,false
1.5622550450000001,Regular,5,Delete,ConfigMap,false
1.5820923040000001,Regular,7,Delete,Deployment,false
1.602267592,Regular,9,Create,Deployment,false
1.6227062079999999,Regular,8,Create,ConfigMap,false
1.6425724910000001,Regular,11,Update,Deployment,false
1.662783146,Regular,5,Delete,ConfigMap,false
1.682715586,Regular,5,Delete,Deployment,false
1.70235475,Regular,6,Create,Deployment,false
1.7219533679999999,Regular,8,Create,ConfigMap,false
1.742137193,Regular,15,Update,Deployment,false
1.762089309,Regular,5,Delete,ConfigMap,false
1.782301476,Regular,5,Delete,Deployment,false
1.801882742,Regular,9,Create,Deployment,false
1.822705513,Regular,8,Create,ConfigMap,false
1.8424282459999999,Regular,11,Update,Deployment,false
1.862194822,Regular,6,Delete,ConfigMap,false
1.882154482,Regular,5,Delete,Deployment,false
1.9023227870000001,Regular,8,Create,Deployment,false
1.9218640869999999,Regular,8,Create,ConfigMap,false
1.9419856229999999,Regular,12,Update,Deployment,false
1.962239239,Regular,5,Delete,ConfigMap,false
1.9827197239999999,Regular,6,Delete,Deployment,false
1.002463641,Regular,9,Create,Deployment,false
1.022915162,Regular,9,Create,ConfigMap,false
1.042319292,Regular,11,Update,Deployment,false
1.06266939,Regular,4,Delete,ConfigMap,false
1.082902237,Regular,6,Delete,Deployment,false
1.102909377,Regular,14,Create,Deployment,false
1.1227863710000001,Regular,12,Create,ConfigMap,false
1.143048393,Regular,13,Update,Deployment,false
1.162748183,Regular,6,Delete,ConfigMap,false
1.182557108,Regular,5,Delete,Deployment,false
1.202038766,Regular,12,Create,Deployment,false
1.222325374,Regular,9,Create,ConfigMap,false
1.242394822,Regular,13,Update,Deployment,false
1.261961089,Regular,4,Delete,ConfigMap,false
1.282514361,Regular,7,Delete,Deployment,false
1.30180645,Regular,10,Create,Deployment,false
1.322402814,Regular,15,Create,ConfigMap,false
1.3435013869999999,Regular,19,Update,Deployment,false
1.363194373,Regular,5,Delete,ConfigMap,false
1.382024038,Regular,5,Delete,Deployment,false
1.402771006,Regular,8,Create,Deployment,false
1.422174957,Regular,7,Create,ConfigMap,false
1.442673075,Regular,11,Update,Deployment,false
1.462416857,Regular,7,Delete,ConfigMap,false
1.482638803,Regular,5,Delete,Deployment,false
1.502390841,Regular,8,Create,Deployment,false
1.522041197,Regular,9,Create,ConfigMap,false
1.542117749,Regular,12,Update,Deployment,false
1.56221023,Regular,5,Delete,ConfigMap,false
1.582044824,Regular,7,Delete,Deployment,false
1.602242014,Regular,6,Create,Deployment,false
1.622806888,Regular,8,Create,ConfigMap,false
1.642401498,Regular,10,Update,Deployment,false
1.6629236920000001,Regular,5,Delete,ConfigMap,false
1.682664479,Regular,5,Delete,Deployment,false
1.70240231,Regular,9,Create,Deployment,false
1.7221078699999999,Regular,8,Create,ConfigMap,false
1.7421853139999999,Regular,14,Update,Deployment,false
1.762158269,Regular,6,Delete,ConfigMap,false
1.782333827,Regular,3,Delete,Deployment,false
1.801808752,Regular,8,Create,Deployment,false
1.822765537,Regular,8,Create,ConfigMap,false
1.842246102,Regular,10,Update,Deployment,false
1.862243754,Regular,6,Delete,ConfigMap,false
1.882352997,Regular,5,Delete,Deployment,false
1.902388341,Regular,8,Create,Deployment,false
1.922007818,Regular,8,Create,ConfigMap,false
1.941959354,Regular,11,Update,Deployment,false
1.9621726430000002,Regular,5,Delete,ConfigMap,false
1.982758237,Regular,6,Delete,Deployment,false
1.022910002,Regular,9,Create,ConfigMap,false
1.042308151,Regular,13,Update,Deployment,false
1.062497766,Regular,5,Delete,ConfigMap,false
1.08293547,Regular,4,Delete,Deployment,false
1.102536603,Regular,15,Create,Deployment,false
1.122963747,Regular,10,Create,ConfigMap,false
1.142783313,Regular,12,Update,Deployment,false
1.162769363,Regular,5,Delete,ConfigMap,false
1.18254741,Regular,6,Delete,Deployment,false
1.20192466,Regular,12,Create,Deployment,false
1.222449038,Regular,9,Create,ConfigMap,false
1.242435198,Regular,13,Update,Deployment,false
1.2620581020000001,Regular,5,Delete,ConfigMap,false
1.282721513,Regular,7,Delete,Deployment,false
1.301969258,Regular,9,Create,Deployment,false
1.322298346,Regular,15,Create,ConfigMap,false
1.342407419,Regular,18,Update,Deployment,false
1.361968476,Regular,6,Delete,ConfigMap,false
1.382070175,Regular,5,Delete,Deployment,false
1.402872348,Regular,10,Create,Deployment,false
1.4222342590000001,Regular,7,Create,ConfigMap,false
1.44258069,Regular,11,Update,Deployment,false
1.462536463,Regular,7,Delete,ConfigMap,false
1.482665995,Regular,6,Delete,Deployment,false
1.502283819,Regular,9,Create,Deployment,false
1.5220792890000001,Regular,9,Create,ConfigMap,false
1.542263394,Regular,12,Update,Deployment,false
1.562214468,Regular,5,Delete,ConfigMap,false
1.58206916,Regular,5,Delete,Deployment,false
1.602410332,Regular,8,Create,Deployment,false
1.6227067590000002,Regular,8,Create,ConfigMap,false
1.6425187700000001,Regular,10,Update,Deployment,false
1.662695631,Regular,5,Delete,ConfigMap,false
1.682746504,Regular,5,Delete,Deployment,false
1.702500836,Regular,8,Create,Deployment,false
1.721980369,Regular,8,Create,ConfigMap,false
1.7422025159999999,Regular,15,Update,Deployment,false
1.7622229809999999,Regular,5,Delete,ConfigMap,false
1.782175829,Regular,5,Delete,Deployment,false
1.801904693,Regular,9,Create,Deployment,false
1.822763042,Regular,7,Create,ConfigMap,false
1.842315473,Regular,10,Update,Deployment,false
1.862160687,Regular,5,Delete,ConfigMap,false
1.882215667,Regular,6,Delete,Deployment,false
1.9023083490000001,Regular,9,Create,Deployment,false
1.921901127,Regular,8,Create,ConfigMap,false
1.942049324,Regular,10,Update,Deployment,false
1.962169527,Regular,5,Delete,ConfigMap,false
1.982666924,Regular,5,Delete,Deployment,false
1.002567257,Regular,8,Create,Deployment,false
1.022873042,Regular,9,Create,ConfigMap,false
1.042273555,Regular,12,Update,Deployment,false
1.062687685,Regular,6,Delete,ConfigMap,false
1.082990093,Regular,6,Delete,Deployment,false
1.102706163,Regular,15,Create,Deployment,false
1.122798885,Regular,12,Create,ConfigMap,false
1.143060076,Regular,13,Update,Deployment,false
1.162658503,Regular,6,Delete,ConfigMap,false
1.182498147,Regular,6,Delete,Deployment,false
1.202103468,Regular,12,Create,Deployment,false
1.222404213,Regular,9,Create,ConfigMap,false
1.24235139,Regular,13,Update,Deployment,false
1.262005793,Regular,5,Delete,ConfigMap,false
1.282654526,Regular,8,Delete,Deployment,false
1.301884317,Regular,11,Create,Deployment,false
1.322412883,Regular,6,Create,ConfigMap,false
1.34285775,Regular,17,Update,Deployment,false
1.36193336,Regular,6,Delete,ConfigMap,false
1.381997217,Regular,5,Delete,Deployment,false
1.4027233159999999,Regular,9,Create,Deployment,false
1.422136975,Regular,8,Create,ConfigMap,false
1.442491,Regular,9,Update,Deployment,false
1.4624842550000001,Regular,7,Delete,ConfigMap,false
1.482538714,Regular,7,Delete,Deployment,false
1.502426719,Regular,9,Create,Deployment,false
1.521942541,Regular,9,Create,ConfigMap,false
1.542273633,Regular,12,Update,Deployment,false
1.562323524,Regular,5,Delete,ConfigMap,false
1.582130216,Regular,3,Delete,Deployment,false
1.60231432,Regular,8,Create,Deployment,false
1.622594386,Regular,7,Create,ConfigMap,false
1.642572081,Regular,10,Update,Deployment,false
1.6628236429999999,Regular,5,Delete,ConfigMap,false
1.6827293719999998,Regular,5,Delete,Deployment,false
1.702421035,Regular,9,Create,Deployment,false
1.7220966089999998,Regular,8,Create,ConfigMap,false
1.742074935,Regular,15,Update,Deployment,false
1.761951388,Regular,5,Delete,ConfigMap,false
1.78232436,Regular,5,Delete,Deployment,false
1.802009191,Regular,8,Create,Deployment,false
1.822738335,Regular,8,Create,ConfigMap,false
1.8423078579999999,Regular,11,Update,Deployment,false
1.8622347270000001,Regular,5,Delete,ConfigMap,false
1.882154492,Regular,5,Delete,Deployment,false
1.9024614789999998,Regular,9,Create,Deployment,false
1.921930733,Regular,7,Create,ConfigMap,false
1.941991114,Regular,12,Update,Deployment,false
1.962201808,Regular,5,Delete,ConfigMap,false
1.982778194,Regular,6,Delete,Deployment,false
1.002551538,Regular,10,Create,Deployment,false
1.022850379,Regular,9,Create,ConfigMap,false
1.042153068,Regular,13,Update,Deployment,false
1.0625505259999999,Regular,6,Delete,ConfigMap,false
1.082732486,Regular,6,Delete,Deployment,false
1.102578542,Regular,14,Create,Deployment,false
1.122933279,Regular,12,Create,ConfigMap,false
1.142764637,Regular,13,Update,Deployment,false
1.162747952,Regular,6,Delete,ConfigMap,false
1.182580973,Regular,6,Delete,Deployment,false
1.202190272,Regular,12,Create,Deployment,false
1.222313522,Regular,9,Create,ConfigMap,false
1.242421612,Regular,13,Update,Deployment,false
1.262086506,Regular,7,Delete,ConfigMap,false
1.282719369,Regular,7,Delete,Deployment,false
1.302000887,Regular,11,Create,Deployment,false
1.322263631,Regular,15,Create,ConfigMap,false
1.342826461,Regular,14,Update,Deployment,false
1.361948448,Regular,4,Delete,ConfigMap,false
1.381956821,Regular,5,Delete,Deployment,false
1.402882888,Regular,10,Create,Deployment,false
1.422315001,Regular,8,Create,ConfigMap,false
1.44251697,Regular,11,Update,Deployment,false
1.462496197,Regular,7,Delete,ConfigMap,false
1.482589891,Regular,7,Delete,Deployment,false
1.502393697,Regular,7,Create,Deployment,false
1.5220625079999999,Regular,9,Create,ConfigMap,false
1.542196949,Regular,12,Update,Deployment,false
1.5624418580000001,Regular,5,Delete,ConfigMap,false
1.5820557050000001,Regular,4,Delete,Deployment,false
1.602351541,Regular,8,Create,Deployment,false
1.6227285999999999,Regular,8,Create,ConfigMap,false
1.642482612,Regular,12,Update,Deployment,false
1.662756426,Regular,5,Delete,ConfigMap,false
1.682816096,Regular,5,Delete,Deployment,false
1.7023858189999999,Regular,8,Create,Deployment,false
1.7219726149999999,Regular,8,Create,ConfigMap,false
1.742361587,Regular,14,Update,Deployment,false
1.76203728,Regular,5,Delete,ConfigMap,false
1.782226615,Regular,4,Delete,Deployment,false
1.801940701,Regular,9,Create,Deployment,false
1.822747994,Regular,8,Create,ConfigMap,false
1.842464705,Regular,11,Update,Deployment,false
1.862137654,Regular,4,Delete,ConfigMap,false
1.8821825049999998,Regular,5,Delete,Deployment,false
1.902322276,Regular,9,Create,Deployment,false
1.922093721,Regular,8,Create,ConfigMap,false
1.942050686,Regular,12,Update,Deployment,false
1.962136144,Regular,5,Delete,ConfigMap,false
1.98267026,Regular,4,Delete,Deployment,false
1.002472107,Regular,10,Create,Deployment,false
1.022973081,Regular,9,Create,ConfigMap,false
1.042166042,Regular,10,Update,Deployment,false
1.062519738,Regular,5,Delete,ConfigMap,false
1.082757313,Regular,6,Delete,Deployment,false
1.102739797,Regular,15,Create,Deployment,false
1.122880579,Regular,12,Create,ConfigMap,false
1.142948314,Regular,12,Update,Deployment,false
1.162758763,Regular,6,Delete,ConfigMap,false
1.182572397,Regular,4,Delete,Deployment,false
1.201950559,Regular,11,Create,Deployment,false
1.222494574,Regular,9,Create,ConfigMap,false
1.24247335,Regular,12,Update,Deployment,false
1.262070255,Regular,4,Delete,ConfigMap,false
1.282721252,Regular,7,Delete,Deployment,false
1.301839242,Regular,11,Create,Deployment,false
1.3223520579999999,Regular,15,Create,ConfigMap,false
1.344406066,Regular,15,Update,Deployment,false
1.3620351419999999,Regular,6,Delete,ConfigMap,false
1.3821212520000001,Regular,5,Delete,Deployment,false
1.402904398,Regular,10,Create,Deployment,false
1.422157664,Regular,8,Create,ConfigMap,false
1.442718611,Regular,10,Update,Deployment,false
1.462489695,Regular,7,Delete,ConfigMap,false
1.482524978,Regular,7,Delete,Deployment,false
1.502407302,Regular,8,Create,Deployment,false
1.522136437,Regular,9,Create,ConfigMap,false
1.5422186500000001,Regular,12,Update,Deployment,false
1.562175214,Regular,5,Delete,ConfigMap,false
1.582083487,Regular,7,Delete,Deployment,false
1.6021689559999999,Regular,9,Create,Deployment,false
1.622667344,Regular,8,Create,ConfigMap,false
1.642419973,Regular,11,Update,Deployment,false
1.662738111,Regular,5,Delete,ConfigMap,false
1.682722108,Regular,5,Delete,Deployment,false
1.702326797,Regular,9,Create,Deployment,false
1.722061823,Regular,8,Create,ConfigMap,false
1.742296955,Regular,15,Update,Deployment,false
1.7619842399999999,Regular,5,Delete,ConfigMap,false
1.782257994,Regular,5,Delete,Deployment,false
1.801843618,Regular,8,Create,Deployment,false
1.822695454,Regular,8,Create,ConfigMap,false
1.8423546370000001,Regular,11,Update,Deployment,false
1.862199751,Regular,5,Delete,ConfigMap,false
1.8821425889999999,Regular,3,Delete,Deployment,false
1.902272361,Regular,9,Create,Deployment,false
1.9219468929999999,Regular,8,Create,ConfigMap,false
1.9419025460000001,Regular,11,Update,Deployment,false
1.962086089,Regular,5,Delete,ConfigMap,false
1.98262793,Regular,6,Delete,Deployment,false
2.001879863,Regular,7,Create,Deployment,false
1.022980034,Regular,10,Create,ConfigMap,false
1.042243288,Regular,13,Update,Deployment,false
1.062596082,Regular,6,Delete,ConfigMap,false
1.082856511,Regular,5,Delete,Deployment,false
1.102567471,Regular,14,Create,Deployment,false
1.122879988,Regular,12,Create,ConfigMap,false
1.143019399,Regular,13,Update,Deployment,false
1.162726442,Regular,6,Delete,ConfigMap,false
1.182450807,Regular,6,Delete,Deployment,false
1.202012857,Regular,12,Create,Deployment,false
1.222545911,Regular,9,Create,ConfigMap,false
1.242395914,Regular,12,Update,Deployment,false
1.262081637,Regular,4,Delete,ConfigMap,false
1.282647974,Regular,7,Delete,Deployment,false
1.301900658,Regular,11,Create,Deployment,false
1.322365904,Regular,15,Create,ConfigMap,false
1.343719459,Regular,18,Update,Deployment,false
1.361876412,Regular,6,Delete,ConfigMap,false
1.382159925,Regular,5,Delete,Deployment,false
1.4028833490000001,Regular,8,Create,Deployment,false
1.422285746,Regular,8,Create,ConfigMap,false
1.442568176,Regular,11,Update,Deployment,false
1.462544759,Regular,7,Delete,ConfigMap,false
1.482630347,Regular,7,Delete,Deployment,false
1.502312663,Regular,9,Create,Deployment,false
1.522004879,Regular,7,Create,ConfigMap,false
1.5422475439999999,Regular,11,Update,Deployment,false
1.5622259299999999,Regular,5,Delete,ConfigMap,false
1.582141707,Regular,7,Delete,Deployment,false
1.6023089000000001,Regular,9,Create,Deployment,false
1.6226959079999999,Regular,8,Create,ConfigMap,false
1.642429922,Regular,11,Update,Deployment,false
1.66272704,Regular,5,Delete,ConfigMap,false
1.682720825,Regular,5,Delete,Deployment,false
1.702419743,Regular,7,Create,Deployment,false
1.721990859,Regular,7,Create,ConfigMap,false
1.742194992,Regular,15,Update,Deployment,false
1.7621065009999999,Regular,5,Delete,ConfigMap,false
1.782198051,Regular,5,Delete,Deployment,false
1.801951081,Regular,9,Create,Deployment,false
1.8227787119999999,Regular,8,Create,ConfigMap,false
1.842506834,Regular,9,Update,Deployment,false
1.8622167630000002,Regular,6,Delete,ConfigMap,false
1.882159171,Regular,6,Delete,Deployment,false
1.9024847729999999,Regular,9,Create,Deployment,false
1.921967101,Regular,8,Create,ConfigMap,false
1.941931791,Regular,11,Update,Deployment,false
1.962094856,Regular,5,Delete,ConfigMap,false
1.9826497619999999,Regular,5,Delete,Deployment,false
2.001981746,Regular,9,Create,Deployment,false
2.022502356,Regular,8,Create,ConfigMap,false
2.042238925,Regular,10,Update,Deployment,false
2.062783692,Regular,6,Delete,ConfigMap,false
2.082583991,Regular,5,Delete,Deployment,false
2.102503595,Regular,9,Create,Deployment,false
2.122093016,Regular,9,Create,ConfigMap,false
2.142715109,Regular,11,Update,Deployment,false
2.162437851,Regular,4,Delete,ConfigMap,false
2.182431997,Regular,5,Delete,Deployment,false
2.202346532,Regular,10,Create,Deployment,false
2.222425648,Regular,8,Create,ConfigMap,false
2.242336136,Regular,9,Update,Deployment,false
2.262094556,Regular,4,Delete,ConfigMap,false
2.28181264,Regular,6,Delete,Deployment,false
2.302765848,Regular,6,Create,Deployment,false
2.322126366,Regular,8,Create,ConfigMap,false
2.342384791,Regular,11,Update,Deployment,false
2.361790695,Regular,5,Delete,ConfigMap,false
2.382782777,Regular,5,Delete,Deployment,false
2.402565313,Regular,11,Create,Deployment,false
2.421904821,Regular,8,Create,ConfigMap,false
2.442534638,Regular,24,Update,Deployment,false
2.466763787,Regular,20,Delete,ConfigMap,false
2.487041318,Regular,21,Delete,Deployment,false
2.509011268,Regular,36,Create,Deployment,false
2.545692619,Regular,39,Create,ConfigMap,false
2.585675931,Regular,61,Update,Deployment,false
2.646890727,Regular,20,Delete,ConfigMap,false
2.667351775,Regular,20,Delete,Deployment,false
2.687402418,Regular,38,Create,Deployment,false
2.726240024,Regular,34,Create,ConfigMap,false
2.760945061,Regular,61,Update,Deployment,false
2.822109291,Regular,19,Delete,ConfigMap,false
2.8419892410000003,Regular,20,Delete,Deployment,false
2.8620666850000003,Regular,38,Create,Deployment,false
2.900985475,Regular,39,Create,ConfigMap,false
2.940628423,Regular,62,Update,Deployment,false
2.002172226,Regular,9,Create,Deployment,false
2.022571267,Regular,8,Create,ConfigMap,false
2.042228285,Regular,11,Update,Deployment,false
2.062735771,Regular,5,Delete,ConfigMap,false
2.082533385,Regular,5,Delete,Deployment,false
2.102552277,Regular,9,Create,Deployment,false
2.122034265,Regular,10,Create,ConfigMap,false
2.142566388,Regular,10,Update,Deployment,false
2.162330809,Regular,6,Delete,ConfigMap,false
2.182524863,Regular,5,Delete,Deployment,false
2.20246146,Regular,7,Create,Deployment,false
2.222528402,Regular,8,Create,ConfigMap,false
2.242462184,Regular,11,Update,Deployment,false
2.262048119,Regular,5,Delete,ConfigMap,false
2.281805977,Regular,4,Delete,Deployment,false
2.302811625,Regular,8,Create,Deployment,false
2.3220437,Regular,9,Create,ConfigMap,false
2.342598545,Regular,11,Update,Deployment,false
2.362053492,Regular,5,Delete,ConfigMap,false
2.382841728,Regular,4,Delete,Deployment,false
2.402599698,Regular,11,Create,Deployment,false
2.421836312,Regular,7,Create,ConfigMap,false
2.442573873,Regular,19,Update,Deployment,false
2.462274924,Regular,18,Delete,ConfigMap,false
2.481816304,Regular,17,Delete,Deployment,false
2.502184987,Regular,37,Create,Deployment,false
2.539733237,Regular,40,Create,ConfigMap,false
2.579904735,Regular,61,Update,Deployment,false
2.6414779680000002,Regular,20,Delete,ConfigMap,false
2.661577162,Regular,19,Delete,Deployment,false
2.681356492,Regular,38,Create,Deployment,false
2.720156016,Regular,42,Create,ConfigMap,false
2.762805186,Regular,61,Update,Deployment,false
2.823841936,Regular,20,Delete,ConfigMap,false
2.84397836,Regular,20,Delete,Deployment,false
2.8640753,Regular,39,Create,Deployment,false
2.903124517,Regular,39,Create,ConfigMap,false
2.9429183,Regular,62,Update,Deployment,false
2.002166425,Regular,9,Create,Deployment,false
2.022458023,Regular,8,Create,ConfigMap,false
2.0421593749999998,Regular,9,Update,Deployment,false
2.062859114,Regular,5,Delete,ConfigMap,false
2.082755705,Regular,5,Delete,Deployment,false
2.1024858220000002,Regular,9,Create,Deployment,false
2.121992506,Regular,9,Create,ConfigMap,false
2.142677808,Regular,11,Update,Deployment,false
2.162277628,Regular,4,Delete,ConfigMap,false
2.182399005,Regular,5,Delete,Deployment,false
2.202619198,Regular,9,Create,Deployment,false
2.222565943,Regular,8,Create,ConfigMap,false
2.242514784,Regular,11,Update,Deployment,false
2.262091921,Regular,5,Delete,ConfigMap,false
2.2817595600000002,Regular,3,Delete,Deployment,false
2.302718248,Regular,8,Create,Deployment,false
2.322078787,Regular,9,Create,ConfigMap,false
2.342515408,Regular,9,Update,Deployment,false
2.361874945,Regular,5,Delete,ConfigMap,false
2.382726992,Regular,4,Delete,Deployment,false
2.402759119,Regular,11,Create,Deployment,false
2.421981005,Regular,6,Create,ConfigMap,false
2.44261501,Regular,25,Update,Deployment,false
2.467831906,Regular,20,Delete,ConfigMap,false
2.487971436,Regular,21,Delete,Deployment,false
2.50994387,Regular,37,Create,Deployment,false
2.547095951,Regular,39,Create,ConfigMap,false
2.586967072,Regular,60,Update,Deployment,false
2.647845792,Regular,20,Delete,ConfigMap,false
2.668363828,Regular,20,Delete,Deployment,false
2.6884149710000003,Regular,38,Create,Deployment,false
2.726904781,Regular,39,Create,ConfigMap,false
2.766518063,Regular,61,Update,Deployment,false
2.828433353,Regular,19,Delete,ConfigMap,false
2.8478325140000003,Regular,20,Delete,Deployment,false
2.868204985,Regular,38,Create,Deployment,false
2.906693672,Regular,39,Create,ConfigMap,false
2.946470253,Regular,61,Update,Deployment,false
2.022502116,Regular,7,Create,ConfigMap,false
2.042174003,Regular,10,Update,Deployment,false
2.062717316,Regular,4,Delete,ConfigMap,false
2.082645417,Regular,5,Delete,Deployment,false
2.102658508,Regular,8,Create,Deployment,false
2.121981916,Regular,9,Create,ConfigMap,false
2.142720289,Regular,11,Update,Deployment,false
2.162359563,Regular,6,Delete,ConfigMap,false
2.182563486,Regular,4,Delete,Deployment,false
2.202457161,Regular,9,Create,Deployment,false
2.222674869,Regular,8,Create,ConfigMap,false
2.242319314,Regular,11,Update,Deployment,false
2.262162074,Regular,5,Delete,ConfigMap,false
2.281986569,Regular,6,Delete,Deployment,false
2.302850037,Regular,8,Create,Deployment,false
2.321987865,Regular,9,Create,ConfigMap,false
2.342510038,Regular,11,Update,Deployment,false
2.361996985,Regular,5,Delete,ConfigMap,false
2.382795451,Regular,4,Delete,Deployment,false
2.402524416,Regular,12,Create,Deployment,false
2.421916724,Regular,8,Create,ConfigMap,false
2.442433277,Regular,28,Update,Deployment,false
2.470953324,Regular,19,Delete,ConfigMap,false
2.490906894,Regular,19,Delete,Deployment,false
2.510861444,Regular,38,Create,Deployment,false
2.548982487,Regular,39,Create,ConfigMap,false
2.588895736,Regular,61,Update,Deployment,false
2.650594817,Regular,19,Delete,ConfigMap,false
2.67050814,Regular,19,Delete,Deployment,false
2.690472169,Regular,38,Create,Deployment,false
2.729129866,Regular,39,Create,ConfigMap,false
2.768888863,Regular,61,Update,Deployment,false
2.830780068,Regular,19,Delete,ConfigMap,false
2.85010023,Regular,19,Delete,Deployment,false
2.8701246019999997,Regular,38,Create,Deployment,false
2.908939085,Regular,39,Create,ConfigMap,false
2.948781271,Regular,61,Update,Deployment,false
2.001948122,Regular,8,Create,Deployment,false
2.022485424,Regular,7,Create,ConfigMap,false
2.042052353,Regular,9,Update,Deployment,false
2.062812426,Regular,4,Delete,ConfigMap,false
2.082707895,Regular,5,Delete,Deployment,false
2.102537399,Regular,7,Create,Deployment,false
2.122021652,Regular,10,Create,ConfigMap,false
2.142661117,Regular,9,Update,Deployment,false
2.162312404,Regular,5,Delete,ConfigMap,false
2.182524853,Regular,5,Delete,Deployment,false
2.202443696,Regular,10,Create,Deployment,false
2.222472146,Regular,8,Create,ConfigMap,false
2.242426306,Regular,11,Update,Deployment,false
2.262069679,Regular,4,Delete,ConfigMap,false
2.281836856,Regular,6,Delete,Deployment,false
2.30285179,Regular,8,Create,Deployment,false
2.322230503,Regular,8,Create,ConfigMap,false
2.3424209400000002,Regular,11,Update,Deployment,false
2.361990513,Regular,5,Delete,ConfigMap,false
2.382794098,Regular,4,Delete,Deployment,false
2.402635005,Regular,11,Create,Deployment,false
2.4219295880000002,Regular,6,Create,ConfigMap,false
2.4425992,Regular,29,Update,Deployment,false
2.471750791,Regular,20,Delete,ConfigMap,false
2.491864513,Regular,21,Delete,Deployment,false
2.513307938,Regular,38,Create,Deployment,false
2.551756559,Regular,40,Create,ConfigMap,false
2.59194028,Regular,61,Update,Deployment,false
2.653186315,Regular,20,Delete,ConfigMap,false
2.6736606480000003,Regular,19,Delete,Deployment,false
2.693441621,Regular,38,Create,Deployment,false
2.732072627,Regular,39,Create,ConfigMap,false
2.771632409,Regular,61,Update,Deployment,false
2.833211262,Regular,19,Delete,ConfigMap,false
2.853072487,Regular,20,Delete,Deployment,false
2.873134,Regular,39,Create,Deployment,false
2.9121673059999997,Regular,39,Create,ConfigMap,false
2.951821466,Regular,61,Update,Deployment,false
2.00186728,Regular,9,Create,Deployment,false
2.022390455,Regular,8,Create,ConfigMap,false
2.042095895,Regular,11,Update,Deployment,false
2.06268743,Regular,5,Delete,ConfigMap,false
2.082677998,Regular,5,Delete,Deployment,false
2.102830864,Regular,8,Create,Deployment,false
2.122032061,Regular,9,Create,ConfigMap,false
2.142750886,Regular,11,Update,Deployment,false
2.162405901,Regular,4,Delete,ConfigMap,false
2.182514182,Regular,5,Delete,Deployment,false
2.202373924,Regular,10,Create,Deployment,false
2.222636216,Regular,8,Create,ConfigMap,false
2.242393895,Regular,11,Update,Deployment,false
2.262074378,Regular,5,Delete,ConfigMap,false
2.281869708,Regular,6,Delete,Deployment,false
2.302757602,Regular,8,Create,Deployment,false
2.322071453,Regular,9,Create,ConfigMap,false
2.342370164,Regular,10,Update,Deployment,false
2.361892468,Regular,5,Delete,ConfigMap,false
2.382749224,Regular,4,Delete,Deployment,false
2.4026078330000002,Regular,10,Create,Deployment,false
2.421940068,Regular,8,Create,ConfigMap,false
2.442674803,Regular,31,Update,Deployment,false
2.474436648,Regular,19,Delete,ConfigMap,false
2.493723056,Regular,20,Delete,Deployment,false
2.514343124,Regular,38,Create,Deployment,false
2.553146897,Regular,39,Create,ConfigMap,false
2.592520096,Regular,61,Update,Deployment,false
2.654031893,Regular,20,Delete,ConfigMap,false
2.674549758,Regular,19,Delete,Deployment,false
2.694391386,Regular,38,Create,Deployment,false
2.732865155,Regular,39,Create,ConfigMap,false
2.7728555,Regular,61,Update,Deployment,false
2.834017796,Regular,19,Delete,ConfigMap,false
2.854012153,Regular,20,Delete,Deployment,false
2.874079597,Regular,38,Create,Deployment,false
2.912727345,Regular,40,Create,ConfigMap,false
2.952942354,Regular,61,Update,Deployment,false
2.001930128,Regular,9,Create,Deployment,false
2.022616492,Regular,8,Create,ConfigMap,false
2.042203388,Regular,10,Update,Deployment,false
2.062804601,Regular,5,Delete,ConfigMap,false
2.082834524,Regular,5,Delete,Deployment,false
2.102517351,Regular,9,Create,Deployment,false
2.121919268,Regular,9,Create,ConfigMap,false
2.142632803,Regular,11,Update,Deployment,false
2.162329286,Regular,5,Delete,ConfigMap,false
2.182463416,Regular,5,Delete,Deployment,false
2.202466219,Regular,10,Create,Deployment,false
2.222549342,Regular,8,Create,ConfigMap,false
2.242443849,Regular,11,Update,Deployment,false
2.262145412,Regular,3,Delete,ConfigMap,false
2.281829552,Regular,6,Delete,Deployment,false
2.302799792,Regular,8,Create,Deployment,false
2.322023622,Regular,9,Create,ConfigMap,false
2.342708573,Regular,10,Update,Deployment,false
2.361965155,Regular,5,Delete,ConfigMap,false
2.38281084,Regular,6,Delete,Deployment,false
2.402628833,Regular,13,Create,Deployment,false
2.422061287,Regular,8,Create,ConfigMap,false
2.442472661,Regular,18,Update,Deployment,false
2.462002439,Regular,15,Delete,ConfigMap,false
2.48187768,Regular,18,Delete,Deployment,false
2.502152756,Regular,34,Create,Deployment,false
2.536908789,Regular,40,Create,ConfigMap,false
2.576953958,Regular,61,Update,Deployment,false
2.638553722,Regular,19,Delete,ConfigMap,false
2.65838541,Regular,20,Delete,Deployment,false
2.6788957719999997,Regular,38,Create,Deployment,false
2.716990965,Regular,40,Create,ConfigMap,false
2.757158766,Regular,61,Update,Deployment,false
2.818813293,Regular,19,Delete,ConfigMap,false
2.838073391,Regular,20,Delete,Deployment,false
2.858169018,Regular,39,Create,Deployment,false
2.897379389,Regular,39,Create,ConfigMap,false
2.937014593,Regular,60,Update,Deployment,false
2.997665854,Regular,20,Delete,ConfigMap,false
2.002208705,Regular,9,Create,Deployment,false
2.022422205,Regular,8,Create,ConfigMap,false
2.042038677,Regular,10,Update,Deployment,false
2.062874283,Regular,6,Delete,ConfigMap,false
2.082655225,Regular,5,Delete,Deployment,false
2.102846934,Regular,8,Create,Deployment,false
2.121962269,Regular,9,Create,ConfigMap,false
2.14254666,Regular,9,Update,Deployment,false
2.162289852,Regular,4,Delete,ConfigMap,false
2.182501829,Regular,5,Delete,Deployment,false
2.202529508,Regular,10,Create,Deployment,false
2.2225934450000002,Regular,8,Create,ConfigMap,false
2.242502631,Regular,9,Update,Deployment,false
2.262008283,Regular,5,Delete,ConfigMap,false
2.281866772,Regular,6,Delete,Deployment,false
2.30274555,Regular,9,Create,Deployment,false
2.322102441,Regular,9,Create,ConfigMap,false
2.342572035,Regular,9,Update,Deployment,false
2.361831132,Regular,5,Delete,ConfigMap,false
2.382679842,Regular,4,Delete,Deployment,false
2.402496262,Regular,12,Create,Deployment,false
2.42182501,Regular,7,Create,ConfigMap,false
2.44244005,Regular,18,Update,Deployment,false
2.462015985,Regular,18,Delete,ConfigMap,false
2.481826663,Regular,15,Delete,Deployment,false
2.502165721,Regular,35,Create,Deployment,false
2.53772398,Regular,40,Create,ConfigMap,false
2.578082581,Regular,61,Update,Deployment,false
2.639922649,Regular,19,Delete,ConfigMap,false
2.659492302,Regular,20,Delete,Deployment,false
2.679687618,Regular,38,Create,Deployment,false
2.717764136,Regular,40,Create,ConfigMap,false
2.75784898,Regular,61,Update,Deployment,false
2.819363302,Regular,19,Delete,ConfigMap,false
2.839130769,Regular,19,Delete,Deployment,false
2.85910118,Regular,38,Create,Deployment,false
2.897795726,Regular,39,Create,ConfigMap,false
2.937567378,Regular,61,Update,Deployment,false
2.999287118,Regular,20,Delete,ConfigMap,false
2.002205308,Regular,8,Create,Deployment,false
2.022435841,Regular,8,Create,ConfigMap,false
2.042380623,Regular,11,Update,Deployment,false
2.062748345,Regular,6,Delete,ConfigMap,false
2.082732471,Regular,5,Delete,Deployment,false
2.102622941,Regular,9,Create,Deployment,false
2.121939997,Regular,10,Create,ConfigMap,false
2.142702816,Regular,9,Update,Deployment,false
2.162226422,Regular,6,Delete,ConfigMap,false
2.182420796,Regular,5,Delete,Deployment,false
2.202508508,Regular,10,Create,Deployment,false
2.222437511,Regular,8,Create,ConfigMap,false
2.242364029,Regular,11,Update,Deployment,false
2.262030235,Regular,5,Delete,ConfigMap,false
2.281788023,Regular,6,Delete,Deployment,false
2.3027799350000002,Regular,8,Create,Deployment,false
2.322073226,Regular,8,Create,ConfigMap,false
2.342648129,Regular,9,Update,Deployment,false
2.361963372,Regular,5,Delete,ConfigMap,false
2.38291668,Regular,6,Delete,Deployment,false
2.4026097269999998,Regular,12,Create,Deployment,false
2.421984101,Regular,8,Create,ConfigMap,false
2.44259378,Regular,21,Update,Deployment,false
2.463608644,Regular,19,Delete,ConfigMap,false
2.483004179,Regular,20,Delete,Deployment,false
2.503247445,Regular,38,Create,Deployment,false
2.541780165,Regular,40,Create,ConfigMap,false
2.581803102,Regular,61,Update,Deployment,false
2.6433885889999997,Regular,19,Delete,ConfigMap,false
2.663363398,Regular,19,Delete,Deployment,false
2.683352013,Regular,38,Create,Deployment,false
2.72169782,Regular,38,Create,ConfigMap,false
2.759790439,Regular,61,Update,Deployment,false
2.821174575,Regular,19,Delete,ConfigMap,false
2.841004901,Regular,20,Delete,Deployment,false
2.861073698,Regular,39,Create,Deployment,false
2.900181615,Regular,39,Create,ConfigMap,false
2.939967544,Regular,61,Update,Deployment,false
3.001229469,Regular,20,Delete,ConfigMap,false
2.002087897,Regular,9,Create,Deployment,false
2.022378432,Regular,8,Create,ConfigMap,false
2.042210281,Regular,9,Update,Deployment,false
2.062782419,Regular,4,Delete,ConfigMap,false
2.082638564,Regular,5,Delete,Deployment,false
2.102644592,Regular,9,Create,Deployment,false
2.122087676,Regular,10,Create,ConfigMap,false
2.142729907,Regular,9,Update,Deployment,false
2.162460214,Regular,6,Delete,ConfigMap,false
2.182541714,Regular,5,Delete,Deployment,false
2.202434008,Regular,10,Create,Deployment,false
2.222687193,Regular,8,Create,ConfigMap,false
2.242461924,Regular,11,Update,Deployment,false
2.262110857,Regular,5,Delete,ConfigMap,false
2.281877042,Regular,4,Delete,Deployment,false
2.302778973,Regular,8,Create,Deployment,false
2.32192702,Regular,9,Create,ConfigMap,false
2.342514016,Regular,11,Update,Deployment,false
2.361911985,Regular,5,Delete,ConfigMap,false
2.382761457,Regular,4,Delete,Deployment,false
2.402557909,Regular,10,Create,Deployment,false
2.421917786,Regular,6,Create,ConfigMap,false
2.442597607,Regular,27,Update,Deployment,false
2.470168271,Regular,19,Delete,ConfigMap,false
2.489871307,Regular,21,Delete,Deployment,false
2.511645386,Regular,38,Create,Deployment,false
2.54977246,Regular,39,Create,ConfigMap,false
2.589510388,Regular,62,Update,Deployment,false
2.651598695,Regular,19,Delete,ConfigMap,false
2.671542575,Regular,19,Delete,Deployment,false
2.691491926,Regular,38,Create,Deployment,false
2.729753264,Regular,39,Create,ConfigMap,false
2.769602883,Regular,61,Update,Deployment,false
2.831419717,Regular,19,Delete,ConfigMap,false
2.851147148,Regular,19,Delete,Deployment,false
2.871132738,Regular,38,Create,Deployment,false
2.909610765,Regular,40,Create,ConfigMap,false
2.949967723,Regular,60,Update,Deployment,false
3.010850752,Regular,20,Delete,ConfigMap,false
3.031524281,Regular,19,Delete,Deployment,false
3.019381704,Regular,20,Delete,Deployment,false
3.03985784,Regular,38,Create,Deployment,false
3.077915112,Regular,40,Create,ConfigMap,false
3.118584541,Regular,58,Update,Deployment,false
3.1772119070000002,Regular,26,Delete,ConfigMap,false
3.203745351,Regular,22,Delete,Deployment,false
3.226373344,Regular,35,Create,Deployment,false
3.261667504,Regular,40,Create,ConfigMap,false
3.301902281,Regular,61,Update,Deployment,false
3.363063606,Regular,20,Delete,ConfigMap,false
3.383154855,Regular,19,Delete,Deployment,false
3.40284692,Regular,38,Create,Deployment,false
3.44179773,Regular,39,Create,ConfigMap,false
3.481761605,Regular,62,Update,Deployment,false
3.543827821,Regular,19,Delete,ConfigMap,false
3.563139256,Regular,20,Delete,Deployment,false
3.583369167,Regular,38,Create,Deployment,false
3.6219196609999997,Regular,39,Create,ConfigMap,false
3.6617958699999997,Regular,61,Update,Deployment,false
3.72292249,Regular,20,Delete,ConfigMap,false
3.743145508,Regular,20,Delete,Deployment,false
3.763411848,Regular,38,Create,Deployment,false
3.802187568,Regular,39,Create,ConfigMap,false
3.841571787,Regular,62,Update,Deployment,false
3.903714747,Regular,19,Delete,ConfigMap,false
3.923084994,Regular,20,Delete,Deployment,false
3.943117171,Regular,38,Create,Deployment,false
3.981752486,Regular,40,Create,ConfigMap,false
3.021481753,Regular,20,Delete,Deployment,false
3.041546582,Regular,38,Create,Deployment,false
3.079930712,Regular,40,Create,ConfigMap,false
3.120058095,Regular,61,Update,Deployment,false
3.181242404,Regular,26,Delete,ConfigMap,false
3.20754956,Regular,18,Delete,Deployment,false
3.226110617,Regular,36,Create,Deployment,false
3.262658266,Regular,39,Create,ConfigMap,false
3.30247334,Regular,61,Update,Deployment,false
3.363969578,Regular,20,Delete,ConfigMap,false
3.384096054,Regular,19,Delete,Deployment,false
3.404010339,Regular,39,Create,Deployment,false
3.4432186160000002,Regular,39,Create,ConfigMap,false
3.483074466,Regular,61,Update,Deployment,false
3.544512094,Regular,19,Delete,ConfigMap,false
3.564003329,Regular,20,Delete,Deployment,false
3.5843882430000003,Regular,38,Create,Deployment,false
3.622762434,Regular,40,Create,ConfigMap,false
3.6629713219999998,Regular,60,Update,Deployment,false
3.723864109,Regular,20,Delete,ConfigMap,false
3.744023627,Regular,20,Delete,Deployment,false
3.764396489,Regular,38,Create,Deployment,false
3.8028729930000003,Regular,39,Create,ConfigMap,false
3.8428650319999997,Regular,61,Update,Deployment,false
3.904303931,Regular,19,Delete,ConfigMap,false
3.924015623,Regular,20,Delete,Deployment,false
3.944046417,Regular,38,Create,Deployment,false
3.983023799,Regular,39,Create,ConfigMap,false
3.005027306,Regular,20,Delete,ConfigMap,false
3.025816725,Regular,19,Delete,Deployment,false
3.045390977,Regular,38,Create,Deployment,false
3.083841071,Regular,40,Create,ConfigMap,false
3.124058746,Regular,61,Update,Deployment,false
3.185099002,Regular,24,Delete,ConfigMap,false
3.20941192,Regular,18,Delete,Deployment,false
3.227780233,Regular,36,Create,Deployment,false
3.264707669,Regular,40,Create,ConfigMap,false
3.305043808,Regular,59,Update,Deployment,false
3.364900477,Regular,20,Delete,ConfigMap,false
3.385014099,Regular,20,Delete,Deployment,false
3.405231126,Regular,38,Create,Deployment,false
3.443966529,Regular,39,Create,ConfigMap,false
3.483742299,Regular,61,Update,Deployment,false
3.545305162,Regular,19,Delete,ConfigMap,false
3.565016403,Regular,20,Delete,Deployment,false
3.585378224,Regular,38,Create,Deployment,false
3.624242801,Regular,39,Create,ConfigMap,false
3.66360525,Regular,61,Update,Deployment,false
3.725084075,Regular,19,Delete,ConfigMap,false
3.745083801,Regular,20,Delete,Deployment,false
3.765353818,Regular,38,Create,Deployment,false
3.803738298,Regular,39,Create,ConfigMap,false
3.8435060229999998,Regular,61,Update,Deployment,false
3.905173254,Regular,20,Delete,ConfigMap,false
3.925394709,Regular,19,Delete,Deployment,false
3.945022913,Regular,38,Create,Deployment,false
3.9837165580000002,Regular,40,Create,ConfigMap,false
3.008034279,Regular,20,Delete,ConfigMap,false
3.028446935,Regular,19,Delete,Deployment,false
3.04838732,Regular,38,Create,Deployment,false
3.086844748,Regular,39,Create,ConfigMap,false
3.126545385,Regular,65,Update,Deployment,false
3.191730434,Regular,21,Delete,ConfigMap,false
3.21296805,Regular,17,Delete,Deployment,false
3.230360239,Regular,38,Create,Deployment,false
3.269117213,Regular,39,Create,ConfigMap,false
3.308548882,Regular,61,Update,Deployment,false
3.37018827,Regular,19,Delete,ConfigMap,false
3.389702649,Regular,20,Delete,Deployment,false
3.41022837,Regular,37,Create,Deployment,false
3.44777134,Regular,39,Create,ConfigMap,false
3.487549654,Regular,61,Update,Deployment,false
3.548971801,Regular,20,Delete,ConfigMap,false
3.569299017,Regular,20,Delete,Deployment,false
3.589379446,Regular,38,Create,Deployment,false
3.627871219,Regular,39,Create,ConfigMap,false
3.667588978,Regular,61,Update,Deployment,false
3.729132336,Regular,21,Delete,ConfigMap,false
3.750839498,Regular,19,Delete,Deployment,false
3.770314042,Regular,38,Create,Deployment,false
3.808757724,Regular,39,Create,ConfigMap,false
3.848694859,Regular,61,Update,Deployment,false
3.910561506,Regular,19,Delete,ConfigMap,false
3.9305066699999998,Regular,19,Delete,Deployment,false
3.949663563,Regular,37,Create,Deployment,false
3.987631747,Regular,40,Create,ConfigMap,false
3.051387579,Regular,38,Create,Deployment,false
3.089714531,Regular,39,Create,ConfigMap,false
3.129596141,Regular,66,Update,Deployment,false
3.196250276,Regular,16,Delete,ConfigMap,false
3.212658284,Regular,16,Delete,Deployment,false
3.229390045,Regular,37,Create,Deployment,false
3.267135848,Regular,39,Create,ConfigMap,false
3.306758559,Regular,61,Update,Deployment,false
3.368592024,Regular,19,Delete,ConfigMap,false
3.387936822,Regular,20,Delete,Deployment,false
3.408138139,Regular,41,Create,Deployment,false
3.449328011,Regular,39,Create,ConfigMap,false
3.488807411,Regular,61,Update,Deployment,false
3.550328876,Regular,19,Delete,ConfigMap,false
3.570229395,Regular,20,Delete,Deployment,false
3.590397339,Regular,38,Create,Deployment,false
3.6288369940000003,Regular,39,Create,ConfigMap,false
3.668736016,Regular,61,Update,Deployment,false
3.729953117,Regular,20,Delete,ConfigMap,false
3.750128154,Regular,19,Delete,Deployment,false
3.7692761299999997,Regular,38,Create,Deployment,false
3.807912286,Regular,39,Create,ConfigMap,false
3.847537792,Regular,61,Update,Deployment,false
3.9092442370000002,Regular,20,Delete,ConfigMap,false
3.929476743,Regular,20,Delete,Deployment,false
3.950339831,Regular,38,Create,Deployment,false
3.988689456,Regular,40,Create,ConfigMap,false
3.014369842,Regular,20,Delete,ConfigMap,false
3.034657132,Regular,19,Delete,Deployment,false
3.054254568,Regular,38,Create,Deployment,false
3.093138101,Regular,39,Create,ConfigMap,false
3.132794465,Regular,65,Update,Deployment,false
3.198442068,Regular,25,Delete,ConfigMap,false
3.223858832,Regular,9,Delete,Deployment,false
3.2332266450000002,Regular,38,Create,Deployment,false
3.272156747,Regular,39,Create,ConfigMap,false
3.311592915,Regular,61,Update,Deployment,false
3.372944028,Regular,20,Delete,ConfigMap,false
3.39295739,Regular,20,Delete,Deployment,false
3.413795591,Regular,38,Create,Deployment,false
3.452274069,Regular,39,Create,ConfigMap,false
3.491772595,Regular,61,Update,Deployment,false
3.55302409,Regular,19,Delete,ConfigMap,false
3.5730276229999998,Regular,20,Delete,Deployment,false
3.593329611,Regular,38,Create,Deployment,false
3.632290851,Regular,39,Create,ConfigMap,false
3.6717163189999997,Regular,62,Update,Deployment,false
3.733827539,Regular,18,Delete,ConfigMap,false
3.752616527,Regular,19,Delete,Deployment,false
3.772363024,Regular,38,Create,Deployment,false
3.810746773,Regular,39,Create,ConfigMap,false
3.850568189,Regular,61,Update,Deployment,false
3.91182812,Regular,20,Delete,ConfigMap,false
3.932535183,Regular,19,Delete,Deployment,false
3.952374737,Regular,38,Create,Deployment,false
3.990864296,Regular,39,Create,ConfigMap,false
3.009952534,Regular,20,Delete,ConfigMap,false
3.03042808,Regular,20,Delete,Deployment,false
3.050439758,Regular,38,Create,Deployment,false
3.089098347,Regular,39,Create,ConfigMap,false
3.1289949950000002,Regular,66,Update,Deployment,false
3.195789375,Regular,17,Delete,ConfigMap,false
3.213039425,Regular,18,Delete,Deployment,false
3.231328037,Regular,38,Create,Deployment,false
3.2698161040000002,Regular,40,Create,ConfigMap,false
3.309828801,Regular,61,Update,Deployment,false
3.371392697,Regular,19,Delete,ConfigMap,false
3.390922114,Regular,21,Delete,Deployment,false
3.4119397940000002,Regular,37,Create,Deployment,false
3.44994123,Regular,40,Create,ConfigMap,false
3.490085517,Regular,60,Update,Deployment,false
3.550960169,Regular,20,Delete,ConfigMap,false
3.5711672979999998,Regular,20,Delete,Deployment,false
3.591295587,Regular,40,Create,Deployment,false
3.631943695,Regular,38,Create,ConfigMap,false
3.670536579,Regular,63,Update,Deployment,false
3.734169024,Regular,19,Delete,ConfigMap,false
3.753503843,Regular,19,Delete,Deployment,false
3.773359688,Regular,38,Create,Deployment,false
3.811740742,Regular,39,Create,ConfigMap,false
3.851720106,Regular,61,Update,Deployment,false
3.912968075,Regular,20,Delete,ConfigMap,false
3.933579527,Regular,19,Delete,Deployment,false
3.95329725,Regular,38,Create,Deployment,false
3.991763675,Regular,40,Create,ConfigMap,false
3.013602742,Regular,20,Delete,ConfigMap,false
3.033673202,Regular,19,Delete,Deployment,false
3.053070921,Regular,38,Create,Deployment,false
3.091746812,Regular,39,Create,ConfigMap,false
3.13163807,Regular,67,Update,Deployment,false
3.198856361,Regular,24,Delete,ConfigMap,false
3.223847861,Regular,10,Delete,Deployment,false
3.234159669,Regular,38,Create,Deployment,false
3.272718378,Regular,40,Create,ConfigMap,false
3.313561455,Regular,60,Update,Deployment,false
3.373872934,Regular,20,Delete,ConfigMap,false
3.393963151,Regular,20,Delete,Deployment,false
3.414448495,Regular,38,Create,Deployment,false
3.452784904,Regular,40,Create,ConfigMap,false
3.4929114869999998,Regular,60,Update,Deployment,false
3.553824883,Regular,20,Delete,ConfigMap,false
3.574045667,Regular,20,Delete,Deployment,false
3.594363014,Regular,38,Create,Deployment,false
3.63300491,Regular,39,Create,ConfigMap,false
3.672848007,Regular,61,Update,Deployment,false
3.7347536789999998,Regular,19,Delete,ConfigMap,false
3.754510796,Regular,20,Delete,Deployment,false
3.774549196,Regular,38,Create,Deployment,false
3.8131735190000002,Regular,40,Create,ConfigMap,false
3.853525248,Regular,61,Update,Deployment,false
3.9147423679999998,Regular,22,Delete,ConfigMap,false
3.936902797,Regular,18,Delete,Deployment,false
3.954997293,Regular,38,Create,Deployment,false
3.993772963,Regular,40,Create,ConfigMap,false
3.003239378,Regular,20,Delete,ConfigMap,false
3.023463287,Regular,19,Delete,Deployment,false
3.043315354,Regular,38,Create,Deployment,false
3.082101774,Regular,39,Create,ConfigMap,false
3.122021687,Regular,61,Update,Deployment,false
3.183178954,Regular,24,Delete,ConfigMap,false
3.207572173,Regular,17,Delete,Deployment,false
3.224589773,Regular,30,Create,Deployment,false
3.254656815,Regular,39,Create,ConfigMap,false
3.294004455,Regular,60,Update,Deployment,false
3.354301377,Regular,20,Delete,ConfigMap,false
3.374695578,Regular,20,Delete,Deployment,false
3.395018305,Regular,40,Create,Deployment,false
3.435156469,Regular,38,Create,ConfigMap,false
3.473975792,Regular,61,Update,Deployment,false
3.535377681,Regular,20,Delete,ConfigMap,false
3.556187047,Regular,20,Delete,Deployment,false
3.576440052,Regular,38,Create,Deployment,false
3.615337873,Regular,39,Create,ConfigMap,false
3.65470498,Regular,61,Update,Deployment,false
3.716254679,Regular,21,Delete,ConfigMap,false
3.737403837,Regular,19,Delete,Deployment,false
3.7573082429999998,Regular,38,Create,Deployment,false
3.795910836,Regular,40,Create,ConfigMap,false
3.836686255,Regular,60,Update,Deployment,false
3.897137628,Regular,20,Delete,ConfigMap,false
3.9180748960000003,Regular,20,Delete,Deployment,false
3.938999289,Regular,38,Create,Deployment,false
3.9779615120000003,Regular,39,Create,ConfigMap,false
4.01706488,Regular,61,Update,Deployment,false
3.018573637,Regular,20,Delete,Deployment,false
3.03880456,Regular,38,Create,Deployment,false
3.077211833,Regular,41,Create,ConfigMap,false
3.118890619,Regular,60,Update,Deployment,false
3.179151703,Regular,28,Delete,ConfigMap,false
3.207485819,Regular,18,Delete,Deployment,false
3.226100128,Regular,35,Create,Deployment,false
3.261143864,Regular,39,Create,ConfigMap,false
3.300743641,Regular,61,Update,Deployment,false
3.361986901,Regular,20,Delete,ConfigMap,false
3.382221601,Regular,19,Delete,Deployment,false
3.401804981,Regular,39,Create,Deployment,false
3.440959446,Regular,39,Create,ConfigMap,false
3.480510641,Regular,62,Update,Deployment,false
3.542657909,Regular,19,Delete,ConfigMap,false
3.562080265,Regular,19,Delete,Deployment,false
3.581602318,Regular,38,Create,Deployment,false
3.619759739,Regular,40,Create,ConfigMap,false
3.659856656,Regular,61,Update,Deployment,false
3.720999185,Regular,20,Delete,ConfigMap,false
3.741174663,Regular,20,Delete,Deployment,false
3.7612430999999997,Regular,38,Create,Deployment,false
3.799911857,Regular,40,Create,ConfigMap,false
3.840098062,Regular,60,Update,Deployment,false
3.900896842,Regular,20,Delete,ConfigMap,false
3.921042955,Regular,20,Delete,Deployment,false
3.941496939,Regular,38,Create,Deployment,false
3.979907659,Regular,39,Create,ConfigMap,false
4.01960978,Regular,61,Update,Deployment,false
4.081356701,Regular,19,Delete,ConfigMap,false
4.101118488,Regular,20,Delete,Deployment,false
4.121284949,Regular,38,Create,Deployment,false
4.023805729,Regular,61,Update,Deployment,false
4.085211817,Regular,22,Delete,ConfigMap,false
4.107510207,Regular,18,Delete,Deployment,false
4.1256595560000004,Regular,38,Create,Deployment,false
4.164001707,Regular,39,Create,ConfigMap,false
4.203607184,Regular,61,Update,Deployment,false
4.264887184,Regular,20,Delete,ConfigMap,false
4.284950831,Regular,20,Delete,Deployment,false
4.305183036,Regular,39,Create,Deployment,false
4.344354373,Regular,38,Create,ConfigMap,false
4.38281604,Regular,61,Update,Deployment,false
4.444000528,Regular,19,Delete,ConfigMap,false
4.463778315,Regular,20,Delete,Deployment,false
4.484017243,Regular,38,Create,Deployment,false
4.522909203,Regular,40,Create,ConfigMap,false
4.5630300550000005,Regular,61,Update,Deployment,false
4.624079678,Regular,19,Delete,ConfigMap,false
4.643679449,Regular,20,Delete,Deployment,false
4.664551794,Regular,38,Create,Deployment,false
4.703192238,Regular,39,Create,ConfigMap,false
4.742983377,Regular,60,Update,Deployment,false
4.803987354,Regular,20,Delete,ConfigMap,false
4.823999684,Regular,20,Delete,Deployment,false
4.844304216,Regular,38,Create,Deployment,false
4.883110043,Regular,39,Create,ConfigMap,false
4.922642002,Regular,61,Update,Deployment,false
4.983767369,Regular,20,Delete,ConfigMap,false
4.028771304,Regular,61,Update,Deployment,false
4.089994956,Regular,20,Delete,ConfigMap,false
4.110196915,Regular,18,Delete,Deployment,false
4.129152337,Regular,38,Create,Deployment,false
4.16767014,Regular,40,Create,ConfigMap,false
4.207710399,Regular,61,Update,Deployment,false
4.269008853,Regular,19,Delete,ConfigMap,false
4.289000824,Regular,19,Delete,Deployment,false
4.308986113,Regular,38,Create,Deployment,false
4.347756373,Regular,39,Create,ConfigMap,false
4.387634496,Regular,61,Update,Deployment,false
4.449083925,Regular,20,Delete,ConfigMap,false
4.469159464,Regular,20,Delete,Deployment,false
4.489446794,Regular,38,Create,Deployment,false
4.528283239,Regular,39,Create,ConfigMap,false
4.567534277,Regular,61,Update,Deployment,false
4.628836929,Regular,21,Delete,ConfigMap,false
4.650141822,Regular,19,Delete,Deployment,false
4.669541173,Regular,38,Create,Deployment,false
4.707773666,Regular,40,Create,ConfigMap,false
4.747921659,Regular,61,Update,Deployment,false
4.809252324,Regular,20,Delete,ConfigMap,false
4.829621088,Regular,20,Delete,Deployment,false
4.849743015,Regular,37,Create,Deployment,false
4.887729022,Regular,40,Create,ConfigMap,false
4.927915909,Regular,60,Update,Deployment,false
4.988822532,Regular,20,Delete,ConfigMap,false
4.028072733,Regular,60,Update,Deployment,false
4.088827289,Regular,21,Delete,ConfigMap,false
4.11018928,Regular,19,Delete,Deployment,false
4.130084048,Regular,38,Create,Deployment,false
4.169064925,Regular,39,Create,ConfigMap,false
4.208988304,Regular,60,Update,Deployment,false
4.269986851,Regular,19,Delete,ConfigMap,false
4.289891357,Regular,20,Delete,Deployment,false
4.309962238,Regular,38,Create,Deployment,false
4.348611389,Regular,40,Create,ConfigMap,false
4.388793997,Regular,61,Update,Deployment,false
4.45029828,Regular,19,Delete,ConfigMap,false
4.470147823,Regular,20,Delete,Deployment,false
4.490411788,Regular,38,Create,Deployment,false
4.528882832,Regular,40,Create,ConfigMap,false
4.568900669,Regular,61,Update,Deployment,false
4.63044118,Regular,20,Delete,ConfigMap,false
4.651014561,Regular,19,Delete,Deployment,false
4.670607508,Regular,38,Create,Deployment,false
4.709134678,Regular,39,Create,ConfigMap,false
4.74852543,Regular,61,Update,Deployment,false
4.810164658,Regular,20,Delete,ConfigMap,false
4.830528893,Regular,20,Delete,Deployment,false
4.85072442,Regular,38,Create,Deployment,false
4.889147212,Regular,39,Create,ConfigMap,false
4.928600242,Regular,61,Update,Deployment,false
4.990084748,Regular,20,Delete,ConfigMap,false
4.030804496,Regular,61,Update,Deployment,false
4.09225649,Regular,19,Delete,ConfigMap,false
4.1121220019999996,Regular,19,Delete,Deployment,false
4.131734237,Regular,37,Create,Deployment,false
4.169703242,Regular,39,Create,ConfigMap,false
4.209673489,Regular,61,Update,Deployment,false
4.27100762,Regular,19,Delete,ConfigMap,false
4.290774426,Regular,20,Delete,Deployment,false
4.310954403,Regular,38,Create,Deployment,false
4.3499190500000005,Regular,39,Create,ConfigMap,false
4.38991215,Regular,61,Update,Deployment,false
4.451059779,Regular,20,Delete,ConfigMap,false
4.471095504,Regular,20,Delete,Deployment,false
4.491405456,Regular,38,Create,Deployment,false
4.529840913,Regular,39,Create,ConfigMap,false
4.569564383,Regular,61,Update,Deployment,false
4.631086039,Regular,20,Delete,ConfigMap,false
4.651646505,Regular,19,Delete,Deployment,false
4.671620553,Regular,38,Create,Deployment,false
4.709667435,Regular,40,Create,ConfigMap,false
4.749809266,Regular,61,Update,Deployment,false
4.811089115,Regular,21,Delete,ConfigMap,false
4.832155908,Regular,19,Delete,Deployment,false
4.851673353,Regular,38,Create,Deployment,false
4.889803783,Regular,39,Create,ConfigMap,false
4.929806892,Regular,61,Update,Deployment,false
4.990860995,Regular,20,Delete,ConfigMap,false
4.033938559,Regular,61,Update,Deployment,false
4.094973655,Regular,20,Delete,ConfigMap,false
4.114981627,Regular,20,Delete,Deployment,false
4.135475938,Regular,38,Create,Deployment,false
4.173920722,Regular,39,Create,ConfigMap,false
4.213682094,Regular,62,Update,Deployment,false
4.276217416,Regular,19,Delete,ConfigMap,false
4.295412211,Regular,19,Delete,Deployment,false
4.31509588,Regular,38,Create,Deployment,false
4.353955628,Regular,39,Create,ConfigMap,false
4.393699067,Regular,60,Update,Deployment,false
4.454690701,Regular,20,Delete,ConfigMap,false
4.47509929,Regular,20,Delete,Deployment,false
4.495241906,Regular,38,Create,Deployment,false
4.534138634,Regular,39,Create,ConfigMap,false
4.573959239,Regular,61,Update,Deployment,false
4.635295745,Regular,20,Delete,ConfigMap,false
4.655349643,Regular,20,Delete,Deployment,false
4.676174329,Regular,37,Create,Deployment,false
4.7141295979999995,Regular,39,Create,ConfigMap,false
4.753524287,Regular,61,Update,Deployment,false
4.815285926,Regular,20,Delete,ConfigMap,false
4.835462116,Regular,19,Delete,Deployment,false
4.854912294,Regular,37,Create,Deployment,false
4.89218335,Regular,39,Create,ConfigMap,false
4.931529859,Regular,61,Update,Deployment,false
4.993300785,Regular,20,Delete,ConfigMap,false
4.078432435,Regular,19,Delete,ConfigMap,false
4.098146612,Regular,19,Delete,Deployment,false
4.117806025,Regular,39,Create,Deployment,false
4.157432482,Regular,39,Create,ConfigMap,false
4.196864612,Regular,61,Update,Deployment,false
4.258230944,Regular,20,Delete,ConfigMap,false
4.278416231,Regular,19,Delete,Deployment,false
4.298369259,Regular,38,Create,Deployment,false
4.337289502,Regular,39,Create,ConfigMap,false
4.377014175,Regular,60,Update,Deployment,false
4.437251674,Regular,20,Delete,ConfigMap,false
4.458088783,Regular,19,Delete,Deployment,false
4.478069984,Regular,39,Create,Deployment,false
4.517157132,Regular,40,Create,ConfigMap,false
4.557216248,Regular,61,Update,Deployment,false
4.618500354,Regular,19,Delete,ConfigMap,false
4.638072703,Regular,20,Delete,Deployment,false
4.65841151,Regular,38,Create,Deployment,false
4.697198782,Regular,39,Create,ConfigMap,false
4.737020488,Regular,61,Update,Deployment,false
4.798235484,Regular,19,Delete,ConfigMap,false
4.818002781,Regular,20,Delete,Deployment,false
4.838292515,Regular,39,Create,Deployment,false
4.877421913,Regular,39,Create,ConfigMap,false
4.916709981,Regular,61,Update,Deployment,false
4.978410866,Regular,19,Delete,ConfigMap,false
4.998042546,Regular,20,Delete,Deployment,false
4.159633912,Regular,40,Create,ConfigMap,false
4.199796864,Regular,61,Update,Deployment,false
4.261219763,Regular,19,Delete,ConfigMap,false
4.281218978,Regular,20,Delete,Deployment,false
4.301330085,Regular,38,Create,Deployment,false
4.340009733,Regular,39,Create,ConfigMap,false
4.379860464,Regular,61,Update,Deployment,false
4.44108076,Regular,19,Delete,ConfigMap,false
4.460904765,Regular,20,Delete,Deployment,false
4.481058472,Regular,38,Create,Deployment,false
4.520031444,Regular,39,Create,ConfigMap,false
4.559898126,Regular,61,Update,Deployment,false
4.621232708,Regular,19,Delete,ConfigMap,false
4.640894005,Regular,20,Delete,Deployment,false
4.661546024,Regular,38,Create,Deployment,false
4.700247162,Regular,39,Create,ConfigMap,false
4.739735959,Regular,61,Update,Deployment,false
4.801000409,Regular,20,Delete,ConfigMap,false
4.821022017,Regular,20,Delete,Deployment,false
4.841351466,Regular,38,Create,Deployment,false
4.880200615,Regular,39,Create,ConfigMap,false
4.919688971,Regular,61,Update,Deployment,false
4.981220726,Regular,19,Delete,ConfigMap,false
5.001227666,Regular,19,Delete,Deployment,false
4.022600672,Regular,61,Update,Deployment,false
4.083921719,Regular,22,Delete,ConfigMap,false
4.1065884950000004,Regular,17,Delete,Deployment,false
4.124307531,Regular,38,Create,Deployment,false
4.163311633,Regular,39,Create,ConfigMap,false
4.202875712,Regular,61,Update,Deployment,false
4.263893406,Regular,20,Delete,ConfigMap,false
4.283975107,Regular,20,Delete,Deployment,false
4.304209797,Regular,40,Create,Deployment,false
4.3443491739999995,Regular,39,Create,ConfigMap,false
4.383974108,Regular,62,Update,Deployment,false
4.446155821,Regular,18,Delete,ConfigMap,false
4.46477581,Regular,20,Delete,Deployment,false
4.485059974,Regular,38,Create,Deployment,false
4.52372765,Regular,39,Create,ConfigMap,false
4.563728454,Regular,61,Update,Deployment,false
4.624985931,Regular,19,Delete,ConfigMap,false
4.64489172,Regular,20,Delete,Deployment,false
4.665445894,Regular,38,Create,Deployment,false
4.703836666,Regular,39,Create,ConfigMap,false
4.743563052,Regular,61,Update,Deployment,false
4.804830477,Regular,20,Delete,ConfigMap,false
4.825699306,Regular,19,Delete,Deployment,false
4.845444411,Regular,38,Create,Deployment,false
4.883842477,Regular,39,Create,ConfigMap,false
4.923788188,Regular,61,Update,Deployment,false
4.985019806,Regular,20,Delete,ConfigMap,false
5.005309019,Regular,19,Delete,Deployment,false
4.032003722,Regular,61,Update,Deployment,false
4.093370025,Regular,19,Delete,ConfigMap,false
4.113076096,Regular,20,Delete,Deployment,false
4.133420072,Regular,38,Create,Deployment,false
4.171721817,Regular,39,Create,ConfigMap,false
4.211692915,Regular,61,Update,Deployment,false
4.272763398,Regular,20,Delete,ConfigMap,false
4.293392975,Regular,19,Delete,Deployment,false
4.312797697,Regular,39,Create,Deployment,false
4.352069093,Regular,39,Create,ConfigMap,false
4.391839763,Regular,61,Update,Deployment,false
4.452954279,Regular,20,Delete,ConfigMap,false
4.473177308,Regular,20,Delete,Deployment,false
4.493319844,Regular,38,Create,Deployment,false
4.531896207,Regular,40,Create,ConfigMap,false
4.572167262,Regular,60,Update,Deployment,false
4.632946315,Regular,19,Delete,ConfigMap,false
4.652589928,Regular,20,Delete,Deployment,false
4.672816363,Regular,37,Create,Deployment,false
4.71079709,Regular,41,Create,ConfigMap,false
4.752336633,Regular,60,Update,Deployment,false
4.8128178120000005,Regular,20,Delete,ConfigMap,false
4.833822558,Regular,21,Delete,Deployment,false
4.855765216,Regular,37,Create,Deployment,false
4.893714854,Regular,39,Create,ConfigMap,false
4.933564503,Regular,61,Update,Deployment,false
4.995134311,Regular,20,Delete,ConfigMap,false
5.015447028,Regular,20,Delete,Deployment,false
4.022031126,Regular,61,Update,Deployment,false
4.083045593,Regular,22,Delete,ConfigMap,false
4.105369291,Regular,17,Delete,Deployment,false
4.123303313,Regular,38,Create,Deployment,false
4.161819162,Regular,39,Create,ConfigMap,false
4.201691705,Regular,60,Update,Deployment,false
4.262404141,Regular,19,Delete,ConfigMap,false
4.282149256,Regular,20,Delete,Deployment,false
4.302382935,Regular,38,Create,Deployment,false
4.340757697,Regular,39,Create,ConfigMap,false
4.380537383,Regular,61,Update,Deployment,false
4.442068988,Regular,19,Delete,ConfigMap,false
4.461903181,Regular,20,Delete,Deployment,false
4.482101653,Regular,38,Create,Deployment,false
4.520774789,Regular,39,Create,ConfigMap,false
4.560532234,Regular,61,Update,Deployment,false
4.622172905,Regular,19,Delete,ConfigMap,false
4.641888734,Regular,20,Delete,Deployment,false
4.662486551,Regular,38,Create,Deployment,false
4.700984766,Regular,40,Create,ConfigMap,false
4.741086352,Regular,61,Update,Deployment,false
4.802123331,Regular,19,Delete,ConfigMap,false
4.821946404,Regular,20,Delete,Deployment,false
4.842291963,Regular,38,Create,Deployment,false
4.880839011,Regular,40,Create,ConfigMap,false
4.920891023,Regular,61,Update,Deployment,false
4.9822228,Regular,20,Delete,ConfigMap,false
5.002280506,Regular,19,Delete,Deployment,false
5.022016884,Regular,38,Create,Deployment,false
5.013365194,Regular,19,Delete,Deployment,false
5.033221589,Regular,38,Create,Deployment,false
5.071787242,Regular,39,Create,ConfigMap,false
5.111603137,Regular,61,Update,Deployment,false
5.173093223,Regular,20,Delete,ConfigMap,false
5.193163312,Regular,19,Delete,Deployment,false
5.212802948,Regular,39,Create,Deployment,false
5.252066249,Regular,39,Create,ConfigMap,false
5.291948801,Regular,61,Update,Deployment,false
5.353616513,Regular,19,Delete,ConfigMap,false
5.373403236,Regular,19,Delete,Deployment,false
5.393192264,Regular,39,Create,Deployment,false
5.4323009429999995,Regular,39,Create,ConfigMap,false
5.47199029,Regular,61,Update,Deployment,false
5.533084477,Regular,19,Delete,ConfigMap,false
5.553010304,Regular,20,Delete,Deployment,false
5.573363919,Regular,38,Create,Deployment,false
5.61191805,Regular,39,Create,ConfigMap,false
5.651654505,Regular,61,Update,Deployment,false
5.713256453,Regular,20,Delete,ConfigMap,false
5.733297146,Regular,20,Delete,Deployment,false
5.753371424,Regular,37,Create,Deployment,false
5.790745344,Regular,40,Create,ConfigMap,false
5.830902394,Regular,61,Update,Deployment,false
5.892330162,Regular,27,Delete,ConfigMap,false
5.9197886440000005,Regular,10,Delete,Deployment,false
5.929868474,Regular,37,Create,Deployment,false
5.96786458,Regular,39,Create,ConfigMap,false
5.009384932,Regular,19,Delete,Deployment,false
5.029305899,Regular,38,Create,Deployment,false
5.06795532,Regular,39,Create,ConfigMap,false
5.107513488,Regular,61,Update,Deployment,false
5.169503359,Regular,19,Delete,ConfigMap,false
5.188815175,Regular,20,Delete,Deployment,false
5.209003959,Regular,38,Create,Deployment,false
5.247761925,Regular,39,Create,ConfigMap,false
5.287634568,Regular,61,Update,Deployment,false
5.349139311,Regular,20,Delete,ConfigMap,false
5.369459123,Regular,19,Delete,Deployment,false
5.388732396,Regular,39,Create,Deployment,false
5.427834312,Regular,39,Create,ConfigMap,false
5.467644116,Regular,62,Update,Deployment,false
5.530518989,Regular,18,Delete,ConfigMap,false
5.549136744,Regular,21,Delete,Deployment,false
5.570585438,Regular,38,Create,Deployment,false
5.608744222,Regular,40,Create,ConfigMap,false
5.64899537,Regular,60,Update,Deployment,false
5.709607868,Regular,19,Delete,ConfigMap,false
5.729477027,Regular,20,Delete,Deployment,false
5.749683213,Regular,38,Create,Deployment,false
5.788055871,Regular,40,Create,ConfigMap,false
5.8283049049999995,Regular,60,Update,Deployment,false
5.888845217,Regular,30,Delete,ConfigMap,false
5.919742487,Regular,11,Delete,Deployment,false
5.931521097,Regular,37,Create,Deployment,false
5.969204212,Regular,39,Create,ConfigMap,false
5.010420709,Regular,19,Delete,Deployment,false
5.030323893,Regular,38,Create,Deployment,false
5.068740694,Regular,40,Create,ConfigMap,false
5.108750586,Regular,61,Update,Deployment,false
5.17009131,Regular,19,Delete,ConfigMap,false
5.189771222,Regular,20,Delete,Deployment,false
5.210029928,Regular,39,Create,Deployment,false
5.249095886,Regular,39,Create,ConfigMap,false
5.28878393,Regular,61,Update,Deployment,false
5.349900219,Regular,20,Delete,ConfigMap,false
5.370351078,Regular,19,Delete,Deployment,false
5.390023746,Regular,39,Create,Deployment,false
5.429210653,Regular,39,Create,ConfigMap,false
5.468798317,Regular,62,Update,Deployment,false
5.531165291,Regular,18,Delete,ConfigMap,false
5.5500712100000005,Regular,19,Delete,Deployment,false
5.569979764,Regular,38,Create,Deployment,false
5.60806032,Regular,39,Create,ConfigMap,false
5.647807164,Regular,62,Update,Deployment,false
5.710559516,Regular,19,Delete,ConfigMap,false
5.73039395,Regular,20,Delete,Deployment,false
5.75061279,Regular,38,Create,Deployment,false
5.788797453,Regular,40,Create,ConfigMap,false
5.828939595,Regular,60,Update,Deployment,false
5.889902164,Regular,29,Delete,ConfigMap,false
5.919816687,Regular,11,Delete,Deployment,false
5.931728569,Regular,38,Create,Deployment,false
5.969826849,Regular,40,Create,ConfigMap,false
5.03585213,Regular,37,Create,Deployment,false
5.073836525,Regular,39,Create,ConfigMap,false
5.113802323,Regular,61,Update,Deployment,false
5.17487484,Regular,20,Delete,ConfigMap,false
5.195100183,Regular,19,Delete,Deployment,false
5.214924978,Regular,39,Create,Deployment,false
5.253991277,Regular,39,Create,ConfigMap,false
5.293979208,Regular,61,Update,Deployment,false
5.355484863,Regular,20,Delete,ConfigMap,false
5.375745673,Regular,19,Delete,Deployment,false
5.395203836,Regular,38,Create,Deployment,false
5.433782463,Regular,39,Create,ConfigMap,false
5.473685924,Regular,61,Update,Deployment,false
5.534761186,Regular,20,Delete,ConfigMap,false
5.5548905170000005,Regular,20,Delete,Deployment,false
5.575389928,Regular,38,Create,Deployment,false
5.614307125,Regular,39,Create,ConfigMap,false
5.653912733,Regular,60,Update,Deployment,false
5.714816952,Regular,20,Delete,ConfigMap,false
5.735407064,Regular,20,Delete,Deployment,false
5.755579617,Regular,39,Create,Deployment,false
5.794668157,Regular,38,Create,ConfigMap,false
5.833574374,Regular,64,Update,Deployment,false
5.89759387,Regular,23,Delete,ConfigMap,false
5.921364994,Regular,13,Delete,Deployment,false
5.934410958,Regular,38,Create,Deployment,false
5.973321793,Regular,39,Create,ConfigMap,false
5.021100612,Regular,38,Create,Deployment,false
5.059889968,Regular,39,Create,ConfigMap,false
5.099637885,Regular,61,Update,Deployment,false
5.161453005,Regular,19,Delete,ConfigMap,false
5.18120345,Regular,20,Delete,Deployment,false
5.20127351,Regular,38,Create,Deployment,false
5.23970569,Regular,40,Create,ConfigMap,false
5.279786336,Regular,61,Update,Deployment,false
5.34136028,Regular,19,Delete,ConfigMap,false
5.361319871,Regular,19,Delete,Deployment,false
5.381269663,Regular,38,Create,Deployment,false
5.420124872,Regular,39,Create,ConfigMap,false
5.459771808,Regular,61,Update,Deployment,false
5.521395367,Regular,19,Delete,ConfigMap,false
5.541156662,Regular,20,Delete,Deployment,false
5.561544863,Regular,38,Create,Deployment,false
5.60004413,Regular,39,Create,ConfigMap,false
5.639538137,Regular,61,Update,Deployment,false
5.701081224,Regular,20,Delete,ConfigMap,false
5.721789809,Regular,19,Delete,Deployment,false
5.741406742,Regular,37,Create,Deployment,false
5.778788397,Regular,39,Create,ConfigMap,false
5.818636504,Regular,61,Update,Deployment,false
5.880405056,Regular,27,Delete,ConfigMap,false
5.90827727,Regular,13,Delete,Deployment,false
5.921962062,Regular,37,Create,Deployment,false
5.959392119,Regular,39,Create,ConfigMap,false
5.998799282,Regular,61,Update,Deployment,false
5.004386495,Regular,19,Delete,Deployment,false
5.024040809,Regular,38,Create,Deployment,false
5.062792944,Regular,40,Create,ConfigMap,false
5.102835147,Regular,61,Update,Deployment,false
5.164141827,Regular,19,Delete,ConfigMap,false
5.184055811,Regular,20,Delete,Deployment,false
5.204354893,Regular,38,Create,Deployment,false
5.242773998,Regular,40,Create,ConfigMap,false
5.282983658,Regular,61,Update,Deployment,false
5.34414363,Regular,20,Delete,ConfigMap,false
5.364729434,Regular,18,Delete,Deployment,false
5.383057521,Regular,39,Create,Deployment,false
5.422095396,Regular,39,Create,ConfigMap,false
5.46156086,Regular,61,Update,Deployment,false
5.523519822,Regular,19,Delete,ConfigMap,false
5.543428336,Regular,20,Delete,Deployment,false
5.563470081,Regular,38,Create,Deployment,false
5.60203356,Regular,39,Create,ConfigMap,false
5.6418385650000005,Regular,61,Update,Deployment,false
5.702959663,Regular,20,Delete,ConfigMap,false
5.723445578,Regular,19,Delete,Deployment,false
5.743166919,Regular,37,Create,Deployment,false
5.780936317,Regular,39,Create,ConfigMap,false
5.820545301,Regular,61,Update,Deployment,false
5.882276152,Regular,25,Delete,ConfigMap,false
5.90797052,Regular,14,Delete,Deployment,false
5.922641897,Regular,37,Create,Deployment,false
5.960053248,Regular,39,Create,ConfigMap,false
5.999747574,Regular,61,Update,Deployment,false
5.018266807,Regular,40,Create,Deployment,false
5.058349316,Regular,39,Create,ConfigMap,false
5.097703058,Regular,63,Update,Deployment,false
5.16082071,Regular,18,Delete,ConfigMap,false
5.178863939,Regular,20,Delete,Deployment,false
5.199177799,Regular,38,Create,Deployment,false
5.238111327,Regular,40,Create,ConfigMap,false
5.278535682,Regular,60,Update,Deployment,false
5.339455911,Regular,19,Delete,ConfigMap,false
5.35930889,Regular,20,Delete,Deployment,false
5.379599486,Regular,38,Create,Deployment,false
5.417818143,Regular,40,Create,ConfigMap,false
5.458053581,Regular,60,Update,Deployment,false
5.518981415,Regular,20,Delete,ConfigMap,false
5.539245952,Regular,19,Delete,Deployment,false
5.559149807,Regular,38,Create,Deployment,false
5.59782145,Regular,39,Create,ConfigMap,false
5.637662843,Regular,61,Update,Deployment,false
5.699404335,Regular,22,Delete,ConfigMap,false
5.721999987,Regular,20,Delete,Deployment,false
5.742195854,Regular,37,Create,Deployment,false
5.779664453,Regular,40,Create,ConfigMap,false
5.819974051,Regular,61,Update,Deployment,false
5.881128633,Regular,30,Delete,ConfigMap,false
5.911359024,Regular,11,Delete,Deployment,false
5.923362899,Regular,37,Create,Deployment,false
5.960680684,Regular,40,Create,ConfigMap,false
6.001170553,Regular,61,Update,Deployment,false
5.060776343,Regular,40,Create,ConfigMap,false
5.10093154,Regular,61,Update,Deployment,false
5.162762931,Regular,19,Delete,ConfigMap,false
5.182120854,Regular,20,Delete,Deployment,false
5.202325928,Regular,38,Create,Deployment,false
5.241070479,Regular,39,Create,ConfigMap,false
5.280669775,Regular,61,Update,Deployment,false
5.342177665,Regular,21,Delete,ConfigMap,false
5.363673459,Regular,18,Delete,Deployment,false
5.382143213,Regular,38,Create,Deployment,false
5.420732811,Regular,40,Create,ConfigMap,false
5.461064061,Regular,61,Update,Deployment,false
5.522760888,Regular,19,Delete,ConfigMap,false
5.542440178,Regular,20,Delete,Deployment,false
5.562557787,Regular,38,Create,Deployment,false
5.600631671,Regular,40,Create,ConfigMap,false
5.6406381660000005,Regular,61,Update,Deployment,false
5.702127351,Regular,20,Delete,ConfigMap,false
5.722710209,Regular,21,Delete,Deployment,false
5.743906346,Regular,37,Create,Deployment,false
5.781630278,Regular,40,Create,ConfigMap,false
5.821669265,Regular,61,Update,Deployment,false
5.883061196,Regular,31,Delete,ConfigMap,false
5.914379081,Regular,10,Delete,Deployment,false
5.924772874,Regular,37,Create,Deployment,false
5.962653512,Regular,40,Create,ConfigMap,false
6.002998127,Regular,61,Update,Deployment,false
5.011589178,Regular,19,Delete,Deployment,false
5.031257908,Regular,38,Create,Deployment,false
5.070252531,Regular,39,Create,ConfigMap,false
5.109923162,Regular,61,Update,Deployment,false
5.171364426,Regular,19,Delete,ConfigMap,false
5.191215942,Regular,19,Delete,Deployment,false
5.210952832,Regular,38,Create,Deployment,false
5.249836265,Regular,40,Create,ConfigMap,false
5.289930426,Regular,60,Update,Deployment,false
5.350818384,Regular,20,Delete,ConfigMap,false
5.37132042,Regular,19,Delete,Deployment,false
5.391109148,Regular,38,Create,Deployment,false
5.429931285,Regular,40,Create,ConfigMap,false
5.469975973,Regular,61,Update,Deployment,false
5.531833554,Regular,19,Delete,ConfigMap,false
5.5510252829999995,Regular,20,Delete,Deployment,false
5.571646072,Regular,38,Create,Deployment,false
5.609725667,Regular,40,Create,ConfigMap,false
5.649732413,Regular,61,Update,Deployment,false
5.711520442,Regular,19,Delete,ConfigMap,false
5.731409639,Regular,20,Delete,Deployment,false
5.751662283,Regular,38,Create,Deployment,false
5.790169255,Regular,39,Create,ConfigMap,false
5.829634829,Regular,61,Update,Deployment,false
5.891538296,Regular,28,Delete,ConfigMap,false
5.920023097,Regular,12,Delete,Deployment,false
5.932528521,Regular,38,Create,Deployment,false
5.970734113,Regular,39,Create,ConfigMap,false
6.010690254,Regular,61,Update,Deployment,false
5.025090603,Regular,39,Create,Deployment,false
5.064188942,Regular,40,Create,ConfigMap,false
5.104202041,Regular,60,Update,Deployment,false
5.165206188,Regular,19,Delete,ConfigMap,false
5.185031515,Regular,20,Delete,Deployment,false
5.205340475,Regular,38,Create,Deployment,false
5.244185747,Regular,39,Create,ConfigMap,false
5.283620191,Regular,61,Update,Deployment,false
5.34499562,Regular,20,Delete,ConfigMap,false
5.365513225,Regular,18,Delete,Deployment,false
5.383928427,Regular,38,Create,Deployment,false
5.422725978,Regular,40,Create,ConfigMap,false
5.4627621699999995,Regular,61,Update,Deployment,false
5.524251344,Regular,19,Delete,ConfigMap,false
5.544189023,Regular,20,Delete,Deployment,false
5.564584497,Regular,38,Create,Deployment,false
5.602854391,Regular,39,Create,ConfigMap,false
5.642473354,Regular,61,Update,Deployment,false
5.704015569,Regular,20,Delete,ConfigMap,false
5.724387679,Regular,21,Delete,Deployment,false
5.7455302150000005,Regular,38,Create,Deployment,false
5.783741307,Regular,39,Create,ConfigMap,false
5.8234637970000005,Regular,61,Update,Deployment,false
5.88508488,Regular,29,Delete,ConfigMap,false
5.914176338,Regular,12,Delete,Deployment,false
5.926895325,Regular,37,Create,Deployment,false
5.964770533,Regular,40,Create,ConfigMap,false
6.004956347,Regular,61,Update,Deployment,false
6.066088537,Regular,19,Delete,ConfigMap,false
6.064087826,Regular,20,Delete,ConfigMap,false
6.084152956,Regular,19,Delete,Deployment,false
6.104013018,Regular,39,Create,Deployment,false
6.143233208,Regular,39,Create,ConfigMap,false
6.18306861,Regular,60,Update,Deployment,false
6.24394705,Regular,19,Delete,ConfigMap,false
6.263878538,Regular,20,Delete,Deployment,false
6.2848267159999995,Regular,37,Create,Deployment,false
6.322796653,Regular,39,Create,ConfigMap,false
6.362640421,Regular,60,Update,Deployment,false
6.423265162,Regular,19,Delete,ConfigMap,false
6.443051595,Regular,20,Delete,Deployment,false
6.46315611,Regular,39,Create,Deployment,false
6.502221577,Regular,39,Create,ConfigMap,false
6.541609493,Regular,61,Update,Deployment,false
6.60313676,Regular,19,Delete,ConfigMap,false
6.623103293,Regular,20,Delete,Deployment,false
6.643874036,Regular,38,Create,Deployment,false
6.682082364,Regular,39,Create,ConfigMap,false
6.721778313,Regular,61,Update,Deployment,false
6.782985655,Regular,20,Delete,ConfigMap,false
6.803335392,Regular,20,Delete,Deployment,false
6.823519537,Regular,38,Create,Deployment,false
6.862156164,Regular,39,Create,ConfigMap,false
6.90167632,Regular,61,Update,Deployment,false
6.963291112,Regular,20,Delete,ConfigMap,false
6.98346095,Regular,20,Delete,Deployment,false
6.007587029,Regular,61,Update,Deployment,false
6.068870034,Regular,20,Delete,ConfigMap,false
6.089067584,Regular,20,Delete,Deployment,false
6.109148694,Regular,39,Create,Deployment,false
6.14821873,Regular,39,Create,ConfigMap,false
6.187922193,Regular,61,Update,Deployment,false
6.249399094,Regular,19,Delete,ConfigMap,false
6.269066733,Regular,20,Delete,Deployment,false
6.289492544,Regular,38,Create,Deployment,false
6.32782703,Regular,39,Create,ConfigMap,false
6.367509503,Regular,61,Update,Deployment,false
6.429081233,Regular,20,Delete,ConfigMap,false
6.449514749,Regular,19,Delete,Deployment,false
6.469150488,Regular,38,Create,Deployment,false
6.50785345,Regular,40,Create,ConfigMap,false
6.547966988,Regular,61,Update,Deployment,false
6.609172647,Regular,20,Delete,ConfigMap,false
6.630044742,Regular,20,Delete,Deployment,false
6.650287427,Regular,38,Create,Deployment,false
6.688654985,Regular,38,Create,ConfigMap,false
6.727033755,Regular,61,Update,Deployment,false
6.788643948,Regular,19,Delete,ConfigMap,false
6.808425211,Regular,19,Delete,Deployment,false
6.828398928,Regular,38,Create,Deployment,false
6.866710801,Regular,40,Create,ConfigMap,false
6.907054073,Regular,60,Update,Deployment,false
6.96798338,Regular,20,Delete,ConfigMap,false
6.988198433,Regular,20,Delete,Deployment,false
6.008800773,Regular,61,Update,Deployment,false
6.070056666,Regular,19,Delete,ConfigMap,false
6.090005977,Regular,20,Delete,Deployment,false
6.110086316,Regular,38,Create,Deployment,false
6.148934983,Regular,39,Create,ConfigMap,false
6.188477051,Regular,61,Update,Deployment,false
6.250299275,Regular,19,Delete,ConfigMap,false
6.270037437,Regular,20,Delete,Deployment,false
6.290465813,Regular,38,Create,Deployment,false
6.329274024,Regular,39,Create,ConfigMap,false
6.36866121,Regular,61,Update,Deployment,false
6.430668794,Regular,19,Delete,ConfigMap,false
6.45046203,Regular,19,Delete,Deployment,false
6.470187257,Regular,39,Create,Deployment,false
6.509264847,Regular,39,Create,ConfigMap,false
6.548534761,Regular,61,Update,Deployment,false
6.610061246,Regular,21,Delete,ConfigMap,false
6.631778939,Regular,20,Delete,Deployment,false
6.6521078970000005,Regular,37,Create,Deployment,false
6.68993258,Regular,39,Create,ConfigMap,false
6.729537576,Regular,62,Update,Deployment,false
6.791962279,Regular,19,Delete,ConfigMap,false
6.811476127,Regular,19,Delete,Deployment,false
6.831033487,Regular,38,Create,Deployment,false
6.869653432,Regular,39,Create,ConfigMap,false
6.90958149,Regular,61,Update,Deployment,false
6.971542596,Regular,19,Delete,ConfigMap,false
6.991155581,Regular,20,Delete,Deployment,false
6.0127098,Regular,60,Update,Deployment,false
6.073643715,Regular,19,Delete,ConfigMap,false
6.093040502,Regular,20,Delete,Deployment,false
6.113056579,Regular,38,Create,Deployment,false
6.151922489,Regular,39,Create,ConfigMap,false
6.191506887,Regular,61,Update,Deployment,false
6.25278348,Regular,20,Delete,ConfigMap,false
6.272918903,Regular,20,Delete,Deployment,false
6.293265634,Regular,38,Create,Deployment,false
6.332258154,Regular,40,Create,ConfigMap,false
6.372871627,Regular,60,Update,Deployment,false
6.4332382599999995,Regular,19,Delete,ConfigMap,false
6.453030333,Regular,20,Delete,Deployment,false
6.47322078,Regular,38,Create,Deployment,false
6.512190587,Regular,39,Create,ConfigMap,false
6.551612668,Regular,61,Update,Deployment,false
6.613512508,Regular,20,Delete,ConfigMap,false
6.633588228,Regular,20,Delete,Deployment,false
6.654531487,Regular,38,Create,Deployment,false
6.692748581,Regular,40,Create,ConfigMap,false
6.73287829,Regular,61,Update,Deployment,false
6.794230536,Regular,21,Delete,ConfigMap,false
6.815712763,Regular,18,Delete,Deployment,false
6.834050669,Regular,38,Create,Deployment,false
6.872610881,Regular,39,Create,ConfigMap,false
6.912551974,Regular,61,Update,Deployment,false
6.974170352,Regular,21,Delete,ConfigMap,false
6.99558392,Regular,18,Delete,Deployment,false
6.060648587,Regular,19,Delete,ConfigMap,false
6.080351101,Regular,19,Delete,Deployment,false
6.100073784,Regular,38,Create,Deployment,false
6.138876785,Regular,40,Create,ConfigMap,false
6.17949694,Regular,60,Update,Deployment,false
6.240224957,Regular,18,Delete,ConfigMap,false
6.258951637,Regular,20,Delete,Deployment,false
6.279014112,Regular,39,Create,Deployment,false
6.318213562,Regular,39,Create,ConfigMap,false
6.358150476,Regular,60,Update,Deployment,false
6.419054535,Regular,20,Delete,ConfigMap,false
6.43934462,Regular,19,Delete,Deployment,false
6.458891089,Regular,39,Create,Deployment,false
6.498485716,Regular,39,Create,ConfigMap,false
6.53808884,Regular,60,Update,Deployment,false
6.599084562,Regular,19,Delete,ConfigMap,false
6.618867478,Regular,20,Delete,Deployment,false
6.639835514,Regular,37,Create,Deployment,false
6.677747441,Regular,40,Create,ConfigMap,false
6.718101925,Regular,61,Update,Deployment,false
6.779329856,Regular,19,Delete,ConfigMap,false
6.798851849,Regular,20,Delete,Deployment,false
6.8197947580000005,Regular,37,Create,Deployment,false
6.857738856,Regular,40,Create,ConfigMap,false
6.8978787839999995,Regular,61,Update,Deployment,false
6.959838718,Regular,19,Delete,ConfigMap,false
6.979539519,Regular,21,Delete,Deployment,false
7.00097035,Regular,37,Create,Deployment,false
6.0624813,Regular,19,Delete,ConfigMap,false
6.082233889,Regular,19,Delete,Deployment,false
6.102065969,Regular,38,Create,Deployment,false
6.140738042,Regular,39,Create,ConfigMap,false
6.180536886,Regular,61,Update,Deployment,false
6.242235867,Regular,19,Delete,ConfigMap,false
6.261934083,Regular,20,Delete,Deployment,false
6.282287668,Regular,37,Create,Deployment,false
6.319663702,Regular,40,Create,ConfigMap,false
6.360055496,Regular,61,Update,Deployment,false
6.421310478,Regular,19,Delete,ConfigMap,false
6.441229722,Regular,19,Delete,Deployment,false
6.460896579,Regular,38,Create,Deployment,false
6.499792085,Regular,40,Create,ConfigMap,false
6.540149284,Regular,60,Update,Deployment,false
6.600992888,Regular,19,Delete,ConfigMap,false
6.620711734,Regular,21,Delete,Deployment,false
6.642700348,Regular,38,Create,Deployment,false
6.680721462,Regular,39,Create,ConfigMap,false
6.7205214269999995,Regular,61,Update,Deployment,false
6.782080344,Regular,20,Delete,ConfigMap,false
6.802285007,Regular,20,Delete,Deployment,false
6.82260589,Regular,38,Create,Deployment,false
6.86072577,Regular,39,Create,ConfigMap,false
6.900478006,Regular,62,Update,Deployment,false
6.962632357,Regular,19,Delete,ConfigMap,false
6.982552263,Regular,20,Delete,Deployment,false
7.002712011,Regular,38,Create,Deployment,false
6.086081781,Regular,20,Delete,Deployment,false
6.106169283,Regular,38,Create,Deployment,false
6.1448642,Regular,40,Create,ConfigMap,false
6.18493137,Regular,60,Update,Deployment,false
6.245867781,Regular,20,Delete,ConfigMap,false
6.265965011,Regular,19,Delete,Deployment,false
6.285869938,Regular,38,Create,Deployment,false
6.324295175,Regular,39,Create,ConfigMap,false
6.363893569,Regular,61,Update,Deployment,false
6.425674816,Regular,19,Delete,ConfigMap,false
6.44498582,Regular,20,Delete,Deployment,false
6.465147292,Regular,37,Create,Deployment,false
6.503029033,Regular,39,Create,ConfigMap,false
6.542819971,Regular,61,Update,Deployment,false
6.604238462,Regular,19,Delete,ConfigMap,false
6.62406967,Regular,21,Delete,Deployment,false
6.645646376,Regular,37,Create,Deployment,false
6.68362515,Regular,40,Create,ConfigMap,false
6.723699133,Regular,61,Update,Deployment,false
6.785019137,Regular,20,Delete,ConfigMap,false
6.805407839,Regular,20,Delete,Deployment,false
6.82555813,Regular,39,Create,Deployment,false
6.86530808,Regular,39,Create,ConfigMap,false
6.904942593,Regular,61,Update,Deployment,false
6.966096664,Regular,20,Delete,ConfigMap,false
6.986217529,Regular,20,Delete,Deployment,false
7.006361548,Regular,38,Create,Deployment,false
6.010110117,Regular,61,Update,Deployment,false
6.071661088,Regular,19,Delete,ConfigMap,false
6.090979437,Regular,20,Delete,Deployment,false
6.111065847,Regular,38,Create,Deployment,false
6.149767577,Regular,39,Create,ConfigMap,false
6.189711674,Regular,61,Update,Deployment,false
6.251158699,Regular,19,Delete,ConfigMap,false
6.270960882,Regular,20,Delete,Deployment,false
6.291298828,Regular,38,Create,Deployment,false
6.329852107,Regular,39,Create,ConfigMap,false
6.369790153,Regular,61,Update,Deployment,false
6.43143913,Regular,19,Delete,ConfigMap,false
6.451219111,Regular,19,Delete,Deployment,false
6.471146209,Regular,38,Create,Deployment,false
6.5098597510000005,Regular,39,Create,ConfigMap,false
6.549753094,Regular,61,Update,Deployment,false
6.610762,Regular,20,Delete,ConfigMap,false
6.631082954,Regular,20,Delete,Deployment,false
6.651158213,Regular,38,Create,Deployment,false
6.6891847460000005,Regular,39,Create,ConfigMap,false
6.728961428,Regular,62,Update,Deployment,false
6.791321267,Regular,18,Delete,ConfigMap,false
6.809459897,Regular,19,Delete,Deployment,false
6.829430878,Regular,38,Create,Deployment,false
6.868130615,Regular,39,Create,ConfigMap,false
6.907608311,Regular,61,Update,Deployment,false
6.968886697,Regular,20,Delete,ConfigMap,false
6.989206959,Regular,20,Delete,Deployment,false
7.009534214,Regular,38,Create,Deployment,false
6.072443858,Regular,19,Delete,ConfigMap,false
6.091979888,Regular,20,Delete,Deployment,false
6.112017936,Regular,39,Create,Deployment,false
6.151302898,Regular,39,Create,ConfigMap,false
6.190918546,Regular,61,Update,Deployment,false
6.252052749,Regular,19,Delete,ConfigMap,false
6.271912931,Regular,20,Delete,Deployment,false
6.292235818,Regular,38,Create,Deployment,false
6.330809456,Regular,40,Create,ConfigMap,false
6.3709887179999996,Regular,61,Update,Deployment,false
6.432573042,Regular,19,Delete,ConfigMap,false
6.452100396,Regular,20,Delete,Deployment,false
6.472186435,Regular,38,Create,Deployment,false
6.5107029050000005,Regular,40,Create,ConfigMap,false
6.550996854,Regular,60,Update,Deployment,false
6.611789402,Regular,20,Delete,ConfigMap,false
6.632789118,Regular,20,Delete,Deployment,false
6.652840913,Regular,37,Create,Deployment,false
6.690717433,Regular,39,Create,ConfigMap,false
6.730657803,Regular,62,Update,Deployment,false
6.792932883,Regular,19,Delete,ConfigMap,false
6.812510151,Regular,19,Delete,Deployment,false
6.832077029,Regular,39,Create,Deployment,false
6.871111448,Regular,39,Create,ConfigMap,false
6.910696016,Regular,61,Update,Deployment,false
6.972178197,Regular,19,Delete,ConfigMap,false
6.992136485,Regular,20,Delete,Deployment,false
7.01255371,Regular,38,Create,Deployment,false
6.061373938,Regular,19,Delete,ConfigMap,false
6.081336002,Regular,19,Delete,Deployment,false
6.101080216,Regular,38,Create,Deployment,false
6.139995068,Regular,39,Create,ConfigMap,false
6.179675688,Regular,61,Update,Deployment,false
6.241579977,Regular,19,Delete,ConfigMap,false
6.2609513660000005,Regular,22,Delete,Deployment,false
6.283043006,Regular,38,Create,Deployment,false
6.321076593,Regular,39,Create,ConfigMap,false
6.360759176,Regular,61,Update,Deployment,false
6.422543117,Regular,19,Delete,ConfigMap,false
6.442195888,Regular,19,Delete,Deployment,false
6.462074455,Regular,38,Create,Deployment,false
6.500727603,Regular,40,Create,ConfigMap,false
6.540788672,Regular,61,Update,Deployment,false
6.602368618,Regular,19,Delete,ConfigMap,false
6.622118893,Regular,19,Delete,Deployment,false
6.641878175,Regular,38,Create,Deployment,false
6.680024154,Regular,39,Create,ConfigMap,false
6.719870237,Regular,61,Update,Deployment,false
6.781337189,Regular,19,Delete,ConfigMap,false
6.800734026,Regular,20,Delete,Deployment,false
6.82147349,Regular,38,Create,Deployment,false
6.860044483,Regular,39,Create,ConfigMap,false
6.899939468,Regular,61,Update,Deployment,false
6.96118897,Regular,20,Delete,ConfigMap,false
6.981588912,Regular,20,Delete,Deployment,false
7.001935363,Regular,38,Create,Deployment,false
7.040151515,Regular,39,Create,ConfigMap,false
7.079800416,Regular,61,Update,Deployment,false
7.141344444,Regular,20,Delete,ConfigMap,false
7.162161575,Regular,19,Delete,Deployment,false
7.181292649,Regular,37,Create,Deployment,false
7.218827173,Regular,39,Create,ConfigMap,false
7.258610457,Regular,61,Update,Deployment,false
7.320414416,Regular,19,Delete,ConfigMap,false
7.340100229,Regular,20,Delete,Deployment,false
7.360327966,Regular,38,Create,Deployment,false
7.398790514,Regular,40,Create,ConfigMap,false
7.438933147,Regular,63,Update,Deployment,false
7.502304018,Regular,15,Delete,ConfigMap,false
7.517840509,Regular,20,Delete,Deployment,false
7.538381939,Regular,38,Create,Deployment,false
7.577158991,Regular,38,Create,ConfigMap,false
7.6160399,Regular,61,Update,Deployment,false
7.677519245,Regular,20,Delete,ConfigMap,false
7.69819559,Regular,20,Delete,Deployment,false
7.718436302,Regular,38,Create,Deployment,false
7.757272426,Regular,39,Create,ConfigMap,false
7.79685996,Regular,61,Update,Deployment,false
7.857962443,Regular,20,Delete,ConfigMap,false
7.87810027,Regular,20,Delete,Deployment,false
7.898167785,Regular,39,Create,Deployment,false
7.937195651,Regular,39,Create,ConfigMap,false
7.977183902,Regular,61,Update,Deployment,false
7.003641117,Regular,38,Create,Deployment,false
7.0417254400000004,Regular,39,Create,ConfigMap,false
7.08152229,Regular,61,Update,Deployment,false
7.143156608,Regular,19,Delete,ConfigMap,false
7.16314897,Regular,19,Delete,Deployment,false
7.183025033,Regular,37,Create,Deployment,false
7.220996914,Regular,39,Create,ConfigMap,false
7.260933307,Regular,61,Update,Deployment,false
7.322282577,Regular,19,Delete,ConfigMap,false
7.342110548,Regular,20,Delete,Deployment,false
7.362427374,Regular,38,Create,Deployment,false
7.400731713,Regular,40,Create,ConfigMap,false
7.440957603,Regular,62,Update,Deployment,false
7.503401001,Regular,16,Delete,ConfigMap,false
7.519806795,Regular,20,Delete,Deployment,false
7.540054941,Regular,38,Create,Deployment,false
7.5787418330000005,Regular,40,Create,ConfigMap,false
7.618935331,Regular,61,Update,Deployment,false
7.680497444,Regular,19,Delete,ConfigMap,false
7.700082917,Regular,20,Delete,Deployment,false
7.720136946,Regular,38,Create,Deployment,false
7.758683903,Regular,40,Create,ConfigMap,false
7.798945471,Regular,61,Update,Deployment,false
7.860417363,Regular,19,Delete,ConfigMap,false
7.879999871,Regular,20,Delete,Deployment,false
7.900288753,Regular,38,Create,Deployment,false
7.93868186,Regular,39,Create,ConfigMap,false
7.978618754,Regular,61,Update,Deployment,false
7.040848954,Regular,40,Create,ConfigMap,false
7.0809402,Regular,61,Update,Deployment,false
7.142355013,Regular,20,Delete,ConfigMap,false
7.163351483,Regular,20,Delete,Deployment,false
7.183682956,Regular,38,Create,Deployment,false
7.221825169,Regular,39,Create,ConfigMap,false
7.261553799,Regular,61,Update,Deployment,false
7.323334104,Regular,19,Delete,ConfigMap,false
7.343229613,Regular,20,Delete,Deployment,false
7.363560335,Regular,40,Create,Deployment,false
7.403668413,Regular,39,Create,ConfigMap,false
7.442692321,Regular,63,Update,Deployment,false
7.505947323,Regular,18,Delete,ConfigMap,false
7.524202111,Regular,19,Delete,Deployment,false
7.543942127,Regular,38,Create,Deployment,false
7.582826021,Regular,40,Create,ConfigMap,false
7.622944628,Regular,60,Update,Deployment,false
7.683938577,Regular,20,Delete,ConfigMap,false
7.704458206,Regular,26,Delete,Deployment,false
7.7311807869999996,Regular,31,Create,Deployment,false
7.762648957,Regular,40,Create,ConfigMap,false
7.802861792,Regular,61,Update,Deployment,false
7.864285393,Regular,19,Delete,ConfigMap,false
7.883762321,Regular,20,Delete,Deployment,false
7.904177552,Regular,38,Create,Deployment,false
7.942895603,Regular,40,Create,ConfigMap,false
7.983086367,Regular,60,Update,Deployment,false
7.008393418,Regular,38,Create,Deployment,false
7.046735929,Regular,39,Create,ConfigMap,false
7.08670267,Regular,61,Update,Deployment,false
7.147929127,Regular,19,Delete,ConfigMap,false
7.167923664,Regular,20,Delete,Deployment,false
7.188482637,Regular,38,Create,Deployment,false
7.226968789,Regular,39,Create,ConfigMap,false
7.266906625,Regular,61,Update,Deployment,false
7.328634852,Regular,19,Delete,ConfigMap,false
7.348280048,Regular,20,Delete,Deployment,false
7.368614667,Regular,38,Create,Deployment,false
7.407257105,Regular,39,Create,ConfigMap,false
7.446776019,Regular,61,Update,Deployment,false
7.508243242,Regular,20,Delete,ConfigMap,false
7.528322018,Regular,19,Delete,Deployment,false
7.547995176,Regular,39,Create,Deployment,false
7.587200448,Regular,39,Create,ConfigMap,false
7.626869215,Regular,61,Update,Deployment,false
7.688413554,Regular,22,Delete,ConfigMap,false
7.710752962,Regular,22,Delete,Deployment,false
7.733596382,Regular,33,Create,Deployment,false
7.766815811,Regular,39,Create,ConfigMap,false
7.806536567,Regular,61,Update,Deployment,false
7.868416961,Regular,20,Delete,ConfigMap,false
7.889054101,Regular,19,Delete,Deployment,false
7.908220804,Regular,38,Create,Deployment,false
7.946739037,Regular,39,Create,ConfigMap,false
7.986718952,Regular,61,Update,Deployment,false
7.050668821,Regular,39,Create,ConfigMap,false
7.090629661,Regular,61,Update,Deployment,false
7.151937964,Regular,19,Delete,ConfigMap,false
7.171722844,Regular,20,Delete,Deployment,false
7.19231008,Regular,38,Create,Deployment,false
7.230670094,Regular,39,Create,ConfigMap,false
7.270637777,Regular,61,Update,Deployment,false
7.332300789,Regular,20,Delete,ConfigMap,false
7.352617745,Regular,20,Delete,Deployment,false
7.372952966,Regular,37,Create,Deployment,false
7.410812293,Regular,39,Create,ConfigMap,false
7.450725342,Regular,61,Update,Deployment,false
7.511862662,Regular,20,Delete,ConfigMap,false
7.532301628,Regular,19,Delete,Deployment,false
7.552141292,Regular,38,Create,Deployment,false
7.590741189,Regular,39,Create,ConfigMap,false
7.630653988,Regular,61,Update,Deployment,false
7.691987628,Regular,20,Delete,ConfigMap,false
7.712620151,Regular,20,Delete,Deployment,false
7.733528995,Regular,34,Create,Deployment,false
7.767712185,Regular,40,Create,ConfigMap,false
7.807827196,Regular,61,Update,Deployment,false
7.869628971,Regular,20,Delete,ConfigMap,false
7.890178867,Regular,19,Delete,Deployment,false
7.909284303,Regular,38,Create,Deployment,false
7.948182945,Regular,39,Create,ConfigMap,false
7.987907669,Regular,61,Update,Deployment,false
7.044705702,Regular,40,Create,ConfigMap,false
7.084828357,Regular,61,Update,Deployment,false
7.14602012,Regular,19,Delete,ConfigMap,false
7.165943341,Regular,20,Delete,Deployment,false
7.186371106,Regular,38,Create,Deployment,false
7.224715451,Regular,39,Create,ConfigMap,false
7.264616117,Regular,61,Update,Deployment,false
7.325822597,Regular,20,Delete,ConfigMap,false
7.346300086,Regular,20,Delete,Deployment,false
7.366403689,Regular,38,Create,Deployment,false
7.404937641,Regular,39,Create,ConfigMap,false
7.44442175,Regular,62,Update,Deployment,false
7.506867432,Regular,19,Delete,ConfigMap,false
7.526613859,Regular,19,Delete,Deployment,false
7.545800659,Regular,38,Create,Deployment,false
7.584776226,Regular,41,Create,ConfigMap,false
7.626190042,Regular,60,Update,Deployment,false
7.686944057,Regular,21,Delete,ConfigMap,false
7.708946147,Regular,25,Delete,Deployment,false
7.734544093,Regular,36,Create,Deployment,false
7.77064083,Regular,40,Create,ConfigMap,false
7.811046971,Regular,60,Update,Deployment,false
7.871149445,Regular,20,Delete,ConfigMap,false
7.89185231,Regular,21,Delete,Deployment,false
7.913323246,Regular,36,Create,Deployment,false
7.94967791,Regular,39,Create,ConfigMap,false
7.98968097,Regular,61,Update,Deployment,false
7.048044081,Regular,39,Create,ConfigMap,false
7.08797795,Regular,61,Update,Deployment,false
7.149343821,Regular,19,Delete,ConfigMap,false
7.168860254,Regular,20,Delete,Deployment,false
7.189318968,Regular,38,Create,Deployment,false
7.227754835,Regular,39,Create,ConfigMap,false
7.267561433,Regular,62,Update,Deployment,false
7.329646283,Regular,19,Delete,ConfigMap,false
7.349296008,Regular,20,Delete,Deployment,false
7.369644423,Regular,38,Create,Deployment,false
7.407853371,Regular,40,Create,ConfigMap,false
7.448103668,Regular,60,Update,Deployment,false
7.508927986,Regular,20,Delete,ConfigMap,false
7.529239962,Regular,19,Delete,Deployment,false
7.548989285,Regular,38,Create,Deployment,false
7.587844505,Regular,40,Create,ConfigMap,false
7.627951771,Regular,61,Update,Deployment,false
7.6890820269999995,Regular,21,Delete,ConfigMap,false
7.711017421,Regular,23,Delete,Deployment,false
7.734536529,Regular,35,Create,Deployment,false
7.7698466889999995,Regular,41,Create,ConfigMap,false
7.811036,Regular,60,Update,Deployment,false
7.871937895,Regular,20,Delete,ConfigMap,false
7.892586818,Regular,20,Delete,Deployment,false
7.913349957,Regular,37,Create,Deployment,false
7.951126118,Regular,39,Create,ConfigMap,false
7.990794133,Regular,61,Update,Deployment,false
7.01155335,Regular,38,Create,Deployment,false
7.049959962,Regular,39,Create,ConfigMap,false
7.089900713,Regular,61,Update,Deployment,false
7.151036971,Regular,19,Delete,ConfigMap,false
7.170818475,Regular,20,Delete,Deployment,false
7.191349014,Regular,38,Create,Deployment,false
7.229755456,Regular,40,Create,ConfigMap,false
7.269932293,Regular,61,Update,Deployment,false
7.331373778,Regular,20,Delete,ConfigMap,false
7.351484744,Regular,20,Delete,Deployment,false
7.371691953,Regular,38,Create,Deployment,false
7.410181852,Regular,39,Create,ConfigMap,false
7.450028776,Regular,60,Update,Deployment,false
7.510804843,Regular,20,Delete,ConfigMap,false
7.531308611,Regular,19,Delete,Deployment,false
7.551175146,Regular,38,Create,Deployment,false
7.59008526,Regular,39,Create,ConfigMap,false
7.629542998,Regular,61,Update,Deployment,false
7.691253501,Regular,20,Delete,ConfigMap,false
7.711852219,Regular,22,Delete,Deployment,false
7.734617051,Regular,37,Create,Deployment,false
7.772078076,Regular,39,Create,ConfigMap,false
7.8116072800000005,Regular,61,Update,Deployment,false
7.872980264,Regular,20,Delete,ConfigMap,false
7.893579694,Regular,20,Delete,Deployment,false
7.914375855,Regular,37,Create,Deployment,false
7.951733004,Regular,40,Create,ConfigMap,false
7.9919790630000005,Regular,60,Update,Deployment,false
7.014521379,Regular,38,Create,Deployment,false
7.052934924,Regular,39,Create,ConfigMap,false
7.092664026,Regular,61,Update,Deployment,false
7.153756059,Regular,20,Delete,ConfigMap,false
7.174386227,Regular,19,Delete,Deployment,false
7.194240709,Regular,38,Create,Deployment,false
7.23273701,Regular,40,Create,ConfigMap,false
7.272999339,Regular,60,Update,Deployment,false
7.333986575,Regular,20,Delete,ConfigMap,false
7.35439849,Regular,21,Delete,Deployment,false
7.376178411,Regular,37,Create,Deployment,false
7.41400662,Regular,40,Create,ConfigMap,false
7.454027142,Regular,61,Update,Deployment,false
7.515193446,Regular,20,Delete,ConfigMap,false
7.535374535,Regular,19,Delete,Deployment,false
7.555163834,Regular,38,Create,Deployment,false
7.593724477,Regular,40,Create,ConfigMap,false
7.633837755,Regular,61,Update,Deployment,false
7.694988139,Regular,20,Delete,ConfigMap,false
7.71533449,Regular,21,Delete,Deployment,false
7.73636823,Regular,37,Create,Deployment,false
7.774076252,Regular,39,Create,ConfigMap,false
7.8139042199999995,Regular,61,Update,Deployment,false
7.875027804,Regular,20,Delete,ConfigMap,false
7.895210686,Regular,20,Delete,Deployment,false
7.9161880700000005,Regular,38,Create,Deployment,false
7.954270319,Regular,39,Create,ConfigMap,false
7.993744018,Regular,62,Update,Deployment,false
7.03870908,Regular,40,Create,ConfigMap,false
7.079141721,Regular,61,Update,Deployment,false
7.140518052,Regular,20,Delete,ConfigMap,false
7.16146042,Regular,20,Delete,Deployment,false
7.182042096,Regular,38,Create,Deployment,false
7.220424873,Regular,39,Create,ConfigMap,false
7.259780148,Regular,61,Update,Deployment,false
7.321339585,Regular,19,Delete,ConfigMap,false
7.341128382,Regular,20,Delete,Deployment,false
7.361327004,Regular,38,Create,Deployment,false
7.40019059,Regular,39,Create,ConfigMap,false
7.439733129,Regular,63,Update,Deployment,false
7.503396883,Regular,15,Delete,ConfigMap,false
7.518824288,Regular,20,Delete,Deployment,false
7.539021408,Regular,38,Create,Deployment,false
7.577697479,Regular,40,Create,ConfigMap,false
7.618409087,Regular,60,Update,Deployment,false
7.679355936,Regular,19,Delete,ConfigMap,false
7.699173178,Regular,20,Delete,Deployment,false
7.7194484249999995,Regular,38,Create,Deployment,false
7.7576973989999995,Regular,40,Create,ConfigMap,false
7.79779155,Regular,61,Update,Deployment,false
7.859792542,Regular,19,Delete,ConfigMap,false
7.879067919,Regular,20,Delete,Deployment,false
7.899215845,Regular,38,Create,Deployment,false
7.9377963860000005,Regular,40,Create,ConfigMap,false
7.97800261,Regular,61,Update,Deployment,false
8.039538452,Regular,19,Delete,ConfigMap,false
8.038480393,Regular,19,Delete,ConfigMap,false
8.05829572,Regular,20,Delete,Deployment,false
8.078336945,Regular,40,Create,Deployment,false
8.119091234,Regular,37,Create,ConfigMap,false
8.156788826,Regular,63,Update,Deployment,false
8.219906167,Regular,18,Delete,ConfigMap,false
8.238241999,Regular,19,Delete,Deployment,false
8.258233459,Regular,39,Create,Deployment,false
8.297246728,Regular,38,Create,ConfigMap,false
8.33572195,Regular,61,Update,Deployment,false
8.397705108,Regular,20,Delete,ConfigMap,false
8.418063452,Regular,20,Delete,Deployment,false
8.438450901,Regular,38,Create,Deployment,false
8.477266476,Regular,40,Create,ConfigMap,false
8.517296015,Regular,61,Update,Deployment,false
8.578378521,Regular,19,Delete,ConfigMap,false
8.597988921,Regular,21,Delete,Deployment,false
8.619544458,Regular,38,Create,Deployment,false
8.65768651,Regular,38,Create,ConfigMap,false
8.69604951,Regular,61,Update,Deployment,false
8.757096649,Regular,20,Delete,ConfigMap,false
8.777412422,Regular,19,Delete,Deployment,false
8.797184368,Regular,38,Create,Deployment,false
8.836107075,Regular,40,Create,ConfigMap,false
8.876234229,Regular,60,Update,Deployment,false
8.937224531,Regular,19,Delete,ConfigMap,false
8.95690828,Regular,20,Delete,Deployment,false
8.977561641,Regular,38,Create,Deployment,false
8.040227224,Regular,20,Delete,ConfigMap,false
8.060259992,Regular,20,Delete,Deployment,false
8.080430822,Regular,39,Create,Deployment,false
8.11961281,Regular,38,Create,ConfigMap,false
8.158039359,Regular,62,Update,Deployment,false
8.220297717,Regular,19,Delete,ConfigMap,false
8.239392383,Regular,19,Delete,Deployment,false
8.259231937,Regular,38,Create,Deployment,false
8.297794544,Regular,40,Create,ConfigMap,false
8.338144468,Regular,61,Update,Deployment,false
8.399631368,Regular,19,Delete,ConfigMap,false
8.418984382,Regular,20,Delete,Deployment,false
8.439596366,Regular,38,Create,Deployment,false
8.478098198,Regular,39,Create,ConfigMap,false
8.51766888,Regular,62,Update,Deployment,false
8.580022267,Regular,18,Delete,ConfigMap,false
8.599000723,Regular,19,Delete,Deployment,false
8.61873589,Regular,38,Create,Deployment,false
8.656993861,Regular,39,Create,ConfigMap,false
8.696537752,Regular,62,Update,Deployment,false
8.75896013,Regular,21,Delete,ConfigMap,false
8.780241639,Regular,18,Delete,Deployment,false
8.799144382,Regular,38,Create,Deployment,false
8.837799003,Regular,40,Create,ConfigMap,false
8.877832169,Regular,60,Update,Deployment,false
8.938365798,Regular,20,Delete,ConfigMap,false
8.958640003,Regular,21,Delete,Deployment,false
8.980142549,Regular,38,Create,Deployment,false
8.052873553,Regular,20,Delete,ConfigMap,false
8.073366191,Regular,19,Delete,Deployment,false
8.093200314,Regular,38,Create,Deployment,false
8.131712145,Regular,40,Create,ConfigMap,false
8.17173392,Regular,61,Update,Deployment,false
8.233315759,Regular,20,Delete,ConfigMap,false
8.253485717,Regular,19,Delete,Deployment,false
8.273096168,Regular,38,Create,Deployment,false
8.311711504,Regular,40,Create,ConfigMap,false
8.351932596,Regular,61,Update,Deployment,false
8.413307604,Regular,20,Delete,ConfigMap,false
8.433449359,Regular,20,Delete,Deployment,false
8.45352069,Regular,38,Create,Deployment,false
8.491917965,Regular,39,Create,ConfigMap,false
8.531651745,Regular,61,Update,Deployment,false
8.59336377,Regular,19,Delete,ConfigMap,false
8.61335442,Regular,20,Delete,Deployment,false
8.633479262,Regular,41,Create,Deployment,false
8.675071084,Regular,30,Create,ConfigMap,false
8.705798574,Regular,61,Update,Deployment,false
8.766964317,Regular,19,Delete,ConfigMap,false
8.786845279,Regular,20,Delete,Deployment,false
8.807320163,Regular,38,Create,Deployment,false
8.845689334,Regular,40,Create,ConfigMap,false
8.886185084,Regular,60,Update,Deployment,false
8.947122416,Regular,19,Delete,ConfigMap,false
8.966932524,Regular,20,Delete,Deployment,false
8.987493631,Regular,38,Create,Deployment,false
8.052047031,Regular,20,Delete,ConfigMap,false
8.072183796,Regular,20,Delete,Deployment,false
8.092263354,Regular,38,Create,Deployment,false
8.130738736,Regular,39,Create,ConfigMap,false
8.170542979,Regular,61,Update,Deployment,false
8.232007016,Regular,20,Delete,ConfigMap,false
8.252435091,Regular,19,Delete,Deployment,false
8.272193562,Regular,38,Create,Deployment,false
8.311166394,Regular,39,Create,ConfigMap,false
8.350774016,Regular,61,Update,Deployment,false
8.411844139,Regular,20,Delete,ConfigMap,false
8.432388895,Regular,20,Delete,Deployment,false
8.452437393,Regular,38,Create,Deployment,false
8.491301971,Regular,39,Create,ConfigMap,false
8.53107743,Regular,61,Update,Deployment,false
8.592609966,Regular,19,Delete,ConfigMap,false
8.612432958,Regular,20,Delete,Deployment,false
8.632462952000001,Regular,39,Create,Deployment,false
8.672303714,Regular,35,Create,ConfigMap,false
8.707597904,Regular,61,Update,Deployment,false
8.768962684,Regular,20,Delete,ConfigMap,false
8.789095982,Regular,20,Delete,Deployment,false
8.80915476,Regular,38,Create,Deployment,false
8.847849807,Regular,40,Create,ConfigMap,false
8.888002319,Regular,60,Update,Deployment,false
8.948962694,Regular,20,Delete,ConfigMap,false
8.969064523,Regular,20,Delete,Deployment,false
8.989082123,Regular,39,Create,Deployment,false
8.043989855,Regular,20,Delete,ConfigMap,false
8.064146878,Regular,20,Delete,Deployment,false
8.084242856,Regular,38,Create,Deployment,false
8.122677571,Regular,39,Create,ConfigMap,false
8.162648951,Regular,61,Update,Deployment,false
8.224224989,Regular,20,Delete,ConfigMap,false
8.244384127,Regular,19,Delete,Deployment,false
8.264231895,Regular,38,Create,Deployment,false
8.303086134,Regular,39,Create,ConfigMap,false
8.342532471,Regular,61,Update,Deployment,false
8.403930493,Regular,20,Delete,ConfigMap,false
8.42460267,Regular,20,Delete,Deployment,false
8.444735748,Regular,38,Create,Deployment,false
8.483176084,Regular,39,Create,ConfigMap,false
8.52308229,Regular,61,Update,Deployment,false
8.584139919,Regular,19,Delete,ConfigMap,false
8.604133864,Regular,20,Delete,Deployment,false
8.624638585,Regular,38,Create,Deployment,false
8.663340796,Regular,46,Create,ConfigMap,false
8.709980687,Regular,60,Update,Deployment,false
8.770956041,Regular,20,Delete,ConfigMap,false
8.791207623,Regular,19,Delete,Deployment,false
8.811063788,Regular,37,Create,Deployment,false
8.84884085,Regular,39,Create,ConfigMap,false
8.888796981,Regular,61,Update,Deployment,false
8.949945732,Regular,20,Delete,ConfigMap,false
8.970056808,Regular,19,Delete,Deployment,false
8.990013964,Regular,38,Create,Deployment,false
8.049124268,Regular,20,Delete,ConfigMap,false
8.069354259,Regular,19,Delete,Deployment,false
8.089352422,Regular,38,Create,Deployment,false
8.127807025,Regular,39,Create,ConfigMap,false
8.167538591,Regular,61,Update,Deployment,false
8.228797951,Regular,20,Delete,ConfigMap,false
8.249395698,Regular,20,Delete,Deployment,false
8.269516733,Regular,38,Create,Deployment,false
8.308182295,Regular,39,Create,ConfigMap,false
8.347896859,Regular,61,Update,Deployment,false
8.409064375,Regular,21,Delete,ConfigMap,false
8.430731021,Regular,19,Delete,Deployment,false
8.450373473,Regular,38,Create,Deployment,false
8.48891511,Regular,39,Create,ConfigMap,false
8.52851123,Regular,62,Update,Deployment,false
8.590683515,Regular,19,Delete,ConfigMap,false
8.610265282,Regular,19,Delete,Deployment,false
8.630029032,Regular,41,Create,Deployment,false
8.671656461,Regular,37,Create,ConfigMap,false
8.708740925,Regular,61,Update,Deployment,false
8.769866912,Regular,20,Delete,ConfigMap,false
8.790209637,Regular,19,Delete,Deployment,false
8.810099866,Regular,40,Create,Deployment,false
8.850796937,Regular,39,Create,ConfigMap,false
8.890661294000001,Regular,61,Update,Deployment,false
8.951909393,Regular,20,Delete,ConfigMap,false
8.971941841,Regular,20,Delete,Deployment,false
8.992026638,Regular,39,Create,Deployment,false
8.056714091,Regular,19,Delete,ConfigMap,false
8.076239651,Regular,19,Delete,Deployment,false
8.096228537,Regular,38,Create,Deployment,false
8.134801944,Regular,40,Create,ConfigMap,false
8.175470211,Regular,60,Update,Deployment,false
8.23588266,Regular,20,Delete,ConfigMap,false
8.256425252,Regular,20,Delete,Deployment,false
8.276494761,Regular,38,Create,Deployment,false
8.314856378,Regular,39,Create,ConfigMap,false
8.354692521,Regular,61,Update,Deployment,false
8.416235257,Regular,20,Delete,ConfigMap,false
8.43645062,Regular,20,Delete,Deployment,false
8.456481506,Regular,38,Create,Deployment,false
8.494720271,Regular,39,Create,ConfigMap,false
8.534529023,Regular,61,Update,Deployment,false
8.596040589,Regular,21,Delete,ConfigMap,false
8.617174569,Regular,19,Delete,Deployment,false
8.636580683,Regular,41,Create,Deployment,false
8.678370299000001,Regular,34,Create,ConfigMap,false
8.712597142,Regular,61,Update,Deployment,false
8.774368961,Regular,19,Delete,ConfigMap,false
8.794354921,Regular,19,Delete,Deployment,false
8.814105226,Regular,39,Create,Deployment,false
8.853723047,Regular,39,Create,ConfigMap,false
8.893525747,Regular,61,Update,Deployment,false
8.955222654,Regular,19,Delete,ConfigMap,false
8.974868151,Regular,20,Delete,Deployment,false
8.995258034999999,Regular,38,Create,Deployment,false
8.050922476,Regular,20,Delete,ConfigMap,false
8.071220977,Regular,20,Delete,Deployment,false
8.091268904,Regular,38,Create,Deployment,false
8.130158209,Regular,39,Create,ConfigMap,false
8.169896978,Regular,61,Update,Deployment,false
8.231431087,Regular,19,Delete,ConfigMap,false
8.25138655,Regular,19,Delete,Deployment,false
8.27118184,Regular,38,Create,Deployment,false
8.309807947,Regular,39,Create,ConfigMap,false
8.349642618,Regular,61,Update,Deployment,false
8.410832306,Regular,20,Delete,ConfigMap,false
8.431697578,Regular,19,Delete,Deployment,false
8.45142,Regular,38,Create,Deployment,false
8.489780205,Regular,40,Create,ConfigMap,false
8.529804083,Regular,61,Update,Deployment,false
8.591364001,Regular,19,Delete,ConfigMap,false
8.611336887,Regular,20,Delete,Deployment,false
8.631718074,Regular,45,Create,Deployment,false
8.676862159,Regular,37,Create,ConfigMap,false
8.7145432,Regular,61,Update,Deployment,false
8.776525215,Regular,19,Delete,ConfigMap,false
8.796207091,Regular,19,Delete,Deployment,false
8.816156552,Regular,38,Create,Deployment,false
8.854663444,Regular,39,Create,ConfigMap,false
8.894644181,Regular,61,Update,Deployment,false
8.956075486,Regular,20,Delete,ConfigMap,false
8.976374137,Regular,19,Delete,Deployment,false
8.996188032,Regular,39,Create,Deployment,false
9.035667742,Regular,40,Create,ConfigMap,false
8.059207744,Regular,20,Delete,Deployment,false
8.079388732,Regular,40,Create,Deployment,false
8.119530334,Regular,39,Create,ConfigMap,false
8.158694778,Regular,62,Update,Deployment,false
8.22099223,Regular,19,Delete,ConfigMap,false
8.240345524,Regular,19,Delete,Deployment,false
8.260088746,Regular,38,Create,Deployment,false
8.29885633,Regular,41,Create,ConfigMap,false
8.34009281,Regular,61,Update,Deployment,false
8.401431961,Regular,19,Delete,ConfigMap,false
8.420907366,Regular,20,Delete,Deployment,false
8.441718917,Regular,37,Create,Deployment,false
8.479644269,Regular,40,Create,ConfigMap,false
8.519830846,Regular,61,Update,Deployment,false
8.581407355,Regular,19,Delete,ConfigMap,false
8.600865909,Regular,20,Delete,Deployment,false
8.621546131,Regular,38,Create,Deployment,false
8.65971847,Regular,40,Create,ConfigMap,false
8.700504489,Regular,61,Update,Deployment,false
8.762385223,Regular,19,Delete,ConfigMap,false
8.782127703,Regular,20,Delete,Deployment,false
8.802329191,Regular,38,Create,Deployment,false
8.840691279,Regular,39,Create,ConfigMap,false
8.880485473,Regular,61,Update,Deployment,false
8.942472018,Regular,19,Delete,ConfigMap,false
8.962168971,Regular,20,Delete,Deployment,false
8.982719028,Regular,38,Create,Deployment,false
9.021208627,Regular,39,Create,ConfigMap,false
9.060713785,Regular,61,Update,Deployment,false
8.048033296,Regular,20,Delete,ConfigMap,false
8.068333159,Regular,19,Delete,Deployment,false
8.088323197,Regular,38,Create,Deployment,false
8.127061506,Regular,39,Create,ConfigMap,false
8.166968484,Regular,60,Update,Deployment,false
8.227948927,Regular,20,Delete,ConfigMap,false
8.2484234,Regular,19,Delete,Deployment,false
8.268364425,Regular,38,Create,Deployment,false
8.306806274,Regular,39,Create,ConfigMap,false
8.346608364,Regular,61,Update,Deployment,false
8.408328504,Regular,20,Delete,ConfigMap,false
8.429022473,Regular,19,Delete,Deployment,false
8.448353234,Regular,39,Create,Deployment,false
8.487433139,Regular,39,Create,ConfigMap,false
8.526750042,Regular,61,Update,Deployment,false
8.587872252,Regular,20,Delete,ConfigMap,false
8.608324794,Regular,20,Delete,Deployment,false
8.628934704,Regular,38,Create,Deployment,false
8.667516377,Regular,35,Create,ConfigMap,false
8.703192509,Regular,61,Update,Deployment,false
8.764261068,Regular,19,Delete,ConfigMap,false
8.784085403,Regular,20,Delete,Deployment,false
8.80426,Regular,38,Create,Deployment,false
8.84263372,Regular,40,Create,ConfigMap,false
8.882935594,Regular,61,Update,Deployment,false
8.944393188,Regular,19,Delete,ConfigMap,false
8.964164323,Regular,20,Delete,Deployment,false
8.984498812,Regular,38,Create,Deployment,false
9.022654169,Regular,39,Create,ConfigMap,false
9.062639835,Regular,61,Update,Deployment,false
9.016413465,Regular,39,Create,ConfigMap,false
9.055965662,Regular,60,Update,Deployment,false
9.116378512,Regular,22,Delete,ConfigMap,false
9.138772363,Regular,19,Delete,Deployment,false
9.15842343,Regular,38,Create,Deployment,false
9.197305421,Regular,39,Create,ConfigMap,false
9.237275307,Regular,61,Update,Deployment,false
9.29831885,Regular,19,Delete,ConfigMap,false
9.318281826,Regular,19,Delete,Deployment,false
9.33797886,Regular,39,Create,Deployment,false
9.377164445,Regular,39,Create,ConfigMap,false
9.416986361,Regular,61,Update,Deployment,false
9.478411174,Regular,19,Delete,ConfigMap,false
9.497801068,Regular,20,Delete,Deployment,false
9.517976737,Regular,38,Create,Deployment,false
9.556952354,Regular,38,Create,ConfigMap,false
9.595844895,Regular,60,Update,Deployment,false
9.656347495,Regular,21,Delete,ConfigMap,false
9.67811432,Regular,19,Delete,Deployment,false
9.697898018,Regular,39,Create,Deployment,false
9.737142604,Regular,39,Create,ConfigMap,false
9.776946837,Regular,61,Update,Deployment,false
9.838575425,Regular,19,Delete,ConfigMap,false
9.857721348,Regular,20,Delete,Deployment,false
9.877937333,Regular,39,Create,Deployment,false
9.917441088,Regular,39,Create,ConfigMap,false
9.956941658,Regular,61,Update,Deployment,false
9.025753265,Regular,40,Create,ConfigMap,false
9.065797953,Regular,62,Update,Deployment,false
9.128396855,Regular,18,Delete,ConfigMap,false
9.14719456,Regular,20,Delete,Deployment,false
9.167253658,Regular,31,Create,Deployment,false
9.198806067,Regular,40,Create,ConfigMap,false
9.239418458,Regular,60,Update,Deployment,false
9.299771996,Regular,19,Delete,ConfigMap,false
9.319211443,Regular,19,Delete,Deployment,false
9.339050475,Regular,38,Create,Deployment,false
9.377849138,Regular,40,Create,ConfigMap,false
9.418001229,Regular,61,Update,Deployment,false
9.479935295,Regular,18,Delete,ConfigMap,false
9.498718582,Regular,20,Delete,Deployment,false
9.518945938,Regular,38,Create,Deployment,false
9.557823741,Regular,40,Create,ConfigMap,false
9.598026568,Regular,61,Update,Deployment,false
9.659271661,Regular,19,Delete,ConfigMap,false
9.67912496,Regular,19,Delete,Deployment,false
9.698950447,Regular,38,Create,Deployment,false
9.737863406,Regular,40,Create,ConfigMap,false
9.778182162,Regular,61,Update,Deployment,false
9.839914787,Regular,19,Delete,ConfigMap,false
9.859063675,Regular,19,Delete,Deployment,false
9.878931822,Regular,39,Create,Deployment,false
9.91801894,Regular,39,Create,ConfigMap,false
9.957560888,Regular,61,Update,Deployment,false
9.12197054,Regular,20,Delete,ConfigMap,false
9.142618692,Regular,26,Delete,Deployment,false
9.168629177,Regular,33,Create,Deployment,false
9.20170237,Regular,40,Create,ConfigMap,false
9.241781152,Regular,61,Update,Deployment,false
9.302963076,Regular,20,Delete,ConfigMap,false
9.322977139,Regular,21,Delete,Deployment,false
9.344715882,Regular,38,Create,Deployment,false
9.382802239,Regular,39,Create,ConfigMap,false
9.422482208,Regular,60,Update,Deployment,false
9.483138859,Regular,19,Delete,ConfigMap,false
9.502847395,Regular,20,Delete,Deployment,false
9.523066896,Regular,38,Create,Deployment,false
9.561948536,Regular,40,Create,ConfigMap,false
9.60200172,Regular,62,Update,Deployment,false
9.664173895,Regular,18,Delete,ConfigMap,false
9.682992229,Regular,19,Delete,Deployment,false
9.702845047,Regular,38,Create,Deployment,false
9.74181799,Regular,39,Create,ConfigMap,false
9.781765704,Regular,61,Update,Deployment,false
9.843067254,Regular,19,Delete,ConfigMap,false
9.86292411,Regular,20,Delete,Deployment,false
9.883311068,Regular,38,Create,Deployment,false
9.921911066,Regular,40,Create,ConfigMap,false
9.961928983,Regular,61,Update,Deployment,false
9.031202223,Regular,39,Create,ConfigMap,false
9.070782293,Regular,61,Update,Deployment,false
9.131971,Regular,20,Delete,ConfigMap,false
9.152364089,Regular,19,Delete,Deployment,false
9.171686094,Regular,38,Create,Deployment,false
9.209871639,Regular,39,Create,ConfigMap,false
9.249604688,Regular,61,Update,Deployment,false
9.31130449,Regular,20,Delete,ConfigMap,false
9.331538048,Regular,22,Delete,Deployment,false
9.354442063,Regular,37,Create,Deployment,false
9.391876017,Regular,39,Create,ConfigMap,false
9.431556025999999,Regular,61,Update,Deployment,false
9.492709075,Regular,20,Delete,ConfigMap,false
9.512976898,Regular,19,Delete,Deployment,false
9.532694451,Regular,38,Create,Deployment,false
9.571280772,Regular,39,Create,ConfigMap,false
9.610783266,Regular,60,Update,Deployment,false
9.67170108,Regular,20,Delete,ConfigMap,false
9.692060967,Regular,19,Delete,Deployment,false
9.712053199,Regular,38,Create,Deployment,false
9.750710585,Regular,40,Create,ConfigMap,false
9.79098106,Regular,61,Update,Deployment,false
9.852671685,Regular,19,Delete,ConfigMap,false
9.872039527,Regular,21,Delete,Deployment,false
9.893337627,Regular,37,Create,Deployment,false
9.930784776,Regular,39,Create,ConfigMap,false
9.970671786,Regular,64,Update,Deployment,false
10.019350661,Regular,18,Delete,ConfigMap,false
9.029003187,Regular,39,Create,ConfigMap,false
9.06883909,Regular,61,Update,Deployment,false
9.130467979,Regular,19,Delete,ConfigMap,false
9.150373377,Regular,20,Delete,Deployment,false
9.170986512,Regular,38,Create,Deployment,false
9.209068341,Regular,39,Create,ConfigMap,false
9.248469552,Regular,62,Update,Deployment,false
9.31055316,Regular,19,Delete,ConfigMap,false
9.329839528,Regular,21,Delete,Deployment,false
9.351047257,Regular,36,Create,Deployment,false
9.387162539,Regular,39,Create,ConfigMap,false
9.426692053,Regular,61,Update,Deployment,false
9.488523445,Regular,19,Delete,ConfigMap,false
9.508015291,Regular,20,Delete,Deployment,false
9.528905099,Regular,37,Create,Deployment,false
9.566780918,Regular,40,Create,ConfigMap,false
9.606948208,Regular,62,Update,Deployment,false
9.669173814,Regular,19,Delete,ConfigMap,false
9.688954757,Regular,20,Delete,Deployment,false
9.709167285,Regular,40,Create,Deployment,false
9.74932165,Regular,38,Create,ConfigMap,false
9.788022909,Regular,60,Update,Deployment,false
9.848940964,Regular,19,Delete,ConfigMap,false
9.868761472,Regular,20,Delete,Deployment,false
9.888773291,Regular,39,Create,Deployment,false
9.9279986,Regular,39,Create,ConfigMap,false
9.967735116,Regular,61,Update,Deployment,false
10.029389012,Regular,15,Delete,ConfigMap,false
9.028250705,Regular,39,Create,ConfigMap,false
9.067718823,Regular,62,Update,Deployment,false
9.130203098,Regular,19,Delete,ConfigMap,false
9.149363408,Regular,21,Delete,Deployment,false
9.17076317,Regular,36,Create,Deployment,false
9.207610165,Regular,40,Create,ConfigMap,false
9.247824163,Regular,61,Update,Deployment,false
9.309536339,Regular,21,Delete,ConfigMap,false
9.330551213,Regular,23,Delete,Deployment,false
9.353583551,Regular,35,Create,Deployment,false
9.388788201,Regular,40,Create,ConfigMap,false
9.428849721,Regular,61,Update,Deployment,false
9.490405922,Regular,19,Delete,ConfigMap,false
9.509918558,Regular,20,Delete,Deployment,false
9.5308899,Regular,37,Create,Deployment,false
9.568883492,Regular,39,Create,ConfigMap,false
9.608869689,Regular,60,Update,Deployment,false
9.669777946,Regular,20,Delete,ConfigMap,false
9.690149044,Regular,19,Delete,Deployment,false
9.71013826,Regular,39,Create,Deployment,false
9.749600357,Regular,39,Create,ConfigMap,false
9.7886532,Regular,62,Update,Deployment,false
9.851365597000001,Regular,18,Delete,ConfigMap,false
9.869653578,Regular,20,Delete,Deployment,false
9.890128232,Regular,38,Create,Deployment,false
9.928677594,Regular,40,Create,ConfigMap,false
9.968936436,Regular,61,Update,Deployment,false
10.029982884,Regular,15,Delete,ConfigMap,false
10.034699487,Regular,13,Delete,ConfigMap,false
9.034101492,Regular,39,Create,ConfigMap,false
9.07378618,Regular,61,Update,Deployment,false
9.13544793,Regular,19,Delete,ConfigMap,false
9.155436165,Regular,19,Delete,Deployment,false
9.17534531,Regular,38,Create,Deployment,false
9.213677782,Regular,39,Create,ConfigMap,false
9.253609095,Regular,61,Update,Deployment,false
9.31470152,Regular,20,Delete,ConfigMap,false
9.335178498,Regular,20,Delete,Deployment,false
9.356048599,Regular,37,Create,Deployment,false
9.39392546,Regular,39,Create,ConfigMap,false
9.433854409,Regular,61,Update,Deployment,false
9.495295944,Regular,19,Delete,ConfigMap,false
9.514939607,Regular,20,Delete,Deployment,false
9.535296127,Regular,38,Create,Deployment,false
9.57426951,Regular,39,Create,ConfigMap,false
9.613750073,Regular,61,Update,Deployment,false
9.675692333,Regular,19,Delete,ConfigMap,false
9.695050918,Regular,19,Delete,Deployment,false
9.714947349,Regular,38,Create,Deployment,false
9.753809151,Regular,40,Create,ConfigMap,false
9.794572427,Regular,60,Update,Deployment,false
9.8551773,Regular,19,Delete,ConfigMap,false
9.874953203,Regular,19,Delete,Deployment,false
9.894948210999999,Regular,38,Create,Deployment,false
9.933059595,Regular,39,Create,ConfigMap,false
9.973029211,Regular,62,Update,Deployment,false
10.035386816,Regular,14,Delete,ConfigMap,false
9.075938527,Regular,61,Update,Deployment,false
9.1375381,Regular,18,Delete,ConfigMap,false
9.156517308,Regular,19,Delete,Deployment,false
9.176035534,Regular,39,Create,Deployment,false
9.215070183,Regular,39,Create,ConfigMap,false
9.25479657,Regular,61,Update,Deployment,false
9.316495671,Regular,19,Delete,ConfigMap,false
9.336175793,Regular,21,Delete,Deployment,false
9.357624648,Regular,38,Create,Deployment,false
9.39618484,Regular,39,Create,ConfigMap,false
9.435808422,Regular,61,Update,Deployment,false
9.497002489,Regular,19,Delete,ConfigMap,false
9.516958673,Regular,20,Delete,Deployment,false
9.537228339,Regular,40,Create,Deployment,false
9.577776799,Regular,39,Create,ConfigMap,false
9.616817519,Regular,60,Update,Deployment,false
9.677246591,Regular,19,Delete,ConfigMap,false
9.696906164,Regular,19,Delete,Deployment,false
9.716813906,Regular,39,Create,Deployment,false
9.755887308,Regular,39,Create,ConfigMap,false
9.795818532,Regular,60,Update,Deployment,false
9.856780169,Regular,20,Delete,ConfigMap,false
9.876938946,Regular,19,Delete,Deployment,false
9.896532134,Regular,38,Create,Deployment,false
9.935204839,Regular,40,Create,ConfigMap,false
9.97549468,Regular,61,Update,Deployment,false
10.036676634,Regular,15,Delete,ConfigMap,false
9.018233985,Regular,39,Create,ConfigMap,false
9.057675684,Regular,61,Update,Deployment,false
9.119143598,Regular,21,Delete,ConfigMap,false
9.140523532,Regular,28,Delete,Deployment,false
9.16883706,Regular,35,Create,Deployment,false
9.203959606,Regular,39,Create,ConfigMap,false
9.24374842,Regular,61,Update,Deployment,false
9.304836567,Regular,20,Delete,ConfigMap,false
9.325840691,Regular,20,Delete,Deployment,false
9.346341655,Regular,38,Create,Deployment,false
9.384821936,Regular,40,Create,ConfigMap,false
9.425484421,Regular,60,Update,Deployment,false
9.485834774,Regular,20,Delete,ConfigMap,false
9.506011274,Regular,20,Delete,Deployment,false
9.526488893,Regular,38,Create,Deployment,false
9.564582243,Regular,40,Create,ConfigMap,false
9.605084466,Regular,61,Update,Deployment,false
9.666574101,Regular,19,Delete,ConfigMap,false
9.685884084,Regular,19,Delete,Deployment,false
9.705848143,Regular,38,Create,Deployment,false
9.744763616,Regular,40,Create,ConfigMap,false
9.784908203,Regular,61,Update,Deployment,false
9.845989567,Regular,20,Delete,ConfigMap,false
9.865999081,Regular,19,Delete,Deployment,false
9.885940788,Regular,39,Create,Deployment,false
9.925489378,Regular,38,Create,ConfigMap,false
9.964490264,Regular,62,Update,Deployment,false
10.026797063,Regular,16,Delete,ConfigMap,false
10.042824663,Regular,15,Delete,Deployment,false
9.124004714,Regular,20,Delete,ConfigMap,false
9.144323053,Regular,24,Delete,Deployment,false
9.168911761,Regular,37,Create,Deployment,false
9.206284089,Regular,39,Create,ConfigMap,false
9.245569131,Regular,62,Update,Deployment,false
9.307758048,Regular,19,Delete,ConfigMap,false
9.327249263,Regular,23,Delete,Deployment,false
9.350268686,Regular,35,Create,Deployment,false
9.38570782,Regular,40,Create,ConfigMap,false
9.425996188,Regular,60,Update,Deployment,false
9.486918742,Regular,20,Delete,ConfigMap,false
9.507008048,Regular,20,Delete,Deployment,false
9.527531163,Regular,38,Create,Deployment,false
9.565976639,Regular,39,Create,ConfigMap,false
9.60576924,Regular,61,Update,Deployment,false
9.667320532,Regular,19,Delete,ConfigMap,false
9.686807869,Regular,19,Delete,Deployment,false
9.706807836,Regular,39,Create,Deployment,false
9.746217915,Regular,39,Create,ConfigMap,false
9.785537051,Regular,61,Update,Deployment,false
9.847142746,Regular,19,Delete,ConfigMap,false
9.866919311,Regular,19,Delete,Deployment,false
9.886880283,Regular,39,Create,Deployment,false
9.92590822,Regular,39,Create,ConfigMap,false
9.965825888,Regular,61,Update,Deployment,false
10.027513808,Regular,16,Delete,ConfigMap,false
10.04375466,Regular,14,Delete,Deployment,false
10.058014128,Regular,5,Create,Deployment,false
10.058704663,Regular,5,Create,Deployment,false
10.06466101,Regular,5,Create,ConfigMap,false
10.023208491,Regular,17,Delete,ConfigMap,false
10.040937586,Regular,15,Delete,Deployment,false
10.056375802,Regular,6,Create,Deployment,false
10.063166385,Regular,5,Create,ConfigMap,false
10.068760818,Regular,7,Update,Deployment,false
10.076731381,Regular,3,Delete,ConfigMap,false
