start_time,role,duration_ms,operation,resource,is_error
0.002829648,Regular,33,Create,Deployment,false
0.002522738,Regular,40,Create,Deployment,false
0.002514212,Regular,40,Create,Deployment,false
0.043117731,Regular,14,Create,ConfigMap,false
0.00264567,Regular,35,Create,Deployment,false
0.038154662,Regular,15,Create,ConfigMap,false
0.053406975,Regular,19,Update,Deployment,false
0.072908998,Regular,7,Delete,ConfigMap,false
0.081308231,Regular,5,Delete,Deployment,false
0.101807249,Regular,12,Create,Deployment,false
0.121416044,Regular,9,Create,ConfigMap,false
0.141441617,Regular,13,Update,Deployment,false
0.162136144,Regular,9,Delete,ConfigMap,false
0.181372435,Regular,8,Delete,Deployment,false
0.201947116,Regular,10,Create,Deployment,false
0.221574246,Regular,10,Create,ConfigMap,false
0.241862094,Regular,13,Update,Deployment,false
0.261798379,Regular,8,Delete,ConfigMap,false
0.282150749,Regular,5,Delete,Deployment,false
0.301837312,Regular,11,Create,Deployment,false
0.321852926,Regular,10,Create,ConfigMap,false
0.341446051,Regular,13,Update,Deployment,false
0.36141623,Regular,6,Delete,ConfigMap,false
0.381384414,Regular,6,Delete,Deployment,false
0.401330256,Regular,10,Create,Deployment,false
0.421941566,Regular,8,Create,ConfigMap,false
0.442312472,Regular,24,Update,Deployment,false
0.46646825,Regular,6,Delete,ConfigMap,false
0.481759125,Regular,7,Delete,Deployment,false
0.501474762,Regular,10,Create,Deployment,false
0.521741751,Regular,8,Create,ConfigMap,false
0.541612281,Regular,13,Update,Deployment,false
0.561374176,Regular,5,Delete,ConfigMap,false
0.581917888,Regular,5,Delete,Deployment,false
0.601618147,Regular,11,Create,Deployment,false
0.621765369,Regular,10,Create,ConfigMap,false
0.642187933,Regular,14,Update,Deployment,false
0.661813169,Regular,4,Delete,ConfigMap,false
0.682072053,Regular,6,Delete,Deployment,false
0.702229735,Regular,11,Create,Deployment,false
0.722218228,Regular,9,Create,ConfigMap,false
0.742114206,Regular,14,Update,Deployment,false
0.761723763,Regular,6,Delete,ConfigMap,false
0.781787338,Regular,5,Delete,Deployment,false
0.801898552,Regular,11,Create,Deployment,false
0.821992334,Regular,9,Create,ConfigMap,false
0.84179719,Regular,17,Update,Deployment,false
0.861499201,Regular,5,Delete,ConfigMap,false
0.882061919,Regular,6,Delete,Deployment,false
0.90226052,Regular,11,Create,Deployment,false
0.921562746,Regular,9,Create,ConfigMap,false
0.941496615,Regular,14,Update,Deployment,false
0.961692901,Regular,5,Delete,ConfigMap,false
0.981950823,Regular,6,Delete,Deployment,false
0.002308222,Regular,40,Create,Deployment,false
0.042937771,Regular,14,Create,ConfigMap,false
0.057636919,Regular,20,Update,Deployment,false
0.077879712,Regular,4,Delete,ConfigMap,false
0.082469666,Regular,7,Delete,Deployment,false
0.102064024,Regular,11,Create,Deployment,false
0.121512406,Regular,9,Create,ConfigMap,false
0.141698642,Regular,13,Update,Deployment,false
0.162174546,Regular,7,Delete,ConfigMap,false
0.181432278,Regular,5,Delete,Deployment,false
0.202142084,Regular,10,Create,Deployment,false
0.221547936,Regular,9,Create,ConfigMap,false
0.242000506,Regular,12,Update,Deployment,false
0.261897306,Regular,8,Delete,ConfigMap,false
0.282252071,Regular,7,Delete,Deployment,false
0.30186841,Regular,10,Create,Deployment,false
0.321964316,Regular,9,Create,ConfigMap,false
0.341426845,Regular,12,Update,Deployment,false
0.361266667,Regular,6,Delete,ConfigMap,false
0.381343427,Regular,5,Delete,Deployment,false
0.401472495,Regular,11,Create,Deployment,false
0.421817311,Regular,9,Create,ConfigMap,false
0.442251146,Regular,26,Update,Deployment,false
0.468757235,Regular,4,Delete,ConfigMap,false
0.481706866,Regular,7,Delete,Deployment,false
0.501395092,Regular,11,Create,Deployment,false
0.521721453,Regular,9,Create,ConfigMap,false
0.541511631,Regular,14,Update,Deployment,false
0.561414993,Regular,6,Delete,ConfigMap,false
0.582012637,Regular,5,Delete,Deployment,false
0.601812434,Regular,11,Create,Deployment,false
0.62180246,Regular,10,Create,ConfigMap,false
0.642270719,Regular,13,Update,Deployment,false
0.661821916,Regular,6,Delete,ConfigMap,false
0.682007391,Regular,6,Delete,Deployment,false
0.702464419,Regular,11,Create,Deployment,false
0.722469172,Regular,9,Create,ConfigMap,false
0.742219185,Regular,14,Update,Deployment,false
0.761655063,Regular,6,Delete,ConfigMap,false
0.781810351,Regular,7,Delete,Deployment,false
0.801962313,Regular,11,Create,Deployment,false
0.821907704,Regular,7,Create,ConfigMap,false
0.842006245,Regular,16,Update,Deployment,false
0.861692898,Regular,6,Delete,ConfigMap,false
0.882026102,Regular,6,Delete,Deployment,false
0.902200847,Regular,11,Create,Deployment,false
0.92175025,Regular,7,Create,ConfigMap,false
0.941597506,Regular,13,Update,Deployment,false
0.961746392,Regular,5,Delete,ConfigMap,false
0.981861093,Regular,6,Delete,Deployment,false
0.002294657,Regular,41,Create,Deployment,false
0.043826611,Regular,14,Create,ConfigMap,false
0.058124009,Regular,19,Update,Deployment,false
0.078060413,Regular,6,Delete,ConfigMap,false
0.084404452,Regular,5,Delete,Deployment,false
0.101981939,Regular,12,Create,Deployment,false
0.121452322,Regular,9,Create,ConfigMap,false
0.141454561,Regular,11,Update,Deployment,false
0.162106568,Regular,6,Delete,ConfigMap,false
0.18149115,Regular,8,Delete,Deployment,false
0.202036845,Regular,10,Create,Deployment,false
0.221457726,Regular,8,Create,ConfigMap,false
0.241917629,Regular,12,Update,Deployment,false
0.261840258,Regular,6,Delete,ConfigMap,false
0.282253073,Regular,5,Delete,Deployment,false
0.301900631,Regular,11,Create,Deployment,false
0.322005254,Regular,8,Create,ConfigMap,false
0.341376851,Regular,12,Update,Deployment,false
0.361279832,Regular,6,Delete,ConfigMap,false
0.381351973,Regular,4,Delete,Deployment,false
0.401466103,Regular,11,Create,Deployment,false
0.421797714,Regular,10,Create,ConfigMap,false
0.442167969,Regular,26,Update,Deployment,false
0.46882319,Regular,4,Delete,ConfigMap,false
0.481628699,Regular,6,Delete,Deployment,false
0.501367119,Regular,11,Create,Deployment,false
0.521890593,Regular,8,Create,ConfigMap,false
0.541576854,Regular,13,Update,Deployment,false
0.561326376,Regular,5,Delete,ConfigMap,false
0.582002969,Regular,7,Delete,Deployment,false
0.601827723,Regular,11,Create,Deployment,false
0.621820233,Regular,8,Create,ConfigMap,false
0.642290797,Regular,14,Update,Deployment,false
0.661831123,Regular,6,Delete,ConfigMap,false
0.682013502,Regular,6,Delete,Deployment,false
0.702357847,Regular,10,Create,Deployment,false
0.72245723,Regular,9,Create,ConfigMap,false
0.742174871,Regular,12,Update,Deployment,false
0.761721789,Regular,6,Delete,ConfigMap,false
0.781731682,Regular,5,Delete,Deployment,false
0.8019396,Regular,8,Create,Deployment,false
0.822021559,Regular,9,Create,ConfigMap,false
0.841889595,Regular,19,Update,Deployment,false
0.861668121,Regular,4,Delete,ConfigMap,false
0.882042984,Regular,6,Delete,Deployment,false
0.902228519,Regular,11,Create,Deployment,false
0.92171317,Regular,10,Create,ConfigMap,false
0.941570705,Regular,14,Update,Deployment,false
0.961828587,Regular,5,Delete,ConfigMap,false
0.981852958,Regular,6,Delete,Deployment,false
0.002977437,Regular,35,Create,Deployment,false
0.03815321,Regular,13,Create,ConfigMap,false
0.051399301,Regular,18,Update,Deployment,false
0.070093648,Regular,7,Delete,ConfigMap,false
0.082295286,Regular,6,Delete,Deployment,false
0.102321019,Regular,11,Create,Deployment,false
0.122820318,Regular,8,Create,ConfigMap,false
0.142841582,Regular,10,Update,Deployment,false
0.162342203,Regular,9,Delete,ConfigMap,false
0.182688061,Regular,7,Delete,Deployment,false
0.202333736,Regular,10,Create,Deployment,false
0.222919267,Regular,7,Create,ConfigMap,false
0.243196746,Regular,11,Update,Deployment,false
0.263160803,Regular,6,Delete,ConfigMap,false
0.282182209,Regular,5,Delete,Deployment,false
0.303144993,Regular,9,Create,Deployment,false
0.322209009,Regular,9,Create,ConfigMap,false
0.342768841,Regular,12,Update,Deployment,false
0.362679347,Regular,6,Delete,ConfigMap,false
0.382788227,Regular,7,Delete,Deployment,false
0.402758986,Regular,9,Create,Deployment,false
0.42316603,Regular,8,Create,ConfigMap,false
0.442479157,Regular,21,Update,Deployment,false
0.464070649,Regular,6,Delete,ConfigMap,false
0.48307919,Regular,6,Delete,Deployment,false
0.5027433,Regular,9,Create,Deployment,false
0.523069,Regular,7,Create,ConfigMap,false
0.542864137,Regular,12,Update,Deployment,false
0.562738043,Regular,6,Delete,ConfigMap,false
0.582307414,Regular,6,Delete,Deployment,false
0.603065502,Regular,10,Create,Deployment,false
0.622168762,Regular,8,Create,ConfigMap,false
0.642466529,Regular,14,Update,Deployment,false
0.663827656,Regular,4,Delete,ConfigMap,false
0.682286268,Regular,4,Delete,Deployment,false
0.702583063,Regular,10,Create,Deployment,false
0.722310643,Regular,9,Create,ConfigMap,false
0.742147068,Regular,14,Update,Deployment,false
0.763034049,Regular,5,Delete,ConfigMap,false
0.783097724,Regular,6,Delete,Deployment,false
0.802149036,Regular,11,Create,Deployment,false
0.822241625,Regular,9,Create,ConfigMap,false
0.843198218,Regular,19,Update,Deployment,false
0.863143869,Regular,5,Delete,ConfigMap,false
0.882339795,Regular,6,Delete,Deployment,false
0.902363945,Regular,11,Create,Deployment,false
0.922970015,Regular,9,Create,ConfigMap,false
0.942859521,Regular,13,Update,Deployment,false
0.963081605,Regular,4,Delete,ConfigMap,false
0.982159267,Regular,5,Delete,Deployment,false
0.05746304,Regular,20,Update,Deployment,false
0.077665647,Regular,7,Delete,ConfigMap,false
0.084709539,Regular,7,Delete,Deployment,false
0.10222101,Regular,11,Create,Deployment,false
0.121649124,Regular,9,Create,ConfigMap,false
0.141550783,Regular,13,Update,Deployment,false
0.162142987,Regular,9,Delete,ConfigMap,false
0.181439362,Regular,4,Delete,Deployment,false
0.201965781,Regular,11,Create,Deployment,false
0.22152877,Regular,10,Create,ConfigMap,false
0.241770401,Regular,13,Update,Deployment,false
0.26185198,Regular,5,Delete,ConfigMap,false
0.282392075,Regular,5,Delete,Deployment,false
0.301806804,Regular,11,Create,Deployment,false
0.321947334,Regular,8,Create,ConfigMap,false
0.341357234,Regular,12,Update,Deployment,false
0.361352149,Regular,6,Delete,ConfigMap,false
0.381386959,Regular,6,Delete,Deployment,false
0.401512902,Regular,11,Create,Deployment,false
0.421773979,Regular,9,Create,ConfigMap,false
0.442226639,Regular,26,Update,Deployment,false
0.468757846,Regular,5,Delete,ConfigMap,false
0.481683352,Regular,5,Delete,Deployment,false
0.501393859,Regular,11,Create,Deployment,false
0.521665507,Regular,9,Create,ConfigMap,false
0.541530387,Regular,13,Update,Deployment,false
0.561312299,Regular,5,Delete,ConfigMap,false
0.581962082,Regular,5,Delete,Deployment,false
0.60180525,Regular,11,Create,Deployment,false
0.621946301,Regular,10,Create,ConfigMap,false
0.642160741,Regular,14,Update,Deployment,false
0.661848035,Regular,5,Delete,ConfigMap,false
0.681997271,Regular,6,Delete,Deployment,false
0.702388906,Regular,10,Create,Deployment,false
0.722204342,Regular,9,Create,ConfigMap,false
0.742156767,Regular,14,Update,Deployment,false
0.761723973,Regular,6,Delete,ConfigMap,false
0.781873721,Regular,5,Delete,Deployment,false
0.801926676,Regular,11,Create,Deployment,false
0.82209072,Regular,9,Create,ConfigMap,false
0.842031312,Regular,17,Update,Deployment,false
0.861546781,Regular,6,Delete,ConfigMap,false
0.882078511,Regular,6,Delete,Deployment,false
0.902436061,Regular,10,Create,Deployment,false
0.921707469,Regular,9,Create,ConfigMap,false
0.941666937,Regular,14,Update,Deployment,false
0.961801837,Regular,5,Delete,ConfigMap,false
0.982095506,Regular,6,Delete,Deployment,false
1.001737955,Regular,8,Create,Deployment,false
0.0361053,Regular,17,Create,ConfigMap,false
0.053222827,Regular,20,Update,Deployment,false
0.073927473,Regular,7,Delete,ConfigMap,false
0.081340963,Regular,5,Delete,Deployment,false
0.101981368,Regular,12,Create,Deployment,false
0.121441953,Regular,7,Create,ConfigMap,false
0.141469269,Regular,13,Update,Deployment,false
0.162030474,Regular,10,Delete,ConfigMap,false
0.18127953,Regular,6,Delete,Deployment,false
0.202065359,Regular,11,Create,Deployment,false
0.221422098,Regular,8,Create,ConfigMap,false
0.241823782,Regular,11,Update,Deployment,false
0.261880053,Regular,8,Delete,ConfigMap,false
0.28222003,Regular,5,Delete,Deployment,false
0.301776006,Regular,11,Create,Deployment,false
0.32202436,Regular,9,Create,ConfigMap,false
0.341414141,Regular,10,Update,Deployment,false
0.361313836,Regular,6,Delete,ConfigMap,false
0.381369155,Regular,7,Delete,Deployment,false
0.401447889,Regular,8,Create,Deployment,false
0.421863248,Regular,9,Create,ConfigMap,false
0.442314976,Regular,20,Update,Deployment,false
0.462950422,Regular,7,Delete,ConfigMap,false
0.481799091,Regular,5,Delete,Deployment,false
0.50126689,Regular,11,Create,Deployment,false
0.521659085,Regular,9,Create,ConfigMap,false
0.541634263,Regular,14,Update,Deployment,false
0.561341494,Regular,5,Delete,ConfigMap,false
0.582032826,Regular,7,Delete,Deployment,false
0.601689742,Regular,11,Create,Deployment,false
0.621878904,Regular,9,Create,ConfigMap,false
0.64227648,Regular,14,Update,Deployment,false
0.661816836,Regular,6,Delete,ConfigMap,false
0.681950593,Regular,4,Delete,Deployment,false
0.702144104,Regular,10,Create,Deployment,false
0.722253264,Regular,9,Create,ConfigMap,false
0.742010069,Regular,14,Update,Deployment,false
0.761669771,Regular,6,Delete,ConfigMap,false
0.781882988,Regular,5,Delete,Deployment,false
0.80187622,Regular,11,Create,Deployment,false
0.821982596,Regular,9,Create,ConfigMap,false
0.84196122,Regular,15,Update,Deployment,false
0.861364297,Regular,6,Delete,ConfigMap,false
0.882098959,Regular,6,Delete,Deployment,false
0.902372361,Regular,10,Create,Deployment,false
0.921635573,Regular,6,Create,ConfigMap,false
0.941425872,Regular,14,Update,Deployment,false
0.961746302,Regular,5,Delete,ConfigMap,false
0.981882684,Regular,4,Delete,Deployment,false
1.00178296,Regular,10,Create,Deployment,false
0.043289786,Regular,18,Create,ConfigMap,false
0.062062382,Regular,16,Update,Deployment,false
0.078206239,Regular,6,Delete,ConfigMap,false
0.084385105,Regular,7,Delete,Deployment,false
0.101984253,Regular,11,Create,Deployment,false
0.121341303,Regular,9,Create,ConfigMap,false
0.141493485,Regular,12,Update,Deployment,false
0.16201234,Regular,6,Delete,ConfigMap,false
0.181264932,Regular,6,Delete,Deployment,false
0.202083914,Regular,10,Create,Deployment,false
0.221561572,Regular,10,Create,ConfigMap,false
0.24179608,Regular,13,Update,Deployment,false
0.261944725,Regular,7,Delete,ConfigMap,false
0.28232588,Regular,7,Delete,Deployment,false
0.301885503,Regular,11,Create,Deployment,false
0.321914262,Regular,9,Create,ConfigMap,false
0.341504893,Regular,10,Update,Deployment,false
0.361340707,Regular,6,Delete,ConfigMap,false
0.381446501,Regular,6,Delete,Deployment,false
0.401299278,Regular,11,Create,Deployment,false
0.421837049,Regular,9,Create,ConfigMap,false
0.442244754,Regular,24,Update,Deployment,false
0.466279884,Regular,6,Delete,ConfigMap,false
0.481704993,Regular,6,Delete,Deployment,false
0.501417795,Regular,10,Create,Deployment,false
0.521624941,Regular,8,Create,ConfigMap,false
0.541584519,Regular,13,Update,Deployment,false
0.561284877,Regular,5,Delete,ConfigMap,false
0.581943136,Regular,5,Delete,Deployment,false
0.601677509,Regular,12,Create,Deployment,false
0.621878704,Regular,10,Create,ConfigMap,false
0.642253376,Regular,13,Update,Deployment,false
0.661740101,Regular,6,Delete,ConfigMap,false
0.682077744,Regular,6,Delete,Deployment,false
0.702191293,Regular,10,Create,Deployment,false
0.72226673,Regular,9,Create,ConfigMap,false
0.742170282,Regular,14,Update,Deployment,false
0.761697313,Regular,5,Delete,ConfigMap,false
0.781701435,Regular,5,Delete,Deployment,false
0.801797752,Regular,11,Create,Deployment,false
0.821925608,Regular,9,Create,ConfigMap,false
0.841862864,Regular,17,Update,Deployment,false
0.861440941,Regular,6,Delete,ConfigMap,false
0.881981027,Regular,6,Delete,Deployment,false
0.902315093,Regular,10,Create,Deployment,false
0.921661613,Regular,9,Create,ConfigMap,false
0.941540258,Regular,13,Update,Deployment,false
0.961709182,Regular,5,Delete,ConfigMap,false
0.981975209,Regular,6,Delete,Deployment,false
1.001828126,Regular,10,Create,Deployment,false
0.002593702,Regular,41,Create,Deployment,false
0.044034554,Regular,18,Create,ConfigMap,false
0.062826365,Regular,15,Update,Deployment,false
0.077902966,Regular,6,Delete,ConfigMap,false
0.08482127,Regular,7,Delete,Deployment,false
0.101814743,Regular,12,Create,Deployment,false
0.121361922,Regular,9,Create,ConfigMap,false
0.141531346,Regular,13,Update,Deployment,false
0.162132808,Regular,9,Delete,ConfigMap,false
0.181347238,Regular,6,Delete,Deployment,false
0.20197605,Regular,11,Create,Deployment,false
0.221511016,Regular,10,Create,ConfigMap,false
0.241873115,Regular,11,Update,Deployment,false
0.261824027,Regular,6,Delete,ConfigMap,false
0.282327183,Regular,4,Delete,Deployment,false
0.301679303,Regular,10,Create,Deployment,false
0.321893823,Regular,9,Create,ConfigMap,false
0.341581006,Regular,12,Update,Deployment,false
0.361255967,Regular,6,Delete,ConfigMap,false
0.381444087,Regular,6,Delete,Deployment,false
0.401447959,Regular,8,Create,Deployment,false
0.421701833,Regular,9,Create,ConfigMap,false
0.442150796,Regular,23,Update,Deployment,false
0.465516361,Regular,5,Delete,ConfigMap,false
0.481755879,Regular,6,Delete,Deployment,false
0.501445968,Regular,10,Create,Deployment,false
0.521695173,Regular,8,Create,ConfigMap,false
0.541471024,Regular,14,Update,Deployment,false
0.561403391,Regular,8,Delete,ConfigMap,false
0.58202975,Regular,7,Delete,Deployment,false
0.601771076,Regular,11,Create,Deployment,false
0.62177647,Regular,6,Create,ConfigMap,false
0.642212058,Regular,13,Update,Deployment,false
0.661767974,Regular,6,Delete,ConfigMap,false
0.682088183,Regular,6,Delete,Deployment,false
0.702334654,Regular,9,Create,Deployment,false
0.722328587,Regular,9,Create,ConfigMap,false
0.742027943,Regular,13,Update,Deployment,false
0.761618193,Regular,6,Delete,ConfigMap,false
0.781771528,Regular,5,Delete,Deployment,false
0.801825655,Regular,11,Create,Deployment,false
0.822021139,Regular,9,Create,ConfigMap,false
0.841782272,Regular,17,Update,Deployment,false
0.861393732,Regular,4,Delete,ConfigMap,false
0.881954817,Regular,6,Delete,Deployment,false
0.902311606,Regular,11,Create,Deployment,false
0.921605356,Regular,9,Create,ConfigMap,false
0.941463162,Regular,13,Update,Deployment,false
0.961779254,Regular,5,Delete,ConfigMap,false
0.981945753,Regular,6,Delete,Deployment,false
1.001845569,Regular,11,Create,Deployment,false
0.002224634,Regular,40,Create,Deployment,false
0.042956386,Regular,15,Create,ConfigMap,false
0.058075107,Regular,19,Update,Deployment,false
0.077150845,Regular,4,Delete,ConfigMap,false
0.081326035,Regular,5,Delete,Deployment,false
0.101884745,Regular,12,Create,Deployment,false
0.121396196,Regular,9,Create,ConfigMap,false
0.141574899,Regular,11,Update,Deployment,false
0.162110455,Regular,7,Delete,ConfigMap,false
0.181564458,Regular,7,Delete,Deployment,false
0.202272621,Regular,10,Create,Deployment,false
0.221652484,Regular,10,Create,ConfigMap,false
0.241905857,Regular,11,Update,Deployment,false
0.261881065,Regular,6,Delete,ConfigMap,false
0.282282859,Regular,5,Delete,Deployment,false
0.301700834,Regular,10,Create,Deployment,false
0.321999002,Regular,8,Create,ConfigMap,false
0.341449738,Regular,12,Update,Deployment,false
0.361360164,Regular,6,Delete,ConfigMap,false
0.381476398,Regular,5,Delete,Deployment,false
0.401368879,Regular,7,Create,Deployment,false
0.421762848,Regular,10,Create,ConfigMap,false
0.442296942,Regular,23,Update,Deployment,false
0.465990908,Regular,6,Delete,ConfigMap,false
0.481658525,Regular,7,Delete,Deployment,false
0.501347211,Regular,11,Create,Deployment,false
0.521819879,Regular,8,Create,ConfigMap,false
0.541549683,Regular,11,Update,Deployment,false
0.561411707,Regular,5,Delete,ConfigMap,false
0.582029599,Regular,6,Delete,Deployment,false
0.601712385,Regular,11,Create,Deployment,false
0.622018418,Regular,8,Create,ConfigMap,false
0.642242325,Regular,12,Update,Deployment,false
0.661785036,Regular,4,Delete,ConfigMap,false
0.682162353,Regular,6,Delete,Deployment,false
0.70232765,Regular,11,Create,Deployment,false
0.722297909,Regular,9,Create,ConfigMap,false
0.742079531,Regular,14,Update,Deployment,false
0.761784548,Regular,6,Delete,ConfigMap,false
0.781827453,Regular,4,Delete,Deployment,false
0.801908481,Regular,11,Create,Deployment,false
0.822048581,Regular,9,Create,ConfigMap,false
0.841840562,Regular,17,Update,Deployment,false
0.861470257,Regular,5,Delete,ConfigMap,false
0.882171176,Regular,6,Delete,Deployment,false
0.90232965,Regular,11,Create,Deployment,false
0.92167604,Regular,8,Create,ConfigMap,false
0.941537112,Regular,13,Update,Deployment,false
0.961754818,Regular,5,Delete,ConfigMap,false
0.982134861,Regular,6,Delete,Deployment,false
1.00193603,Regular,11,Create,Deployment,false
0.002236276,Regular,41,Create,Deployment,false
0.043351162,Regular,12,Create,ConfigMap,false
0.056109903,Regular,14,Update,Deployment,false
0.071023395,Regular,5,Delete,ConfigMap,false
0.081296799,Regular,6,Delete,Deployment,false
0.10186069,Regular,12,Create,Deployment,false
0.121423458,Regular,9,Create,ConfigMap,false
0.141758095,Regular,12,Update,Deployment,false
0.162071642,Regular,8,Delete,ConfigMap,false
0.181366574,Regular,6,Delete,Deployment,false
0.202085798,Regular,11,Create,Deployment,false
0.221656661,Regular,6,Create,ConfigMap,false
0.241930504,Regular,13,Update,Deployment,false
0.261905892,Regular,8,Delete,ConfigMap,false
0.282300162,Regular,7,Delete,Deployment,false
0.301787648,Regular,11,Create,Deployment,false
0.32194535,Regular,9,Create,ConfigMap,false
0.341448226,Regular,12,Update,Deployment,false
0.361458399,Regular,7,Delete,ConfigMap,false
0.381517035,Regular,6,Delete,Deployment,false
0.401283678,Regular,11,Create,Deployment,false
0.42174798,Regular,9,Create,ConfigMap,false
0.442193667,Regular,20,Update,Deployment,false
0.462946013,Regular,6,Delete,ConfigMap,false
0.481723438,Regular,7,Delete,Deployment,false
0.501297758,Regular,11,Create,Deployment,false
0.521788179,Regular,9,Create,ConfigMap,false
0.54155875,Regular,14,Update,Deployment,false
0.56135538,Regular,5,Delete,ConfigMap,false
0.582107216,Regular,5,Delete,Deployment,false
0.601753723,Regular,11,Create,Deployment,false
0.621883994,Regular,8,Create,ConfigMap,false
0.642218611,Regular,14,Update,Deployment,false
0.661812718,Regular,6,Delete,ConfigMap,false
0.682169898,Regular,6,Delete,Deployment,false
0.702330205,Regular,10,Create,Deployment,false
0.722331442,Regular,9,Create,ConfigMap,false
0.742071415,Regular,14,Update,Deployment,false
0.761781342,Regular,4,Delete,ConfigMap,false
0.781816132,Regular,5,Delete,Deployment,false
0.801903702,Regular,11,Create,Deployment,false
0.822030166,Regular,9,Create,ConfigMap,false
0.841876179,Regular,17,Update,Deployment,false
0.861422827,Regular,6,Delete,ConfigMap,false
0.882120139,Regular,6,Delete,Deployment,false
0.902277872,Regular,10,Create,Deployment,false
0.921628901,Regular,9,Create,ConfigMap,false
0.941585824,Regular,14,Update,Deployment,false
0.961828968,Regular,5,Delete,ConfigMap,false
0.981902902,Regular,6,Delete,Deployment,false
1.001926281,Regular,11,Create,Deployment,false
1.021738972,Regular,9,Create,ConfigMap,false
1.0417634630000001,Regular,15,Update,Deployment,false
1.06201914,Regular,6,Delete,ConfigMap,false
1.081998265,Regular,8,Delete,Deployment,false
1.101814342,Regular,8,Create,Deployment,false
1.122280879,Regular,15,Create,ConfigMap,false
1.141753657,Regular,15,Update,Deployment,false
1.162095928,Regular,5,Delete,ConfigMap,false
1.181466163,Regular,6,Delete,Deployment,false
1.202210334,Regular,10,Create,Deployment,false
1.221890153,Regular,8,Create,ConfigMap,false
1.241870271,Regular,16,Update,Deployment,false
1.2613990849999999,Regular,5,Delete,ConfigMap,false
1.28150503,Regular,5,Delete,Deployment,false
1.301714801,Regular,9,Create,Deployment,false
1.321927307,Regular,7,Create,ConfigMap,false
1.341661519,Regular,11,Update,Deployment,false
1.362085735,Regular,5,Delete,ConfigMap,false
1.381447494,Regular,6,Delete,Deployment,false
1.401959035,Regular,9,Create,Deployment,false
1.4214986299999999,Regular,9,Create,ConfigMap,false
1.441785957,Regular,11,Update,Deployment,false
1.461743101,Regular,6,Delete,ConfigMap,false
1.481232531,Regular,5,Delete,Deployment,false
1.5015196579999999,Regular,10,Create,Deployment,false
1.521967919,Regular,6,Create,ConfigMap,false
1.541530147,Regular,11,Update,Deployment,false
1.56211159,Regular,4,Delete,ConfigMap,false
1.581692764,Regular,4,Delete,Deployment,false
1.6017505669999998,Regular,8,Create,Deployment,false
1.6215682070000002,Regular,9,Create,ConfigMap,false
1.642025466,Regular,13,Update,Deployment,false
1.661931273,Regular,5,Delete,ConfigMap,false
1.681749824,Regular,6,Delete,Deployment,false
1.701582362,Regular,9,Create,Deployment,false
1.721604659,Regular,8,Create,ConfigMap,false
1.7420017639999998,Regular,11,Update,Deployment,false
1.761603015,Regular,5,Delete,ConfigMap,false
1.7822117,Regular,5,Delete,Deployment,false
1.8020879010000002,Regular,12,Create,Deployment,false
1.8215081400000002,Regular,9,Create,ConfigMap,false
1.841836094,Regular,11,Update,Deployment,false
1.8620470569999998,Regular,5,Delete,ConfigMap,false
1.8816201559999999,Regular,5,Delete,Deployment,false
1.901383122,Regular,10,Create,Deployment,false
1.922296463,Regular,8,Create,ConfigMap,false
1.941781655,Regular,11,Update,Deployment,false
1.961693683,Regular,5,Delete,ConfigMap,false
1.981894066,Regular,5,Delete,Deployment,false
1.02185426,Regular,9,Create,ConfigMap,false
1.041731162,Regular,14,Update,Deployment,false
1.06215117,Regular,5,Delete,ConfigMap,false
1.081967147,Regular,5,Delete,Deployment,false
1.10178654,Regular,10,Create,Deployment,false
1.122179066,Regular,18,Create,ConfigMap,false
1.141878162,Regular,14,Update,Deployment,false
1.162166021,Regular,6,Delete,ConfigMap,false
1.181578645,Regular,6,Delete,Deployment,false
1.20218727,Regular,10,Create,Deployment,false
1.22179338,Regular,8,Create,ConfigMap,false
1.241818833,Regular,12,Update,Deployment,false
1.2614578459999999,Regular,5,Delete,ConfigMap,false
1.281497896,Regular,7,Delete,Deployment,false
1.301760587,Regular,10,Create,Deployment,false
1.32197144,Regular,8,Create,ConfigMap,false
1.341594232,Regular,11,Update,Deployment,false
1.362033386,Regular,5,Delete,ConfigMap,false
1.381421905,Regular,4,Delete,Deployment,false
1.401911425,Regular,9,Create,Deployment,false
1.421533325,Regular,10,Create,ConfigMap,false
1.441841041,Regular,11,Update,Deployment,false
1.461672277,Regular,6,Delete,ConfigMap,false
1.481365883,Regular,5,Delete,Deployment,false
1.50144671,Regular,9,Create,Deployment,false
1.521884241,Regular,8,Create,ConfigMap,false
1.541317184,Regular,9,Update,Deployment,false
1.562092214,Regular,5,Delete,ConfigMap,false
1.581876831,Regular,5,Delete,Deployment,false
1.601704961,Regular,8,Create,Deployment,false
1.6217395909999999,Regular,9,Create,ConfigMap,false
1.6420870619999999,Regular,12,Update,Deployment,false
1.661958995,Regular,5,Delete,ConfigMap,false
1.6817169619999999,Regular,4,Delete,Deployment,false
1.701598273,Regular,8,Create,Deployment,false
1.721596584,Regular,8,Create,ConfigMap,false
1.742018947,Regular,11,Update,Deployment,false
1.761613415,Regular,5,Delete,ConfigMap,false
1.782160233,Regular,4,Delete,Deployment,false
1.802111575,Regular,16,Create,Deployment,false
1.821555639,Regular,8,Create,ConfigMap,false
1.841789205,Regular,11,Update,Deployment,false
1.862068287,Regular,4,Delete,ConfigMap,false
1.8816943959999999,Regular,5,Delete,Deployment,false
1.90136611,Regular,10,Create,Deployment,false
1.922216071,Regular,8,Create,ConfigMap,false
1.9417193670000001,Regular,11,Update,Deployment,false
1.961851571,Regular,5,Delete,ConfigMap,false
1.981840305,Regular,6,Delete,Deployment,false
1.021815426,Regular,9,Create,ConfigMap,false
1.041633136,Regular,12,Update,Deployment,false
1.062228346,Regular,6,Delete,ConfigMap,false
1.082242247,Regular,7,Delete,Deployment,false
1.101726166,Regular,12,Create,Deployment,false
1.122082384,Regular,16,Create,ConfigMap,false
1.1417658,Regular,13,Update,Deployment,false
1.162084857,Regular,5,Delete,ConfigMap,false
1.181553237,Regular,6,Delete,Deployment,false
1.202146303,Regular,10,Create,Deployment,false
1.221694033,Regular,8,Create,ConfigMap,false
1.241953789,Regular,16,Update,Deployment,false
1.261445362,Regular,5,Delete,ConfigMap,false
1.281477698,Regular,5,Delete,Deployment,false
1.301690024,Regular,9,Create,Deployment,false
1.321971771,Regular,8,Create,ConfigMap,false
1.341464256,Regular,10,Update,Deployment,false
1.362134878,Regular,5,Delete,ConfigMap,false
1.381446362,Regular,5,Delete,Deployment,false
1.401755891,Regular,9,Create,Deployment,false
1.421517505,Regular,8,Create,ConfigMap,false
1.4416930319999999,Regular,10,Update,Deployment,false
1.461702785,Regular,6,Delete,ConfigMap,false
1.481303194,Regular,5,Delete,Deployment,false
1.5015232649999999,Regular,9,Create,Deployment,false
1.521758363,Regular,8,Create,ConfigMap,false
1.541308127,Regular,11,Update,Deployment,false
1.5620027950000002,Regular,5,Delete,ConfigMap,false
1.5818100849999999,Regular,5,Delete,Deployment,false
1.601689322,Regular,7,Create,Deployment,false
1.621614315,Regular,9,Create,ConfigMap,false
1.6420071109999999,Regular,13,Update,Deployment,false
1.6618380670000001,Regular,5,Delete,ConfigMap,false
1.681737852,Regular,4,Delete,Deployment,false
1.701535995,Regular,8,Create,Deployment,false
1.721696873,Regular,8,Create,ConfigMap,false
1.7420324520000001,Regular,11,Update,Deployment,false
1.76158955,Regular,5,Delete,ConfigMap,false
1.782180802,Regular,5,Delete,Deployment,false
1.802168934,Regular,12,Create,Deployment,false
1.821368546,Regular,8,Create,ConfigMap,false
1.841847636,Regular,11,Update,Deployment,false
1.8620307459999998,Regular,5,Delete,ConfigMap,false
1.881688274,Regular,5,Delete,Deployment,false
1.9014473139999999,Regular,10,Create,Deployment,false
1.922244635,Regular,8,Create,ConfigMap,false
1.9418186739999999,Regular,11,Update,Deployment,false
1.961677492,Regular,5,Delete,ConfigMap,false
1.981781714,Regular,4,Delete,Deployment,false
1.002036109,Regular,11,Create,Deployment,false
1.021751245,Regular,9,Create,ConfigMap,false
1.041688691,Regular,14,Update,Deployment,false
1.062317925,Regular,6,Delete,ConfigMap,false
1.082064641,Regular,5,Delete,Deployment,false
1.101814433,Regular,12,Create,Deployment,false
1.122110958,Regular,18,Create,ConfigMap,false
1.14170229,Regular,14,Update,Deployment,false
1.16217081,Regular,5,Delete,ConfigMap,false
1.181395519,Regular,6,Delete,Deployment,false
1.202170298,Regular,10,Create,Deployment,false
1.221717357,Regular,8,Create,ConfigMap,false
1.241891751,Regular,11,Update,Deployment,false
1.261431055,Regular,5,Delete,ConfigMap,false
1.281488739,Regular,3,Delete,Deployment,false
1.3017047019999999,Regular,9,Create,Deployment,false
1.321911447,Regular,8,Create,ConfigMap,false
1.341484675,Regular,10,Update,Deployment,false
1.362073833,Regular,5,Delete,ConfigMap,false
1.381478803,Regular,6,Delete,Deployment,false
1.401740392,Regular,6,Create,Deployment,false
1.42144063,Regular,9,Create,ConfigMap,false
1.441795365,Regular,10,Update,Deployment,false
1.461686844,Regular,6,Delete,ConfigMap,false
1.48134857,Regular,5,Delete,Deployment,false
1.501602895,Regular,9,Create,Deployment,false
1.521849966,Regular,8,Create,ConfigMap,false
1.541365666,Regular,11,Update,Deployment,false
1.562039194,Regular,5,Delete,ConfigMap,false
1.581764309,Regular,4,Delete,Deployment,false
1.601676307,Regular,9,Create,Deployment,false
1.621708352,Regular,8,Create,ConfigMap,false
1.642040645,Regular,13,Update,Deployment,false
1.661911295,Regular,5,Delete,ConfigMap,false
1.6817899299999999,Regular,7,Delete,Deployment,false
1.701679456,Regular,8,Create,Deployment,false
1.7217030150000001,Regular,8,Create,ConfigMap,false
1.742139364,Regular,11,Update,Deployment,false
1.761673619,Regular,5,Delete,ConfigMap,false
1.782133312,Regular,5,Delete,Deployment,false
1.802175176,Regular,10,Create,Deployment,false
1.821395357,Regular,8,Create,ConfigMap,false
1.841702181,Regular,10,Update,Deployment,false
1.861994859,Regular,5,Delete,ConfigMap,false
1.881671082,Regular,5,Delete,Deployment,false
1.9014141709999999,Regular,10,Create,Deployment,false
1.922233865,Regular,8,Create,ConfigMap,false
1.9416800429999999,Regular,11,Update,Deployment,false
1.961599425,Regular,5,Delete,ConfigMap,false
1.981805829,Regular,5,Delete,Deployment,false
1.021639003,Regular,9,Create,ConfigMap,false
1.041709681,Regular,11,Update,Deployment,false
1.062060238,Regular,6,Delete,ConfigMap,false
1.081978959,Regular,8,Delete,Deployment,false
1.102035761,Regular,11,Create,Deployment,false
1.122066043,Regular,16,Create,ConfigMap,false
1.14155397,Regular,15,Update,Deployment,false
1.162273404,Regular,5,Delete,ConfigMap,false
1.1813693299999999,Regular,4,Delete,Deployment,false
1.202128499,Regular,8,Create,Deployment,false
1.22179865,Regular,7,Create,ConfigMap,false
1.24189648,Regular,15,Update,Deployment,false
1.261498593,Regular,4,Delete,ConfigMap,false
1.281431541,Regular,5,Delete,Deployment,false
1.301704341,Regular,9,Create,Deployment,false
1.321879176,Regular,7,Create,ConfigMap,false
1.341558534,Regular,12,Update,Deployment,false
1.3619983,Regular,5,Delete,ConfigMap,false
1.3814652170000001,Regular,4,Delete,Deployment,false
1.401874996,Regular,9,Create,Deployment,false
1.421547642,Regular,9,Create,ConfigMap,false
1.4417200430000001,Regular,11,Update,Deployment,false
1.46182745,Regular,6,Delete,ConfigMap,false
1.481368658,Regular,5,Delete,Deployment,false
1.501509318,Regular,9,Create,Deployment,false
1.521885063,Regular,8,Create,ConfigMap,false
1.541427853,Regular,11,Update,Deployment,false
1.562051036,Regular,5,Delete,ConfigMap,false
1.581746275,Regular,5,Delete,Deployment,false
1.6016397279999999,Regular,9,Create,Deployment,false
1.621573457,Regular,6,Create,ConfigMap,false
1.642140033,Regular,14,Update,Deployment,false
1.661806337,Regular,5,Delete,ConfigMap,false
1.681831088,Regular,7,Delete,Deployment,false
1.701528781,Regular,9,Create,Deployment,false
1.721566477,Regular,8,Create,ConfigMap,false
1.74201565,Regular,9,Update,Deployment,false
1.761559643,Regular,4,Delete,ConfigMap,false
1.782226037,Regular,5,Delete,Deployment,false
1.80219875,Regular,10,Create,Deployment,false
1.821477862,Regular,7,Create,ConfigMap,false
1.8416085039999999,Regular,12,Update,Deployment,false
1.8620409260000002,Regular,5,Delete,ConfigMap,false
1.8817481470000001,Regular,5,Delete,Deployment,false
1.901468844,Regular,9,Create,Deployment,false
1.922128706,Regular,8,Create,ConfigMap,false
1.941793587,Regular,9,Update,Deployment,false
1.961731865,Regular,5,Delete,ConfigMap,false
1.981754282,Regular,6,Delete,Deployment,false
1.021923801,Regular,9,Create,ConfigMap,false
1.041575117,Regular,15,Update,Deployment,false
1.062138546,Regular,6,Delete,ConfigMap,false
1.082256253,Regular,7,Delete,Deployment,false
1.101714063,Regular,11,Create,Deployment,false
1.122179297,Regular,17,Create,ConfigMap,false
1.141663897,Regular,15,Update,Deployment,false
1.162126706,Regular,5,Delete,ConfigMap,false
1.181359171,Regular,6,Delete,Deployment,false
1.202262943,Regular,10,Create,Deployment,false
1.221797388,Regular,8,Create,ConfigMap,false
1.241859811,Regular,12,Update,Deployment,false
1.261365241,Regular,5,Delete,ConfigMap,false
1.28155306,Regular,5,Delete,Deployment,false
1.301632876,Regular,10,Create,Deployment,false
1.321949549,Regular,8,Create,ConfigMap,false
1.341542063,Regular,10,Update,Deployment,false
1.3620097420000001,Regular,5,Delete,ConfigMap,false
1.381448917,Regular,4,Delete,Deployment,false
1.401724001,Regular,9,Create,Deployment,false
1.421513568,Regular,10,Create,ConfigMap,false
1.441747595,Regular,11,Update,Deployment,false
1.461824585,Regular,6,Delete,ConfigMap,false
1.481240936,Regular,5,Delete,Deployment,false
1.501420961,Regular,10,Create,Deployment,false
1.5219339349999998,Regular,8,Create,ConfigMap,false
1.541506702,Regular,11,Update,Deployment,false
1.561990311,Regular,5,Delete,ConfigMap,false
1.5817419670000001,Regular,4,Delete,Deployment,false
1.601591046,Regular,8,Create,Deployment,false
1.621631818,Regular,9,Create,ConfigMap,false
1.642113142,Regular,13,Update,Deployment,false
1.662006665,Regular,4,Delete,ConfigMap,false
1.681695642,Regular,7,Delete,Deployment,false
1.701679075,Regular,8,Create,Deployment,false
1.721750896,Regular,7,Create,ConfigMap,false
1.742021291,Regular,11,Update,Deployment,false
1.761699878,Regular,3,Delete,ConfigMap,false
1.782056737,Regular,4,Delete,Deployment,false
1.802042004,Regular,10,Create,Deployment,false
1.82138647,Regular,8,Create,ConfigMap,false
1.841676272,Regular,10,Update,Deployment,false
1.862077415,Regular,5,Delete,ConfigMap,false
1.881599877,Regular,5,Delete,Deployment,false
1.901484604,Regular,10,Create,Deployment,false
1.922162359,Regular,8,Create,ConfigMap,false
1.941706392,Regular,10,Update,Deployment,false
1.961619693,Regular,6,Delete,ConfigMap,false
1.981828813,Regular,5,Delete,Deployment,false
1.002163179,Regular,10,Create,Deployment,false
1.023063795,Regular,8,Create,ConfigMap,false
1.042981785,Regular,12,Update,Deployment,false
1.062339806,Regular,6,Delete,ConfigMap,false
1.082575947,Regular,7,Delete,Deployment,false
1.10309378,Regular,10,Create,Deployment,false
1.122464225,Regular,18,Create,ConfigMap,false
1.142986747,Regular,13,Update,Deployment,false
1.162360759,Regular,5,Delete,ConfigMap,false
1.182687521,Regular,5,Delete,Deployment,false
1.202503458,Regular,10,Create,Deployment,false
1.223029807,Regular,7,Create,ConfigMap,false
1.243632971,Regular,14,Update,Deployment,false
1.2627603569999999,Regular,4,Delete,ConfigMap,false
1.282831386,Regular,5,Delete,Deployment,false
1.30320138,Regular,8,Create,Deployment,false
1.322194351,Regular,8,Create,ConfigMap,false
1.342853351,Regular,10,Update,Deployment,false
1.3622554359999999,Regular,4,Delete,ConfigMap,false
1.382676136,Regular,5,Delete,Deployment,false
1.403576582,Regular,7,Create,Deployment,false
1.422823573,Regular,8,Create,ConfigMap,false
1.442987297,Regular,10,Update,Deployment,false
1.463080208,Regular,5,Delete,ConfigMap,false
1.482573605,Regular,4,Delete,Deployment,false
1.5028866509999999,Regular,7,Create,Deployment,false
1.523115127,Regular,7,Create,ConfigMap,false
1.542978323,Regular,9,Update,Deployment,false
1.562216759,Regular,5,Delete,ConfigMap,false
1.583031393,Regular,5,Delete,Deployment,false
1.6029601329999998,Regular,8,Create,Deployment,false
1.62304594,Regular,7,Create,ConfigMap,false
1.6422503910000001,Regular,13,Update,Deployment,false
1.663171366,Regular,4,Delete,ConfigMap,false
1.683110686,Regular,5,Delete,Deployment,false
1.703034376,Regular,8,Create,Deployment,false
1.7229250440000001,Regular,6,Create,ConfigMap,false
1.742182416,Regular,11,Update,Deployment,false
1.762911528,Regular,4,Delete,ConfigMap,false
1.78240726,Regular,5,Delete,Deployment,false
1.8024067929999998,Regular,9,Create,Deployment,false
1.822831651,Regular,7,Create,ConfigMap,false
1.842973814,Regular,10,Update,Deployment,false
1.8622182710000001,Regular,5,Delete,ConfigMap,false
1.88301965,Regular,5,Delete,Deployment,false
1.902774942,Regular,8,Create,Deployment,false
1.922435125,Regular,7,Create,ConfigMap,false
1.9430445509999998,Regular,9,Update,Deployment,false
1.963010361,Regular,4,Delete,ConfigMap,false
1.9831679229999999,Regular,5,Delete,Deployment,false
1.002142329,Regular,11,Create,Deployment,false
1.021753389,Regular,9,Create,ConfigMap,false
1.041673052,Regular,15,Update,Deployment,false
1.062138306,Regular,5,Delete,ConfigMap,false
1.082157917,Regular,6,Delete,Deployment,false
1.101700026,Regular,11,Create,Deployment,false
1.122057667,Regular,18,Create,ConfigMap,false
1.141703883,Regular,15,Update,Deployment,false
1.162110025,Regular,5,Delete,ConfigMap,false
1.181270423,Regular,6,Delete,Deployment,false
1.202160239,Regular,8,Create,Deployment,false
1.221731293,Regular,8,Create,ConfigMap,false
1.241908473,Regular,16,Update,Deployment,false
1.2613320080000001,Regular,5,Delete,ConfigMap,false
1.281463421,Regular,4,Delete,Deployment,false
1.301676328,Regular,10,Create,Deployment,false
1.321954638,Regular,8,Create,ConfigMap,false
1.3415427549999999,Regular,12,Update,Deployment,false
1.361930482,Regular,5,Delete,ConfigMap,false
1.381385697,Regular,7,Delete,Deployment,false
1.4018612400000001,Regular,9,Create,Deployment,false
1.421476097,Regular,9,Create,ConfigMap,false
1.441747615,Regular,11,Update,Deployment,false
1.461713224,Regular,6,Delete,ConfigMap,false
1.481379298,Regular,5,Delete,Deployment,false
1.501525158,Regular,10,Create,Deployment,false
1.521837112,Regular,8,Create,ConfigMap,false
1.54133611,Regular,10,Update,Deployment,false
1.562154902,Regular,5,Delete,ConfigMap,false
1.581793945,Regular,5,Delete,Deployment,false
1.601702126,Regular,9,Create,Deployment,false
1.621606249,Regular,9,Create,ConfigMap,false
1.642109555,Regular,12,Update,Deployment,false
1.661816376,Regular,5,Delete,ConfigMap,false
1.681794198,Regular,6,Delete,Deployment,false
1.701684285,Regular,8,Create,Deployment,false
1.7216903609999998,Regular,5,Create,ConfigMap,false
1.742099649,Regular,9,Update,Deployment,false
1.7616341439999998,Regular,5,Delete,ConfigMap,false
1.7821044270000002,Regular,5,Delete,Deployment,false
1.802250678,Regular,11,Create,Deployment,false
1.821420023,Regular,8,Create,ConfigMap,false
1.841859478,Regular,10,Update,Deployment,false
1.862020567,Regular,5,Delete,ConfigMap,false
1.8816512140000001,Regular,5,Delete,Deployment,false
1.901483271,Regular,10,Create,Deployment,false
1.922296984,Regular,8,Create,ConfigMap,false
1.94182134,Regular,11,Update,Deployment,false
1.961730352,Regular,5,Delete,ConfigMap,false
1.981900057,Regular,6,Delete,Deployment,false
2.001664407,Regular,8,Create,Deployment,false
1.001902125,Regular,10,Create,Deployment,false
1.021724264,Regular,9,Create,ConfigMap,false
1.041619931,Regular,13,Update,Deployment,false
1.062168232,Regular,6,Delete,ConfigMap,false
1.082245473,Regular,8,Delete,Deployment,false
1.101765841,Regular,12,Create,Deployment,false
1.122206047,Regular,17,Create,ConfigMap,false
1.141666522,Regular,15,Update,Deployment,false
1.162024604,Regular,5,Delete,ConfigMap,false
1.181293487,Regular,6,Delete,Deployment,false
1.202222166,Regular,8,Create,Deployment,false
1.221710664,Regular,7,Create,ConfigMap,false
1.241971241,Regular,16,Update,Deployment,false
1.261469288,Regular,5,Delete,ConfigMap,false
1.281562398,Regular,5,Delete,Deployment,false
1.301575588,Regular,9,Create,Deployment,false
1.321912619,Regular,8,Create,ConfigMap,false
1.34155063,Regular,12,Update,Deployment,false
1.362069234,Regular,5,Delete,ConfigMap,false
1.381427696,Regular,7,Delete,Deployment,false
1.401910864,Regular,9,Create,Deployment,false
1.421497497,Regular,8,Create,ConfigMap,false
1.441799823,Regular,11,Update,Deployment,false
1.461834694,Regular,6,Delete,ConfigMap,false
1.481324745,Regular,5,Delete,Deployment,false
1.501492266,Regular,7,Create,Deployment,false
1.521848083,Regular,8,Create,ConfigMap,false
1.541291396,Regular,11,Update,Deployment,false
1.562077406,Regular,5,Delete,ConfigMap,false
1.581736867,Regular,5,Delete,Deployment,false
1.601553435,Regular,9,Create,Deployment,false
1.621661133,Regular,9,Create,ConfigMap,false
1.6421593589999999,Regular,13,Update,Deployment,false
1.6618309629999999,Regular,5,Delete,ConfigMap,false
1.681839333,Regular,7,Delete,Deployment,false
1.7017502,Regular,8,Create,Deployment,false
1.721690411,Regular,7,Create,ConfigMap,false
1.7419838699999999,Regular,11,Update,Deployment,false
1.761712903,Regular,5,Delete,ConfigMap,false
1.782286491,Regular,5,Delete,Deployment,false
1.8021985900000002,Regular,12,Create,Deployment,false
1.821355381,Regular,9,Create,ConfigMap,false
1.841617912,Regular,10,Update,Deployment,false
1.862003435,Regular,5,Delete,ConfigMap,false
1.881713021,Regular,3,Delete,Deployment,false
1.901342866,Regular,9,Create,Deployment,false
1.922151569,Regular,8,Create,ConfigMap,false
1.941766796,Regular,11,Update,Deployment,false
1.9617489369999999,Regular,5,Delete,ConfigMap,false
1.981883246,Regular,4,Delete,Deployment,false
2.001781999,Regular,9,Create,Deployment,false
1.021693866,Regular,9,Create,ConfigMap,false
1.041655008,Regular,14,Update,Deployment,false
1.062027266,Regular,5,Delete,ConfigMap,false
1.081932952,Regular,6,Delete,Deployment,false
1.101915233,Regular,10,Create,Deployment,false
1.122116428,Regular,17,Create,ConfigMap,false
1.141734922,Regular,15,Update,Deployment,false
1.162256802,Regular,5,Delete,ConfigMap,false
1.181349973,Regular,6,Delete,Deployment,false
1.202285255,Regular,10,Create,Deployment,false
1.2217466319999999,Regular,8,Create,ConfigMap,false
1.24177473,Regular,16,Update,Deployment,false
1.2614618229999999,Regular,5,Delete,ConfigMap,false
1.281539274,Regular,6,Delete,Deployment,false
1.301706705,Regular,10,Create,Deployment,false
1.321950921,Regular,8,Create,ConfigMap,false
1.341513129,Regular,9,Update,Deployment,false
1.362070807,Regular,5,Delete,ConfigMap,false
1.3813260139999999,Regular,4,Delete,Deployment,false
1.401840601,Regular,9,Create,Deployment,false
1.42156227,Regular,9,Create,ConfigMap,false
1.441778904,Regular,11,Update,Deployment,false
1.461825907,Regular,4,Delete,ConfigMap,false
1.481310959,Regular,5,Delete,Deployment,false
1.501392477,Regular,9,Create,Deployment,false
1.521785835,Regular,8,Create,ConfigMap,false
1.54140496,Regular,11,Update,Deployment,false
1.5620828960000002,Regular,5,Delete,ConfigMap,false
1.581624114,Regular,4,Delete,Deployment,false
1.6015660889999999,Regular,9,Create,Deployment,false
1.621782773,Regular,9,Create,ConfigMap,false
1.642164389,Regular,13,Update,Deployment,false
1.6619044920000001,Regular,5,Delete,ConfigMap,false
1.6817885270000001,Regular,7,Delete,Deployment,false
1.701716075,Regular,8,Create,Deployment,false
1.721601744,Regular,8,Create,ConfigMap,false
1.741945648,Regular,11,Update,Deployment,false
1.761667587,Regular,5,Delete,ConfigMap,false
1.782141417,Regular,5,Delete,Deployment,false
1.8021018469999999,Regular,12,Create,Deployment,false
1.82146063,Regular,8,Create,ConfigMap,false
1.8416298740000001,Regular,10,Update,Deployment,false
1.8620134240000001,Regular,5,Delete,ConfigMap,false
1.8817041639999998,Regular,5,Delete,Deployment,false
1.9014657879999999,Regular,10,Create,Deployment,false
1.922250937,Regular,5,Create,ConfigMap,false
1.941828513,Regular,11,Update,Deployment,false
1.961593283,Regular,6,Delete,ConfigMap,false
1.981900819,Regular,6,Delete,Deployment,false
2.001849917,Regular,9,Create,Deployment,false
2.003027653,Regular,8,Create,Deployment,false
2.023132776,Regular,7,Create,ConfigMap,false
2.042194558,Regular,13,Update,Deployment,false
2.062474932,Regular,4,Delete,ConfigMap,false
2.082267795,Regular,5,Delete,Deployment,false
2.103202095,Regular,8,Create,Deployment,false
2.123056425,Regular,7,Create,ConfigMap,false
2.143037864,Regular,10,Update,Deployment,false
2.162857829,Regular,5,Delete,ConfigMap,false
2.182680919,Regular,5,Delete,Deployment,false
2.20216541,Regular,9,Create,Deployment,false
2.223084962,Regular,6,Create,ConfigMap,false
2.242791011,Regular,9,Update,Deployment,false
2.2626768999999998,Regular,4,Delete,ConfigMap,false
2.282533724,Regular,5,Delete,Deployment,false
2.30222235,Regular,9,Create,Deployment,false
2.323170507,Regular,7,Create,ConfigMap,false
2.343417859,Regular,11,Update,Deployment,false
2.3623558559999998,Regular,4,Delete,ConfigMap,false
2.382290467,Regular,5,Delete,Deployment,false
2.402332962,Regular,8,Create,Deployment,false
2.422639616,Regular,6,Create,ConfigMap,false
2.442228654,Regular,22,Update,Deployment,false
2.464541119,Regular,20,Delete,ConfigMap,false
2.485044274,Regular,19,Delete,Deployment,false
2.504959058,Regular,38,Create,Deployment,false
2.543777404,Regular,40,Create,ConfigMap,false
2.584152853,Regular,61,Update,Deployment,false
2.645558673,Regular,20,Delete,ConfigMap,false
2.66604121,Regular,20,Delete,Deployment,false
2.686116807,Regular,38,Create,Deployment,false
2.724295625,Regular,39,Create,ConfigMap,false
2.764265106,Regular,61,Update,Deployment,false
2.825727754,Regular,20,Delete,ConfigMap,false
2.845808451,Regular,20,Delete,Deployment,false
2.865961455,Regular,38,Create,Deployment,false
2.904746749,Regular,39,Create,ConfigMap,false
2.944056324,Regular,61,Update,Deployment,false
2.001635712,Regular,9,Create,Deployment,false
2.021909555,Regular,8,Create,ConfigMap,false
2.041982898,Regular,14,Update,Deployment,false
2.062249085,Regular,5,Delete,ConfigMap,false
2.082202021,Regular,7,Delete,Deployment,false
2.101950059,Regular,9,Create,Deployment,false
2.121748042,Regular,7,Create,ConfigMap,false
2.141539423,Regular,12,Update,Deployment,false
2.16158333,Regular,5,Delete,ConfigMap,false
2.181349633,Regular,6,Delete,Deployment,false
2.202101679,Regular,9,Create,Deployment,false
2.221709513,Regular,7,Create,ConfigMap,false
2.241565064,Regular,11,Update,Deployment,false
2.261281152,Regular,5,Delete,ConfigMap,false
2.282186959,Regular,3,Delete,Deployment,false
2.302209326,Regular,9,Create,Deployment,false
2.321801009,Regular,8,Create,ConfigMap,false
2.341488873,Regular,14,Update,Deployment,false
2.362173802,Regular,5,Delete,ConfigMap,false
2.38210685,Regular,5,Delete,Deployment,false
2.402071308,Regular,9,Create,Deployment,false
2.42129237,Regular,7,Create,ConfigMap,false
2.4422976849999998,Regular,24,Update,Deployment,false
2.46728822,Regular,20,Delete,ConfigMap,false
2.488183046,Regular,19,Delete,Deployment,false
2.5080149130000002,Regular,38,Create,Deployment,false
2.54636315,Regular,39,Create,ConfigMap,false
2.586214839,Regular,61,Update,Deployment,false
2.647341382,Regular,20,Delete,ConfigMap,false
2.66816333,Regular,20,Delete,Deployment,false
2.688656998,Regular,38,Create,Deployment,false
2.72670581,Regular,39,Create,ConfigMap,false
2.766168313,Regular,61,Update,Deployment,false
2.827631732,Regular,20,Delete,ConfigMap,false
2.847724843,Regular,20,Delete,Deployment,false
2.867919295,Regular,38,Create,Deployment,false
2.906114814,Regular,40,Create,ConfigMap,false
2.946549154,Regular,60,Update,Deployment,false
2.001633598,Regular,9,Create,Deployment,false
2.021898864,Regular,8,Create,ConfigMap,false
2.042029586,Regular,12,Update,Deployment,false
2.062262761,Regular,5,Delete,ConfigMap,false
2.082253889,Regular,6,Delete,Deployment,false
2.101951753,Regular,9,Create,Deployment,false
2.121770765,Regular,8,Create,ConfigMap,false
2.141480181,Regular,12,Update,Deployment,false
2.161565286,Regular,5,Delete,ConfigMap,false
2.181449161,Regular,6,Delete,Deployment,false
2.202166772,Regular,9,Create,Deployment,false
2.221868593,Regular,7,Create,ConfigMap,false
2.2415424919999998,Regular,11,Update,Deployment,false
2.261304006,Regular,5,Delete,ConfigMap,false
2.282201917,Regular,4,Delete,Deployment,false
2.302229694,Regular,9,Create,Deployment,false
2.3218110579999998,Regular,8,Create,ConfigMap,false
2.341503451,Regular,14,Update,Deployment,false
2.362175976,Regular,4,Delete,ConfigMap,false
2.3820418070000002,Regular,4,Delete,Deployment,false
2.402025351,Regular,9,Create,Deployment,false
2.421279506,Regular,5,Create,ConfigMap,false
2.442434864,Regular,23,Update,Deployment,false
2.466326653,Regular,20,Delete,ConfigMap,false
2.487173889,Regular,19,Delete,Deployment,false
2.506977612,Regular,38,Create,Deployment,false
2.54532027,Regular,42,Create,ConfigMap,false
2.588063172,Regular,61,Update,Deployment,false
2.649874068,Regular,20,Delete,ConfigMap,false
2.670345123,Regular,20,Delete,Deployment,false
2.690428275,Regular,37,Create,Deployment,false
2.728261049,Regular,40,Create,ConfigMap,false
2.768682093,Regular,60,Update,Deployment,false
2.829349959,Regular,20,Delete,ConfigMap,false
2.84989805,Regular,20,Delete,Deployment,false
2.8701366249999998,Regular,38,Create,Deployment,false
2.908226935,Regular,40,Create,ConfigMap,false
2.9484406180000002,Regular,60,Update,Deployment,false
2.021821518,Regular,8,Create,ConfigMap,false
2.041890122,Regular,13,Update,Deployment,false
2.062252772,Regular,5,Delete,ConfigMap,false
2.082314313,Regular,6,Delete,Deployment,false
2.101951512,Regular,9,Create,Deployment,false
2.121784852,Regular,5,Create,ConfigMap,false
2.141562727,Regular,12,Update,Deployment,false
2.161680153,Regular,5,Delete,ConfigMap,false
2.181407493,Regular,6,Delete,Deployment,false
2.201972675,Regular,6,Create,Deployment,false
2.221776269,Regular,8,Create,ConfigMap,false
2.241560205,Regular,12,Update,Deployment,false
2.261363909,Regular,5,Delete,ConfigMap,false
2.282248846,Regular,5,Delete,Deployment,false
2.302095921,Regular,9,Create,Deployment,false
2.321864789,Regular,8,Create,ConfigMap,false
2.341429371,Regular,14,Update,Deployment,false
2.362233455,Regular,4,Delete,ConfigMap,false
2.381983918,Regular,5,Delete,Deployment,false
2.402137022,Regular,8,Create,Deployment,false
2.421365438,Regular,7,Create,ConfigMap,false
2.442182096,Regular,30,Update,Deployment,false
2.472626408,Regular,20,Delete,ConfigMap,false
2.493305456,Regular,19,Delete,Deployment,false
2.512896888,Regular,39,Create,Deployment,false
2.5521143090000002,Regular,39,Create,ConfigMap,false
2.591207564,Regular,62,Update,Deployment,false
2.653847096,Regular,17,Delete,ConfigMap,false
2.671157418,Regular,19,Delete,Deployment,false
2.691163865,Regular,38,Create,Deployment,false
2.7296634490000002,Regular,39,Create,ConfigMap,false
2.769419046,Regular,62,Update,Deployment,false
2.831638033,Regular,19,Delete,ConfigMap,false
2.850853696,Regular,20,Delete,Deployment,false
2.871252183,Regular,38,Create,Deployment,false
2.909553202,Regular,39,Create,ConfigMap,false
2.949210453,Regular,61,Update,Deployment,false
2.001681158,Regular,9,Create,Deployment,false
2.021766925,Regular,9,Create,ConfigMap,false
2.042003897,Regular,14,Update,Deployment,false
2.062341891,Regular,5,Delete,ConfigMap,false
2.082379597,Regular,7,Delete,Deployment,false
2.101915153,Regular,9,Create,Deployment,false
2.121941989,Regular,8,Create,ConfigMap,false
2.141414156,Regular,12,Update,Deployment,false
2.161617555,Regular,5,Delete,ConfigMap,false
2.181392214,Regular,4,Delete,Deployment,false
2.20199112,Regular,9,Create,Deployment,false
2.221740311,Regular,8,Create,ConfigMap,false
2.241612965,Regular,12,Update,Deployment,false
2.26135374,Regular,5,Delete,ConfigMap,false
2.282194744,Regular,5,Delete,Deployment,false
2.302233281,Regular,9,Create,Deployment,false
2.321891269,Regular,7,Create,ConfigMap,false
2.341468465,Regular,13,Update,Deployment,false
2.362149005,Regular,5,Delete,ConfigMap,false
2.381928523,Regular,5,Delete,Deployment,false
2.402229106,Regular,8,Create,Deployment,false
2.421343377,Regular,7,Create,ConfigMap,false
2.442328743,Regular,28,Update,Deployment,false
2.470714124,Regular,20,Delete,ConfigMap,false
2.491552934,Regular,19,Delete,Deployment,false
2.5108715310000003,Regular,39,Create,Deployment,false
2.550258912,Regular,39,Create,ConfigMap,false
2.589360153,Regular,64,Update,Deployment,false
2.653847717,Regular,19,Delete,ConfigMap,false
2.672883229,Regular,20,Delete,Deployment,false
2.692975779,Regular,38,Create,Deployment,false
2.731413075,Regular,39,Create,ConfigMap,false
2.771389069,Regular,61,Update,Deployment,false
2.83298039,Regular,19,Delete,ConfigMap,false
2.852690777,Regular,20,Delete,Deployment,false
2.873231313,Regular,38,Create,Deployment,false
2.911432443,Regular,39,Create,ConfigMap,false
2.951081709,Regular,61,Update,Deployment,false
2.021693897,Regular,9,Create,ConfigMap,false
2.041981675,Regular,12,Update,Deployment,false
2.062198961,Regular,5,Delete,ConfigMap,false
2.082375318,Regular,4,Delete,Deployment,false
2.101954828,Regular,9,Create,Deployment,false
2.121784671,Regular,8,Create,ConfigMap,false
2.141468739,Regular,12,Update,Deployment,false
2.161440029,Regular,5,Delete,ConfigMap,false
2.181541205,Regular,6,Delete,Deployment,false
2.202092071,Regular,8,Create,Deployment,false
2.221719401,Regular,7,Create,ConfigMap,false
2.24145694,Regular,12,Update,Deployment,false
2.2613388309999998,Regular,5,Delete,ConfigMap,false
2.282497946,Regular,4,Delete,Deployment,false
2.302085371,Regular,9,Create,Deployment,false
2.322028438,Regular,8,Create,ConfigMap,false
2.341369828,Regular,8,Update,Deployment,false
2.362054066,Regular,5,Delete,ConfigMap,false
2.382072796,Regular,5,Delete,Deployment,false
2.40207754,Regular,8,Create,Deployment,false
2.421323008,Regular,7,Create,ConfigMap,false
2.442287926,Regular,33,Update,Deployment,false
2.476048785,Regular,18,Delete,ConfigMap,false
2.49442954,Regular,19,Delete,Deployment,false
2.514028998,Regular,38,Create,Deployment,false
2.552442068,Regular,39,Create,ConfigMap,false
2.59240099,Regular,62,Update,Deployment,false
2.654413887,Regular,19,Delete,ConfigMap,false
2.673987276,Regular,19,Delete,Deployment,false
2.693975057,Regular,38,Create,Deployment,false
2.732289952,Regular,41,Create,ConfigMap,false
2.773446066,Regular,61,Update,Deployment,false
2.8352224870000002,Regular,19,Delete,ConfigMap,false
2.854781719,Regular,20,Delete,Deployment,false
2.875329248,Regular,38,Create,Deployment,false
2.9134998100000002,Regular,39,Create,ConfigMap,false
2.95307729,Regular,61,Update,Deployment,false
2.021782514,Regular,8,Create,ConfigMap,false
2.042054062,Regular,14,Update,Deployment,false
2.062234678,Regular,5,Delete,ConfigMap,false
2.082336916,Regular,6,Delete,Deployment,false
2.101937826,Regular,9,Create,Deployment,false
2.121806843,Regular,7,Create,ConfigMap,false
2.141503685,Regular,10,Update,Deployment,false
2.161549777,Regular,5,Delete,ConfigMap,false
2.18132142,Regular,6,Delete,Deployment,false
2.202066723,Regular,9,Create,Deployment,false
2.22175571,Regular,5,Create,ConfigMap,false
2.241415271,Regular,12,Update,Deployment,false
2.2614113590000002,Regular,5,Delete,ConfigMap,false
2.282397637,Regular,5,Delete,Deployment,false
2.302244602,Regular,8,Create,Deployment,false
2.321749501,Regular,8,Create,ConfigMap,false
2.341349961,Regular,10,Update,Deployment,false
2.362133476,Regular,5,Delete,ConfigMap,false
2.381994809,Regular,5,Delete,Deployment,false
2.401954757,Regular,9,Create,Deployment,false
2.421380337,Regular,7,Create,ConfigMap,false
2.442282366,Regular,36,Update,Deployment,false
2.478405279,Regular,18,Delete,ConfigMap,false
2.497135784,Regular,20,Delete,Deployment,false
2.517219527,Regular,38,Create,Deployment,false
2.5555244630000002,Regular,39,Create,ConfigMap,false
2.595400428,Regular,61,Update,Deployment,false
2.656568629,Regular,20,Delete,ConfigMap,false
2.677043321,Regular,20,Delete,Deployment,false
2.697329165,Regular,37,Create,Deployment,false
2.735237342,Regular,40,Create,ConfigMap,false
2.775309888,Regular,61,Update,Deployment,false
2.836724034,Regular,21,Delete,ConfigMap,false
2.858060935,Regular,19,Delete,Deployment,false
2.8771594560000002,Regular,38,Create,Deployment,false
2.915592635,Regular,39,Create,ConfigMap,false
2.9553656950000002,Regular,61,Update,Deployment,false
2.001861299,Regular,6,Create,Deployment,false
2.021815817,Regular,9,Create,ConfigMap,false
2.041987767,Regular,11,Update,Deployment,false
2.06217741,Regular,5,Delete,ConfigMap,false
2.082184788,Regular,7,Delete,Deployment,false
2.101863486,Regular,9,Create,Deployment,false
2.121839846,Regular,7,Create,ConfigMap,false
2.141494418,Regular,12,Update,Deployment,false
2.161568442,Regular,5,Delete,ConfigMap,false
2.181334955,Regular,5,Delete,Deployment,false
2.202052246,Regular,9,Create,Deployment,false
2.221821685,Regular,7,Create,ConfigMap,false
2.241481927,Regular,11,Update,Deployment,false
2.261386131,Regular,5,Delete,ConfigMap,false
2.282201997,Regular,5,Delete,Deployment,false
2.302358197,Regular,9,Create,Deployment,false
2.321971411,Regular,7,Create,ConfigMap,false
2.341468244,Regular,14,Update,Deployment,false
2.3620648060000002,Regular,5,Delete,ConfigMap,false
2.38209588,Regular,5,Delete,Deployment,false
2.402086817,Regular,8,Create,Deployment,false
2.421487509,Regular,7,Create,ConfigMap,false
2.442245175,Regular,36,Update,Deployment,false
2.478710405,Regular,19,Delete,ConfigMap,false
2.49785877,Regular,20,Delete,Deployment,false
2.517897618,Regular,40,Create,Deployment,false
2.558103927,Regular,39,Create,ConfigMap,false
2.597323993,Regular,60,Update,Deployment,false
2.657736957,Regular,20,Delete,ConfigMap,false
2.678209114,Regular,20,Delete,Deployment,false
2.698306813,Regular,37,Create,Deployment,false
2.736124278,Regular,40,Create,ConfigMap,false
2.776425466,Regular,61,Update,Deployment,false
2.837773157,Regular,21,Delete,ConfigMap,false
2.8589169229999998,Regular,18,Delete,Deployment,false
2.877786191,Regular,39,Create,Deployment,false
2.917497064,Regular,41,Create,ConfigMap,false
2.958696149,Regular,58,Update,Deployment,false
2.001717988,Regular,8,Create,Deployment,false
2.021723904,Regular,8,Create,ConfigMap,false
2.042015559,Regular,8,Update,Deployment,false
2.062140149,Regular,4,Delete,ConfigMap,false
2.082087004,Regular,5,Delete,Deployment,false
2.101856292,Regular,9,Create,Deployment,false
2.121710862,Regular,8,Create,ConfigMap,false
2.141450054,Regular,12,Update,Deployment,false
2.161537894,Regular,5,Delete,ConfigMap,false
2.181314397,Regular,6,Delete,Deployment,false
2.202075299,Regular,8,Create,Deployment,false
2.22181933,Regular,8,Create,ConfigMap,false
2.241525079,Regular,10,Update,Deployment,false
2.261425846,Regular,5,Delete,ConfigMap,false
2.282249677,Regular,5,Delete,Deployment,false
2.30214815,Regular,9,Create,Deployment,false
2.321831697,Regular,7,Create,ConfigMap,false
2.341510815,Regular,10,Update,Deployment,false
2.3621620500000002,Regular,5,Delete,ConfigMap,false
2.382068067,Regular,5,Delete,Deployment,false
2.402240137,Regular,8,Create,Deployment,false
2.421380597,Regular,7,Create,ConfigMap,false
2.44222085,Regular,26,Update,Deployment,false
2.468979316,Regular,20,Delete,ConfigMap,false
2.489339661,Regular,19,Delete,Deployment,false
2.508852556,Regular,38,Create,Deployment,false
2.5477273179999997,Regular,37,Create,ConfigMap,false
2.585427862,Regular,61,Update,Deployment,false
2.646498439,Regular,20,Delete,ConfigMap,false
2.6671181649999998,Regular,20,Delete,Deployment,false
2.687328898,Regular,37,Create,Deployment,false
2.725292619,Regular,39,Create,ConfigMap,false
2.764958146,Regular,61,Update,Deployment,false
2.826497018,Regular,20,Delete,ConfigMap,false
2.846826355,Regular,20,Delete,Deployment,false
2.8669458150000002,Regular,38,Create,Deployment,false
2.905306898,Regular,39,Create,ConfigMap,false
2.945267532,Regular,61,Update,Deployment,false
3.006997155,Regular,19,Delete,ConfigMap,false
2.001696487,Regular,9,Create,Deployment,false
2.021824985,Regular,8,Create,ConfigMap,false
2.04192593,Regular,12,Update,Deployment,false
2.06228318,Regular,5,Delete,ConfigMap,false
2.082242718,Regular,7,Delete,Deployment,false
2.10195021,Regular,9,Create,Deployment,false
2.121824857,Regular,8,Create,ConfigMap,false
2.141558759,Regular,12,Update,Deployment,false
2.161453465,Regular,5,Delete,ConfigMap,false
2.181369501,Regular,6,Delete,Deployment,false
2.202233027,Regular,9,Create,Deployment,false
2.2218156430000002,Regular,8,Create,ConfigMap,false
2.24159959,Regular,12,Update,Deployment,false
2.261344963,Regular,5,Delete,ConfigMap,false
2.282155149,Regular,4,Delete,Deployment,false
2.3021338829999998,Regular,9,Create,Deployment,false
2.321960159,Regular,8,Create,ConfigMap,false
2.3414740849999998,Regular,13,Update,Deployment,false
2.362192147,Regular,5,Delete,ConfigMap,false
2.382211067,Regular,5,Delete,Deployment,false
2.401982941,Regular,7,Create,Deployment,false
2.421381108,Regular,7,Create,ConfigMap,false
2.442343962,Regular,34,Update,Deployment,false
2.476493155,Regular,18,Delete,ConfigMap,false
2.495399663,Regular,19,Delete,Deployment,false
2.515043254,Regular,38,Create,Deployment,false
2.553424745,Regular,39,Create,ConfigMap,false
2.592998178,Regular,61,Update,Deployment,false
2.654978995,Regular,20,Delete,ConfigMap,false
2.675046026,Regular,20,Delete,Deployment,false
2.695079715,Regular,38,Create,Deployment,false
2.734036703,Regular,37,Create,ConfigMap,false
2.7720281570000003,Regular,61,Update,Deployment,false
2.83383751,Regular,19,Delete,ConfigMap,false
2.8537031600000002,Regular,20,Delete,Deployment,false
2.8743800840000002,Regular,37,Create,Deployment,false
2.912228998,Regular,40,Create,ConfigMap,false
2.952386725,Regular,61,Update,Deployment,false
3.01370984,Regular,20,Delete,ConfigMap,false
3.005362496,Regular,20,Delete,ConfigMap,false
3.025628343,Regular,19,Delete,Deployment,false
3.045613399,Regular,38,Create,Deployment,false
3.084524961,Regular,39,Create,ConfigMap,false
3.124444458,Regular,60,Update,Deployment,false
3.185393205,Regular,20,Delete,ConfigMap,false
3.206105315,Regular,21,Delete,Deployment,false
3.22739636,Regular,37,Create,Deployment,false
3.264961929,Regular,38,Create,ConfigMap,false
3.303289738,Regular,61,Update,Deployment,false
3.364620797,Regular,20,Delete,ConfigMap,false
3.38511234,Regular,19,Delete,Deployment,false
3.4049880200000002,Regular,38,Create,Deployment,false
3.443689205,Regular,40,Create,ConfigMap,false
3.483876578,Regular,60,Update,Deployment,false
3.544596853,Regular,20,Delete,ConfigMap,false
3.565223983,Regular,20,Delete,Deployment,false
3.585603495,Regular,37,Create,Deployment,false
3.62329405,Regular,40,Create,ConfigMap,false
3.663513864,Regular,60,Update,Deployment,false
3.724381898,Regular,20,Delete,ConfigMap,false
3.744795625,Regular,20,Delete,Deployment,false
3.765095626,Regular,38,Create,Deployment,false
3.803703455,Regular,39,Create,ConfigMap,false
3.8430370849999997,Regular,61,Update,Deployment,false
3.904550268,Regular,20,Delete,ConfigMap,false
3.924898571,Regular,19,Delete,Deployment,false
3.944777337,Regular,38,Create,Deployment,false
3.983240281,Regular,40,Create,ConfigMap,false
3.026707813,Regular,19,Delete,Deployment,false
3.046604682,Regular,38,Create,Deployment,false
3.085290839,Regular,39,Create,ConfigMap,false
3.125124523,Regular,61,Update,Deployment,false
3.1862738090000002,Regular,20,Delete,ConfigMap,false
3.207211025,Regular,20,Delete,Deployment,false
3.228127241,Regular,37,Create,Deployment,false
3.265804581,Regular,39,Create,ConfigMap,false
3.305017964,Regular,61,Update,Deployment,false
3.366809423,Regular,20,Delete,ConfigMap,false
3.387029213,Regular,20,Delete,Deployment,false
3.407391662,Regular,37,Create,Deployment,false
3.445211381,Regular,39,Create,ConfigMap,false
3.485164863,Regular,61,Update,Deployment,false
3.546639864,Regular,20,Delete,ConfigMap,false
3.56746638,Regular,20,Delete,Deployment,false
3.587980887,Regular,38,Create,Deployment,false
3.626241149,Regular,40,Create,ConfigMap,false
3.666449031,Regular,60,Update,Deployment,false
3.727417305,Regular,20,Delete,ConfigMap,false
3.747790845,Regular,19,Delete,Deployment,false
3.767790639,Regular,38,Create,Deployment,false
3.806244747,Regular,39,Create,ConfigMap,false
3.846161749,Regular,61,Update,Deployment,false
3.907404101,Regular,20,Delete,ConfigMap,false
3.927543159,Regular,20,Delete,Deployment,false
3.947729475,Regular,38,Create,Deployment,false
3.986207017,Regular,40,Create,ConfigMap,false
3.009367885,Regular,20,Delete,ConfigMap,false
3.029605929,Regular,20,Delete,Deployment,false
3.049612266,Regular,38,Create,Deployment,false
3.088368825,Regular,39,Create,ConfigMap,false
3.128325793,Regular,61,Update,Deployment,false
3.189799913,Regular,20,Delete,ConfigMap,false
3.209990137,Regular,20,Delete,Deployment,false
3.230793399,Regular,37,Create,Deployment,false
3.268612828,Regular,39,Create,ConfigMap,false
3.308192032,Regular,61,Update,Deployment,false
3.369426368,Regular,20,Delete,ConfigMap,false
3.389822772,Regular,20,Delete,Deployment,false
3.410200901,Regular,38,Create,Deployment,false
3.44858651,Regular,39,Create,ConfigMap,false
3.488236317,Regular,61,Update,Deployment,false
3.549387356,Regular,22,Delete,ConfigMap,false
3.5719842379999998,Regular,17,Delete,Deployment,false
3.589933066,Regular,38,Create,Deployment,false
3.628244184,Regular,39,Create,ConfigMap,false
3.668200421,Regular,61,Update,Deployment,false
3.729433835,Regular,20,Delete,ConfigMap,false
3.749967889,Regular,19,Delete,Deployment,false
3.769877653,Regular,38,Create,Deployment,false
3.808300442,Regular,40,Create,ConfigMap,false
3.848475612,Regular,59,Update,Deployment,false
3.908373623,Regular,20,Delete,ConfigMap,false
3.928486131,Regular,20,Delete,Deployment,false
3.948636209,Regular,38,Create,Deployment,false
3.987633694,Regular,39,Create,ConfigMap,false
3.034678194,Regular,19,Delete,Deployment,false
3.053717834,Regular,37,Create,Deployment,false
3.091458374,Regular,39,Create,ConfigMap,false
3.131154749,Regular,61,Update,Deployment,false
3.19244443,Regular,20,Delete,ConfigMap,false
3.213145399,Regular,20,Delete,Deployment,false
3.233724368,Regular,37,Create,Deployment,false
3.271484865,Regular,39,Create,ConfigMap,false
3.311316466,Regular,61,Update,Deployment,false
3.372846742,Regular,19,Delete,ConfigMap,false
3.39283822,Regular,20,Delete,Deployment,false
3.413114828,Regular,38,Create,Deployment,false
3.4512057990000002,Regular,40,Create,ConfigMap,false
3.491346003,Regular,61,Update,Deployment,false
3.553117585,Regular,20,Delete,ConfigMap,false
3.573708326,Regular,18,Delete,Deployment,false
3.59252804,Regular,39,Create,Deployment,false
3.6315774530000002,Regular,39,Create,ConfigMap,false
3.671087797,Regular,61,Update,Deployment,false
3.733036493,Regular,19,Delete,ConfigMap,false
3.752860746,Regular,19,Delete,Deployment,false
3.772813211,Regular,38,Create,Deployment,false
3.811210191,Regular,39,Create,ConfigMap,false
3.851052933,Regular,61,Update,Deployment,false
3.912929092,Regular,19,Delete,ConfigMap,false
3.932254522,Regular,19,Delete,Deployment,false
3.951563901,Regular,38,Create,Deployment,false
3.990551518,Regular,39,Create,ConfigMap,false
3.012739356,Regular,20,Delete,ConfigMap,false
3.033177679,Regular,21,Delete,Deployment,false
3.054417456,Regular,37,Create,Deployment,false
3.092385476,Regular,39,Create,ConfigMap,false
3.132386958,Regular,60,Update,Deployment,false
3.193386721,Regular,20,Delete,ConfigMap,false
3.214215952,Regular,19,Delete,Deployment,false
3.233737272,Regular,38,Create,Deployment,false
3.272284326,Regular,40,Create,ConfigMap,false
3.312438436,Regular,61,Update,Deployment,false
3.373975435,Regular,20,Delete,ConfigMap,false
3.394019713,Regular,20,Delete,Deployment,false
3.414170743,Regular,37,Create,Deployment,false
3.452082857,Regular,40,Create,ConfigMap,false
3.492638646,Regular,61,Update,Deployment,false
3.5545223999999997,Regular,20,Delete,ConfigMap,false
3.575502687,Regular,18,Delete,Deployment,false
3.59443854,Regular,39,Create,Deployment,false
3.633618921,Regular,40,Create,ConfigMap,false
3.674040867,Regular,60,Update,Deployment,false
3.73482843,Regular,20,Delete,ConfigMap,false
3.7548738,Regular,22,Delete,Deployment,false
3.777343852,Regular,37,Create,Deployment,false
3.814695527,Regular,43,Create,ConfigMap,false
3.858432198,Regular,56,Update,Deployment,false
3.9146232530000002,Regular,21,Delete,ConfigMap,false
3.9362116499999997,Regular,18,Delete,Deployment,false
3.954868356,Regular,38,Create,Deployment,false
3.993136572,Regular,40,Create,ConfigMap,false
3.014728785,Regular,20,Delete,ConfigMap,false
3.035600106,Regular,20,Delete,Deployment,false
3.056253426,Regular,38,Create,Deployment,false
3.094330622,Regular,39,Create,ConfigMap,false
3.134164447,Regular,61,Update,Deployment,false
3.196003896,Regular,20,Delete,ConfigMap,false
3.216300211,Regular,19,Delete,Deployment,false
3.235708668,Regular,38,Create,Deployment,false
3.274297139,Regular,39,Create,ConfigMap,false
3.314216837,Regular,61,Update,Deployment,false
3.375568475,Regular,20,Delete,ConfigMap,false
3.39563706,Regular,20,Delete,Deployment,false
3.416299175,Regular,38,Create,Deployment,false
3.454333861,Regular,40,Create,ConfigMap,false
3.494515393,Regular,61,Update,Deployment,false
3.556102265,Regular,20,Delete,ConfigMap,false
3.576453333,Regular,18,Delete,Deployment,false
3.595336477,Regular,39,Create,Deployment,false
3.634351675,Regular,40,Create,ConfigMap,false
3.674467834,Regular,61,Update,Deployment,false
3.735588246,Regular,20,Delete,ConfigMap,false
3.75592172,Regular,21,Delete,Deployment,false
3.7776029319999997,Regular,37,Create,Deployment,false
3.815319897,Regular,43,Create,ConfigMap,false
3.858721164,Regular,57,Update,Deployment,false
3.9163627610000002,Regular,20,Delete,ConfigMap,false
3.937316197,Regular,19,Delete,Deployment,false
3.957063804,Regular,38,Create,Deployment,false
3.9953565170000003,Regular,39,Create,ConfigMap,false
3.007489565,Regular,20,Delete,ConfigMap,false
3.027678978,Regular,19,Delete,Deployment,false
3.047548897,Regular,38,Create,Deployment,false
3.0864117269999998,Regular,40,Create,ConfigMap,false
3.126494011,Regular,61,Update,Deployment,false
3.187873933,Regular,20,Delete,ConfigMap,false
3.208206025,Regular,20,Delete,Deployment,false
3.22885704,Regular,37,Create,Deployment,false
3.266411398,Regular,39,Create,ConfigMap,false
3.306319373,Regular,61,Update,Deployment,false
3.367524835,Regular,20,Delete,ConfigMap,false
3.3877500449999998,Regular,20,Delete,Deployment,false
3.408626736,Regular,37,Create,Deployment,false
3.44651777,Regular,39,Create,ConfigMap,false
3.486411418,Regular,61,Update,Deployment,false
3.5475063909999998,Regular,20,Delete,ConfigMap,false
3.568442926,Regular,18,Delete,Deployment,false
3.587173913,Regular,38,Create,Deployment,false
3.6255373889999998,Regular,39,Create,ConfigMap,false
3.665307223,Regular,61,Update,Deployment,false
3.726460336,Regular,20,Delete,ConfigMap,false
3.746797899,Regular,20,Delete,Deployment,false
3.766804476,Regular,38,Create,Deployment,false
3.805429947,Regular,39,Create,ConfigMap,false
3.8453793210000002,Regular,61,Update,Deployment,false
3.906471339,Regular,20,Delete,ConfigMap,false
3.92668653,Regular,20,Delete,Deployment,false
3.946730628,Regular,38,Create,Deployment,false
3.985264206,Regular,40,Create,ConfigMap,false
4.025340649,Regular,61,Update,Deployment,false
3.017318489,Regular,20,Delete,ConfigMap,false
3.038125479,Regular,19,Delete,Deployment,false
3.057235932,Regular,37,Create,Deployment,false
3.095221645,Regular,40,Create,ConfigMap,false
3.135326823,Regular,61,Update,Deployment,false
3.197024826,Regular,19,Delete,ConfigMap,false
3.217027335,Regular,19,Delete,Deployment,false
3.236723455,Regular,38,Create,Deployment,false
3.275311667,Regular,40,Create,ConfigMap,false
3.315343436,Regular,61,Update,Deployment,false
3.376540562,Regular,20,Delete,ConfigMap,false
3.396662747,Regular,21,Delete,Deployment,false
3.418032741,Regular,39,Create,Deployment,false
3.457456361,Regular,38,Create,ConfigMap,false
3.496251253,Regular,61,Update,Deployment,false
3.558107665,Regular,20,Delete,ConfigMap,false
3.578992371,Regular,19,Delete,Deployment,false
3.598575749,Regular,39,Create,Deployment,false
3.637919458,Regular,39,Create,ConfigMap,false
3.677177665,Regular,60,Update,Deployment,false
3.737403005,Regular,20,Delete,ConfigMap,false
3.757981653,Regular,20,Delete,Deployment,false
3.778355735,Regular,37,Create,Deployment,false
3.816250355,Regular,42,Create,ConfigMap,false
3.858713008,Regular,56,Update,Deployment,false
3.915517914,Regular,20,Delete,ConfigMap,false
3.936449459,Regular,19,Delete,Deployment,false
3.955911156,Regular,38,Create,Deployment,false
3.9945091059999998,Regular,39,Create,ConfigMap,false
4.034513424,Regular,61,Update,Deployment,false
3.016557932,Regular,20,Delete,ConfigMap,false
3.037352107,Regular,20,Delete,Deployment,false
3.057929162,Regular,38,Create,Deployment,false
3.0966243860000002,Regular,39,Create,ConfigMap,false
3.136047114,Regular,61,Update,Deployment,false
3.198042289,Regular,20,Delete,ConfigMap,false
3.218089492,Regular,19,Delete,Deployment,false
3.23753005,Regular,39,Create,Deployment,false
3.276606904,Regular,39,Create,ConfigMap,false
3.316028851,Regular,61,Update,Deployment,false
3.377602869,Regular,19,Delete,ConfigMap,false
3.397557919,Regular,19,Delete,Deployment,false
3.417237809,Regular,38,Create,Deployment,false
3.455752281,Regular,39,Create,ConfigMap,false
3.4950717940000002,Regular,61,Update,Deployment,false
3.556649429,Regular,20,Delete,ConfigMap,false
3.57712903,Regular,19,Delete,Deployment,false
3.596285371,Regular,39,Create,Deployment,false
3.635400528,Regular,39,Create,ConfigMap,false
3.675106491,Regular,61,Update,Deployment,false
3.73639504,Regular,20,Delete,ConfigMap,false
3.756876785,Regular,19,Delete,Deployment,false
3.776556024,Regular,36,Create,Deployment,false
3.81324697,Regular,45,Create,ConfigMap,false
3.858732886,Regular,58,Update,Deployment,false
3.917285665,Regular,21,Delete,ConfigMap,false
3.938518509,Regular,19,Delete,Deployment,false
3.957891208,Regular,38,Create,Deployment,false
3.996796619,Regular,40,Create,ConfigMap,false
4.036987469,Regular,60,Update,Deployment,false
3.010943122,Regular,19,Delete,ConfigMap,false
3.030636196,Regular,19,Delete,Deployment,false
3.050565337,Regular,38,Create,Deployment,false
3.089157365,Regular,40,Create,ConfigMap,false
3.129613677,Regular,61,Update,Deployment,false
3.190648276,Regular,20,Delete,ConfigMap,false
3.211031845,Regular,20,Delete,Deployment,false
3.231949073,Regular,37,Create,Deployment,false
3.269206019,Regular,40,Create,ConfigMap,false
3.309350371,Regular,61,Update,Deployment,false
3.370457557,Regular,20,Delete,ConfigMap,false
3.390891662,Regular,20,Delete,Deployment,false
3.411001083,Regular,38,Create,Deployment,false
3.449173429,Regular,40,Create,ConfigMap,false
3.48948671,Regular,60,Update,Deployment,false
3.550344144,Regular,21,Delete,ConfigMap,false
3.57198513,Regular,18,Delete,Deployment,false
3.5905998759999997,Regular,38,Create,Deployment,false
3.629122614,Regular,40,Create,ConfigMap,false
3.669323784,Regular,61,Update,Deployment,false
3.730923821,Regular,19,Delete,ConfigMap,false
3.750777489,Regular,20,Delete,Deployment,false
3.770846434,Regular,38,Create,Deployment,false
3.809173101,Regular,39,Create,ConfigMap,false
3.849075846,Regular,61,Update,Deployment,false
3.911041034,Regular,19,Delete,ConfigMap,false
3.9304748480000002,Regular,20,Delete,Deployment,false
3.950585933,Regular,38,Create,Deployment,false
3.989239328,Regular,40,Create,ConfigMap,false
4.02937844,Regular,61,Update,Deployment,false
4.090735188,Regular,20,Delete,ConfigMap,false
4.110754138,Regular,20,Delete,Deployment,false
4.023523606,Regular,61,Update,Deployment,false
4.085036799,Regular,19,Delete,ConfigMap,false
4.104572717,Regular,20,Delete,Deployment,false
4.125278335,Regular,37,Create,Deployment,false
4.163163458,Regular,39,Create,ConfigMap,false
4.202304063,Regular,61,Update,Deployment,false
4.2640937789999995,Regular,22,Delete,ConfigMap,false
4.286421071,Regular,17,Delete,Deployment,false
4.303806986,Regular,38,Create,Deployment,false
4.342463747,Regular,39,Create,ConfigMap,false
4.382283655,Regular,61,Update,Deployment,false
4.443578436,Regular,20,Delete,ConfigMap,false
4.46380017,Regular,19,Delete,Deployment,false
4.483673244,Regular,38,Create,Deployment,false
4.522220148,Regular,40,Create,ConfigMap,false
4.562598983,Regular,60,Update,Deployment,false
4.623437401,Regular,21,Delete,ConfigMap,false
4.645237267,Regular,19,Delete,Deployment,false
4.664357579,Regular,39,Create,Deployment,false
4.703385451,Regular,39,Create,ConfigMap,false
4.743070024,Regular,61,Update,Deployment,false
4.804503707,Regular,19,Delete,ConfigMap,false
4.824353689,Regular,20,Delete,Deployment,false
4.845195955,Regular,38,Create,Deployment,false
4.883652207,Regular,39,Create,ConfigMap,false
4.923535335,Regular,60,Update,Deployment,false
4.984489783,Regular,21,Delete,ConfigMap,false
4.027364003,Regular,61,Update,Deployment,false
4.089019225,Regular,20,Delete,ConfigMap,false
4.109425577,Regular,19,Delete,Deployment,false
4.129230834,Regular,38,Create,Deployment,false
4.167268284,Regular,39,Create,ConfigMap,false
4.207264466,Regular,61,Update,Deployment,false
4.268590256,Regular,20,Delete,ConfigMap,false
4.289334597,Regular,18,Delete,Deployment,false
4.307723758,Regular,38,Create,Deployment,false
4.346301619,Regular,41,Create,ConfigMap,false
4.387728214,Regular,59,Update,Deployment,false
4.4475757399999996,Regular,20,Delete,ConfigMap,false
4.468347964,Regular,19,Delete,Deployment,false
4.487597029,Regular,39,Create,Deployment,false
4.526633838,Regular,39,Create,ConfigMap,false
4.566192834,Regular,61,Update,Deployment,false
4.627553319,Regular,20,Delete,ConfigMap,false
4.647926178,Regular,19,Delete,Deployment,false
4.66768134,Regular,38,Create,Deployment,false
4.706356746,Regular,39,Create,ConfigMap,false
4.746117313,Regular,61,Update,Deployment,false
4.807587094,Regular,19,Delete,ConfigMap,false
4.827411317,Regular,20,Delete,Deployment,false
4.848061901,Regular,38,Create,Deployment,false
4.886607612,Regular,39,Create,ConfigMap,false
4.926294479,Regular,61,Update,Deployment,false
4.987920867,Regular,19,Delete,ConfigMap,false
4.026678317,Regular,61,Update,Deployment,false
4.088266352,Regular,20,Delete,ConfigMap,false
4.108516028,Regular,19,Delete,Deployment,false
4.128294404,Regular,38,Create,Deployment,false
4.166453404,Regular,40,Create,ConfigMap,false
4.206534116,Regular,61,Update,Deployment,false
4.267737454,Regular,22,Delete,ConfigMap,false
4.2904725169999995,Regular,19,Delete,Deployment,false
4.309826912,Regular,38,Create,Deployment,false
4.348296058,Regular,39,Create,ConfigMap,false
4.388292821,Regular,61,Update,Deployment,false
4.449489947,Regular,19,Delete,ConfigMap,false
4.469384042,Regular,21,Delete,Deployment,false
4.490778251,Regular,37,Create,Deployment,false
4.52822743,Regular,39,Create,ConfigMap,false
4.56813787,Regular,61,Update,Deployment,false
4.629345736,Regular,20,Delete,ConfigMap,false
4.649832621,Regular,20,Delete,Deployment,false
4.66984532,Regular,38,Create,Deployment,false
4.70873994,Regular,39,Create,ConfigMap,false
4.74855494,Regular,60,Update,Deployment,false
4.809333394,Regular,20,Delete,ConfigMap,false
4.829758432,Regular,20,Delete,Deployment,false
4.8502468,Regular,38,Create,Deployment,false
4.8886220179999995,Regular,39,Create,ConfigMap,false
4.927995284,Regular,61,Update,Deployment,false
4.989635477,Regular,20,Delete,ConfigMap,false
4.131627934,Regular,37,Create,Deployment,false
4.169208992,Regular,39,Create,ConfigMap,false
4.209154358,Regular,61,Update,Deployment,false
4.270246736,Regular,21,Delete,ConfigMap,false
4.291284832,Regular,19,Delete,Deployment,false
4.310820169,Regular,38,Create,Deployment,false
4.349119695,Regular,39,Create,ConfigMap,false
4.388978958,Regular,61,Update,Deployment,false
4.450847743,Regular,19,Delete,ConfigMap,false
4.470219581,Regular,21,Delete,Deployment,false
4.491502059,Regular,38,Create,Deployment,false
4.529526525,Regular,39,Create,ConfigMap,false
4.569320044,Regular,62,Update,Deployment,false
4.631662845,Regular,19,Delete,ConfigMap,false
4.650866645,Regular,20,Delete,Deployment,false
4.671069172,Regular,38,Create,Deployment,false
4.709467695,Regular,39,Create,ConfigMap,false
4.74922721,Regular,61,Update,Deployment,false
4.811123487,Regular,19,Delete,ConfigMap,false
4.830638525,Regular,20,Delete,Deployment,false
4.851206824,Regular,38,Create,Deployment,false
4.889318965,Regular,39,Create,ConfigMap,false
4.929229316,Regular,61,Update,Deployment,false
4.990518686,Regular,20,Delete,ConfigMap,false
4.097736228,Regular,19,Delete,ConfigMap,false
4.117536104,Regular,21,Delete,Deployment,false
4.138877514,Regular,33,Create,Deployment,false
4.172279775,Regular,40,Create,ConfigMap,false
4.212370085,Regular,61,Update,Deployment,false
4.273786054,Regular,21,Delete,ConfigMap,false
4.295175044,Regular,19,Delete,Deployment,false
4.314587448,Regular,39,Create,Deployment,false
4.353593409,Regular,39,Create,ConfigMap,false
4.393296076,Regular,61,Update,Deployment,false
4.454416898,Regular,20,Delete,ConfigMap,false
4.474614556,Regular,19,Delete,Deployment,false
4.494305988,Regular,37,Create,Deployment,false
4.532258047,Regular,40,Create,ConfigMap,false
4.572290227,Regular,61,Update,Deployment,false
4.634144234,Regular,19,Delete,ConfigMap,false
4.653656187,Regular,19,Delete,Deployment,false
4.673633308,Regular,38,Create,Deployment,false
4.711772441,Regular,39,Create,ConfigMap,false
4.751096492,Regular,61,Update,Deployment,false
4.812869136,Regular,20,Delete,ConfigMap,false
4.833050724,Regular,20,Delete,Deployment,false
4.853261406,Regular,37,Create,Deployment,false
4.891143223,Regular,39,Create,ConfigMap,false
4.931116061,Regular,61,Update,Deployment,false
4.992560494,Regular,20,Delete,ConfigMap,false
4.033574349,Regular,61,Update,Deployment,false
4.094817482,Regular,19,Delete,ConfigMap,false
4.114630824,Regular,20,Delete,Deployment,false
4.135315051,Regular,39,Create,Deployment,false
4.175168123,Regular,40,Create,ConfigMap,false
4.215264184,Regular,61,Update,Deployment,false
4.2767002210000005,Regular,20,Delete,ConfigMap,false
4.296965076,Regular,19,Delete,Deployment,false
4.316591755,Regular,38,Create,Deployment,false
4.355558472,Regular,39,Create,ConfigMap,false
4.395073265,Regular,61,Update,Deployment,false
4.45635989,Regular,20,Delete,ConfigMap,false
4.476573308,Regular,20,Delete,Deployment,false
4.497187052,Regular,38,Create,Deployment,false
4.535206118,Regular,40,Create,ConfigMap,false
4.575356361,Regular,61,Update,Deployment,false
4.637069642,Regular,19,Delete,ConfigMap,false
4.656448473,Regular,20,Delete,Deployment,false
4.676709591,Regular,38,Create,Deployment,false
4.715260492,Regular,40,Create,ConfigMap,false
4.755384045,Regular,61,Update,Deployment,false
4.81668658,Regular,20,Delete,ConfigMap,false
4.836829384,Regular,20,Delete,Deployment,false
4.857395319,Regular,38,Create,Deployment,false
4.895656442,Regular,39,Create,ConfigMap,false
4.935130978,Regular,64,Update,Deployment,false
4.999370964,Regular,18,Delete,ConfigMap,false
4.030196736,Regular,61,Update,Deployment,false
4.091577459,Regular,19,Delete,ConfigMap,false
4.111550633,Regular,21,Delete,Deployment,false
4.132660084,Regular,37,Create,Deployment,false
4.170591334,Regular,39,Create,ConfigMap,false
4.210369364,Regular,61,Update,Deployment,false
4.271954172,Regular,20,Delete,ConfigMap,false
4.292383238,Regular,19,Delete,Deployment,false
4.31179977,Regular,38,Create,Deployment,false
4.350658793,Regular,39,Create,ConfigMap,false
4.390278614,Regular,61,Update,Deployment,false
4.451524472,Regular,19,Delete,ConfigMap,false
4.471204853,Regular,22,Delete,Deployment,false
4.49323814,Regular,38,Create,Deployment,false
4.531496658,Regular,39,Create,ConfigMap,false
4.57118066,Regular,62,Update,Deployment,false
4.633346416,Regular,19,Delete,ConfigMap,false
4.652671466,Regular,20,Delete,Deployment,false
4.67271358,Regular,39,Create,Deployment,false
4.712404485,Regular,39,Create,ConfigMap,false
4.75233339,Regular,61,Update,Deployment,false
4.813826706,Regular,20,Delete,ConfigMap,false
4.8341705699999995,Regular,20,Delete,Deployment,false
4.854220529,Regular,37,Create,Deployment,false
4.892162509,Regular,40,Create,ConfigMap,false
4.932252869,Regular,61,Update,Deployment,false
4.993542731,Regular,20,Delete,ConfigMap,false
5.013812014,Regular,20,Delete,Deployment,false
4.09605984,Regular,19,Delete,ConfigMap,false
4.115578044,Regular,21,Delete,Deployment,false
4.1372722,Regular,36,Create,Deployment,false
4.174178112,Regular,39,Create,ConfigMap,false
4.214125061,Regular,61,Update,Deployment,false
4.275558494,Regular,20,Delete,ConfigMap,false
4.296139827,Regular,19,Delete,Deployment,false
4.315564775,Regular,38,Create,Deployment,false
4.354129432,Regular,40,Create,ConfigMap,false
4.394530118,Regular,60,Update,Deployment,false
4.455257577,Regular,20,Delete,ConfigMap,false
4.47557954,Regular,20,Delete,Deployment,false
4.496158909,Regular,38,Create,Deployment,false
4.534183986,Regular,39,Create,ConfigMap,false
4.574088134,Regular,61,Update,Deployment,false
4.635636013,Regular,19,Delete,ConfigMap,false
4.65553153,Regular,20,Delete,Deployment,false
4.675709361,Regular,37,Create,Deployment,false
4.713326067,Regular,40,Create,ConfigMap,false
4.753586388,Regular,62,Update,Deployment,false
4.815606559,Regular,19,Delete,ConfigMap,false
4.835152315,Regular,20,Delete,Deployment,false
4.8553094770000005,Regular,38,Create,Deployment,false
4.893535113,Regular,40,Create,ConfigMap,false
4.933940107,Regular,60,Update,Deployment,false
4.994376807,Regular,20,Delete,ConfigMap,false
5.014891414,Regular,20,Delete,Deployment,false
4.035231801,Regular,61,Update,Deployment,false
4.096919775,Regular,19,Delete,ConfigMap,false
4.116527418,Regular,19,Delete,Deployment,false
4.136402306,Regular,37,Create,Deployment,false
4.173725146,Regular,39,Create,ConfigMap,false
4.213019662,Regular,61,Update,Deployment,false
4.274450319,Regular,19,Delete,ConfigMap,false
4.294408435,Regular,19,Delete,Deployment,false
4.313909957,Regular,38,Create,Deployment,false
4.352226426,Regular,39,Create,ConfigMap,false
4.392057976,Regular,61,Update,Deployment,false
4.453543948,Regular,19,Delete,ConfigMap,false
4.473364554,Regular,21,Delete,Deployment,false
4.495059722,Regular,38,Create,Deployment,false
4.53368342,Regular,39,Create,ConfigMap,false
4.573488892,Regular,61,Update,Deployment,false
4.634683643,Regular,19,Delete,ConfigMap,false
4.654572438,Regular,20,Delete,Deployment,false
4.674728979,Regular,39,Create,Deployment,false
4.714621825,Regular,39,Create,ConfigMap,false
4.754193435,Regular,61,Update,Deployment,false
4.8160199,Regular,19,Delete,ConfigMap,false
4.83575808,Regular,20,Delete,Deployment,false
4.856322261,Regular,37,Create,Deployment,false
4.894265253,Regular,40,Create,ConfigMap,false
4.934502049,Regular,61,Update,Deployment,false
4.996469601,Regular,19,Delete,ConfigMap,false
5.01598461,Regular,20,Delete,Deployment,false
4.086834837,Regular,19,Delete,ConfigMap,false
4.10656406,Regular,20,Delete,Deployment,false
4.127237517,Regular,37,Create,Deployment,false
4.165162825,Regular,40,Create,ConfigMap,false
4.205264447,Regular,61,Update,Deployment,false
4.266532477,Regular,21,Delete,ConfigMap,false
4.288301284,Regular,18,Delete,Deployment,false
4.306649888,Regular,38,Create,Deployment,false
4.34539187,Regular,39,Create,ConfigMap,false
4.385174037,Regular,61,Update,Deployment,false
4.446757323,Regular,20,Delete,ConfigMap,false
4.467344648,Regular,19,Delete,Deployment,false
4.486615565,Regular,38,Create,Deployment,false
4.525163039,Regular,39,Create,ConfigMap,false
4.564998277,Regular,61,Update,Deployment,false
4.626488006,Regular,20,Delete,ConfigMap,false
4.64706428,Regular,19,Delete,Deployment,false
4.666372637,Regular,39,Create,Deployment,false
4.705765018,Regular,39,Create,ConfigMap,false
4.745487032,Regular,60,Update,Deployment,false
4.806478129,Regular,19,Delete,ConfigMap,false
4.826313452,Regular,20,Delete,Deployment,false
4.8471023970000005,Regular,38,Create,Deployment,false
4.885181337,Regular,39,Create,ConfigMap,false
4.925179743,Regular,61,Update,Deployment,false
4.986638994,Regular,20,Delete,ConfigMap,false
5.006660159,Regular,20,Delete,Deployment,false
5.026828261,Regular,38,Create,Deployment,false
5.005515586,Regular,19,Delete,Deployment,false
5.02471635,Regular,38,Create,Deployment,false
5.063370646,Regular,40,Create,ConfigMap,false
5.10343658,Regular,62,Update,Deployment,false
5.166047969,Regular,21,Delete,ConfigMap,false
5.187957983,Regular,19,Delete,Deployment,false
5.207279636,Regular,38,Create,Deployment,false
5.245500573,Regular,39,Create,ConfigMap,false
5.28531965,Regular,61,Update,Deployment,false
5.346452385,Regular,20,Delete,ConfigMap,false
5.366673487,Regular,20,Delete,Deployment,false
5.387656599,Regular,37,Create,Deployment,false
5.425128561,Regular,40,Create,ConfigMap,false
5.465405644,Regular,61,Update,Deployment,false
5.52649166,Regular,20,Delete,ConfigMap,false
5.547130412,Regular,20,Delete,Deployment,false
5.567385068,Regular,37,Create,Deployment,false
5.605239593,Regular,39,Create,ConfigMap,false
5.645159861,Regular,61,Update,Deployment,false
5.706691069,Regular,20,Delete,ConfigMap,false
5.72685886,Regular,20,Delete,Deployment,false
5.746897348,Regular,38,Create,Deployment,false
5.785384798,Regular,40,Create,ConfigMap,false
5.825804581,Regular,61,Update,Deployment,false
5.887567907,Regular,19,Delete,ConfigMap,false
5.906826892,Regular,20,Delete,Deployment,false
5.927313916,Regular,37,Create,Deployment,false
5.965097868,Regular,40,Create,ConfigMap,false
5.010807116,Regular,20,Delete,Deployment,false
5.031136813,Regular,38,Create,Deployment,false
5.06955349,Regular,39,Create,ConfigMap,false
5.109429114,Regular,65,Update,Deployment,false
5.174823061,Regular,16,Delete,ConfigMap,false
5.191805033,Regular,20,Delete,Deployment,false
5.21199186,Regular,38,Create,Deployment,false
5.250270627,Regular,39,Create,ConfigMap,false
5.290130752,Regular,61,Update,Deployment,false
5.352073537,Regular,19,Delete,ConfigMap,false
5.37177606,Regular,20,Delete,Deployment,false
5.392030224,Regular,38,Create,Deployment,false
5.430889197,Regular,39,Create,ConfigMap,false
5.47023482,Regular,61,Update,Deployment,false
5.531876476,Regular,20,Delete,ConfigMap,false
5.55219907,Regular,19,Delete,Deployment,false
5.571586658,Regular,39,Create,Deployment,false
5.611129744,Regular,38,Create,ConfigMap,false
5.650090268,Regular,62,Update,Deployment,false
5.713027743,Regular,17,Delete,ConfigMap,false
5.730945533,Regular,19,Delete,Deployment,false
5.750858623,Regular,38,Create,Deployment,false
5.789625392,Regular,39,Create,ConfigMap,false
5.829170632,Regular,62,Update,Deployment,false
5.89124709,Regular,19,Delete,ConfigMap,false
5.910511495,Regular,20,Delete,Deployment,false
5.931185763,Regular,38,Create,Deployment,false
5.969277416,Regular,39,Create,ConfigMap,false
5.00971387,Regular,20,Delete,Deployment,false
5.029973745,Regular,38,Create,Deployment,false
5.068858928,Regular,39,Create,ConfigMap,false
5.10814594,Regular,66,Update,Deployment,false
5.17479069,Regular,14,Delete,ConfigMap,false
5.189711506,Regular,20,Delete,Deployment,false
5.210132537,Regular,38,Create,Deployment,false
5.248156783,Regular,40,Create,ConfigMap,false
5.288337473,Regular,61,Update,Deployment,false
5.350181412,Regular,19,Delete,ConfigMap,false
5.369804263,Regular,21,Delete,Deployment,false
5.391076873,Regular,38,Create,Deployment,false
5.429148418,Regular,40,Create,ConfigMap,false
5.469507876,Regular,61,Update,Deployment,false
5.530775005,Regular,20,Delete,ConfigMap,false
5.55118829,Regular,19,Delete,Deployment,false
5.570672811,Regular,40,Create,Deployment,false
5.610718757,Regular,38,Create,ConfigMap,false
5.649419411,Regular,63,Update,Deployment,false
5.713367075,Regular,18,Delete,ConfigMap,false
5.732233587,Regular,19,Delete,Deployment,false
5.751912715,Regular,38,Create,Deployment,false
5.790291851,Regular,40,Create,ConfigMap,false
5.830555309,Regular,61,Update,Deployment,false
5.8920039,Regular,19,Delete,ConfigMap,false
5.911432134,Regular,21,Delete,Deployment,false
5.932818018,Regular,37,Create,Deployment,false
5.970258911,Regular,40,Create,ConfigMap,false
5.035261488,Regular,38,Create,Deployment,false
5.073959497,Regular,39,Create,ConfigMap,false
5.113076126,Regular,63,Update,Deployment,false
5.176116095,Regular,18,Delete,ConfigMap,false
5.194790354,Regular,20,Delete,Deployment,false
5.215085897,Regular,38,Create,Deployment,false
5.253297326,Regular,39,Create,ConfigMap,false
5.293051662,Regular,62,Update,Deployment,false
5.355664573,Regular,18,Delete,ConfigMap,false
5.37466025,Regular,20,Delete,Deployment,false
5.394856275,Regular,39,Create,Deployment,false
5.43459488,Regular,38,Create,ConfigMap,false
5.473230601,Regular,61,Update,Deployment,false
5.534334782,Regular,20,Delete,ConfigMap,false
5.555293278,Regular,19,Delete,Deployment,false
5.574872687,Regular,38,Create,Deployment,false
5.613560787,Regular,39,Create,ConfigMap,false
5.653014755,Regular,62,Update,Deployment,false
5.715036269,Regular,20,Delete,ConfigMap,false
5.735228357,Regular,19,Delete,Deployment,false
5.754826762,Regular,38,Create,Deployment,false
5.793399484,Regular,38,Create,ConfigMap,false
5.832185239,Regular,61,Update,Deployment,false
5.893842935,Regular,19,Delete,ConfigMap,false
5.91339854,Regular,21,Delete,Deployment,false
5.935149012,Regular,37,Create,Deployment,false
5.972294077,Regular,39,Create,ConfigMap,false
5.034323425,Regular,37,Create,Deployment,false
5.072323004,Regular,40,Create,ConfigMap,false
5.112374991,Regular,63,Update,Deployment,false
5.175503998,Regular,17,Delete,ConfigMap,false
5.192754327,Regular,20,Delete,Deployment,false
5.212953207,Regular,38,Create,Deployment,false
5.251628543,Regular,39,Create,ConfigMap,false
5.291262821,Regular,61,Update,Deployment,false
5.353042548,Regular,19,Delete,ConfigMap,false
5.372709714,Regular,20,Delete,Deployment,false
5.392771866,Regular,38,Create,Deployment,false
5.431533826,Regular,39,Create,ConfigMap,false
5.471526852,Regular,61,Update,Deployment,false
5.532737864,Regular,20,Delete,ConfigMap,false
5.553332903,Regular,19,Delete,Deployment,false
5.572659264,Regular,38,Create,Deployment,false
5.611427236,Regular,39,Create,ConfigMap,false
5.651279556,Regular,62,Update,Deployment,false
5.713462024,Regular,20,Delete,ConfigMap,false
5.734212056,Regular,19,Delete,Deployment,false
5.753699943,Regular,39,Create,Deployment,false
5.792773381,Regular,40,Create,ConfigMap,false
5.833458054,Regular,61,Update,Deployment,false
5.894609213,Regular,19,Delete,ConfigMap,false
5.91434589,Regular,21,Delete,Deployment,false
5.936072057,Regular,37,Create,Deployment,false
5.9731389539999995,Regular,40,Create,ConfigMap,false
5.036118507,Regular,38,Create,Deployment,false
5.074634051,Regular,39,Create,ConfigMap,false
5.114220349,Regular,61,Update,Deployment,false
5.176084225,Regular,19,Delete,ConfigMap,false
5.195811183,Regular,20,Delete,Deployment,false
5.216176749,Regular,38,Create,Deployment,false
5.254768046,Regular,39,Create,ConfigMap,false
5.294231531,Regular,61,Update,Deployment,false
5.355993665,Regular,19,Delete,ConfigMap,false
5.375806406,Regular,20,Delete,Deployment,false
5.395909435,Regular,39,Create,Deployment,false
5.434961673,Regular,39,Create,ConfigMap,false
5.474402065,Regular,61,Update,Deployment,false
5.535524229,Regular,20,Delete,ConfigMap,false
5.55606184,Regular,19,Delete,Deployment,false
5.576003013,Regular,38,Create,Deployment,false
5.614267393,Regular,39,Create,ConfigMap,false
5.654129862,Regular,61,Update,Deployment,false
5.715648556,Regular,20,Delete,ConfigMap,false
5.736272991,Regular,19,Delete,Deployment,false
5.755781597,Regular,38,Create,Deployment,false
5.794130976,Regular,40,Create,ConfigMap,false
5.834352625,Regular,61,Update,Deployment,false
5.895523351,Regular,21,Delete,ConfigMap,false
5.916992201,Regular,19,Delete,Deployment,false
5.936777269,Regular,37,Create,Deployment,false
5.974455461,Regular,39,Create,ConfigMap,false
5.017682137,Regular,20,Delete,Deployment,false
5.038503845,Regular,37,Create,Deployment,false
5.076317162,Regular,41,Create,ConfigMap,false
5.117426167,Regular,61,Update,Deployment,false
5.178469863,Regular,19,Delete,ConfigMap,false
5.198064481,Regular,19,Delete,Deployment,false
5.217896939,Regular,38,Create,Deployment,false
5.256241851,Regular,39,Create,ConfigMap,false
5.296111784,Regular,61,Update,Deployment,false
5.358105325,Regular,19,Delete,ConfigMap,false
5.37784039,Regular,19,Delete,Deployment,false
5.397615119,Regular,38,Create,Deployment,false
5.436286557,Regular,39,Create,ConfigMap,false
5.476184814,Regular,61,Update,Deployment,false
5.537501396,Regular,20,Delete,ConfigMap,false
5.558066318,Regular,20,Delete,Deployment,false
5.578148919,Regular,39,Create,Deployment,false
5.617905187,Regular,39,Create,ConfigMap,false
5.657077192,Regular,60,Update,Deployment,false
5.717570127,Regular,20,Delete,ConfigMap,false
5.737958195,Regular,19,Delete,Deployment,false
5.757762079,Regular,38,Create,Deployment,false
5.796273475,Regular,40,Create,ConfigMap,false
5.836468363,Regular,60,Update,Deployment,false
5.897474007,Regular,20,Delete,ConfigMap,false
5.91797059,Regular,19,Delete,Deployment,false
5.937782329,Regular,37,Create,Deployment,false
5.975346816,Regular,39,Create,ConfigMap,false
5.065696812,Regular,39,Create,ConfigMap,false
5.105261078,Regular,63,Update,Deployment,false
5.168937158,Regular,18,Delete,ConfigMap,false
5.187073942,Regular,20,Delete,Deployment,false
5.208076101,Regular,38,Create,Deployment,false
5.246249318,Regular,40,Create,ConfigMap,false
5.286527072,Regular,60,Update,Deployment,false
5.347424522,Regular,20,Delete,ConfigMap,false
5.367757255,Regular,21,Delete,Deployment,false
5.389412237,Regular,37,Create,Deployment,false
5.427190468,Regular,39,Create,ConfigMap,false
5.467174767,Regular,61,Update,Deployment,false
5.528584174,Regular,20,Delete,ConfigMap,false
5.549055029,Regular,19,Delete,Deployment,false
5.568515424,Regular,37,Create,Deployment,false
5.606108645,Regular,40,Create,ConfigMap,false
5.646380358,Regular,61,Update,Deployment,false
5.707412812,Regular,20,Delete,ConfigMap,false
5.727955994,Regular,19,Delete,Deployment,false
5.747866579,Regular,38,Create,Deployment,false
5.786168149,Regular,40,Create,ConfigMap,false
5.826247769,Regular,61,Update,Deployment,false
5.887575482,Regular,20,Delete,ConfigMap,false
5.907837181,Regular,20,Delete,Deployment,false
5.928162049,Regular,38,Create,Deployment,false
5.966517661,Regular,39,Create,ConfigMap,false
6.006132302,Regular,61,Update,Deployment,false
5.012872749,Regular,20,Delete,Deployment,false
5.033169294,Regular,38,Create,Deployment,false
5.071626848,Regular,39,Create,ConfigMap,false
5.111261307,Regular,64,Update,Deployment,false
5.175493558,Regular,18,Delete,ConfigMap,false
5.193732195,Regular,20,Delete,Deployment,false
5.214054498,Regular,38,Create,Deployment,false
5.25230462,Regular,40,Create,ConfigMap,false
5.292423755,Regular,61,Update,Deployment,false
5.353608267,Regular,20,Delete,ConfigMap,false
5.373651754,Regular,20,Delete,Deployment,false
5.393824645,Regular,38,Create,Deployment,false
5.432281488,Regular,39,Create,ConfigMap,false
5.472126375,Regular,61,Update,Deployment,false
5.53347694,Regular,20,Delete,ConfigMap,false
5.554296123,Regular,19,Delete,Deployment,false
5.573714088,Regular,38,Create,Deployment,false
5.612213482,Regular,40,Create,ConfigMap,false
5.652397178,Regular,61,Update,Deployment,false
5.714324774,Regular,18,Delete,ConfigMap,false
5.733254767,Regular,19,Delete,Deployment,false
5.7529067739999995,Regular,38,Create,Deployment,false
5.791245223,Regular,40,Create,ConfigMap,false
5.831499473,Regular,61,Update,Deployment,false
5.892790927,Regular,19,Delete,ConfigMap,false
5.912398039,Regular,22,Delete,Deployment,false
5.935149493,Regular,36,Create,Deployment,false
5.971677251,Regular,39,Create,ConfigMap,false
6.011096383,Regular,61,Update,Deployment,false
6.072883914,Regular,19,Delete,ConfigMap,false
5.007627707,Regular,20,Delete,Deployment,false
5.027804676,Regular,38,Create,Deployment,false
5.066434266,Regular,39,Create,ConfigMap,false
5.106436579,Regular,63,Update,Deployment,false
5.169569534,Regular,15,Delete,ConfigMap,false
5.185102587,Regular,21,Delete,Deployment,false
5.206173135,Regular,37,Create,Deployment,false
5.2441091029999995,Regular,40,Create,ConfigMap,false
5.284127588,Regular,60,Update,Deployment,false
5.344572622,Regular,20,Delete,ConfigMap,false
5.364622,Regular,21,Delete,Deployment,false
5.385904629,Regular,38,Create,Deployment,false
5.424577179,Regular,39,Create,ConfigMap,false
5.46413321,Regular,61,Update,Deployment,false
5.52555997,Regular,20,Delete,ConfigMap,false
5.546169707,Regular,20,Delete,Deployment,false
5.566564307,Regular,38,Create,Deployment,false
5.604599443,Regular,39,Create,ConfigMap,false
5.644516886,Regular,60,Update,Deployment,false
5.705432701,Regular,20,Delete,ConfigMap,false
5.72617599,Regular,19,Delete,Deployment,false
5.745860518,Regular,38,Create,Deployment,false
5.784788411,Regular,39,Create,ConfigMap,false
5.82421656,Regular,61,Update,Deployment,false
5.885699116,Regular,20,Delete,ConfigMap,false
5.905762039,Regular,19,Delete,Deployment,false
5.925398787,Regular,38,Create,Deployment,false
5.96352198,Regular,40,Create,ConfigMap,false
6.003582994,Regular,61,Update,Deployment,false
6.064738241,Regular,19,Delete,ConfigMap,false
6.084717246,Regular,20,Delete,Deployment,false
6.104888564,Regular,38,Create,Deployment,false
6.143726959,Regular,39,Create,ConfigMap,false
6.183189402,Regular,61,Update,Deployment,false
6.244612385,Regular,20,Delete,ConfigMap,false
6.264944668,Regular,19,Delete,Deployment,false
6.284833011,Regular,38,Create,Deployment,false
6.323208611,Regular,40,Create,ConfigMap,false
6.363405141,Regular,61,Update,Deployment,false
6.424565478,Regular,20,Delete,ConfigMap,false
6.445031633,Regular,19,Delete,Deployment,false
6.464895751,Regular,35,Create,Deployment,false
6.500685895,Regular,39,Create,ConfigMap,false
6.540153298,Regular,61,Update,Deployment,false
6.601430695,Regular,20,Delete,ConfigMap,false
6.621884477,Regular,19,Delete,Deployment,false
6.641868442,Regular,38,Create,Deployment,false
6.68061401,Regular,39,Create,ConfigMap,false
6.720167446,Regular,61,Update,Deployment,false
6.781772433,Regular,19,Delete,ConfigMap,false
6.801770444,Regular,20,Delete,Deployment,false
6.821976508,Regular,38,Create,Deployment,false
6.860656673,Regular,39,Create,ConfigMap,false
6.900312111,Regular,61,Update,Deployment,false
6.961970889,Regular,20,Delete,ConfigMap,false
6.982104065,Regular,19,Delete,Deployment,false
6.005431838,Regular,61,Update,Deployment,false
6.066469803,Regular,21,Delete,ConfigMap,false
6.087835038,Regular,20,Delete,Deployment,false
6.108079454,Regular,38,Create,Deployment,false
6.146489609,Regular,39,Create,ConfigMap,false
6.1863441439999995,Regular,61,Update,Deployment,false
6.24779517,Regular,20,Delete,ConfigMap,false
6.267813809,Regular,19,Delete,Deployment,false
6.287728142,Regular,38,Create,Deployment,false
6.326602674,Regular,39,Create,ConfigMap,false
6.366504658,Regular,61,Update,Deployment,false
6.428257374,Regular,19,Delete,ConfigMap,false
6.448051971,Regular,20,Delete,Deployment,false
6.468117199,Regular,37,Create,Deployment,false
6.505279947,Regular,40,Create,ConfigMap,false
6.5454178259999996,Regular,61,Update,Deployment,false
6.606942782,Regular,19,Delete,ConfigMap,false
6.626808002,Regular,20,Delete,Deployment,false
6.646817675,Regular,38,Create,Deployment,false
6.6851668140000005,Regular,39,Create,ConfigMap,false
6.725147146,Regular,61,Update,Deployment,false
6.78644883,Regular,20,Delete,ConfigMap,false
6.806815618,Regular,21,Delete,Deployment,false
6.82822192,Regular,37,Create,Deployment,false
6.865256275,Regular,39,Create,ConfigMap,false
6.905191401,Regular,61,Update,Deployment,false
6.966623762,Regular,20,Delete,ConfigMap,false
6.987235683,Regular,18,Delete,Deployment,false
6.067511732,Regular,20,Delete,ConfigMap,false
6.087634749,Regular,19,Delete,Deployment,false
6.107025382,Regular,38,Create,Deployment,false
6.14523037,Regular,39,Create,ConfigMap,false
6.185228355,Regular,61,Update,Deployment,false
6.246539286,Regular,20,Delete,ConfigMap,false
6.2668878,Regular,19,Delete,Deployment,false
6.286882264,Regular,39,Create,Deployment,false
6.325966592,Regular,39,Create,ConfigMap,false
6.365324959,Regular,61,Update,Deployment,false
6.426704259,Regular,20,Delete,ConfigMap,false
6.446912317,Regular,20,Delete,Deployment,false
6.467094947,Regular,40,Create,Deployment,false
6.507226796,Regular,40,Create,ConfigMap,false
6.547514759,Regular,61,Update,Deployment,false
6.608798409,Regular,20,Delete,ConfigMap,false
6.628886469,Regular,19,Delete,Deployment,false
6.64879414,Regular,38,Create,Deployment,false
6.687172324,Regular,40,Create,ConfigMap,false
6.727448184,Regular,61,Update,Deployment,false
6.78862413,Regular,20,Delete,ConfigMap,false
6.808830886,Regular,20,Delete,Deployment,false
6.829242218,Regular,38,Create,Deployment,false
6.867306609,Regular,39,Create,ConfigMap,false
6.906999669,Regular,61,Update,Deployment,false
6.968368379,Regular,20,Delete,ConfigMap,false
6.989316435,Regular,19,Delete,Deployment,false
6.010425385,Regular,61,Update,Deployment,false
6.072181317,Regular,19,Delete,ConfigMap,false
6.091575877,Regular,20,Delete,Deployment,false
6.112388127,Regular,37,Create,Deployment,false
6.150233174,Regular,39,Create,ConfigMap,false
6.190172989,Regular,61,Update,Deployment,false
6.251384623,Regular,21,Delete,ConfigMap,false
6.272993889,Regular,19,Delete,Deployment,false
6.29281769,Regular,39,Create,Deployment,false
6.331961702,Regular,39,Create,ConfigMap,false
6.371338664,Regular,61,Update,Deployment,false
6.432620991,Regular,21,Delete,ConfigMap,false
6.453861199,Regular,19,Delete,Deployment,false
6.4733407,Regular,38,Create,Deployment,false
6.511553752,Regular,39,Create,ConfigMap,false
6.551363602,Regular,61,Update,Deployment,false
6.612922472,Regular,20,Delete,ConfigMap,false
6.6334394230000004,Regular,17,Delete,Deployment,false
6.650977666,Regular,38,Create,Deployment,false
6.689230503,Regular,40,Create,ConfigMap,false
6.729283092,Regular,61,Update,Deployment,false
6.79042323,Regular,20,Delete,ConfigMap,false
6.810628593,Regular,20,Delete,Deployment,false
6.831197593,Regular,38,Create,Deployment,false
6.869506677,Regular,39,Create,ConfigMap,false
6.909316517,Regular,61,Update,Deployment,false
6.970955317,Regular,19,Delete,ConfigMap,false
6.990338657,Regular,19,Delete,Deployment,false
6.009258209,Regular,61,Update,Deployment,false
6.070372028,Regular,20,Delete,ConfigMap,false
6.09063525,Regular,20,Delete,Deployment,false
6.111355545,Regular,38,Create,Deployment,false
6.149461646,Regular,40,Create,ConfigMap,false
6.18957535,Regular,60,Update,Deployment,false
6.250407386,Regular,20,Delete,ConfigMap,false
6.271309155,Regular,19,Delete,Deployment,false
6.290734774,Regular,38,Create,Deployment,false
6.329292437,Regular,39,Create,ConfigMap,false
6.369096987,Regular,62,Update,Deployment,false
6.43112827,Regular,19,Delete,ConfigMap,false
6.451058683,Regular,19,Delete,Deployment,false
6.470085508,Regular,39,Create,Deployment,false
6.509549374,Regular,39,Create,ConfigMap,false
6.5491562210000005,Regular,61,Update,Deployment,false
6.610441724,Regular,23,Delete,ConfigMap,false
6.634394558,Regular,18,Delete,Deployment,false
6.652764843,Regular,38,Create,Deployment,false
6.691296748,Regular,39,Create,ConfigMap,false
6.731058928,Regular,61,Update,Deployment,false
6.792592359,Regular,20,Delete,ConfigMap,false
6.812616109,Regular,20,Delete,Deployment,false
6.833203564,Regular,38,Create,Deployment,false
6.871538987,Regular,39,Create,ConfigMap,false
6.910988066,Regular,61,Update,Deployment,false
6.972803009,Regular,20,Delete,ConfigMap,false
6.992940794,Regular,19,Delete,Deployment,false
6.01227525,Regular,61,Update,Deployment,false
6.073614355,Regular,20,Delete,ConfigMap,false
6.093769913,Regular,21,Delete,Deployment,false
6.115221271,Regular,38,Create,Deployment,false
6.15324252,Regular,39,Create,ConfigMap,false
6.193135367,Regular,61,Update,Deployment,false
6.254977622,Regular,20,Delete,ConfigMap,false
6.275065373,Regular,19,Delete,Deployment,false
6.294857024,Regular,38,Create,Deployment,false
6.333350526,Regular,39,Create,ConfigMap,false
6.373241279,Regular,61,Update,Deployment,false
6.434608977,Regular,20,Delete,ConfigMap,false
6.455593402,Regular,19,Delete,Deployment,false
6.475294883,Regular,38,Create,Deployment,false
6.513438584,Regular,39,Create,ConfigMap,false
6.553231051,Regular,61,Update,Deployment,false
6.614797966,Regular,20,Delete,ConfigMap,false
6.635342219,Regular,18,Delete,Deployment,false
6.653759813,Regular,38,Create,Deployment,false
6.69216024,Regular,40,Create,ConfigMap,false
6.732240481,Regular,61,Update,Deployment,false
6.793739858,Regular,19,Delete,ConfigMap,false
6.813618523,Regular,22,Delete,Deployment,false
6.835668973,Regular,36,Create,Deployment,false
6.872320364,Regular,39,Create,ConfigMap,false
6.912088756,Regular,61,Update,Deployment,false
6.973788231,Regular,20,Delete,ConfigMap,false
6.994020645,Regular,19,Delete,Deployment,false
6.013397301,Regular,61,Update,Deployment,false
6.074907839,Regular,19,Delete,ConfigMap,false
6.094835988,Regular,19,Delete,Deployment,false
6.114490229,Regular,37,Create,Deployment,false
6.152228705,Regular,39,Create,ConfigMap,false
6.192013357,Regular,62,Update,Deployment,false
6.2542533240000004,Regular,19,Delete,ConfigMap,false
6.273986274,Regular,19,Delete,Deployment,false
6.293797071,Regular,38,Create,Deployment,false
6.332754059,Regular,39,Create,ConfigMap,false
6.372000815,Regular,61,Update,Deployment,false
6.433780261,Regular,20,Delete,ConfigMap,false
6.454775947,Regular,19,Delete,Deployment,false
6.474379232,Regular,37,Create,Deployment,false
6.512169125,Regular,39,Create,ConfigMap,false
6.5519704789999995,Regular,61,Update,Deployment,false
6.613744345,Regular,22,Delete,ConfigMap,false
6.636181325,Regular,19,Delete,Deployment,false
6.655853761,Regular,38,Create,Deployment,false
6.694160299,Regular,40,Create,ConfigMap,false
6.73452624,Regular,59,Update,Deployment,false
6.794443147,Regular,21,Delete,ConfigMap,false
6.815461286,Regular,22,Delete,Deployment,false
6.837524709,Regular,36,Create,Deployment,false
6.874331184,Regular,39,Create,ConfigMap,false
6.914290807,Regular,61,Update,Deployment,false
6.975505316,Regular,20,Delete,ConfigMap,false
6.99604989,Regular,20,Delete,Deployment,false
6.014066355,Regular,61,Update,Deployment,false
6.075769137,Regular,20,Delete,ConfigMap,false
6.095827281,Regular,20,Delete,Deployment,false
6.11621555,Regular,38,Create,Deployment,false
6.154677803,Regular,39,Create,ConfigMap,false
6.194334293,Regular,61,Update,Deployment,false
6.255954999,Regular,20,Delete,ConfigMap,false
6.276155623,Regular,19,Delete,Deployment,false
6.2959239,Regular,38,Create,Deployment,false
6.334291254,Regular,40,Create,ConfigMap,false
6.374442429,Regular,60,Update,Deployment,false
6.435439236,Regular,21,Delete,ConfigMap,false
6.456541855,Regular,19,Delete,Deployment,false
6.476315071,Regular,37,Create,Deployment,false
6.514223577,Regular,40,Create,ConfigMap,false
6.55454269,Regular,61,Update,Deployment,false
6.615647321,Regular,20,Delete,ConfigMap,false
6.6359793929999995,Regular,18,Delete,Deployment,false
6.654828082,Regular,38,Create,Deployment,false
6.693595492,Regular,41,Create,ConfigMap,false
6.734804576,Regular,60,Update,Deployment,false
6.795675576,Regular,20,Delete,ConfigMap,false
6.8164763839999996,Regular,21,Delete,Deployment,false
6.837793297,Regular,37,Create,Deployment,false
6.875240873,Regular,40,Create,ConfigMap,false
6.9154107830000004,Regular,61,Update,Deployment,false
6.976543378,Regular,20,Delete,ConfigMap,false
6.99713506,Regular,20,Delete,Deployment,false
6.09275205,Regular,20,Delete,Deployment,false
6.113436147,Regular,38,Create,Deployment,false
6.151709123,Regular,39,Create,ConfigMap,false
6.191333422,Regular,61,Update,Deployment,false
6.253196096,Regular,19,Delete,ConfigMap,false
6.272287313,Regular,19,Delete,Deployment,false
6.2917210279999995,Regular,39,Create,Deployment,false
6.33144741,Regular,38,Create,ConfigMap,false
6.370222214,Regular,61,Update,Deployment,false
6.431810779,Regular,21,Delete,ConfigMap,false
6.453102956,Regular,19,Delete,Deployment,false
6.472199323,Regular,38,Create,Deployment,false
6.510291136,Regular,39,Create,ConfigMap,false
6.550250278,Regular,61,Update,Deployment,false
6.61131826,Regular,22,Delete,ConfigMap,false
6.634203557,Regular,17,Delete,Deployment,false
6.651803286,Regular,38,Create,Deployment,false
6.690709538,Regular,39,Create,ConfigMap,false
6.730468111,Regular,61,Update,Deployment,false
6.791981224,Regular,19,Delete,ConfigMap,false
6.811587896,Regular,20,Delete,Deployment,false
6.832226858,Regular,37,Create,Deployment,false
6.870205918,Regular,40,Create,ConfigMap,false
6.910428628,Regular,61,Update,Deployment,false
6.971907016,Regular,20,Delete,ConfigMap,false
6.992153156,Regular,19,Delete,Deployment,false
7.011876748,Regular,38,Create,Deployment,false
6.015178988,Regular,61,Update,Deployment,false
6.076968483,Regular,19,Delete,ConfigMap,false
6.09694305,Regular,20,Delete,Deployment,false
6.116985575,Regular,38,Create,Deployment,false
6.155256226,Regular,40,Create,ConfigMap,false
6.195519202,Regular,61,Update,Deployment,false
6.25675435,Regular,20,Delete,ConfigMap,false
6.277203513,Regular,19,Delete,Deployment,false
6.296893241,Regular,38,Create,Deployment,false
6.335813781,Regular,40,Create,ConfigMap,false
6.37629009,Regular,60,Update,Deployment,false
6.436850714,Regular,20,Delete,ConfigMap,false
6.457301009,Regular,19,Delete,Deployment,false
6.477109963,Regular,38,Create,Deployment,false
6.515499218,Regular,39,Create,ConfigMap,false
6.555077721,Regular,61,Update,Deployment,false
6.616417466,Regular,20,Delete,ConfigMap,false
6.63704671,Regular,19,Delete,Deployment,false
6.656909616,Regular,38,Create,Deployment,false
6.695482989,Regular,39,Create,ConfigMap,false
6.735263944,Regular,61,Update,Deployment,false
6.796498832,Regular,20,Delete,ConfigMap,false
6.817196955,Regular,19,Delete,Deployment,false
6.836772658,Regular,36,Create,Deployment,false
6.8737022549999995,Regular,39,Create,ConfigMap,false
6.913188955,Regular,61,Update,Deployment,false
6.974429753,Regular,20,Delete,ConfigMap,false
6.994992281,Regular,20,Delete,Deployment,false
7.015044624,Regular,38,Create,Deployment,false
7.005906085,Regular,38,Create,Deployment,false
7.044271515,Regular,40,Create,ConfigMap,false
7.084435254,Regular,60,Update,Deployment,false
7.145342492,Regular,20,Delete,ConfigMap,false
7.165596557,Regular,20,Delete,Deployment,false
7.186332092,Regular,38,Create,Deployment,false
7.224574559,Regular,39,Create,ConfigMap,false
7.2643533,Regular,61,Update,Deployment,false
7.325385866,Regular,21,Delete,ConfigMap,false
7.346852201,Regular,19,Delete,Deployment,false
7.366324949,Regular,38,Create,Deployment,false
7.404703875,Regular,39,Create,ConfigMap,false
7.444318196,Regular,61,Update,Deployment,false
7.505652371,Regular,20,Delete,ConfigMap,false
7.525689606,Regular,20,Delete,Deployment,false
7.546264026,Regular,38,Create,Deployment,false
7.584634516,Regular,39,Create,ConfigMap,false
7.624489581,Regular,61,Update,Deployment,false
7.685502659,Regular,19,Delete,ConfigMap,false
7.705399579,Regular,20,Delete,Deployment,false
7.725867929,Regular,39,Create,Deployment,false
7.765820829,Regular,39,Create,ConfigMap,false
7.80510718,Regular,61,Update,Deployment,false
7.866637796,Regular,19,Delete,ConfigMap,false
7.886490532,Regular,20,Delete,Deployment,false
7.906796986,Regular,38,Create,Deployment,false
7.945538717,Regular,39,Create,ConfigMap,false
7.985394233,Regular,61,Update,Deployment,false
7.053323301,Regular,39,Create,ConfigMap,false
7.09310642,Regular,61,Update,Deployment,false
7.154503324,Regular,20,Delete,ConfigMap,false
7.175146985,Regular,19,Delete,Deployment,false
7.194877911,Regular,38,Create,Deployment,false
7.233603312,Regular,39,Create,ConfigMap,false
7.273159462,Regular,61,Update,Deployment,false
7.334513985,Regular,20,Delete,ConfigMap,false
7.355009637,Regular,19,Delete,Deployment,false
7.374827457,Regular,38,Create,Deployment,false
7.41310964,Regular,39,Create,ConfigMap,false
7.453056178,Regular,61,Update,Deployment,false
7.514704777,Regular,20,Delete,ConfigMap,false
7.534871156,Regular,19,Delete,Deployment,false
7.554561275,Regular,38,Create,Deployment,false
7.593091908,Regular,40,Create,ConfigMap,false
7.63321509,Regular,61,Update,Deployment,false
7.69476893,Regular,19,Delete,ConfigMap,false
7.714712047,Regular,20,Delete,Deployment,false
7.734950122,Regular,32,Create,Deployment,false
7.767235643,Regular,39,Create,ConfigMap,false
7.807103572,Regular,61,Update,Deployment,false
7.868706175,Regular,20,Delete,ConfigMap,false
7.889028388,Regular,19,Delete,Deployment,false
7.908861387,Regular,38,Create,Deployment,false
7.9475032,Regular,39,Create,ConfigMap,false
7.987273375,Regular,61,Update,Deployment,false
7.012884753,Regular,38,Create,Deployment,false
7.051305197,Regular,39,Create,ConfigMap,false
7.09122764,Regular,61,Update,Deployment,false
7.152659289,Regular,20,Delete,ConfigMap,false
7.173058157,Regular,19,Delete,Deployment,false
7.192234806,Regular,38,Create,Deployment,false
7.230250716,Regular,39,Create,ConfigMap,false
7.270132943,Regular,61,Update,Deployment,false
7.331562768,Regular,20,Delete,ConfigMap,false
7.352005059,Regular,19,Delete,Deployment,false
7.371998721,Regular,38,Create,Deployment,false
7.410332071,Regular,39,Create,ConfigMap,false
7.450053183,Regular,61,Update,Deployment,false
7.511778457,Regular,21,Delete,ConfigMap,false
7.5331639500000005,Regular,19,Delete,Deployment,false
7.552571015,Regular,39,Create,Deployment,false
7.591661745,Regular,40,Create,ConfigMap,false
7.631809774,Regular,61,Update,Deployment,false
7.692880542,Regular,19,Delete,ConfigMap,false
7.712612099,Regular,20,Delete,Deployment,false
7.73312374,Regular,35,Create,Deployment,false
7.768734084,Regular,39,Create,ConfigMap,false
7.808232396,Regular,61,Update,Deployment,false
7.869348549,Regular,20,Delete,ConfigMap,false
7.890051862,Regular,19,Delete,Deployment,false
7.9097463999999995,Regular,38,Create,Deployment,false
7.948229933,Regular,40,Create,ConfigMap,false
7.988446522,Regular,61,Update,Deployment,false
7.00987254,Regular,38,Create,Deployment,false
7.048601448,Regular,39,Create,ConfigMap,false
7.088161215,Regular,61,Update,Deployment,false
7.14983967,Regular,20,Delete,ConfigMap,false
7.169924405,Regular,21,Delete,Deployment,false
7.191287987,Regular,38,Create,Deployment,false
7.229692822,Regular,39,Create,ConfigMap,false
7.269319656,Regular,61,Update,Deployment,false
7.330768838,Regular,20,Delete,ConfigMap,false
7.350979731,Regular,20,Delete,Deployment,false
7.371275525,Regular,38,Create,Deployment,false
7.409609055,Regular,39,Create,ConfigMap,false
7.44940081,Regular,61,Update,Deployment,false
7.5111121480000005,Regular,19,Delete,ConfigMap,false
7.530524472,Regular,21,Delete,Deployment,false
7.551841506,Regular,38,Create,Deployment,false
7.59024091,Regular,39,Create,ConfigMap,false
7.630133026,Regular,61,Update,Deployment,false
7.69144571,Regular,20,Delete,ConfigMap,false
7.711609574,Regular,20,Delete,Deployment,false
7.73217133,Regular,39,Create,Deployment,false
7.772050772,Regular,40,Create,ConfigMap,false
7.812360466,Regular,61,Update,Deployment,false
7.8736714469999995,Regular,20,Delete,ConfigMap,false
7.8942894,Regular,21,Delete,Deployment,false
7.9155477229999995,Regular,36,Create,Deployment,false
7.952528947,Regular,39,Create,ConfigMap,false
7.992210294,Regular,61,Update,Deployment,false
7.013963211,Regular,38,Create,Deployment,false
7.052750178,Regular,39,Create,ConfigMap,false
7.092501196,Regular,60,Update,Deployment,false
7.153396091,Regular,20,Delete,ConfigMap,false
7.174038059,Regular,19,Delete,Deployment,false
7.193879885,Regular,38,Create,Deployment,false
7.232149424,Regular,39,Create,ConfigMap,false
7.272023125,Regular,61,Update,Deployment,false
7.333507503,Regular,20,Delete,ConfigMap,false
7.354041337,Regular,19,Delete,Deployment,false
7.374011906,Regular,38,Create,Deployment,false
7.412493756,Regular,40,Create,ConfigMap,false
7.45252802,Regular,61,Update,Deployment,false
7.5139782440000005,Regular,20,Delete,ConfigMap,false
7.53428585,Regular,19,Delete,Deployment,false
7.553612683,Regular,38,Create,Deployment,false
7.592326121,Regular,40,Create,ConfigMap,false
7.632605548,Regular,60,Update,Deployment,false
7.6933442979999995,Regular,20,Delete,ConfigMap,false
7.713662003,Regular,20,Delete,Deployment,false
7.7339203659999995,Regular,39,Create,Deployment,false
7.773274344,Regular,40,Create,ConfigMap,false
7.813661084,Regular,61,Update,Deployment,false
7.875050884,Regular,20,Delete,ConfigMap,false
7.895233524,Regular,21,Delete,Deployment,false
7.916423427,Regular,36,Create,Deployment,false
7.953311827,Regular,39,Create,ConfigMap,false
7.993300474,Regular,61,Update,Deployment,false
7.01722222,Regular,38,Create,Deployment,false
7.055650639,Regular,39,Create,ConfigMap,false
7.095150573,Regular,61,Update,Deployment,false
7.156281303,Regular,20,Delete,ConfigMap,false
7.177232876,Regular,19,Delete,Deployment,false
7.196942803,Regular,38,Create,Deployment,false
7.235300308,Regular,40,Create,ConfigMap,false
7.27545529,Regular,61,Update,Deployment,false
7.336464772,Regular,20,Delete,ConfigMap,false
7.356956927,Regular,19,Delete,Deployment,false
7.37676585,Regular,38,Create,Deployment,false
7.415299017,Regular,40,Create,ConfigMap,false
7.455425716,Regular,61,Update,Deployment,false
7.516592955,Regular,20,Delete,ConfigMap,false
7.536975202,Regular,19,Delete,Deployment,false
7.556879486,Regular,38,Create,Deployment,false
7.59572316,Regular,40,Create,ConfigMap,false
7.636523131,Regular,59,Update,Deployment,false
7.696510251,Regular,20,Delete,ConfigMap,false
7.716594945,Regular,21,Delete,Deployment,false
7.738265206,Regular,36,Create,Deployment,false
7.775112648,Regular,39,Create,ConfigMap,false
7.815069225,Regular,62,Update,Deployment,false
7.877098594,Regular,20,Delete,ConfigMap,false
7.897294248,Regular,19,Delete,Deployment,false
7.917148197,Regular,37,Create,Deployment,false
7.954188443,Regular,40,Create,ConfigMap,false
7.994430029,Regular,60,Update,Deployment,false
7.001762735,Regular,37,Create,Deployment,false
7.039710136,Regular,39,Create,ConfigMap,false
7.07954381,Regular,62,Update,Deployment,false
7.141601633,Regular,19,Delete,ConfigMap,false
7.160925239,Regular,21,Delete,Deployment,false
7.182658279,Regular,36,Create,Deployment,false
7.219590651,Regular,41,Create,ConfigMap,false
7.261172389,Regular,60,Update,Deployment,false
7.321779631,Regular,19,Delete,ConfigMap,false
7.341618901,Regular,20,Delete,Deployment,false
7.362188573,Regular,38,Create,Deployment,false
7.400270397,Regular,39,Create,ConfigMap,false
7.440131274,Regular,61,Update,Deployment,false
7.501695403,Regular,19,Delete,ConfigMap,false
7.521697361,Regular,20,Delete,Deployment,false
7.541850395,Regular,39,Create,Deployment,false
7.581422285,Regular,39,Create,ConfigMap,false
7.620639415,Regular,61,Update,Deployment,false
7.681728477,Regular,19,Delete,ConfigMap,false
7.701548772,Regular,20,Delete,Deployment,false
7.72170914,Regular,38,Create,Deployment,false
7.760233711,Regular,40,Create,ConfigMap,false
7.800369126,Regular,61,Update,Deployment,false
7.86224263,Regular,19,Delete,ConfigMap,false
7.881576175,Regular,20,Delete,Deployment,false
7.901872149,Regular,38,Create,Deployment,false
7.940654808,Regular,39,Create,ConfigMap,false
7.980118875,Regular,61,Update,Deployment,false
8.041650453,Regular,20,Delete,ConfigMap,false
7.016115869,Regular,38,Create,Deployment,false
7.054187303,Regular,40,Create,ConfigMap,false
7.094462593,Regular,60,Update,Deployment,false
7.155254764,Regular,20,Delete,ConfigMap,false
7.176207258,Regular,19,Delete,Deployment,false
7.1958368329999995,Regular,38,Create,Deployment,false
7.234270021,Regular,40,Create,ConfigMap,false
7.274315096,Regular,60,Update,Deployment,false
7.3353122840000005,Regular,20,Delete,ConfigMap,false
7.355924526,Regular,19,Delete,Deployment,false
7.375830362,Regular,38,Create,Deployment,false
7.414583134,Regular,39,Create,ConfigMap,false
7.454305369,Regular,61,Update,Deployment,false
7.515433955,Regular,20,Delete,ConfigMap,false
7.535928805,Regular,19,Delete,Deployment,false
7.555489249,Regular,38,Create,Deployment,false
7.594348883,Regular,40,Create,ConfigMap,false
7.634653208,Regular,60,Update,Deployment,false
7.695402327,Regular,20,Delete,ConfigMap,false
7.715742344,Regular,20,Delete,Deployment,false
7.736653921,Regular,37,Create,Deployment,false
7.774597374,Regular,39,Create,ConfigMap,false
7.814355546,Regular,61,Update,Deployment,false
7.876034753,Regular,20,Delete,ConfigMap,false
7.89640636,Regular,20,Delete,Deployment,false
7.917362121,Regular,39,Create,Deployment,false
7.9572285879999995,Regular,39,Create,ConfigMap,false
7.996301405,Regular,62,Update,Deployment,false
8.058938022,Regular,18,Delete,ConfigMap,false
7.008865016,Regular,38,Create,Deployment,false
7.0473009,Regular,40,Create,ConfigMap,false
7.087426817,Regular,61,Update,Deployment,false
7.148634824,Regular,20,Delete,ConfigMap,false
7.168883909,Regular,20,Delete,Deployment,false
7.189469921,Regular,37,Create,Deployment,false
7.227096656,Regular,40,Create,ConfigMap,false
7.267569288,Regular,61,Update,Deployment,false
7.328784668,Regular,20,Delete,ConfigMap,false
7.34892578,Regular,20,Delete,Deployment,false
7.369625106,Regular,37,Create,Deployment,false
7.4075894380000005,Regular,39,Create,ConfigMap,false
7.447135229,Regular,61,Update,Deployment,false
7.508394232,Regular,20,Delete,ConfigMap,false
7.528600607,Regular,20,Delete,Deployment,false
7.549513076,Regular,36,Create,Deployment,false
7.5861514020000005,Regular,40,Create,ConfigMap,false
7.626176849,Regular,61,Update,Deployment,false
7.687712656,Regular,19,Delete,ConfigMap,false
7.707413775,Regular,20,Delete,Deployment,false
7.728018052,Regular,43,Create,Deployment,false
7.771488189,Regular,40,Create,ConfigMap,false
7.811657808,Regular,60,Update,Deployment,false
7.872307721,Regular,20,Delete,ConfigMap,false
7.893161659,Regular,21,Delete,Deployment,false
7.914384024,Regular,36,Create,Deployment,false
7.9510624960000005,Regular,39,Create,ConfigMap,false
7.99105457,Regular,61,Update,Deployment,false
8.052594654,Regular,19,Delete,ConfigMap,false
8.072552189,Regular,20,Delete,Deployment,false
7.050462665,Regular,39,Create,ConfigMap,false
7.090064251,Regular,61,Update,Deployment,false
7.151622199,Regular,20,Delete,ConfigMap,false
7.171994517,Regular,20,Delete,Deployment,false
7.192982449,Regular,38,Create,Deployment,false
7.231452677,Regular,39,Create,ConfigMap,false
7.271392613,Regular,61,Update,Deployment,false
7.332667526,Regular,20,Delete,ConfigMap,false
7.353002474,Regular,20,Delete,Deployment,false
7.37306146,Regular,38,Create,Deployment,false
7.41117279,Regular,40,Create,ConfigMap,false
7.451309307,Regular,61,Update,Deployment,false
7.512999505,Regular,19,Delete,ConfigMap,false
7.532392703,Regular,19,Delete,Deployment,false
7.55156307,Regular,37,Create,Deployment,false
7.589420821,Regular,39,Create,ConfigMap,false
7.628986359,Regular,61,Update,Deployment,false
7.690415543,Regular,20,Delete,ConfigMap,false
7.710654219,Regular,20,Delete,Deployment,false
7.730742661,Regular,35,Create,Deployment,false
7.766483281,Regular,39,Create,ConfigMap,false
7.806401486,Regular,61,Update,Deployment,false
7.8676302620000005,Regular,19,Delete,ConfigMap,false
7.887564762,Regular,20,Delete,Deployment,false
7.907927112,Regular,38,Create,Deployment,false
7.946090871,Regular,39,Create,ConfigMap,false
7.986026228,Regular,61,Update,Deployment,false
8.047323814,Regular,20,Delete,ConfigMap,false
8.067866925,Regular,20,Delete,Deployment,false
8.088024637,Regular,38,Create,Deployment,false
8.126200379,Regular,40,Create,ConfigMap,false
8.06239788,Regular,19,Delete,Deployment,false
8.081909231,Regular,38,Create,Deployment,false
8.120823799,Regular,40,Create,ConfigMap,false
8.16098377,Regular,61,Update,Deployment,false
8.222387968,Regular,19,Delete,ConfigMap,false
8.241689382,Regular,21,Delete,Deployment,false
8.263570091,Regular,37,Create,Deployment,false
8.300688024,Regular,39,Create,ConfigMap,false
8.340007277,Regular,61,Update,Deployment,false
8.401902662,Regular,19,Delete,ConfigMap,false
8.421588624,Regular,20,Delete,Deployment,false
8.441868146000001,Regular,38,Create,Deployment,false
8.480550526,Regular,39,Create,ConfigMap,false
8.519992059,Regular,62,Update,Deployment,false
8.582627564,Regular,18,Delete,ConfigMap,false
8.601322131,Regular,22,Delete,Deployment,false
8.6236209,Regular,37,Create,Deployment,false
8.661322336,Regular,39,Create,ConfigMap,false
8.701231373,Regular,61,Update,Deployment,false
8.76246614,Regular,21,Delete,ConfigMap,false
8.784163442,Regular,18,Delete,Deployment,false
8.802557141,Regular,38,Create,Deployment,false
8.841169989,Regular,40,Create,ConfigMap,false
8.881353776,Regular,61,Update,Deployment,false
8.942556242,Regular,20,Delete,ConfigMap,false
8.962990998,Regular,21,Delete,Deployment,false
8.984514742,Regular,37,Create,Deployment,false
8.046710665,Regular,20,Delete,ConfigMap,false
8.06691186,Regular,20,Delete,Deployment,false
8.087023215,Regular,38,Create,Deployment,false
8.125441185,Regular,39,Create,ConfigMap,false
8.165339652,Regular,61,Update,Deployment,false
8.226863716,Regular,19,Delete,ConfigMap,false
8.246711743,Regular,20,Delete,Deployment,false
8.267144656,Regular,38,Create,Deployment,false
8.305153061,Regular,39,Create,ConfigMap,false
8.34515284,Regular,61,Update,Deployment,false
8.406616801,Regular,20,Delete,ConfigMap,false
8.4271538,Regular,19,Delete,Deployment,false
8.446612352,Regular,38,Create,Deployment,false
8.485187007,Regular,40,Create,ConfigMap,false
8.525510478,Regular,61,Update,Deployment,false
8.587154919,Regular,19,Delete,ConfigMap,false
8.606675488,Regular,19,Delete,Deployment,false
8.626530548,Regular,37,Create,Deployment,false
8.664244738,Regular,40,Create,ConfigMap,false
8.704397226,Regular,61,Update,Deployment,false
8.765610492,Regular,20,Delete,ConfigMap,false
8.785954938,Regular,19,Delete,Deployment,false
8.805637663,Regular,39,Create,Deployment,false
8.844672478,Regular,39,Create,ConfigMap,false
8.884363433,Regular,61,Update,Deployment,false
8.945412189,Regular,20,Delete,ConfigMap,false
8.965843158,Regular,19,Delete,Deployment,false
8.985463775,Regular,37,Create,Deployment,false
8.048438139,Regular,20,Delete,ConfigMap,false
8.069028971,Regular,19,Delete,Deployment,false
8.089028715,Regular,38,Create,Deployment,false
8.127563085,Regular,39,Create,ConfigMap,false
8.167398994,Regular,61,Update,Deployment,false
8.228724783,Regular,19,Delete,ConfigMap,false
8.248682127,Regular,20,Delete,Deployment,false
8.268983781,Regular,38,Create,Deployment,false
8.307209057,Regular,39,Create,ConfigMap,false
8.347066787,Regular,61,Update,Deployment,false
8.40843698,Regular,20,Delete,ConfigMap,false
8.429150263,Regular,19,Delete,Deployment,false
8.448629063,Regular,38,Create,Deployment,false
8.487213567,Regular,39,Create,ConfigMap,false
8.527160085,Regular,61,Update,Deployment,false
8.588556147,Regular,20,Delete,ConfigMap,false
8.608696727,Regular,19,Delete,Deployment,false
8.628268202,Regular,38,Create,Deployment,false
8.666333425,Regular,39,Create,ConfigMap,false
8.706333975,Regular,61,Update,Deployment,false
8.767423138,Regular,21,Delete,ConfigMap,false
8.788520917,Regular,19,Delete,Deployment,false
8.807631531,Regular,38,Create,Deployment,false
8.84622928,Regular,40,Create,ConfigMap,false
8.886466297,Regular,61,Update,Deployment,false
8.94749234,Regular,20,Delete,ConfigMap,false
8.968126883,Regular,19,Delete,Deployment,false
8.98791626,Regular,38,Create,Deployment,false
8.16662978,Regular,60,Update,Deployment,false
8.227499147,Regular,20,Delete,ConfigMap,false
8.247619409,Regular,20,Delete,Deployment,false
8.267925502,Regular,38,Create,Deployment,false
8.306600918000001,Regular,39,Create,ConfigMap,false
8.346393154,Regular,61,Update,Deployment,false
8.407555815,Regular,20,Delete,ConfigMap,false
8.428217861,Regular,19,Delete,Deployment,false
8.447789415999999,Regular,38,Create,Deployment,false
8.486600218,Regular,39,Create,ConfigMap,false
8.526036662,Regular,61,Update,Deployment,false
8.587831518,Regular,19,Delete,ConfigMap,false
8.607614873,Regular,21,Delete,Deployment,false
8.629089915,Regular,38,Create,Deployment,false
8.667216103,Regular,40,Create,ConfigMap,false
8.707530366,Regular,60,Update,Deployment,false
8.768381659,Regular,20,Delete,ConfigMap,false
8.789245586,Regular,19,Delete,Deployment,false
8.80870033,Regular,38,Create,Deployment,false
8.847622423,Regular,39,Create,ConfigMap,false
8.887167282,Regular,61,Update,Deployment,false
8.948622035,Regular,20,Delete,ConfigMap,false
8.969064385,Regular,19,Delete,Deployment,false
8.989008845,Regular,38,Create,Deployment,false
8.049540723,Regular,20,Delete,ConfigMap,false
8.069963456,Regular,20,Delete,Deployment,false
8.090051548,Regular,38,Create,Deployment,false
8.128262927,Regular,39,Create,ConfigMap,false
8.168236797,Regular,61,Update,Deployment,false
8.229679016,Regular,19,Delete,ConfigMap,false
8.249675624,Regular,20,Delete,Deployment,false
8.269928807,Regular,38,Create,Deployment,false
8.308182526,Regular,40,Create,ConfigMap,false
8.348272355,Regular,61,Update,Deployment,false
8.40934691,Regular,20,Delete,ConfigMap,false
8.430224182,Regular,19,Delete,Deployment,false
8.449799654,Regular,38,Create,Deployment,false
8.488233985,Regular,40,Create,ConfigMap,false
8.528328493,Regular,62,Update,Deployment,false
8.590731628,Regular,19,Delete,ConfigMap,false
8.609795263,Regular,20,Delete,Deployment,false
8.630143175,Regular,38,Create,Deployment,false
8.668524314999999,Regular,39,Create,ConfigMap,false
8.708110553000001,Regular,61,Update,Deployment,false
8.769394803,Regular,21,Delete,ConfigMap,false
8.791092967,Regular,19,Delete,Deployment,false
8.810714166,Regular,38,Create,Deployment,false
8.84926124,Regular,39,Create,ConfigMap,false
8.889002169,Regular,61,Update,Deployment,false
8.950452693999999,Regular,21,Delete,ConfigMap,false
8.971520166,Regular,19,Delete,Deployment,false
8.991020937,Regular,38,Create,Deployment,false
8.093025447,Regular,39,Create,Deployment,false
8.132813917,Regular,39,Create,ConfigMap,false
8.172077374,Regular,61,Update,Deployment,false
8.233461053,Regular,20,Delete,ConfigMap,false
8.253752929000001,Regular,20,Delete,Deployment,false
8.273859796,Regular,38,Create,Deployment,false
8.312245184,Regular,39,Create,ConfigMap,false
8.352204837,Regular,61,Update,Deployment,false
8.413717489,Regular,20,Delete,ConfigMap,false
8.434196709,Regular,19,Delete,Deployment,false
8.454017786,Regular,38,Create,Deployment,false
8.492720012,Regular,39,Create,ConfigMap,false
8.532099319,Regular,62,Update,Deployment,false
8.594312736,Regular,18,Delete,ConfigMap,false
8.612908687000001,Regular,20,Delete,Deployment,false
8.633072621,Regular,38,Create,Deployment,false
8.671467828,Regular,39,Create,ConfigMap,false
8.711064294,Regular,62,Update,Deployment,false
8.77370043,Regular,19,Delete,ConfigMap,false
8.793043944,Regular,19,Delete,Deployment,false
8.81298671,Regular,38,Create,Deployment,false
8.851261059,Regular,40,Create,ConfigMap,false
8.891602293,Regular,60,Update,Deployment,false
8.952390326,Regular,21,Delete,ConfigMap,false
8.973526698,Regular,19,Delete,Deployment,false
8.993133369,Regular,38,Create,Deployment,false
8.055440182,Regular,20,Delete,ConfigMap,false
8.075494108000001,Regular,20,Delete,Deployment,false
8.095966315,Regular,38,Create,Deployment,false
8.134199606,Regular,40,Create,ConfigMap,false
8.17453065,Regular,60,Update,Deployment,false
8.235322431,Regular,20,Delete,ConfigMap,false
8.255800799,Regular,20,Delete,Deployment,false
8.275924578,Regular,38,Create,Deployment,false
8.314303143,Regular,39,Create,ConfigMap,false
8.354147157,Regular,61,Update,Deployment,false
8.41546401,Regular,19,Delete,ConfigMap,false
8.435175589,Regular,19,Delete,Deployment,false
8.455079001,Regular,38,Create,Deployment,false
8.493379108,Regular,39,Create,ConfigMap,false
8.533299056,Regular,61,Update,Deployment,false
8.59505038,Regular,18,Delete,ConfigMap,false
8.614036007,Regular,20,Delete,Deployment,false
8.63468077,Regular,37,Create,Deployment,false
8.672258041,Regular,39,Create,ConfigMap,false
8.712252109,Regular,62,Update,Deployment,false
8.774355808,Regular,19,Delete,ConfigMap,false
8.794009438,Regular,19,Delete,Deployment,false
8.813985588,Regular,38,Create,Deployment,false
8.852150399,Regular,40,Create,ConfigMap,false
8.892179644,Regular,62,Update,Deployment,false
8.954192411,Regular,20,Delete,ConfigMap,false
8.974274551,Regular,19,Delete,Deployment,false
8.993950473,Regular,38,Create,Deployment,false
8.053527918,Regular,19,Delete,ConfigMap,false
8.073504468,Regular,20,Delete,Deployment,false
8.093823936,Regular,38,Create,Deployment,false
8.132428268,Regular,38,Create,ConfigMap,false
8.171422878,Regular,61,Update,Deployment,false
8.232867251,Regular,19,Delete,ConfigMap,false
8.25272119,Regular,20,Delete,Deployment,false
8.273060606,Regular,38,Create,Deployment,false
8.311540843,Regular,39,Create,ConfigMap,false
8.351453006,Regular,61,Update,Deployment,false
8.412973062,Regular,20,Delete,ConfigMap,false
8.433463343,Regular,19,Delete,Deployment,false
8.452855389,Regular,38,Create,Deployment,false
8.491306041,Regular,40,Create,ConfigMap,false
8.531439592,Regular,63,Update,Deployment,false
8.595069095,Regular,19,Delete,ConfigMap,false
8.615012543,Regular,20,Delete,Deployment,false
8.635572916,Regular,38,Create,Deployment,false
8.673700497,Regular,39,Create,ConfigMap,false
8.713460152,Regular,61,Update,Deployment,false
8.775177521,Regular,19,Delete,ConfigMap,false
8.795096412,Regular,19,Delete,Deployment,false
8.81468529,Regular,38,Create,Deployment,false
8.853455215,Regular,39,Create,ConfigMap,false
8.893296705000001,Regular,61,Update,Deployment,false
8.955004756,Regular,22,Delete,ConfigMap,false
8.977278217,Regular,17,Delete,Deployment,false
8.994909185000001,Regular,38,Create,Deployment,false
8.077364242,Regular,20,Delete,Deployment,false
8.098032109,Regular,38,Create,Deployment,false
8.136132518,Regular,40,Create,ConfigMap,false
8.176587948,Regular,60,Update,Deployment,false
8.237373106,Regular,20,Delete,ConfigMap,false
8.257820756,Regular,19,Delete,Deployment,false
8.277563295,Regular,38,Create,Deployment,false
8.31638127,Regular,41,Create,ConfigMap,false
8.35740313,Regular,59,Update,Deployment,false
8.417410227,Regular,20,Delete,ConfigMap,false
8.437987313,Regular,19,Delete,Deployment,false
8.457870035,Regular,38,Create,Deployment,false
8.496335705,Regular,40,Create,ConfigMap,false
8.537059622,Regular,60,Update,Deployment,false
8.597532039,Regular,20,Delete,ConfigMap,false
8.617891142,Regular,20,Delete,Deployment,false
8.637955729,Regular,39,Create,Deployment,false
8.677885305,Regular,39,Create,ConfigMap,false
8.717180773,Regular,60,Update,Deployment,false
8.777757907,Regular,19,Delete,ConfigMap,false
8.797703178999999,Regular,20,Delete,Deployment,false
8.817835573,Regular,38,Create,Deployment,false
8.856185444,Regular,40,Create,ConfigMap,false
8.897013488,Regular,60,Update,Deployment,false
8.957969489,Regular,21,Delete,ConfigMap,false
8.979116471,Regular,18,Delete,Deployment,false
8.997703195,Regular,38,Create,Deployment,false
8.054340013,Regular,20,Delete,ConfigMap,false
8.074442761,Regular,20,Delete,Deployment,false
8.094875644,Regular,39,Create,Deployment,false
8.133929605,Regular,39,Create,ConfigMap,false
8.173198333,Regular,61,Update,Deployment,false
8.234738397,Regular,19,Delete,ConfigMap,false
8.254689048,Regular,20,Delete,Deployment,false
8.274865236,Regular,38,Create,Deployment,false
8.313552104,Regular,39,Create,ConfigMap,false
8.353550359,Regular,61,Update,Deployment,false
8.414713511,Regular,21,Delete,ConfigMap,false
8.435900138,Regular,19,Delete,Deployment,false
8.455819,Regular,38,Create,Deployment,false
8.494109849,Regular,40,Create,ConfigMap,false
8.534472492999999,Regular,61,Update,Deployment,false
8.595778956,Regular,20,Delete,ConfigMap,false
8.615847,Regular,20,Delete,Deployment,false
8.636356517,Regular,38,Create,Deployment,false
8.674399578,Regular,39,Create,ConfigMap,false
8.714079402,Regular,61,Update,Deployment,false
8.775795799,Regular,20,Delete,ConfigMap,false
8.796026931,Regular,19,Delete,Deployment,false
8.815791721,Regular,38,Create,Deployment,false
8.854163203,Regular,40,Create,ConfigMap,false
8.894508745,Regular,61,Update,Deployment,false
8.956188834,Regular,21,Delete,ConfigMap,false
8.977508392,Regular,18,Delete,Deployment,false
8.996032247,Regular,38,Create,Deployment,false
9.034225712,Regular,40,Create,ConfigMap,false
9.033383701,Regular,39,Create,ConfigMap,false
9.073218809,Regular,59,Update,Deployment,false
9.132714449,Regular,20,Delete,ConfigMap,false
9.153005424,Regular,20,Delete,Deployment,false
9.173170501,Regular,38,Create,Deployment,false
9.211365299,Regular,39,Create,ConfigMap,false
9.250994606999999,Regular,61,Update,Deployment,false
9.312796166,Regular,20,Delete,ConfigMap,false
9.33327772,Regular,20,Delete,Deployment,false
9.353424842999999,Regular,37,Create,Deployment,false
9.391235314,Regular,40,Create,ConfigMap,false
9.431339761,Regular,61,Update,Deployment,false
9.493184732,Regular,19,Delete,ConfigMap,false
9.512994066,Regular,21,Delete,Deployment,false
9.534592391,Regular,37,Create,Deployment,false
9.572267246,Regular,38,Create,ConfigMap,false
9.611039385,Regular,63,Update,Deployment,false
9.675038546,Regular,11,Delete,ConfigMap,false
9.686380830000001,Regular,19,Delete,Deployment,false
9.706373491,Regular,38,Create,Deployment,false
9.745264675,Regular,40,Create,ConfigMap,false
9.785989694,Regular,60,Update,Deployment,false
9.846322837,Regular,20,Delete,ConfigMap,false
9.866389357,Regular,19,Delete,Deployment,false
9.886339999,Regular,38,Create,Deployment,false
9.925246742,Regular,39,Create,ConfigMap,false
9.965209721,Regular,61,Update,Deployment,false
9.023448697,Regular,39,Create,ConfigMap,false
9.063162646,Regular,61,Update,Deployment,false
9.124648968,Regular,20,Delete,ConfigMap,false
9.144840485,Regular,20,Delete,Deployment,false
9.165556512,Regular,37,Create,Deployment,false
9.203346475,Regular,40,Create,ConfigMap,false
9.243408792,Regular,60,Update,Deployment,false
9.303974595,Regular,20,Delete,ConfigMap,false
9.324051856,Regular,19,Delete,Deployment,false
9.344043845,Regular,38,Create,Deployment,false
9.382815934,Regular,39,Create,ConfigMap,false
9.422400478,Regular,62,Update,Deployment,false
9.484585641,Regular,18,Delete,ConfigMap,false
9.503580476,Regular,20,Delete,Deployment,false
9.52392383,Regular,38,Create,Deployment,false
9.562320499,Regular,39,Create,ConfigMap,false
9.602106554,Regular,73,Update,Deployment,false
9.675378108,Regular,14,Delete,ConfigMap,false
9.689451472,Regular,19,Delete,Deployment,false
9.709362729,Regular,38,Create,Deployment,false
9.748210151,Regular,39,Create,ConfigMap,false
9.788192787,Regular,61,Update,Deployment,false
9.849537141,Regular,20,Delete,ConfigMap,false
9.869571801,Regular,19,Delete,Deployment,false
9.889528685,Regular,39,Create,Deployment,false
9.928702382,Regular,39,Create,ConfigMap,false
9.968372588,Regular,61,Update,Deployment,false
9.026302249,Regular,39,Create,ConfigMap,false
9.066263435,Regular,60,Update,Deployment,false
9.126346987,Regular,20,Delete,ConfigMap,false
9.146929152,Regular,22,Delete,Deployment,false
9.169274088,Regular,37,Create,Deployment,false
9.206370389,Regular,39,Create,ConfigMap,false
9.246315785,Regular,61,Update,Deployment,false
9.307347208,Regular,20,Delete,ConfigMap,false
9.32818711,Regular,19,Delete,Deployment,false
9.348052039,Regular,38,Create,Deployment,false
9.386096333,Regular,39,Create,ConfigMap,false
9.426026771,Regular,61,Update,Deployment,false
9.487591892,Regular,20,Delete,ConfigMap,false
9.507877627,Regular,20,Delete,Deployment,false
9.527935601,Regular,38,Create,Deployment,false
9.566587533,Regular,39,Create,ConfigMap,false
9.606309336,Regular,68,Update,Deployment,false
9.674956381,Regular,16,Delete,ConfigMap,false
9.691398522,Regular,19,Delete,Deployment,false
9.711047122,Regular,39,Create,Deployment,false
9.750312854,Regular,39,Create,ConfigMap,false
9.790124888,Regular,61,Update,Deployment,false
9.851353524,Regular,20,Delete,ConfigMap,false
9.871380109,Regular,19,Delete,Deployment,false
9.891291736,Regular,39,Create,Deployment,false
9.930665372,Regular,39,Create,ConfigMap,false
9.970481714,Regular,62,Update,Deployment,false
9.029296648,Regular,40,Create,ConfigMap,false
9.069369825,Regular,60,Update,Deployment,false
9.129654698,Regular,20,Delete,ConfigMap,false
9.150132145,Regular,20,Delete,Deployment,false
9.170291761,Regular,38,Create,Deployment,false
9.208490837,Regular,39,Create,ConfigMap,false
9.248111248,Regular,61,Update,Deployment,false
9.310114618,Regular,19,Delete,ConfigMap,false
9.329876984,Regular,20,Delete,Deployment,false
9.350173038,Regular,38,Create,Deployment,false
9.388986434,Regular,38,Create,ConfigMap,false
9.427164701,Regular,61,Update,Deployment,false
9.488560633,Regular,20,Delete,ConfigMap,false
9.508862218,Regular,20,Delete,Deployment,false
9.528964966,Regular,38,Create,Deployment,false
9.567240126,Regular,40,Create,ConfigMap,false
9.607473216,Regular,67,Update,Deployment,false
9.675007477,Regular,17,Delete,ConfigMap,false
9.692366531,Regular,20,Delete,Deployment,false
9.712388698,Regular,38,Create,Deployment,false
9.7513796,Regular,39,Create,ConfigMap,false
9.791304317,Regular,61,Update,Deployment,false
9.852422895,Regular,19,Delete,ConfigMap,false
9.872282393999999,Regular,20,Delete,Deployment,false
9.892681032,Regular,38,Create,Deployment,false
9.931633231,Regular,39,Create,ConfigMap,false
9.971169554,Regular,62,Update,Deployment,false
9.031859491,Regular,39,Create,ConfigMap,false
9.071338375,Regular,63,Update,Deployment,false
9.134923654,Regular,20,Delete,ConfigMap,false
9.155117425,Regular,20,Delete,Deployment,false
9.175358635,Regular,38,Create,Deployment,false
9.213484043,Regular,40,Create,ConfigMap,false
9.253519198,Regular,60,Update,Deployment,false
9.314399576,Regular,20,Delete,ConfigMap,false
9.335088773,Regular,20,Delete,Deployment,false
9.355310276,Regular,38,Create,Deployment,false
9.393364999,Regular,40,Create,ConfigMap,false
9.433673261,Regular,61,Update,Deployment,false
9.494733087,Regular,20,Delete,ConfigMap,false
9.514937318,Regular,21,Delete,Deployment,false
9.53622721,Regular,38,Create,Deployment,false
9.574537146,Regular,40,Create,ConfigMap,false
9.615218903,Regular,61,Update,Deployment,false
9.676434905,Regular,20,Delete,ConfigMap,false
9.696878528,Regular,18,Delete,Deployment,false
9.715393336,Regular,38,Create,Deployment,false
9.754311791,Regular,39,Create,ConfigMap,false
9.794120068,Regular,61,Update,Deployment,false
9.855753298,Regular,19,Delete,ConfigMap,false
9.875510674000001,Regular,20,Delete,Deployment,false
9.895654731,Regular,40,Create,Deployment,false
9.936013559,Regular,38,Create,ConfigMap,false
9.974261978,Regular,61,Update,Deployment,false
9.074468581,Regular,61,Update,Deployment,false
9.135702426,Regular,20,Delete,ConfigMap,false
9.15607254,Regular,20,Delete,Deployment,false
9.176172714,Regular,38,Create,Deployment,false
9.214235513,Regular,39,Create,ConfigMap,false
9.254119493,Regular,61,Update,Deployment,false
9.315509774,Regular,20,Delete,ConfigMap,false
9.336084634,Regular,21,Delete,Deployment,false
9.35716463,Regular,38,Create,Deployment,false
9.395692307000001,Regular,40,Create,ConfigMap,false
9.436491206,Regular,60,Update,Deployment,false
9.496605145,Regular,20,Delete,ConfigMap,false
9.516960661,Regular,21,Delete,Deployment,false
9.538029956,Regular,39,Create,Deployment,false
9.577057709,Regular,39,Create,ConfigMap,false
9.616142128,Regular,63,Update,Deployment,false
9.679307032,Regular,21,Delete,ConfigMap,false
9.700390454,Regular,19,Delete,Deployment,false
9.719489917,Regular,39,Create,Deployment,false
9.758744888,Regular,39,Create,ConfigMap,false
9.798382783,Regular,59,Update,Deployment,false
9.857573077,Regular,19,Delete,ConfigMap,false
9.877320775,Regular,19,Delete,Deployment,false
9.897313154999999,Regular,40,Create,Deployment,false
9.937534603,Regular,38,Create,ConfigMap,false
9.976121361,Regular,61,Update,Deployment,false
9.022113103,Regular,40,Create,ConfigMap,false
9.062576127,Regular,61,Update,Deployment,false
9.123729951,Regular,20,Delete,ConfigMap,false
9.143939111,Regular,20,Delete,Deployment,false
9.164188076,Regular,38,Create,Deployment,false
9.202682621,Regular,39,Create,ConfigMap,false
9.242069521,Regular,62,Update,Deployment,false
9.304593525,Regular,20,Delete,ConfigMap,false
9.325135944,Regular,20,Delete,Deployment,false
9.34516848,Regular,38,Create,Deployment,false
9.38415258,Regular,38,Create,ConfigMap,false
9.422986946,Regular,62,Update,Deployment,false
9.485257251,Regular,19,Delete,ConfigMap,false
9.50465105,Regular,20,Delete,Deployment,false
9.524806397999999,Regular,39,Create,Deployment,false
9.563826555,Regular,39,Create,ConfigMap,false
9.603381373,Regular,71,Update,Deployment,false
9.67487681,Regular,9,Delete,ConfigMap,false
9.684674556000001,Regular,19,Delete,Deployment,false
9.704632851,Regular,39,Create,Deployment,false
9.743802511,Regular,39,Create,ConfigMap,false
9.783247953,Regular,61,Update,Deployment,false
9.844611473,Regular,19,Delete,ConfigMap,false
9.864536777,Regular,19,Delete,Deployment,false
9.884121166,Regular,39,Create,Deployment,false
9.923613395,Regular,39,Create,ConfigMap,false
9.96334109,Regular,61,Update,Deployment,false
10.024650348,Regular,15,Delete,ConfigMap,false
9.027158968,Regular,40,Create,ConfigMap,false
9.067580464,Regular,63,Update,Deployment,false
9.130799341,Regular,20,Delete,ConfigMap,false
9.151226032,Regular,19,Delete,Deployment,false
9.171139032,Regular,38,Create,Deployment,false
9.209313161,Regular,39,Create,ConfigMap,false
9.249229532,Regular,61,Update,Deployment,false
9.311114107,Regular,19,Delete,ConfigMap,false
9.330910877,Regular,20,Delete,Deployment,false
9.351296982,Regular,38,Create,Deployment,false
9.38959246,Regular,39,Create,ConfigMap,false
9.42899501,Regular,62,Update,Deployment,false
9.491616939,Regular,19,Delete,ConfigMap,false
9.510897003,Regular,20,Delete,Deployment,false
9.531183198,Regular,38,Create,Deployment,false
9.569329404,Regular,39,Create,ConfigMap,false
9.609233492,Regular,65,Update,Deployment,false
9.675042143,Regular,10,Delete,ConfigMap,false
9.685514913,Regular,19,Delete,Deployment,false
9.705496494,Regular,38,Create,Deployment,false
9.744381546,Regular,40,Create,ConfigMap,false
9.784605779,Regular,60,Update,Deployment,false
9.845449777,Regular,20,Delete,ConfigMap,false
9.865515316,Regular,19,Delete,Deployment,false
9.885435109,Regular,38,Create,Deployment,false
9.924273102,Regular,39,Create,ConfigMap,false
9.964012869,Regular,61,Update,Deployment,false
10.025560849,Regular,15,Delete,ConfigMap,false
9.032591695,Regular,40,Create,ConfigMap,false
9.072612583,Regular,60,Update,Deployment,false
9.133441483,Regular,20,Delete,ConfigMap,false
9.154121393,Regular,20,Delete,Deployment,false
9.174242627,Regular,37,Create,Deployment,false
9.21224449,Regular,40,Create,ConfigMap,false
9.252293071,Regular,61,Update,Deployment,false
9.313483765,Regular,20,Delete,ConfigMap,false
9.334041253,Regular,20,Delete,Deployment,false
9.354398543,Regular,38,Create,Deployment,false
9.392666479,Regular,39,Create,ConfigMap,false
9.432093445,Regular,61,Update,Deployment,false
9.493936773,Regular,19,Delete,ConfigMap,false
9.513876413,Regular,19,Delete,Deployment,false
9.53370833,Regular,37,Create,Deployment,false
9.571451855,Regular,40,Create,ConfigMap,false
9.61219064,Regular,63,Update,Deployment,false
9.675639652,Regular,17,Delete,ConfigMap,false
9.693226286,Regular,19,Delete,Deployment,false
9.713226942,Regular,39,Create,Deployment,false
9.752793732,Regular,39,Create,ConfigMap,false
9.792423642,Regular,61,Update,Deployment,false
9.854326983,Regular,18,Delete,ConfigMap,false
9.873241086,Regular,20,Delete,Deployment,false
9.893628572,Regular,38,Create,Deployment,false
9.932308226,Regular,40,Create,ConfigMap,false
9.972343582,Regular,61,Update,Deployment,false
10.034108822,Regular,11,Delete,ConfigMap,false
10.03992348,Regular,8,Delete,Deployment,false
10.033388801,Regular,11,Delete,ConfigMap,false
10.044576603,Regular,7,Delete,Deployment,false
9.036470755,Regular,39,Create,ConfigMap,false
9.076183872,Regular,61,Update,Deployment,false
9.137532685,Regular,20,Delete,ConfigMap,false
9.158228644,Regular,18,Delete,Deployment,false
9.17719715,Regular,38,Create,Deployment,false
9.215684651,Regular,39,Create,ConfigMap,false
9.255379644,Regular,61,Update,Deployment,false
9.317198916,Regular,19,Delete,ConfigMap,false
9.337059497,Regular,19,Delete,Deployment,false
9.356416436,Regular,37,Create,Deployment,false
9.394346474,Regular,40,Create,ConfigMap,false
9.434361722,Regular,61,Update,Deployment,false
9.495716566,Regular,20,Delete,ConfigMap,false
9.515969949,Regular,19,Delete,Deployment,false
9.535499876,Regular,37,Create,Deployment,false
9.573172407,Regular,40,Create,ConfigMap,false
9.613308192,Regular,62,Update,Deployment,false
9.675879004,Regular,20,Delete,ConfigMap,false
9.695910478,Regular,18,Delete,Deployment,false
9.714018047,Regular,39,Create,Deployment,false
9.753382214,Regular,39,Create,ConfigMap,false
9.792984993,Regular,62,Update,Deployment,false
9.855230871,Regular,19,Delete,ConfigMap,false
9.874489334,Regular,20,Delete,Deployment,false
9.894675721,Regular,40,Create,Deployment,false
9.935082038000001,Regular,37,Create,ConfigMap,false
9.972985375,Regular,61,Update,Deployment,false
10.034691573,Regular,11,Delete,ConfigMap,false
10.046341889,Regular,8,Delete,Deployment,false
10.038030072,Regular,9,Delete,ConfigMap,false
10.047166408,Regular,8,Delete,Deployment,false
10.03279542,Regular,10,Delete,ConfigMap,false
10.043671964,Regular,7,Delete,Deployment,false
10.051352458,Regular,7,Create,Deployment,false
10.058941199,Regular,5,Create,ConfigMap,false
10.045499518,Regular,8,Delete,Deployment,false
10.053689685,Regular,5,Create,Deployment,false
10.059289617,Regular,6,Create,ConfigMap,false
