start_time,role,duration_ms,operation,resource,is_error
0.002084279,Regular,31,Create,Deployment,false
0.002351363,Regular,31,Create,Deployment,false
0.034353953,Regular,18,Create,ConfigMap,false
0.052637255,Regular,20,Update,Deployment,false
0.072654134,Regular,5,Delete,ConfigMap,false
0.081835826,Regular,7,Delete,Deployment,false
0.102193488,Regular,12,Create,Deployment,false
0.121266884,Regular,9,Create,ConfigMap,false
0.141893886,Regular,14,Update,Deployment,false
0.161754028,Regular,5,Delete,ConfigMap,false
0.181521776,Regular,6,Delete,Deployment,false
0.201821509,Regular,12,Create,Deployment,false
0.221401361,Regular,8,Create,ConfigMap,false
0.242379707,Regular,13,Update,Deployment,false
0.261364886,Regular,5,Delete,ConfigMap,false
0.281581312,Regular,5,Delete,Deployment,false
0.301790023,Regular,12,Create,Deployment,false
0.322171971,Regular,8,Create,ConfigMap,false
0.342244996,Regular,12,Update,Deployment,false
0.361928905,Regular,6,Delete,ConfigMap,false
0.381440179,Regular,6,Delete,Deployment,false
0.401822949,Regular,11,Create,Deployment,false
0.421324042,Regular,9,Create,ConfigMap,false
0.442338566,Regular,13,Update,Deployment,false
0.462030461,Regular,6,Delete,ConfigMap,false
0.481410386,Regular,5,Delete,Deployment,false
0.501590373,Regular,10,Create,Deployment,false
0.522330789,Regular,15,Create,ConfigMap,false
0.54220116,Regular,12,Update,Deployment,false
0.56217131,Regular,7,Delete,ConfigMap,false
0.582385051,Regular,4,Delete,Deployment,false
0.601637325,Regular,11,Create,Deployment,false
0.622073817,Regular,10,Create,ConfigMap,false
0.641578717,Regular,13,Update,Deployment,false
0.662122061,Regular,6,Delete,ConfigMap,false
0.681944833,Regular,5,Delete,Deployment,false
0.701556686,Regular,10,Create,Deployment,false
0.721617749,Regular,12,Create,ConfigMap,false
0.741755335,Regular,13,Update,Deployment,false
0.761509216,Regular,7,Delete,ConfigMap,false
0.781516958,Regular,5,Delete,Deployment,false
0.8018956,Regular,9,Create,Deployment,false
0.822149396,Regular,8,Create,ConfigMap,false
0.841853534,Regular,13,Update,Deployment,false
0.86184271,Regular,5,Delete,ConfigMap,false
0.881731897,Regular,6,Delete,Deployment,false
0.901443429,Regular,10,Create,Deployment,false
0.921926749,Regular,10,Create,ConfigMap,false
0.941469552,Regular,11,Update,Deployment,false
0.961609112,Regular,5,Delete,ConfigMap,false
0.981921429,Regular,5,Delete,Deployment,false
0.00243969,Regular,31,Create,Deployment,false
0.033731968,Regular,18,Create,ConfigMap,false
0.052379027,Regular,17,Update,Deployment,false
0.070382201,Regular,6,Delete,ConfigMap,false
0.081945744,Regular,7,Delete,Deployment,false
0.102230939,Regular,12,Create,Deployment,false
0.121442406,Regular,9,Create,ConfigMap,false
0.141818613,Regular,14,Update,Deployment,false
0.161631266,Regular,5,Delete,ConfigMap,false
0.18132812,Regular,6,Delete,Deployment,false
0.201872445,Regular,12,Create,Deployment,false
0.221420227,Regular,8,Create,ConfigMap,false
0.242311358,Regular,13,Update,Deployment,false
0.261395143,Regular,5,Delete,ConfigMap,false
0.281647597,Regular,5,Delete,Deployment,false
0.301954273,Regular,11,Create,Deployment,false
0.322299633,Regular,9,Create,ConfigMap,false
0.342092969,Regular,11,Update,Deployment,false
0.361849485,Regular,6,Delete,ConfigMap,false
0.381561217,Regular,6,Delete,Deployment,false
0.401715726,Regular,11,Create,Deployment,false
0.421500786,Regular,9,Create,ConfigMap,false
0.44239342,Regular,12,Update,Deployment,false
0.462099311,Regular,6,Delete,ConfigMap,false
0.481531745,Regular,7,Delete,Deployment,false
0.501669582,Regular,10,Create,Deployment,false
0.52219923,Regular,15,Create,ConfigMap,false
0.542268097,Regular,13,Update,Deployment,false
0.562098132,Regular,7,Delete,ConfigMap,false
0.58185016,Regular,8,Delete,Deployment,false
0.601518761,Regular,11,Create,Deployment,false
0.622180839,Regular,10,Create,ConfigMap,false
0.641644953,Regular,13,Update,Deployment,false
0.661932353,Regular,6,Delete,ConfigMap,false
0.682102811,Regular,4,Delete,Deployment,false
0.701488176,Regular,10,Create,Deployment,false
0.721780737,Regular,13,Create,ConfigMap,false
0.741553484,Regular,13,Update,Deployment,false
0.761329657,Regular,6,Delete,ConfigMap,false
0.781460832,Regular,7,Delete,Deployment,false
0.801728174,Regular,10,Create,Deployment,false
0.822175415,Regular,8,Create,ConfigMap,false
0.842054854,Regular,12,Update,Deployment,false
0.86177931,Regular,6,Delete,ConfigMap,false
0.881773787,Regular,6,Delete,Deployment,false
0.901643788,Regular,10,Create,Deployment,false
0.921940064,Regular,10,Create,ConfigMap,false
0.941505049,Regular,13,Update,Deployment,false
0.961591068,Regular,7,Delete,ConfigMap,false
0.981873909,Regular,5,Delete,Deployment,false
0.002240895,Regular,31,Create,Deployment,false
0.034085526,Regular,18,Create,ConfigMap,false
0.052479066,Regular,19,Update,Deployment,false
0.07226032,Regular,7,Delete,ConfigMap,false
0.081824454,Regular,7,Delete,Deployment,false
0.102186946,Regular,13,Create,Deployment,false
0.121288775,Regular,10,Create,ConfigMap,false
0.141909656,Regular,14,Update,Deployment,false
0.161609635,Regular,4,Delete,ConfigMap,false
0.181588492,Regular,5,Delete,Deployment,false
0.202052215,Regular,12,Create,Deployment,false
0.221441988,Regular,9,Create,ConfigMap,false
0.242368456,Regular,13,Update,Deployment,false
0.261420201,Regular,5,Delete,ConfigMap,false
0.281618232,Regular,5,Delete,Deployment,false
0.301738435,Regular,11,Create,Deployment,false
0.322285787,Regular,10,Create,ConfigMap,false
0.34207757,Regular,13,Update,Deployment,false
0.362008646,Regular,6,Delete,ConfigMap,false
0.381480234,Regular,6,Delete,Deployment,false
0.401646916,Regular,11,Create,Deployment,false
0.421297502,Regular,8,Create,ConfigMap,false
0.442387208,Regular,12,Update,Deployment,false
0.462133065,Regular,5,Delete,ConfigMap,false
0.481395618,Regular,5,Delete,Deployment,false
0.501672508,Regular,10,Create,Deployment,false
0.522163923,Regular,15,Create,ConfigMap,false
0.542240946,Regular,12,Update,Deployment,false
0.562322757,Regular,5,Delete,ConfigMap,false
0.582188139,Regular,8,Delete,Deployment,false
0.60136485,Regular,11,Create,Deployment,false
0.622248857,Regular,9,Create,ConfigMap,false
0.641611139,Regular,14,Update,Deployment,false
0.66199456,Regular,6,Delete,ConfigMap,false
0.682010317,Regular,6,Delete,Deployment,false
0.701327162,Regular,11,Create,Deployment,false
0.72153404,Regular,13,Create,ConfigMap,false
0.741641941,Regular,13,Update,Deployment,false
0.761420849,Regular,5,Delete,ConfigMap,false
0.781500547,Regular,8,Delete,Deployment,false
0.801824486,Regular,10,Create,Deployment,false
0.822222955,Regular,8,Create,ConfigMap,false
0.841863362,Regular,13,Update,Deployment,false
0.861738674,Regular,8,Delete,ConfigMap,false
0.881721518,Regular,6,Delete,Deployment,false
0.901466973,Regular,11,Create,Deployment,false
0.922099686,Regular,9,Create,ConfigMap,false
0.941436078,Regular,13,Update,Deployment,false
0.961507149,Regular,7,Delete,ConfigMap,false
0.981927992,Regular,5,Delete,Deployment,false
0.002454648,Regular,32,Create,Deployment,false
0.034552087,Regular,17,Create,ConfigMap,false
0.052187525,Regular,15,Update,Deployment,false
0.067403381,Regular,9,Delete,ConfigMap,false
0.081932809,Regular,7,Delete,Deployment,false
0.102209208,Regular,8,Create,Deployment,false
0.121326316,Regular,10,Create,ConfigMap,false
0.141850183,Regular,14,Update,Deployment,false
0.161699996,Regular,6,Delete,ConfigMap,false
0.181459969,Regular,6,Delete,Deployment,false
0.201976853,Regular,10,Create,Deployment,false
0.221440205,Regular,9,Create,ConfigMap,false
0.242274098,Regular,11,Update,Deployment,false
0.261280407,Regular,5,Delete,ConfigMap,false
0.281641736,Regular,4,Delete,Deployment,false
0.301824398,Regular,11,Create,Deployment,false
0.322273694,Regular,10,Create,ConfigMap,false
0.342328614,Regular,12,Update,Deployment,false
0.362052519,Regular,6,Delete,ConfigMap,false
0.381598388,Regular,5,Delete,Deployment,false
0.401761202,Regular,11,Create,Deployment,false
0.421350532,Regular,8,Create,ConfigMap,false
0.442377029,Regular,13,Update,Deployment,false
0.461982871,Regular,5,Delete,ConfigMap,false
0.481439911,Regular,5,Delete,Deployment,false
0.501553282,Regular,10,Create,Deployment,false
0.522228726,Regular,15,Create,ConfigMap,false
0.542215137,Regular,13,Update,Deployment,false
0.562230522,Regular,4,Delete,ConfigMap,false
0.582269723,Regular,7,Delete,Deployment,false
0.601627096,Regular,9,Create,Deployment,false
0.622124603,Regular,9,Create,ConfigMap,false
0.641533402,Regular,14,Update,Deployment,false
0.662039144,Regular,6,Delete,ConfigMap,false
0.682020927,Regular,6,Delete,Deployment,false
0.701385893,Regular,11,Create,Deployment,false
0.721834168,Regular,11,Create,ConfigMap,false
0.741668501,Regular,13,Update,Deployment,false
0.761267129,Regular,7,Delete,ConfigMap,false
0.781496209,Regular,8,Delete,Deployment,false
0.801825808,Regular,8,Create,Deployment,false
0.822239076,Regular,8,Create,ConfigMap,false
0.841929337,Regular,13,Update,Deployment,false
0.86193272,Regular,8,Delete,ConfigMap,false
0.881599768,Regular,6,Delete,Deployment,false
0.901372565,Regular,11,Create,Deployment,false
0.921832902,Regular,10,Create,ConfigMap,false
0.941310852,Regular,13,Update,Deployment,false
0.96158689,Regular,8,Delete,ConfigMap,false
0.981872096,Regular,6,Delete,Deployment,false
0.002443888,Regular,32,Create,Deployment,false
0.034497805,Regular,17,Create,ConfigMap,false
0.052117072,Regular,21,Update,Deployment,false
0.073689821,Regular,5,Delete,ConfigMap,false
0.081815487,Regular,7,Delete,Deployment,false
0.102321139,Regular,11,Create,Deployment,false
0.121604983,Regular,9,Create,ConfigMap,false
0.141788877,Regular,14,Update,Deployment,false
0.161727708,Regular,4,Delete,ConfigMap,false
0.181356874,Regular,6,Delete,Deployment,false
0.202169376,Regular,10,Create,Deployment,false
0.221440616,Regular,8,Create,ConfigMap,false
0.242286341,Regular,13,Update,Deployment,false
0.261228448,Regular,5,Delete,ConfigMap,false
0.28169667,Regular,5,Delete,Deployment,false
0.301675306,Regular,11,Create,Deployment,false
0.322242835,Regular,10,Create,ConfigMap,false
0.342211874,Regular,13,Update,Deployment,false
0.361912214,Regular,6,Delete,ConfigMap,false
0.381696854,Regular,5,Delete,Deployment,false
0.401864597,Regular,11,Create,Deployment,false
0.421269169,Regular,9,Create,ConfigMap,false
0.442360418,Regular,13,Update,Deployment,false
0.462244776,Regular,5,Delete,ConfigMap,false
0.481532226,Regular,5,Delete,Deployment,false
0.501748221,Regular,9,Create,Deployment,false
0.522195573,Regular,15,Create,ConfigMap,false
0.542108646,Regular,12,Update,Deployment,false
0.561994887,Regular,7,Delete,ConfigMap,false
0.582086397,Regular,8,Delete,Deployment,false
0.601352547,Regular,8,Create,Deployment,false
0.622199735,Regular,10,Create,ConfigMap,false
0.641683746,Regular,13,Update,Deployment,false
0.661938975,Regular,6,Delete,ConfigMap,false
0.682046245,Regular,6,Delete,Deployment,false
0.701458701,Regular,10,Create,Deployment,false
0.721715543,Regular,13,Create,ConfigMap,false
0.741634036,Regular,11,Update,Deployment,false
0.76137874,Regular,7,Delete,ConfigMap,false
0.781618339,Regular,4,Delete,Deployment,false
0.8020545,Regular,10,Create,Deployment,false
0.822340798,Regular,9,Create,ConfigMap,false
0.841936661,Regular,13,Update,Deployment,false
0.861596956,Regular,6,Delete,ConfigMap,false
0.881789456,Regular,4,Delete,Deployment,false
0.901529111,Regular,11,Create,Deployment,false
0.921982505,Regular,10,Create,ConfigMap,false
0.941408115,Regular,11,Update,Deployment,false
0.961474377,Regular,8,Delete,ConfigMap,false
0.981777758,Regular,6,Delete,Deployment,false
0.002094728,Regular,32,Create,Deployment,false
0.034349424,Regular,17,Create,ConfigMap,false
0.051812857,Regular,20,Update,Deployment,false
0.072460869,Regular,6,Delete,ConfigMap,false
0.081863348,Regular,7,Delete,Deployment,false
0.102167319,Regular,11,Create,Deployment,false
0.121350742,Regular,10,Create,ConfigMap,false
0.141711982,Regular,14,Update,Deployment,false
0.161661273,Regular,5,Delete,ConfigMap,false
0.181341205,Regular,6,Delete,Deployment,false
0.20200718,Regular,12,Create,Deployment,false
0.221323334,Regular,9,Create,ConfigMap,false
0.242184699,Regular,12,Update,Deployment,false
0.261421894,Regular,6,Delete,ConfigMap,false
0.281642017,Regular,5,Delete,Deployment,false
0.301894991,Regular,11,Create,Deployment,false
0.322142937,Regular,10,Create,ConfigMap,false
0.342161048,Regular,14,Update,Deployment,false
0.361866547,Regular,6,Delete,ConfigMap,false
0.38157845,Regular,5,Delete,Deployment,false
0.401735193,Regular,10,Create,Deployment,false
0.421342467,Regular,8,Create,ConfigMap,false
0.442277802,Regular,13,Update,Deployment,false
0.462021444,Regular,5,Delete,ConfigMap,false
0.481379177,Regular,6,Delete,Deployment,false
0.501567419,Regular,10,Create,Deployment,false
0.522271837,Regular,15,Create,ConfigMap,false
0.542022453,Regular,13,Update,Deployment,false
0.562018442,Regular,4,Delete,ConfigMap,false
0.582064536,Regular,7,Delete,Deployment,false
0.601487101,Regular,11,Create,Deployment,false
0.622179336,Regular,10,Create,ConfigMap,false
0.641551726,Regular,14,Update,Deployment,false
0.661870917,Regular,6,Delete,ConfigMap,false
0.682031968,Regular,6,Delete,Deployment,false
0.701534294,Regular,10,Create,Deployment,false
0.721813759,Regular,13,Create,ConfigMap,false
0.741776405,Regular,12,Update,Deployment,false
0.761449203,Regular,6,Delete,ConfigMap,false
0.781432067,Regular,8,Delete,Deployment,false
0.801845485,Regular,9,Create,Deployment,false
0.822223386,Regular,9,Create,ConfigMap,false
0.841797809,Regular,11,Update,Deployment,false
0.86177925,Regular,6,Delete,ConfigMap,false
0.881699025,Regular,6,Delete,Deployment,false
0.901507149,Regular,9,Create,Deployment,false
0.922009055,Regular,10,Create,ConfigMap,false
0.941301935,Regular,13,Update,Deployment,false
0.961645741,Regular,4,Delete,ConfigMap,false
0.981992554,Regular,6,Delete,Deployment,false
0.00223326,Regular,31,Create,Deployment,false
0.034200162,Regular,17,Create,ConfigMap,false
0.051758885,Regular,20,Update,Deployment,false
0.072190107,Regular,7,Delete,ConfigMap,false
0.082121606,Regular,7,Delete,Deployment,false
0.102152841,Regular,12,Create,Deployment,false
0.121711775,Regular,9,Create,ConfigMap,false
0.141893926,Regular,13,Update,Deployment,false
0.161711728,Regular,5,Delete,ConfigMap,false
0.181374688,Regular,5,Delete,Deployment,false
0.201982143,Regular,10,Create,Deployment,false
0.221351337,Regular,7,Create,ConfigMap,false
0.242301219,Regular,13,Update,Deployment,false
0.26124014,Regular,5,Delete,ConfigMap,false
0.281719673,Regular,5,Delete,Deployment,false
0.301687279,Regular,12,Create,Deployment,false
0.322189845,Regular,9,Create,ConfigMap,false
0.342179232,Regular,14,Update,Deployment,false
0.361841731,Regular,4,Delete,ConfigMap,false
0.381575154,Regular,5,Delete,Deployment,false
0.401776291,Regular,9,Create,Deployment,false
0.421401048,Regular,9,Create,ConfigMap,false
0.44244611,Regular,13,Update,Deployment,false
0.462248152,Regular,4,Delete,ConfigMap,false
0.481482803,Regular,5,Delete,Deployment,false
0.50174274,Regular,10,Create,Deployment,false
0.522198929,Regular,16,Create,ConfigMap,false
0.542178558,Regular,13,Update,Deployment,false
0.562327926,Regular,7,Delete,ConfigMap,false
0.582217114,Regular,7,Delete,Deployment,false
0.60141767,Regular,11,Create,Deployment,false
0.62222878,Regular,10,Create,ConfigMap,false
0.641600519,Regular,13,Update,Deployment,false
0.662125828,Regular,6,Delete,ConfigMap,false
0.681981552,Regular,6,Delete,Deployment,false
0.701496041,Regular,9,Create,Deployment,false
0.721566442,Regular,13,Create,ConfigMap,false
0.741672448,Regular,11,Update,Deployment,false
0.761378149,Regular,6,Delete,ConfigMap,false
0.781538879,Regular,8,Delete,Deployment,false
0.80176846,Regular,10,Create,Deployment,false
0.822112496,Regular,9,Create,ConfigMap,false
0.84182479,Regular,13,Update,Deployment,false
0.861717784,Regular,7,Delete,ConfigMap,false
0.88164852,Regular,5,Delete,Deployment,false
0.901505757,Regular,10,Create,Deployment,false
0.922168827,Regular,9,Create,ConfigMap,false
0.941362159,Regular,11,Update,Deployment,false
0.961514103,Regular,5,Delete,ConfigMap,false
0.981859071,Regular,5,Delete,Deployment,false
1.001928139,Regular,10,Create,Deployment,false
0.033714565,Regular,9,Create,ConfigMap,false
0.04369716,Regular,21,Update,Deployment,false
0.065618758,Regular,8,Delete,ConfigMap,false
0.081942808,Regular,7,Delete,Deployment,false
0.102277968,Regular,12,Create,Deployment,false
0.121421656,Regular,9,Create,ConfigMap,false
0.141901079,Regular,13,Update,Deployment,false
0.161742035,Regular,7,Delete,ConfigMap,false
0.181550841,Regular,6,Delete,Deployment,false
0.202078925,Regular,8,Create,Deployment,false
0.221476053,Regular,9,Create,ConfigMap,false
0.242333309,Regular,12,Update,Deployment,false
0.261400053,Regular,4,Delete,ConfigMap,false
0.281707991,Regular,5,Delete,Deployment,false
0.301855627,Regular,12,Create,Deployment,false
0.322252373,Regular,9,Create,ConfigMap,false
0.342228856,Regular,11,Update,Deployment,false
0.36200039,Regular,6,Delete,ConfigMap,false
0.38175293,Regular,5,Delete,Deployment,false
0.401705597,Regular,11,Create,Deployment,false
0.421416447,Regular,8,Create,ConfigMap,false
0.442434768,Regular,13,Update,Deployment,false
0.462154525,Regular,5,Delete,ConfigMap,false
0.481466512,Regular,5,Delete,Deployment,false
0.501696754,Regular,10,Create,Deployment,false
0.522144627,Regular,15,Create,ConfigMap,false
0.542084981,Regular,12,Update,Deployment,false
0.562310493,Regular,4,Delete,ConfigMap,false
0.582058584,Regular,5,Delete,Deployment,false
0.601396981,Regular,9,Create,Deployment,false
0.622318539,Regular,8,Create,ConfigMap,false
0.641519355,Regular,13,Update,Deployment,false
0.662000121,Regular,6,Delete,ConfigMap,false
0.681989497,Regular,5,Delete,Deployment,false
0.701372398,Regular,11,Create,Deployment,false
0.721595637,Regular,12,Create,ConfigMap,false
0.741617024,Regular,12,Update,Deployment,false
0.761439695,Regular,8,Delete,ConfigMap,false
0.781418602,Regular,5,Delete,Deployment,false
0.801845285,Regular,10,Create,Deployment,false
0.822335939,Regular,7,Create,ConfigMap,false
0.841908909,Regular,11,Update,Deployment,false
0.861694861,Regular,5,Delete,ConfigMap,false
0.881680951,Regular,6,Delete,Deployment,false
0.901604674,Regular,8,Create,Deployment,false
0.921950374,Regular,9,Create,ConfigMap,false
0.941443863,Regular,13,Update,Deployment,false
0.961568676,Regular,5,Delete,ConfigMap,false
0.981872056,Regular,5,Delete,Deployment,false
1.002181177,Regular,10,Create,Deployment,false
0.002149812,Regular,31,Create,Deployment,false
0.033776181,Regular,17,Create,ConfigMap,false
0.051849757,Regular,20,Update,Deployment,false
0.072405193,Regular,6,Delete,ConfigMap,false
0.081894767,Regular,8,Delete,Deployment,false
0.102406982,Regular,10,Create,Deployment,false
0.121510003,Regular,9,Create,ConfigMap,false
0.141821319,Regular,14,Update,Deployment,false
0.161699275,Regular,5,Delete,ConfigMap,false
0.181467433,Regular,6,Delete,Deployment,false
0.201904396,Regular,10,Create,Deployment,false
0.221510738,Regular,9,Create,ConfigMap,false
0.242237839,Regular,12,Update,Deployment,false
0.261293421,Regular,7,Delete,ConfigMap,false
0.281701569,Regular,5,Delete,Deployment,false
0.301707377,Regular,12,Create,Deployment,false
0.322278914,Regular,9,Create,ConfigMap,false
0.342175244,Regular,11,Update,Deployment,false
0.362012483,Regular,6,Delete,ConfigMap,false
0.381577538,Regular,5,Delete,Deployment,false
0.401755481,Regular,11,Create,Deployment,false
0.421239352,Regular,8,Create,ConfigMap,false
0.442439657,Regular,13,Update,Deployment,false
0.462106715,Regular,6,Delete,ConfigMap,false
0.481488523,Regular,5,Delete,Deployment,false
0.501700521,Regular,11,Create,Deployment,false
0.522250757,Regular,15,Create,ConfigMap,false
0.542101662,Regular,13,Update,Deployment,false
0.562080779,Regular,7,Delete,ConfigMap,false
0.582059716,Regular,8,Delete,Deployment,false
0.601388936,Regular,10,Create,Deployment,false
0.622058418,Regular,9,Create,ConfigMap,false
0.641689156,Regular,13,Update,Deployment,false
0.661998808,Regular,6,Delete,ConfigMap,false
0.682090949,Regular,5,Delete,Deployment,false
0.701338454,Regular,11,Create,Deployment,false
0.721550371,Regular,13,Create,ConfigMap,false
0.741590463,Regular,13,Update,Deployment,false
0.761402565,Regular,6,Delete,ConfigMap,false
0.781541564,Regular,5,Delete,Deployment,false
0.801667199,Regular,10,Create,Deployment,false
0.822224558,Regular,8,Create,ConfigMap,false
0.842103356,Regular,13,Update,Deployment,false
0.861650126,Regular,6,Delete,ConfigMap,false
0.881776852,Regular,6,Delete,Deployment,false
0.901713169,Regular,11,Create,Deployment,false
0.922047968,Regular,9,Create,ConfigMap,false
0.941489329,Regular,13,Update,Deployment,false
0.961585788,Regular,5,Delete,ConfigMap,false
0.981750777,Regular,7,Delete,Deployment,false
1.001993502,Regular,11,Create,Deployment,false
0.002193325,Regular,32,Create,Deployment,false
0.034546547,Regular,14,Create,ConfigMap,false
0.048981947,Regular,14,Update,Deployment,false
0.063994438,Regular,9,Delete,ConfigMap,false
0.081960071,Regular,7,Delete,Deployment,false
0.102320428,Regular,11,Create,Deployment,false
0.121273517,Regular,10,Create,ConfigMap,false
0.141719366,Regular,14,Update,Deployment,false
0.161600989,Regular,5,Delete,ConfigMap,false
0.181529741,Regular,6,Delete,Deployment,false
0.201839784,Regular,12,Create,Deployment,false
0.221454913,Regular,9,Create,ConfigMap,false
0.242250313,Regular,14,Update,Deployment,false
0.261342955,Regular,5,Delete,ConfigMap,false
0.281536087,Regular,5,Delete,Deployment,false
0.301760136,Regular,10,Create,Deployment,false
0.322268704,Regular,9,Create,ConfigMap,false
0.342108208,Regular,12,Update,Deployment,false
0.361968841,Regular,6,Delete,ConfigMap,false
0.381455928,Regular,7,Delete,Deployment,false
0.401630605,Regular,11,Create,Deployment,false
0.421505636,Regular,9,Create,ConfigMap,false
0.442322025,Regular,12,Update,Deployment,false
0.461959126,Regular,5,Delete,ConfigMap,false
0.481532416,Regular,7,Delete,Deployment,false
0.501521542,Regular,10,Create,Deployment,false
0.522076598,Regular,15,Create,ConfigMap,false
0.542054083,Regular,12,Update,Deployment,false
0.562247224,Regular,4,Delete,ConfigMap,false
0.581779958,Regular,8,Delete,Deployment,false
0.601489325,Regular,11,Create,Deployment,false
0.622248857,Regular,8,Create,ConfigMap,false
0.641713823,Regular,13,Update,Deployment,false
0.661858002,Regular,4,Delete,ConfigMap,false
0.681883918,Regular,5,Delete,Deployment,false
0.701544383,Regular,10,Create,Deployment,false
0.721632677,Regular,13,Create,ConfigMap,false
0.741524349,Regular,11,Update,Deployment,false
0.761278029,Regular,6,Delete,ConfigMap,false
0.781370872,Regular,5,Delete,Deployment,false
0.801797695,Regular,10,Create,Deployment,false
0.822264504,Regular,9,Create,ConfigMap,false
0.841805313,Regular,12,Update,Deployment,false
0.861679151,Regular,6,Delete,ConfigMap,false
0.881611189,Regular,6,Delete,Deployment,false
0.901388475,Regular,11,Create,Deployment,false
0.921818945,Regular,10,Create,ConfigMap,false
0.941343032,Regular,13,Update,Deployment,false
0.961432428,Regular,5,Delete,ConfigMap,false
0.981920027,Regular,6,Delete,Deployment,false
1.001869388,Regular,11,Create,Deployment,false
1.021210419,Regular,9,Create,ConfigMap,false
1.042188203,Regular,11,Update,Deployment,false
1.062047464,Regular,7,Delete,ConfigMap,false
1.081733537,Regular,6,Delete,Deployment,false
1.102300125,Regular,16,Create,Deployment,false
1.12169573,Regular,10,Create,ConfigMap,false
1.142017154,Regular,15,Update,Deployment,false
1.162146845,Regular,7,Delete,ConfigMap,false
1.182262571,Regular,8,Delete,Deployment,false
1.2019059539999999,Regular,16,Create,Deployment,false
1.221354027,Regular,9,Create,ConfigMap,false
1.242026044,Regular,12,Update,Deployment,false
1.261636945,Regular,4,Delete,ConfigMap,false
1.281726722,Regular,6,Delete,Deployment,false
1.302155719,Regular,10,Create,Deployment,false
1.322171365,Regular,8,Create,ConfigMap,false
1.341521784,Regular,11,Update,Deployment,false
1.361916968,Regular,5,Delete,ConfigMap,false
1.382105862,Regular,4,Delete,Deployment,false
1.4017065739999999,Regular,10,Create,Deployment,false
1.421348534,Regular,8,Create,ConfigMap,false
1.442200942,Regular,14,Update,Deployment,false
1.462211859,Regular,5,Delete,ConfigMap,false
1.481676674,Regular,4,Delete,Deployment,false
1.5015612630000001,Regular,9,Create,Deployment,false
1.521538507,Regular,8,Create,ConfigMap,false
1.5420509409999998,Regular,17,Update,Deployment,false
1.561331649,Regular,6,Delete,ConfigMap,false
1.581283785,Regular,4,Delete,Deployment,false
1.6022023079999999,Regular,8,Create,Deployment,false
1.622187947,Regular,9,Create,ConfigMap,false
1.642189908,Regular,11,Update,Deployment,false
1.661690971,Regular,5,Delete,ConfigMap,false
1.68154889,Regular,5,Delete,Deployment,false
1.702206158,Regular,8,Create,Deployment,false
1.721915556,Regular,9,Create,ConfigMap,false
1.741435606,Regular,10,Update,Deployment,false
1.762062467,Regular,5,Delete,ConfigMap,false
1.781350909,Regular,5,Delete,Deployment,false
1.8015521159999999,Regular,8,Create,Deployment,false
1.821440091,Regular,10,Create,ConfigMap,false
1.842068425,Regular,16,Update,Deployment,false
1.861509716,Regular,5,Delete,ConfigMap,false
1.881879782,Regular,5,Delete,Deployment,false
1.901381577,Regular,14,Create,Deployment,false
1.9220393869999999,Regular,8,Create,ConfigMap,false
1.9417279650000001,Regular,12,Update,Deployment,false
1.9617844789999999,Regular,5,Delete,ConfigMap,false
1.981927766,Regular,5,Delete,Deployment,false
1.002046132,Regular,10,Create,Deployment,false
1.021305539,Regular,6,Create,ConfigMap,false
1.042437274,Regular,12,Update,Deployment,false
1.061958556,Regular,7,Delete,ConfigMap,false
1.081987237,Regular,5,Delete,Deployment,false
1.102300275,Regular,15,Create,Deployment,false
1.121556026,Regular,10,Create,ConfigMap,false
1.142004129,Regular,15,Update,Deployment,false
1.162076993,Regular,8,Delete,ConfigMap,false
1.182250157,Regular,7,Delete,Deployment,false
1.201952081,Regular,17,Create,Deployment,false
1.22139807,Regular,8,Create,ConfigMap,false
1.242121224,Regular,12,Update,Deployment,false
1.2617084109999999,Regular,6,Delete,ConfigMap,false
1.281720199,Regular,8,Delete,Deployment,false
1.302282669,Regular,9,Create,Deployment,false
1.322159513,Regular,8,Create,ConfigMap,false
1.341507287,Regular,11,Update,Deployment,false
1.362174344,Regular,5,Delete,ConfigMap,false
1.382051038,Regular,5,Delete,Deployment,false
1.401920027,Regular,10,Create,Deployment,false
1.421515018,Regular,7,Create,ConfigMap,false
1.442401631,Regular,14,Update,Deployment,false
1.462202161,Regular,3,Delete,ConfigMap,false
1.481819915,Regular,6,Delete,Deployment,false
1.50160754,Regular,9,Create,Deployment,false
1.521634959,Regular,7,Create,ConfigMap,false
1.542093632,Regular,10,Update,Deployment,false
1.561376474,Regular,6,Delete,ConfigMap,false
1.581271622,Regular,3,Delete,Deployment,false
1.6022618899999999,Regular,8,Create,Deployment,false
1.622252078,Regular,9,Create,ConfigMap,false
1.6421774139999998,Regular,9,Update,Deployment,false
1.661801611,Regular,5,Delete,ConfigMap,false
1.6817116269999999,Regular,5,Delete,Deployment,false
1.7023039930000001,Regular,9,Create,Deployment,false
1.72179071,Regular,9,Create,ConfigMap,false
1.74165468,Regular,9,Update,Deployment,false
1.76214873,Regular,5,Delete,ConfigMap,false
1.781492537,Regular,5,Delete,Deployment,false
1.801606929,Regular,9,Create,Deployment,false
1.821468455,Regular,9,Create,ConfigMap,false
1.842243045,Regular,15,Update,Deployment,false
1.861619914,Regular,7,Delete,ConfigMap,false
1.8817944309999999,Regular,5,Delete,Deployment,false
1.901518346,Regular,12,Create,Deployment,false
1.9220976570000001,Regular,8,Create,ConfigMap,false
1.94166688,Regular,12,Update,Deployment,false
1.96157341,Regular,4,Delete,ConfigMap,false
1.981993601,Regular,5,Delete,Deployment,false
1.001869849,Regular,10,Create,Deployment,false
1.021236989,Regular,9,Create,ConfigMap,false
1.042380246,Regular,11,Update,Deployment,false
1.062067793,Regular,7,Delete,ConfigMap,false
1.0819255,Regular,5,Delete,Deployment,false
1.102327467,Regular,16,Create,Deployment,false
1.121610448,Regular,10,Create,ConfigMap,false
1.1421956309999999,Regular,14,Update,Deployment,false
1.162096771,Regular,7,Delete,ConfigMap,false
1.182434626,Regular,8,Delete,Deployment,false
1.201879544,Regular,17,Create,Deployment,false
1.221464326,Regular,8,Create,ConfigMap,false
1.242152423,Regular,10,Update,Deployment,false
1.261693011,Regular,4,Delete,ConfigMap,false
1.281775273,Regular,5,Delete,Deployment,false
1.302283951,Regular,8,Create,Deployment,false
1.322386221,Regular,7,Create,ConfigMap,false
1.341603148,Regular,11,Update,Deployment,false
1.362056091,Regular,5,Delete,ConfigMap,false
1.382098358,Regular,4,Delete,Deployment,false
1.4018273620000001,Regular,10,Create,Deployment,false
1.421492456,Regular,8,Create,ConfigMap,false
1.44239578,Regular,13,Update,Deployment,false
1.462444649,Regular,5,Delete,ConfigMap,false
1.481786391,Regular,6,Delete,Deployment,false
1.501553849,Regular,9,Create,Deployment,false
1.52148752,Regular,7,Create,ConfigMap,false
1.542110885,Regular,10,Update,Deployment,false
1.561415417,Regular,5,Delete,ConfigMap,false
1.5813808489999999,Regular,4,Delete,Deployment,false
1.6023810360000001,Regular,8,Create,Deployment,false
1.622172819,Regular,9,Create,ConfigMap,false
1.6422637070000001,Regular,11,Update,Deployment,false
1.661678137,Regular,5,Delete,ConfigMap,false
1.681684285,Regular,5,Delete,Deployment,false
1.702246685,Regular,9,Create,Deployment,false
1.721707503,Regular,9,Create,ConfigMap,false
1.741427019,Regular,11,Update,Deployment,false
1.7620481799999999,Regular,6,Delete,ConfigMap,false
1.781426382,Regular,5,Delete,Deployment,false
1.801538881,Regular,9,Create,Deployment,false
1.82152973,Regular,9,Create,ConfigMap,false
1.842183132,Regular,15,Update,Deployment,false
1.861657946,Regular,5,Delete,ConfigMap,false
1.881763602,Regular,5,Delete,Deployment,false
1.901375145,Regular,15,Create,Deployment,false
1.9220301499999999,Regular,8,Create,ConfigMap,false
1.941882517,Regular,11,Update,Deployment,false
1.961585192,Regular,5,Delete,ConfigMap,false
1.981919531,Regular,5,Delete,Deployment,false
1.00207172,Regular,11,Create,Deployment,false
1.021201532,Regular,9,Create,ConfigMap,false
1.042379866,Regular,13,Update,Deployment,false
1.062003541,Regular,5,Delete,ConfigMap,false
1.081820872,Regular,6,Delete,Deployment,false
1.102204113,Regular,16,Create,Deployment,false
1.121671834,Regular,9,Create,ConfigMap,false
1.142211501,Regular,12,Update,Deployment,false
1.1621562029999999,Regular,4,Delete,ConfigMap,false
1.182416111,Regular,8,Delete,Deployment,false
1.202032513,Regular,17,Create,Deployment,false
1.221388192,Regular,9,Create,ConfigMap,false
1.242028819,Regular,11,Update,Deployment,false
1.261600436,Regular,5,Delete,ConfigMap,false
1.281785463,Regular,5,Delete,Deployment,false
1.302277139,Regular,7,Create,Deployment,false
1.3222462369999999,Regular,8,Create,ConfigMap,false
1.341618758,Regular,11,Update,Deployment,false
1.362041754,Regular,5,Delete,ConfigMap,false
1.381924369,Regular,5,Delete,Deployment,false
1.401693088,Regular,10,Create,Deployment,false
1.421463541,Regular,8,Create,ConfigMap,false
1.442191063,Regular,14,Update,Deployment,false
1.462364357,Regular,5,Delete,ConfigMap,false
1.481771924,Regular,6,Delete,Deployment,false
1.501595307,Regular,9,Create,Deployment,false
1.521462273,Regular,8,Create,ConfigMap,false
1.5422432750000001,Regular,10,Update,Deployment,false
1.561356055,Regular,4,Delete,ConfigMap,false
1.581399093,Regular,4,Delete,Deployment,false
1.6021892229999999,Regular,8,Create,Deployment,false
1.622237761,Regular,9,Create,ConfigMap,false
1.6422313659999999,Regular,11,Update,Deployment,false
1.661824163,Regular,5,Delete,ConfigMap,false
1.681661823,Regular,5,Delete,Deployment,false
1.702239532,Regular,6,Create,Deployment,false
1.721718514,Regular,8,Create,ConfigMap,false
1.74160708,Regular,10,Update,Deployment,false
1.762156605,Regular,6,Delete,ConfigMap,false
1.7814967350000002,Regular,5,Delete,Deployment,false
1.8015845270000002,Regular,9,Create,Deployment,false
1.821432246,Regular,9,Create,ConfigMap,false
1.8422159740000001,Regular,12,Update,Deployment,false
1.861584758,Regular,3,Delete,ConfigMap,false
1.881972818,Regular,5,Delete,Deployment,false
1.901564934,Regular,15,Create,Deployment,false
1.922107676,Regular,8,Create,ConfigMap,false
1.941917583,Regular,11,Update,Deployment,false
1.9616588209999999,Regular,5,Delete,ConfigMap,false
1.981949217,Regular,4,Delete,Deployment,false
1.001889786,Regular,11,Create,Deployment,false
1.021353048,Regular,8,Create,ConfigMap,false
1.042215625,Regular,12,Update,Deployment,false
1.062009392,Regular,7,Delete,ConfigMap,false
1.081736753,Regular,6,Delete,Deployment,false
1.102161864,Regular,16,Create,Deployment,false
1.121707031,Regular,10,Create,ConfigMap,false
1.142331267,Regular,13,Update,Deployment,false
1.161982064,Regular,5,Delete,ConfigMap,false
1.182295022,Regular,6,Delete,Deployment,false
1.202141599,Regular,17,Create,Deployment,false
1.221557111,Regular,8,Create,ConfigMap,false
1.242043056,Regular,12,Update,Deployment,false
1.2615862899999999,Regular,3,Delete,ConfigMap,false
1.281698939,Regular,5,Delete,Deployment,false
1.302176027,Regular,8,Create,Deployment,false
1.322197805,Regular,8,Create,ConfigMap,false
1.341737612,Regular,10,Update,Deployment,false
1.361988934,Regular,5,Delete,ConfigMap,false
1.382052862,Regular,5,Delete,Deployment,false
1.401839615,Regular,9,Create,Deployment,false
1.421672496,Regular,8,Create,ConfigMap,false
1.442253611,Regular,14,Update,Deployment,false
1.462269708,Regular,5,Delete,ConfigMap,false
1.481754631,Regular,4,Delete,Deployment,false
1.501624753,Regular,9,Create,Deployment,false
1.521433188,Regular,8,Create,ConfigMap,false
1.5421027189999998,Regular,18,Update,Deployment,false
1.5614310470000001,Regular,5,Delete,ConfigMap,false
1.581538587,Regular,4,Delete,Deployment,false
1.602131143,Regular,8,Create,Deployment,false
1.62229533,Regular,9,Create,ConfigMap,false
1.642261182,Regular,11,Update,Deployment,false
1.661879798,Regular,5,Delete,ConfigMap,false
1.681659899,Regular,5,Delete,Deployment,false
1.702274698,Regular,9,Create,Deployment,false
1.721806741,Regular,9,Create,ConfigMap,false
1.7415031029999999,Regular,10,Update,Deployment,false
1.762251214,Regular,5,Delete,ConfigMap,false
1.781471166,Regular,5,Delete,Deployment,false
1.801620926,Regular,9,Create,Deployment,false
1.821550299,Regular,9,Create,ConfigMap,false
1.8420794059999999,Regular,16,Update,Deployment,false
1.861540414,Regular,4,Delete,ConfigMap,false
1.8818324020000001,Regular,5,Delete,Deployment,false
1.901409069,Regular,15,Create,Deployment,false
1.9221468000000002,Regular,8,Create,ConfigMap,false
1.941753373,Regular,12,Update,Deployment,false
1.9616981660000001,Regular,5,Delete,ConfigMap,false
1.9819585549999998,Regular,5,Delete,Deployment,false
1.021348219,Regular,9,Create,ConfigMap,false
1.042325503,Regular,13,Update,Deployment,false
1.062074125,Regular,7,Delete,ConfigMap,false
1.081722667,Regular,5,Delete,Deployment,false
1.102280468,Regular,16,Create,Deployment,false
1.1215674469999999,Regular,10,Create,ConfigMap,false
1.142089641,Regular,12,Update,Deployment,false
1.162117841,Regular,6,Delete,ConfigMap,false
1.182502695,Regular,7,Delete,Deployment,false
1.201984412,Regular,17,Create,Deployment,false
1.221374877,Regular,9,Create,ConfigMap,false
1.242107137,Regular,12,Update,Deployment,false
1.261655681,Regular,4,Delete,ConfigMap,false
1.2818226830000001,Regular,7,Delete,Deployment,false
1.3022643139999999,Regular,8,Create,Deployment,false
1.322252208,Regular,7,Create,ConfigMap,false
1.34158822,Regular,11,Update,Deployment,false
1.361887703,Regular,5,Delete,ConfigMap,false
1.382042221,Regular,5,Delete,Deployment,false
1.401841629,Regular,10,Create,Deployment,false
1.421441479,Regular,8,Create,ConfigMap,false
1.442330226,Regular,14,Update,Deployment,false
1.462298453,Regular,5,Delete,ConfigMap,false
1.481812871,Regular,5,Delete,Deployment,false
1.50168138,Regular,9,Create,Deployment,false
1.521425934,Regular,8,Create,ConfigMap,false
1.542184864,Regular,18,Update,Deployment,false
1.5614167,Regular,4,Delete,ConfigMap,false
1.581582249,Regular,6,Delete,Deployment,false
1.602431471,Regular,8,Create,Deployment,false
1.622347038,Regular,9,Create,ConfigMap,false
1.6423052660000002,Regular,11,Update,Deployment,false
1.661709617,Regular,5,Delete,ConfigMap,false
1.681673345,Regular,5,Delete,Deployment,false
1.70234441,Regular,9,Create,Deployment,false
1.721693947,Regular,8,Create,ConfigMap,false
1.741605937,Regular,9,Update,Deployment,false
1.762121759,Regular,5,Delete,ConfigMap,false
1.781538554,Regular,5,Delete,Deployment,false
1.8017046140000001,Regular,7,Create,Deployment,false
1.821525973,Regular,10,Create,ConfigMap,false
1.8421531249999998,Regular,15,Update,Deployment,false
1.8616663519999999,Regular,5,Delete,ConfigMap,false
1.881918245,Regular,4,Delete,Deployment,false
1.901521522,Regular,14,Create,Deployment,false
1.922138635,Regular,8,Create,ConfigMap,false
1.9416796939999998,Regular,11,Update,Deployment,false
1.961734444,Regular,5,Delete,ConfigMap,false
1.982057451,Regular,4,Delete,Deployment,false
1.001914082,Regular,11,Create,Deployment,false
1.021344743,Regular,9,Create,ConfigMap,false
1.042356642,Regular,12,Update,Deployment,false
1.061975949,Regular,7,Delete,ConfigMap,false
1.081757162,Regular,6,Delete,Deployment,false
1.102289084,Regular,15,Create,Deployment,false
1.121542801,Regular,10,Create,ConfigMap,false
1.142069162,Regular,13,Update,Deployment,false
1.16195331,Regular,5,Delete,ConfigMap,false
1.18247397,Regular,6,Delete,Deployment,false
1.201962651,Regular,17,Create,Deployment,false
1.221445821,Regular,9,Create,ConfigMap,false
1.242163083,Regular,12,Update,Deployment,false
1.261720053,Regular,6,Delete,ConfigMap,false
1.281865273,Regular,5,Delete,Deployment,false
1.302331121,Regular,9,Create,Deployment,false
1.322237701,Regular,5,Create,ConfigMap,false
1.341601525,Regular,11,Update,Deployment,false
1.362059728,Regular,5,Delete,ConfigMap,false
1.381976087,Regular,5,Delete,Deployment,false
1.401770384,Regular,10,Create,Deployment,false
1.4214556360000001,Regular,8,Create,ConfigMap,false
1.442414134,Regular,13,Update,Deployment,false
1.462331555,Regular,5,Delete,ConfigMap,false
1.4818138730000001,Regular,6,Delete,Deployment,false
1.501668886,Regular,9,Create,Deployment,false
1.521677098,Regular,9,Create,ConfigMap,false
1.542070118,Regular,18,Update,Deployment,false
1.561341207,Regular,6,Delete,ConfigMap,false
1.581415685,Regular,6,Delete,Deployment,false
1.602087601,Regular,8,Create,Deployment,false
1.622403875,Regular,9,Create,ConfigMap,false
1.642390186,Regular,11,Update,Deployment,false
1.66175886,Regular,5,Delete,ConfigMap,false
1.681593965,Regular,3,Delete,Deployment,false
1.7023284699999999,Regular,8,Create,Deployment,false
1.721885229,Regular,9,Create,ConfigMap,false
1.741537007,Regular,11,Update,Deployment,false
1.762075091,Regular,4,Delete,ConfigMap,false
1.7814868860000002,Regular,4,Delete,Deployment,false
1.801738458,Regular,8,Create,Deployment,false
1.8215000639999999,Regular,9,Create,ConfigMap,false
1.842204132,Regular,14,Update,Deployment,false
1.861643188,Regular,4,Delete,ConfigMap,false
1.8818762549999999,Regular,4,Delete,Deployment,false
1.901592816,Regular,15,Create,Deployment,false
1.922052011,Regular,6,Create,ConfigMap,false
1.941758964,Regular,10,Update,Deployment,false
1.961733382,Regular,4,Delete,ConfigMap,false
1.982127614,Regular,4,Delete,Deployment,false
1.002047264,Regular,10,Create,Deployment,false
1.02129066,Regular,9,Create,ConfigMap,false
1.04232914,Regular,13,Update,Deployment,false
1.061897491,Regular,7,Delete,ConfigMap,false
1.081602329,Regular,6,Delete,Deployment,false
1.102142377,Regular,16,Create,Deployment,false
1.121892762,Regular,9,Create,ConfigMap,false
1.14225861,Regular,15,Update,Deployment,false
1.16203301,Regular,4,Delete,ConfigMap,false
1.182414708,Regular,8,Delete,Deployment,false
1.202100411,Regular,16,Create,Deployment,false
1.221489854,Regular,9,Create,ConfigMap,false
1.242116194,Regular,12,Update,Deployment,false
1.2617097529999999,Regular,4,Delete,ConfigMap,false
1.2819178629999999,Regular,6,Delete,Deployment,false
1.302369774,Regular,9,Create,Deployment,false
1.322455322,Regular,7,Create,ConfigMap,false
1.341662771,Regular,10,Update,Deployment,false
1.361990176,Regular,5,Delete,ConfigMap,false
1.381966599,Regular,5,Delete,Deployment,false
1.40193181,Regular,10,Create,Deployment,false
1.421479772,Regular,7,Create,ConfigMap,false
1.4423362069999999,Regular,13,Update,Deployment,false
1.462343408,Regular,5,Delete,ConfigMap,false
1.481739022,Regular,6,Delete,Deployment,false
1.501780868,Regular,8,Create,Deployment,false
1.5215109949999999,Regular,8,Create,ConfigMap,false
1.5421762380000001,Regular,10,Update,Deployment,false
1.561446736,Regular,6,Delete,ConfigMap,false
1.5814843440000002,Regular,6,Delete,Deployment,false
1.6022538050000001,Regular,8,Create,Deployment,false
1.622333172,Regular,9,Create,ConfigMap,false
1.642335132,Regular,11,Update,Deployment,false
1.6618722940000001,Regular,5,Delete,ConfigMap,false
1.681684636,Regular,5,Delete,Deployment,false
1.702513199,Regular,7,Create,Deployment,false
1.7218248950000001,Regular,9,Create,ConfigMap,false
1.741529834,Regular,10,Update,Deployment,false
1.762406457,Regular,5,Delete,ConfigMap,false
1.781527673,Regular,5,Delete,Deployment,false
1.801745892,Regular,9,Create,Deployment,false
1.821594663,Regular,9,Create,ConfigMap,false
1.8420956670000002,Regular,15,Update,Deployment,false
1.861657375,Regular,5,Delete,ConfigMap,false
1.8818613069999999,Regular,5,Delete,Deployment,false
1.901477168,Regular,14,Create,Deployment,false
1.9221990789999999,Regular,8,Create,ConfigMap,false
1.94173079,Regular,12,Update,Deployment,false
1.961643743,Regular,5,Delete,ConfigMap,false
1.981985045,Regular,5,Delete,Deployment,false
2.002532095,Regular,8,Create,Deployment,false
1.021369219,Regular,9,Create,ConfigMap,false
1.042300556,Regular,12,Update,Deployment,false
1.06191806,Regular,7,Delete,ConfigMap,false
1.081626545,Regular,6,Delete,Deployment,false
1.102115346,Regular,15,Create,Deployment,false
1.1216967310000001,Regular,10,Create,ConfigMap,false
1.142420727,Regular,12,Update,Deployment,false
1.16199607,Regular,8,Delete,ConfigMap,false
1.182370615,Regular,7,Delete,Deployment,false
1.202061498,Regular,17,Create,Deployment,false
1.221561369,Regular,6,Create,ConfigMap,false
1.242097249,Regular,12,Update,Deployment,false
1.2617201630000001,Regular,4,Delete,ConfigMap,false
1.281876765,Regular,8,Delete,Deployment,false
1.302236361,Regular,9,Create,Deployment,false
1.322226119,Regular,8,Create,ConfigMap,false
1.34171006,Regular,11,Update,Deployment,false
1.361998402,Regular,5,Delete,ConfigMap,false
1.381915171,Regular,5,Delete,Deployment,false
1.401860395,Regular,9,Create,Deployment,false
1.4216378,Regular,8,Create,ConfigMap,false
1.442265554,Regular,14,Update,Deployment,false
1.462293303,Regular,5,Delete,ConfigMap,false
1.481843509,Regular,6,Delete,Deployment,false
1.501782411,Regular,8,Create,Deployment,false
1.5216365920000001,Regular,8,Create,ConfigMap,false
1.542273993,Regular,18,Update,Deployment,false
1.561462015,Regular,3,Delete,ConfigMap,false
1.5816045920000001,Regular,4,Delete,Deployment,false
1.60210293,Regular,8,Create,Deployment,false
1.6223587400000001,Regular,9,Create,ConfigMap,false
1.642406327,Regular,11,Update,Deployment,false
1.6618418670000001,Regular,5,Delete,ConfigMap,false
1.681761211,Regular,5,Delete,Deployment,false
1.7023499800000002,Regular,8,Create,Deployment,false
1.72174316,Regular,8,Create,ConfigMap,false
1.741520145,Regular,10,Update,Deployment,false
1.762200207,Regular,5,Delete,ConfigMap,false
1.7816687500000001,Regular,5,Delete,Deployment,false
1.801701188,Regular,9,Create,Deployment,false
1.821602828,Regular,10,Create,ConfigMap,false
1.842157043,Regular,15,Update,Deployment,false
1.861560742,Regular,4,Delete,ConfigMap,false
1.8819508759999999,Regular,5,Delete,Deployment,false
1.9014872870000001,Regular,15,Create,Deployment,false
1.9221985080000001,Regular,8,Create,ConfigMap,false
1.941718587,Regular,12,Update,Deployment,false
1.961679811,Regular,6,Delete,ConfigMap,false
1.9820190389999999,Regular,5,Delete,Deployment,false
2.002507488,Regular,8,Create,Deployment,false
1.021341376,Regular,9,Create,ConfigMap,false
1.042305255,Regular,13,Update,Deployment,false
1.061903673,Regular,6,Delete,ConfigMap,false
1.081706015,Regular,6,Delete,Deployment,false
1.102289124,Regular,15,Create,Deployment,false
1.121746395,Regular,10,Create,ConfigMap,false
1.142040889,Regular,14,Update,Deployment,false
1.1621884040000001,Regular,7,Delete,ConfigMap,false
1.182481254,Regular,7,Delete,Deployment,false
1.2019310810000001,Regular,15,Create,Deployment,false
1.221433257,Regular,8,Create,ConfigMap,false
1.242154086,Regular,10,Update,Deployment,false
1.261700596,Regular,6,Delete,ConfigMap,false
1.281693358,Regular,3,Delete,Deployment,false
1.302463811,Regular,8,Create,Deployment,false
1.322299568,Regular,7,Create,ConfigMap,false
1.341555498,Regular,11,Update,Deployment,false
1.3619681350000001,Regular,5,Delete,ConfigMap,false
1.381939047,Regular,5,Delete,Deployment,false
1.401819958,Regular,8,Create,Deployment,false
1.421552199,Regular,8,Create,ConfigMap,false
1.442333071,Regular,13,Update,Deployment,false
1.462383964,Regular,5,Delete,ConfigMap,false
1.4818056880000001,Regular,6,Delete,Deployment,false
1.5017868189999999,Regular,8,Create,Deployment,false
1.521590134,Regular,6,Create,ConfigMap,false
1.542132686,Regular,10,Update,Deployment,false
1.5613485809999998,Regular,6,Delete,ConfigMap,false
1.58143466,Regular,4,Delete,Deployment,false
1.602228658,Regular,8,Create,Deployment,false
1.622198016,Regular,9,Create,ConfigMap,false
1.642372483,Regular,11,Update,Deployment,false
1.6617738979999999,Regular,3,Delete,ConfigMap,false
1.6816315560000001,Regular,5,Delete,Deployment,false
1.7022137929999999,Regular,9,Create,Deployment,false
1.721734364,Regular,9,Create,ConfigMap,false
1.741568316,Regular,10,Update,Deployment,false
1.762107512,Regular,5,Delete,ConfigMap,false
1.781563571,Regular,5,Delete,Deployment,false
1.801683715,Regular,9,Create,Deployment,false
1.8214509209999998,Regular,9,Create,ConfigMap,false
1.842217186,Regular,15,Update,Deployment,false
1.861627669,Regular,5,Delete,ConfigMap,false
1.881867819,Regular,5,Delete,Deployment,false
1.901590232,Regular,13,Create,Deployment,false
1.922089422,Regular,7,Create,ConfigMap,false
1.941655558,Regular,10,Update,Deployment,false
1.961830456,Regular,5,Delete,ConfigMap,false
1.9820986189999998,Regular,4,Delete,Deployment,false
2.002300497,Regular,9,Create,Deployment,false
2.002342056,Regular,9,Create,Deployment,false
2.021802533,Regular,7,Create,ConfigMap,false
2.041444984,Regular,11,Update,Deployment,false
2.062339622,Regular,6,Delete,ConfigMap,false
2.081553793,Regular,6,Delete,Deployment,false
2.101593845,Regular,6,Create,Deployment,false
2.12136556,Regular,8,Create,ConfigMap,false
2.141687526,Regular,12,Update,Deployment,false
2.162015482,Regular,6,Delete,ConfigMap,false
2.181814329,Regular,6,Delete,Deployment,false
2.202239449,Regular,10,Create,Deployment,false
2.222498675,Regular,8,Create,ConfigMap,false
2.24179914,Regular,10,Update,Deployment,false
2.261521051,Regular,5,Delete,ConfigMap,false
2.282274933,Regular,5,Delete,Deployment,false
2.301546032,Regular,8,Create,Deployment,false
2.321617744,Regular,8,Create,ConfigMap,false
2.341340898,Regular,12,Update,Deployment,false
2.362180481,Regular,5,Delete,ConfigMap,false
2.381971904,Regular,5,Delete,Deployment,false
2.401615607,Regular,9,Create,Deployment,false
2.421751821,Regular,8,Create,ConfigMap,false
2.442072514,Regular,19,Update,Deployment,false
2.461951943,Regular,20,Delete,ConfigMap,false
2.482291281,Regular,19,Delete,Deployment,false
2.502065401,Regular,38,Create,Deployment,false
2.540492892,Regular,39,Create,ConfigMap,false
2.579705337,Regular,63,Update,Deployment,false
2.643049658,Regular,18,Delete,ConfigMap,false
2.6618216930000003,Regular,19,Delete,Deployment,false
2.681776325,Regular,39,Create,Deployment,false
2.72084096,Regular,39,Create,ConfigMap,false
2.7603418,Regular,61,Update,Deployment,false
2.822261458,Regular,19,Delete,ConfigMap,false
2.841818257,Regular,20,Delete,Deployment,false
2.8621084420000003,Regular,38,Create,Deployment,false
2.900865918,Regular,40,Create,ConfigMap,false
2.94089163,Regular,60,Update,Deployment,false
2.021872124,Regular,9,Create,ConfigMap,false
2.041457558,Regular,10,Update,Deployment,false
2.062300548,Regular,6,Delete,ConfigMap,false
2.081701432,Regular,6,Delete,Deployment,false
2.101630034,Regular,8,Create,Deployment,false
2.121465079,Regular,8,Create,ConfigMap,false
2.141840134,Regular,12,Update,Deployment,false
2.162076608,Regular,6,Delete,ConfigMap,false
2.181732084,Regular,6,Delete,Deployment,false
2.202204192,Regular,8,Create,Deployment,false
2.222335006,Regular,8,Create,ConfigMap,false
2.241715222,Regular,11,Update,Deployment,false
2.261544846,Regular,3,Delete,ConfigMap,false
2.282252891,Regular,5,Delete,Deployment,false
2.301751991,Regular,9,Create,Deployment,false
2.321448685,Regular,7,Create,ConfigMap,false
2.341413745,Regular,13,Update,Deployment,false
2.362247718,Regular,5,Delete,ConfigMap,false
2.381966794,Regular,4,Delete,Deployment,false
2.401563949,Regular,9,Create,Deployment,false
2.421894922,Regular,7,Create,ConfigMap,false
2.4420768219999998,Regular,21,Update,Deployment,false
2.46388704,Regular,20,Delete,ConfigMap,false
2.484090381,Regular,19,Delete,Deployment,false
2.503964119,Regular,39,Create,Deployment,false
2.543013506,Regular,39,Create,ConfigMap,false
2.582323315,Regular,61,Update,Deployment,false
2.644261949,Regular,19,Delete,ConfigMap,false
2.663734078,Regular,19,Delete,Deployment,false
2.683623876,Regular,39,Create,Deployment,false
2.723022122,Regular,40,Create,ConfigMap,false
2.763423354,Regular,61,Update,Deployment,false
2.8248113569999997,Regular,19,Delete,ConfigMap,false
2.844596688,Regular,20,Delete,Deployment,false
2.865426774,Regular,38,Create,Deployment,false
2.903624651,Regular,39,Create,ConfigMap,false
2.9434703129999997,Regular,61,Update,Deployment,false
2.002645058,Regular,8,Create,Deployment,false
2.02174298,Regular,9,Create,ConfigMap,false
2.041478958,Regular,10,Update,Deployment,false
2.062251355,Regular,4,Delete,ConfigMap,false
2.081639665,Regular,4,Delete,Deployment,false
2.1014773350000002,Regular,8,Create,Deployment,false
2.121341735,Regular,7,Create,ConfigMap,false
2.141772707,Regular,12,Update,Deployment,false
2.162038335,Regular,5,Delete,ConfigMap,false
2.181793089,Regular,6,Delete,Deployment,false
2.202415632,Regular,11,Create,Deployment,false
2.222171187,Regular,9,Create,ConfigMap,false
2.241806244,Regular,11,Update,Deployment,false
2.261574963,Regular,4,Delete,ConfigMap,false
2.282201784,Regular,5,Delete,Deployment,false
2.301641102,Regular,9,Create,Deployment,false
2.321550227,Regular,8,Create,ConfigMap,false
2.341471835,Regular,13,Update,Deployment,false
2.362073539,Regular,5,Delete,ConfigMap,false
2.382060772,Regular,5,Delete,Deployment,false
2.401669158,Regular,9,Create,Deployment,false
2.422078839,Regular,7,Create,ConfigMap,false
2.4421215370000002,Regular,26,Update,Deployment,false
2.468915503,Regular,19,Delete,ConfigMap,false
2.488858752,Regular,19,Delete,Deployment,false
2.508731338,Regular,38,Create,Deployment,false
2.5474571729999997,Regular,40,Create,ConfigMap,false
2.587860028,Regular,60,Update,Deployment,false
2.648485901,Regular,20,Delete,ConfigMap,false
2.668803278,Regular,20,Delete,Deployment,false
2.6888919319999998,Regular,38,Create,Deployment,false
2.727541393,Regular,39,Create,ConfigMap,false
2.767270515,Regular,63,Update,Deployment,false
2.830409487,Regular,19,Delete,ConfigMap,false
2.849698931,Regular,19,Delete,Deployment,false
2.868991641,Regular,38,Create,Deployment,false
2.907622386,Regular,40,Create,ConfigMap,false
2.948219218,Regular,60,Update,Deployment,false
2.002652242,Regular,8,Create,Deployment,false
2.02174832,Regular,7,Create,ConfigMap,false
2.041470623,Regular,10,Update,Deployment,false
2.062273657,Regular,6,Delete,ConfigMap,false
2.081644254,Regular,3,Delete,Deployment,false
2.101706538,Regular,9,Create,Deployment,false
2.12140255,Regular,5,Create,ConfigMap,false
2.141838721,Regular,12,Update,Deployment,false
2.161966249,Regular,5,Delete,ConfigMap,false
2.181801976,Regular,6,Delete,Deployment,false
2.202217658,Regular,10,Create,Deployment,false
2.222205972,Regular,8,Create,ConfigMap,false
2.241764545,Regular,11,Update,Deployment,false
2.261468302,Regular,5,Delete,ConfigMap,false
2.282298076,Regular,5,Delete,Deployment,false
2.301755568,Regular,9,Create,Deployment,false
2.321539546,Regular,8,Create,ConfigMap,false
2.341302505,Regular,8,Update,Deployment,false
2.362119045,Regular,5,Delete,ConfigMap,false
2.381953489,Regular,5,Delete,Deployment,false
2.401585239,Regular,6,Create,Deployment,false
2.422060995,Regular,7,Create,ConfigMap,false
2.4421914989999998,Regular,31,Update,Deployment,false
2.473560511,Regular,17,Delete,ConfigMap,false
2.490762861,Regular,19,Delete,Deployment,false
2.510508416,Regular,39,Create,Deployment,false
2.549544478,Regular,40,Create,ConfigMap,false
2.58957512,Regular,61,Update,Deployment,false
2.65097259,Regular,19,Delete,ConfigMap,false
2.670774924,Regular,20,Delete,Deployment,false
2.691241071,Regular,38,Create,Deployment,false
2.730155654,Regular,39,Create,ConfigMap,false
2.769740803,Regular,61,Update,Deployment,false
2.831609755,Regular,18,Delete,ConfigMap,false
2.850562052,Regular,20,Delete,Deployment,false
2.870924353,Regular,38,Create,Deployment,false
2.909694582,Regular,39,Create,ConfigMap,false
2.949378548,Regular,61,Update,Deployment,false
2.002408962,Regular,9,Create,Deployment,false
2.021837228,Regular,7,Create,ConfigMap,false
2.041383849,Regular,10,Update,Deployment,false
2.062308332,Regular,4,Delete,ConfigMap,false
2.08166876,Regular,6,Delete,Deployment,false
2.101457969,Regular,8,Create,Deployment,false
2.121250563,Regular,7,Create,ConfigMap,false
2.141709046,Regular,12,Update,Deployment,false
2.1620722199999998,Regular,3,Delete,ConfigMap,false
2.18168271,Regular,6,Delete,Deployment,false
2.202329599,Regular,9,Create,Deployment,false
2.222325809,Regular,9,Create,ConfigMap,false
2.241904219,Regular,10,Update,Deployment,false
2.261444987,Regular,4,Delete,ConfigMap,false
2.282122404,Regular,5,Delete,Deployment,false
2.301656631,Regular,9,Create,Deployment,false
2.321497557,Regular,8,Create,ConfigMap,false
2.3413926959999998,Regular,13,Update,Deployment,false
2.362223492,Regular,3,Delete,ConfigMap,false
2.382068997,Regular,5,Delete,Deployment,false
2.4015768140000002,Regular,9,Create,Deployment,false
2.421900903,Regular,7,Create,ConfigMap,false
2.442035955,Regular,34,Update,Deployment,false
2.476387574,Regular,19,Delete,ConfigMap,false
2.495671888,Regular,20,Delete,Deployment,false
2.516076699,Regular,38,Create,Deployment,false
2.554949423,Regular,39,Create,ConfigMap,false
2.59457074,Regular,61,Update,Deployment,false
2.656032653,Regular,19,Delete,ConfigMap,false
2.675957077,Regular,20,Delete,Deployment,false
2.6965157,Regular,38,Create,Deployment,false
2.734727163,Regular,38,Create,ConfigMap,false
2.772818559,Regular,61,Update,Deployment,false
2.834016904,Regular,19,Delete,ConfigMap,false
2.8538257099999997,Regular,20,Delete,Deployment,false
2.873891,Regular,38,Create,Deployment,false
2.912556932,Regular,39,Create,ConfigMap,false
2.952430807,Regular,62,Update,Deployment,false
2.002310155,Regular,9,Create,Deployment,false
2.021877384,Regular,7,Create,ConfigMap,false
2.04143248,Regular,11,Update,Deployment,false
2.062233561,Regular,7,Delete,ConfigMap,false
2.081570344,Regular,6,Delete,Deployment,false
2.101536808,Regular,9,Create,Deployment,false
2.121436875,Regular,7,Create,ConfigMap,false
2.141784339,Regular,12,Update,Deployment,false
2.162108598,Regular,6,Delete,ConfigMap,false
2.18181463,Regular,6,Delete,Deployment,false
2.202344117,Regular,9,Create,Deployment,false
2.222276636,Regular,9,Create,ConfigMap,false
2.241720632,Regular,11,Update,Deployment,false
2.261427434,Regular,4,Delete,ConfigMap,false
2.282334786,Regular,5,Delete,Deployment,false
2.301594293,Regular,9,Create,Deployment,false
2.321664563,Regular,8,Create,ConfigMap,false
2.341399438,Regular,9,Update,Deployment,false
2.362384607,Regular,5,Delete,ConfigMap,false
2.38204948,Regular,5,Delete,Deployment,false
2.40162233,Regular,9,Create,Deployment,false
2.421770767,Regular,8,Create,ConfigMap,false
2.44204904,Regular,17,Update,Deployment,false
2.461213357,Regular,19,Delete,ConfigMap,false
2.48126988,Regular,18,Delete,Deployment,false
2.501870903,Regular,36,Create,Deployment,false
2.538066817,Regular,39,Create,ConfigMap,false
2.577805497,Regular,61,Update,Deployment,false
2.639036684,Regular,19,Delete,ConfigMap,false
2.658606798,Regular,20,Delete,Deployment,false
2.67895377,Regular,38,Create,Deployment,false
2.717835801,Regular,41,Create,ConfigMap,false
2.758869187,Regular,60,Update,Deployment,false
2.819396103,Regular,19,Delete,ConfigMap,false
2.838874745,Regular,20,Delete,Deployment,false
2.859020317,Regular,38,Create,Deployment,false
2.89776078,Regular,39,Create,ConfigMap,false
2.937702563,Regular,61,Update,Deployment,false
2.999019782,Regular,19,Delete,ConfigMap,false
2.021689179,Regular,7,Create,ConfigMap,false
2.04147984,Regular,10,Update,Deployment,false
2.062220647,Regular,7,Delete,ConfigMap,false
2.08154687,Regular,5,Delete,Deployment,false
2.10151154,Regular,9,Create,Deployment,false
2.121446173,Regular,8,Create,ConfigMap,false
2.141752629,Regular,11,Update,Deployment,false
2.161996286,Regular,6,Delete,ConfigMap,false
2.181815672,Regular,6,Delete,Deployment,false
2.202259306,Regular,6,Create,Deployment,false
2.222238303,Regular,8,Create,ConfigMap,false
2.241834938,Regular,10,Update,Deployment,false
2.261563201,Regular,4,Delete,ConfigMap,false
2.282280253,Regular,5,Delete,Deployment,false
2.301710072,Regular,8,Create,Deployment,false
2.321514239,Regular,8,Create,ConfigMap,false
2.341519976,Regular,10,Update,Deployment,false
2.36210077,Regular,5,Delete,ConfigMap,false
2.38210201,Regular,5,Delete,Deployment,false
2.4016225,Regular,9,Create,Deployment,false
2.421934947,Regular,7,Create,ConfigMap,false
2.442139781,Regular,32,Update,Deployment,false
2.474328913,Regular,17,Delete,ConfigMap,false
2.491764383,Regular,20,Delete,Deployment,false
2.51191801,Regular,38,Create,Deployment,false
2.550884521,Regular,39,Create,ConfigMap,false
2.590842434,Regular,60,Update,Deployment,false
2.651631376,Regular,20,Delete,ConfigMap,false
2.67174157,Regular,20,Delete,Deployment,false
2.692149428,Regular,38,Create,Deployment,false
2.73091062,Regular,39,Create,ConfigMap,false
2.770349693,Regular,61,Update,Deployment,false
2.8322577300000003,Regular,19,Delete,ConfigMap,false
2.851523899,Regular,20,Delete,Deployment,false
2.871958718,Regular,38,Create,Deployment,false
2.910409814,Regular,40,Create,ConfigMap,false
2.950648749,Regular,61,Update,Deployment,false
3.012536216,Regular,19,Delete,ConfigMap,false
2.021795249,Regular,7,Create,ConfigMap,false
2.041456215,Regular,10,Update,Deployment,false
2.062251355,Regular,7,Delete,ConfigMap,false
2.081665865,Regular,5,Delete,Deployment,false
2.101678225,Regular,7,Create,Deployment,false
2.121298193,Regular,7,Create,ConfigMap,false
2.141732631,Regular,11,Update,Deployment,false
2.162192978,Regular,6,Delete,ConfigMap,false
2.181786867,Regular,6,Delete,Deployment,false
2.202181629,Regular,10,Create,Deployment,false
2.222280794,Regular,8,Create,ConfigMap,false
2.241900011,Regular,10,Update,Deployment,false
2.261481667,Regular,5,Delete,ConfigMap,false
2.282219247,Regular,5,Delete,Deployment,false
2.301825109,Regular,9,Create,Deployment,false
2.321418197,Regular,8,Create,ConfigMap,false
2.3414059910000002,Regular,10,Update,Deployment,false
2.3622096360000002,Regular,5,Delete,ConfigMap,false
2.382170018,Regular,5,Delete,Deployment,false
2.401595709,Regular,9,Create,Deployment,false
2.42185695,Regular,7,Create,ConfigMap,false
2.44210235,Regular,33,Update,Deployment,false
2.475522178,Regular,18,Delete,ConfigMap,false
2.4937926360000002,Regular,20,Delete,Deployment,false
2.514096958,Regular,38,Create,Deployment,false
2.552768251,Regular,39,Create,ConfigMap,false
2.592649359,Regular,60,Update,Deployment,false
2.653527359,Regular,19,Delete,ConfigMap,false
2.673521875,Regular,20,Delete,Deployment,false
2.694144769,Regular,38,Create,Deployment,false
2.732596857,Regular,39,Create,ConfigMap,false
2.771604385,Regular,61,Update,Deployment,false
2.833035089,Regular,19,Delete,ConfigMap,false
2.852615041,Regular,20,Delete,Deployment,false
2.872882524,Regular,38,Create,Deployment,false
2.911774072,Regular,40,Create,ConfigMap,false
2.951806587,Regular,61,Update,Deployment,false
3.013060948,Regular,20,Delete,ConfigMap,false
2.002255442,Regular,9,Create,Deployment,false
2.021717983,Regular,7,Create,ConfigMap,false
2.041357819,Regular,9,Update,Deployment,false
2.062162026,Regular,4,Delete,ConfigMap,false
2.081531621,Regular,4,Delete,Deployment,false
2.101447619,Regular,9,Create,Deployment,false
2.1213393209999998,Regular,7,Create,ConfigMap,false
2.14169536,Regular,12,Update,Deployment,false
2.161986137,Regular,5,Delete,ConfigMap,false
2.181697608,Regular,6,Delete,Deployment,false
2.202244108,Regular,11,Create,Deployment,false
2.222150638,Regular,9,Create,ConfigMap,false
2.241775977,Regular,10,Update,Deployment,false
2.261434518,Regular,5,Delete,ConfigMap,false
2.282093961,Regular,5,Delete,Deployment,false
2.301561271,Regular,8,Create,Deployment,false
2.321597316,Regular,8,Create,ConfigMap,false
2.341292085,Regular,9,Update,Deployment,false
2.362054202,Regular,5,Delete,ConfigMap,false
2.382095317,Regular,4,Delete,Deployment,false
2.401498395,Regular,10,Create,Deployment,false
2.421719951,Regular,8,Create,ConfigMap,false
2.442090919,Regular,34,Update,Deployment,false
2.476859165,Regular,19,Delete,ConfigMap,false
2.496663742,Regular,20,Delete,Deployment,false
2.517053506,Regular,38,Create,Deployment,false
2.555640499,Regular,40,Create,ConfigMap,false
2.595733057,Regular,61,Update,Deployment,false
2.656880155,Regular,20,Delete,ConfigMap,false
2.676966415,Regular,20,Delete,Deployment,false
2.697496784,Regular,38,Create,Deployment,false
2.735548926,Regular,41,Create,ConfigMap,false
2.776776008,Regular,61,Update,Deployment,false
2.837984582,Regular,19,Delete,ConfigMap,false
2.857929144,Regular,19,Delete,Deployment,false
2.877826567,Regular,38,Create,Deployment,false
2.91682106,Regular,40,Create,ConfigMap,false
2.9568696660000002,Regular,60,Update,Deployment,false
3.017855078,Regular,19,Delete,ConfigMap,false
2.002282052,Regular,9,Create,Deployment,false
2.021820807,Regular,7,Create,ConfigMap,false
2.04153287,Regular,11,Update,Deployment,false
2.062278396,Regular,6,Delete,ConfigMap,false
2.081644735,Regular,6,Delete,Deployment,false
2.101571724,Regular,8,Create,Deployment,false
2.121453567,Regular,6,Create,ConfigMap,false
2.141809055,Regular,11,Update,Deployment,false
2.162091776,Regular,6,Delete,ConfigMap,false
2.181861258,Regular,4,Delete,Deployment,false
2.202322295,Regular,11,Create,Deployment,false
2.222140449,Regular,9,Create,ConfigMap,false
2.241905211,Regular,10,Update,Deployment,false
2.261564163,Regular,6,Delete,ConfigMap,false
2.282074825,Regular,4,Delete,Deployment,false
2.301852541,Regular,8,Create,Deployment,false
2.321684941,Regular,8,Create,ConfigMap,false
2.341434164,Regular,10,Update,Deployment,false
2.362172797,Regular,5,Delete,ConfigMap,false
2.381989818,Regular,5,Delete,Deployment,false
2.401721607,Regular,9,Create,Deployment,false
2.4218035589999998,Regular,8,Create,ConfigMap,false
2.442055141,Regular,18,Update,Deployment,false
2.461182719,Regular,18,Delete,ConfigMap,false
2.481259,Regular,19,Delete,Deployment,false
2.501841978,Regular,38,Create,Deployment,false
2.540467494,Regular,38,Create,ConfigMap,false
2.579075607,Regular,61,Update,Deployment,false
2.640419367,Regular,19,Delete,ConfigMap,false
2.659616015,Regular,20,Delete,Deployment,false
2.679852579,Regular,38,Create,Deployment,false
2.718668455,Regular,40,Create,ConfigMap,false
2.7591092809999997,Regular,61,Update,Deployment,false
2.82056911,Regular,19,Delete,ConfigMap,false
2.840030328,Regular,20,Delete,Deployment,false
2.860094577,Regular,38,Create,Deployment,false
2.898695025,Regular,40,Create,ConfigMap,false
2.938813863,Regular,61,Update,Deployment,false
3.000133066,Regular,19,Delete,ConfigMap,false
3.019672372,Regular,20,Delete,Deployment,false
3.039881705,Regular,38,Create,Deployment,false
3.078687832,Regular,40,Create,ConfigMap,false
3.118851915,Regular,61,Update,Deployment,false
3.180083393,Regular,19,Delete,ConfigMap,false
3.199920061,Regular,19,Delete,Deployment,false
3.219916581,Regular,38,Create,Deployment,false
3.258599154,Regular,41,Create,ConfigMap,false
3.299786712,Regular,61,Update,Deployment,false
3.361448834,Regular,25,Delete,ConfigMap,false
3.387031641,Regular,14,Delete,Deployment,false
3.401719428,Regular,36,Create,Deployment,false
3.437964235,Regular,37,Create,ConfigMap,false
3.4752164260000002,Regular,60,Update,Deployment,false
3.535896621,Regular,21,Delete,ConfigMap,false
3.557763235,Regular,21,Delete,Deployment,false
3.579167296,Regular,36,Create,Deployment,false
3.615902279,Regular,38,Create,ConfigMap,false
3.654761997,Regular,61,Update,Deployment,false
3.71651513,Regular,20,Delete,ConfigMap,false
3.737083301,Regular,20,Delete,Deployment,false
3.757191231,Regular,39,Create,Deployment,false
3.796250587,Regular,39,Create,ConfigMap,false
3.835738212,Regular,61,Update,Deployment,false
3.89684839,Regular,21,Delete,ConfigMap,false
3.91821507,Regular,19,Delete,Deployment,false
3.937932853,Regular,39,Create,Deployment,false
3.976972301,Regular,39,Create,ConfigMap,false
3.001888333,Regular,19,Delete,ConfigMap,false
3.021508032,Regular,20,Delete,Deployment,false
3.041808937,Regular,39,Create,Deployment,false
3.081105852,Regular,39,Create,ConfigMap,false
3.120703995,Regular,61,Update,Deployment,false
3.181980167,Regular,19,Delete,ConfigMap,false
3.201790115,Regular,20,Delete,Deployment,false
3.221844164,Regular,39,Create,Deployment,false
3.261666601,Regular,38,Create,ConfigMap,false
3.300347161,Regular,61,Update,Deployment,false
3.3619197339999998,Regular,22,Delete,ConfigMap,false
3.384630122,Regular,23,Delete,Deployment,false
3.408201849,Regular,38,Create,Deployment,false
3.446508041,Regular,41,Create,ConfigMap,false
3.487665292,Regular,59,Update,Deployment,false
3.547137004,Regular,21,Delete,ConfigMap,false
3.568446104,Regular,18,Delete,Deployment,false
3.5873335280000003,Regular,38,Create,Deployment,false
3.625765268,Regular,40,Create,ConfigMap,false
3.665925214,Regular,61,Update,Deployment,false
3.727154507,Regular,19,Delete,ConfigMap,false
3.74694621,Regular,20,Delete,Deployment,false
3.767527024,Regular,38,Create,Deployment,false
3.805848355,Regular,39,Create,ConfigMap,false
3.845768187,Regular,61,Update,Deployment,false
3.906781462,Regular,20,Delete,ConfigMap,false
3.926838086,Regular,19,Delete,Deployment,false
3.946682138,Regular,38,Create,Deployment,false
3.985533441,Regular,40,Create,ConfigMap,false
3.008800917,Regular,20,Delete,ConfigMap,false
3.028871908,Regular,21,Delete,Deployment,false
3.050096579,Regular,37,Create,Deployment,false
3.087641322,Regular,43,Create,ConfigMap,false
3.13070726,Regular,58,Update,Deployment,false
3.189476805,Regular,19,Delete,ConfigMap,false
3.208845689,Regular,20,Delete,Deployment,false
3.229025996,Regular,39,Create,Deployment,false
3.268219615,Regular,40,Create,ConfigMap,false
3.308673617,Regular,63,Update,Deployment,false
3.372612391,Regular,22,Delete,ConfigMap,false
3.394943814,Regular,16,Delete,Deployment,false
3.411270669,Regular,35,Create,Deployment,false
3.447051508,Regular,40,Create,ConfigMap,false
3.487927467,Regular,60,Update,Deployment,false
3.548601581,Regular,20,Delete,ConfigMap,false
3.56920047,Regular,19,Delete,Deployment,false
3.5883617709999998,Regular,38,Create,Deployment,false
3.626481,Regular,40,Create,ConfigMap,false
3.666721839,Regular,61,Update,Deployment,false
3.728278381,Regular,19,Delete,ConfigMap,false
3.748182336,Regular,20,Delete,Deployment,false
3.768361782,Regular,38,Create,Deployment,false
3.806749979,Regular,39,Create,ConfigMap,false
3.846483268,Regular,61,Update,Deployment,false
3.9078968,Regular,20,Delete,ConfigMap,false
3.9287351409999998,Regular,18,Delete,Deployment,false
3.947617335,Regular,39,Create,Deployment,false
3.986949857,Regular,39,Create,ConfigMap,false
3.004937877,Regular,19,Delete,ConfigMap,false
3.024780396,Regular,20,Delete,Deployment,false
3.044807373,Regular,39,Create,Deployment,false
3.084038133,Regular,39,Create,ConfigMap,false
3.123355817,Regular,61,Update,Deployment,false
3.184965449,Regular,19,Delete,ConfigMap,false
3.20465553,Regular,20,Delete,Deployment,false
3.22493801,Regular,39,Create,Deployment,false
3.264011102,Regular,40,Create,ConfigMap,false
3.304480873,Regular,64,Update,Deployment,false
3.3687807100000002,Regular,26,Delete,ConfigMap,false
3.395309765,Regular,16,Delete,Deployment,false
3.412309612,Regular,35,Create,Deployment,false
3.448071967,Regular,40,Create,ConfigMap,false
3.488110343,Regular,61,Update,Deployment,false
3.549369873,Regular,20,Delete,ConfigMap,false
3.569908077,Regular,19,Delete,Deployment,false
3.58928665,Regular,38,Create,Deployment,false
3.627881888,Regular,39,Create,ConfigMap,false
3.667417073,Regular,61,Update,Deployment,false
3.729105344,Regular,19,Delete,ConfigMap,false
3.7490382330000003,Regular,20,Delete,Deployment,false
3.7692477159999997,Regular,38,Create,Deployment,false
3.807550712,Regular,40,Create,ConfigMap,false
3.847693526,Regular,60,Update,Deployment,false
3.908626479,Regular,21,Delete,ConfigMap,false
3.9301079960000003,Regular,18,Delete,Deployment,false
3.948550499,Regular,39,Create,Deployment,false
3.9875687170000003,Regular,40,Create,ConfigMap,false
3.033146526,Regular,19,Delete,Deployment,false
3.052833431,Regular,37,Create,Deployment,false
3.090820951,Regular,40,Create,ConfigMap,false
3.131830182,Regular,58,Update,Deployment,false
3.19082364,Regular,20,Delete,ConfigMap,false
3.2109152,Regular,20,Delete,Deployment,false
3.231058026,Regular,40,Create,Deployment,false
3.271085502,Regular,39,Create,ConfigMap,false
3.310666613,Regular,64,Update,Deployment,false
3.374767814,Regular,21,Delete,ConfigMap,false
3.396563695,Regular,16,Delete,Deployment,false
3.413510391,Regular,35,Create,Deployment,false
3.448948904,Regular,40,Create,ConfigMap,false
3.488997089,Regular,61,Update,Deployment,false
3.550231351,Regular,20,Delete,ConfigMap,false
3.571035017,Regular,19,Delete,Deployment,false
3.5907485919999997,Regular,37,Create,Deployment,false
3.628611507,Regular,40,Create,ConfigMap,false
3.668733972,Regular,61,Update,Deployment,false
3.729786902,Regular,21,Delete,ConfigMap,false
3.7509986680000003,Regular,19,Delete,Deployment,false
3.770257715,Regular,38,Create,Deployment,false
3.8089181869999997,Regular,39,Create,ConfigMap,false
3.848486534,Regular,61,Update,Deployment,false
3.910057654,Regular,20,Delete,ConfigMap,false
3.930661552,Regular,18,Delete,Deployment,false
3.949550559,Regular,38,Create,Deployment,false
3.988541776,Regular,40,Create,ConfigMap,false
3.014519284,Regular,19,Delete,ConfigMap,false
3.034171884,Regular,20,Delete,Deployment,false
3.054775251,Regular,39,Create,Deployment,false
3.093932391,Regular,39,Create,ConfigMap,false
3.133281915,Regular,61,Update,Deployment,false
3.194447048,Regular,20,Delete,ConfigMap,false
3.215265882,Regular,19,Delete,Deployment,false
3.235133328,Regular,40,Create,Deployment,false
3.275438398,Regular,40,Create,ConfigMap,false
3.315943145,Regular,62,Update,Deployment,false
3.378915192,Regular,20,Delete,ConfigMap,false
3.399959753,Regular,15,Delete,Deployment,false
3.414997792,Regular,35,Create,Deployment,false
3.450197905,Regular,40,Create,ConfigMap,false
3.490545775,Regular,61,Update,Deployment,false
3.552350496,Regular,19,Delete,ConfigMap,false
3.571967459,Regular,21,Delete,Deployment,false
3.59314974,Regular,36,Create,Deployment,false
3.630061297,Regular,39,Create,ConfigMap,false
3.669491383,Regular,61,Update,Deployment,false
3.730979135,Regular,21,Delete,ConfigMap,false
3.752846901,Regular,19,Delete,Deployment,false
3.7721198339999997,Regular,38,Create,Deployment,false
3.810467665,Regular,39,Create,ConfigMap,false
3.850395322,Regular,61,Update,Deployment,false
3.9119427460000002,Regular,21,Delete,ConfigMap,false
3.933008116,Regular,19,Delete,Deployment,false
3.9529702110000002,Regular,38,Create,Deployment,false
3.991478596,Regular,43,Create,ConfigMap,false
3.0108663,Regular,19,Delete,ConfigMap,false
3.030711535,Regular,21,Delete,Deployment,false
3.051854,Regular,38,Create,Deployment,false
3.09011132,Regular,41,Create,ConfigMap,false
3.131840071,Regular,60,Update,Deployment,false
3.19194559,Regular,20,Delete,ConfigMap,false
3.211976445,Regular,20,Delete,Deployment,false
3.232084697,Regular,40,Create,Deployment,false
3.272655168,Regular,39,Create,ConfigMap,false
3.312367037,Regular,62,Update,Deployment,false
3.375361095,Regular,24,Delete,ConfigMap,false
3.40024926,Regular,20,Delete,Deployment,false
3.420671364,Regular,35,Create,Deployment,false
3.455750568,Regular,39,Create,ConfigMap,false
3.495429845,Regular,60,Update,Deployment,false
3.555899102,Regular,20,Delete,ConfigMap,false
3.576575918,Regular,19,Delete,Deployment,false
3.5961434580000002,Regular,37,Create,Deployment,false
3.633653906,Regular,40,Create,ConfigMap,false
3.673734772,Regular,60,Update,Deployment,false
3.734646986,Regular,21,Delete,ConfigMap,false
3.756224554,Regular,19,Delete,Deployment,false
3.775942198,Regular,38,Create,Deployment,false
3.814420375,Regular,40,Create,ConfigMap,false
3.854471375,Regular,61,Update,Deployment,false
3.915518434,Regular,20,Delete,ConfigMap,false
3.936023475,Regular,19,Delete,Deployment,false
3.955946756,Regular,38,Create,Deployment,false
3.994525434,Regular,43,Create,ConfigMap,false
3.037546452,Regular,20,Delete,Deployment,false
3.058137676,Regular,38,Create,Deployment,false
3.096961646,Regular,40,Create,ConfigMap,false
3.137484518,Regular,60,Update,Deployment,false
3.198066367,Regular,19,Delete,ConfigMap,false
3.21793189,Regular,20,Delete,Deployment,false
3.238038619,Regular,41,Create,Deployment,false
3.279647653,Regular,38,Create,ConfigMap,false
3.3180884,Regular,63,Update,Deployment,false
3.381813589,Regular,19,Delete,ConfigMap,false
3.401535501,Regular,16,Delete,Deployment,false
3.417583349,Regular,33,Create,Deployment,false
3.451212392,Regular,41,Create,ConfigMap,false
3.492286946,Regular,61,Update,Deployment,false
3.554256438,Regular,18,Delete,ConfigMap,false
3.57310564,Regular,21,Delete,Deployment,false
3.594552561,Regular,36,Create,Deployment,false
3.6307359420000003,Regular,40,Create,ConfigMap,false
3.670876511,Regular,60,Update,Deployment,false
3.731704946,Regular,20,Delete,ConfigMap,false
3.752157899,Regular,19,Delete,Deployment,false
3.7711655,Regular,38,Create,Deployment,false
3.809525835,Regular,40,Create,ConfigMap,false
3.849760272,Regular,61,Update,Deployment,false
3.911192779,Regular,20,Delete,ConfigMap,false
3.931408874,Regular,19,Delete,Deployment,false
3.950733985,Regular,39,Create,Deployment,false
3.989985103,Regular,39,Create,ConfigMap,false
4.029938388,Regular,60,Update,Deployment,false
3.031834307,Regular,21,Delete,Deployment,false
3.053449115,Regular,38,Create,Deployment,false
3.091633387,Regular,39,Create,ConfigMap,false
3.131589076,Regular,58,Update,Deployment,false
3.190082029,Regular,19,Delete,ConfigMap,false
3.209820591,Regular,20,Delete,Deployment,false
3.230068266,Regular,38,Create,Deployment,false
3.269072097,Regular,40,Create,ConfigMap,false
3.309623111,Regular,65,Update,Deployment,false
3.375117806,Regular,25,Delete,ConfigMap,false
3.402430712,Regular,19,Delete,Deployment,false
3.421645485,Regular,37,Create,Deployment,false
3.45944994,Regular,43,Create,ConfigMap,false
3.503330787,Regular,61,Update,Deployment,false
3.565024408,Regular,18,Delete,ConfigMap,false
3.583303282,Regular,19,Delete,Deployment,false
3.602422995,Regular,39,Create,Deployment,false
3.64210117,Regular,40,Create,ConfigMap,false
3.682130679,Regular,59,Update,Deployment,false
3.74177122,Regular,22,Delete,ConfigMap,false
3.764669724,Regular,18,Delete,Deployment,false
3.78344144,Regular,39,Create,Deployment,false
3.823066956,Regular,40,Create,ConfigMap,false
3.864057892,Regular,59,Update,Deployment,false
3.923091505,Regular,19,Delete,ConfigMap,false
3.942867238,Regular,20,Delete,Deployment,false
3.962881793,Regular,39,Create,Deployment,false
4.002001522,Regular,39,Create,ConfigMap,false
4.041440836,Regular,61,Update,Deployment,false
3.01870269,Regular,19,Delete,Deployment,false
3.038512788,Regular,39,Create,Deployment,false
3.07805709,Regular,39,Create,ConfigMap,false
3.117577427,Regular,60,Update,Deployment,false
3.178170368,Regular,20,Delete,ConfigMap,false
3.198884293,Regular,20,Delete,Deployment,false
3.218931509,Regular,38,Create,Deployment,false
3.25778198,Regular,40,Create,ConfigMap,false
3.298179715,Regular,63,Update,Deployment,false
3.362183843,Regular,23,Delete,ConfigMap,false
3.386521336,Regular,16,Delete,Deployment,false
3.403067596,Regular,38,Create,Deployment,false
3.44150671,Regular,43,Create,ConfigMap,false
3.484712391,Regular,56,Update,Deployment,false
3.541672977,Regular,21,Delete,ConfigMap,false
3.563396551,Regular,19,Delete,Deployment,false
3.582497268,Regular,38,Create,Deployment,false
3.620565481,Regular,40,Create,ConfigMap,false
3.661291968,Regular,60,Update,Deployment,false
3.722152374,Regular,20,Delete,ConfigMap,false
3.7427031509999997,Regular,20,Delete,Deployment,false
3.763568353,Regular,37,Create,Deployment,false
3.800921384,Regular,39,Create,ConfigMap,false
3.8407972729999997,Regular,61,Update,Deployment,false
3.90183312,Regular,20,Delete,ConfigMap,false
3.9221404680000003,Regular,19,Delete,Deployment,false
3.9418781689999998,Regular,38,Create,Deployment,false
3.9808025000000002,Regular,39,Create,ConfigMap,false
4.020372591,Regular,62,Update,Deployment,false
4.082407206,Regular,20,Delete,ConfigMap,false
4.025899846,Regular,61,Update,Deployment,false
4.087138046,Regular,19,Delete,ConfigMap,false
4.106996636,Regular,20,Delete,Deployment,false
4.127093776,Regular,38,Create,Deployment,false
4.165609815,Regular,39,Create,ConfigMap,false
4.205417254,Regular,61,Update,Deployment,false
4.267011137,Regular,19,Delete,ConfigMap,false
4.286941221,Regular,20,Delete,Deployment,false
4.307150443,Regular,38,Create,Deployment,false
4.345851282,Regular,39,Create,ConfigMap,false
4.385490443,Regular,61,Update,Deployment,false
4.446887153,Regular,20,Delete,ConfigMap,false
4.4668989119999996,Regular,20,Delete,Deployment,false
4.486911232,Regular,38,Create,Deployment,false
4.52591385,Regular,39,Create,ConfigMap,false
4.565630308,Regular,60,Update,Deployment,false
4.626507055,Regular,20,Delete,ConfigMap,false
4.646692191,Regular,19,Delete,Deployment,false
4.666689243,Regular,39,Create,Deployment,false
4.706356868,Regular,39,Create,ConfigMap,false
4.74549886,Regular,61,Update,Deployment,false
4.806781804,Regular,20,Delete,ConfigMap,false
4.82721502,Regular,19,Delete,Deployment,false
4.847009688,Regular,38,Create,Deployment,false
4.885652717,Regular,40,Create,ConfigMap,false
4.925841077,Regular,61,Update,Deployment,false
4.986991711,Regular,20,Delete,ConfigMap,false
4.090621049,Regular,20,Delete,ConfigMap,false
4.110876047,Regular,20,Delete,Deployment,false
4.13137649,Regular,38,Create,Deployment,false
4.170043835,Regular,39,Create,ConfigMap,false
4.209692674,Regular,62,Update,Deployment,false
4.271985628,Regular,18,Delete,ConfigMap,false
4.290979032,Regular,19,Delete,Deployment,false
4.31082106,Regular,39,Create,Deployment,false
4.349901716,Regular,39,Create,ConfigMap,false
4.389370576,Regular,61,Update,Deployment,false
4.4510012979999996,Regular,19,Delete,ConfigMap,false
4.470978812,Regular,19,Delete,Deployment,false
4.490700673,Regular,38,Create,Deployment,false
4.529635884,Regular,40,Create,ConfigMap,false
4.569845043,Regular,62,Update,Deployment,false
4.63199695,Regular,18,Delete,ConfigMap,false
4.650690568,Regular,20,Delete,Deployment,false
4.670850607,Regular,38,Create,Deployment,false
4.709839019,Regular,39,Create,ConfigMap,false
4.749610921,Regular,61,Update,Deployment,false
4.810666906,Regular,20,Delete,ConfigMap,false
4.83116268,Regular,19,Delete,Deployment,false
4.850966356,Regular,38,Create,Deployment,false
4.889579238,Regular,40,Create,ConfigMap,false
4.930087552,Regular,61,Update,Deployment,false
4.991226996,Regular,20,Delete,ConfigMap,false
4.037579118,Regular,58,Update,Deployment,false
4.095723722,Regular,20,Delete,ConfigMap,false
4.115755348,Regular,21,Delete,Deployment,false
4.137299213,Regular,38,Create,Deployment,false
4.175931792,Regular,39,Create,ConfigMap,false
4.21570132,Regular,61,Update,Deployment,false
4.277055579,Regular,19,Delete,ConfigMap,false
4.296853624,Regular,19,Delete,Deployment,false
4.316665525,Regular,39,Create,Deployment,false
4.355976446,Regular,39,Create,ConfigMap,false
4.395746155,Regular,61,Update,Deployment,false
4.457157743,Regular,21,Delete,ConfigMap,false
4.478832274,Regular,18,Delete,Deployment,false
4.497756477,Regular,38,Create,Deployment,false
4.536569077,Regular,41,Create,ConfigMap,false
4.577790288,Regular,61,Update,Deployment,false
4.638967283,Regular,19,Delete,ConfigMap,false
4.658763364,Regular,21,Delete,Deployment,false
4.679945605,Regular,38,Create,Deployment,false
4.718218705,Regular,39,Create,ConfigMap,false
4.757341951,Regular,60,Update,Deployment,false
4.81780152,Regular,19,Delete,ConfigMap,false
4.837651313,Regular,20,Delete,Deployment,false
4.857711363,Regular,38,Create,Deployment,false
4.8966657300000005,Regular,39,Create,ConfigMap,false
4.936444475,Regular,61,Update,Deployment,false
4.99770063,Regular,20,Delete,ConfigMap,false
4.02657375,Regular,61,Update,Deployment,false
4.087829123,Regular,20,Delete,ConfigMap,false
4.108006985,Regular,20,Delete,Deployment,false
4.128124374,Regular,38,Create,Deployment,false
4.166563107,Regular,40,Create,ConfigMap,false
4.206627081,Regular,61,Update,Deployment,false
4.267744453,Regular,20,Delete,ConfigMap,false
4.287997287,Regular,20,Delete,Deployment,false
4.308131137,Regular,38,Create,Deployment,false
4.346423303,Regular,40,Create,ConfigMap,false
4.3867757019999996,Regular,61,Update,Deployment,false
4.448167172,Regular,19,Delete,ConfigMap,false
4.467842225,Regular,19,Delete,Deployment,false
4.487806945,Regular,38,Create,Deployment,false
4.526561554,Regular,40,Create,ConfigMap,false
4.566773618,Regular,60,Update,Deployment,false
4.627575384,Regular,20,Delete,ConfigMap,false
4.647672975,Regular,19,Delete,Deployment,false
4.667641432,Regular,39,Create,Deployment,false
4.706896588,Regular,39,Create,ConfigMap,false
4.746794498,Regular,61,Update,Deployment,false
4.808065641,Regular,20,Delete,ConfigMap,false
4.828183079,Regular,19,Delete,Deployment,false
4.847992726,Regular,38,Create,Deployment,false
4.886404147,Regular,40,Create,ConfigMap,false
4.926492949,Regular,61,Update,Deployment,false
4.987760244,Regular,20,Delete,ConfigMap,false
5.008228035,Regular,19,Delete,Deployment,false
4.027836196,Regular,60,Update,Deployment,false
4.088716159,Regular,20,Delete,ConfigMap,false
4.108992057,Regular,20,Delete,Deployment,false
4.129605693,Regular,39,Create,Deployment,false
4.169450093,Regular,38,Create,ConfigMap,false
4.207895759,Regular,60,Update,Deployment,false
4.268816068,Regular,20,Delete,ConfigMap,false
4.288923207,Regular,20,Delete,Deployment,false
4.309210878,Regular,38,Create,Deployment,false
4.34776027,Regular,39,Create,ConfigMap,false
4.387403949,Regular,61,Update,Deployment,false
4.448983685,Regular,19,Delete,ConfigMap,false
4.468979594,Regular,19,Delete,Deployment,false
4.488808097,Regular,39,Create,Deployment,false
4.52789251,Regular,39,Create,ConfigMap,false
4.567358484,Regular,61,Update,Deployment,false
4.628700059,Regular,19,Delete,ConfigMap,false
4.6484967919999995,Regular,20,Delete,Deployment,false
4.668597679,Regular,39,Create,Deployment,false
4.707616218,Regular,39,Create,ConfigMap,false
4.747344728,Regular,61,Update,Deployment,false
4.808990208,Regular,20,Delete,ConfigMap,false
4.8291341370000005,Regular,19,Delete,Deployment,false
4.848969342,Regular,38,Create,Deployment,false
4.887921876,Regular,39,Create,ConfigMap,false
4.927744013,Regular,60,Update,Deployment,false
4.988560867,Regular,20,Delete,ConfigMap,false
5.009181907,Regular,19,Delete,Deployment,false
4.029216093,Regular,60,Update,Deployment,false
4.089606381,Regular,20,Delete,ConfigMap,false
4.109933887,Regular,20,Delete,Deployment,false
4.1302846970000004,Regular,39,Create,Deployment,false
4.169474729,Regular,38,Create,ConfigMap,false
4.208478099,Regular,63,Update,Deployment,false
4.271532502,Regular,18,Delete,ConfigMap,false
4.289921614,Regular,20,Delete,Deployment,false
4.310219013,Regular,38,Create,Deployment,false
4.348537739,Regular,40,Create,ConfigMap,false
4.388664762,Regular,61,Update,Deployment,false
4.450188762,Regular,19,Delete,ConfigMap,false
4.469944978,Regular,19,Delete,Deployment,false
4.489778641,Regular,38,Create,Deployment,false
4.528581842,Regular,39,Create,ConfigMap,false
4.568575303,Regular,61,Update,Deployment,false
4.630235752,Regular,19,Delete,ConfigMap,false
4.649394378,Regular,20,Delete,Deployment,false
4.6694172080000005,Regular,39,Create,Deployment,false
4.709001005,Regular,39,Create,ConfigMap,false
4.748454726,Regular,61,Update,Deployment,false
4.809806571,Regular,20,Delete,ConfigMap,false
4.830017827,Regular,19,Delete,Deployment,false
4.849989229,Regular,38,Create,Deployment,false
4.888490701,Regular,40,Create,ConfigMap,false
4.929164758,Regular,60,Update,Deployment,false
4.989891581,Regular,20,Delete,ConfigMap,false
5.010150097,Regular,19,Delete,Deployment,false
4.103202165,Regular,19,Delete,Deployment,false
4.122956107,Regular,38,Create,Deployment,false
4.161849929,Regular,40,Create,ConfigMap,false
4.20199655,Regular,61,Update,Deployment,false
4.263051404,Regular,19,Delete,ConfigMap,false
4.28255373,Regular,20,Delete,Deployment,false
4.302741191,Regular,38,Create,Deployment,false
4.341697091,Regular,39,Create,ConfigMap,false
4.381697195,Regular,61,Update,Deployment,false
4.442916218,Regular,19,Delete,ConfigMap,false
4.462904142,Regular,20,Delete,Deployment,false
4.483181233,Regular,38,Create,Deployment,false
4.52158525,Regular,39,Create,ConfigMap,false
4.56147793,Regular,61,Update,Deployment,false
4.623485004,Regular,19,Delete,ConfigMap,false
4.642585711,Regular,20,Delete,Deployment,false
4.66291517,Regular,38,Create,Deployment,false
4.701500189,Regular,40,Create,ConfigMap,false
4.741513247,Regular,61,Update,Deployment,false
4.802804698,Regular,20,Delete,ConfigMap,false
4.8232719280000005,Regular,19,Delete,Deployment,false
4.842595897,Regular,39,Create,Deployment,false
4.881990507,Regular,38,Create,ConfigMap,false
4.920681346,Regular,63,Update,Deployment,false
4.984433336,Regular,18,Delete,ConfigMap,false
5.003068013,Regular,19,Delete,Deployment,false
5.02297292,Regular,38,Create,Deployment,false
4.016463784,Regular,61,Update,Deployment,false
4.078101669,Regular,20,Delete,ConfigMap,false
4.099002398,Regular,18,Delete,Deployment,false
4.117778882,Regular,39,Create,Deployment,false
4.157060248,Regular,39,Create,ConfigMap,false
4.196940485,Regular,61,Update,Deployment,false
4.258763059,Regular,19,Delete,ConfigMap,false
4.277931324,Regular,20,Delete,Deployment,false
4.29798381,Regular,38,Create,Deployment,false
4.336753589,Regular,39,Create,ConfigMap,false
4.37675247,Regular,61,Update,Deployment,false
4.438226696,Regular,20,Delete,ConfigMap,false
4.458918049,Regular,20,Delete,Deployment,false
4.479790364,Regular,38,Create,Deployment,false
4.518092008,Regular,39,Create,ConfigMap,false
4.557638124,Regular,60,Update,Deployment,false
4.6178794100000005,Regular,20,Delete,ConfigMap,false
4.637958406,Regular,19,Delete,Deployment,false
4.657838226,Regular,39,Create,Deployment,false
4.697133447,Regular,39,Create,ConfigMap,false
4.736826961,Regular,61,Update,Deployment,false
4.798400154,Regular,20,Delete,ConfigMap,false
4.818762055,Regular,20,Delete,Deployment,false
4.8387795449999995,Regular,39,Create,Deployment,false
4.878139348,Regular,39,Create,ConfigMap,false
4.918139342,Regular,61,Update,Deployment,false
4.979161393,Regular,19,Delete,ConfigMap,false
4.998662998,Regular,20,Delete,Deployment,false
5.018991105,Regular,38,Create,Deployment,false
5.057972093,Regular,39,Create,ConfigMap,false
4.034625296,Regular,59,Update,Deployment,false
4.093865721,Regular,20,Delete,ConfigMap,false
4.113927674,Regular,21,Delete,Deployment,false
4.1355681109999995,Regular,38,Create,Deployment,false
4.173865748,Regular,39,Create,ConfigMap,false
4.213389751,Regular,61,Update,Deployment,false
4.275150008,Regular,19,Delete,ConfigMap,false
4.29488843,Regular,19,Delete,Deployment,false
4.314710641,Regular,39,Create,Deployment,false
4.353945458,Regular,39,Create,ConfigMap,false
4.393878074,Regular,60,Update,Deployment,false
4.454683517,Regular,22,Delete,ConfigMap,false
4.477123184,Regular,18,Delete,Deployment,false
4.4958644119999995,Regular,39,Create,Deployment,false
4.535019408,Regular,39,Create,ConfigMap,false
4.574411132,Regular,61,Update,Deployment,false
4.6358319869999995,Regular,19,Delete,ConfigMap,false
4.655518772,Regular,20,Delete,Deployment,false
4.675727633,Regular,39,Create,Deployment,false
4.714951701,Regular,39,Create,ConfigMap,false
4.754397837,Regular,61,Update,Deployment,false
4.815908622,Regular,19,Delete,ConfigMap,false
4.835809863,Regular,19,Delete,Deployment,false
4.855790002,Regular,38,Create,Deployment,false
4.894503985,Regular,40,Create,ConfigMap,false
4.934779208,Regular,60,Update,Deployment,false
4.99569033,Regular,20,Delete,ConfigMap,false
5.015973292,Regular,20,Delete,Deployment,false
5.036041517,Regular,38,Create,Deployment,false
5.074669929,Regular,39,Create,ConfigMap,false
4.102512421,Regular,19,Delete,ConfigMap,false
4.121878761,Regular,19,Delete,Deployment,false
4.141433436,Regular,39,Create,Deployment,false
4.181147759,Regular,39,Create,ConfigMap,false
4.220520337,Regular,59,Update,Deployment,false
4.279703924,Regular,20,Delete,ConfigMap,false
4.299922604,Regular,19,Delete,Deployment,false
4.319609559,Regular,39,Create,Deployment,false
4.359131058,Regular,39,Create,ConfigMap,false
4.398485101,Regular,59,Update,Deployment,false
4.457941073,Regular,20,Delete,ConfigMap,false
4.478071095,Regular,18,Delete,Deployment,false
4.496838583,Regular,38,Create,Deployment,false
4.535748316,Regular,41,Create,ConfigMap,false
4.576954879,Regular,59,Update,Deployment,false
4.636624806,Regular,20,Delete,ConfigMap,false
4.656851301,Regular,19,Delete,Deployment,false
4.676654245,Regular,38,Create,Deployment,false
4.715579417,Regular,39,Create,ConfigMap,false
4.7555401360000005,Regular,61,Update,Deployment,false
4.817063064,Regular,19,Delete,ConfigMap,false
4.836748416,Regular,19,Delete,Deployment,false
4.856752501,Regular,39,Create,Deployment,false
4.89603585,Regular,39,Create,ConfigMap,false
4.93533051,Regular,61,Update,Deployment,false
4.997009544,Regular,19,Delete,ConfigMap,false
5.016987829,Regular,20,Delete,Deployment,false
5.03705904,Regular,39,Create,Deployment,false
5.076182477,Regular,39,Create,ConfigMap,false
5.115559504,Regular,61,Update,Deployment,false
5.177141072,Regular,20,Delete,ConfigMap,false
5.197165586,Regular,20,Delete,Deployment,false
5.061591323,Regular,40,Create,ConfigMap,false
5.101847189,Regular,61,Update,Deployment,false
5.163143359,Regular,20,Delete,ConfigMap,false
5.183395482,Regular,19,Delete,Deployment,false
5.203032924,Regular,38,Create,Deployment,false
5.24149975,Regular,39,Create,ConfigMap,false
5.2815027390000004,Regular,61,Update,Deployment,false
5.343033472,Regular,19,Delete,ConfigMap,false
5.362915595,Regular,20,Delete,Deployment,false
5.383469128,Regular,38,Create,Deployment,false
5.421584049,Regular,40,Create,ConfigMap,false
5.46168852,Regular,61,Update,Deployment,false
5.5232219780000005,Regular,19,Delete,ConfigMap,false
5.543125112,Regular,19,Delete,Deployment,false
5.562985304,Regular,38,Create,Deployment,false
5.601600741,Regular,39,Create,ConfigMap,false
5.641434961,Regular,61,Update,Deployment,false
5.703012653,Regular,20,Delete,ConfigMap,false
5.723320782,Regular,19,Delete,Deployment,false
5.742941903,Regular,39,Create,Deployment,false
5.782354746,Regular,39,Create,ConfigMap,false
5.821599693,Regular,61,Update,Deployment,false
5.883454107,Regular,20,Delete,ConfigMap,false
5.90364228,Regular,19,Delete,Deployment,false
5.922702781,Regular,38,Create,Deployment,false
5.961658431,Regular,39,Create,ConfigMap,false
5.0072363,Regular,19,Delete,Deployment,false
5.027044004,Regular,38,Create,Deployment,false
5.065529304,Regular,40,Create,ConfigMap,false
5.105606484,Regular,61,Update,Deployment,false
5.166767258,Regular,22,Delete,ConfigMap,false
5.188928328,Regular,18,Delete,Deployment,false
5.207063751,Regular,38,Create,Deployment,false
5.245902871,Regular,39,Create,ConfigMap,false
5.28567325,Regular,61,Update,Deployment,false
5.346898917,Regular,19,Delete,ConfigMap,false
5.36682829,Regular,20,Delete,Deployment,false
5.387091514,Regular,38,Create,Deployment,false
5.425822579,Regular,39,Create,ConfigMap,false
5.465490545,Regular,61,Update,Deployment,false
5.526974289,Regular,20,Delete,ConfigMap,false
5.547102278,Regular,20,Delete,Deployment,false
5.567201462,Regular,37,Create,Deployment,false
5.604624125,Regular,39,Create,ConfigMap,false
5.644419071,Regular,61,Update,Deployment,false
5.705648444,Regular,20,Delete,ConfigMap,false
5.726199412,Regular,19,Delete,Deployment,false
5.746101203,Regular,38,Create,Deployment,false
5.784498287,Regular,40,Create,ConfigMap,false
5.824526795,Regular,61,Update,Deployment,false
5.8860009810000005,Regular,20,Delete,ConfigMap,false
5.906124872,Regular,19,Delete,Deployment,false
5.925493615,Regular,39,Create,Deployment,false
5.964630858,Regular,40,Create,ConfigMap,false
5.217437195,Regular,38,Create,Deployment,false
5.2559458,Regular,36,Create,ConfigMap,false
5.292786182,Regular,61,Update,Deployment,false
5.35393318,Regular,19,Delete,ConfigMap,false
5.373840071,Regular,21,Delete,Deployment,false
5.395138582,Regular,37,Create,Deployment,false
5.432386264,Regular,39,Create,ConfigMap,false
5.472327737,Regular,61,Update,Deployment,false
5.53385874,Regular,20,Delete,ConfigMap,false
5.553867994,Regular,20,Delete,Deployment,false
5.574570649,Regular,38,Create,Deployment,false
5.613451678,Regular,40,Create,ConfigMap,false
5.65376333,Regular,61,Update,Deployment,false
5.714801031,Regular,21,Delete,ConfigMap,false
5.736038586,Regular,18,Delete,Deployment,false
5.754967499,Regular,38,Create,Deployment,false
5.793669429,Regular,39,Create,ConfigMap,false
5.833475947,Regular,61,Update,Deployment,false
5.894621853,Regular,20,Delete,ConfigMap,false
5.914824422,Regular,19,Delete,Deployment,false
5.934377725,Regular,38,Create,Deployment,false
5.972523945,Regular,40,Create,ConfigMap,false
5.114285916,Regular,61,Update,Deployment,false
5.175590622,Regular,20,Delete,ConfigMap,false
5.196231721,Regular,20,Delete,Deployment,false
5.216419111,Regular,38,Create,Deployment,false
5.254550453,Regular,39,Create,ConfigMap,false
5.293581205,Regular,61,Update,Deployment,false
5.354966684,Regular,20,Delete,ConfigMap,false
5.375075015,Regular,20,Delete,Deployment,false
5.39587862,Regular,37,Create,Deployment,false
5.433764067,Regular,39,Create,ConfigMap,false
5.473561238,Regular,61,Update,Deployment,false
5.534770804,Regular,20,Delete,ConfigMap,false
5.554808472,Regular,20,Delete,Deployment,false
5.575163569,Regular,37,Create,Deployment,false
5.612783705,Regular,39,Create,ConfigMap,false
5.652538415,Regular,61,Update,Deployment,false
5.713886463,Regular,21,Delete,ConfigMap,false
5.734993181,Regular,18,Delete,Deployment,false
5.753930489,Regular,39,Create,Deployment,false
5.793086888,Regular,39,Create,ConfigMap,false
5.832787346,Regular,60,Update,Deployment,false
5.893677989,Regular,20,Delete,ConfigMap,false
5.9138071199999995,Regular,21,Delete,Deployment,false
5.9350724679999995,Regular,38,Create,Deployment,false
5.973613704,Regular,40,Create,ConfigMap,false
5.097951267,Regular,61,Update,Deployment,false
5.158973178,Regular,20,Delete,ConfigMap,false
5.179234378,Regular,19,Delete,Deployment,false
5.1991098000000004,Regular,38,Create,Deployment,false
5.237904876,Regular,39,Create,ConfigMap,false
5.277861197,Regular,61,Update,Deployment,false
5.339394154,Regular,19,Delete,ConfigMap,false
5.359223899,Regular,20,Delete,Deployment,false
5.379634632,Regular,38,Create,Deployment,false
5.417788536,Regular,38,Create,ConfigMap,false
5.456530663,Regular,60,Update,Deployment,false
5.516797938,Regular,20,Delete,ConfigMap,false
5.537577829,Regular,20,Delete,Deployment,false
5.557669168,Regular,39,Create,Deployment,false
5.597580724,Regular,39,Create,ConfigMap,false
5.636974251,Regular,62,Update,Deployment,false
5.6990743,Regular,20,Delete,ConfigMap,false
5.719197439,Regular,20,Delete,Deployment,false
5.739636215,Regular,38,Create,Deployment,false
5.778526441,Regular,39,Create,ConfigMap,false
5.818484506,Regular,62,Update,Deployment,false
5.880776587,Regular,18,Delete,ConfigMap,false
5.89962609,Regular,20,Delete,Deployment,false
5.919737016,Regular,38,Create,Deployment,false
5.958510241,Regular,39,Create,ConfigMap,false
5.998389807,Regular,62,Update,Deployment,false
5.030146036,Regular,38,Create,Deployment,false
5.06858557,Regular,40,Create,ConfigMap,false
5.108741318,Regular,61,Update,Deployment,false
5.170177252,Regular,20,Delete,ConfigMap,false
5.190550955,Regular,18,Delete,Deployment,false
5.20901043,Regular,38,Create,Deployment,false
5.247934681,Regular,39,Create,ConfigMap,false
5.287538796,Regular,61,Update,Deployment,false
5.348650667,Regular,20,Delete,ConfigMap,false
5.368782653,Regular,20,Delete,Deployment,false
5.389019157,Regular,38,Create,Deployment,false
5.427836385,Regular,39,Create,ConfigMap,false
5.467520532,Regular,61,Update,Deployment,false
5.528812403,Regular,20,Delete,ConfigMap,false
5.54909813,Regular,20,Delete,Deployment,false
5.569241758,Regular,38,Create,Deployment,false
5.607573108,Regular,39,Create,ConfigMap,false
5.647535049,Regular,61,Update,Deployment,false
5.708618106,Regular,21,Delete,ConfigMap,false
5.7298118989999995,Regular,19,Delete,Deployment,false
5.749167328,Regular,38,Create,Deployment,false
5.787855953,Regular,39,Create,ConfigMap,false
5.827795522,Regular,60,Update,Deployment,false
5.888532134,Regular,20,Delete,ConfigMap,false
5.909244026,Regular,19,Delete,Deployment,false
5.928998269,Regular,38,Create,Deployment,false
5.967733832,Regular,39,Create,ConfigMap,false
6.007705823,Regular,61,Update,Deployment,false
5.029172997,Regular,38,Create,Deployment,false
5.067655833,Regular,39,Create,ConfigMap,false
5.10741414,Regular,61,Update,Deployment,false
5.168786804,Regular,21,Delete,ConfigMap,false
5.190535696,Regular,19,Delete,Deployment,false
5.209960375,Regular,38,Create,Deployment,false
5.248551496,Regular,41,Create,ConfigMap,false
5.290385045,Regular,60,Update,Deployment,false
5.351231885,Regular,19,Delete,ConfigMap,false
5.370711198,Regular,21,Delete,Deployment,false
5.392344812,Regular,37,Create,Deployment,false
5.429773186,Regular,39,Create,ConfigMap,false
5.469348015,Regular,61,Update,Deployment,false
5.530522936,Regular,20,Delete,ConfigMap,false
5.550815926,Regular,20,Delete,Deployment,false
5.571011533,Regular,38,Create,Deployment,false
5.609667025,Regular,39,Create,ConfigMap,false
5.649301748,Regular,61,Update,Deployment,false
5.711275298,Regular,20,Delete,ConfigMap,false
5.731433784,Regular,19,Delete,Deployment,false
5.751048593,Regular,38,Create,Deployment,false
5.79002412,Regular,39,Create,ConfigMap,false
5.829931418,Regular,61,Update,Deployment,false
5.891245372,Regular,19,Delete,ConfigMap,false
5.910964027,Regular,19,Delete,Deployment,false
5.930855398,Regular,37,Create,Deployment,false
5.968530949,Regular,39,Create,ConfigMap,false
6.008465829,Regular,61,Update,Deployment,false
5.018008107,Regular,20,Delete,Deployment,false
5.038080661,Regular,38,Create,Deployment,false
5.076848145,Regular,39,Create,ConfigMap,false
5.11672728,Regular,61,Update,Deployment,false
5.178236853,Regular,19,Delete,ConfigMap,false
5.198077729,Regular,20,Delete,Deployment,false
5.218435081,Regular,38,Create,Deployment,false
5.256615736,Regular,38,Create,ConfigMap,false
5.294814646,Regular,60,Update,Deployment,false
5.355666546,Regular,20,Delete,ConfigMap,false
5.376093229,Regular,20,Delete,Deployment,false
5.396835228,Regular,37,Create,Deployment,false
5.434466254,Regular,40,Create,ConfigMap,false
5.4747226829999995,Regular,61,Update,Deployment,false
5.535760213,Regular,19,Delete,ConfigMap,false
5.555673496,Regular,20,Delete,Deployment,false
5.576201832,Regular,38,Create,Deployment,false
5.614832647,Regular,39,Create,ConfigMap,false
5.654406535,Regular,61,Update,Deployment,false
5.715501314,Regular,21,Delete,ConfigMap,false
5.736816717,Regular,19,Delete,Deployment,false
5.756001693,Regular,38,Create,Deployment,false
5.794443081,Regular,40,Create,ConfigMap,false
5.8348808420000005,Regular,61,Update,Deployment,false
5.896073877,Regular,19,Delete,ConfigMap,false
5.915693204,Regular,20,Delete,Deployment,false
5.936122332,Regular,38,Create,Deployment,false
5.975076288,Regular,39,Create,ConfigMap,false
6.01453049,Regular,61,Update,Deployment,false
5.028089539,Regular,38,Create,Deployment,false
5.06691317,Regular,39,Create,ConfigMap,false
5.106830287,Regular,60,Update,Deployment,false
5.167552541,Regular,22,Delete,ConfigMap,false
5.189693745,Regular,18,Delete,Deployment,false
5.208053041,Regular,38,Create,Deployment,false
5.246540566,Regular,39,Create,ConfigMap,false
5.286432846,Regular,61,Update,Deployment,false
5.347817873,Regular,19,Delete,ConfigMap,false
5.367806779,Regular,20,Delete,Deployment,false
5.388036971,Regular,38,Create,Deployment,false
5.426532311,Regular,40,Create,ConfigMap,false
5.466811482,Regular,60,Update,Deployment,false
5.527760034,Regular,20,Delete,ConfigMap,false
5.548119871,Regular,20,Delete,Deployment,false
5.568213945,Regular,37,Create,Deployment,false
5.6055397750000004,Regular,40,Create,ConfigMap,false
5.645663643,Regular,61,Update,Deployment,false
5.706755997,Regular,20,Delete,ConfigMap,false
5.727327604,Regular,19,Delete,Deployment,false
5.747019108,Regular,38,Create,Deployment,false
5.785894546,Regular,39,Create,ConfigMap,false
5.825813516,Regular,61,Update,Deployment,false
5.886874982,Regular,20,Delete,ConfigMap,false
5.907213549,Regular,19,Delete,Deployment,false
5.926462977,Regular,40,Create,Deployment,false
5.966964148,Regular,38,Create,ConfigMap,false
6.005538236,Regular,61,Update,Deployment,false
6.06669372,Regular,20,Delete,ConfigMap,false
5.011243092,Regular,19,Delete,Deployment,false
5.031050245,Regular,38,Create,Deployment,false
5.070034539,Regular,39,Create,ConfigMap,false
5.109362873,Regular,61,Update,Deployment,false
5.170916178,Regular,20,Delete,ConfigMap,false
5.191533542,Regular,19,Delete,Deployment,false
5.211036208,Regular,38,Create,Deployment,false
5.249426219,Regular,42,Create,ConfigMap,false
5.291484112,Regular,61,Update,Deployment,false
5.353043339,Regular,19,Delete,ConfigMap,false
5.372473168,Regular,21,Delete,Deployment,false
5.39416384,Regular,37,Create,Deployment,false
5.431834381,Regular,39,Create,ConfigMap,false
5.471688569,Regular,61,Update,Deployment,false
5.533059129,Regular,19,Delete,ConfigMap,false
5.552823149,Regular,20,Delete,Deployment,false
5.573411017,Regular,38,Create,Deployment,false
5.612023087,Regular,39,Create,ConfigMap,false
5.651873559,Regular,61,Update,Deployment,false
5.713005137,Regular,19,Delete,ConfigMap,false
5.73248474,Regular,19,Delete,Deployment,false
5.752035458,Regular,38,Create,Deployment,false
5.790702973,Regular,39,Create,ConfigMap,false
5.830627103,Regular,61,Update,Deployment,false
5.892176912,Regular,19,Delete,ConfigMap,false
5.911842757,Regular,21,Delete,Deployment,false
5.933463698,Regular,38,Create,Deployment,false
5.9719050849999995,Regular,39,Create,ConfigMap,false
6.011850966,Regular,60,Update,Deployment,false
6.072751949,Regular,20,Delete,ConfigMap,false
6.00493711,Regular,60,Update,Deployment,false
6.065887496,Regular,20,Delete,ConfigMap,false
6.086265558,Regular,20,Delete,Deployment,false
6.107207905,Regular,37,Create,Deployment,false
6.144906119,Regular,39,Create,ConfigMap,false
6.18456631,Regular,61,Update,Deployment,false
6.246029395,Regular,19,Delete,ConfigMap,false
6.26597045,Regular,19,Delete,Deployment,false
6.285703984,Regular,38,Create,Deployment,false
6.324704298,Regular,39,Create,ConfigMap,false
6.36443393,Regular,61,Update,Deployment,false
6.425981896,Regular,19,Delete,ConfigMap,false
6.4456284440000005,Regular,20,Delete,Deployment,false
6.465722078,Regular,39,Create,Deployment,false
6.504957546,Regular,39,Create,ConfigMap,false
6.544457705,Regular,61,Update,Deployment,false
6.606240014,Regular,20,Delete,ConfigMap,false
6.62635635,Regular,20,Delete,Deployment,false
6.646469811,Regular,38,Create,Deployment,false
6.684783358,Regular,38,Create,ConfigMap,false
6.723371212,Regular,61,Update,Deployment,false
6.785070624,Regular,19,Delete,ConfigMap,false
6.805032429,Regular,21,Delete,Deployment,false
6.826667034,Regular,38,Create,Deployment,false
6.865072895,Regular,39,Create,ConfigMap,false
6.904470831,Regular,61,Update,Deployment,false
6.965853955,Regular,20,Delete,ConfigMap,false
6.986162264,Regular,20,Delete,Deployment,false
6.069389855,Regular,19,Delete,ConfigMap,false
6.089390293,Regular,20,Delete,Deployment,false
6.109671781,Regular,38,Create,Deployment,false
6.148526521,Regular,39,Create,ConfigMap,false
6.187562913,Regular,61,Update,Deployment,false
6.248574655,Regular,20,Delete,ConfigMap,false
6.268961403,Regular,19,Delete,Deployment,false
6.288879154,Regular,38,Create,Deployment,false
6.32757384,Regular,40,Create,ConfigMap,false
6.367609151,Regular,61,Update,Deployment,false
6.428708488,Regular,20,Delete,ConfigMap,false
6.44921372,Regular,19,Delete,Deployment,false
6.468622139,Regular,39,Create,Deployment,false
6.507799297,Regular,39,Create,ConfigMap,false
6.547726443,Regular,60,Update,Deployment,false
6.60804238,Regular,20,Delete,ConfigMap,false
6.628098252,Regular,20,Delete,Deployment,false
6.648161639,Regular,38,Create,Deployment,false
6.687013202,Regular,39,Create,ConfigMap,false
6.726543858,Regular,61,Update,Deployment,false
6.787934386,Regular,20,Delete,ConfigMap,false
6.808091199,Regular,20,Delete,Deployment,false
6.828701359,Regular,37,Create,Deployment,false
6.866640347,Regular,40,Create,ConfigMap,false
6.906808388,Regular,60,Update,Deployment,false
6.967794843,Regular,20,Delete,ConfigMap,false
6.988092502,Regular,19,Delete,Deployment,false
6.08730369,Regular,20,Delete,Deployment,false
6.108030149,Regular,37,Create,Deployment,false
6.145599429,Regular,40,Create,ConfigMap,false
6.185803057,Regular,61,Update,Deployment,false
6.2468757440000005,Regular,19,Delete,ConfigMap,false
6.266876202,Regular,19,Delete,Deployment,false
6.286622529,Regular,38,Create,Deployment,false
6.325461148,Regular,40,Create,ConfigMap,false
6.365712306,Regular,60,Update,Deployment,false
6.426697969,Regular,20,Delete,ConfigMap,false
6.446841667,Regular,19,Delete,Deployment,false
6.466688154,Regular,38,Create,Deployment,false
6.505490223,Regular,40,Create,ConfigMap,false
6.545732464,Regular,63,Update,Deployment,false
6.608776327,Regular,20,Delete,ConfigMap,false
6.628961263,Regular,20,Delete,Deployment,false
6.649098399,Regular,38,Create,Deployment,false
6.687642541,Regular,40,Create,ConfigMap,false
6.72772995,Regular,60,Update,Deployment,false
6.788721223,Regular,20,Delete,ConfigMap,false
6.80904951,Regular,21,Delete,Deployment,false
6.83028428,Regular,38,Create,Deployment,false
6.868889117,Regular,39,Create,ConfigMap,false
6.908616576,Regular,61,Update,Deployment,false
6.969853593,Regular,20,Delete,ConfigMap,false
6.990141103,Regular,19,Delete,Deployment,false
6.070125035,Regular,20,Delete,ConfigMap,false
6.090368933,Regular,20,Delete,Deployment,false
6.111368398,Regular,38,Create,Deployment,false
6.149559072,Regular,39,Create,ConfigMap,false
6.189480297,Regular,61,Update,Deployment,false
6.250537384,Regular,20,Delete,ConfigMap,false
6.270978124,Regular,19,Delete,Deployment,false
6.290911495,Regular,39,Create,Deployment,false
6.330223929,Regular,39,Create,ConfigMap,false
6.3694543679999995,Regular,61,Update,Deployment,false
6.431053941,Regular,20,Delete,ConfigMap,false
6.451233627,Regular,19,Delete,Deployment,false
6.470895655,Regular,38,Create,Deployment,false
6.509824083,Regular,39,Create,ConfigMap,false
6.5495187,Regular,60,Update,Deployment,false
6.610522697,Regular,20,Delete,ConfigMap,false
6.631320732,Regular,19,Delete,Deployment,false
6.650999161,Regular,39,Create,Deployment,false
6.6900947649999996,Regular,39,Create,ConfigMap,false
6.729654266,Regular,60,Update,Deployment,false
6.790584304,Regular,20,Delete,ConfigMap,false
6.811035894,Regular,20,Delete,Deployment,false
6.831224107,Regular,38,Create,Deployment,false
6.869744003,Regular,40,Create,ConfigMap,false
6.909798439,Regular,60,Update,Deployment,false
6.970779543,Regular,20,Delete,ConfigMap,false
6.9911446900000005,Regular,19,Delete,Deployment,false
6.093358672,Regular,20,Delete,Deployment,false
6.11350722,Regular,38,Create,Deployment,false
6.151839792,Regular,39,Create,ConfigMap,false
6.1914540670000004,Regular,61,Update,Deployment,false
6.253050754,Regular,19,Delete,ConfigMap,false
6.27287602,Regular,20,Delete,Deployment,false
6.292887048,Regular,38,Create,Deployment,false
6.331752798,Regular,40,Create,ConfigMap,false
6.371771707,Regular,61,Update,Deployment,false
6.433119174,Regular,20,Delete,ConfigMap,false
6.453207247,Regular,19,Delete,Deployment,false
6.472922485,Regular,38,Create,Deployment,false
6.511794918,Regular,39,Create,ConfigMap,false
6.5513241319999995,Regular,70,Update,Deployment,false
6.621975812,Regular,13,Delete,ConfigMap,false
6.635523645,Regular,19,Delete,Deployment,false
6.655008548,Regular,38,Create,Deployment,false
6.693644694,Regular,39,Create,ConfigMap,false
6.733341665,Regular,61,Update,Deployment,false
6.794940887,Regular,20,Delete,ConfigMap,false
6.815121946,Regular,19,Delete,Deployment,false
6.834725503,Regular,38,Create,Deployment,false
6.873516382,Regular,39,Create,ConfigMap,false
6.913435693,Regular,61,Update,Deployment,false
6.974829838,Regular,20,Delete,ConfigMap,false
6.995099514,Regular,19,Delete,Deployment,false
6.013940385,Regular,60,Update,Deployment,false
6.074677548,Regular,20,Delete,ConfigMap,false
6.095346279,Regular,19,Delete,Deployment,false
6.11518999,Regular,38,Create,Deployment,false
6.153988723,Regular,39,Create,ConfigMap,false
6.1937568689999996,Regular,61,Update,Deployment,false
6.255029654,Regular,19,Delete,ConfigMap,false
6.274865731,Regular,19,Delete,Deployment,false
6.294802699,Regular,39,Create,Deployment,false
6.333987752,Regular,39,Create,ConfigMap,false
6.373724097,Regular,61,Update,Deployment,false
6.43556206,Regular,19,Delete,ConfigMap,false
6.455213789,Regular,19,Delete,Deployment,false
6.474873272,Regular,39,Create,Deployment,false
6.514250168,Regular,39,Create,ConfigMap,false
6.553629448,Regular,68,Update,Deployment,false
6.621978316,Regular,16,Delete,ConfigMap,false
6.638490161,Regular,19,Delete,Deployment,false
6.657717658,Regular,40,Create,Deployment,false
6.698033057,Regular,39,Create,ConfigMap,false
6.7375370629999995,Regular,60,Update,Deployment,false
6.798113192,Regular,19,Delete,ConfigMap,false
6.818088953,Regular,19,Delete,Deployment,false
6.837987558,Regular,39,Create,Deployment,false
6.8771510209999995,Regular,39,Create,ConfigMap,false
6.916322388,Regular,61,Update,Deployment,false
6.978174669,Regular,19,Delete,ConfigMap,false
6.998137916,Regular,19,Delete,Deployment,false
6.001499343,Regular,61,Update,Deployment,false
6.063333069,Regular,19,Delete,ConfigMap,false
6.083206206,Regular,19,Delete,Deployment,false
6.103045649,Regular,38,Create,Deployment,false
6.141465797,Regular,40,Create,ConfigMap,false
6.181547745,Regular,61,Update,Deployment,false
6.242866387,Regular,20,Delete,ConfigMap,false
6.263249248,Regular,19,Delete,Deployment,false
6.282792271,Regular,38,Create,Deployment,false
6.321679862,Regular,39,Create,ConfigMap,false
6.361418151,Regular,61,Update,Deployment,false
6.423212392,Regular,19,Delete,ConfigMap,false
6.44272662,Regular,20,Delete,Deployment,false
6.462953245,Regular,38,Create,Deployment,false
6.501574042,Regular,40,Create,ConfigMap,false
6.541739508,Regular,60,Update,Deployment,false
6.602721504,Regular,21,Delete,ConfigMap,false
6.623882445,Regular,18,Delete,Deployment,false
6.642356538,Regular,37,Create,Deployment,false
6.679596465,Regular,40,Create,ConfigMap,false
6.719974804,Regular,61,Update,Deployment,false
6.781482763,Regular,19,Delete,ConfigMap,false
6.801165891,Regular,19,Delete,Deployment,false
6.821065729,Regular,38,Create,Deployment,false
6.859702756,Regular,40,Create,ConfigMap,false
6.900240316,Regular,60,Update,Deployment,false
6.961085834,Regular,19,Delete,ConfigMap,false
6.98090072,Regular,19,Delete,Deployment,false
7.000098091,Regular,38,Create,Deployment,false
6.075828604,Regular,20,Delete,ConfigMap,false
6.096291946,Regular,19,Delete,Deployment,false
6.11612647,Regular,38,Create,Deployment,false
6.154567888,Regular,39,Create,ConfigMap,false
6.194390716,Regular,61,Update,Deployment,false
6.255813996,Regular,20,Delete,ConfigMap,false
6.275868556,Regular,19,Delete,Deployment,false
6.295833557,Regular,38,Create,Deployment,false
6.33468522,Regular,39,Create,ConfigMap,false
6.3742972,Regular,61,Update,Deployment,false
6.436105638,Regular,20,Delete,ConfigMap,false
6.456223918,Regular,19,Delete,Deployment,false
6.475987518,Regular,38,Create,Deployment,false
6.514572577,Regular,39,Create,ConfigMap,false
6.554262945,Regular,67,Update,Deployment,false
6.621972516,Regular,10,Delete,ConfigMap,false
6.632960391,Regular,19,Delete,Deployment,false
6.65291966,Regular,38,Create,Deployment,false
6.691644194,Regular,39,Create,ConfigMap,false
6.731535712,Regular,61,Update,Deployment,false
6.793172555,Regular,19,Delete,ConfigMap,false
6.813023079,Regular,19,Delete,Deployment,false
6.832804874,Regular,39,Create,Deployment,false
6.872022198,Regular,39,Create,ConfigMap,false
6.91164021,Regular,61,Update,Deployment,false
6.972844035,Regular,20,Delete,ConfigMap,false
6.993191929,Regular,19,Delete,Deployment,false
7.012889895,Regular,38,Create,Deployment,false
7.051770723,Regular,39,Create,ConfigMap,false
6.060535953,Regular,19,Delete,ConfigMap,false
6.080351241,Regular,19,Delete,Deployment,false
6.100028588,Regular,38,Create,Deployment,false
6.138828283,Regular,40,Create,ConfigMap,false
6.178977278,Regular,61,Update,Deployment,false
6.240792278,Regular,20,Delete,ConfigMap,false
6.261005688,Regular,18,Delete,Deployment,false
6.2799163159999996,Regular,38,Create,Deployment,false
6.318574884,Regular,40,Create,ConfigMap,false
6.358736382,Regular,61,Update,Deployment,false
6.420489827,Regular,19,Delete,ConfigMap,false
6.43974739,Regular,20,Delete,Deployment,false
6.460236501,Regular,38,Create,Deployment,false
6.498702385,Regular,39,Create,ConfigMap,false
6.5385209159999995,Regular,61,Update,Deployment,false
6.600455372,Regular,22,Delete,ConfigMap,false
6.622970992,Regular,16,Delete,Deployment,false
6.639693545,Regular,38,Create,Deployment,false
6.678070311,Regular,38,Create,ConfigMap,false
6.716503493,Regular,60,Update,Deployment,false
6.777476302,Regular,21,Delete,ConfigMap,false
6.799197682,Regular,19,Delete,Deployment,false
6.81906647,Regular,39,Create,Deployment,false
6.858205778,Regular,39,Create,ConfigMap,false
6.897601549,Regular,62,Update,Deployment,false
6.959871068,Regular,20,Delete,ConfigMap,false
6.979940726,Regular,19,Delete,Deployment,false
6.9991742949999995,Regular,38,Create,Deployment,false
7.037715441,Regular,40,Create,ConfigMap,false
7.077933086,Regular,61,Update,Deployment,false
6.012611443,Regular,61,Update,Deployment,false
6.073804789,Regular,20,Delete,ConfigMap,false
6.09438419,Regular,20,Delete,Deployment,false
6.114476371,Regular,38,Create,Deployment,false
6.152554974,Regular,40,Create,ConfigMap,false
6.192616744,Regular,61,Update,Deployment,false
6.253705121,Regular,20,Delete,ConfigMap,false
6.27387569,Regular,20,Delete,Deployment,false
6.2938931799999995,Regular,38,Create,Deployment,false
6.332564813,Regular,39,Create,ConfigMap,false
6.372426365,Regular,61,Update,Deployment,false
6.433832161,Regular,20,Delete,ConfigMap,false
6.454194893,Regular,19,Delete,Deployment,false
6.473913639,Regular,40,Create,Deployment,false
6.513976872,Regular,38,Create,ConfigMap,false
6.552480717,Regular,69,Update,Deployment,false
6.621978347,Regular,15,Delete,ConfigMap,false
6.637581264,Regular,19,Delete,Deployment,false
6.656885535,Regular,39,Create,Deployment,false
6.696011056,Regular,40,Create,ConfigMap,false
6.736331876,Regular,60,Update,Deployment,false
6.796583411,Regular,20,Delete,ConfigMap,false
6.817168013,Regular,19,Delete,Deployment,false
6.837042873,Regular,38,Create,Deployment,false
6.875645896,Regular,40,Create,ConfigMap,false
6.91567255,Regular,60,Update,Deployment,false
6.976643054,Regular,20,Delete,ConfigMap,false
6.99715589,Regular,19,Delete,Deployment,false
7.016907107,Regular,38,Create,Deployment,false
7.055899346,Regular,39,Create,ConfigMap,false
7.095727645,Regular,61,Update,Deployment,false
7.156901704,Regular,20,Delete,ConfigMap,false
7.177098883,Regular,19,Delete,Deployment,false
7.038810731,Regular,40,Create,ConfigMap,false
7.078858735,Regular,62,Update,Deployment,false
7.141520325,Regular,19,Delete,ConfigMap,false
7.16083666,Regular,20,Delete,Deployment,false
7.181358693,Regular,38,Create,Deployment,false
7.219519841,Regular,40,Create,ConfigMap,false
7.259552086,Regular,61,Update,Deployment,false
7.320894853,Regular,20,Delete,ConfigMap,false
7.341014276,Regular,20,Delete,Deployment,false
7.361032847,Regular,38,Create,Deployment,false
7.399413891,Regular,40,Create,ConfigMap,false
7.439586952,Regular,61,Update,Deployment,false
7.500883312,Regular,20,Delete,ConfigMap,false
7.520961086,Regular,20,Delete,Deployment,false
7.541252303,Regular,38,Create,Deployment,false
7.579720561,Regular,39,Create,ConfigMap,false
7.619498555,Regular,61,Update,Deployment,false
7.681228284,Regular,19,Delete,ConfigMap,false
7.700693119,Regular,20,Delete,Deployment,false
7.721061402,Regular,38,Create,Deployment,false
7.75954485,Regular,39,Create,ConfigMap,false
7.799502944,Regular,61,Update,Deployment,false
7.861120972,Regular,22,Delete,ConfigMap,false
7.883695013,Regular,15,Delete,Deployment,false
7.898756046,Regular,39,Create,Deployment,false
7.937784703,Regular,38,Create,ConfigMap,false
7.976615768,Regular,60,Update,Deployment,false
7.009932526,Regular,38,Create,Deployment,false
7.048669783,Regular,40,Create,ConfigMap,false
7.088718098,Regular,60,Update,Deployment,false
7.149617016,Regular,20,Delete,ConfigMap,false
7.170024383,Regular,20,Delete,Deployment,false
7.190404789,Regular,38,Create,Deployment,false
7.228959681,Regular,39,Create,ConfigMap,false
7.268800544,Regular,61,Update,Deployment,false
7.330153351,Regular,19,Delete,ConfigMap,false
7.349806512,Regular,20,Delete,Deployment,false
7.370021384,Regular,38,Create,Deployment,false
7.408565136,Regular,40,Create,ConfigMap,false
7.448599344,Regular,60,Update,Deployment,false
7.509598673,Regular,20,Delete,ConfigMap,false
7.530537704,Regular,19,Delete,Deployment,false
7.549824022,Regular,38,Create,Deployment,false
7.58867835,Regular,39,Create,ConfigMap,false
7.628671681,Regular,61,Update,Deployment,false
7.690387063,Regular,19,Delete,ConfigMap,false
7.710029013,Regular,21,Delete,Deployment,false
7.731233606,Regular,38,Create,Deployment,false
7.769997083,Regular,39,Create,ConfigMap,false
7.809398735,Regular,61,Update,Deployment,false
7.871190852,Regular,20,Delete,ConfigMap,false
7.891302199,Regular,19,Delete,Deployment,false
7.911174775,Regular,38,Create,Deployment,false
7.949535661,Regular,40,Create,ConfigMap,false
7.989639841,Regular,61,Update,Deployment,false
7.09141779,Regular,61,Update,Deployment,false
7.15285722,Regular,20,Delete,ConfigMap,false
7.172982884,Regular,20,Delete,Deployment,false
7.193287396,Regular,38,Create,Deployment,false
7.23219741,Regular,39,Create,ConfigMap,false
7.271810672,Regular,62,Update,Deployment,false
7.333913737,Regular,18,Delete,ConfigMap,false
7.3527100690000005,Regular,20,Delete,Deployment,false
7.373083491,Regular,38,Create,Deployment,false
7.411459105,Regular,39,Create,ConfigMap,false
7.4514406730000005,Regular,61,Update,Deployment,false
7.51286724,Regular,20,Delete,ConfigMap,false
7.533033761,Regular,19,Delete,Deployment,false
7.552727579,Regular,41,Create,Deployment,false
7.594522855,Regular,37,Create,ConfigMap,false
7.631564798,Regular,62,Update,Deployment,false
7.693584465,Regular,19,Delete,ConfigMap,false
7.7129527079999995,Regular,20,Delete,Deployment,false
7.733121424,Regular,38,Create,Deployment,false
7.771516344,Regular,39,Create,ConfigMap,false
7.811372045,Regular,61,Update,Deployment,false
7.872758264,Regular,20,Delete,ConfigMap,false
7.893133761,Regular,20,Delete,Deployment,false
7.91316718,Regular,38,Create,Deployment,false
7.951565156,Regular,40,Create,ConfigMap,false
7.991726855,Regular,60,Update,Deployment,false
7.014972591,Regular,38,Create,Deployment,false
7.05373746,Regular,40,Create,ConfigMap,false
7.094558014,Regular,60,Update,Deployment,false
7.154862289,Regular,20,Delete,ConfigMap,false
7.175168595,Regular,19,Delete,Deployment,false
7.1951445960000004,Regular,38,Create,Deployment,false
7.233595773,Regular,40,Create,ConfigMap,false
7.273646842,Regular,62,Update,Deployment,false
7.335689232,Regular,18,Delete,ConfigMap,false
7.354644264,Regular,20,Delete,Deployment,false
7.375099702,Regular,38,Create,Deployment,false
7.413745015,Regular,40,Create,ConfigMap,false
7.454287564,Regular,61,Update,Deployment,false
7.515763673,Regular,21,Delete,ConfigMap,false
7.537631099,Regular,18,Delete,Deployment,false
7.55588173,Regular,38,Create,Deployment,false
7.594833643,Regular,38,Create,ConfigMap,false
7.63346502,Regular,61,Update,Deployment,false
7.694937071,Regular,19,Delete,ConfigMap,false
7.714941737,Regular,20,Delete,Deployment,false
7.735599056,Regular,37,Create,Deployment,false
7.773597046,Regular,40,Create,ConfigMap,false
7.813662293,Regular,62,Update,Deployment,false
7.875726634,Regular,18,Delete,ConfigMap,false
7.894145412,Regular,19,Delete,Deployment,false
7.914040451,Regular,39,Create,Deployment,false
7.9530910200000005,Regular,39,Create,ConfigMap,false
7.992297003,Regular,61,Update,Deployment,false
7.197012957,Regular,38,Create,Deployment,false
7.235605871,Regular,39,Create,ConfigMap,false
7.2755252630000005,Regular,61,Update,Deployment,false
7.337023053,Regular,19,Delete,ConfigMap,false
7.356823693,Regular,20,Delete,Deployment,false
7.377229396,Regular,38,Create,Deployment,false
7.416092411,Regular,39,Create,ConfigMap,false
7.455399325,Regular,61,Update,Deployment,false
7.516708068,Regular,22,Delete,ConfigMap,false
7.539575394,Regular,18,Delete,Deployment,false
7.557776922,Regular,38,Create,Deployment,false
7.596397228,Regular,42,Create,ConfigMap,false
7.639012313,Regular,58,Update,Deployment,false
7.697958411,Regular,19,Delete,ConfigMap,false
7.717902452,Regular,20,Delete,Deployment,false
7.738003851,Regular,38,Create,Deployment,false
7.776404742,Regular,40,Create,ConfigMap,false
7.816504674,Regular,65,Update,Deployment,false
7.8821140750000005,Regular,15,Delete,ConfigMap,false
7.897783959,Regular,20,Delete,Deployment,false
7.918185133,Regular,39,Create,Deployment,false
7.957951946,Regular,39,Create,ConfigMap,false
7.997482733,Regular,61,Update,Deployment,false
7.139089581,Regular,19,Delete,ConfigMap,false
7.15881037,Regular,20,Delete,Deployment,false
7.179594249,Regular,38,Create,Deployment,false
7.218136467,Regular,38,Create,ConfigMap,false
7.256798792,Regular,61,Update,Deployment,false
7.318235508,Regular,20,Delete,ConfigMap,false
7.339039584,Regular,19,Delete,Deployment,false
7.358995608,Regular,39,Create,Deployment,false
7.3980798,Regular,40,Create,ConfigMap,false
7.438111183,Regular,60,Update,Deployment,false
7.499052502,Regular,19,Delete,ConfigMap,false
7.518850918,Regular,20,Delete,Deployment,false
7.539304491,Regular,38,Create,Deployment,false
7.578099418,Regular,39,Create,ConfigMap,false
7.618041842,Regular,60,Update,Deployment,false
7.678254715,Regular,20,Delete,ConfigMap,false
7.698948322,Regular,19,Delete,Deployment,false
7.718934132,Regular,39,Create,Deployment,false
7.75815327,Regular,39,Create,ConfigMap,false
7.798078492,Regular,61,Update,Deployment,false
7.859134517,Regular,26,Delete,ConfigMap,false
7.885983187,Regular,14,Delete,Deployment,false
7.900770493,Regular,38,Create,Deployment,false
7.939536013,Regular,40,Create,ConfigMap,false
7.979896267,Regular,61,Update,Deployment,false
8.041321411,Regular,19,Delete,ConfigMap,false
7.006197527,Regular,38,Create,Deployment,false
7.044418869,Regular,40,Create,ConfigMap,false
7.084594555,Regular,61,Update,Deployment,false
7.145822947,Regular,19,Delete,ConfigMap,false
7.165699229,Regular,19,Delete,Deployment,false
7.185534976,Regular,38,Create,Deployment,false
7.223983156,Regular,39,Create,ConfigMap,false
7.26341177,Regular,61,Update,Deployment,false
7.32480852,Regular,19,Delete,ConfigMap,false
7.344702215,Regular,20,Delete,Deployment,false
7.365095846,Regular,38,Create,Deployment,false
7.403655317,Regular,40,Create,ConfigMap,false
7.443762523,Regular,61,Update,Deployment,false
7.505496821,Regular,19,Delete,ConfigMap,false
7.524868921,Regular,20,Delete,Deployment,false
7.544910185,Regular,38,Create,Deployment,false
7.583795823,Regular,39,Create,ConfigMap,false
7.623512661,Regular,61,Update,Deployment,false
7.685037403,Regular,19,Delete,ConfigMap,false
7.704763893,Regular,20,Delete,Deployment,false
7.725049489,Regular,38,Create,Deployment,false
7.7636696149999995,Regular,40,Create,ConfigMap,false
7.803960568,Regular,60,Update,Deployment,false
7.864679897,Regular,23,Delete,ConfigMap,false
7.8878168330000005,Regular,18,Delete,Deployment,false
7.9059206159999995,Regular,39,Create,Deployment,false
7.945434059,Regular,39,Create,ConfigMap,false
7.984740833,Regular,61,Update,Deployment,false
8.046532108,Regular,19,Delete,ConfigMap,false
7.00804045,Regular,37,Create,Deployment,false
7.045771315,Regular,40,Create,ConfigMap,false
7.08592014,Regular,61,Update,Deployment,false
7.147094499,Regular,19,Delete,ConfigMap,false
7.166656087,Regular,20,Delete,Deployment,false
7.187308768,Regular,38,Create,Deployment,false
7.225469665,Regular,40,Create,ConfigMap,false
7.265655039,Regular,60,Update,Deployment,false
7.326660239,Regular,19,Delete,ConfigMap,false
7.346575977,Regular,20,Delete,Deployment,false
7.367049648,Regular,38,Create,Deployment,false
7.405789861,Regular,39,Create,ConfigMap,false
7.445667824,Regular,61,Update,Deployment,false
7.507135097,Regular,19,Delete,ConfigMap,false
7.526787126,Regular,20,Delete,Deployment,false
7.546852326,Regular,39,Create,Deployment,false
7.585866576,Regular,39,Create,ConfigMap,false
7.625460843,Regular,61,Update,Deployment,false
7.686721385,Regular,20,Delete,ConfigMap,false
7.707125546,Regular,19,Delete,Deployment,false
7.727072332,Regular,39,Create,Deployment,false
7.7660962510000004,Regular,39,Create,ConfigMap,false
7.805759728,Regular,61,Update,Deployment,false
7.86727396,Regular,22,Delete,ConfigMap,false
7.889575576,Regular,19,Delete,Deployment,false
7.909046704,Regular,38,Create,Deployment,false
7.947997224,Regular,39,Create,ConfigMap,false
7.98775528,Regular,61,Update,Deployment,false
8.049031171,Regular,19,Delete,ConfigMap,false
7.010899513,Regular,38,Create,Deployment,false
7.04955742,Regular,39,Create,ConfigMap,false
7.089395137,Regular,61,Update,Deployment,false
7.150697959,Regular,20,Delete,ConfigMap,false
7.170928371,Regular,20,Delete,Deployment,false
7.191411792,Regular,38,Create,Deployment,false
7.229648082,Regular,39,Create,ConfigMap,false
7.269434902,Regular,61,Update,Deployment,false
7.330762181,Regular,20,Delete,ConfigMap,false
7.350907001,Regular,20,Delete,Deployment,false
7.37109874,Regular,38,Create,Deployment,false
7.409930035,Regular,39,Create,ConfigMap,false
7.449726664,Regular,60,Update,Deployment,false
7.510510055,Regular,20,Delete,ConfigMap,false
7.530764903,Regular,20,Delete,Deployment,false
7.550808592,Regular,38,Create,Deployment,false
7.589446903,Regular,39,Create,ConfigMap,false
7.629444331,Regular,62,Update,Deployment,false
7.691477103,Regular,19,Delete,ConfigMap,false
7.710986823,Regular,19,Delete,Deployment,false
7.73045262,Regular,38,Create,Deployment,false
7.768638235,Regular,40,Create,ConfigMap,false
7.808811936,Regular,61,Update,Deployment,false
7.870175403,Regular,20,Delete,ConfigMap,false
7.890398802,Regular,19,Delete,Deployment,false
7.910109011,Regular,38,Create,Deployment,false
7.94864109,Regular,39,Create,ConfigMap,false
7.9883802,Regular,61,Update,Deployment,false
8.049957081,Regular,20,Delete,ConfigMap,false
7.017825973,Regular,38,Create,Deployment,false
7.05648916,Regular,39,Create,ConfigMap,false
7.096345492,Regular,61,Update,Deployment,false
7.157901593,Regular,20,Delete,ConfigMap,false
7.178086389,Regular,19,Delete,Deployment,false
7.198026883,Regular,40,Create,Deployment,false
7.238195846,Regular,39,Create,ConfigMap,false
7.277441935,Regular,60,Update,Deployment,false
7.338133742,Regular,19,Delete,ConfigMap,false
7.358000968,Regular,20,Delete,Deployment,false
7.378087308,Regular,38,Create,Deployment,false
7.416802633,Regular,39,Create,ConfigMap,false
7.456522567,Regular,61,Update,Deployment,false
7.51827541,Regular,20,Delete,ConfigMap,false
7.538542692,Regular,18,Delete,Deployment,false
7.556810956,Regular,38,Create,Deployment,false
7.595555717,Regular,40,Create,ConfigMap,false
7.635810813,Regular,60,Update,Deployment,false
7.696623218,Regular,20,Delete,ConfigMap,false
7.716843671,Regular,20,Delete,Deployment,false
7.737102768,Regular,38,Create,Deployment,false
7.775573411,Regular,39,Create,ConfigMap,false
7.815381001,Regular,64,Update,Deployment,false
7.880141627,Regular,16,Delete,ConfigMap,false
7.896836508,Regular,20,Delete,Deployment,false
7.917196335,Regular,38,Create,Deployment,false
7.955791573,Regular,40,Create,ConfigMap,false
7.9963659620000005,Regular,60,Update,Deployment,false
8.05694129,Regular,20,Delete,ConfigMap,false
8.077457853,Regular,19,Delete,Deployment,false
8.096749971,Regular,38,Create,Deployment,false
8.135612856,Regular,40,Create,ConfigMap,false
8.065971365,Regular,19,Delete,Deployment,false
8.085846736,Regular,38,Create,Deployment,false
8.124572471,Regular,40,Create,ConfigMap,false
8.164728029,Regular,60,Update,Deployment,false
8.225718361,Regular,20,Delete,ConfigMap,false
8.245879983,Regular,19,Delete,Deployment,false
8.265878877,Regular,38,Create,Deployment,false
8.304446945,Regular,39,Create,ConfigMap,false
8.344370554,Regular,61,Update,Deployment,false
8.405783714,Regular,20,Delete,ConfigMap,false
8.426235345,Regular,20,Delete,Deployment,false
8.446819966,Regular,32,Create,Deployment,false
8.478974793,Regular,39,Create,ConfigMap,false
8.518765962,Regular,61,Update,Deployment,false
8.580358282,Regular,19,Delete,ConfigMap,false
8.599897297,Regular,19,Delete,Deployment,false
8.619723455,Regular,39,Create,Deployment,false
8.658820272,Regular,38,Create,ConfigMap,false
8.697660894,Regular,61,Update,Deployment,false
8.758988123,Regular,21,Delete,ConfigMap,false
8.78025817,Regular,19,Delete,Deployment,false
8.7999904,Regular,38,Create,Deployment,false
8.838826314,Regular,38,Create,ConfigMap,false
8.877752317,Regular,61,Update,Deployment,false
8.939698094,Regular,19,Delete,ConfigMap,false
8.959452848,Regular,21,Delete,Deployment,false
8.981029294,Regular,38,Create,Deployment,false
8.061005511,Regular,19,Delete,Deployment,false
8.080934974,Regular,38,Create,Deployment,false
8.119619752,Regular,40,Create,ConfigMap,false
8.159859648,Regular,61,Update,Deployment,false
8.221373248999999,Regular,19,Delete,ConfigMap,false
8.240861739,Regular,20,Delete,Deployment,false
8.261579082,Regular,37,Create,Deployment,false
8.298940919,Regular,40,Create,ConfigMap,false
8.339258603,Regular,60,Update,Deployment,false
8.399917999,Regular,20,Delete,ConfigMap,false
8.420065615,Regular,19,Delete,Deployment,false
8.439833784,Regular,39,Create,Deployment,false
8.479566712,Regular,39,Create,ConfigMap,false
8.519359975,Regular,61,Update,Deployment,false
8.581153884999999,Regular,19,Delete,ConfigMap,false
8.600886927,Regular,19,Delete,Deployment,false
8.620709599,Regular,38,Create,Deployment,false
8.659713981,Regular,40,Create,ConfigMap,false
8.699869548,Regular,61,Update,Deployment,false
8.760984305000001,Regular,20,Delete,ConfigMap,false
8.781260103,Regular,19,Delete,Deployment,false
8.800981573,Regular,38,Create,Deployment,false
8.839540163,Regular,40,Create,ConfigMap,false
8.880329077,Regular,60,Update,Deployment,false
8.940891179,Regular,21,Delete,ConfigMap,false
8.962130909,Regular,19,Delete,Deployment,false
8.981903927,Regular,37,Create,Deployment,false
8.069048671000001,Regular,19,Delete,Deployment,false
8.088927869,Regular,38,Create,Deployment,false
8.127503992,Regular,39,Create,ConfigMap,false
8.167474028,Regular,61,Update,Deployment,false
8.228684867,Regular,21,Delete,ConfigMap,false
8.250020838,Regular,18,Delete,Deployment,false
8.26866883,Regular,38,Create,Deployment,false
8.307570808,Regular,39,Create,ConfigMap,false
8.347365584,Regular,61,Update,Deployment,false
8.409141961,Regular,20,Delete,ConfigMap,false
8.429188836,Regular,19,Delete,Deployment,false
8.448690862,Regular,37,Create,Deployment,false
8.486602699,Regular,40,Create,ConfigMap,false
8.526729392,Regular,61,Update,Deployment,false
8.588163222,Regular,19,Delete,ConfigMap,false
8.607833225,Regular,20,Delete,Deployment,false
8.628041275,Regular,38,Create,Deployment,false
8.666595626,Regular,39,Create,ConfigMap,false
8.706434695,Regular,61,Update,Deployment,false
8.768006155,Regular,20,Delete,ConfigMap,false
8.788325284999999,Regular,19,Delete,Deployment,false
8.807994196,Regular,38,Create,Deployment,false
8.846393944999999,Regular,39,Create,ConfigMap,false
8.886386344,Regular,61,Update,Deployment,false
8.948001226,Regular,18,Delete,ConfigMap,false
8.966552575,Regular,20,Delete,Deployment,false
8.987036597,Regular,37,Create,Deployment,false
8.037543251,Regular,20,Delete,ConfigMap,false
8.057842012,Regular,20,Delete,Deployment,false
8.078107,Regular,38,Create,Deployment,false
8.117005181,Regular,39,Create,ConfigMap,false
8.15678064,Regular,61,Update,Deployment,false
8.218697532,Regular,19,Delete,ConfigMap,false
8.237929838,Regular,20,Delete,Deployment,false
8.258173686,Regular,39,Create,Deployment,false
8.297198175,Regular,39,Create,ConfigMap,false
8.336552439,Regular,60,Update,Deployment,false
8.397239066,Regular,21,Delete,ConfigMap,false
8.419156757,Regular,19,Delete,Deployment,false
8.438824757,Regular,46,Create,Deployment,false
8.484986605,Regular,39,Create,ConfigMap,false
8.524303978,Regular,61,Update,Deployment,false
8.585706409,Regular,20,Delete,ConfigMap,false
8.605836621,Regular,20,Delete,Deployment,false
8.626075449,Regular,38,Create,Deployment,false
8.664607889,Regular,40,Create,ConfigMap,false
8.704724493,Regular,61,Update,Deployment,false
8.76631019,Regular,20,Delete,ConfigMap,false
8.787252868,Regular,19,Delete,Deployment,false
8.807052096,Regular,38,Create,Deployment,false
8.845727205,Regular,39,Create,ConfigMap,false
8.885720075,Regular,63,Update,Deployment,false
8.949001937,Regular,19,Delete,ConfigMap,false
8.968382383,Regular,19,Delete,Deployment,false
8.987915538,Regular,37,Create,Deployment,false
8.05084537,Regular,20,Delete,ConfigMap,false
8.071188926,Regular,19,Delete,Deployment,false
8.09085979,Regular,39,Create,Deployment,false
8.130036969,Regular,39,Create,ConfigMap,false
8.169711236,Regular,61,Update,Deployment,false
8.231229055,Regular,20,Delete,ConfigMap,false
8.251602107,Regular,18,Delete,Deployment,false
8.270501002,Regular,39,Create,Deployment,false
8.309901463,Regular,39,Create,ConfigMap,false
8.349692792,Regular,61,Update,Deployment,false
8.411104249,Regular,19,Delete,ConfigMap,false
8.430888258,Regular,19,Delete,Deployment,false
8.45030354,Regular,38,Create,Deployment,false
8.488881546,Regular,40,Create,ConfigMap,false
8.529572976,Regular,60,Update,Deployment,false
8.590043826,Regular,19,Delete,ConfigMap,false
8.609733205,Regular,20,Delete,Deployment,false
8.630034872,Regular,38,Create,Deployment,false
8.668982326,Regular,39,Create,ConfigMap,false
8.708436198,Regular,61,Update,Deployment,false
8.769935471,Regular,20,Delete,ConfigMap,false
8.790183577,Regular,19,Delete,Deployment,false
8.810020305,Regular,37,Create,Deployment,false
8.847917344,Regular,39,Create,ConfigMap,false
8.887631347,Regular,61,Update,Deployment,false
8.949036412,Regular,20,Delete,ConfigMap,false
8.969464949,Regular,20,Delete,Deployment,false
8.989687426,Regular,38,Create,Deployment,false
8.07012803,Regular,19,Delete,Deployment,false
8.089858508,Regular,39,Create,Deployment,false
8.129294926,Regular,39,Create,ConfigMap,false
8.168590519,Regular,61,Update,Deployment,false
8.230420968,Regular,20,Delete,ConfigMap,false
8.250965834,Regular,18,Delete,Deployment,false
8.269592626,Regular,38,Create,Deployment,false
8.308585315,Regular,39,Create,ConfigMap,false
8.348550223,Regular,61,Update,Deployment,false
8.410295681000001,Regular,19,Delete,ConfigMap,false
8.429991283,Regular,21,Delete,Deployment,false
8.451001398,Regular,38,Create,Deployment,false
8.489595846,Regular,40,Create,ConfigMap,false
8.529868113,Regular,61,Update,Deployment,false
8.591014671,Regular,19,Delete,ConfigMap,false
8.610764003,Regular,20,Delete,Deployment,false
8.631219902,Regular,38,Create,Deployment,false
8.66954533,Regular,39,Create,ConfigMap,false
8.709548129,Regular,61,Update,Deployment,false
8.770783704,Regular,20,Delete,ConfigMap,false
8.791556481,Regular,19,Delete,Deployment,false
8.811047286,Regular,38,Create,Deployment,false
8.849459849,Regular,40,Create,ConfigMap,false
8.889588265,Regular,61,Update,Deployment,false
8.95085519,Regular,20,Delete,ConfigMap,false
8.971558485,Regular,20,Delete,Deployment,false
8.992185948,Regular,38,Create,Deployment,false
8.058691076,Regular,20,Delete,ConfigMap,false
8.079020205,Regular,19,Delete,Deployment,false
8.098633471,Regular,40,Create,Deployment,false
8.138863499,Regular,40,Create,ConfigMap,false
8.179291722,Regular,59,Update,Deployment,false
8.239107043,Regular,20,Delete,ConfigMap,false
8.259134411,Regular,19,Delete,Deployment,false
8.278695018,Regular,39,Create,Deployment,false
8.318103463,Regular,39,Create,ConfigMap,false
8.357293235,Regular,60,Update,Deployment,false
8.418097856,Regular,19,Delete,ConfigMap,false
8.437816982,Regular,19,Delete,Deployment,false
8.457715226,Regular,37,Create,Deployment,false
8.495603749,Regular,39,Create,ConfigMap,false
8.535392043,Regular,62,Update,Deployment,false
8.597405368,Regular,19,Delete,ConfigMap,false
8.616699741,Regular,20,Delete,Deployment,false
8.637267651,Regular,38,Create,Deployment,false
8.675876465,Regular,40,Create,ConfigMap,false
8.715885115,Regular,61,Update,Deployment,false
8.777085403,Regular,19,Delete,ConfigMap,false
8.796971565,Regular,20,Delete,Deployment,false
8.817003382,Regular,38,Create,Deployment,false
8.855781947,Regular,40,Create,ConfigMap,false
8.895828378000001,Regular,61,Update,Deployment,false
8.956971799,Regular,20,Delete,ConfigMap,false
8.977593961,Regular,19,Delete,Deployment,false
8.997112788999999,Regular,38,Create,Deployment,false
8.175831162,Regular,60,Update,Deployment,false
8.236577643,Regular,20,Delete,ConfigMap,false
8.257185799,Regular,19,Delete,Deployment,false
8.276831767000001,Regular,38,Create,Deployment,false
8.315677348,Regular,41,Create,ConfigMap,false
8.356707959,Regular,59,Update,Deployment,false
8.41663402,Regular,20,Delete,ConfigMap,false
8.436845616,Regular,28,Delete,Deployment,false
8.46522571,Regular,31,Create,Deployment,false
8.497097713,Regular,39,Create,ConfigMap,false
8.536550683,Regular,61,Update,Deployment,false
8.598069122,Regular,19,Delete,ConfigMap,false
8.617670345,Regular,21,Delete,Deployment,false
8.639073915,Regular,40,Create,Deployment,false
8.67947203,Regular,39,Create,ConfigMap,false
8.718672482,Regular,60,Update,Deployment,false
8.778848455,Regular,20,Delete,ConfigMap,false
8.798944794,Regular,19,Delete,Deployment,false
8.818733952,Regular,41,Create,Deployment,false
8.860453676,Regular,38,Create,ConfigMap,false
8.898902708,Regular,59,Update,Deployment,false
8.958706978,Regular,20,Delete,ConfigMap,false
8.979135074,Regular,19,Delete,Deployment,false
8.998881321,Regular,39,Create,Deployment,false
8.054199708,Regular,20,Delete,ConfigMap,false
8.074811541,Regular,18,Delete,Deployment,false
8.093802712,Regular,38,Create,Deployment,false
8.132586898,Regular,40,Create,ConfigMap,false
8.172664087,Regular,61,Update,Deployment,false
8.233822466,Regular,20,Delete,ConfigMap,false
8.254280268,Regular,19,Delete,Deployment,false
8.27391782,Regular,38,Create,Deployment,false
8.31242959,Regular,40,Create,ConfigMap,false
8.352525024,Regular,61,Update,Deployment,false
8.413672864,Regular,20,Delete,ConfigMap,false
8.433872929,Regular,20,Delete,Deployment,false
8.454357711,Regular,37,Create,Deployment,false
8.491679974,Regular,39,Create,ConfigMap,false
8.53159663,Regular,61,Update,Deployment,false
8.59265993,Regular,20,Delete,ConfigMap,false
8.612846399,Regular,20,Delete,Deployment,false
8.633212207,Regular,38,Create,Deployment,false
8.671940948,Regular,39,Create,ConfigMap,false
8.711407102,Regular,61,Update,Deployment,false
8.772817407,Regular,19,Delete,ConfigMap,false
8.792501948,Regular,19,Delete,Deployment,false
8.8120812,Regular,38,Create,Deployment,false
8.850819479,Regular,39,Create,ConfigMap,false
8.890763065,Regular,60,Update,Deployment,false
8.951542038,Regular,21,Delete,ConfigMap,false
8.972599392,Regular,18,Delete,Deployment,false
8.991536771,Regular,38,Create,Deployment,false
9.029658765,Regular,40,Create,ConfigMap,false
9.069730464,Regular,60,Update,Deployment,false
8.052677983,Regular,20,Delete,ConfigMap,false
8.073372432,Regular,19,Delete,Deployment,false
8.092929131,Regular,38,Create,Deployment,false
8.13184763,Regular,39,Create,ConfigMap,false
8.171420346,Regular,61,Update,Deployment,false
8.233106423,Regular,20,Delete,ConfigMap,false
8.253348607,Regular,19,Delete,Deployment,false
8.272861954,Regular,38,Create,Deployment,false
8.311731351,Regular,40,Create,ConfigMap,false
8.352172468,Regular,60,Update,Deployment,false
8.412960057,Regular,19,Delete,ConfigMap,false
8.432886264,Regular,22,Delete,Deployment,false
8.455068334,Regular,37,Create,Deployment,false
8.492543746,Regular,40,Create,ConfigMap,false
8.532730593,Regular,60,Update,Deployment,false
8.593708531,Regular,20,Delete,ConfigMap,false
8.613930748,Regular,20,Delete,Deployment,false
8.634174535,Regular,38,Create,Deployment,false
8.672585997,Regular,40,Create,ConfigMap,false
8.712702911000001,Regular,61,Update,Deployment,false
8.774444803,Regular,19,Delete,ConfigMap,false
8.794151515,Regular,19,Delete,Deployment,false
8.814001639,Regular,38,Create,Deployment,false
8.852965825,Regular,39,Create,ConfigMap,false
8.892632678,Regular,61,Update,Deployment,false
8.953924691,Regular,20,Delete,ConfigMap,false
8.974641842,Regular,19,Delete,Deployment,false
8.994239328,Regular,38,Create,Deployment,false
9.032686307,Regular,39,Create,ConfigMap,false
9.072304539,Regular,61,Update,Deployment,false
9.133768776,Regular,20,Delete,ConfigMap,false
9.019335987,Regular,39,Create,ConfigMap,false
9.058938349,Regular,60,Update,Deployment,false
9.119703495,Regular,19,Delete,ConfigMap,false
9.139667844,Regular,20,Delete,Deployment,false
9.160146295,Regular,38,Create,Deployment,false
9.198902398,Regular,39,Create,ConfigMap,false
9.23889135,Regular,61,Update,Deployment,false
9.30053671,Regular,19,Delete,ConfigMap,false
9.319766982,Regular,20,Delete,Deployment,false
9.340554948,Regular,38,Create,Deployment,false
9.379407733,Regular,39,Create,ConfigMap,false
9.418577848,Regular,62,Update,Deployment,false
9.480836176,Regular,19,Delete,ConfigMap,false
9.499884905,Regular,20,Delete,Deployment,false
9.520118163,Regular,38,Create,Deployment,false
9.558665771,Regular,40,Create,ConfigMap,false
9.598679791,Regular,61,Update,Deployment,false
9.660410272,Regular,19,Delete,ConfigMap,false
9.679835753,Regular,20,Delete,Deployment,false
9.700242849,Regular,38,Create,Deployment,false
9.73875455,Regular,39,Create,ConfigMap,false
9.778685623,Regular,60,Update,Deployment,false
9.839283583,Regular,19,Delete,ConfigMap,false
9.858805085,Regular,21,Delete,Deployment,false
9.880073609,Regular,38,Create,Deployment,false
9.918386544,Regular,39,Create,ConfigMap,false
9.958220664,Regular,61,Update,Deployment,false
9.024955918,Regular,39,Create,ConfigMap,false
9.064707492,Regular,61,Update,Deployment,false
9.126310852,Regular,19,Delete,ConfigMap,false
9.146240075,Regular,20,Delete,Deployment,false
9.166524729,Regular,36,Create,Deployment,false
9.203518071,Regular,41,Create,ConfigMap,false
9.245139128,Regular,59,Update,Deployment,false
9.304943458,Regular,19,Delete,ConfigMap,false
9.324795265,Regular,21,Delete,Deployment,false
9.346319332,Regular,38,Create,Deployment,false
9.384747294,Regular,39,Create,ConfigMap,false
9.424522092,Regular,61,Update,Deployment,false
9.486131193,Regular,19,Delete,ConfigMap,false
9.505855809,Regular,20,Delete,Deployment,false
9.526348256,Regular,38,Create,Deployment,false
9.564643959,Regular,40,Create,ConfigMap,false
9.60481201,Regular,61,Update,Deployment,false
9.6658702,Regular,20,Delete,ConfigMap,false
9.686053343,Regular,20,Delete,Deployment,false
9.706157707,Regular,38,Create,Deployment,false
9.744710034,Regular,39,Create,ConfigMap,false
9.784296687,Regular,61,Update,Deployment,false
9.84582774,Regular,19,Delete,ConfigMap,false
9.865801687,Regular,19,Delete,Deployment,false
9.885483343,Regular,38,Create,Deployment,false
9.923565081,Regular,39,Create,ConfigMap,false
9.963409931,Regular,61,Update,Deployment,false
9.025641874,Regular,39,Create,ConfigMap,false
9.065269253,Regular,61,Update,Deployment,false
9.127183491,Regular,19,Delete,ConfigMap,false
9.147190401,Regular,20,Delete,Deployment,false
9.167406175,Regular,37,Create,Deployment,false
9.204848425,Regular,40,Create,ConfigMap,false
9.245475924,Regular,60,Update,Deployment,false
9.305807551000001,Regular,19,Delete,ConfigMap,false
9.325770498,Regular,19,Delete,Deployment,false
9.345467291,Regular,38,Create,Deployment,false
9.383873763,Regular,39,Create,ConfigMap,false
9.423821187,Regular,61,Update,Deployment,false
9.484950672,Regular,19,Delete,ConfigMap,false
9.504850049,Regular,20,Delete,Deployment,false
9.525283174,Regular,38,Create,Deployment,false
9.563989061000001,Regular,39,Create,ConfigMap,false
9.603605921,Regular,61,Update,Deployment,false
9.665033579,Regular,20,Delete,ConfigMap,false
9.685082067,Regular,20,Delete,Deployment,false
9.705229202,Regular,38,Create,Deployment,false
9.743888352,Regular,39,Create,ConfigMap,false
9.783708355,Regular,61,Update,Deployment,false
9.845083854,Regular,19,Delete,ConfigMap,false
9.864804423,Regular,21,Delete,Deployment,false
9.886236015,Regular,38,Create,Deployment,false
9.924936182,Regular,39,Create,ConfigMap,false
9.964709657,Regular,61,Update,Deployment,false
9.030453127,Regular,39,Create,ConfigMap,false
9.070413014,Regular,61,Update,Deployment,false
9.131897048999999,Regular,20,Delete,ConfigMap,false
9.152160032,Regular,20,Delete,Deployment,false
9.172210965,Regular,38,Create,Deployment,false
9.210600646,Regular,40,Create,ConfigMap,false
9.25074934,Regular,60,Update,Deployment,false
9.311626518,Regular,20,Delete,ConfigMap,false
9.331977247,Regular,20,Delete,Deployment,false
9.352220704,Regular,38,Create,Deployment,false
9.390840509,Regular,39,Create,ConfigMap,false
9.430445256,Regular,61,Update,Deployment,false
9.491575211,Regular,19,Delete,ConfigMap,false
9.510834398,Regular,19,Delete,Deployment,false
9.53072066,Regular,37,Create,Deployment,false
9.568502481,Regular,39,Create,ConfigMap,false
9.608373741,Regular,61,Update,Deployment,false
9.669633392,Regular,20,Delete,ConfigMap,false
9.690116151,Regular,20,Delete,Deployment,false
9.710260861,Regular,38,Create,Deployment,false
9.748825171,Regular,39,Create,ConfigMap,false
9.78865855,Regular,61,Update,Deployment,false
9.84981772,Regular,19,Delete,ConfigMap,false
9.869726335,Regular,20,Delete,Deployment,false
9.889886945,Regular,39,Create,Deployment,false
9.929270994,Regular,39,Create,ConfigMap,false
9.968485844,Regular,61,Update,Deployment,false
9.01966058,Regular,39,Create,ConfigMap,false
9.059530308,Regular,61,Update,Deployment,false
9.120646607,Regular,20,Delete,ConfigMap,false
9.141174001,Regular,19,Delete,Deployment,false
9.161128772,Regular,38,Create,Deployment,false
9.199507201,Regular,39,Create,ConfigMap,false
9.239474342,Regular,61,Update,Deployment,false
9.301453322,Regular,19,Delete,ConfigMap,false
9.320716476,Regular,20,Delete,Deployment,false
9.341697166,Regular,38,Create,Deployment,false
9.37973947,Regular,40,Create,ConfigMap,false
9.419813003,Regular,61,Update,Deployment,false
9.481545988,Regular,19,Delete,ConfigMap,false
9.500905514,Regular,20,Delete,Deployment,false
9.521226928,Regular,38,Create,Deployment,false
9.559575952,Regular,39,Create,ConfigMap,false
9.599270407,Regular,61,Update,Deployment,false
9.661108991999999,Regular,20,Delete,ConfigMap,false
9.681474159,Regular,19,Delete,Deployment,false
9.701215086,Regular,38,Create,Deployment,false
9.739570992,Regular,39,Create,ConfigMap,false
9.779490173,Regular,62,Update,Deployment,false
9.841630218,Regular,19,Delete,ConfigMap,false
9.860755902,Regular,22,Delete,Deployment,false
9.882862359,Regular,37,Create,Deployment,false
9.920652657,Regular,40,Create,ConfigMap,false
9.960823082,Regular,61,Update,Deployment,false
10.022227807,Regular,18,Delete,ConfigMap,false
9.130734191,Regular,20,Delete,ConfigMap,false
9.151154602,Regular,19,Delete,Deployment,false
9.170480866,Regular,38,Create,Deployment,false
9.209100601,Regular,39,Create,ConfigMap,false
9.248790598,Regular,61,Update,Deployment,false
9.310229929,Regular,19,Delete,ConfigMap,false
9.33006289,Regular,20,Delete,Deployment,false
9.3501495,Regular,38,Create,Deployment,false
9.388599043,Regular,40,Create,ConfigMap,false
9.429032145,Regular,61,Update,Deployment,false
9.490549493,Regular,19,Delete,ConfigMap,false
9.509780747,Regular,21,Delete,Deployment,false
9.531537744,Regular,38,Create,Deployment,false
9.569786628,Regular,39,Create,ConfigMap,false
9.609622732,Regular,61,Update,Deployment,false
9.670663509,Regular,20,Delete,ConfigMap,false
9.691141619,Regular,19,Delete,Deployment,false
9.711016559,Regular,38,Create,Deployment,false
9.749562745,Regular,40,Create,ConfigMap,false
9.789918501,Regular,60,Update,Deployment,false
9.850657107,Regular,20,Delete,ConfigMap,false
9.870722848,Regular,20,Delete,Deployment,false
9.891368865,Regular,38,Create,Deployment,false
9.929775387,Regular,39,Create,ConfigMap,false
9.969614607,Regular,61,Update,Deployment,false
10.031152584,Regular,11,Delete,ConfigMap,false
9.154231217,Regular,19,Delete,Deployment,false
9.173862827,Regular,38,Create,Deployment,false
9.212583302,Regular,40,Create,ConfigMap,false
9.25263827,Regular,61,Update,Deployment,false
9.313758256,Regular,20,Delete,ConfigMap,false
9.334477352,Regular,19,Delete,Deployment,false
9.354049941,Regular,38,Create,Deployment,false
9.39265554,Regular,39,Create,ConfigMap,false
9.432378619,Regular,61,Update,Deployment,false
9.494109541,Regular,19,Delete,ConfigMap,false
9.513771719,Regular,20,Delete,Deployment,false
9.534751097000001,Regular,38,Create,Deployment,false
9.573189018,Regular,38,Create,ConfigMap,false
9.611329788,Regular,61,Update,Deployment,false
9.673307035,Regular,19,Delete,ConfigMap,false
9.693090211,Regular,19,Delete,Deployment,false
9.712934404,Regular,38,Create,Deployment,false
9.751404145,Regular,40,Create,ConfigMap,false
9.791922749,Regular,61,Update,Deployment,false
9.853180456,Regular,19,Delete,ConfigMap,false
9.872737034,Regular,20,Delete,Deployment,false
9.893001501,Regular,39,Create,Deployment,false
9.932075464,Regular,39,Create,ConfigMap,false
9.971284752999999,Regular,61,Update,Deployment,false
10.032905717,Regular,11,Delete,ConfigMap,false
9.038071173,Regular,39,Create,ConfigMap,false
9.077795947,Regular,59,Update,Deployment,false
9.137781239,Regular,20,Delete,ConfigMap,false
9.158096271,Regular,19,Delete,Deployment,false
9.177665143,Regular,39,Create,Deployment,false
9.217020248,Regular,39,Create,ConfigMap,false
9.256584788,Regular,61,Update,Deployment,false
9.317793923,Regular,20,Delete,ConfigMap,false
9.338452815,Regular,19,Delete,Deployment,false
9.358305032,Regular,38,Create,Deployment,false
9.396946218,Regular,39,Create,ConfigMap,false
9.436774767,Regular,61,Update,Deployment,false
9.497974735,Regular,19,Delete,ConfigMap,false
9.517885533,Regular,20,Delete,Deployment,false
9.538262803,Regular,38,Create,Deployment,false
9.576644037,Regular,40,Create,ConfigMap,false
9.616667555,Regular,61,Update,Deployment,false
9.678026914,Regular,20,Delete,ConfigMap,false
9.69815901,Regular,19,Delete,Deployment,false
9.717957156,Regular,38,Create,Deployment,false
9.756527107,Regular,39,Create,ConfigMap,false
9.796412804,Regular,61,Update,Deployment,false
9.857909533,Regular,21,Delete,ConfigMap,false
9.87903136,Regular,19,Delete,Deployment,false
9.89806534,Regular,38,Create,Deployment,false
9.936893469,Regular,39,Create,ConfigMap,false
9.976844691,Regular,60,Update,Deployment,false
10.037571043,Regular,8,Delete,ConfigMap,false
9.035573002,Regular,40,Create,ConfigMap,false
9.075749449,Regular,61,Update,Deployment,false
9.136999301,Regular,20,Delete,ConfigMap,false
9.157062838,Regular,19,Delete,Deployment,false
9.176668099,Regular,38,Create,Deployment,false
9.215570388,Regular,39,Create,ConfigMap,false
9.255394859,Regular,61,Update,Deployment,false
9.317116353,Regular,20,Delete,ConfigMap,false
9.337502119,Regular,19,Delete,Deployment,false
9.357277551,Regular,38,Create,Deployment,false
9.395497971,Regular,39,Create,ConfigMap,false
9.435355035,Regular,61,Update,Deployment,false
9.49644278,Regular,20,Delete,ConfigMap,false
9.516852842,Regular,20,Delete,Deployment,false
9.537274675,Regular,38,Create,Deployment,false
9.576023895,Regular,39,Create,ConfigMap,false
9.615330118,Regular,62,Update,Deployment,false
9.677378108,Regular,19,Delete,ConfigMap,false
9.697245434,Regular,19,Delete,Deployment,false
9.716950784,Regular,38,Create,Deployment,false
9.75563449,Regular,40,Create,ConfigMap,false
9.795806819,Regular,61,Update,Deployment,false
9.857032616,Regular,19,Delete,ConfigMap,false
9.876730792,Regular,20,Delete,Deployment,false
9.896975902,Regular,38,Create,Deployment,false
9.935543428,Regular,40,Create,ConfigMap,false
9.975613784,Regular,61,Update,Deployment,false
10.036790498,Regular,8,Delete,ConfigMap,false
10.045054526,Regular,4,Delete,Deployment,false
10.04909414,Regular,6,Create,Deployment,false
10.046167088,Regular,3,Delete,Deployment,false
10.050036341,Regular,7,Create,Deployment,false
10.057189269,Regular,6,Create,ConfigMap,false
