start_time,role,duration_ms,operation,resource,is_error
0.003170952,Regular,65,Create,Deployment,false
0.001173768,Regular,34,Create,Deployment,false
0.035783301,Regular,27,Create,ConfigMap,false
0.063272931,Regular,14,Update,Deployment,false
0.078136855,Regular,9,Delete,ConfigMap,false
0.087294017,Regular,9,Delete,Deployment,false
0.101454333,Regular,14,Create,Deployment,false
0.121573737,Regular,6,Create,ConfigMap,false
0.141508883,Regular,7,Update,Deployment,false
0.162043833,Regular,5,Delete,ConfigMap,false
0.181779121,Regular,6,Delete,Deployment,false
0.202415442,Regular,5,Create,Deployment,false
0.221785481,Regular,6,Create,ConfigMap,false
0.241974337,Regular,5,Update,Deployment,false
0.261789126,Regular,2,Delete,ConfigMap,false
0.281526508,Regular,3,Delete,Deployment,false
0.301254984,Regular,13,Create,Deployment,false
0.321234715,Regular,8,Create,ConfigMap,false
0.341755367,Regular,6,Update,Deployment,false
0.361252987,Regular,4,Delete,ConfigMap,false
0.382123972,Regular,7,Delete,Deployment,false
0.401814766,Regular,9,Create,Deployment,false
0.42136242,Regular,8,Create,ConfigMap,false
0.441340317,Regular,10,Update,Deployment,false
0.461438251,Regular,6,Delete,ConfigMap,false
0.481498283,Regular,7,Delete,Deployment,false
0.501864514,Regular,22,Create,Deployment,false
0.524164749,Regular,15,Create,ConfigMap,false
0.541487259,Regular,10,Update,Deployment,false
0.561358404,Regular,7,Delete,ConfigMap,false
0.581193942,Regular,3,Delete,Deployment,false
0.601575633,Regular,10,Create,Deployment,false
0.62125173,Regular,6,Create,ConfigMap,false
0.641781349,Regular,6,Update,Deployment,false
0.661953413,Regular,4,Delete,ConfigMap,false
0.682385007,Regular,5,Delete,Deployment,false
0.701930117,Regular,8,Create,Deployment,false
0.721258025,Regular,6,Create,ConfigMap,false
0.741936997,Regular,12,Update,Deployment,false
0.761887332,Regular,4,Delete,ConfigMap,false
0.781477026,Regular,2,Delete,Deployment,false
0.801381013,Regular,6,Create,Deployment,false
0.821638439,Regular,5,Create,ConfigMap,false
0.841469308,Regular,7,Update,Deployment,false
0.861896644,Regular,5,Delete,ConfigMap,false
0.881834265,Regular,4,Delete,Deployment,false
0.901606824,Regular,8,Create,Deployment,false
0.922054288,Regular,8,Create,ConfigMap,false
0.941218318,Regular,6,Update,Deployment,false
0.961493407,Regular,4,Delete,ConfigMap,false
0.982276034,Regular,4,Delete,Deployment,false
0.003129503,Regular,65,Create,Deployment,false
0.068193828,Regular,13,Create,ConfigMap,false
0.081985076,Regular,16,Update,Deployment,false
0.098897622,Regular,8,Delete,ConfigMap,false
0.107778772,Regular,11,Delete,Deployment,false
0.119297376,Regular,9,Create,Deployment,false
0.129006721,Regular,5,Create,ConfigMap,false
0.142663425,Regular,7,Update,Deployment,false
0.162273757,Regular,6,Delete,ConfigMap,false
0.183291148,Regular,8,Delete,Deployment,false
0.202301918,Regular,6,Create,Deployment,false
0.223230381,Regular,6,Create,ConfigMap,false
0.242349365,Regular,8,Update,Deployment,false
0.263160336,Regular,4,Delete,ConfigMap,false
0.282840631,Regular,7,Delete,Deployment,false
0.302532238,Regular,10,Create,Deployment,false
0.322722295,Regular,8,Create,ConfigMap,false
0.34273586,Regular,7,Update,Deployment,false
0.362988416,Regular,6,Delete,ConfigMap,false
0.382289624,Regular,9,Delete,Deployment,false
0.40369033,Regular,8,Create,Deployment,false
0.423213147,Regular,7,Create,ConfigMap,false
0.443252951,Regular,14,Update,Deployment,false
0.462923407,Regular,8,Delete,ConfigMap,false
0.483338621,Regular,12,Delete,Deployment,false
0.502419172,Regular,19,Create,Deployment,false
0.523468684,Regular,15,Create,ConfigMap,false
0.54334539,Regular,12,Update,Deployment,false
0.562708796,Regular,9,Delete,ConfigMap,false
0.582638081,Regular,6,Delete,Deployment,false
0.60300873,Regular,8,Create,Deployment,false
0.622684356,Regular,7,Create,ConfigMap,false
0.642683423,Regular,7,Update,Deployment,false
0.662247719,Regular,4,Delete,ConfigMap,false
0.682389095,Regular,5,Delete,Deployment,false
0.702314132,Regular,7,Create,Deployment,false
0.722680714,Regular,6,Create,ConfigMap,false
0.742116577,Regular,12,Update,Deployment,false
0.763416461,Regular,4,Delete,ConfigMap,false
0.782789496,Regular,6,Delete,Deployment,false
0.802820914,Regular,6,Create,Deployment,false
0.823063571,Regular,5,Create,ConfigMap,false
0.842690275,Regular,8,Update,Deployment,false
0.862219835,Regular,4,Delete,ConfigMap,false
0.883245501,Regular,5,Delete,Deployment,false
0.903159267,Regular,7,Create,Deployment,false
0.922581464,Regular,6,Create,ConfigMap,false
0.942524095,Regular,7,Update,Deployment,false
0.962879636,Regular,5,Delete,ConfigMap,false
0.982291373,Regular,4,Delete,Deployment,false
0.002908245,Regular,34,Create,Deployment,false
0.037790994,Regular,26,Create,ConfigMap,false
0.064425008,Regular,16,Update,Deployment,false
0.080925785,Regular,13,Delete,ConfigMap,false
0.094104816,Regular,8,Delete,Deployment,false
0.102541106,Regular,14,Create,Deployment,false
0.122588404,Regular,8,Create,ConfigMap,false
0.142685757,Regular,8,Update,Deployment,false
0.162440723,Regular,6,Delete,ConfigMap,false
0.183358606,Regular,8,Delete,Deployment,false
0.202384724,Regular,8,Create,Deployment,false
0.223092751,Regular,6,Create,ConfigMap,false
0.242168514,Regular,8,Update,Deployment,false
0.263134267,Regular,6,Delete,ConfigMap,false
0.282915943,Regular,7,Delete,Deployment,false
0.302563827,Regular,13,Create,Deployment,false
0.322795153,Regular,8,Create,ConfigMap,false
0.342798027,Regular,8,Update,Deployment,false
0.362584262,Regular,6,Delete,ConfigMap,false
0.382320262,Regular,7,Delete,Deployment,false
0.403279513,Regular,10,Create,Deployment,false
0.423053495,Regular,9,Create,ConfigMap,false
0.442704735,Regular,12,Update,Deployment,false
0.463432058,Regular,12,Delete,ConfigMap,false
0.483447737,Regular,11,Delete,Deployment,false
0.502702658,Regular,22,Create,Deployment,false
0.524753962,Regular,15,Create,ConfigMap,false
0.542759433,Regular,7,Update,Deployment,false
0.562819525,Regular,6,Delete,ConfigMap,false
0.582814565,Regular,7,Delete,Deployment,false
0.603216994,Regular,8,Create,Deployment,false
0.622573557,Regular,8,Create,ConfigMap,false
0.642920471,Regular,7,Update,Deployment,false
0.662188367,Regular,4,Delete,ConfigMap,false
0.682370229,Regular,5,Delete,Deployment,false
0.702304544,Regular,7,Create,Deployment,false
0.722635208,Regular,6,Create,ConfigMap,false
0.742207228,Regular,16,Update,Deployment,false
0.763434706,Regular,5,Delete,ConfigMap,false
0.78278135,Regular,4,Delete,Deployment,false
0.802677333,Regular,6,Create,Deployment,false
0.82307348,Regular,5,Create,ConfigMap,false
0.842689002,Regular,6,Update,Deployment,false
0.862240073,Regular,5,Delete,ConfigMap,false
0.883161954,Regular,4,Delete,Deployment,false
0.902980169,Regular,7,Create,Deployment,false
0.92251541,Regular,7,Create,ConfigMap,false
0.942536058,Regular,7,Update,Deployment,false
0.962883112,Regular,5,Delete,ConfigMap,false
0.982197746,Regular,3,Delete,Deployment,false
0.002920769,Regular,36,Create,Deployment,false
0.039549537,Regular,28,Create,ConfigMap,false
0.067629893,Regular,12,Update,Deployment,false
0.079799587,Regular,8,Delete,ConfigMap,false
0.088730812,Regular,10,Delete,Deployment,false
0.103188098,Regular,13,Create,Deployment,false
0.12277696,Regular,8,Create,ConfigMap,false
0.142456895,Regular,6,Update,Deployment,false
0.162238601,Regular,7,Delete,ConfigMap,false
0.183247195,Regular,8,Delete,Deployment,false
0.202158006,Regular,8,Create,Deployment,false
0.223160189,Regular,6,Create,ConfigMap,false
0.242175427,Regular,8,Update,Deployment,false
0.263092528,Regular,4,Delete,ConfigMap,false
0.282963804,Regular,7,Delete,Deployment,false
0.302631215,Regular,12,Create,Deployment,false
0.322662562,Regular,8,Create,ConfigMap,false
0.342864924,Regular,6,Update,Deployment,false
0.362648263,Regular,6,Delete,ConfigMap,false
0.382280918,Regular,7,Delete,Deployment,false
0.403691893,Regular,9,Create,Deployment,false
0.423220491,Regular,9,Create,ConfigMap,false
0.442854799,Regular,12,Update,Deployment,false
0.462652004,Regular,11,Delete,ConfigMap,false
0.483524111,Regular,12,Delete,Deployment,false
0.502816302,Regular,21,Create,Deployment,false
0.524321605,Regular,15,Create,ConfigMap,false
0.543462691,Regular,12,Update,Deployment,false
0.563862115,Regular,8,Delete,ConfigMap,false
0.58274861,Regular,7,Delete,Deployment,false
0.603400991,Regular,8,Create,Deployment,false
0.622627649,Regular,6,Create,ConfigMap,false
0.642790275,Regular,8,Update,Deployment,false
0.662397111,Regular,4,Delete,ConfigMap,false
0.682304114,Regular,5,Delete,Deployment,false
0.70218057,Regular,7,Create,Deployment,false
0.722603778,Regular,6,Create,ConfigMap,false
0.742129882,Regular,6,Update,Deployment,false
0.763464572,Regular,4,Delete,ConfigMap,false
0.782768155,Regular,6,Delete,Deployment,false
0.802726576,Regular,6,Create,Deployment,false
0.823002546,Regular,5,Create,ConfigMap,false
0.842553626,Regular,8,Update,Deployment,false
0.862184989,Regular,13,Delete,ConfigMap,false
0.883459195,Regular,5,Delete,Deployment,false
0.903218108,Regular,7,Create,Deployment,false
0.922469503,Regular,8,Create,ConfigMap,false
0.942432813,Regular,7,Update,Deployment,false
0.962798863,Regular,5,Delete,ConfigMap,false
0.982288417,Regular,4,Delete,Deployment,false
0.00331847,Regular,65,Create,Deployment,false
0.068810474,Regular,13,Create,ConfigMap,false
0.081958155,Regular,16,Update,Deployment,false
0.098831016,Regular,8,Delete,ConfigMap,false
0.107423541,Regular,11,Delete,Deployment,false
0.119300441,Regular,9,Create,Deployment,false
0.128582269,Regular,6,Create,ConfigMap,false
0.142453839,Regular,8,Update,Deployment,false
0.162360681,Regular,5,Delete,ConfigMap,false
0.183362533,Regular,8,Delete,Deployment,false
0.20222884,Regular,8,Create,Deployment,false
0.223136454,Regular,6,Create,ConfigMap,false
0.24220363,Regular,8,Update,Deployment,false
0.263162971,Regular,6,Delete,ConfigMap,false
0.282985495,Regular,4,Delete,Deployment,false
0.302503233,Regular,11,Create,Deployment,false
0.322557504,Regular,6,Create,ConfigMap,false
0.3429213,Regular,7,Update,Deployment,false
0.362920087,Regular,7,Delete,ConfigMap,false
0.38224471,Regular,6,Delete,Deployment,false
0.403188021,Regular,9,Create,Deployment,false
0.423007829,Regular,7,Create,ConfigMap,false
0.443276756,Regular,16,Update,Deployment,false
0.463193057,Regular,10,Delete,ConfigMap,false
0.483263769,Regular,12,Delete,Deployment,false
0.502260312,Regular,18,Create,Deployment,false
0.523857689,Regular,16,Create,ConfigMap,false
0.543029002,Regular,13,Update,Deployment,false
0.562729936,Regular,9,Delete,ConfigMap,false
0.582527182,Regular,7,Delete,Deployment,false
0.603076228,Regular,8,Create,Deployment,false
0.622766371,Regular,7,Create,ConfigMap,false
0.642840771,Regular,8,Update,Deployment,false
0.662374509,Regular,4,Delete,ConfigMap,false
0.682172255,Regular,5,Delete,Deployment,false
0.702148349,Regular,8,Create,Deployment,false
0.722791784,Regular,5,Create,ConfigMap,false
0.742159327,Regular,15,Update,Deployment,false
0.763253163,Regular,6,Delete,ConfigMap,false
0.782867473,Regular,6,Delete,Deployment,false
0.80277112,Regular,6,Create,Deployment,false
0.823201562,Regular,5,Create,ConfigMap,false
0.842442567,Regular,8,Update,Deployment,false
0.862301499,Regular,4,Delete,ConfigMap,false
0.883121347,Regular,6,Delete,Deployment,false
0.903132016,Regular,7,Create,Deployment,false
0.922505521,Regular,8,Create,ConfigMap,false
0.942534154,Regular,7,Update,Deployment,false
0.963011795,Regular,5,Delete,ConfigMap,false
0.982168501,Regular,4,Delete,Deployment,false
0.003178476,Regular,63,Create,Deployment,false
0.067181937,Regular,12,Create,ConfigMap,false
0.079235952,Regular,13,Update,Deployment,false
0.092586136,Regular,13,Delete,ConfigMap,false
0.106523891,Regular,10,Delete,Deployment,false
0.116842257,Regular,11,Create,Deployment,false
0.12801115,Regular,6,Create,ConfigMap,false
0.142531826,Regular,8,Update,Deployment,false
0.16233875,Regular,6,Delete,ConfigMap,false
0.183148178,Regular,8,Delete,Deployment,false
0.202247806,Regular,8,Create,Deployment,false
0.223142796,Regular,6,Create,ConfigMap,false
0.242222846,Regular,8,Update,Deployment,false
0.263082139,Regular,6,Delete,ConfigMap,false
0.28290336,Regular,7,Delete,Deployment,false
0.302605416,Regular,12,Create,Deployment,false
0.322628398,Regular,8,Create,ConfigMap,false
0.342723727,Regular,8,Update,Deployment,false
0.36278428,Regular,5,Delete,ConfigMap,false
0.382212759,Regular,8,Delete,Deployment,false
0.403807281,Regular,8,Create,Deployment,false
0.422808112,Regular,10,Create,ConfigMap,false
0.44293502,Regular,12,Update,Deployment,false
0.463327721,Regular,7,Delete,ConfigMap,false
0.483550892,Regular,11,Delete,Deployment,false
0.502701956,Regular,21,Create,Deployment,false
0.524616122,Regular,15,Create,ConfigMap,false
0.543154118,Regular,11,Update,Deployment,false
0.562945744,Regular,9,Delete,ConfigMap,false
0.582538433,Regular,5,Delete,Deployment,false
0.603065468,Regular,7,Create,Deployment,false
0.622557557,Regular,8,Create,ConfigMap,false
0.642668445,Regular,8,Update,Deployment,false
0.662213344,Regular,4,Delete,ConfigMap,false
0.682329262,Regular,6,Delete,Deployment,false
0.702162676,Regular,7,Create,Deployment,false
0.722722352,Regular,6,Create,ConfigMap,false
0.742366419,Regular,15,Update,Deployment,false
0.763135701,Regular,5,Delete,ConfigMap,false
0.782856422,Regular,6,Delete,Deployment,false
0.80267052,Regular,6,Create,Deployment,false
0.823082577,Regular,6,Create,ConfigMap,false
0.842537897,Regular,8,Update,Deployment,false
0.862236606,Regular,5,Delete,ConfigMap,false
0.88312818,Regular,4,Delete,Deployment,false
0.903193362,Regular,7,Create,Deployment,false
0.922323086,Regular,8,Create,ConfigMap,false
0.942383199,Regular,7,Update,Deployment,false
0.9628186,Regular,5,Delete,ConfigMap,false
0.982387695,Regular,4,Delete,Deployment,false
0.0030693,Regular,62,Create,Deployment,false
0.065164926,Regular,9,Create,ConfigMap,false
0.074753783,Regular,15,Update,Deployment,false
0.090102594,Regular,9,Delete,ConfigMap,false
0.0994792,Regular,9,Delete,Deployment,false
0.10946587,Regular,11,Create,Deployment,false
0.122535865,Regular,8,Create,ConfigMap,false
0.14241203,Regular,8,Update,Deployment,false
0.162342808,Regular,6,Delete,ConfigMap,false
0.18323397,Regular,8,Delete,Deployment,false
0.202185328,Regular,8,Create,Deployment,false
0.223042536,Regular,6,Create,ConfigMap,false
0.242123619,Regular,6,Update,Deployment,false
0.263064555,Regular,3,Delete,ConfigMap,false
0.282813279,Regular,6,Delete,Deployment,false
0.302668665,Regular,12,Create,Deployment,false
0.322738276,Regular,7,Create,ConfigMap,false
0.342964322,Regular,7,Update,Deployment,false
0.362713216,Regular,7,Delete,ConfigMap,false
0.382220434,Regular,6,Delete,Deployment,false
0.403428204,Regular,7,Create,Deployment,false
0.422749651,Regular,8,Create,ConfigMap,false
0.443354232,Regular,12,Update,Deployment,false
0.462751993,Regular,8,Delete,ConfigMap,false
0.482972659,Regular,11,Delete,Deployment,false
0.502758153,Regular,18,Create,Deployment,false
0.523462352,Regular,14,Create,ConfigMap,false
0.543107991,Regular,8,Update,Deployment,false
0.563770823,Regular,8,Delete,ConfigMap,false
0.582581725,Regular,7,Delete,Deployment,false
0.603344465,Regular,8,Create,Deployment,false
0.622645863,Regular,7,Create,ConfigMap,false
0.642809091,Regular,7,Update,Deployment,false
0.662448789,Regular,4,Delete,ConfigMap,false
0.682269579,Regular,5,Delete,Deployment,false
0.702213412,Regular,7,Create,Deployment,false
0.722784159,Regular,5,Create,ConfigMap,false
0.742177291,Regular,9,Update,Deployment,false
0.763235379,Regular,5,Delete,ConfigMap,false
0.782884455,Regular,5,Delete,Deployment,false
0.802738699,Regular,5,Create,Deployment,false
0.823098908,Regular,5,Create,ConfigMap,false
0.842484275,Regular,8,Update,Deployment,false
0.862354589,Regular,5,Delete,ConfigMap,false
0.883195587,Regular,6,Delete,Deployment,false
0.903353865,Regular,6,Create,Deployment,false
0.922304291,Regular,8,Create,ConfigMap,false
0.942397115,Regular,7,Update,Deployment,false
0.962870208,Regular,5,Delete,ConfigMap,false
0.982240837,Regular,7,Delete,Deployment,false
0.001155383,Regular,37,Create,Deployment,false
0.03830768,Regular,69,Create,ConfigMap,false
0.108160624,Regular,10,Update,Deployment,false
0.118506031,Regular,4,Delete,ConfigMap,false
0.12287226,Regular,6,Delete,Deployment,false
0.12950362,Regular,6,Create,Deployment,false
0.136475483,Regular,3,Create,ConfigMap,false
0.141486551,Regular,6,Update,Deployment,false
0.162061967,Regular,7,Delete,ConfigMap,false
0.181769143,Regular,6,Delete,Deployment,false
0.202168987,Regular,8,Create,Deployment,false
0.221798025,Regular,5,Create,ConfigMap,false
0.2419548,Regular,8,Update,Deployment,false
0.261777353,Regular,3,Delete,ConfigMap,false
0.281515538,Regular,4,Delete,Deployment,false
0.301240757,Regular,14,Create,Deployment,false
0.321234444,Regular,7,Create,ConfigMap,false
0.341740689,Regular,5,Update,Deployment,false
0.361264909,Regular,4,Delete,ConfigMap,false
0.38211811,Regular,7,Delete,Deployment,false
0.401825937,Regular,9,Create,Deployment,false
0.421370936,Regular,9,Create,ConfigMap,false
0.441328495,Regular,10,Update,Deployment,false
0.461535886,Regular,7,Delete,ConfigMap,false
0.481471032,Regular,4,Delete,Deployment,false
0.501849005,Regular,20,Create,Deployment,false
0.523751027,Regular,16,Create,ConfigMap,false
0.541461761,Regular,9,Update,Deployment,false
0.5613721,Regular,5,Delete,ConfigMap,false
0.581205063,Regular,4,Delete,Deployment,false
0.601585982,Regular,8,Create,Deployment,false
0.621240528,Regular,7,Create,ConfigMap,false
0.641776941,Regular,5,Update,Deployment,false
0.661940859,Regular,4,Delete,ConfigMap,false
0.682197763,Regular,5,Delete,Deployment,false
0.701939023,Regular,8,Create,Deployment,false
0.721270369,Regular,6,Create,ConfigMap,false
0.741928431,Regular,6,Update,Deployment,false
0.761874478,Regular,3,Delete,ConfigMap,false
0.781466977,Regular,3,Delete,Deployment,false
0.801387936,Regular,5,Create,Deployment,false
0.821635333,Regular,6,Create,ConfigMap,false
0.841468156,Regular,6,Update,Deployment,false
0.861895492,Regular,5,Delete,ConfigMap,false
0.881821711,Regular,3,Delete,Deployment,false
0.901597617,Regular,8,Create,Deployment,false
0.922046223,Regular,9,Create,ConfigMap,false
0.941225742,Regular,6,Update,Deployment,false
0.961504518,Regular,3,Delete,ConfigMap,false
0.982185282,Regular,5,Delete,Deployment,false
1.001239234,Regular,8,Create,Deployment,false
0.002991853,Regular,59,Create,Deployment,false
0.062807982,Regular,13,Create,ConfigMap,false
0.076430481,Regular,17,Update,Deployment,false
0.093899247,Regular,12,Delete,ConfigMap,false
0.106058722,Regular,7,Delete,Deployment,false
0.113994586,Regular,9,Create,Deployment,false
0.123037192,Regular,11,Create,ConfigMap,false
0.142636925,Regular,7,Update,Deployment,false
0.162401218,Regular,4,Delete,ConfigMap,false
0.183297991,Regular,8,Delete,Deployment,false
0.202304703,Regular,8,Create,Deployment,false
0.223390504,Regular,4,Create,ConfigMap,false
0.242249898,Regular,8,Update,Deployment,false
0.263050048,Regular,6,Delete,ConfigMap,false
0.283129657,Regular,6,Delete,Deployment,false
0.302776329,Regular,12,Create,Deployment,false
0.322792067,Regular,8,Create,ConfigMap,false
0.342894049,Regular,7,Update,Deployment,false
0.362999016,Regular,5,Delete,ConfigMap,false
0.382348396,Regular,7,Delete,Deployment,false
0.403749892,Regular,9,Create,Deployment,false
0.422962333,Regular,9,Create,ConfigMap,false
0.442721998,Regular,7,Update,Deployment,false
0.462890806,Regular,7,Delete,ConfigMap,false
0.483103306,Regular,12,Delete,Deployment,false
0.502631403,Regular,19,Create,Deployment,false
0.523774402,Regular,16,Create,ConfigMap,false
0.543010968,Regular,12,Update,Deployment,false
0.563533424,Regular,6,Delete,ConfigMap,false
0.582832168,Regular,6,Delete,Deployment,false
0.603142423,Regular,8,Create,Deployment,false
0.622666312,Regular,7,Create,ConfigMap,false
0.642688473,Regular,8,Update,Deployment,false
0.662134285,Regular,4,Delete,ConfigMap,false
0.682238571,Regular,6,Delete,Deployment,false
0.702134112,Regular,7,Create,Deployment,false
0.722803265,Regular,6,Create,ConfigMap,false
0.742341652,Regular,16,Update,Deployment,false
0.763333685,Regular,5,Delete,ConfigMap,false
0.782902219,Regular,6,Delete,Deployment,false
0.802869826,Regular,5,Create,Deployment,false
0.823129315,Regular,5,Create,ConfigMap,false
0.842520794,Regular,6,Update,Deployment,false
0.862205638,Regular,4,Delete,ConfigMap,false
0.883464205,Regular,5,Delete,Deployment,false
0.903040443,Regular,7,Create,Deployment,false
0.922287329,Regular,7,Create,ConfigMap,false
0.942422553,Regular,7,Update,Deployment,false
0.962904523,Regular,5,Delete,ConfigMap,false
0.982293327,Regular,7,Delete,Deployment,false
1.002666941,Regular,9,Create,Deployment,false
0.068578155,Regular,13,Create,ConfigMap,false
0.081708213,Regular,18,Update,Deployment,false
0.099972472,Regular,8,Delete,ConfigMap,false
0.108909609,Regular,10,Delete,Deployment,false
0.119313186,Regular,8,Create,Deployment,false
0.127671679,Regular,7,Create,ConfigMap,false
0.142710283,Regular,8,Update,Deployment,false
0.162413441,Regular,6,Delete,ConfigMap,false
0.183224011,Regular,8,Delete,Deployment,false
0.202305024,Regular,8,Create,Deployment,false
0.223212397,Regular,6,Create,ConfigMap,false
0.24214535,Regular,6,Update,Deployment,false
0.263239897,Regular,4,Delete,ConfigMap,false
0.283057251,Regular,6,Delete,Deployment,false
0.302810954,Regular,11,Create,Deployment,false
0.322795995,Regular,8,Create,ConfigMap,false
0.342813206,Regular,7,Update,Deployment,false
0.362920708,Regular,6,Delete,ConfigMap,false
0.382256792,Regular,7,Delete,Deployment,false
0.403688296,Regular,9,Create,Deployment,false
0.422961061,Regular,9,Create,ConfigMap,false
0.443526849,Regular,15,Update,Deployment,false
0.46262844,Regular,8,Delete,ConfigMap,false
0.483144163,Regular,11,Delete,Deployment,false
0.503017743,Regular,20,Create,Deployment,false
0.523460879,Regular,16,Create,ConfigMap,false
0.543566798,Regular,9,Update,Deployment,false
0.563146733,Regular,6,Delete,ConfigMap,false
0.58274859,Regular,6,Delete,Deployment,false
0.603371866,Regular,8,Create,Deployment,false
0.622809743,Regular,7,Create,ConfigMap,false
0.64275559,Regular,8,Update,Deployment,false
0.662378977,Regular,4,Delete,ConfigMap,false
0.682246956,Regular,3,Delete,Deployment,false
0.702232568,Regular,6,Create,Deployment,false
0.722806051,Regular,5,Create,ConfigMap,false
0.74235633,Regular,8,Update,Deployment,false
0.763388939,Regular,6,Delete,ConfigMap,false
0.782913069,Regular,6,Delete,Deployment,false
0.802910503,Regular,5,Create,Deployment,false
0.823132551,Regular,4,Create,ConfigMap,false
0.842453718,Regular,8,Update,Deployment,false
0.862141767,Regular,5,Delete,ConfigMap,false
0.883323238,Regular,5,Delete,Deployment,false
0.902933791,Regular,6,Create,Deployment,false
0.922440959,Regular,6,Create,ConfigMap,false
0.942476465,Regular,7,Update,Deployment,false
0.96298759,Regular,4,Delete,ConfigMap,false
0.982330326,Regular,4,Delete,Deployment,false
1.002701717,Regular,9,Create,Deployment,false
1.0219154,Regular,6,Create,ConfigMap,false
1.041460931,Regular,6,Update,Deployment,false
1.061370989,Regular,3,Delete,ConfigMap,false
1.081465216,Regular,4,Delete,Deployment,false
1.102088412,Regular,11,Create,Deployment,false
1.122111916,Regular,8,Create,ConfigMap,false
1.141880046,Regular,8,Update,Deployment,false
1.161834379,Regular,6,Delete,ConfigMap,false
1.181362056,Regular,3,Delete,Deployment,false
1.2018341160000001,Regular,14,Create,Deployment,false
1.221242537,Regular,7,Create,ConfigMap,false
1.241600262,Regular,5,Update,Deployment,false
1.262029582,Regular,4,Delete,ConfigMap,false
1.281857586,Regular,3,Delete,Deployment,false
1.301785358,Regular,6,Create,Deployment,false
1.321710135,Regular,7,Create,ConfigMap,false
1.341481923,Regular,5,Update,Deployment,false
1.361473666,Regular,2,Delete,ConfigMap,false
1.381970283,Regular,6,Delete,Deployment,false
1.401211709,Regular,6,Create,Deployment,false
1.421501846,Regular,5,Create,ConfigMap,false
1.441293691,Regular,6,Update,Deployment,false
1.4615803010000001,Regular,2,Delete,ConfigMap,false
1.481555614,Regular,3,Delete,Deployment,false
1.501438481,Regular,5,Create,Deployment,false
1.5217647269999999,Regular,6,Create,ConfigMap,false
1.5413511739999999,Regular,6,Update,Deployment,false
1.561547504,Regular,3,Delete,ConfigMap,false
1.581183485,Regular,4,Delete,Deployment,false
1.6015993389999998,Regular,6,Create,Deployment,false
1.6217905799999999,Regular,6,Create,ConfigMap,false
1.6418184710000001,Regular,14,Update,Deployment,false
1.6619914169999999,Regular,5,Delete,ConfigMap,false
1.681337059,Regular,3,Delete,Deployment,false
1.70128006,Regular,6,Create,Deployment,false
1.7218548249999999,Regular,6,Create,ConfigMap,false
1.7417581210000002,Regular,5,Update,Deployment,false
1.761251082,Regular,3,Delete,ConfigMap,false
1.7815186870000002,Regular,3,Delete,Deployment,false
1.801597935,Regular,7,Create,Deployment,false
1.821898021,Regular,7,Create,ConfigMap,false
1.8413754930000001,Regular,6,Update,Deployment,false
1.86166605,Regular,2,Delete,ConfigMap,false
1.881734759,Regular,5,Delete,Deployment,false
1.901520613,Regular,8,Create,Deployment,false
1.9220527280000002,Regular,8,Create,ConfigMap,false
1.941882895,Regular,9,Update,Deployment,false
1.961503327,Regular,3,Delete,ConfigMap,false
1.981988904,Regular,4,Delete,Deployment,false
1.001267227,Regular,8,Create,Deployment,false
1.021923385,Regular,7,Create,ConfigMap,false
1.04145528,Regular,6,Update,Deployment,false
1.061381359,Regular,4,Delete,ConfigMap,false
1.081481437,Regular,5,Delete,Deployment,false
1.102075879,Regular,11,Create,Deployment,false
1.122123307,Regular,9,Create,ConfigMap,false
1.141877241,Regular,9,Update,Deployment,false
1.161871499,Regular,5,Delete,ConfigMap,false
1.181378547,Regular,3,Delete,Deployment,false
1.201850567,Regular,11,Create,Deployment,false
1.221254119,Regular,7,Create,ConfigMap,false
1.24158878,Regular,4,Update,Deployment,false
1.262038679,Regular,4,Delete,ConfigMap,false
1.281866443,Regular,2,Delete,Deployment,false
1.30179697,Regular,6,Create,Deployment,false
1.321731806,Regular,7,Create,ConfigMap,false
1.341506038,Regular,6,Update,Deployment,false
1.361500346,Regular,3,Delete,ConfigMap,false
1.381973038,Regular,4,Delete,Deployment,false
1.401219994,Regular,7,Create,Deployment,false
1.421506535,Regular,6,Create,ConfigMap,false
1.441300203,Regular,7,Update,Deployment,false
1.461583517,Regular,3,Delete,ConfigMap,false
1.481557347,Regular,3,Delete,Deployment,false
1.501433091,Regular,6,Create,Deployment,false
1.521753936,Regular,6,Create,ConfigMap,false
1.541371713,Regular,7,Update,Deployment,false
1.561541603,Regular,4,Delete,ConfigMap,false
1.5811709409999999,Regular,3,Delete,Deployment,false
1.6016168020000001,Regular,6,Create,Deployment,false
1.621797583,Regular,6,Create,ConfigMap,false
1.641806018,Regular,13,Update,Deployment,false
1.662017045,Regular,3,Delete,ConfigMap,false
1.681324596,Regular,3,Delete,Deployment,false
1.701299016,Regular,5,Create,Deployment,false
1.7218513180000001,Regular,7,Create,ConfigMap,false
1.741744035,Regular,6,Update,Deployment,false
1.761259508,Regular,4,Delete,ConfigMap,false
1.781549184,Regular,3,Delete,Deployment,false
1.801607303,Regular,7,Create,Deployment,false
1.821894975,Regular,7,Create,ConfigMap,false
1.8413580600000001,Regular,5,Update,Deployment,false
1.861677502,Regular,3,Delete,ConfigMap,false
1.881747002,Regular,3,Delete,Deployment,false
1.901534259,Regular,8,Create,Deployment,false
1.922057466,Regular,9,Create,ConfigMap,false
1.941866645,Regular,9,Update,Deployment,false
1.961508647,Regular,4,Delete,ConfigMap,false
1.9819816399999999,Regular,5,Delete,Deployment,false
1.002757613,Regular,9,Create,Deployment,false
1.022258248,Regular,7,Create,ConfigMap,false
1.042768581,Regular,7,Update,Deployment,false
1.062852498,Regular,5,Delete,ConfigMap,false
1.083032999,Regular,5,Delete,Deployment,false
1.102150209,Regular,9,Create,Deployment,false
1.122179423,Regular,8,Create,ConfigMap,false
1.142281545,Regular,9,Update,Deployment,false
1.162396381,Regular,4,Delete,ConfigMap,false
1.182758474,Regular,5,Delete,Deployment,false
1.202246906,Regular,12,Create,Deployment,false
1.222812033,Regular,7,Create,ConfigMap,false
1.242589762,Regular,6,Update,Deployment,false
1.26248353,Regular,5,Delete,ConfigMap,false
1.28312438,Regular,5,Delete,Deployment,false
1.303449873,Regular,5,Create,Deployment,false
1.32312614,Regular,6,Create,ConfigMap,false
1.3424713019999999,Regular,6,Update,Deployment,false
1.36277799,Regular,5,Delete,ConfigMap,false
1.382388954,Regular,6,Delete,Deployment,false
1.4028482310000001,Regular,8,Create,Deployment,false
1.423126726,Regular,6,Create,ConfigMap,false
1.442379653,Regular,6,Update,Deployment,false
1.462985797,Regular,5,Delete,ConfigMap,false
1.482954847,Regular,4,Delete,Deployment,false
1.502876057,Regular,5,Create,Deployment,false
1.523226779,Regular,5,Create,ConfigMap,false
1.5426033000000001,Regular,8,Update,Deployment,false
1.5631640180000002,Regular,7,Delete,ConfigMap,false
1.5825267429999998,Regular,5,Delete,Deployment,false
1.60300234,Regular,5,Create,Deployment,false
1.6231308819999999,Regular,7,Create,ConfigMap,false
1.643070407,Regular,15,Update,Deployment,false
1.6623120729999998,Regular,3,Delete,ConfigMap,false
1.682629932,Regular,4,Delete,Deployment,false
1.702545942,Regular,6,Create,Deployment,false
1.7222702,Regular,6,Create,ConfigMap,false
1.742859913,Regular,7,Update,Deployment,false
1.7625276539999999,Regular,5,Delete,ConfigMap,false
1.78294964,Regular,6,Delete,Deployment,false
1.803171869,Regular,6,Create,Deployment,false
1.822121744,Regular,7,Create,ConfigMap,false
1.8421639220000001,Regular,7,Update,Deployment,false
1.862976657,Regular,4,Delete,ConfigMap,false
1.883114135,Regular,7,Delete,Deployment,false
1.903071674,Regular,8,Create,Deployment,false
1.922503048,Regular,8,Create,ConfigMap,false
1.942270307,Regular,9,Update,Deployment,false
1.963343254,Regular,4,Delete,ConfigMap,false
1.982298669,Regular,5,Delete,Deployment,false
1.002915381,Regular,8,Create,Deployment,false
1.022161726,Regular,6,Create,ConfigMap,false
1.042703779,Regular,7,Update,Deployment,false
1.062802694,Regular,6,Delete,ConfigMap,false
1.083076871,Regular,7,Delete,Deployment,false
1.102221264,Regular,11,Create,Deployment,false
1.122348763,Regular,9,Create,ConfigMap,false
1.142311922,Regular,7,Update,Deployment,false
1.162144946,Regular,5,Delete,ConfigMap,false
1.182801806,Regular,5,Delete,Deployment,false
1.202282854,Regular,13,Create,Deployment,false
1.222599371,Regular,7,Create,ConfigMap,false
1.242698647,Regular,6,Update,Deployment,false
1.262220633,Regular,5,Delete,ConfigMap,false
1.283305051,Regular,3,Delete,Deployment,false
1.303234296,Regular,6,Create,Deployment,false
1.323125409,Regular,7,Create,ConfigMap,false
1.342483836,Regular,5,Update,Deployment,false
1.362716905,Regular,5,Delete,ConfigMap,false
1.382327338,Regular,6,Delete,Deployment,false
1.402798086,Regular,8,Create,Deployment,false
1.423105706,Regular,6,Create,ConfigMap,false
1.442396806,Regular,8,Update,Deployment,false
1.462903361,Regular,5,Delete,ConfigMap,false
1.48289808,Regular,5,Delete,Deployment,false
1.502978782,Regular,5,Create,Deployment,false
1.52309493,Regular,5,Create,ConfigMap,false
1.542620833,Regular,7,Update,Deployment,false
1.5630572059999999,Regular,7,Delete,ConfigMap,false
1.5826072949999999,Regular,5,Delete,Deployment,false
1.603114813,Regular,5,Create,Deployment,false
1.62323044,Regular,7,Create,ConfigMap,false
1.643033567,Regular,14,Update,Deployment,false
1.6621912540000001,Regular,5,Delete,ConfigMap,false
1.682947652,Regular,3,Delete,Deployment,false
1.7026420340000001,Regular,7,Create,Deployment,false
1.722127019,Regular,6,Create,ConfigMap,false
1.742866716,Regular,7,Update,Deployment,false
1.7625987589999998,Regular,5,Delete,ConfigMap,false
1.7828282610000001,Regular,6,Delete,Deployment,false
1.803048887,Regular,7,Create,Deployment,false
1.82227327,Regular,6,Create,ConfigMap,false
1.842329195,Regular,7,Update,Deployment,false
1.8630746820000001,Regular,4,Delete,ConfigMap,false
1.883080943,Regular,7,Delete,Deployment,false
1.9028371609999999,Regular,8,Create,Deployment,false
1.922333258,Regular,9,Create,ConfigMap,false
1.9422221560000001,Regular,9,Update,Deployment,false
1.963476335,Regular,6,Delete,ConfigMap,false
1.982280565,Regular,5,Delete,Deployment,false
1.002885665,Regular,8,Create,Deployment,false
1.0222383,Regular,6,Create,ConfigMap,false
1.042589022,Regular,7,Update,Deployment,false
1.06294877,Regular,4,Delete,ConfigMap,false
1.083220312,Regular,7,Delete,Deployment,false
1.102602484,Regular,10,Create,Deployment,false
1.122308076,Regular,8,Create,ConfigMap,false
1.142307835,Regular,8,Update,Deployment,false
1.162388286,Regular,5,Delete,ConfigMap,false
1.182705133,Regular,5,Delete,Deployment,false
1.202294015,Regular,14,Create,Deployment,false
1.222575155,Regular,7,Create,ConfigMap,false
1.242609469,Regular,6,Update,Deployment,false
1.262398489,Regular,5,Delete,ConfigMap,false
1.283258603,Regular,5,Delete,Deployment,false
1.303354433,Regular,6,Create,Deployment,false
1.323065776,Regular,7,Create,ConfigMap,false
1.342469258,Regular,6,Update,Deployment,false
1.3627938099999999,Regular,4,Delete,ConfigMap,false
1.3822652,Regular,6,Delete,Deployment,false
1.402828734,Regular,6,Create,Deployment,false
1.423050973,Regular,5,Create,ConfigMap,false
1.442320211,Regular,6,Update,Deployment,false
1.462929721,Regular,5,Delete,ConfigMap,false
1.482940851,Regular,5,Delete,Deployment,false
1.502771911,Regular,6,Create,Deployment,false
1.5229942699999999,Regular,5,Create,ConfigMap,false
1.542609602,Regular,8,Update,Deployment,false
1.563084197,Regular,7,Delete,ConfigMap,false
1.5826301379999999,Regular,5,Delete,Deployment,false
1.603040242,Regular,6,Create,Deployment,false
1.6234252279999999,Regular,5,Create,ConfigMap,false
1.6429863980000001,Regular,15,Update,Deployment,false
1.662271666,Regular,5,Delete,ConfigMap,false
1.682804933,Regular,5,Delete,Deployment,false
1.702815201,Regular,6,Create,Deployment,false
1.722276752,Regular,7,Create,ConfigMap,false
1.7430796480000001,Regular,8,Update,Deployment,false
1.7626112520000001,Regular,5,Delete,ConfigMap,false
1.782994255,Regular,5,Delete,Deployment,false
1.803206945,Regular,7,Create,Deployment,false
1.822235589,Regular,4,Create,ConfigMap,false
1.842295761,Regular,7,Update,Deployment,false
1.863093227,Regular,4,Delete,ConfigMap,false
1.8830300370000002,Regular,6,Delete,Deployment,false
1.9029696710000001,Regular,8,Create,Deployment,false
1.922435581,Regular,8,Create,ConfigMap,false
1.9422900749999998,Regular,9,Update,Deployment,false
1.9635292450000001,Regular,6,Delete,ConfigMap,false
1.982376265,Regular,5,Delete,Deployment,false
1.002880134,Regular,8,Create,Deployment,false
1.022357275,Regular,6,Create,ConfigMap,false
1.0426218839999999,Regular,7,Update,Deployment,false
1.062833893,Regular,6,Delete,ConfigMap,false
1.08293317,Regular,7,Delete,Deployment,false
1.10216668,Regular,11,Create,Deployment,false
1.1222943,Regular,9,Create,ConfigMap,false
1.142332611,Regular,9,Update,Deployment,false
1.162249253,Regular,5,Delete,ConfigMap,false
1.182791536,Regular,5,Delete,Deployment,false
1.202208133,Regular,16,Create,Deployment,false
1.222714889,Regular,7,Create,ConfigMap,false
1.2425147,Regular,7,Update,Deployment,false
1.262291818,Regular,4,Delete,ConfigMap,false
1.283225471,Regular,5,Delete,Deployment,false
1.303042063,Regular,6,Create,Deployment,false
1.322941051,Regular,6,Create,ConfigMap,false
1.342335495,Regular,6,Update,Deployment,false
1.362729509,Regular,5,Delete,ConfigMap,false
1.382285649,Regular,6,Delete,Deployment,false
1.402645838,Regular,8,Create,Deployment,false
1.422867135,Regular,5,Create,ConfigMap,false
1.442280967,Regular,7,Update,Deployment,false
1.463118007,Regular,5,Delete,ConfigMap,false
1.483021834,Regular,5,Delete,Deployment,false
1.502883862,Regular,6,Create,Deployment,false
1.5230929560000002,Regular,5,Create,ConfigMap,false
1.542509142,Regular,8,Update,Deployment,false
1.5628156500000001,Regular,8,Delete,ConfigMap,false
1.582479283,Regular,5,Delete,Deployment,false
1.603040823,Regular,7,Create,Deployment,false
1.623143295,Regular,7,Create,ConfigMap,false
1.6428764999999999,Regular,14,Update,Deployment,false
1.662202866,Regular,5,Delete,ConfigMap,false
1.6829157019999998,Regular,4,Delete,Deployment,false
1.7025716910000002,Regular,7,Create,Deployment,false
1.722353177,Regular,5,Create,ConfigMap,false
1.7428345950000002,Regular,7,Update,Deployment,false
1.762541049,Regular,5,Delete,ConfigMap,false
1.782858628,Regular,6,Delete,Deployment,false
1.802964537,Regular,7,Create,Deployment,false
1.822139477,Regular,5,Create,ConfigMap,false
1.8422034269999998,Regular,6,Update,Deployment,false
1.862908598,Regular,4,Delete,ConfigMap,false
1.883044334,Regular,5,Delete,Deployment,false
1.902965834,Regular,8,Create,Deployment,false
1.922357473,Regular,8,Create,ConfigMap,false
1.942339759,Regular,9,Update,Deployment,false
1.963028579,Regular,5,Delete,ConfigMap,false
1.982426781,Regular,5,Delete,Deployment,false
2.002142903,Regular,6,Create,Deployment,false
1.022289467,Regular,6,Create,ConfigMap,false
1.042636341,Regular,6,Update,Deployment,false
1.062989367,Regular,5,Delete,ConfigMap,false
1.083189835,Regular,7,Delete,Deployment,false
1.102407375,Regular,10,Create,Deployment,false
1.122541016,Regular,7,Create,ConfigMap,false
1.142271155,Regular,8,Update,Deployment,false
1.162315428,Regular,5,Delete,ConfigMap,false
1.183051648,Regular,4,Delete,Deployment,false
1.202329833,Regular,14,Create,Deployment,false
1.222807264,Regular,6,Create,ConfigMap,false
1.242524849,Regular,6,Update,Deployment,false
1.262243506,Regular,5,Delete,ConfigMap,false
1.283253183,Regular,4,Delete,Deployment,false
1.303271657,Regular,6,Create,Deployment,false
1.3229832400000001,Regular,6,Create,ConfigMap,false
1.34239097,Regular,7,Update,Deployment,false
1.362706846,Regular,5,Delete,ConfigMap,false
1.382249721,Regular,6,Delete,Deployment,false
1.402785672,Regular,7,Create,Deployment,false
1.423025695,Regular,6,Create,ConfigMap,false
1.442432473,Regular,8,Update,Deployment,false
1.463120682,Regular,4,Delete,ConfigMap,false
1.482979053,Regular,5,Delete,Deployment,false
1.5027605290000001,Regular,5,Create,Deployment,false
1.5232718840000001,Regular,5,Create,ConfigMap,false
1.542517057,Regular,8,Update,Deployment,false
1.562846678,Regular,8,Delete,ConfigMap,false
1.58253578,Regular,4,Delete,Deployment,false
1.603033038,Regular,6,Create,Deployment,false
1.623353733,Regular,7,Create,ConfigMap,false
1.642940882,Regular,15,Update,Deployment,false
1.662234306,Regular,5,Delete,ConfigMap,false
1.682829329,Regular,5,Delete,Deployment,false
1.702833405,Regular,6,Create,Deployment,false
1.722278215,Regular,4,Create,ConfigMap,false
1.742912242,Regular,7,Update,Deployment,false
1.762658271,Regular,5,Delete,ConfigMap,false
1.7828172,Regular,6,Delete,Deployment,false
1.8030658590000002,Regular,6,Create,Deployment,false
1.8222162320000002,Regular,6,Create,ConfigMap,false
1.842243473,Regular,6,Update,Deployment,false
1.862955667,Regular,4,Delete,ConfigMap,false
1.883102163,Regular,6,Delete,Deployment,false
1.9031670040000002,Regular,6,Create,Deployment,false
1.922415563,Regular,8,Create,ConfigMap,false
1.942299372,Regular,8,Update,Deployment,false
1.96364305,Regular,6,Delete,ConfigMap,false
1.982262711,Regular,5,Delete,Deployment,false
2.002346408,Regular,7,Create,Deployment,false
1.00259745,Regular,9,Create,Deployment,false
1.022277835,Regular,7,Create,ConfigMap,false
1.042699491,Regular,7,Update,Deployment,false
1.06329791,Regular,5,Delete,ConfigMap,false
1.083017369,Regular,7,Delete,Deployment,false
1.102470815,Regular,10,Create,Deployment,false
1.122347381,Regular,8,Create,ConfigMap,false
1.142272267,Regular,9,Update,Deployment,false
1.162317843,Regular,5,Delete,ConfigMap,false
1.182779333,Regular,5,Delete,Deployment,false
1.202265211,Regular,13,Create,Deployment,false
1.223021829,Regular,7,Create,ConfigMap,false
1.242624067,Regular,7,Update,Deployment,false
1.262365597,Regular,5,Delete,ConfigMap,false
1.283201826,Regular,4,Delete,Deployment,false
1.30305621,Regular,5,Create,Deployment,false
1.322996135,Regular,5,Create,ConfigMap,false
1.342520094,Regular,5,Update,Deployment,false
1.362794622,Regular,3,Delete,ConfigMap,false
1.382564686,Regular,5,Delete,Deployment,false
1.402544046,Regular,8,Create,Deployment,false
1.422995678,Regular,6,Create,ConfigMap,false
1.442306635,Regular,7,Update,Deployment,false
1.463111735,Regular,5,Delete,ConfigMap,false
1.482970307,Regular,5,Delete,Deployment,false
1.50274529,Regular,5,Create,Deployment,false
1.5230334239999999,Regular,5,Create,ConfigMap,false
1.542697057,Regular,8,Update,Deployment,false
1.563092423,Regular,7,Delete,ConfigMap,false
1.582548895,Regular,5,Delete,Deployment,false
1.60300227,Regular,5,Create,Deployment,false
1.623266007,Regular,7,Create,ConfigMap,false
1.6429969880000002,Regular,13,Update,Deployment,false
1.662231671,Regular,5,Delete,ConfigMap,false
1.682713139,Regular,4,Delete,Deployment,false
1.702559728,Regular,6,Create,Deployment,false
1.722272374,Regular,6,Create,ConfigMap,false
1.742971394,Regular,6,Update,Deployment,false
1.762684771,Regular,5,Delete,ConfigMap,false
1.782886491,Regular,6,Delete,Deployment,false
1.802935983,Regular,7,Create,Deployment,false
1.822333945,Regular,6,Create,ConfigMap,false
1.8423109,Regular,7,Update,Deployment,false
1.863065795,Regular,4,Delete,ConfigMap,false
1.8831887859999998,Regular,7,Delete,Deployment,false
1.903174598,Regular,7,Create,Deployment,false
1.922345801,Regular,9,Create,ConfigMap,false
1.942126967,Regular,9,Update,Deployment,false
1.963168103,Regular,4,Delete,ConfigMap,false
1.9824332930000002,Regular,4,Delete,Deployment,false
2.002150958,Regular,7,Create,Deployment,false
1.022342407,Regular,6,Create,ConfigMap,false
1.042604481,Regular,7,Update,Deployment,false
1.063214452,Regular,5,Delete,ConfigMap,false
1.08318213,Regular,7,Delete,Deployment,false
1.1021355210000001,Regular,11,Create,Deployment,false
1.122362399,Regular,8,Create,ConfigMap,false
1.142312043,Regular,8,Update,Deployment,false
1.162299788,Regular,5,Delete,ConfigMap,false
1.182885674,Regular,5,Delete,Deployment,false
1.202283445,Regular,13,Create,Deployment,false
1.222726942,Regular,6,Create,ConfigMap,false
1.242572569,Regular,6,Update,Deployment,false
1.262274345,Regular,4,Delete,ConfigMap,false
1.283371887,Regular,4,Delete,Deployment,false
1.303325188,Regular,6,Create,Deployment,false
1.323164523,Regular,5,Create,ConfigMap,false
1.342423722,Regular,6,Update,Deployment,false
1.362744397,Regular,5,Delete,ConfigMap,false
1.38248735,Regular,5,Delete,Deployment,false
1.402613658,Regular,8,Create,Deployment,false
1.423022469,Regular,4,Create,ConfigMap,false
1.442352041,Regular,8,Update,Deployment,false
1.462957624,Regular,5,Delete,ConfigMap,false
1.482950429,Regular,5,Delete,Deployment,false
1.502851361,Regular,5,Create,Deployment,false
1.52313209,Regular,5,Create,ConfigMap,false
1.542560399,Regular,7,Update,Deployment,false
1.563261302,Regular,7,Delete,ConfigMap,false
1.582510131,Regular,4,Delete,Deployment,false
1.603137345,Regular,5,Create,Deployment,false
1.623207206,Regular,4,Create,ConfigMap,false
1.642903611,Regular,16,Update,Deployment,false
1.6621788309999999,Regular,6,Delete,ConfigMap,false
1.682619082,Regular,5,Delete,Deployment,false
1.702697749,Regular,6,Create,Deployment,false
1.722358737,Regular,6,Create,ConfigMap,false
1.742842971,Regular,7,Update,Deployment,false
1.762569233,Regular,5,Delete,ConfigMap,false
1.782968967,Regular,5,Delete,Deployment,false
1.802976069,Regular,7,Create,Deployment,false
1.822108348,Regular,7,Create,ConfigMap,false
1.842255105,Regular,7,Update,Deployment,false
1.862886496,Regular,4,Delete,ConfigMap,false
1.883015439,Regular,7,Delete,Deployment,false
1.902896433,Regular,6,Create,Deployment,false
1.922422025,Regular,8,Create,ConfigMap,false
1.9423036900000001,Regular,8,Update,Deployment,false
1.963656936,Regular,6,Delete,ConfigMap,false
1.9823399369999999,Regular,4,Delete,Deployment,false
2.002271075,Regular,7,Create,Deployment,false
1.002550571,Regular,9,Create,Deployment,false
1.02231207,Regular,4,Create,ConfigMap,false
1.042748022,Regular,7,Update,Deployment,false
1.0630907490000001,Regular,5,Delete,ConfigMap,false
1.083248385,Regular,7,Delete,Deployment,false
1.102348584,Regular,11,Create,Deployment,false
1.122235549,Regular,8,Create,ConfigMap,false
1.142225689,Regular,9,Update,Deployment,false
1.162338712,Regular,5,Delete,ConfigMap,false
1.182717466,Regular,6,Delete,Deployment,false
1.202247788,Regular,14,Create,Deployment,false
1.223005769,Regular,7,Create,ConfigMap,false
1.242460337,Regular,7,Update,Deployment,false
1.262343455,Regular,4,Delete,ConfigMap,false
1.283204311,Regular,4,Delete,Deployment,false
1.303083341,Regular,6,Create,Deployment,false
1.323044506,Regular,5,Create,ConfigMap,false
1.342405668,Regular,7,Update,Deployment,false
1.362816934,Regular,4,Delete,ConfigMap,false
1.382516856,Regular,6,Delete,Deployment,false
1.402510152,Regular,5,Create,Deployment,false
1.4231650679999999,Regular,5,Create,ConfigMap,false
1.44247295,Regular,7,Update,Deployment,false
1.462891619,Regular,5,Delete,ConfigMap,false
1.483004692,Regular,5,Delete,Deployment,false
1.5028253120000001,Regular,6,Create,Deployment,false
1.523054433,Regular,5,Create,ConfigMap,false
1.542755427,Regular,8,Update,Deployment,false
1.562946036,Regular,8,Delete,ConfigMap,false
1.582646379,Regular,5,Delete,Deployment,false
1.603039541,Regular,6,Create,Deployment,false
1.623275094,Regular,7,Create,ConfigMap,false
1.642968925,Regular,16,Update,Deployment,false
1.6622946299999999,Regular,5,Delete,ConfigMap,false
1.682746061,Regular,5,Delete,Deployment,false
1.702646873,Regular,5,Create,Deployment,false
1.722428008,Regular,6,Create,ConfigMap,false
1.742963419,Regular,7,Update,Deployment,false
1.762808625,Regular,5,Delete,ConfigMap,false
1.7830395700000001,Regular,3,Delete,Deployment,false
1.803144447,Regular,7,Create,Deployment,false
1.8222730600000001,Regular,6,Create,ConfigMap,false
1.8422553449999999,Regular,9,Update,Deployment,false
1.863008577,Regular,4,Delete,ConfigMap,false
1.883232389,Regular,6,Delete,Deployment,false
1.902907494,Regular,9,Create,Deployment,false
1.92237714,Regular,8,Create,ConfigMap,false
1.9421608510000001,Regular,9,Update,Deployment,false
1.9636254370000001,Regular,6,Delete,ConfigMap,false
1.9826156780000002,Regular,5,Delete,Deployment,false
2.002191204,Regular,7,Create,Deployment,false
2.001893773,Regular,7,Create,Deployment,false
2.02179795,Regular,5,Create,ConfigMap,false
2.041195621,Regular,5,Update,Deployment,false
2.061702327,Regular,4,Delete,ConfigMap,false
2.081612677,Regular,3,Delete,Deployment,false
2.101205576,Regular,7,Create,Deployment,false
2.122111848,Regular,6,Create,ConfigMap,false
2.141718183,Regular,5,Update,Deployment,false
2.161345337,Regular,3,Delete,ConfigMap,false
2.1820471120000002,Regular,3,Delete,Deployment,false
2.201772332,Regular,6,Create,Deployment,false
2.222190811,Regular,6,Create,ConfigMap,false
2.241838254,Regular,7,Update,Deployment,false
2.261520923,Regular,2,Delete,ConfigMap,false
2.281910017,Regular,6,Delete,Deployment,false
2.301718604,Regular,8,Create,Deployment,false
2.321916276,Regular,7,Create,ConfigMap,false
2.341564391,Regular,6,Update,Deployment,false
2.361553198,Regular,3,Delete,ConfigMap,false
2.381297113,Regular,3,Delete,Deployment,false
2.401607578,Regular,7,Create,Deployment,false
2.421567953,Regular,7,Create,ConfigMap,false
2.441615221,Regular,6,Update,Deployment,false
2.461376238,Regular,3,Delete,ConfigMap,false
2.481814405,Regular,4,Delete,Deployment,false
2.50153752,Regular,7,Create,Deployment,false
2.521376996,Regular,5,Create,ConfigMap,false
2.541843356,Regular,7,Update,Deployment,false
2.561487833,Regular,2,Delete,ConfigMap,false
2.582151826,Regular,4,Delete,Deployment,false
2.601533567,Regular,6,Create,Deployment,false
2.621522215,Regular,6,Create,ConfigMap,false
2.6418976929999998,Regular,6,Update,Deployment,false
2.661313478,Regular,2,Delete,ConfigMap,false
2.681516801,Regular,2,Delete,Deployment,false
2.702073922,Regular,6,Create,Deployment,false
2.72194087,Regular,7,Create,ConfigMap,false
2.7415366949999997,Regular,9,Update,Deployment,false
2.761413771,Regular,3,Delete,ConfigMap,false
2.7817808939999997,Regular,4,Delete,Deployment,false
2.801208872,Regular,9,Create,Deployment,false
2.821564763,Regular,7,Create,ConfigMap,false
2.841871973,Regular,11,Update,Deployment,false
2.8619302319999997,Regular,6,Delete,ConfigMap,false
2.881287596,Regular,4,Delete,Deployment,false
2.901599154,Regular,6,Create,Deployment,false
2.921399706,Regular,6,Create,ConfigMap,false
2.94184692,Regular,9,Update,Deployment,false
2.961872597,Regular,4,Delete,ConfigMap,false
2.981367802,Regular,3,Delete,Deployment,false
2.023174511,Regular,6,Create,ConfigMap,false
2.042348269,Regular,6,Update,Deployment,false
2.063191321,Regular,5,Delete,ConfigMap,false
2.082908195,Regular,5,Delete,Deployment,false
2.102738924,Regular,8,Create,Deployment,false
2.122336222,Regular,4,Create,ConfigMap,false
2.142643852,Regular,8,Update,Deployment,false
2.162659239,Regular,4,Delete,ConfigMap,false
2.182295852,Regular,5,Delete,Deployment,false
2.203291361,Regular,6,Create,Deployment,false
2.222268908,Regular,6,Create,ConfigMap,false
2.2428418,Regular,7,Update,Deployment,false
2.262766046,Regular,4,Delete,ConfigMap,false
2.282194855,Regular,6,Delete,Deployment,false
2.303601923,Regular,6,Create,Deployment,false
2.322165167,Regular,6,Create,ConfigMap,false
2.343139146,Regular,9,Update,Deployment,false
2.362929929,Regular,5,Delete,ConfigMap,false
2.382588433,Regular,4,Delete,Deployment,false
2.402950055,Regular,8,Create,Deployment,false
2.422989007,Regular,7,Create,ConfigMap,false
2.442663261,Regular,8,Update,Deployment,false
2.462740195,Regular,5,Delete,ConfigMap,false
2.483121755,Regular,6,Delete,Deployment,false
2.503040731,Regular,6,Create,Deployment,false
2.522745672,Regular,4,Create,ConfigMap,false
2.5426327779999998,Regular,12,Update,Deployment,false
2.562736873,Regular,5,Delete,ConfigMap,false
2.582221668,Regular,5,Delete,Deployment,false
2.602871946,Regular,6,Create,Deployment,false
2.622839333,Regular,6,Create,ConfigMap,false
2.642849181,Regular,6,Update,Deployment,false
2.662662817,Regular,4,Delete,ConfigMap,false
2.682764218,Regular,5,Delete,Deployment,false
2.702161328,Regular,6,Create,Deployment,false
2.72213676,Regular,7,Create,ConfigMap,false
2.742838926,Regular,8,Update,Deployment,false
2.762800702,Regular,5,Delete,ConfigMap,false
2.7837987870000003,Regular,7,Delete,Deployment,false
2.802583389,Regular,7,Create,Deployment,false
2.823182129,Regular,5,Create,ConfigMap,false
2.842207016,Regular,8,Update,Deployment,false
2.862174603,Regular,6,Delete,ConfigMap,false
2.882626746,Regular,6,Delete,Deployment,false
2.90309512,Regular,8,Create,Deployment,false
2.922819959,Regular,6,Create,ConfigMap,false
2.942872978,Regular,8,Update,Deployment,false
2.9631727740000002,Regular,6,Delete,ConfigMap,false
2.982923251,Regular,5,Delete,Deployment,false
2.023301862,Regular,6,Create,ConfigMap,false
2.042374038,Regular,8,Update,Deployment,false
2.06322294,Regular,3,Delete,ConfigMap,false
2.083055493,Regular,5,Delete,Deployment,false
2.102687717,Regular,8,Create,Deployment,false
2.122293421,Regular,6,Create,ConfigMap,false
2.142881511,Regular,6,Update,Deployment,false
2.16282366,Regular,5,Delete,ConfigMap,false
2.182366696,Regular,8,Delete,Deployment,false
2.203107354,Regular,5,Create,Deployment,false
2.222316228,Regular,6,Create,ConfigMap,false
2.242991833,Regular,7,Update,Deployment,false
2.2627490740000002,Regular,4,Delete,ConfigMap,false
2.282232787,Regular,5,Delete,Deployment,false
2.3032352,Regular,8,Create,Deployment,false
2.322201445,Regular,7,Create,ConfigMap,false
2.343021453,Regular,8,Update,Deployment,false
2.362957441,Regular,5,Delete,ConfigMap,false
2.382689835,Regular,4,Delete,Deployment,false
2.402923806,Regular,6,Create,Deployment,false
2.423081021,Regular,6,Create,ConfigMap,false
2.442689981,Regular,7,Update,Deployment,false
2.463068636,Regular,5,Delete,ConfigMap,false
2.483163844,Regular,4,Delete,Deployment,false
2.503070507,Regular,6,Create,Deployment,false
2.522716196,Regular,6,Create,ConfigMap,false
2.542668195,Regular,12,Update,Deployment,false
2.5627088799999997,Regular,3,Delete,ConfigMap,false
2.582245924,Regular,3,Delete,Deployment,false
2.602943752,Regular,6,Create,Deployment,false
2.622885821,Regular,6,Create,ConfigMap,false
2.642754161,Regular,6,Update,Deployment,false
2.6627102369999998,Regular,4,Delete,ConfigMap,false
2.682803502,Regular,5,Delete,Deployment,false
2.702115691,Regular,6,Create,Deployment,false
2.722279299,Regular,6,Create,ConfigMap,false
2.742879282,Regular,8,Update,Deployment,false
2.762807315,Regular,5,Delete,ConfigMap,false
2.783921298,Regular,7,Delete,Deployment,false
2.802727762,Regular,8,Create,Deployment,false
2.823258644,Regular,5,Create,ConfigMap,false
2.842299841,Regular,11,Update,Deployment,false
2.862306753,Regular,6,Delete,ConfigMap,false
2.882634461,Regular,6,Delete,Deployment,false
2.903076455,Regular,7,Create,Deployment,false
2.922963971,Regular,6,Create,ConfigMap,false
2.943014766,Regular,8,Update,Deployment,false
2.963296748,Regular,5,Delete,ConfigMap,false
2.982915787,Regular,5,Delete,Deployment,false
2.023222743,Regular,6,Create,ConfigMap,false
2.042419444,Regular,8,Update,Deployment,false
2.06305327,Regular,5,Delete,ConfigMap,false
2.083171212,Regular,4,Delete,Deployment,false
2.102682197,Regular,8,Create,Deployment,false
2.122299482,Regular,6,Create,ConfigMap,false
2.14278038,Regular,7,Update,Deployment,false
2.162988612,Regular,4,Delete,ConfigMap,false
2.1823108700000002,Regular,6,Delete,Deployment,false
2.203094389,Regular,6,Create,Deployment,false
2.222227099,Regular,5,Create,ConfigMap,false
2.242993216,Regular,6,Update,Deployment,false
2.262829766,Regular,4,Delete,ConfigMap,false
2.282417556,Regular,5,Delete,Deployment,false
2.303221003,Regular,9,Create,Deployment,false
2.322425208,Regular,6,Create,ConfigMap,false
2.342905695,Regular,8,Update,Deployment,false
2.363165284,Regular,5,Delete,ConfigMap,false
2.382597631,Regular,4,Delete,Deployment,false
2.403070643,Regular,7,Create,Deployment,false
2.423020928,Regular,6,Create,ConfigMap,false
2.442733463,Regular,7,Update,Deployment,false
2.463076661,Regular,5,Delete,ConfigMap,false
2.483142995,Regular,5,Delete,Deployment,false
2.503211043,Regular,6,Create,Deployment,false
2.522776831,Regular,5,Create,ConfigMap,false
2.54279279,Regular,12,Update,Deployment,false
2.562801195,Regular,5,Delete,ConfigMap,false
2.582245894,Regular,4,Delete,Deployment,false
2.602858811,Regular,6,Create,Deployment,false
2.622899918,Regular,6,Create,ConfigMap,false
2.642847798,Regular,6,Update,Deployment,false
2.662741085,Regular,4,Delete,ConfigMap,false
2.682875849,Regular,4,Delete,Deployment,false
2.702177468,Regular,6,Create,Deployment,false
2.722400228,Regular,6,Create,ConfigMap,false
2.742924076,Regular,6,Update,Deployment,false
2.762929015,Regular,5,Delete,ConfigMap,false
2.783801011,Regular,6,Delete,Deployment,false
2.802612574,Regular,8,Create,Deployment,false
2.823017358,Regular,6,Create,ConfigMap,false
2.842235279,Regular,8,Update,Deployment,false
2.8622283250000002,Regular,5,Delete,ConfigMap,false
2.882611397,Regular,6,Delete,Deployment,false
2.902900172,Regular,8,Create,Deployment,false
2.923202462,Regular,6,Create,ConfigMap,false
2.942834195,Regular,8,Update,Deployment,false
2.963434077,Regular,5,Delete,ConfigMap,false
2.982677026,Regular,5,Delete,Deployment,false
2.023194189,Regular,6,Create,ConfigMap,false
2.04233839,Regular,7,Update,Deployment,false
2.06302145,Regular,5,Delete,ConfigMap,false
2.083072926,Regular,5,Delete,Deployment,false
2.102697445,Regular,8,Create,Deployment,false
2.122193873,Regular,6,Create,ConfigMap,false
2.142827779,Regular,6,Update,Deployment,false
2.16269668,Regular,5,Delete,ConfigMap,false
2.182355835,Regular,5,Delete,Deployment,false
2.203260353,Regular,6,Create,Deployment,false
2.22222711,Regular,5,Create,ConfigMap,false
2.242906612,Regular,6,Update,Deployment,false
2.262834725,Regular,4,Delete,ConfigMap,false
2.282381798,Regular,5,Delete,Deployment,false
2.303188261,Regular,7,Create,Deployment,false
2.322196937,Regular,7,Create,ConfigMap,false
2.342895676,Regular,9,Update,Deployment,false
2.363164162,Regular,5,Delete,ConfigMap,false
2.382641564,Regular,4,Delete,Deployment,false
2.402994449,Regular,6,Create,Deployment,false
2.423019756,Regular,7,Create,ConfigMap,false
2.442806011,Regular,6,Update,Deployment,false
2.462787094,Regular,5,Delete,ConfigMap,false
2.483323346,Regular,5,Delete,Deployment,false
2.502852054,Regular,7,Create,Deployment,false
2.522848386,Regular,5,Create,ConfigMap,false
2.542753776,Regular,12,Update,Deployment,false
2.562900943,Regular,4,Delete,ConfigMap,false
2.58230189,Regular,5,Delete,Deployment,false
2.60290031,Regular,5,Create,Deployment,false
2.623030404,Regular,6,Create,ConfigMap,false
2.642786602,Regular,6,Update,Deployment,false
2.662547058,Regular,4,Delete,ConfigMap,false
2.682997258,Regular,4,Delete,Deployment,false
2.702426919,Regular,5,Create,Deployment,false
2.722214236,Regular,7,Create,ConfigMap,false
2.743008456,Regular,8,Update,Deployment,false
2.7628101000000003,Regular,5,Delete,ConfigMap,false
2.783638634,Regular,9,Delete,Deployment,false
2.8026367199999997,Regular,9,Create,Deployment,false
2.823339316,Regular,5,Create,ConfigMap,false
2.842258152,Regular,8,Update,Deployment,false
2.8622760449999998,Regular,5,Delete,ConfigMap,false
2.882813008,Regular,6,Delete,Deployment,false
2.902875495,Regular,8,Create,Deployment,false
2.9228757549999997,Regular,6,Create,ConfigMap,false
2.942860164,Regular,8,Update,Deployment,false
2.963319321,Regular,5,Delete,ConfigMap,false
2.982781513,Regular,4,Delete,Deployment,false
2.023271996,Regular,6,Create,ConfigMap,false
2.042561372,Regular,6,Update,Deployment,false
2.063109376,Regular,5,Delete,ConfigMap,false
2.082936698,Regular,6,Delete,Deployment,false
2.102716151,Regular,8,Create,Deployment,false
2.122318478,Regular,6,Create,ConfigMap,false
2.142866603,Regular,7,Update,Deployment,false
2.162832687,Regular,4,Delete,ConfigMap,false
2.182281334,Regular,4,Delete,Deployment,false
2.203076936,Regular,5,Create,Deployment,false
2.222217181,Regular,6,Create,ConfigMap,false
2.242806413,Regular,6,Update,Deployment,false
2.26287979,Regular,4,Delete,ConfigMap,false
2.2821662209999998,Regular,6,Delete,Deployment,false
2.303334347,Regular,9,Create,Deployment,false
2.322302126,Regular,6,Create,ConfigMap,false
2.3429652770000002,Regular,9,Update,Deployment,false
2.363150506,Regular,6,Delete,ConfigMap,false
2.382547907,Regular,4,Delete,Deployment,false
2.403045826,Regular,5,Create,Deployment,false
2.423059781,Regular,6,Create,ConfigMap,false
2.442756858,Regular,6,Update,Deployment,false
2.462893194,Regular,5,Delete,ConfigMap,false
2.483191306,Regular,5,Delete,Deployment,false
2.502932536,Regular,7,Create,Deployment,false
2.522880527,Regular,5,Create,ConfigMap,false
2.542661221,Regular,12,Update,Deployment,false
2.56284626,Regular,4,Delete,ConfigMap,false
2.582197883,Regular,5,Delete,Deployment,false
2.6028322409999998,Regular,6,Create,Deployment,false
2.622969269,Regular,5,Create,ConfigMap,false
2.642946214,Regular,7,Update,Deployment,false
2.662608675,Regular,4,Delete,ConfigMap,false
2.682860269,Regular,5,Delete,Deployment,false
2.702195131,Regular,5,Create,Deployment,false
2.72221646,Regular,7,Create,ConfigMap,false
2.742817305,Regular,8,Update,Deployment,false
2.762867158,Regular,5,Delete,ConfigMap,false
2.783978256,Regular,7,Delete,Deployment,false
2.802800008,Regular,9,Create,Deployment,false
2.8229844760000002,Regular,6,Create,ConfigMap,false
2.842303879,Regular,11,Update,Deployment,false
2.862296423,Regular,6,Delete,ConfigMap,false
2.882667303,Regular,6,Delete,Deployment,false
2.902945257,Regular,6,Create,Deployment,false
2.922837492,Regular,6,Create,ConfigMap,false
2.9430028139999997,Regular,8,Update,Deployment,false
2.9631867,Regular,4,Delete,ConfigMap,false
2.982839763,Regular,5,Delete,Deployment,false
2.002462377,Regular,7,Create,Deployment,false
2.023414855,Regular,6,Create,ConfigMap,false
2.042423601,Regular,7,Update,Deployment,false
2.06333939,Regular,4,Delete,ConfigMap,false
2.082890331,Regular,4,Delete,Deployment,false
2.102887404,Regular,9,Create,Deployment,false
2.122181309,Regular,6,Create,ConfigMap,false
2.142849641,Regular,6,Update,Deployment,false
2.162906557,Regular,4,Delete,ConfigMap,false
2.1822294859999998,Regular,8,Delete,Deployment,false
2.20306312,Regular,7,Create,Deployment,false
2.22225908,Regular,4,Create,ConfigMap,false
2.243077796,Regular,6,Update,Deployment,false
2.262829756,Regular,5,Delete,ConfigMap,false
2.282251923,Regular,5,Delete,Deployment,false
2.30342571,Regular,9,Create,Deployment,false
2.322356288,Regular,6,Create,ConfigMap,false
2.343151659,Regular,8,Update,Deployment,false
2.362980285,Regular,6,Delete,ConfigMap,false
2.382630312,Regular,4,Delete,Deployment,false
2.40303746,Regular,7,Create,Deployment,false
2.423046065,Regular,6,Create,ConfigMap,false
2.442671476,Regular,8,Update,Deployment,false
2.462746056,Regular,5,Delete,ConfigMap,false
2.483104242,Regular,5,Delete,Deployment,false
2.502906557,Regular,6,Create,Deployment,false
2.522914832,Regular,5,Create,ConfigMap,false
2.542843045,Regular,12,Update,Deployment,false
2.5627221049999998,Regular,5,Delete,ConfigMap,false
2.582170732,Regular,5,Delete,Deployment,false
2.603061915,Regular,5,Create,Deployment,false
2.622984548,Regular,5,Create,ConfigMap,false
2.642893043,Regular,6,Update,Deployment,false
2.66263265,Regular,4,Delete,ConfigMap,false
2.682913811,Regular,4,Delete,Deployment,false
2.7021274440000003,Regular,6,Create,Deployment,false
2.722146468,Regular,6,Create,ConfigMap,false
2.742828857,Regular,8,Update,Deployment,false
2.76278375,Regular,4,Delete,ConfigMap,false
2.783798757,Regular,7,Delete,Deployment,false
2.802563982,Regular,9,Create,Deployment,false
2.823159366,Regular,6,Create,ConfigMap,false
2.842437642,Regular,9,Update,Deployment,false
2.862207295,Regular,6,Delete,ConfigMap,false
2.882768093,Regular,6,Delete,Deployment,false
2.903123614,Regular,8,Create,Deployment,false
2.922922974,Regular,6,Create,ConfigMap,false
2.942946858,Regular,7,Update,Deployment,false
2.96329777,Regular,5,Delete,ConfigMap,false
2.982650075,Regular,5,Delete,Deployment,false
2.002500168,Regular,7,Create,Deployment,false
2.023368207,Regular,6,Create,ConfigMap,false
2.042391371,Regular,7,Update,Deployment,false
2.063340362,Regular,5,Delete,ConfigMap,false
2.082956887,Regular,5,Delete,Deployment,false
2.102987914,Regular,7,Create,Deployment,false
2.122336402,Regular,6,Create,ConfigMap,false
2.142698505,Regular,6,Update,Deployment,false
2.162720034,Regular,4,Delete,ConfigMap,false
2.182356607,Regular,5,Delete,Deployment,false
2.2031609149999998,Regular,6,Create,Deployment,false
2.222207933,Regular,6,Create,ConfigMap,false
2.242981003,Regular,7,Update,Deployment,false
2.262940716,Regular,4,Delete,ConfigMap,false
2.282387349,Regular,6,Delete,Deployment,false
2.303565684,Regular,7,Create,Deployment,false
2.322148105,Regular,7,Create,ConfigMap,false
2.34315185,Regular,6,Update,Deployment,false
2.3629591149999998,Regular,5,Delete,ConfigMap,false
2.382611537,Regular,4,Delete,Deployment,false
2.402933374,Regular,6,Create,Deployment,false
2.4230887660000002,Regular,7,Create,ConfigMap,false
2.442745637,Regular,8,Update,Deployment,false
2.462789508,Regular,5,Delete,ConfigMap,false
2.483190996,Regular,6,Delete,Deployment,false
2.502985506,Regular,7,Create,Deployment,false
2.522826364,Regular,4,Create,ConfigMap,false
2.542838697,Regular,12,Update,Deployment,false
2.562801325,Regular,5,Delete,ConfigMap,false
2.582139042,Regular,4,Delete,Deployment,false
2.602843462,Regular,5,Create,Deployment,false
2.622898445,Regular,6,Create,ConfigMap,false
2.642966262,Regular,7,Update,Deployment,false
2.6625582100000003,Regular,4,Delete,ConfigMap,false
2.682940341,Regular,4,Delete,Deployment,false
2.702184802,Regular,6,Create,Deployment,false
2.722206221,Regular,7,Create,ConfigMap,false
2.742949525,Regular,8,Update,Deployment,false
2.763057497,Regular,5,Delete,ConfigMap,false
2.783714748,Regular,9,Delete,Deployment,false
2.802999485,Regular,9,Create,Deployment,false
2.82336752,Regular,6,Create,ConfigMap,false
2.842380484,Regular,8,Update,Deployment,false
2.862158633,Regular,6,Delete,ConfigMap,false
2.8827360029999998,Regular,6,Delete,Deployment,false
2.902862851,Regular,8,Create,Deployment,false
2.9228049609999998,Regular,6,Create,ConfigMap,false
2.942950565,Regular,8,Update,Deployment,false
2.963207098,Regular,6,Delete,ConfigMap,false
2.982884408,Regular,4,Delete,Deployment,false
2.001907008,Regular,5,Create,Deployment,false
2.0218004450000002,Regular,8,Create,ConfigMap,false
2.041207023,Regular,6,Update,Deployment,false
2.061710653,Regular,3,Delete,ConfigMap,false
2.081601696,Regular,3,Delete,Deployment,false
2.101214042,Regular,7,Create,Deployment,false
2.122111838,Regular,6,Create,ConfigMap,false
2.141726358,Regular,5,Update,Deployment,false
2.161336831,Regular,2,Delete,ConfigMap,false
2.182037975,Regular,6,Delete,Deployment,false
2.201784394,Regular,6,Create,Deployment,false
2.222282995,Regular,6,Create,ConfigMap,false
2.241848062,Regular,6,Update,Deployment,false
2.261525111,Regular,3,Delete,ConfigMap,false
2.28192233,Regular,6,Delete,Deployment,false
2.301730176,Regular,7,Create,Deployment,false
2.321930433,Regular,7,Create,ConfigMap,false
2.341570662,Regular,7,Update,Deployment,false
2.361558709,Regular,4,Delete,ConfigMap,false
2.381309076,Regular,3,Delete,Deployment,false
2.401630722,Regular,7,Create,Deployment,false
2.421574255,Regular,7,Create,ConfigMap,false
2.441628305,Regular,5,Update,Deployment,false
2.461380927,Regular,4,Delete,ConfigMap,false
2.481824123,Regular,2,Delete,Deployment,false
2.5015236339999998,Regular,7,Create,Deployment,false
2.521379561,Regular,5,Create,ConfigMap,false
2.541828147,Regular,13,Update,Deployment,false
2.5614772329999997,Regular,3,Delete,ConfigMap,false
2.5823495100000002,Regular,5,Delete,Deployment,false
2.601552823,Regular,6,Create,Deployment,false
2.621525902,Regular,6,Create,ConfigMap,false
2.641900478,Regular,5,Update,Deployment,false
2.6613243779999998,Regular,3,Delete,ConfigMap,false
2.6815241050000003,Regular,3,Delete,Deployment,false
2.702082889,Regular,6,Create,Deployment,false
2.721950508,Regular,7,Create,ConfigMap,false
2.7415368449999997,Regular,9,Update,Deployment,false
2.761424932,Regular,3,Delete,ConfigMap,false
2.781792817,Regular,5,Delete,Deployment,false
2.801218029,Regular,8,Create,Deployment,false
2.821572939,Regular,7,Create,ConfigMap,false
2.841880008,Regular,11,Update,Deployment,false
2.8619255729999997,Regular,6,Delete,ConfigMap,false
2.881299549,Regular,3,Delete,Deployment,false
2.901612639,Regular,7,Create,Deployment,false
2.92139139,Regular,6,Create,ConfigMap,false
2.94184207,Regular,9,Update,Deployment,false
2.961883347,Regular,3,Delete,ConfigMap,false
2.98135616,Regular,3,Delete,Deployment,false
3.001196738,Regular,7,Create,Deployment,false
2.002257941,Regular,7,Create,Deployment,false
2.023347338,Regular,7,Create,ConfigMap,false
2.042471582,Regular,8,Update,Deployment,false
2.063040936,Regular,5,Delete,ConfigMap,false
2.082924576,Regular,6,Delete,Deployment,false
2.102519149,Regular,9,Create,Deployment,false
2.122287059,Regular,6,Create,ConfigMap,false
2.142756625,Regular,6,Update,Deployment,false
2.162647447,Regular,5,Delete,ConfigMap,false
2.18250101,Regular,7,Delete,Deployment,false
2.203235506,Regular,6,Create,Deployment,false
2.22223289,Regular,5,Create,ConfigMap,false
2.242961156,Regular,6,Update,Deployment,false
2.262762098,Regular,4,Delete,ConfigMap,false
2.282215444,Regular,5,Delete,Deployment,false
2.303581855,Regular,7,Create,Deployment,false
2.322259966,Regular,7,Create,ConfigMap,false
2.343079263,Regular,9,Update,Deployment,false
2.363005803,Regular,5,Delete,ConfigMap,false
2.382645802,Regular,4,Delete,Deployment,false
2.403119646,Regular,6,Create,Deployment,false
2.422917603,Regular,6,Create,ConfigMap,false
2.442698167,Regular,8,Update,Deployment,false
2.462764661,Regular,5,Delete,ConfigMap,false
2.483256399,Regular,6,Delete,Deployment,false
2.502867804,Regular,8,Create,Deployment,false
2.522831674,Regular,5,Create,ConfigMap,false
2.542895173,Regular,12,Update,Deployment,false
2.56283566,Regular,5,Delete,ConfigMap,false
2.582219524,Regular,4,Delete,Deployment,false
2.603050994,Regular,6,Create,Deployment,false
2.6230116089999997,Regular,6,Create,ConfigMap,false
2.642973295,Regular,6,Update,Deployment,false
2.662628272,Regular,4,Delete,ConfigMap,false
2.682896879,Regular,5,Delete,Deployment,false
2.702245457,Regular,5,Create,Deployment,false
2.722125919,Regular,6,Create,ConfigMap,false
2.742903027,Regular,8,Update,Deployment,false
2.763004477,Regular,5,Delete,ConfigMap,false
2.783706041,Regular,9,Delete,Deployment,false
2.80299668,Regular,9,Create,Deployment,false
2.823371998,Regular,5,Create,ConfigMap,false
2.842131744,Regular,11,Update,Deployment,false
2.862248062,Regular,6,Delete,ConfigMap,false
2.8827149629999997,Regular,5,Delete,Deployment,false
2.902914659,Regular,8,Create,Deployment,false
2.9229793600000002,Regular,6,Create,ConfigMap,false
2.942942069,Regular,7,Update,Deployment,false
2.9631592380000003,Regular,6,Delete,ConfigMap,false
2.982868678,Regular,4,Delete,Deployment,false
3.002905155,Regular,8,Create,Deployment,false
3.001185416,Regular,7,Create,Deployment,false
3.021174434,Regular,12,Create,ConfigMap,false
3.041410379,Regular,6,Update,Deployment,false
3.06124759,Regular,3,Delete,ConfigMap,false
3.082073179,Regular,6,Delete,Deployment,false
3.101436054,Regular,7,Create,Deployment,false
3.121929535,Regular,6,Create,ConfigMap,false
3.141456991,Regular,7,Update,Deployment,false
3.161618966,Regular,3,Delete,ConfigMap,false
3.181539946,Regular,3,Delete,Deployment,false
3.201202457,Regular,6,Create,Deployment,false
3.221812348,Regular,6,Create,ConfigMap,false
3.241980865,Regular,6,Update,Deployment,false
3.262292202,Regular,5,Delete,ConfigMap,false
3.281261003,Regular,3,Delete,Deployment,false
3.30122307,Regular,8,Create,Deployment,false
3.321882274,Regular,6,Create,ConfigMap,false
3.342026596,Regular,6,Update,Deployment,false
3.36160571,Regular,4,Delete,ConfigMap,false
3.381539914,Regular,3,Delete,Deployment,false
3.402032433,Regular,7,Create,Deployment,false
3.421818849,Regular,5,Create,ConfigMap,false
3.441728607,Regular,5,Update,Deployment,false
3.462339821,Regular,4,Delete,ConfigMap,false
3.4816013740000002,Regular,3,Delete,Deployment,false
3.501803215,Regular,7,Create,Deployment,false
3.521460376,Regular,6,Create,ConfigMap,false
3.5420546870000003,Regular,6,Update,Deployment,false
3.561397124,Regular,3,Delete,ConfigMap,false
3.58119446,Regular,3,Delete,Deployment,false
3.601536134,Regular,6,Create,Deployment,false
3.62178323,Regular,8,Create,ConfigMap,false
3.6421878530000003,Regular,8,Update,Deployment,false
3.661468974,Regular,7,Delete,ConfigMap,false
3.6815295470000002,Regular,4,Delete,Deployment,false
3.701605169,Regular,7,Create,Deployment,false
3.721702181,Regular,8,Create,ConfigMap,false
3.7418270959999997,Regular,6,Update,Deployment,false
3.761402943,Regular,6,Delete,ConfigMap,false
3.781424102,Regular,3,Delete,Deployment,false
3.801480798,Regular,7,Create,Deployment,false
3.8214830109999998,Regular,5,Create,ConfigMap,false
3.841903645,Regular,5,Update,Deployment,false
3.861333075,Regular,2,Delete,ConfigMap,false
3.881854209,Regular,3,Delete,Deployment,false
3.901525486,Regular,8,Create,Deployment,false
3.922020481,Regular,6,Create,ConfigMap,false
3.9416957459999997,Regular,6,Update,Deployment,false
3.9612145659999998,Regular,2,Delete,ConfigMap,false
3.982235884,Regular,6,Delete,Deployment,false
3.021186187,Regular,17,Create,ConfigMap,false
3.041419436,Regular,5,Update,Deployment,false
3.061260024,Regular,3,Delete,ConfigMap,false
3.082092836,Regular,6,Delete,Deployment,false
3.101449239,Regular,6,Create,Deployment,false
3.121923023,Regular,5,Create,ConfigMap,false
3.14147753,Regular,5,Update,Deployment,false
3.161635427,Regular,2,Delete,ConfigMap,false
3.18153695,Regular,5,Delete,Deployment,false
3.201212616,Regular,7,Create,Deployment,false
3.22181858,Regular,6,Create,ConfigMap,false
3.241984632,Regular,8,Update,Deployment,false
3.262249231,Regular,5,Delete,ConfigMap,false
3.281276632,Regular,3,Delete,Deployment,false
3.301228651,Regular,7,Create,Deployment,false
3.321898986,Regular,6,Create,ConfigMap,false
3.3420392,Regular,6,Update,Deployment,false
3.361617131,Regular,4,Delete,ConfigMap,false
3.381531558,Regular,2,Delete,Deployment,false
3.402042853,Regular,6,Create,Deployment,false
3.421841922,Regular,5,Create,ConfigMap,false
3.441739097,Regular,5,Update,Deployment,false
3.462294986,Regular,3,Delete,ConfigMap,false
3.481627093,Regular,2,Delete,Deployment,false
3.50179545,Regular,6,Create,Deployment,false
3.521470094,Regular,6,Create,ConfigMap,false
3.542080807,Regular,8,Update,Deployment,false
3.561406121,Regular,2,Delete,ConfigMap,false
3.58122107,Regular,2,Delete,Deployment,false
3.601548658,Regular,6,Create,Deployment,false
3.621795102,Regular,8,Create,ConfigMap,false
3.642304624,Regular,8,Update,Deployment,false
3.6614774900000002,Regular,6,Delete,ConfigMap,false
3.6815525,Regular,5,Delete,Deployment,false
3.701617272,Regular,7,Create,Deployment,false
3.72170692,Regular,6,Create,ConfigMap,false
3.741853065,Regular,7,Update,Deployment,false
3.761423893,Regular,6,Delete,ConfigMap,false
3.781426877,Regular,4,Delete,Deployment,false
3.801496297,Regular,6,Create,Deployment,false
3.821483001,Regular,5,Create,ConfigMap,false
3.84191208,Regular,6,Update,Deployment,false
3.8613378750000003,Regular,3,Delete,ConfigMap,false
3.881866612,Regular,2,Delete,Deployment,false
3.901537239,Regular,7,Create,Deployment,false
3.92202543,Regular,6,Create,ConfigMap,false
3.941705344,Regular,7,Update,Deployment,false
3.9612256869999998,Regular,3,Delete,ConfigMap,false
3.982613418,Regular,6,Delete,Deployment,false
3.002553762,Regular,8,Create,Deployment,false
3.022444925,Regular,16,Create,ConfigMap,false
3.042372637,Regular,7,Update,Deployment,false
3.062680127,Regular,5,Delete,ConfigMap,false
3.082471662,Regular,5,Delete,Deployment,false
3.102808698,Regular,7,Create,Deployment,false
3.123143058,Regular,5,Create,ConfigMap,false
3.142449136,Regular,7,Update,Deployment,false
3.162993133,Regular,5,Delete,ConfigMap,false
3.182870289,Regular,8,Delete,Deployment,false
3.202701389,Regular,7,Create,Deployment,false
3.223137432,Regular,6,Create,ConfigMap,false
3.243267767,Regular,7,Update,Deployment,false
3.262328681,Regular,5,Delete,ConfigMap,false
3.282558003,Regular,5,Delete,Deployment,false
3.302954501,Regular,8,Create,Deployment,false
3.322132938,Regular,6,Create,ConfigMap,false
3.342277109,Regular,6,Update,Deployment,false
3.3630333869999998,Regular,7,Delete,ConfigMap,false
3.382958364,Regular,7,Delete,Deployment,false
3.402278999,Regular,6,Create,Deployment,false
3.423214806,Regular,5,Create,ConfigMap,false
3.442703479,Regular,7,Update,Deployment,false
3.462260551,Regular,5,Delete,ConfigMap,false
3.482839163,Regular,9,Delete,Deployment,false
3.503313779,Regular,5,Create,Deployment,false
3.522813582,Regular,5,Create,ConfigMap,false
3.542205522,Regular,7,Update,Deployment,false
3.562700106,Regular,2,Delete,ConfigMap,false
3.582589465,Regular,4,Delete,Deployment,false
3.603052539,Regular,6,Create,Deployment,false
3.62310101,Regular,8,Create,ConfigMap,false
3.64216518,Regular,8,Update,Deployment,false
3.662772056,Regular,6,Delete,ConfigMap,false
3.683156972,Regular,7,Delete,Deployment,false
3.703120522,Regular,8,Create,Deployment,false
3.723327562,Regular,6,Create,ConfigMap,false
3.742960658,Regular,7,Update,Deployment,false
3.76334337,Regular,6,Delete,ConfigMap,false
3.782951308,Regular,5,Delete,Deployment,false
3.803058369,Regular,6,Create,Deployment,false
3.822912973,Regular,5,Create,ConfigMap,false
3.842792614,Regular,5,Update,Deployment,false
3.862735866,Regular,6,Delete,ConfigMap,false
3.883228626,Regular,5,Delete,Deployment,false
3.903030941,Regular,6,Create,Deployment,false
3.922211121,Regular,6,Create,ConfigMap,false
3.942792598,Regular,11,Update,Deployment,false
3.96285233,Regular,5,Delete,ConfigMap,false
3.982421004,Regular,6,Delete,Deployment,false
3.002585932,Regular,6,Create,Deployment,false
3.022494829,Regular,15,Create,ConfigMap,false
3.042224267,Regular,7,Update,Deployment,false
3.062632266,Regular,5,Delete,ConfigMap,false
3.082197514,Regular,6,Delete,Deployment,false
3.102856057,Regular,6,Create,Deployment,false
3.123213601,Regular,5,Create,ConfigMap,false
3.142389994,Regular,6,Update,Deployment,false
3.162921878,Regular,5,Delete,ConfigMap,false
3.183038798,Regular,8,Delete,Deployment,false
3.202635925,Regular,5,Create,Deployment,false
3.223334063,Regular,6,Create,ConfigMap,false
3.243133774,Regular,8,Update,Deployment,false
3.2622222499999998,Regular,5,Delete,ConfigMap,false
3.282572601,Regular,5,Delete,Deployment,false
3.30287439,Regular,8,Create,Deployment,false
3.322243267,Regular,6,Create,ConfigMap,false
3.342350568,Regular,7,Update,Deployment,false
3.36315682,Regular,4,Delete,ConfigMap,false
3.382909271,Regular,8,Delete,Deployment,false
3.402328323,Regular,7,Create,Deployment,false
3.423138973,Regular,5,Create,ConfigMap,false
3.4425641860000002,Regular,6,Update,Deployment,false
3.462338598,Regular,4,Delete,ConfigMap,false
3.483104344,Regular,9,Delete,Deployment,false
3.503094825,Regular,5,Create,Deployment,false
3.5227117100000003,Regular,6,Create,ConfigMap,false
3.542308026,Regular,7,Update,Deployment,false
3.562748928,Regular,3,Delete,ConfigMap,false
3.582747835,Regular,4,Delete,Deployment,false
3.60293655,Regular,6,Create,Deployment,false
3.623382231,Regular,8,Create,ConfigMap,false
3.642250922,Regular,7,Update,Deployment,false
3.662878297,Regular,7,Delete,ConfigMap,false
3.683117578,Regular,8,Delete,Deployment,false
3.703529224,Regular,7,Create,Deployment,false
3.7230853440000002,Regular,6,Create,ConfigMap,false
3.742931813,Regular,8,Update,Deployment,false
3.763317471,Regular,6,Delete,ConfigMap,false
3.783109416,Regular,5,Delete,Deployment,false
3.803219403,Regular,8,Create,Deployment,false
3.823028251,Regular,5,Create,ConfigMap,false
3.8428008399999998,Regular,6,Update,Deployment,false
3.862741747,Regular,5,Delete,ConfigMap,false
3.8831999120000003,Regular,5,Delete,Deployment,false
3.902872071,Regular,7,Create,Deployment,false
3.9222827860000002,Regular,7,Create,ConfigMap,false
3.942714511,Regular,11,Update,Deployment,false
3.962634078,Regular,5,Delete,ConfigMap,false
3.982210486,Regular,6,Delete,Deployment,false
3.002800097,Regular,7,Create,Deployment,false
3.0224628080000002,Regular,15,Create,ConfigMap,false
3.042450524,Regular,6,Update,Deployment,false
3.062545623,Regular,5,Delete,ConfigMap,false
3.082294166,Regular,5,Delete,Deployment,false
3.102964672,Regular,6,Create,Deployment,false
3.123192792,Regular,5,Create,ConfigMap,false
3.142436863,Regular,6,Update,Deployment,false
3.163025544,Regular,5,Delete,ConfigMap,false
3.183125712,Regular,7,Delete,Deployment,false
3.202626287,Regular,8,Create,Deployment,false
3.223203837,Regular,6,Create,ConfigMap,false
3.243273157,Regular,8,Update,Deployment,false
3.262351965,Regular,4,Delete,ConfigMap,false
3.282590855,Regular,5,Delete,Deployment,false
3.302706934,Regular,8,Create,Deployment,false
3.322349127,Regular,6,Create,ConfigMap,false
3.342445307,Regular,7,Update,Deployment,false
3.363052403,Regular,4,Delete,ConfigMap,false
3.382899523,Regular,6,Delete,Deployment,false
3.402241188,Regular,6,Create,Deployment,false
3.423178407,Regular,6,Create,ConfigMap,false
3.442743625,Regular,5,Update,Deployment,false
3.462204034,Regular,3,Delete,ConfigMap,false
3.482850835,Regular,9,Delete,Deployment,false
3.503082782,Regular,5,Create,Deployment,false
3.522687975,Regular,5,Create,ConfigMap,false
3.542175586,Regular,7,Update,Deployment,false
3.562691169,Regular,4,Delete,ConfigMap,false
3.582645652,Regular,4,Delete,Deployment,false
3.602980904,Regular,6,Create,Deployment,false
3.623171383,Regular,8,Create,ConfigMap,false
3.642179648,Regular,8,Update,Deployment,false
3.6630161770000003,Regular,5,Delete,ConfigMap,false
3.6829065290000003,Regular,8,Delete,Deployment,false
3.703022637,Regular,6,Create,Deployment,false
3.723139597,Regular,6,Create,ConfigMap,false
3.7431535719999998,Regular,7,Update,Deployment,false
3.762939206,Regular,6,Delete,ConfigMap,false
3.782811694,Regular,5,Delete,Deployment,false
3.803091762,Regular,8,Create,Deployment,false
3.823040333,Regular,5,Create,ConfigMap,false
3.842864139,Regular,7,Update,Deployment,false
3.8628107270000003,Regular,5,Delete,ConfigMap,false
3.883157742,Regular,4,Delete,Deployment,false
3.902974254,Regular,6,Create,Deployment,false
3.922325958,Regular,6,Create,ConfigMap,false
3.942760928,Regular,11,Update,Deployment,false
3.96269331,Regular,5,Delete,ConfigMap,false
3.98241373,Regular,6,Delete,Deployment,false
3.002522963,Regular,6,Create,Deployment,false
3.022472857,Regular,15,Create,ConfigMap,false
3.042278399,Regular,7,Update,Deployment,false
3.062661862,Regular,4,Delete,ConfigMap,false
3.082225948,Regular,5,Delete,Deployment,false
3.102736401,Regular,6,Create,Deployment,false
3.123165541,Regular,4,Create,ConfigMap,false
3.142407187,Regular,7,Update,Deployment,false
3.163084916,Regular,5,Delete,ConfigMap,false
3.182904654,Regular,8,Delete,Deployment,false
3.202803702,Regular,7,Create,Deployment,false
3.223116071,Regular,5,Create,ConfigMap,false
3.243181063,Regular,7,Update,Deployment,false
3.262404304,Regular,5,Delete,ConfigMap,false
3.282680425,Regular,5,Delete,Deployment,false
3.302563302,Regular,9,Create,Deployment,false
3.32226629,Regular,6,Create,ConfigMap,false
3.342294242,Regular,7,Update,Deployment,false
3.362979715,Regular,6,Delete,ConfigMap,false
3.3828059059999998,Regular,7,Delete,Deployment,false
3.402265544,Regular,7,Create,Deployment,false
3.423236467,Regular,6,Create,ConfigMap,false
3.442659756,Regular,6,Update,Deployment,false
3.462272774,Regular,4,Delete,ConfigMap,false
3.482859572,Regular,9,Delete,Deployment,false
3.503396805,Regular,6,Create,Deployment,false
3.522700429,Regular,5,Create,ConfigMap,false
3.542159986,Regular,7,Update,Deployment,false
3.5626778740000002,Regular,4,Delete,ConfigMap,false
3.582553107,Regular,4,Delete,Deployment,false
3.602990342,Regular,5,Create,Deployment,false
3.623064982,Regular,8,Create,ConfigMap,false
3.642369236,Regular,5,Update,Deployment,false
3.662829905,Regular,5,Delete,ConfigMap,false
3.682938299,Regular,8,Delete,Deployment,false
3.702939159,Regular,6,Create,Deployment,false
3.723268951,Regular,7,Create,ConfigMap,false
3.742916855,Regular,7,Update,Deployment,false
3.762793952,Regular,4,Delete,ConfigMap,false
3.78278349,Regular,4,Delete,Deployment,false
3.802981534,Regular,6,Create,Deployment,false
3.822864,Regular,5,Create,ConfigMap,false
3.842813073,Regular,6,Update,Deployment,false
3.8626714939999998,Regular,6,Delete,ConfigMap,false
3.883100454,Regular,5,Delete,Deployment,false
3.902836694,Regular,7,Create,Deployment,false
3.92228455,Regular,6,Create,ConfigMap,false
3.942727115,Regular,11,Update,Deployment,false
3.96257716,Regular,5,Delete,ConfigMap,false
3.982610272,Regular,6,Delete,Deployment,false
3.00275935,Regular,6,Create,Deployment,false
3.022557888,Regular,15,Create,ConfigMap,false
3.042343372,Regular,7,Update,Deployment,false
3.062532538,Regular,3,Delete,ConfigMap,false
3.082361664,Regular,5,Delete,Deployment,false
3.102977937,Regular,5,Create,Deployment,false
3.123263466,Regular,4,Create,ConfigMap,false
3.1425026369999998,Regular,7,Update,Deployment,false
3.162885519,Regular,5,Delete,ConfigMap,false
3.183117787,Regular,7,Delete,Deployment,false
3.202725865,Regular,7,Create,Deployment,false
3.223231048,Regular,5,Create,ConfigMap,false
3.243350012,Regular,8,Update,Deployment,false
3.262352887,Regular,4,Delete,ConfigMap,false
3.282629018,Regular,5,Delete,Deployment,false
3.302528496,Regular,9,Create,Deployment,false
3.322471808,Regular,4,Create,ConfigMap,false
3.342243165,Regular,6,Update,Deployment,false
3.363002378,Regular,4,Delete,ConfigMap,false
3.382860429,Regular,7,Delete,Deployment,false
3.402228744,Regular,7,Create,Deployment,false
3.423273507,Regular,6,Create,ConfigMap,false
3.4425295399999998,Regular,7,Update,Deployment,false
3.4624305619999998,Regular,4,Delete,ConfigMap,false
3.482955413,Regular,9,Delete,Deployment,false
3.503069327,Regular,7,Create,Deployment,false
3.5228697479999997,Regular,5,Create,ConfigMap,false
3.542244045,Regular,7,Update,Deployment,false
3.5626552609999997,Regular,4,Delete,ConfigMap,false
3.582649539,Regular,4,Delete,Deployment,false
3.602965495,Regular,5,Create,Deployment,false
3.623227789,Regular,7,Create,ConfigMap,false
3.64238709,Regular,7,Update,Deployment,false
3.662876353,Regular,6,Delete,ConfigMap,false
3.68339938,Regular,7,Delete,Deployment,false
3.702963565,Regular,8,Create,Deployment,false
3.723207044,Regular,6,Create,ConfigMap,false
3.742946371,Regular,8,Update,Deployment,false
3.763375911,Regular,6,Delete,ConfigMap,false
3.782968139,Regular,5,Delete,Deployment,false
3.802904438,Regular,8,Create,Deployment,false
3.822824796,Regular,5,Create,ConfigMap,false
3.8430496400000003,Regular,6,Update,Deployment,false
3.86271171,Regular,6,Delete,ConfigMap,false
3.8832438849999997,Regular,4,Delete,Deployment,false
3.903049947,Regular,6,Create,Deployment,false
3.922383627,Regular,6,Create,ConfigMap,false
3.942811584,Regular,11,Update,Deployment,false
3.962854284,Regular,5,Delete,ConfigMap,false
3.982365379,Regular,6,Delete,Deployment,false
3.022541918,Regular,15,Create,ConfigMap,false
3.042264252,Regular,7,Update,Deployment,false
3.062701848,Regular,5,Delete,ConfigMap,false
3.0823343420000002,Regular,5,Delete,Deployment,false
3.102807776,Regular,5,Create,Deployment,false
3.123155592,Regular,5,Create,ConfigMap,false
3.142515812,Regular,6,Update,Deployment,false
3.163011197,Regular,5,Delete,ConfigMap,false
3.182884667,Regular,8,Delete,Deployment,false
3.202800707,Regular,7,Create,Deployment,false
3.223108677,Regular,6,Create,ConfigMap,false
3.24333284,Regular,8,Update,Deployment,false
3.262361042,Regular,5,Delete,ConfigMap,false
3.282546331,Regular,3,Delete,Deployment,false
3.3025419019999998,Regular,9,Create,Deployment,false
3.3224287869999998,Regular,6,Create,ConfigMap,false
3.342443684,Regular,7,Update,Deployment,false
3.363164414,Regular,7,Delete,ConfigMap,false
3.382977921,Regular,6,Delete,Deployment,false
3.40237473,Regular,4,Create,Deployment,false
3.423154222,Regular,5,Create,ConfigMap,false
3.442672931,Regular,6,Update,Deployment,false
3.462255,Regular,4,Delete,ConfigMap,false
3.482888386,Regular,9,Delete,Deployment,false
3.503331562,Regular,5,Create,Deployment,false
3.522765481,Regular,5,Create,ConfigMap,false
3.542160097,Regular,8,Update,Deployment,false
3.56275026,Regular,4,Delete,ConfigMap,false
3.582642876,Regular,4,Delete,Deployment,false
3.603016361,Regular,6,Create,Deployment,false
3.62304813,Regular,8,Create,ConfigMap,false
3.642208903,Regular,7,Update,Deployment,false
3.663015977,Regular,6,Delete,ConfigMap,false
3.683203971,Regular,8,Delete,Deployment,false
3.703343694,Regular,8,Create,Deployment,false
3.723168902,Regular,6,Create,ConfigMap,false
3.743128635,Regular,8,Update,Deployment,false
3.762984942,Regular,5,Delete,ConfigMap,false
3.782768592,Regular,4,Delete,Deployment,false
3.803251734,Regular,5,Create,Deployment,false
3.822838522,Regular,4,Create,ConfigMap,false
3.842890058,Regular,6,Update,Deployment,false
3.862610309,Regular,5,Delete,ConfigMap,false
3.883145819,Regular,5,Delete,Deployment,false
3.90296141,Regular,6,Create,Deployment,false
3.922315218,Regular,6,Create,ConfigMap,false
3.942739879,Regular,11,Update,Deployment,false
3.962596637,Regular,4,Delete,ConfigMap,false
3.982193083,Regular,6,Delete,Deployment,false
3.002936625,Regular,7,Create,Deployment,false
3.022531037,Regular,16,Create,ConfigMap,false
3.042319827,Regular,7,Update,Deployment,false
3.062679616,Regular,5,Delete,ConfigMap,false
3.082288335,Regular,5,Delete,Deployment,false
3.10288399,Regular,7,Create,Deployment,false
3.123200076,Regular,5,Create,ConfigMap,false
3.142465146,Regular,6,Update,Deployment,false
3.162980048,Regular,5,Delete,ConfigMap,false
3.18307701,Regular,6,Delete,Deployment,false
3.202515217,Regular,8,Create,Deployment,false
3.22324256,Regular,5,Create,ConfigMap,false
3.243091133,Regular,8,Update,Deployment,false
3.262404294,Regular,5,Delete,ConfigMap,false
3.282638946,Regular,5,Delete,Deployment,false
3.302826449,Regular,8,Create,Deployment,false
3.322328498,Regular,6,Create,ConfigMap,false
3.342209672,Regular,7,Update,Deployment,false
3.362906367,Regular,7,Delete,ConfigMap,false
3.382844028,Regular,7,Delete,Deployment,false
3.402293046,Regular,7,Create,Deployment,false
3.423130968,Regular,4,Create,ConfigMap,false
3.442759855,Regular,5,Update,Deployment,false
3.4622337,Regular,4,Delete,ConfigMap,false
3.482894708,Regular,9,Delete,Deployment,false
3.503273542,Regular,5,Create,Deployment,false
3.522732439,Regular,6,Create,ConfigMap,false
3.542193289,Regular,7,Update,Deployment,false
3.562664899,Regular,3,Delete,ConfigMap,false
3.582457616,Regular,4,Delete,Deployment,false
3.603049183,Regular,6,Create,Deployment,false
3.623384195,Regular,8,Create,ConfigMap,false
3.642235323,Regular,7,Update,Deployment,false
3.662961534,Regular,5,Delete,ConfigMap,false
3.68301821,Regular,8,Delete,Deployment,false
3.702919532,Regular,8,Create,Deployment,false
3.723320539,Regular,5,Create,ConfigMap,false
3.743089862,Regular,7,Update,Deployment,false
3.7627743750000002,Regular,7,Delete,ConfigMap,false
3.782827243,Regular,5,Delete,Deployment,false
3.803130575,Regular,6,Create,Deployment,false
3.822925015,Regular,4,Create,ConfigMap,false
3.842835886,Regular,7,Update,Deployment,false
3.862694608,Regular,6,Delete,ConfigMap,false
3.883270966,Regular,5,Delete,Deployment,false
3.902889053,Regular,6,Create,Deployment,false
3.922308335,Regular,6,Create,ConfigMap,false
3.942780425,Regular,8,Update,Deployment,false
3.962530792,Regular,5,Delete,ConfigMap,false
3.982480577,Regular,6,Delete,Deployment,false
4.002974829,Regular,6,Create,Deployment,false
3.002748299,Regular,6,Create,Deployment,false
3.022673016,Regular,15,Create,ConfigMap,false
3.042262589,Regular,7,Update,Deployment,false
3.062620715,Regular,5,Delete,ConfigMap,false
3.082260874,Regular,5,Delete,Deployment,false
3.102882377,Regular,7,Create,Deployment,false
3.123280087,Regular,4,Create,ConfigMap,false
3.1425328439999998,Regular,6,Update,Deployment,false
3.162952746,Regular,5,Delete,ConfigMap,false
3.183063755,Regular,8,Delete,Deployment,false
3.202557968,Regular,8,Create,Deployment,false
3.223324365,Regular,6,Create,ConfigMap,false
3.243214676,Regular,8,Update,Deployment,false
3.262352136,Regular,5,Delete,ConfigMap,false
3.282816071,Regular,5,Delete,Deployment,false
3.302702485,Regular,9,Create,Deployment,false
3.322197831,Regular,6,Create,ConfigMap,false
3.342351079,Regular,6,Update,Deployment,false
3.363250247,Regular,3,Delete,ConfigMap,false
3.382883733,Regular,8,Delete,Deployment,false
3.402354211,Regular,6,Create,Deployment,false
3.423253539,Regular,6,Create,ConfigMap,false
3.442612737,Regular,5,Update,Deployment,false
3.462293092,Regular,4,Delete,ConfigMap,false
3.482965251,Regular,9,Delete,Deployment,false
3.5031214349999997,Regular,7,Create,Deployment,false
3.5228611020000002,Regular,4,Create,ConfigMap,false
3.5422379939999997,Regular,8,Update,Deployment,false
3.562812047,Regular,4,Delete,ConfigMap,false
3.582519553,Regular,4,Delete,Deployment,false
3.602980894,Regular,6,Create,Deployment,false
3.623356132,Regular,8,Create,ConfigMap,false
3.642266201,Regular,8,Update,Deployment,false
3.662808104,Regular,6,Delete,ConfigMap,false
3.6829971500000003,Regular,6,Delete,Deployment,false
3.703445205,Regular,8,Create,Deployment,false
3.723120901,Regular,6,Create,ConfigMap,false
3.743007777,Regular,7,Update,Deployment,false
3.763154803,Regular,7,Delete,ConfigMap,false
3.782929055,Regular,5,Delete,Deployment,false
3.8029967620000003,Regular,8,Create,Deployment,false
3.82302793,Regular,5,Create,ConfigMap,false
3.843017609,Regular,7,Update,Deployment,false
3.862631659,Regular,5,Delete,ConfigMap,false
3.883361677,Regular,5,Delete,Deployment,false
3.902864617,Regular,7,Create,Deployment,false
3.922272126,Regular,6,Create,ConfigMap,false
3.942829869,Regular,9,Update,Deployment,false
3.962628677,Regular,5,Delete,ConfigMap,false
3.98233951,Regular,6,Delete,Deployment,false
4.003058197,Regular,6,Create,Deployment,false
4.001428057,Regular,7,Create,Deployment,false
4.021920205,Regular,7,Create,ConfigMap,false
4.041453021,Regular,6,Update,Deployment,false
4.061510819,Regular,4,Delete,ConfigMap,false
4.081382676,Regular,5,Delete,Deployment,false
4.101798,Regular,8,Create,Deployment,false
4.121955857,Regular,6,Create,ConfigMap,false
4.141949775,Regular,10,Update,Deployment,false
4.16189501,Regular,5,Delete,ConfigMap,false
4.182052055,Regular,5,Delete,Deployment,false
4.202025674,Regular,8,Create,Deployment,false
4.2218037840000004,Regular,5,Create,ConfigMap,false
4.241829782,Regular,8,Update,Deployment,false
4.261270273,Regular,3,Delete,ConfigMap,false
4.281481191,Regular,2,Delete,Deployment,false
4.302008296,Regular,6,Create,Deployment,false
4.321659816,Regular,6,Create,ConfigMap,false
4.341929915,Regular,8,Update,Deployment,false
4.361185748,Regular,3,Delete,ConfigMap,false
4.381619416,Regular,2,Delete,Deployment,false
4.401972302,Regular,7,Create,Deployment,false
4.421281345,Regular,6,Create,ConfigMap,false
4.441530926,Regular,10,Update,Deployment,false
4.461980714,Regular,5,Delete,ConfigMap,false
4.481770286,Regular,3,Delete,Deployment,false
4.501678311,Regular,7,Create,Deployment,false
4.521606804,Regular,7,Create,ConfigMap,false
4.54161561,Regular,7,Update,Deployment,false
4.56194969,Regular,5,Delete,ConfigMap,false
4.581548982,Regular,4,Delete,Deployment,false
4.602033065,Regular,7,Create,Deployment,false
4.621350875,Regular,7,Create,ConfigMap,false
4.641345163,Regular,8,Update,Deployment,false
4.662331255,Regular,7,Delete,ConfigMap,false
4.681232047,Regular,6,Delete,Deployment,false
4.70207062,Regular,8,Create,Deployment,false
4.7215161420000005,Regular,5,Create,ConfigMap,false
4.742305452,Regular,7,Update,Deployment,false
4.761523814,Regular,3,Delete,ConfigMap,false
4.7812385630000005,Regular,5,Delete,Deployment,false
4.802273788,Regular,7,Create,Deployment,false
4.82172492,Regular,6,Create,ConfigMap,false
4.841401738,Regular,6,Update,Deployment,false
4.861739666,Regular,10,Delete,ConfigMap,false
4.881238828,Regular,4,Delete,Deployment,false
4.901635847,Regular,7,Create,Deployment,false
4.92183896,Regular,7,Create,ConfigMap,false
4.941835773,Regular,6,Update,Deployment,false
4.961351406,Regular,7,Delete,ConfigMap,false
4.982149714,Regular,7,Delete,Deployment,false
4.002767748,Regular,7,Create,Deployment,false
4.022124371,Regular,6,Create,ConfigMap,false
4.042565243,Regular,6,Update,Deployment,false
4.062920203,Regular,3,Delete,ConfigMap,false
4.082924369,Regular,7,Delete,Deployment,false
4.103213264,Regular,7,Create,Deployment,false
4.12247607,Regular,8,Create,ConfigMap,false
4.142399364,Regular,10,Update,Deployment,false
4.162610502,Regular,5,Delete,ConfigMap,false
4.182265318,Regular,5,Delete,Deployment,false
4.202333256,Regular,5,Create,Deployment,false
4.223326751,Regular,5,Create,ConfigMap,false
4.243089682,Regular,7,Update,Deployment,false
4.262628169,Regular,4,Delete,ConfigMap,false
4.282778502,Regular,5,Delete,Deployment,false
4.302594984,Regular,6,Create,Deployment,false
4.32315983,Regular,6,Create,ConfigMap,false
4.342250942,Regular,8,Update,Deployment,false
4.362427234,Regular,5,Delete,ConfigMap,false
4.383031905,Regular,5,Delete,Deployment,false
4.402185044,Regular,6,Create,Deployment,false
4.422727718,Regular,7,Create,ConfigMap,false
4.4427823,Regular,12,Update,Deployment,false
4.462212011,Regular,5,Delete,ConfigMap,false
4.483235995,Regular,5,Delete,Deployment,false
4.503020396,Regular,6,Create,Deployment,false
4.522957176,Regular,6,Create,ConfigMap,false
4.542671545,Regular,7,Update,Deployment,false
4.562335449,Regular,5,Delete,ConfigMap,false
4.582855089,Regular,5,Delete,Deployment,false
4.602353961,Regular,6,Create,Deployment,false
4.622705224,Regular,9,Create,ConfigMap,false
4.642697017,Regular,8,Update,Deployment,false
4.662342236,Regular,5,Delete,ConfigMap,false
4.682797395,Regular,5,Delete,Deployment,false
4.702327786,Regular,8,Create,Deployment,false
4.722863828,Regular,5,Create,ConfigMap,false
4.742359474,Regular,7,Update,Deployment,false
4.762853837,Regular,5,Delete,ConfigMap,false
4.782479188,Regular,7,Delete,Deployment,false
4.802277776,Regular,7,Create,Deployment,false
4.822992726,Regular,6,Create,ConfigMap,false
4.842708938,Regular,8,Update,Deployment,false
4.863722071,Regular,14,Delete,ConfigMap,false
4.882583669,Regular,7,Delete,Deployment,false
4.903096477,Regular,7,Create,Deployment,false
4.922422032,Regular,7,Create,ConfigMap,false
4.943203216,Regular,18,Update,Deployment,false
4.96385684,Regular,6,Delete,ConfigMap,false
4.982354601,Regular,10,Delete,Deployment,false
4.003282561,Regular,6,Create,Deployment,false
4.022199233,Regular,6,Create,ConfigMap,false
4.042517303,Regular,7,Update,Deployment,false
4.062917377,Regular,4,Delete,ConfigMap,false
4.082711707,Regular,7,Delete,Deployment,false
4.103224245,Regular,7,Create,Deployment,false
4.122349812,Regular,9,Create,ConfigMap,false
4.142314173,Regular,10,Update,Deployment,false
4.162632754,Regular,5,Delete,ConfigMap,false
4.182365928,Regular,4,Delete,Deployment,false
4.202270036,Regular,8,Create,Deployment,false
4.223168092,Regular,5,Create,ConfigMap,false
4.242983452,Regular,6,Update,Deployment,false
4.26254397,Regular,4,Delete,ConfigMap,false
4.282880665,Regular,5,Delete,Deployment,false
4.302237569,Regular,9,Create,Deployment,false
4.323269407,Regular,6,Create,ConfigMap,false
4.342187512,Regular,8,Update,Deployment,false
4.362451279,Regular,5,Delete,ConfigMap,false
4.382954108,Regular,5,Delete,Deployment,false
4.402292156,Regular,6,Create,Deployment,false
4.422671812,Regular,7,Create,ConfigMap,false
4.442765959,Regular,16,Update,Deployment,false
4.462170353,Regular,6,Delete,ConfigMap,false
4.483142869,Regular,5,Delete,Deployment,false
4.503187612,Regular,7,Create,Deployment,false
4.5229171,Regular,6,Create,ConfigMap,false
4.542648151,Regular,6,Update,Deployment,false
4.562233346,Regular,7,Delete,ConfigMap,false
4.582889084,Regular,5,Delete,Deployment,false
4.602322482,Regular,6,Create,Deployment,false
4.623109037,Regular,7,Create,ConfigMap,false
4.642741301,Regular,8,Update,Deployment,false
4.662362985,Regular,7,Delete,ConfigMap,false
4.6826949110000005,Regular,5,Delete,Deployment,false
4.702476618,Regular,6,Create,Deployment,false
4.722806429,Regular,5,Create,ConfigMap,false
4.74262219,Regular,7,Update,Deployment,false
4.762822057,Regular,4,Delete,ConfigMap,false
4.7825117089999996,Regular,7,Delete,Deployment,false
4.802351676,Regular,7,Create,Deployment,false
4.822967628,Regular,6,Create,ConfigMap,false
4.84269914,Regular,7,Update,Deployment,false
4.863558632,Regular,14,Delete,ConfigMap,false
4.882742579,Regular,7,Delete,Deployment,false
4.903032456,Regular,7,Create,Deployment,false
4.92222031,Regular,7,Create,ConfigMap,false
4.943175223,Regular,18,Update,Deployment,false
4.96268197,Regular,7,Delete,ConfigMap,false
4.982594113,Regular,7,Delete,Deployment,false
4.003161792,Regular,6,Create,Deployment,false
4.02227742,Regular,6,Create,ConfigMap,false
4.042755493,Regular,7,Update,Deployment,false
4.062885848,Regular,5,Delete,ConfigMap,false
4.082835171,Regular,7,Delete,Deployment,false
4.103385019,Regular,9,Create,Deployment,false
4.122384607,Regular,9,Create,ConfigMap,false
4.14257222,Regular,9,Update,Deployment,false
4.162232427,Regular,5,Delete,ConfigMap,false
4.182419499,Regular,5,Delete,Deployment,false
4.202256571,Regular,7,Create,Deployment,false
4.223140199,Regular,5,Create,ConfigMap,false
4.243030771,Regular,6,Update,Deployment,false
4.262510687,Regular,4,Delete,ConfigMap,false
4.282932533,Regular,5,Delete,Deployment,false
4.302253559,Regular,9,Create,Deployment,false
4.323153198,Regular,6,Create,ConfigMap,false
4.34237702,Regular,7,Update,Deployment,false
4.362437012,Regular,5,Delete,ConfigMap,false
4.383089494,Regular,5,Delete,Deployment,false
4.402369543,Regular,6,Create,Deployment,false
4.422546967,Regular,6,Create,ConfigMap,false
4.443009579,Regular,11,Update,Deployment,false
4.462213895,Regular,5,Delete,ConfigMap,false
4.483038081,Regular,5,Delete,Deployment,false
4.503131396,Regular,6,Create,Deployment,false
4.523120985,Regular,5,Create,ConfigMap,false
4.542772115,Regular,6,Update,Deployment,false
4.562333966,Regular,5,Delete,ConfigMap,false
4.583010994,Regular,4,Delete,Deployment,false
4.602220189,Regular,6,Create,Deployment,false
4.6229835900000005,Regular,9,Create,ConfigMap,false
4.642561561,Regular,10,Update,Deployment,false
4.66250343,Regular,7,Delete,ConfigMap,false
4.68278436,Regular,5,Delete,Deployment,false
4.702501444,Regular,7,Create,Deployment,false
4.7229425769999995,Regular,7,Create,ConfigMap,false
4.74252688,Regular,7,Update,Deployment,false
4.762986708,Regular,3,Delete,ConfigMap,false
4.7824953279999995,Regular,7,Delete,Deployment,false
4.80215801,Regular,7,Create,Deployment,false
4.823136698,Regular,7,Create,ConfigMap,false
4.842880292,Regular,8,Update,Deployment,false
4.863289915,Regular,14,Delete,ConfigMap,false
4.882771203,Regular,7,Delete,Deployment,false
4.9035678879999995,Regular,6,Create,Deployment,false
4.922154737,Regular,7,Create,ConfigMap,false
4.943347489,Regular,11,Update,Deployment,false
4.963442477,Regular,6,Delete,ConfigMap,false
4.982749497,Regular,10,Delete,Deployment,false
4.003415031,Regular,5,Create,Deployment,false
4.022138528,Regular,6,Create,ConfigMap,false
4.042613454,Regular,8,Update,Deployment,false
4.062859197,Regular,5,Delete,ConfigMap,false
4.082747525,Regular,7,Delete,Deployment,false
4.103111361,Regular,8,Create,Deployment,false
4.122292133,Regular,9,Create,ConfigMap,false
4.142565778,Regular,9,Update,Deployment,false
4.162583571,Regular,4,Delete,ConfigMap,false
4.182334469,Regular,5,Delete,Deployment,false
4.202365346,Regular,7,Create,Deployment,false
4.223224208,Regular,5,Create,ConfigMap,false
4.242881649,Regular,7,Update,Deployment,false
4.262646544,Regular,3,Delete,ConfigMap,false
4.282915571,Regular,4,Delete,Deployment,false
4.302223562,Regular,7,Create,Deployment,false
4.32308537,Regular,6,Create,ConfigMap,false
4.34235595,Regular,7,Update,Deployment,false
4.36250996,Regular,4,Delete,ConfigMap,false
4.383057804,Regular,5,Delete,Deployment,false
4.402439234,Regular,6,Create,Deployment,false
4.422644751,Regular,7,Create,ConfigMap,false
4.442928015,Regular,14,Update,Deployment,false
4.462183097,Regular,5,Delete,ConfigMap,false
4.483175621,Regular,5,Delete,Deployment,false
4.503314282,Regular,5,Create,Deployment,false
4.522905398,Regular,6,Create,ConfigMap,false
4.542807722,Regular,7,Update,Deployment,false
4.562390303,Regular,5,Delete,ConfigMap,false
4.582926344,Regular,5,Delete,Deployment,false
4.602376574,Regular,6,Create,Deployment,false
4.623029146,Regular,7,Create,ConfigMap,false
4.64276181,Regular,10,Update,Deployment,false
4.662291991,Regular,7,Delete,ConfigMap,false
4.682716953,Regular,5,Delete,Deployment,false
4.702508338,Regular,7,Create,Deployment,false
4.722897051,Regular,6,Create,ConfigMap,false
4.742436559,Regular,7,Update,Deployment,false
4.762812128,Regular,5,Delete,ConfigMap,false
4.782768394,Regular,7,Delete,Deployment,false
4.802322,Regular,7,Create,Deployment,false
4.823075262,Regular,7,Create,ConfigMap,false
4.843039703,Regular,8,Update,Deployment,false
4.863072554,Regular,14,Delete,ConfigMap,false
4.882872064,Regular,7,Delete,Deployment,false
4.9032294279999995,Regular,7,Create,Deployment,false
4.922319819,Regular,7,Create,ConfigMap,false
4.943282696,Regular,16,Update,Deployment,false
4.963578304,Regular,7,Delete,ConfigMap,false
4.98233289,Regular,7,Delete,Deployment,false
4.022344206,Regular,5,Create,ConfigMap,false
4.042691321,Regular,7,Update,Deployment,false
4.062807289,Regular,5,Delete,ConfigMap,false
4.082772773,Regular,7,Delete,Deployment,false
4.103353018,Regular,9,Create,Deployment,false
4.122456573,Regular,8,Create,ConfigMap,false
4.142299145,Regular,10,Update,Deployment,false
4.162377732,Regular,5,Delete,ConfigMap,false
4.182405252,Regular,5,Delete,Deployment,false
4.202422284,Regular,7,Create,Deployment,false
4.22319386,Regular,6,Create,ConfigMap,false
4.24302484,Regular,8,Update,Deployment,false
4.262619864,Regular,4,Delete,ConfigMap,false
4.282890103,Regular,6,Delete,Deployment,false
4.302294276,Regular,6,Create,Deployment,false
4.322980391,Regular,5,Create,ConfigMap,false
4.342122189,Regular,8,Update,Deployment,false
4.362522103,Regular,3,Delete,ConfigMap,false
4.382874307,Regular,4,Delete,Deployment,false
4.402301314,Regular,6,Create,Deployment,false
4.422645212,Regular,5,Create,ConfigMap,false
4.442885054,Regular,15,Update,Deployment,false
4.462210248,Regular,6,Delete,ConfigMap,false
4.48315404,Regular,5,Delete,Deployment,false
4.50305937,Regular,6,Create,Deployment,false
4.523002852,Regular,5,Create,ConfigMap,false
4.542713434,Regular,6,Update,Deployment,false
4.562216564,Regular,6,Delete,ConfigMap,false
4.582834521,Regular,5,Delete,Deployment,false
4.602415047,Regular,6,Create,Deployment,false
4.622726785,Regular,6,Create,ConfigMap,false
4.642631033,Regular,8,Update,Deployment,false
4.662296519,Regular,7,Delete,ConfigMap,false
4.682680203,Regular,5,Delete,Deployment,false
4.702479884,Regular,6,Create,Deployment,false
4.722957856,Regular,5,Create,ConfigMap,false
4.742363511,Regular,7,Update,Deployment,false
4.76292461,Regular,5,Delete,ConfigMap,false
4.78262313,Regular,7,Delete,Deployment,false
4.802250785,Regular,7,Create,Deployment,false
4.8229478310000005,Regular,6,Create,ConfigMap,false
4.843035716,Regular,8,Update,Deployment,false
4.863354757,Regular,14,Delete,ConfigMap,false
4.882542802,Regular,7,Delete,Deployment,false
4.903408597,Regular,7,Create,Deployment,false
4.922401773,Regular,6,Create,ConfigMap,false
4.9432845499999996,Regular,17,Update,Deployment,false
4.962461704,Regular,6,Delete,ConfigMap,false
4.982714882,Regular,10,Delete,Deployment,false
4.022172682,Regular,6,Create,ConfigMap,false
4.042533794,Regular,8,Update,Deployment,false
4.063030461,Regular,5,Delete,ConfigMap,false
4.083080103,Regular,7,Delete,Deployment,false
4.103175793,Regular,7,Create,Deployment,false
4.12266143,Regular,8,Create,ConfigMap,false
4.142310987,Regular,10,Update,Deployment,false
4.162183675,Regular,5,Delete,ConfigMap,false
4.182281879,Regular,5,Delete,Deployment,false
4.20233015,Regular,8,Create,Deployment,false
4.223208328,Regular,5,Create,ConfigMap,false
4.242795627,Regular,8,Update,Deployment,false
4.262561794,Regular,4,Delete,ConfigMap,false
4.282865156,Regular,5,Delete,Deployment,false
4.302396659,Regular,9,Create,Deployment,false
4.323009616,Regular,6,Create,ConfigMap,false
4.342281971,Regular,8,Update,Deployment,false
4.362560826,Regular,4,Delete,ConfigMap,false
4.383093642,Regular,5,Delete,Deployment,false
4.402195574,Regular,6,Create,Deployment,false
4.422561043,Regular,8,Create,ConfigMap,false
4.4427219860000005,Regular,13,Update,Deployment,false
4.46237009,Regular,4,Delete,ConfigMap,false
4.483139453,Regular,5,Delete,Deployment,false
4.503076432,Regular,5,Create,Deployment,false
4.5231236599999995,Regular,6,Create,ConfigMap,false
4.54265836,Regular,6,Update,Deployment,false
4.562389842,Regular,5,Delete,ConfigMap,false
4.5830336769999995,Regular,4,Delete,Deployment,false
4.602271536,Regular,5,Create,Deployment,false
4.622836242,Regular,7,Create,ConfigMap,false
4.642575227,Regular,10,Update,Deployment,false
4.662292792,Regular,6,Delete,ConfigMap,false
4.682757229,Regular,5,Delete,Deployment,false
4.702575805,Regular,7,Create,Deployment,false
4.723003722,Regular,5,Create,ConfigMap,false
4.742300512,Regular,8,Update,Deployment,false
4.762773525,Regular,5,Delete,ConfigMap,false
4.782672753,Regular,7,Delete,Deployment,false
4.802189189,Regular,7,Create,Deployment,false
4.823097484,Regular,7,Create,ConfigMap,false
4.842978327,Regular,8,Update,Deployment,false
4.863289925,Regular,14,Delete,ConfigMap,false
4.882552901,Regular,7,Delete,Deployment,false
4.903522833,Regular,7,Create,Deployment,false
4.922284702,Regular,7,Create,ConfigMap,false
4.943426308,Regular,17,Update,Deployment,false
4.962910051,Regular,6,Delete,ConfigMap,false
4.982645991,Regular,10,Delete,Deployment,false
4.00279545,Regular,6,Create,Deployment,false
4.022191909,Regular,6,Create,ConfigMap,false
4.042783195,Regular,8,Update,Deployment,false
4.062829461,Regular,5,Delete,ConfigMap,false
4.082900063,Regular,7,Delete,Deployment,false
4.103327159,Regular,7,Create,Deployment,false
4.122465951,Regular,9,Create,ConfigMap,false
4.142537305,Regular,10,Update,Deployment,false
4.162347114,Regular,5,Delete,ConfigMap,false
4.182251622,Regular,5,Delete,Deployment,false
4.202523896,Regular,8,Create,Deployment,false
4.223280524,Regular,5,Create,ConfigMap,false
4.242741945,Regular,8,Update,Deployment,false
4.262679797,Regular,4,Delete,ConfigMap,false
4.282858624,Regular,5,Delete,Deployment,false
4.302507509,Regular,8,Create,Deployment,false
4.323036157,Regular,6,Create,ConfigMap,false
4.342141124,Regular,7,Update,Deployment,false
4.362464835,Regular,5,Delete,ConfigMap,false
4.382989245,Regular,5,Delete,Deployment,false
4.402172761,Regular,6,Create,Deployment,false
4.422660241,Regular,7,Create,ConfigMap,false
4.442701006,Regular,12,Update,Deployment,false
4.462271183,Regular,5,Delete,ConfigMap,false
4.483141697,Regular,5,Delete,Deployment,false
4.503007602,Regular,7,Create,Deployment,false
4.523120775,Regular,6,Create,ConfigMap,false
4.54282758,Regular,7,Update,Deployment,false
4.562461126,Regular,7,Delete,ConfigMap,false
4.582978002,Regular,5,Delete,Deployment,false
4.602283689,Regular,7,Create,Deployment,false
4.623001464,Regular,7,Create,ConfigMap,false
4.642605494,Regular,10,Update,Deployment,false
4.662190609,Regular,7,Delete,ConfigMap,false
4.682702545,Regular,5,Delete,Deployment,false
4.702458333,Regular,7,Create,Deployment,false
4.722908853,Regular,5,Create,ConfigMap,false
4.742506522,Regular,7,Update,Deployment,false
4.762786559,Regular,5,Delete,ConfigMap,false
4.782626626,Regular,7,Delete,Deployment,false
4.8022332819999995,Regular,7,Create,Deployment,false
4.823117301,Regular,6,Create,ConfigMap,false
4.842980351,Regular,8,Update,Deployment,false
4.863475856,Regular,14,Delete,ConfigMap,false
4.882852006,Regular,7,Delete,Deployment,false
4.903324278,Regular,5,Create,Deployment,false
4.922205653,Regular,7,Create,ConfigMap,false
4.943468287,Regular,12,Update,Deployment,false
4.962646904,Regular,6,Delete,ConfigMap,false
4.982549529,Regular,7,Delete,Deployment,false
4.00331425,Regular,6,Create,Deployment,false
4.022346351,Regular,6,Create,ConfigMap,false
4.042596613,Regular,8,Update,Deployment,false
4.062969957,Regular,5,Delete,ConfigMap,false
4.082688954,Regular,7,Delete,Deployment,false
4.103212653,Regular,10,Create,Deployment,false
4.122273297,Regular,5,Create,ConfigMap,false
4.142353487,Regular,9,Update,Deployment,false
4.162603368,Regular,5,Delete,ConfigMap,false
4.182425551,Regular,5,Delete,Deployment,false
4.202313128,Regular,8,Create,Deployment,false
4.223392806,Regular,6,Create,ConfigMap,false
4.242724783,Regular,8,Update,Deployment,false
4.26250149,Regular,4,Delete,ConfigMap,false
4.282947902,Regular,4,Delete,Deployment,false
4.302271543,Regular,7,Create,Deployment,false
4.323269407,Regular,6,Create,ConfigMap,false
4.342307769,Regular,8,Update,Deployment,false
4.362565164,Regular,4,Delete,ConfigMap,false
4.383044118,Regular,3,Delete,Deployment,false
4.402273581,Regular,6,Create,Deployment,false
4.422590549,Regular,7,Create,ConfigMap,false
4.442685998,Regular,9,Update,Deployment,false
4.462255804,Regular,6,Delete,ConfigMap,false
4.483325925,Regular,5,Delete,Deployment,false
4.50325013,Regular,7,Create,Deployment,false
4.523068827,Regular,6,Create,ConfigMap,false
4.54281725,Regular,6,Update,Deployment,false
4.562250078,Regular,5,Delete,ConfigMap,false
4.58297194,Regular,4,Delete,Deployment,false
4.602338482,Regular,6,Create,Deployment,false
4.622907206,Regular,7,Create,ConfigMap,false
4.642647183,Regular,8,Update,Deployment,false
4.662362424,Regular,6,Delete,ConfigMap,false
4.682833623,Regular,5,Delete,Deployment,false
4.702729495,Regular,7,Create,Deployment,false
4.722958366,Regular,5,Create,ConfigMap,false
4.742360916,Regular,7,Update,Deployment,false
4.762949347,Regular,5,Delete,ConfigMap,false
4.782521868,Regular,7,Delete,Deployment,false
4.802308284,Regular,6,Create,Deployment,false
4.822978629,Regular,6,Create,ConfigMap,false
4.842762009,Regular,8,Update,Deployment,false
4.863666096,Regular,14,Delete,ConfigMap,false
4.882665033,Regular,7,Delete,Deployment,false
4.903075487,Regular,7,Create,Deployment,false
4.922414688,Regular,7,Create,ConfigMap,false
4.943218455,Regular,18,Update,Deployment,false
4.962508613,Regular,5,Delete,ConfigMap,false
4.98237532,Regular,7,Delete,Deployment,false
5.002670547,Regular,8,Create,Deployment,false
4.001423188,Regular,7,Create,Deployment,false
4.02190691,Regular,7,Create,ConfigMap,false
4.041442011,Regular,7,Update,Deployment,false
4.061499508,Regular,2,Delete,ConfigMap,false
4.081371545,Regular,3,Delete,Deployment,false
4.101788883,Regular,8,Create,Deployment,false
4.121958101,Regular,6,Create,ConfigMap,false
4.141949203,Regular,10,Update,Deployment,false
4.161897024,Regular,6,Delete,ConfigMap,false
4.182044952,Regular,5,Delete,Deployment,false
4.202020424,Regular,8,Create,Deployment,false
4.221799025,Regular,6,Create,ConfigMap,false
4.24181825,Regular,7,Update,Deployment,false
4.261259323,Regular,2,Delete,ConfigMap,false
4.281496109,Regular,3,Delete,Deployment,false
4.301998918,Regular,6,Create,Deployment,false
4.321643185,Regular,6,Create,ConfigMap,false
4.341918674,Regular,8,Update,Deployment,false
4.361196208,Regular,2,Delete,ConfigMap,false
4.381604428,Regular,3,Delete,Deployment,false
4.401988823,Regular,7,Create,Deployment,false
4.421291003,Regular,6,Create,ConfigMap,false
4.441514074,Regular,8,Update,Deployment,false
4.461972669,Regular,5,Delete,ConfigMap,false
4.481761509,Regular,4,Delete,Deployment,false
4.501681597,Regular,7,Create,Deployment,false
4.521600553,Regular,7,Create,ConfigMap,false
4.54160503,Regular,6,Update,Deployment,false
4.561949019,Regular,5,Delete,ConfigMap,false
4.581535897,Regular,3,Delete,Deployment,false
4.602023387,Regular,7,Create,Deployment,false
4.621345475,Regular,7,Create,ConfigMap,false
4.641346626,Regular,6,Update,Deployment,false
4.662342226,Regular,6,Delete,ConfigMap,false
4.68128133,Regular,5,Delete,Deployment,false
4.702056303,Regular,5,Create,Deployment,false
4.721505371,Regular,6,Create,ConfigMap,false
4.742157893,Regular,8,Update,Deployment,false
4.761513023,Regular,2,Delete,ConfigMap,false
4.781227142,Regular,6,Delete,Deployment,false
4.802225888,Regular,7,Create,Deployment,false
4.8217149710000005,Regular,6,Create,ConfigMap,false
4.841394895,Regular,5,Update,Deployment,false
4.861736219,Regular,11,Delete,ConfigMap,false
4.881228659,Regular,3,Delete,Deployment,false
4.901629124,Regular,7,Create,Deployment,false
4.921831035,Regular,7,Create,ConfigMap,false
4.941828209,Regular,10,Update,Deployment,false
4.961317843,Regular,7,Delete,ConfigMap,false
4.982133062,Regular,7,Delete,Deployment,false
5.00124886,Regular,10,Create,Deployment,false
5.021948732,Regular,9,Create,ConfigMap,false
5.041541902,Regular,6,Update,Deployment,false
5.061911869,Regular,3,Delete,ConfigMap,false
5.081301926,Regular,4,Delete,Deployment,false
5.101197638,Regular,7,Create,Deployment,false
5.122024469,Regular,6,Create,ConfigMap,false
5.141337069,Regular,7,Update,Deployment,false
5.161965796,Regular,3,Delete,ConfigMap,false
5.182091041,Regular,7,Delete,Deployment,false
5.201673922,Regular,6,Create,Deployment,false
5.221237687,Regular,6,Create,ConfigMap,false
5.24192827,Regular,8,Update,Deployment,false
5.261755052,Regular,4,Delete,ConfigMap,false
5.281935892,Regular,4,Delete,Deployment,false
5.301181926,Regular,6,Create,Deployment,false
5.321478345,Regular,6,Create,ConfigMap,false
5.341726683,Regular,6,Update,Deployment,false
5.361727413,Regular,4,Delete,ConfigMap,false
5.381877787,Regular,3,Delete,Deployment,false
5.401830286,Regular,7,Create,Deployment,false
5.421726368,Regular,7,Create,ConfigMap,false
5.44160071,Regular,8,Update,Deployment,false
5.461868665,Regular,5,Delete,ConfigMap,false
5.481560702,Regular,2,Delete,Deployment,false
5.501316429,Regular,6,Create,Deployment,false
5.521421266,Regular,6,Create,ConfigMap,false
5.542103123,Regular,8,Update,Deployment,false
5.56131368,Regular,3,Delete,ConfigMap,false
5.581392989,Regular,3,Delete,Deployment,false
5.601747548,Regular,7,Create,Deployment,false
5.621526819,Regular,6,Create,ConfigMap,false
5.641362578,Regular,6,Update,Deployment,false
5.661894682,Regular,5,Delete,ConfigMap,false
5.681550992,Regular,3,Delete,Deployment,false
5.701417879,Regular,8,Create,Deployment,false
5.7219934949999995,Regular,7,Create,ConfigMap,false
5.741257384,Regular,5,Update,Deployment,false
5.761860021,Regular,3,Delete,ConfigMap,false
5.781799976,Regular,3,Delete,Deployment,false
5.801385232,Regular,6,Create,Deployment,false
5.821560462,Regular,6,Create,ConfigMap,false
5.841557875,Regular,6,Update,Deployment,false
5.861377323,Regular,3,Delete,ConfigMap,false
5.881517727,Regular,3,Delete,Deployment,false
5.90128164,Regular,9,Create,Deployment,false
5.922416323,Regular,7,Create,ConfigMap,false
5.941833801,Regular,7,Update,Deployment,false
5.961782904,Regular,3,Delete,ConfigMap,false
5.982153152,Regular,4,Delete,Deployment,false
5.002999328,Regular,10,Create,Deployment,false
5.022374466,Regular,8,Create,ConfigMap,false
5.042793967,Regular,7,Update,Deployment,false
5.063340429,Regular,5,Delete,ConfigMap,false
5.082827929,Regular,6,Delete,Deployment,false
5.102713281,Regular,8,Create,Deployment,false
5.122468748,Regular,6,Create,ConfigMap,false
5.142315387,Regular,7,Update,Deployment,false
5.162208013,Regular,4,Delete,ConfigMap,false
5.182292452,Regular,6,Delete,Deployment,false
5.203067174,Regular,6,Create,Deployment,false
5.222818884,Regular,5,Create,ConfigMap,false
5.242146001,Regular,8,Update,Deployment,false
5.263079404,Regular,6,Delete,ConfigMap,false
5.282326891,Regular,4,Delete,Deployment,false
5.3026073,Regular,6,Create,Deployment,false
5.322936651,Regular,6,Create,ConfigMap,false
5.34313802,Regular,8,Update,Deployment,false
5.363182834,Regular,5,Delete,ConfigMap,false
5.383325311,Regular,7,Delete,Deployment,false
5.403223959,Regular,7,Create,Deployment,false
5.423516891,Regular,6,Create,ConfigMap,false
5.44272318,Regular,10,Update,Deployment,false
5.462237151,Regular,4,Delete,ConfigMap,false
5.4828966359999995,Regular,5,Delete,Deployment,false
5.503224674,Regular,8,Create,Deployment,false
5.523014476,Regular,4,Create,ConfigMap,false
5.542252375,Regular,9,Update,Deployment,false
5.562842659,Regular,5,Delete,ConfigMap,false
5.582871152,Regular,5,Delete,Deployment,false
5.603091687,Regular,6,Create,Deployment,false
5.62281874,Regular,6,Create,ConfigMap,false
5.642904441,Regular,7,Update,Deployment,false
5.662319234,Regular,5,Delete,ConfigMap,false
5.682869824,Regular,6,Delete,Deployment,false
5.702800692,Regular,8,Create,Deployment,false
5.72227633,Regular,6,Create,ConfigMap,false
5.742346271,Regular,7,Update,Deployment,false
5.763686031,Regular,4,Delete,ConfigMap,false
5.783072521,Regular,4,Delete,Deployment,false
5.802792831,Regular,6,Create,Deployment,false
5.823088909,Regular,6,Create,ConfigMap,false
5.842574015,Regular,8,Update,Deployment,false
5.862819959,Regular,5,Delete,ConfigMap,false
5.88288452,Regular,7,Delete,Deployment,false
5.902860744,Regular,11,Create,Deployment,false
5.922423146,Regular,6,Create,ConfigMap,false
5.943401202,Regular,7,Update,Deployment,false
5.963301192,Regular,5,Delete,ConfigMap,false
5.982172308,Regular,4,Delete,Deployment,false
5.002664485,Regular,8,Create,Deployment,false
5.022259839,Regular,9,Create,ConfigMap,false
5.04239873,Regular,8,Update,Deployment,false
5.063069367,Regular,5,Delete,ConfigMap,false
5.082739652,Regular,5,Delete,Deployment,false
5.102504727,Regular,6,Create,Deployment,false
5.122418112,Regular,6,Create,ConfigMap,false
5.142406269,Regular,7,Update,Deployment,false
5.162289637,Regular,4,Delete,ConfigMap,false
5.1821753600000005,Regular,7,Delete,Deployment,false
5.20301718,Regular,7,Create,Deployment,false
5.222763028,Regular,5,Create,ConfigMap,false
5.242157042,Regular,8,Update,Deployment,false
5.263390131,Regular,6,Delete,ConfigMap,false
5.282152792,Regular,4,Delete,Deployment,false
5.302467706,Regular,6,Create,Deployment,false
5.322817506,Regular,6,Create,ConfigMap,false
5.343037661,Regular,8,Update,Deployment,false
5.363146866,Regular,6,Delete,ConfigMap,false
5.383217939,Regular,6,Delete,Deployment,false
5.403239188,Regular,7,Create,Deployment,false
5.423109391,Regular,5,Create,ConfigMap,false
5.44252209,Regular,12,Update,Deployment,false
5.462182708,Regular,5,Delete,ConfigMap,false
5.482863223,Regular,5,Delete,Deployment,false
5.503288425,Regular,8,Create,Deployment,false
5.522912554,Regular,5,Create,ConfigMap,false
5.542190248,Regular,9,Update,Deployment,false
5.562650025,Regular,6,Delete,ConfigMap,false
5.582687645,Regular,5,Delete,Deployment,false
5.603057252,Regular,7,Create,Deployment,false
5.623160286,Regular,7,Create,ConfigMap,false
5.6426835539999995,Regular,7,Update,Deployment,false
5.662187746,Regular,5,Delete,ConfigMap,false
5.682840759,Regular,6,Delete,Deployment,false
5.702843292,Regular,8,Create,Deployment,false
5.722190658,Regular,6,Create,ConfigMap,false
5.742120775,Regular,7,Update,Deployment,false
5.763273231,Regular,5,Delete,ConfigMap,false
5.783126713,Regular,5,Delete,Deployment,false
5.802730393,Regular,6,Create,Deployment,false
5.823001735,Regular,6,Create,ConfigMap,false
5.842586359,Regular,5,Update,Deployment,false
5.862655428,Regular,5,Delete,ConfigMap,false
5.883102481,Regular,7,Delete,Deployment,false
5.902583049,Regular,11,Create,Deployment,false
5.922363503,Regular,8,Create,ConfigMap,false
5.943285634,Regular,10,Update,Deployment,false
5.963367748,Regular,5,Delete,ConfigMap,false
5.982341297,Regular,4,Delete,Deployment,false
5.002978408,Regular,10,Create,Deployment,false
5.022525972,Regular,8,Create,ConfigMap,false
5.042409491,Regular,8,Update,Deployment,false
5.063270276,Regular,5,Delete,ConfigMap,false
5.083088552,Regular,5,Delete,Deployment,false
5.102666182,Regular,8,Create,Deployment,false
5.122532108,Regular,5,Create,ConfigMap,false
5.142380751,Regular,6,Update,Deployment,false
5.162288696,Regular,4,Delete,ConfigMap,false
5.182304865,Regular,6,Delete,Deployment,false
5.203391687,Regular,6,Create,Deployment,false
5.222569743,Regular,5,Create,ConfigMap,false
5.242181719,Regular,8,Update,Deployment,false
5.263354223,Regular,6,Delete,ConfigMap,false
5.282387175,Regular,4,Delete,Deployment,false
5.302612018,Regular,6,Create,Deployment,false
5.322945718,Regular,6,Create,ConfigMap,false
5.343009277,Regular,7,Update,Deployment,false
5.363321946,Regular,6,Delete,ConfigMap,false
5.383442182,Regular,6,Delete,Deployment,false
5.403321223,Regular,7,Create,Deployment,false
5.423322023,Regular,5,Create,ConfigMap,false
5.442626237,Regular,10,Update,Deployment,false
5.462313455,Regular,3,Delete,ConfigMap,false
5.483036751,Regular,4,Delete,Deployment,false
5.502736362,Regular,9,Create,Deployment,false
5.5227736610000004,Regular,7,Create,ConfigMap,false
5.542299464,Regular,8,Update,Deployment,false
5.562799758,Regular,6,Delete,ConfigMap,false
5.582877504,Regular,5,Delete,Deployment,false
5.60313569,Regular,6,Create,Deployment,false
5.622887631,Regular,6,Create,ConfigMap,false
5.642845991,Regular,8,Update,Deployment,false
5.662515906,Regular,4,Delete,ConfigMap,false
5.683045055,Regular,6,Delete,Deployment,false
5.702832141,Regular,8,Create,Deployment,false
5.722230724,Regular,5,Create,ConfigMap,false
5.742198131,Regular,6,Update,Deployment,false
5.763384351,Regular,5,Delete,ConfigMap,false
5.783155518,Regular,4,Delete,Deployment,false
5.80292462,Regular,6,Create,Deployment,false
5.822952271,Regular,6,Create,ConfigMap,false
5.842603551,Regular,8,Update,Deployment,false
5.862837312,Regular,5,Delete,ConfigMap,false
5.882954372,Regular,8,Delete,Deployment,false
5.903074918,Regular,11,Create,Deployment,false
5.922363433,Regular,7,Create,ConfigMap,false
5.943407574,Regular,10,Update,Deployment,false
5.963201744,Regular,5,Delete,ConfigMap,false
5.982241148,Regular,4,Delete,Deployment,false
5.002642764,Regular,8,Create,Deployment,false
5.022345772,Regular,7,Create,ConfigMap,false
5.042456119,Regular,8,Update,Deployment,false
5.063088863,Regular,5,Delete,ConfigMap,false
5.082976991,Regular,5,Delete,Deployment,false
5.10256438,Regular,8,Create,Deployment,false
5.122361245,Regular,6,Create,ConfigMap,false
5.142275161,Regular,8,Update,Deployment,false
5.16243386,Regular,4,Delete,ConfigMap,false
5.182263016,Regular,7,Delete,Deployment,false
5.203142256,Regular,7,Create,Deployment,false
5.222808685,Regular,5,Create,ConfigMap,false
5.24235156,Regular,6,Update,Deployment,false
5.263226492,Regular,5,Delete,ConfigMap,false
5.282197156,Regular,4,Delete,Deployment,false
5.302604003,Regular,6,Create,Deployment,false
5.32286766,Regular,5,Create,ConfigMap,false
5.343199005,Regular,8,Update,Deployment,false
5.3630769130000004,Regular,5,Delete,ConfigMap,false
5.383471918,Regular,6,Delete,Deployment,false
5.403339768,Regular,7,Create,Deployment,false
5.423142073,Regular,7,Create,ConfigMap,false
5.442499788,Regular,9,Update,Deployment,false
5.46231089,Regular,4,Delete,ConfigMap,false
5.4828849139999996,Regular,5,Delete,Deployment,false
5.502900803,Regular,9,Create,Deployment,false
5.5228467089999995,Regular,7,Create,ConfigMap,false
5.542146124,Regular,9,Update,Deployment,false
5.562698307,Regular,5,Delete,ConfigMap,false
5.582910256,Regular,5,Delete,Deployment,false
5.603207907,Regular,7,Create,Deployment,false
5.622793172,Regular,5,Create,ConfigMap,false
5.642846101,Regular,7,Update,Deployment,false
5.662262377,Regular,4,Delete,ConfigMap,false
5.682912855,Regular,6,Delete,Deployment,false
5.702754515,Regular,7,Create,Deployment,false
5.722397709,Regular,6,Create,ConfigMap,false
5.742163395,Regular,7,Update,Deployment,false
5.7634274130000005,Regular,5,Delete,ConfigMap,false
5.783175095,Regular,5,Delete,Deployment,false
5.80305142,Regular,6,Create,Deployment,false
5.822904761,Regular,6,Create,ConfigMap,false
5.842642254,Regular,8,Update,Deployment,false
5.862679233,Regular,5,Delete,ConfigMap,false
5.883111679,Regular,7,Delete,Deployment,false
5.902713686,Regular,12,Create,Deployment,false
5.922240691,Regular,8,Create,ConfigMap,false
5.943280785,Regular,10,Update,Deployment,false
5.963187688,Regular,5,Delete,ConfigMap,false
5.982218105,Regular,4,Delete,Deployment,false
5.022320344,Regular,9,Create,ConfigMap,false
5.042373753,Regular,9,Update,Deployment,false
5.063187139,Regular,5,Delete,ConfigMap,false
5.082622531,Regular,6,Delete,Deployment,false
5.102479319,Regular,7,Create,Deployment,false
5.122334424,Regular,4,Create,ConfigMap,false
5.142577853,Regular,7,Update,Deployment,false
5.162233511,Regular,4,Delete,ConfigMap,false
5.182244,Regular,6,Delete,Deployment,false
5.203224431,Regular,6,Create,Deployment,false
5.222763018,Regular,5,Create,ConfigMap,false
5.242164807,Regular,8,Update,Deployment,false
5.263032315,Regular,6,Delete,ConfigMap,false
5.282253793,Regular,4,Delete,Deployment,false
5.302474879,Regular,5,Create,Deployment,false
5.322883891,Regular,6,Create,ConfigMap,false
5.343082455,Regular,7,Update,Deployment,false
5.363449377,Regular,6,Delete,ConfigMap,false
5.383311535,Regular,7,Delete,Deployment,false
5.403416583,Regular,6,Create,Deployment,false
5.423431239,Regular,6,Create,ConfigMap,false
5.442556375,Regular,11,Update,Deployment,false
5.462110512,Regular,4,Delete,ConfigMap,false
5.482901725,Regular,5,Delete,Deployment,false
5.503076154,Regular,9,Create,Deployment,false
5.522798177,Regular,6,Create,ConfigMap,false
5.542254098,Regular,9,Update,Deployment,false
5.562709909,Regular,6,Delete,ConfigMap,false
5.582749302,Regular,5,Delete,Deployment,false
5.603181988,Regular,7,Create,Deployment,false
5.62295063,Regular,6,Create,ConfigMap,false
5.642827957,Regular,8,Update,Deployment,false
5.662148672,Regular,5,Delete,ConfigMap,false
5.683048952,Regular,4,Delete,Deployment,false
5.702956707,Regular,8,Create,Deployment,false
5.722383102,Regular,6,Create,ConfigMap,false
5.742214221,Regular,7,Update,Deployment,false
5.763231653,Regular,5,Delete,ConfigMap,false
5.783132584,Regular,4,Delete,Deployment,false
5.8029509,Regular,6,Create,Deployment,false
5.823047551,Regular,6,Create,ConfigMap,false
5.842795474,Regular,8,Update,Deployment,false
5.862772279,Regular,5,Delete,ConfigMap,false
5.882858831,Regular,8,Delete,Deployment,false
5.902782235,Regular,12,Create,Deployment,false
5.922367431,Regular,8,Create,ConfigMap,false
5.943215672,Regular,12,Update,Deployment,false
5.963199771,Regular,5,Delete,ConfigMap,false
5.982304298,Regular,4,Delete,Deployment,false
5.001305828,Regular,9,Create,Deployment,false
5.021936268,Regular,9,Create,ConfigMap,false
5.041552031,Regular,5,Update,Deployment,false
5.061931366,Regular,3,Delete,ConfigMap,false
5.081307046,Regular,3,Delete,Deployment,false
5.101206855,Regular,6,Create,Deployment,false
5.12203027,Regular,6,Create,ConfigMap,false
5.141346627,Regular,6,Update,Deployment,false
5.161975895,Regular,3,Delete,ConfigMap,false
5.182099968,Regular,7,Delete,Deployment,false
5.201685864,Regular,6,Create,Deployment,false
5.221226155,Regular,6,Create,ConfigMap,false
5.241919303,Regular,8,Update,Deployment,false
5.261744482,Regular,3,Delete,ConfigMap,false
5.281946292,Regular,3,Delete,Deployment,false
5.301194861,Regular,6,Create,Deployment,false
5.321479347,Regular,6,Create,ConfigMap,false
5.341734969,Regular,6,Update,Deployment,false
5.361729527,Regular,4,Delete,ConfigMap,false
5.381884199,Regular,3,Delete,Deployment,false
5.401771264,Regular,6,Create,Deployment,false
5.421721489,Regular,6,Create,ConfigMap,false
5.441610228,Regular,10,Update,Deployment,false
5.461880337,Regular,5,Delete,ConfigMap,false
5.481583966,Regular,3,Delete,Deployment,false
5.501304847,Regular,8,Create,Deployment,false
5.521413762,Regular,6,Create,ConfigMap,false
5.542099496,Regular,10,Update,Deployment,false
5.56131912,Regular,3,Delete,ConfigMap,false
5.581378802,Regular,2,Delete,Deployment,false
5.601758198,Regular,7,Create,Deployment,false
5.62153789,Regular,6,Create,ConfigMap,false
5.641367688,Regular,7,Update,Deployment,false
5.661905823,Regular,5,Delete,ConfigMap,false
5.681637355,Regular,4,Delete,Deployment,false
5.701437436,Regular,8,Create,Deployment,false
5.722000629,Regular,6,Create,ConfigMap,false
5.741262353,Regular,6,Update,Deployment,false
5.761863277,Regular,3,Delete,ConfigMap,false
5.781792883,Regular,3,Delete,Deployment,false
5.801376145,Regular,6,Create,Deployment,false
5.821570531,Regular,5,Create,ConfigMap,false
5.841548407,Regular,6,Update,Deployment,false
5.861388664,Regular,4,Delete,ConfigMap,false
5.881518058,Regular,5,Delete,Deployment,false
5.901288112,Regular,9,Create,Deployment,false
5.922364004,Regular,6,Create,ConfigMap,false
5.941830335,Regular,6,Update,Deployment,false
5.961784857,Regular,4,Delete,ConfigMap,false
5.982317633,Regular,4,Delete,Deployment,false
6.001320528,Regular,6,Create,Deployment,false
5.002774062,Regular,10,Create,Deployment,false
5.022414722,Regular,8,Create,ConfigMap,false
5.042751868,Regular,8,Update,Deployment,false
5.063270286,Regular,5,Delete,ConfigMap,false
5.083115442,Regular,6,Delete,Deployment,false
5.102528242,Regular,7,Create,Deployment,false
5.122388246,Regular,6,Create,ConfigMap,false
5.142544621,Regular,8,Update,Deployment,false
5.16234366,Regular,4,Delete,ConfigMap,false
5.182209294,Regular,6,Delete,Deployment,false
5.203241554,Regular,6,Create,Deployment,false
5.222747038,Regular,5,Create,ConfigMap,false
5.242226604,Regular,8,Update,Deployment,false
5.263370033,Regular,6,Delete,ConfigMap,false
5.282261968,Regular,3,Delete,Deployment,false
5.302441947,Regular,6,Create,Deployment,false
5.322910642,Regular,6,Create,ConfigMap,false
5.343117391,Regular,7,Update,Deployment,false
5.363382942,Regular,6,Delete,ConfigMap,false
5.383173515,Regular,7,Delete,Deployment,false
5.403438865,Regular,5,Create,Deployment,false
5.423065268,Regular,5,Create,ConfigMap,false
5.442575081,Regular,11,Update,Deployment,false
5.462382546,Regular,4,Delete,ConfigMap,false
5.482847373,Regular,5,Delete,Deployment,false
5.502990402,Regular,9,Create,Deployment,false
5.523060192,Regular,5,Create,ConfigMap,false
5.54233467,Regular,9,Update,Deployment,false
5.562785982,Regular,6,Delete,ConfigMap,false
5.58276933,Regular,5,Delete,Deployment,false
5.603085455,Regular,7,Create,Deployment,false
5.623018528,Regular,5,Create,ConfigMap,false
5.642699113,Regular,8,Update,Deployment,false
5.662222432,Regular,5,Delete,ConfigMap,false
5.683112943,Regular,6,Delete,Deployment,false
5.70306412,Regular,8,Create,Deployment,false
5.722476348,Regular,6,Create,ConfigMap,false
5.742249007,Regular,6,Update,Deployment,false
5.76357397,Regular,3,Delete,ConfigMap,false
5.783062161,Regular,5,Delete,Deployment,false
5.802752365,Regular,6,Create,Deployment,false
5.8231399459999995,Regular,6,Create,ConfigMap,false
5.842638116,Regular,8,Update,Deployment,false
5.862731392,Regular,5,Delete,ConfigMap,false
5.882954462,Regular,7,Delete,Deployment,false
5.902798927,Regular,9,Create,Deployment,false
5.922259737,Regular,7,Create,ConfigMap,false
5.943488087,Regular,12,Update,Deployment,false
5.963121903,Regular,5,Delete,ConfigMap,false
5.982188018,Regular,4,Delete,Deployment,false
6.002822776,Regular,5,Create,Deployment,false
5.002701725,Regular,11,Create,Deployment,false
5.022347004,Regular,8,Create,ConfigMap,false
5.04263149,Regular,8,Update,Deployment,false
5.063350057,Regular,5,Delete,ConfigMap,false
5.082938187,Regular,6,Delete,Deployment,false
5.10261176,Regular,5,Create,Deployment,false
5.122374921,Regular,6,Create,ConfigMap,false
5.142536565,Regular,6,Update,Deployment,false
5.162227169,Regular,4,Delete,ConfigMap,false
5.182168207,Regular,7,Delete,Deployment,false
5.203294123,Regular,6,Create,Deployment,false
5.222665073,Regular,6,Create,ConfigMap,false
5.242357561,Regular,8,Update,Deployment,false
5.263041081,Regular,4,Delete,ConfigMap,false
5.282128055,Regular,4,Delete,Deployment,false
5.302529052,Regular,6,Create,Deployment,false
5.322894681,Regular,6,Create,ConfigMap,false
5.343107933,Regular,7,Update,Deployment,false
5.363194566,Regular,5,Delete,ConfigMap,false
5.383189234,Regular,7,Delete,Deployment,false
5.403565915,Regular,5,Create,Deployment,false
5.423333936,Regular,7,Create,ConfigMap,false
5.442816847,Regular,11,Update,Deployment,false
5.462238624,Regular,4,Delete,ConfigMap,false
5.483019788,Regular,4,Delete,Deployment,false
5.50262408,Regular,7,Create,Deployment,false
5.522981594,Regular,6,Create,ConfigMap,false
5.5423577139999995,Regular,9,Update,Deployment,false
5.562754613,Regular,6,Delete,ConfigMap,false
5.582858288,Regular,5,Delete,Deployment,false
5.603118849,Regular,6,Create,Deployment,false
5.623112165,Regular,6,Create,ConfigMap,false
5.642717538,Regular,8,Update,Deployment,false
5.662201552,Regular,3,Delete,ConfigMap,false
5.683048942,Regular,6,Delete,Deployment,false
5.703122841,Regular,8,Create,Deployment,false
5.722421524,Regular,6,Create,ConfigMap,false
5.7422377959999995,Regular,7,Update,Deployment,false
5.763168704,Regular,5,Delete,ConfigMap,false
5.783136191,Regular,4,Delete,Deployment,false
5.802957793,Regular,6,Create,Deployment,false
5.822999721,Regular,6,Create,ConfigMap,false
5.842686087,Regular,8,Update,Deployment,false
5.862921361,Regular,5,Delete,ConfigMap,false
5.882873809,Regular,8,Delete,Deployment,false
5.902969499,Regular,11,Create,Deployment,false
5.922222196,Regular,8,Create,ConfigMap,false
5.94345274,Regular,11,Update,Deployment,false
5.963419055,Regular,5,Delete,ConfigMap,false
5.982142923,Regular,5,Delete,Deployment,false
6.002599104,Regular,6,Create,Deployment,false
5.002768772,Regular,11,Create,Deployment,false
5.022396347,Regular,7,Create,ConfigMap,false
5.042471698,Regular,7,Update,Deployment,false
5.063244808,Regular,5,Delete,ConfigMap,false
5.083159796,Regular,5,Delete,Deployment,false
5.102544392,Regular,7,Create,Deployment,false
5.12229505,Regular,6,Create,ConfigMap,false
5.142566772,Regular,8,Update,Deployment,false
5.162270692,Regular,5,Delete,ConfigMap,false
5.182199716,Regular,7,Delete,Deployment,false
5.2032650480000004,Regular,6,Create,Deployment,false
5.222510371,Regular,5,Create,ConfigMap,false
5.242128819,Regular,8,Update,Deployment,false
5.263181787,Regular,6,Delete,ConfigMap,false
5.282187858,Regular,4,Delete,Deployment,false
5.302545693,Regular,5,Create,Deployment,false
5.322921913,Regular,6,Create,ConfigMap,false
5.343122821,Regular,7,Update,Deployment,false
5.363178255,Regular,6,Delete,ConfigMap,false
5.383357041,Regular,6,Delete,Deployment,false
5.403516712,Regular,7,Create,Deployment,false
5.42344745,Regular,6,Create,ConfigMap,false
5.442719293,Regular,11,Update,Deployment,false
5.462257199,Regular,5,Delete,ConfigMap,false
5.483002696,Regular,5,Delete,Deployment,false
5.502842022,Regular,9,Create,Deployment,false
5.522784652,Regular,5,Create,ConfigMap,false
5.542167084,Regular,8,Update,Deployment,false
5.562624267,Regular,6,Delete,ConfigMap,false
5.582683327,Regular,5,Delete,Deployment,false
5.603192628,Regular,7,Create,Deployment,false
5.623112155,Regular,5,Create,ConfigMap,false
5.642789093,Regular,7,Update,Deployment,false
5.662257618,Regular,5,Delete,ConfigMap,false
5.683140786,Regular,5,Delete,Deployment,false
5.7027678,Regular,8,Create,Deployment,false
5.722396948,Regular,6,Create,ConfigMap,false
5.742174597,Regular,7,Update,Deployment,false
5.763748209,Regular,4,Delete,ConfigMap,false
5.783205011,Regular,4,Delete,Deployment,false
5.802714102,Regular,6,Create,Deployment,false
5.82302606,Regular,6,Create,ConfigMap,false
5.842614672,Regular,8,Update,Deployment,false
5.862884812,Regular,5,Delete,ConfigMap,false
5.883072274,Regular,7,Delete,Deployment,false
5.902891201,Regular,8,Create,Deployment,false
5.922339468,Regular,8,Create,ConfigMap,false
5.943175907,Regular,10,Update,Deployment,false
5.963474099,Regular,5,Delete,ConfigMap,false
5.982210761,Regular,4,Delete,Deployment,false
6.002985003,Regular,6,Create,Deployment,false
6.021389958,Regular,6,Create,ConfigMap,false
6.041226067,Regular,5,Update,Deployment,false
6.061959031,Regular,7,Delete,ConfigMap,false
6.082170008,Regular,5,Delete,Deployment,false
6.101602966,Regular,7,Create,Deployment,false
6.121932116,Regular,7,Create,ConfigMap,false
6.142328394,Regular,9,Update,Deployment,false
6.161578196,Regular,3,Delete,ConfigMap,false
6.182167999,Regular,4,Delete,Deployment,false
6.202311979,Regular,8,Create,Deployment,false
6.221939384,Regular,6,Create,ConfigMap,false
6.241898616,Regular,5,Update,Deployment,false
6.261759342,Regular,2,Delete,ConfigMap,false
6.281291907,Regular,3,Delete,Deployment,false
6.301407415,Regular,8,Create,Deployment,false
6.32208821,Regular,8,Create,ConfigMap,false
6.341512591,Regular,8,Update,Deployment,false
6.361920961,Regular,4,Delete,ConfigMap,false
6.381675336,Regular,4,Delete,Deployment,false
6.401965383,Regular,10,Create,Deployment,false
6.421437545,Regular,6,Create,ConfigMap,false
6.441940003,Regular,11,Update,Deployment,false
6.461678868,Regular,5,Delete,ConfigMap,false
6.481884105,Regular,7,Delete,Deployment,false
6.501329386,Regular,7,Create,Deployment,false
6.52127929,Regular,7,Create,ConfigMap,false
6.542402902,Regular,8,Update,Deployment,false
6.562616183,Regular,5,Delete,ConfigMap,false
6.581978027,Regular,3,Delete,Deployment,false
6.60202825,Regular,8,Create,Deployment,false
6.621178995,Regular,7,Create,ConfigMap,false
6.642347381,Regular,8,Update,Deployment,false
6.661855511,Regular,3,Delete,ConfigMap,false
6.68150659,Regular,4,Delete,Deployment,false
6.701534842,Regular,7,Create,Deployment,false
6.722087796,Regular,7,Create,ConfigMap,false
6.741765476,Regular,7,Update,Deployment,false
6.762373263,Regular,6,Delete,ConfigMap,false
6.78195437,Regular,5,Delete,Deployment,false
6.801247884,Regular,8,Create,Deployment,false
6.821795488,Regular,7,Create,ConfigMap,false
6.841311943,Regular,6,Update,Deployment,false
6.861384769,Regular,4,Delete,ConfigMap,false
6.881573425,Regular,2,Delete,Deployment,false
6.901170893,Regular,6,Create,Deployment,false
6.92138158,Regular,6,Create,ConfigMap,false
6.941177864,Regular,6,Update,Deployment,false
6.961539025,Regular,3,Delete,ConfigMap,false
6.981560204,Regular,3,Delete,Deployment,false
6.001319355,Regular,6,Create,Deployment,false
6.021386241,Regular,6,Create,ConfigMap,false
6.04121706,Regular,6,Update,Deployment,false
6.06194794,Regular,7,Delete,ConfigMap,false
6.082085078,Regular,6,Delete,Deployment,false
6.101588448,Regular,9,Create,Deployment,false
6.121941594,Regular,7,Create,ConfigMap,false
6.1421612979999995,Regular,10,Update,Deployment,false
6.161603263,Regular,4,Delete,ConfigMap,false
6.182316419,Regular,5,Delete,Deployment,false
6.20255064,Regular,8,Create,Deployment,false
6.221936188,Regular,6,Create,ConfigMap,false
6.241906631,Regular,6,Update,Deployment,false
6.26176888,Regular,3,Delete,ConfigMap,false
6.281283602,Regular,4,Delete,Deployment,false
6.301395142,Regular,7,Create,Deployment,false
6.3220882,Regular,7,Create,ConfigMap,false
6.341512581,Regular,7,Update,Deployment,false
6.361915812,Regular,4,Delete,ConfigMap,false
6.381655569,Regular,3,Delete,Deployment,false
6.401960233,Regular,9,Create,Deployment,false
6.421442314,Regular,6,Create,ConfigMap,false
6.441939482,Regular,10,Update,Deployment,false
6.461770792,Regular,5,Delete,ConfigMap,false
6.481884105,Regular,8,Delete,Deployment,false
6.501322773,Regular,7,Create,Deployment,false
6.521268119,Regular,7,Create,ConfigMap,false
6.542206731,Regular,7,Update,Deployment,false
6.562416566,Regular,5,Delete,ConfigMap,false
6.581972456,Regular,4,Delete,Deployment,false
6.602041285,Regular,8,Create,Deployment,false
6.621179025,Regular,6,Create,ConfigMap,false
6.642231312,Regular,9,Update,Deployment,false
6.661845401,Regular,4,Delete,ConfigMap,false
6.681499256,Regular,3,Delete,Deployment,false
6.701525735,Regular,7,Create,Deployment,false
6.722087756,Regular,6,Create,ConfigMap,false
6.741765476,Regular,6,Update,Deployment,false
6.76217609,Regular,5,Delete,ConfigMap,false
6.781944381,Regular,6,Delete,Deployment,false
6.801235521,Regular,8,Create,Deployment,false
6.821785449,Regular,7,Create,ConfigMap,false
6.841322763,Regular,6,Update,Deployment,false
6.861380862,Regular,3,Delete,ConfigMap,false
6.881562093,Regular,4,Delete,Deployment,false
6.901162758,Regular,6,Create,Deployment,false
6.921369417,Regular,5,Create,ConfigMap,false
6.941173636,Regular,6,Update,Deployment,false
6.961537102,Regular,4,Delete,ConfigMap,false
6.98155259,Regular,2,Delete,Deployment,false
6.022851078,Regular,7,Create,ConfigMap,false
6.042532325,Regular,6,Update,Deployment,false
6.062261693,Regular,4,Delete,ConfigMap,false
6.082342424,Regular,5,Delete,Deployment,false
6.102978124,Regular,7,Create,Deployment,false
6.122361728,Regular,7,Create,ConfigMap,false
6.142142453,Regular,9,Update,Deployment,false
6.16316872,Regular,6,Delete,ConfigMap,false
6.182218945,Regular,5,Delete,Deployment,false
6.202392832,Regular,8,Create,Deployment,false
6.222230675,Regular,6,Create,ConfigMap,false
6.242793377,Regular,6,Update,Deployment,false
6.26315582,Regular,4,Delete,ConfigMap,false
6.282765201,Regular,5,Delete,Deployment,false
6.302951482,Regular,6,Create,Deployment,false
6.322329586,Regular,7,Create,ConfigMap,false
6.342725152,Regular,8,Update,Deployment,false
6.362460281,Regular,5,Delete,ConfigMap,false
6.383094167,Regular,8,Delete,Deployment,false
6.40231844,Regular,9,Create,Deployment,false
6.423153306,Regular,7,Create,ConfigMap,false
6.442257533,Regular,11,Update,Deployment,false
6.463616609,Regular,7,Delete,ConfigMap,false
6.482825834,Regular,8,Delete,Deployment,false
6.502982409,Regular,5,Create,Deployment,false
6.522574357,Regular,7,Create,ConfigMap,false
6.542187895,Regular,8,Update,Deployment,false
6.562680595,Regular,5,Delete,ConfigMap,false
6.58260449,Regular,4,Delete,Deployment,false
6.602386607,Regular,6,Create,Deployment,false
6.622521461,Regular,5,Create,ConfigMap,false
6.642338845,Regular,9,Update,Deployment,false
6.6635312970000005,Regular,5,Delete,ConfigMap,false
6.682916133,Regular,5,Delete,Deployment,false
6.703237018,Regular,5,Create,Deployment,false
6.722139373,Regular,5,Create,ConfigMap,false
6.743065923,Regular,6,Update,Deployment,false
6.762193553,Regular,8,Delete,ConfigMap,false
6.782756085,Regular,5,Delete,Deployment,false
6.802771583,Regular,9,Create,Deployment,false
6.823145318,Regular,8,Create,ConfigMap,false
6.842477756,Regular,7,Update,Deployment,false
6.862748807,Regular,5,Delete,ConfigMap,false
6.882962259,Regular,6,Delete,Deployment,false
6.902504152,Regular,7,Create,Deployment,false
6.922733153,Regular,6,Create,ConfigMap,false
6.942409721,Regular,7,Update,Deployment,false
6.963104042,Regular,6,Delete,ConfigMap,false
6.983167621,Regular,5,Delete,Deployment,false
6.00261298,Regular,5,Create,Deployment,false
6.023080652,Regular,6,Create,ConfigMap,false
6.042508089,Regular,6,Update,Deployment,false
6.062557482,Regular,4,Delete,ConfigMap,false
6.08215491,Regular,5,Delete,Deployment,false
6.103105374,Regular,7,Create,Deployment,false
6.122574039,Regular,7,Create,ConfigMap,false
6.142342871,Regular,9,Update,Deployment,false
6.163245195,Regular,6,Delete,ConfigMap,false
6.182315627,Regular,5,Delete,Deployment,false
6.202158349,Regular,8,Create,Deployment,false
6.222361933,Regular,6,Create,ConfigMap,false
6.242704859,Regular,8,Update,Deployment,false
6.263060811,Regular,4,Delete,ConfigMap,false
6.282619887,Regular,5,Delete,Deployment,false
6.303066409,Regular,7,Create,Deployment,false
6.322238734,Regular,7,Create,ConfigMap,false
6.342922635,Regular,6,Update,Deployment,false
6.362284538,Regular,4,Delete,ConfigMap,false
6.383182544,Regular,8,Delete,Deployment,false
6.40251976,Regular,9,Create,Deployment,false
6.423076291,Regular,7,Create,ConfigMap,false
6.442378842,Regular,7,Update,Deployment,false
6.463239737,Regular,7,Delete,ConfigMap,false
6.482435416,Regular,7,Delete,Deployment,false
6.502704835,Regular,7,Create,Deployment,false
6.5226958360000005,Regular,7,Create,ConfigMap,false
6.542367084,Regular,8,Update,Deployment,false
6.562640149,Regular,6,Delete,ConfigMap,false
6.582359417,Regular,4,Delete,Deployment,false
6.602565445,Regular,8,Create,Deployment,false
6.622567989,Regular,7,Create,ConfigMap,false
6.642305412,Regular,9,Update,Deployment,false
6.66339033,Regular,6,Delete,ConfigMap,false
6.683157479,Regular,6,Delete,Deployment,false
6.702859645,Regular,7,Create,Deployment,false
6.722205619,Regular,7,Create,ConfigMap,false
6.742945866,Regular,6,Update,Deployment,false
6.762362753,Regular,8,Delete,ConfigMap,false
6.782666315,Regular,6,Delete,Deployment,false
6.803032306,Regular,9,Create,Deployment,false
6.823437169,Regular,7,Create,ConfigMap,false
6.842329846,Regular,7,Update,Deployment,false
6.863008447,Regular,4,Delete,ConfigMap,false
6.883060605,Regular,6,Delete,Deployment,false
6.90277851,Regular,7,Create,Deployment,false
6.922764302,Regular,6,Create,ConfigMap,false
6.9423929,Regular,8,Update,Deployment,false
6.962866052,Regular,6,Delete,ConfigMap,false
6.98292378,Regular,5,Delete,Deployment,false
6.022833265,Regular,6,Create,ConfigMap,false
6.042415985,Regular,6,Update,Deployment,false
6.062389534,Regular,6,Delete,ConfigMap,false
6.082259988,Regular,4,Delete,Deployment,false
6.102937858,Regular,7,Create,Deployment,false
6.122319759,Regular,7,Create,ConfigMap,false
6.142213166,Regular,10,Update,Deployment,false
6.16350727,Regular,6,Delete,ConfigMap,false
6.182286933,Regular,4,Delete,Deployment,false
6.202384606,Regular,6,Create,Deployment,false
6.222196911,Regular,5,Create,ConfigMap,false
6.242843491,Regular,6,Update,Deployment,false
6.263138929,Regular,4,Delete,ConfigMap,false
6.282829653,Regular,5,Delete,Deployment,false
6.30283412,Regular,7,Create,Deployment,false
6.32227356,Regular,7,Create,ConfigMap,false
6.3427993019999995,Regular,7,Update,Deployment,false
6.362392002,Regular,4,Delete,ConfigMap,false
6.382966225,Regular,8,Delete,Deployment,false
6.402420042,Regular,9,Create,Deployment,false
6.422960071,Regular,7,Create,ConfigMap,false
6.442373392,Regular,6,Update,Deployment,false
6.463110042,Regular,8,Delete,ConfigMap,false
6.482349394,Regular,8,Delete,Deployment,false
6.503121963,Regular,7,Create,Deployment,false
6.522666551,Regular,8,Create,ConfigMap,false
6.542344331,Regular,8,Update,Deployment,false
6.562783389,Regular,6,Delete,ConfigMap,false
6.582464225,Regular,5,Delete,Deployment,false
6.602365928,Regular,8,Create,Deployment,false
6.622574241,Regular,7,Create,ConfigMap,false
6.6423469,Regular,9,Update,Deployment,false
6.663595378,Regular,5,Delete,ConfigMap,false
6.683003418,Regular,5,Delete,Deployment,false
6.703289658,Regular,7,Create,Deployment,false
6.7222500929999995,Regular,6,Create,ConfigMap,false
6.743009717,Regular,6,Update,Deployment,false
6.762161683,Regular,8,Delete,ConfigMap,false
6.782562649,Regular,6,Delete,Deployment,false
6.80323046,Regular,9,Create,Deployment,false
6.823203498,Regular,7,Create,ConfigMap,false
6.842318835,Regular,7,Update,Deployment,false
6.862704032,Regular,5,Delete,ConfigMap,false
6.88291505,Regular,5,Delete,Deployment,false
6.902517818,Regular,7,Create,Deployment,false
6.922875072,Regular,4,Create,ConfigMap,false
6.942380927,Regular,7,Update,Deployment,false
6.963197859,Regular,6,Delete,ConfigMap,false
6.983138877,Regular,5,Delete,Deployment,false
7.00294529,Regular,4,Create,Deployment,false
6.002635863,Regular,6,Create,Deployment,false
6.02279887,Regular,7,Create,ConfigMap,false
6.042392441,Regular,6,Update,Deployment,false
6.062202331,Regular,5,Delete,ConfigMap,false
6.08223969,Regular,5,Delete,Deployment,false
6.102960551,Regular,7,Create,Deployment,false
6.122318005,Regular,7,Create,ConfigMap,false
6.142524555,Regular,7,Update,Deployment,false
6.162964194,Regular,6,Delete,ConfigMap,false
6.18214753,Regular,6,Delete,Deployment,false
6.2023121,Regular,8,Create,Deployment,false
6.222220295,Regular,6,Create,ConfigMap,false
6.242765855,Regular,6,Update,Deployment,false
6.263090317,Regular,4,Delete,ConfigMap,false
6.28260567,Regular,5,Delete,Deployment,false
6.302721888,Regular,7,Create,Deployment,false
6.322193699,Regular,6,Create,ConfigMap,false
6.342681389,Regular,8,Update,Deployment,false
6.362157789,Regular,4,Delete,ConfigMap,false
6.383576308,Regular,8,Delete,Deployment,false
6.402407418,Regular,8,Create,Deployment,false
6.422875842,Regular,7,Create,ConfigMap,false
6.442213169,Regular,9,Update,Deployment,false
6.463142774,Regular,8,Delete,ConfigMap,false
6.4823467390000005,Regular,8,Delete,Deployment,false
6.502807198,Regular,7,Create,Deployment,false
6.52262921,Regular,8,Create,ConfigMap,false
6.542395868,Regular,7,Update,Deployment,false
6.562196811,Regular,6,Delete,ConfigMap,false
6.582213522,Regular,5,Delete,Deployment,false
6.602308119,Regular,8,Create,Deployment,false
6.622553712,Regular,7,Create,ConfigMap,false
6.64230422,Regular,9,Update,Deployment,false
6.663199921,Regular,6,Delete,ConfigMap,false
6.682923016,Regular,6,Delete,Deployment,false
6.702831662,Regular,7,Create,Deployment,false
6.7222275400000004,Regular,6,Create,ConfigMap,false
6.742878048,Regular,6,Update,Deployment,false
6.762307749,Regular,6,Delete,ConfigMap,false
6.782270487,Regular,6,Delete,Deployment,false
6.8025391840000005,Regular,9,Create,Deployment,false
6.823208668,Regular,7,Create,ConfigMap,false
6.842211282,Regular,7,Update,Deployment,false
6.862726805,Regular,5,Delete,ConfigMap,false
6.883022052,Regular,6,Delete,Deployment,false
6.902765556,Regular,4,Create,Deployment,false
6.9227849809999995,Regular,6,Create,ConfigMap,false
6.942309742,Regular,7,Update,Deployment,false
6.96304455,Regular,6,Delete,ConfigMap,false
6.982945351,Regular,5,Delete,Deployment,false
7.002846613,Regular,5,Create,Deployment,false
6.002908067,Regular,6,Create,Deployment,false
6.022881766,Regular,7,Create,ConfigMap,false
6.04234431,Regular,7,Update,Deployment,false
6.062410554,Regular,4,Delete,ConfigMap,false
6.08228236,Regular,5,Delete,Deployment,false
6.10302375,Regular,7,Create,Deployment,false
6.122628923,Regular,7,Create,ConfigMap,false
6.142391022,Regular,9,Update,Deployment,false
6.162981767,Regular,5,Delete,ConfigMap,false
6.182256896,Regular,4,Delete,Deployment,false
6.202392562,Regular,7,Create,Deployment,false
6.222268095,Regular,5,Create,ConfigMap,false
6.242910959,Regular,6,Update,Deployment,false
6.26312937,Regular,4,Delete,ConfigMap,false
6.282636137,Regular,6,Delete,Deployment,false
6.302953456,Regular,7,Create,Deployment,false
6.322147752,Regular,7,Create,ConfigMap,false
6.342924148,Regular,7,Update,Deployment,false
6.362549339,Regular,3,Delete,ConfigMap,false
6.383614129,Regular,8,Delete,Deployment,false
6.402483823,Regular,9,Create,Deployment,false
6.423066963,Regular,7,Create,ConfigMap,false
6.4423135590000005,Regular,10,Update,Deployment,false
6.463529645,Regular,8,Delete,ConfigMap,false
6.482846183,Regular,8,Delete,Deployment,false
6.5028256429999995,Regular,7,Create,Deployment,false
6.522804411,Regular,7,Create,ConfigMap,false
6.542234113,Regular,8,Update,Deployment,false
6.562500595,Regular,5,Delete,ConfigMap,false
6.582241915,Regular,5,Delete,Deployment,false
6.602367642,Regular,8,Create,Deployment,false
6.622718373,Regular,5,Create,ConfigMap,false
6.642247492,Regular,9,Update,Deployment,false
6.663173791,Regular,4,Delete,ConfigMap,false
6.682967941,Regular,4,Delete,Deployment,false
6.702984812,Regular,7,Create,Deployment,false
6.722275731,Regular,7,Create,ConfigMap,false
6.742841068,Regular,7,Update,Deployment,false
6.762333989,Regular,5,Delete,ConfigMap,false
6.782824474,Regular,5,Delete,Deployment,false
6.802867635,Regular,9,Create,Deployment,false
6.823531688,Regular,7,Create,ConfigMap,false
6.842338703,Regular,7,Update,Deployment,false
6.862805283,Regular,5,Delete,ConfigMap,false
6.882941369,Regular,7,Delete,Deployment,false
6.90264084,Regular,7,Create,Deployment,false
6.922964,Regular,6,Create,ConfigMap,false
6.942327897,Regular,8,Update,Deployment,false
6.963192269,Regular,6,Delete,ConfigMap,false
6.983044228,Regular,5,Delete,Deployment,false
7.003207986,Regular,6,Create,Deployment,false
6.002647114,Regular,5,Create,Deployment,false
6.023080642,Regular,6,Create,ConfigMap,false
6.042499323,Regular,6,Update,Deployment,false
6.062677438,Regular,4,Delete,ConfigMap,false
6.082257894,Regular,7,Delete,Deployment,false
6.103380073,Regular,7,Create,Deployment,false
6.122629634,Regular,5,Create,ConfigMap,false
6.142347881,Regular,10,Update,Deployment,false
6.163256086,Regular,6,Delete,ConfigMap,false
6.182300339,Regular,4,Delete,Deployment,false
6.202236647,Regular,7,Create,Deployment,false
6.222426164,Regular,4,Create,ConfigMap,false
6.242741068,Regular,8,Update,Deployment,false
6.263088944,Regular,4,Delete,ConfigMap,false
6.282715227,Regular,5,Delete,Deployment,false
6.3027967,Regular,7,Create,Deployment,false
6.322253111,Regular,7,Create,ConfigMap,false
6.342906024,Regular,7,Update,Deployment,false
6.362297232,Regular,5,Delete,ConfigMap,false
6.38340261,Regular,8,Delete,Deployment,false
6.402364858,Regular,9,Create,Deployment,false
6.422856746,Regular,7,Create,ConfigMap,false
6.442273783,Regular,10,Update,Deployment,false
6.463718342,Regular,7,Delete,ConfigMap,false
6.482648679,Regular,8,Delete,Deployment,false
6.502808751,Regular,7,Create,Deployment,false
6.522807597,Regular,7,Create,ConfigMap,false
6.542355001,Regular,7,Update,Deployment,false
6.562435572,Regular,6,Delete,ConfigMap,false
6.582372933,Regular,5,Delete,Deployment,false
6.602580283,Regular,8,Create,Deployment,false
6.622800839,Regular,7,Create,ConfigMap,false
6.642264374,Regular,9,Update,Deployment,false
6.663534032,Regular,5,Delete,ConfigMap,false
6.683191854,Regular,6,Delete,Deployment,false
6.703237018,Regular,7,Create,Deployment,false
6.722167376,Regular,6,Create,ConfigMap,false
6.742904888,Regular,7,Update,Deployment,false
6.7623614100000005,Regular,6,Delete,ConfigMap,false
6.782396946,Regular,6,Delete,Deployment,false
6.803078213,Regular,9,Create,Deployment,false
6.823243453,Regular,7,Create,ConfigMap,false
6.842185904,Regular,7,Update,Deployment,false
6.862856871,Regular,5,Delete,ConfigMap,false
6.883075162,Regular,7,Delete,Deployment,false
6.90258785,Regular,7,Create,Deployment,false
6.9229480599999995,Regular,6,Create,ConfigMap,false
6.942352313,Regular,7,Update,Deployment,false
6.962920074,Regular,6,Delete,ConfigMap,false
6.983069245,Regular,5,Delete,Deployment,false
7.003153493,Regular,6,Create,Deployment,false
6.022790544,Regular,7,Create,ConfigMap,false
6.042317379,Regular,6,Update,Deployment,false
6.062246805,Regular,4,Delete,ConfigMap,false
6.082134852,Regular,5,Delete,Deployment,false
6.103199923,Regular,7,Create,Deployment,false
6.122502193,Regular,7,Create,ConfigMap,false
6.142200011,Regular,10,Update,Deployment,false
6.163330987,Regular,6,Delete,ConfigMap,false
6.182266344,Regular,6,Delete,Deployment,false
6.20219058,Regular,8,Create,Deployment,false
6.222370519,Regular,6,Create,ConfigMap,false
6.24280592,Regular,7,Update,Deployment,false
6.263146683,Regular,4,Delete,ConfigMap,false
6.283017849,Regular,5,Delete,Deployment,false
6.30283915,Regular,5,Create,Deployment,false
6.322166908,Regular,8,Create,ConfigMap,false
6.342781779,Regular,6,Update,Deployment,false
6.36224823,Regular,5,Delete,ConfigMap,false
6.383292171,Regular,9,Delete,Deployment,false
6.40222335,Regular,8,Create,Deployment,false
6.422827972,Regular,5,Create,ConfigMap,false
6.442177992,Regular,7,Update,Deployment,false
6.463614135,Regular,5,Delete,ConfigMap,false
6.482385522,Regular,8,Delete,Deployment,false
6.50268671,Regular,7,Create,Deployment,false
6.522568596,Regular,8,Create,ConfigMap,false
6.542302622,Regular,8,Update,Deployment,false
6.562694351,Regular,5,Delete,ConfigMap,false
6.582431303,Regular,5,Delete,Deployment,false
6.602479463,Regular,7,Create,Deployment,false
6.622612473,Regular,7,Create,ConfigMap,false
6.64216136,Regular,9,Update,Deployment,false
6.663431017,Regular,5,Delete,ConfigMap,false
6.683043604,Regular,5,Delete,Deployment,false
6.703197694,Regular,7,Create,Deployment,false
6.722235936,Regular,7,Create,ConfigMap,false
6.743055102,Regular,7,Update,Deployment,false
6.7622282689999995,Regular,5,Delete,ConfigMap,false
6.782252113,Regular,6,Delete,Deployment,false
6.803185826,Regular,8,Create,Deployment,false
6.8234184639999995,Regular,7,Create,ConfigMap,false
6.842460262,Regular,7,Update,Deployment,false
6.862773824,Regular,5,Delete,ConfigMap,false
6.882861478,Regular,6,Delete,Deployment,false
6.902482521,Regular,7,Create,Deployment,false
6.922945655,Regular,5,Create,ConfigMap,false
6.942407237,Regular,7,Update,Deployment,false
6.963196727,Regular,4,Delete,ConfigMap,false
6.9828739859999995,Regular,5,Delete,Deployment,false
7.002904373,Regular,6,Create,Deployment,false
6.002693732,Regular,5,Create,Deployment,false
6.022885213,Regular,7,Create,ConfigMap,false
6.042350912,Regular,6,Update,Deployment,false
6.06231839,Regular,7,Delete,ConfigMap,false
6.082301637,Regular,5,Delete,Deployment,false
6.103159967,Regular,7,Create,Deployment,false
6.122472437,Regular,6,Create,ConfigMap,false
6.142338383,Regular,9,Update,Deployment,false
6.163339824,Regular,6,Delete,ConfigMap,false
6.182317822,Regular,5,Delete,Deployment,false
6.202168608,Regular,7,Create,Deployment,false
6.222310055,Regular,6,Create,ConfigMap,false
6.242862708,Regular,5,Update,Deployment,false
6.263157073,Regular,4,Delete,ConfigMap,false
6.282703334,Regular,6,Delete,Deployment,false
6.302747517,Regular,7,Create,Deployment,false
6.322343342,Regular,7,Create,ConfigMap,false
6.342653086,Regular,7,Update,Deployment,false
6.362486821,Regular,5,Delete,ConfigMap,false
6.382955254,Regular,8,Delete,Deployment,false
6.4023184,Regular,9,Create,Deployment,false
6.422810489,Regular,7,Create,ConfigMap,false
6.44222938,Regular,9,Update,Deployment,false
6.463485722,Regular,8,Delete,ConfigMap,false
6.482614565,Regular,8,Delete,Deployment,false
6.502914711,Regular,5,Create,Deployment,false
6.522686108,Regular,8,Create,ConfigMap,false
6.542402591,Regular,8,Update,Deployment,false
6.562555489,Regular,6,Delete,ConfigMap,false
6.582180239,Regular,4,Delete,Deployment,false
6.602473071,Regular,6,Create,Deployment,false
6.62268521,Regular,7,Create,ConfigMap,false
6.642205042,Regular,9,Update,Deployment,false
6.6633817440000005,Regular,5,Delete,ConfigMap,false
6.682957441,Regular,6,Delete,Deployment,false
6.703188847,Regular,7,Create,Deployment,false
6.722276773,Regular,7,Create,ConfigMap,false
6.742972626,Regular,7,Update,Deployment,false
6.762148248,Regular,5,Delete,ConfigMap,false
6.782567639,Regular,5,Delete,Deployment,false
6.802794777,Regular,9,Create,Deployment,false
6.8233505260000005,Regular,7,Create,ConfigMap,false
6.842115491,Regular,8,Update,Deployment,false
6.862687932,Regular,4,Delete,ConfigMap,false
6.882932923,Regular,6,Delete,Deployment,false
6.90246066,Regular,7,Create,Deployment,false
6.923003104,Regular,4,Create,ConfigMap,false
6.942341082,Regular,8,Update,Deployment,false
6.96288076,Regular,6,Delete,ConfigMap,false
6.983137123,Regular,5,Delete,Deployment,false
7.003139958,Regular,6,Create,Deployment,false
7.001526659,Regular,6,Create,Deployment,false
7.022026623,Regular,6,Create,ConfigMap,false
7.041908899,Regular,5,Update,Deployment,false
7.061868632,Regular,2,Delete,ConfigMap,false
7.082011841,Regular,5,Delete,Deployment,false
7.101248147,Regular,9,Create,Deployment,false
7.1217108,Regular,7,Create,ConfigMap,false
7.142033118,Regular,7,Update,Deployment,false
7.162244977,Regular,6,Delete,ConfigMap,false
7.181437831,Regular,3,Delete,Deployment,false
7.201308916,Regular,7,Create,Deployment,false
7.221785716,Regular,6,Create,ConfigMap,false
7.241838926,Regular,6,Update,Deployment,false
7.262151856,Regular,5,Delete,ConfigMap,false
7.281432706,Regular,6,Delete,Deployment,false
7.302064238,Regular,9,Create,Deployment,false
7.32185454,Regular,7,Create,ConfigMap,false
7.341457639,Regular,8,Update,Deployment,false
7.361625165,Regular,4,Delete,ConfigMap,false
7.381981998,Regular,5,Delete,Deployment,false
7.402329894,Regular,6,Create,Deployment,false
7.421281622,Regular,7,Create,ConfigMap,false
7.441480537,Regular,6,Update,Deployment,false
7.461970552,Regular,6,Delete,ConfigMap,false
7.481214171,Regular,3,Delete,Deployment,false
7.501422253,Regular,6,Create,Deployment,false
7.521940912,Regular,14,Create,ConfigMap,false
7.541710095,Regular,10,Update,Deployment,false
7.561356155,Regular,3,Delete,ConfigMap,false
7.582101662,Regular,8,Delete,Deployment,false
7.601395617,Regular,11,Create,Deployment,false
7.621283985,Regular,11,Create,ConfigMap,false
7.641646268,Regular,8,Update,Deployment,false
7.661180507,Regular,5,Delete,ConfigMap,false
7.682213568,Regular,5,Delete,Deployment,false
7.701327182,Regular,8,Create,Deployment,false
7.721523341,Regular,9,Create,ConfigMap,false
7.7418463,Regular,7,Update,Deployment,false
7.762012283,Regular,5,Delete,ConfigMap,false
7.7814696869999995,Regular,3,Delete,Deployment,false
7.801957337,Regular,8,Create,Deployment,false
7.821776564,Regular,6,Create,ConfigMap,false
7.841718764,Regular,5,Update,Deployment,false
7.86210388,Regular,5,Delete,ConfigMap,false
7.881191735,Regular,2,Delete,Deployment,false
7.901228524,Regular,5,Create,Deployment,false
7.922300268,Regular,6,Create,ConfigMap,false
7.9420109,Regular,8,Update,Deployment,false
7.961204585,Regular,4,Delete,ConfigMap,false
7.982212669,Regular,6,Delete,Deployment,false
7.001533512,Regular,7,Create,Deployment,false
7.022012005,Regular,6,Create,ConfigMap,false
7.041917165,Regular,5,Update,Deployment,false
7.061875325,Regular,4,Delete,ConfigMap,false
7.082017282,Regular,4,Delete,Deployment,false
7.101234442,Regular,9,Create,Deployment,false
7.121720919,Regular,7,Create,ConfigMap,false
7.142024061,Regular,7,Update,Deployment,false
7.162363802,Regular,5,Delete,ConfigMap,false
7.181448922,Regular,5,Delete,Deployment,false
7.201327451,Regular,7,Create,Deployment,false
7.221781448,Regular,7,Create,ConfigMap,false
7.241847462,Regular,8,Update,Deployment,false
7.262292852,Regular,5,Delete,ConfigMap,false
7.281428708,Regular,4,Delete,Deployment,false
7.302075138,Regular,9,Create,Deployment,false
7.321857195,Regular,7,Create,ConfigMap,false
7.341472808,Regular,8,Update,Deployment,false
7.361625185,Regular,3,Delete,ConfigMap,false
7.381990694,Regular,5,Delete,Deployment,false
7.402290329,Regular,6,Create,Deployment,false
7.421285299,Regular,5,Create,ConfigMap,false
7.441468233,Regular,8,Update,Deployment,false
7.461962757,Regular,6,Delete,ConfigMap,false
7.481220854,Regular,2,Delete,Deployment,false
7.501411092,Regular,6,Create,Deployment,false
7.521949037,Regular,14,Create,ConfigMap,false
7.541700597,Regular,10,Update,Deployment,false
7.561359691,Regular,4,Delete,ConfigMap,false
7.582113264,Regular,7,Delete,Deployment,false
7.60140792,Regular,10,Create,Deployment,false
7.621304213,Regular,9,Create,ConfigMap,false
7.641644906,Regular,8,Update,Deployment,false
7.661185777,Regular,4,Delete,ConfigMap,false
7.682568809,Regular,4,Delete,Deployment,false
7.701318315,Regular,9,Create,Deployment,false
7.721514975,Regular,9,Create,ConfigMap,false
7.741854035,Regular,6,Update,Deployment,false
7.762005029,Regular,6,Delete,ConfigMap,false
7.781464467,Regular,4,Delete,Deployment,false
7.80196981,Regular,7,Create,Deployment,false
7.8217774559999995,Regular,6,Create,ConfigMap,false
7.841732389,Regular,6,Update,Deployment,false
7.8621169349999995,Regular,5,Delete,ConfigMap,false
7.881200242,Regular,3,Delete,Deployment,false
7.901238072,Regular,6,Create,Deployment,false
7.922240625,Regular,6,Create,ConfigMap,false
7.942015829,Regular,9,Update,Deployment,false
7.961214354,Regular,3,Delete,ConfigMap,false
7.982391026,Regular,6,Delete,Deployment,false
7.022193117,Regular,5,Create,ConfigMap,false
7.04284594,Regular,7,Update,Deployment,false
7.063167877,Regular,5,Delete,ConfigMap,false
7.082263407,Regular,6,Delete,Deployment,false
7.102748963,Regular,7,Create,Deployment,false
7.123122287,Regular,6,Create,ConfigMap,false
7.142469162,Regular,9,Update,Deployment,false
7.16226734,Regular,5,Delete,ConfigMap,false
7.182819241,Regular,7,Delete,Deployment,false
7.202594756,Regular,7,Create,Deployment,false
7.223343369,Regular,7,Create,ConfigMap,false
7.242816883,Regular,9,Update,Deployment,false
7.262452153,Regular,4,Delete,ConfigMap,false
7.282821139,Regular,6,Delete,Deployment,false
7.302485594,Regular,9,Create,Deployment,false
7.32213471,Regular,6,Create,ConfigMap,false
7.342927126,Regular,7,Update,Deployment,false
7.362942704,Regular,5,Delete,ConfigMap,false
7.38222142,Regular,4,Delete,Deployment,false
7.402308453,Regular,6,Create,Deployment,false
7.4228287250000005,Regular,6,Create,ConfigMap,false
7.442733584,Regular,6,Update,Deployment,false
7.462367942,Regular,5,Delete,ConfigMap,false
7.482601292,Regular,5,Delete,Deployment,false
7.502777073,Regular,7,Create,Deployment,false
7.522182539,Regular,13,Create,ConfigMap,false
7.543079422,Regular,10,Update,Deployment,false
7.562684965,Regular,5,Delete,ConfigMap,false
7.582282414,Regular,7,Delete,Deployment,false
7.603284806,Regular,10,Create,Deployment,false
7.623282831,Regular,10,Create,ConfigMap,false
7.643357311,Regular,12,Update,Deployment,false
7.662552249,Regular,8,Delete,ConfigMap,false
7.682236491,Regular,5,Delete,Deployment,false
7.70286126,Regular,7,Create,Deployment,false
7.72309965,Regular,7,Create,ConfigMap,false
7.7430010419999995,Regular,7,Update,Deployment,false
7.7624648480000005,Regular,5,Delete,ConfigMap,false
7.783129222,Regular,5,Delete,Deployment,false
7.802455478,Regular,6,Create,Deployment,false
7.823121866,Regular,6,Create,ConfigMap,false
7.842692433,Regular,7,Update,Deployment,false
7.862157481,Regular,5,Delete,ConfigMap,false
7.882576482,Regular,3,Delete,Deployment,false
7.9026298520000005,Regular,6,Create,Deployment,false
7.922185731,Regular,6,Create,ConfigMap,false
7.942478814,Regular,8,Update,Deployment,false
7.96265742,Regular,6,Delete,ConfigMap,false
7.98229257,Regular,6,Delete,Deployment,false
7.00290287,Regular,6,Create,Deployment,false
7.022387825,Regular,5,Create,ConfigMap,false
7.042818047,Regular,7,Update,Deployment,false
7.063183446,Regular,5,Delete,ConfigMap,false
7.082519661,Regular,5,Delete,Deployment,false
7.102686084,Regular,7,Create,Deployment,false
7.123143588,Regular,6,Create,ConfigMap,false
7.142812811,Regular,8,Update,Deployment,false
7.162429065,Regular,5,Delete,ConfigMap,false
7.183101354,Regular,6,Delete,Deployment,false
7.202604865,Regular,7,Create,Deployment,false
7.2232856,Regular,5,Create,ConfigMap,false
7.243072246,Regular,7,Update,Deployment,false
7.262124293,Regular,6,Delete,ConfigMap,false
7.282761376,Regular,5,Delete,Deployment,false
7.302425931,Regular,9,Create,Deployment,false
7.322534846,Regular,6,Create,ConfigMap,false
7.342742597,Regular,7,Update,Deployment,false
7.363504345,Regular,5,Delete,ConfigMap,false
7.382358649,Regular,4,Delete,Deployment,false
7.402251816,Regular,6,Create,Deployment,false
7.422798167,Regular,6,Create,ConfigMap,false
7.442698899,Regular,10,Update,Deployment,false
7.462406655,Regular,5,Delete,ConfigMap,false
7.482583528,Regular,5,Delete,Deployment,false
7.502747577,Regular,7,Create,Deployment,false
7.522181226,Regular,13,Create,ConfigMap,false
7.543074893,Regular,9,Update,Deployment,false
7.562697529,Regular,5,Delete,ConfigMap,false
7.582315005,Regular,7,Delete,Deployment,false
7.602729397,Regular,11,Create,Deployment,false
7.623285977,Regular,10,Create,ConfigMap,false
7.643036545,Regular,13,Update,Deployment,false
7.66272203,Regular,8,Delete,ConfigMap,false
7.682255627,Regular,5,Delete,Deployment,false
7.7035439409999995,Regular,7,Create,Deployment,false
7.722908799,Regular,9,Create,ConfigMap,false
7.742913988,Regular,7,Update,Deployment,false
7.762133692,Regular,6,Delete,ConfigMap,false
7.78299581,Regular,5,Delete,Deployment,false
7.80239848,Regular,5,Create,Deployment,false
7.823070459,Regular,5,Create,ConfigMap,false
7.842806389,Regular,7,Update,Deployment,false
7.862270144,Regular,5,Delete,ConfigMap,false
7.882591521,Regular,5,Delete,Deployment,false
7.902593824,Regular,6,Create,Deployment,false
7.922152318,Regular,6,Create,ConfigMap,false
7.942510624,Regular,6,Update,Deployment,false
7.962877206,Regular,5,Delete,ConfigMap,false
7.982184536,Regular,6,Delete,Deployment,false
7.022259122,Regular,6,Create,ConfigMap,false
7.042900423,Regular,7,Update,Deployment,false
7.063261544,Regular,5,Delete,ConfigMap,false
7.082385828,Regular,6,Delete,Deployment,false
7.102725799,Regular,7,Create,Deployment,false
7.123075629,Regular,6,Create,ConfigMap,false
7.142624365,Regular,9,Update,Deployment,false
7.162231853,Regular,5,Delete,ConfigMap,false
7.182806297,Regular,7,Delete,Deployment,false
7.202905774,Regular,7,Create,Deployment,false
7.223433259,Regular,6,Create,ConfigMap,false
7.242947881,Regular,7,Update,Deployment,false
7.262243048,Regular,5,Delete,ConfigMap,false
7.283003734,Regular,6,Delete,Deployment,false
7.302403749,Regular,9,Create,Deployment,false
7.322354685,Regular,6,Create,ConfigMap,false
7.342735594,Regular,7,Update,Deployment,false
7.363191164,Regular,5,Delete,ConfigMap,false
7.382267948,Regular,6,Delete,Deployment,false
7.402178287,Regular,7,Create,Deployment,false
7.422771707,Regular,6,Create,ConfigMap,false
7.44264122,Regular,9,Update,Deployment,false
7.462283593,Regular,5,Delete,ConfigMap,false
7.482519087,Regular,5,Delete,Deployment,false
7.502857335,Regular,7,Create,Deployment,false
7.522208518,Regular,13,Create,ConfigMap,false
7.543101514,Regular,10,Update,Deployment,false
7.562902446,Regular,5,Delete,ConfigMap,false
7.582153631,Regular,7,Delete,Deployment,false
7.603033341,Regular,11,Create,Deployment,false
7.623121627,Regular,11,Create,ConfigMap,false
7.64328802,Regular,12,Update,Deployment,false
7.6628207360000005,Regular,8,Delete,ConfigMap,false
7.682503255,Regular,5,Delete,Deployment,false
7.70293529,Regular,7,Create,Deployment,false
7.723373227,Regular,9,Create,ConfigMap,false
7.743165483,Regular,7,Update,Deployment,false
7.762558244,Regular,5,Delete,ConfigMap,false
7.783030466,Regular,5,Delete,Deployment,false
7.802231695,Regular,6,Create,Deployment,false
7.823211726,Regular,5,Create,ConfigMap,false
7.842768216,Regular,6,Update,Deployment,false
7.862243043,Regular,5,Delete,ConfigMap,false
7.882594396,Regular,5,Delete,Deployment,false
7.902641464,Regular,5,Create,Deployment,false
7.922271203,Regular,6,Create,ConfigMap,false
7.942284808,Regular,8,Update,Deployment,false
7.962619869,Regular,6,Delete,ConfigMap,false
7.982257033,Regular,6,Delete,Deployment,false
7.022251357,Regular,5,Create,ConfigMap,false
7.042810453,Regular,6,Update,Deployment,false
7.063267836,Regular,5,Delete,ConfigMap,false
7.082527115,Regular,6,Delete,Deployment,false
7.102840887,Regular,7,Create,Deployment,false
7.123009274,Regular,7,Create,ConfigMap,false
7.142387277,Regular,8,Update,Deployment,false
7.162364603,Regular,5,Delete,ConfigMap,false
7.183238633,Regular,6,Delete,Deployment,false
7.202866479,Regular,7,Create,Deployment,false
7.22329599,Regular,7,Create,ConfigMap,false
7.242837071,Regular,7,Update,Deployment,false
7.262246434,Regular,5,Delete,ConfigMap,false
7.282792254,Regular,6,Delete,Deployment,false
7.302188172,Regular,9,Create,Deployment,false
7.322329889,Regular,7,Create,ConfigMap,false
7.342828459,Regular,7,Update,Deployment,false
7.363250466,Regular,5,Delete,ConfigMap,false
7.382311971,Regular,3,Delete,Deployment,false
7.402206841,Regular,7,Create,Deployment,false
7.422626804,Regular,6,Create,ConfigMap,false
7.4428863530000005,Regular,6,Update,Deployment,false
7.462373172,Regular,4,Delete,ConfigMap,false
7.482784408,Regular,5,Delete,Deployment,false
7.50281801,Regular,6,Create,Deployment,false
7.522276446,Regular,14,Create,ConfigMap,false
7.542930611,Regular,9,Update,Deployment,false
7.562891205,Regular,5,Delete,ConfigMap,false
7.582209546,Regular,7,Delete,Deployment,false
7.602873149,Regular,12,Create,Deployment,false
7.623368984,Regular,12,Create,ConfigMap,false
7.643344126,Regular,12,Update,Deployment,false
7.663178081,Regular,7,Delete,ConfigMap,false
7.682344014,Regular,5,Delete,Deployment,false
7.702959115,Regular,8,Create,Deployment,false
7.723275602,Regular,7,Create,ConfigMap,false
7.743229664,Regular,6,Update,Deployment,false
7.762277694,Regular,5,Delete,ConfigMap,false
7.782907423,Regular,5,Delete,Deployment,false
7.8022900459999995,Regular,6,Create,Deployment,false
7.82320865,Regular,6,Create,ConfigMap,false
7.842727369,Regular,7,Update,Deployment,false
7.862257831,Regular,5,Delete,ConfigMap,false
7.882663587,Regular,5,Delete,Deployment,false
7.902519824,Regular,6,Create,Deployment,false
7.922265622,Regular,6,Create,ConfigMap,false
7.942526053,Regular,8,Update,Deployment,false
7.962647411,Regular,6,Delete,ConfigMap,false
7.982351251,Regular,6,Delete,Deployment,false
7.022225318,Regular,6,Create,ConfigMap,false
7.042731944,Regular,7,Update,Deployment,false
7.063152558,Regular,5,Delete,ConfigMap,false
7.082328971,Regular,6,Delete,Deployment,false
7.102613848,Regular,7,Create,Deployment,false
7.12330379,Regular,5,Create,ConfigMap,false
7.142569642,Regular,9,Update,Deployment,false
7.162361908,Regular,5,Delete,ConfigMap,false
7.182754599,Regular,6,Delete,Deployment,false
7.203029347,Regular,7,Create,Deployment,false
7.223168469,Regular,7,Create,ConfigMap,false
7.242951377,Regular,7,Update,Deployment,false
7.262304724,Regular,5,Delete,ConfigMap,false
7.282705751,Regular,5,Delete,Deployment,false
7.302245721,Regular,8,Create,Deployment,false
7.322245008,Regular,6,Create,ConfigMap,false
7.342861662,Regular,7,Update,Deployment,false
7.362979253,Regular,5,Delete,ConfigMap,false
7.382366504,Regular,4,Delete,Deployment,false
7.402300057,Regular,6,Create,Deployment,false
7.422750417,Regular,6,Create,ConfigMap,false
7.442666628,Regular,6,Update,Deployment,false
7.4622643570000005,Regular,5,Delete,ConfigMap,false
7.4825359989999995,Regular,5,Delete,Deployment,false
7.502777203,Regular,6,Create,Deployment,false
7.522123267,Regular,14,Create,ConfigMap,false
7.542949797,Regular,9,Update,Deployment,false
7.56271386,Regular,5,Delete,ConfigMap,false
7.582368687,Regular,7,Delete,Deployment,false
7.60325486,Regular,8,Create,Deployment,false
7.622862016,Regular,11,Create,ConfigMap,false
7.643087341,Regular,13,Update,Deployment,false
7.662602474,Regular,8,Delete,ConfigMap,false
7.682391374,Regular,5,Delete,Deployment,false
7.70337984,Regular,7,Create,Deployment,false
7.722885645,Regular,7,Create,ConfigMap,false
7.743009468,Regular,7,Update,Deployment,false
7.762425393,Regular,5,Delete,ConfigMap,false
7.782787757,Regular,5,Delete,Deployment,false
7.802364316,Regular,7,Create,Deployment,false
7.823087982,Regular,6,Create,ConfigMap,false
7.84271197,Regular,6,Update,Deployment,false
7.862224939,Regular,3,Delete,ConfigMap,false
7.882535364,Regular,5,Delete,Deployment,false
7.902574016,Regular,6,Create,Deployment,false
7.922243791,Regular,6,Create,ConfigMap,false
7.942558565,Regular,8,Update,Deployment,false
7.962708156,Regular,6,Delete,ConfigMap,false
7.982397698,Regular,6,Delete,Deployment,false
8.002925785,Regular,9,Create,Deployment,false
7.003005784,Regular,5,Create,Deployment,false
7.022240337,Regular,6,Create,ConfigMap,false
7.042768453,Regular,7,Update,Deployment,false
7.063307922,Regular,4,Delete,ConfigMap,false
7.082548546,Regular,4,Delete,Deployment,false
7.102570396,Regular,8,Create,Deployment,false
7.123169396,Regular,7,Create,ConfigMap,false
7.142278021,Regular,7,Update,Deployment,false
7.162363822,Regular,5,Delete,ConfigMap,false
7.183032043,Regular,6,Delete,Deployment,false
7.202691338,Regular,8,Create,Deployment,false
7.223452135,Regular,7,Create,ConfigMap,false
7.24285217,Regular,8,Update,Deployment,false
7.262242787,Regular,5,Delete,ConfigMap,false
7.28298564,Regular,6,Delete,Deployment,false
7.302138739,Regular,8,Create,Deployment,false
7.322168804,Regular,7,Create,ConfigMap,false
7.342845061,Regular,7,Update,Deployment,false
7.3634104879999995,Regular,5,Delete,ConfigMap,false
7.3823325,Regular,4,Delete,Deployment,false
7.402358087,Regular,4,Create,Deployment,false
7.42268839,Regular,6,Create,ConfigMap,false
7.4429446630000005,Regular,10,Update,Deployment,false
7.462456309,Regular,4,Delete,ConfigMap,false
7.482686713,Regular,5,Delete,Deployment,false
7.502965409,Regular,5,Create,Deployment,false
7.522133195,Regular,14,Create,ConfigMap,false
7.543116542,Regular,10,Update,Deployment,false
7.562775126,Regular,5,Delete,ConfigMap,false
7.5822666640000005,Regular,7,Delete,Deployment,false
7.603186791,Regular,8,Create,Deployment,false
7.623208211,Regular,12,Create,ConfigMap,false
7.643274004,Regular,12,Update,Deployment,false
7.663202568,Regular,7,Delete,ConfigMap,false
7.682390031,Regular,5,Delete,Deployment,false
7.7027057469999995,Regular,8,Create,Deployment,false
7.723159753,Regular,7,Create,ConfigMap,false
7.742939015,Regular,7,Update,Deployment,false
7.762180751,Regular,5,Delete,ConfigMap,false
7.782919506,Regular,5,Delete,Deployment,false
7.802259658,Regular,8,Create,Deployment,false
7.823243215,Regular,5,Create,ConfigMap,false
7.842795568,Regular,6,Update,Deployment,false
7.862196104,Regular,5,Delete,ConfigMap,false
7.882609274,Regular,5,Delete,Deployment,false
7.902710013,Regular,6,Create,Deployment,false
7.922242218,Regular,6,Create,ConfigMap,false
7.942372744,Regular,8,Update,Deployment,false
7.9628133850000005,Regular,5,Delete,ConfigMap,false
7.982378592,Regular,6,Delete,Deployment,false
8.002816559,Regular,10,Create,Deployment,false
7.022215149,Regular,5,Create,ConfigMap,false
7.042904951,Regular,7,Update,Deployment,false
7.063141497,Regular,4,Delete,ConfigMap,false
7.082274738,Regular,5,Delete,Deployment,false
7.102559014,Regular,8,Create,Deployment,false
7.123122368,Regular,6,Create,ConfigMap,false
7.142315071,Regular,8,Update,Deployment,false
7.162439615,Regular,5,Delete,ConfigMap,false
7.183239235,Regular,6,Delete,Deployment,false
7.202982519,Regular,7,Create,Deployment,false
7.223134775,Regular,7,Create,ConfigMap,false
7.243080742,Regular,8,Update,Deployment,false
7.262195668,Regular,6,Delete,ConfigMap,false
7.282869611,Regular,4,Delete,Deployment,false
7.302123349,Regular,5,Create,Deployment,false
7.322153135,Regular,7,Create,ConfigMap,false
7.342896608,Regular,7,Update,Deployment,false
7.363394688,Regular,5,Delete,ConfigMap,false
7.382419995,Regular,4,Delete,Deployment,false
7.402299226,Regular,5,Create,Deployment,false
7.422702537,Regular,6,Create,ConfigMap,false
7.442677518,Regular,9,Update,Deployment,false
7.462372411,Regular,5,Delete,ConfigMap,false
7.482593046,Regular,5,Delete,Deployment,false
7.502946934,Regular,6,Create,Deployment,false
7.522304048,Regular,14,Create,ConfigMap,false
7.543041751,Regular,9,Update,Deployment,false
7.562839357,Regular,5,Delete,ConfigMap,false
7.582255683,Regular,7,Delete,Deployment,false
7.602954382,Regular,12,Create,Deployment,false
7.623048579,Regular,12,Create,ConfigMap,false
7.643468762,Regular,11,Update,Deployment,false
7.662564552,Regular,8,Delete,ConfigMap,false
7.682196476,Regular,5,Delete,Deployment,false
7.702680068,Regular,8,Create,Deployment,false
7.722941371,Regular,9,Create,ConfigMap,false
7.742967669,Regular,7,Update,Deployment,false
7.762465259,Regular,5,Delete,ConfigMap,false
7.782867327,Regular,5,Delete,Deployment,false
7.802474845,Regular,6,Create,Deployment,false
7.823303439,Regular,5,Create,ConfigMap,false
7.8427659720000005,Regular,7,Update,Deployment,false
7.86237902,Regular,5,Delete,ConfigMap,false
7.88252238,Regular,5,Delete,Deployment,false
7.902611277,Regular,5,Create,Deployment,false
7.922202864,Regular,6,Create,ConfigMap,false
7.942376481,Regular,8,Update,Deployment,false
7.96291124,Regular,5,Delete,ConfigMap,false
7.9823927690000005,Regular,6,Delete,Deployment,false
8.00285966,Regular,10,Create,Deployment,false
7.02228979,Regular,6,Create,ConfigMap,false
7.042853023,Regular,7,Update,Deployment,false
7.063214776,Regular,5,Delete,ConfigMap,false
7.082510864,Regular,5,Delete,Deployment,false
7.102840606,Regular,7,Create,Deployment,false
7.123062524,Regular,6,Create,ConfigMap,false
7.142580903,Regular,8,Update,Deployment,false
7.1622038,Regular,5,Delete,ConfigMap,false
7.182936052,Regular,7,Delete,Deployment,false
7.20301503,Regular,7,Create,Deployment,false
7.223206601,Regular,6,Create,ConfigMap,false
7.243058179,Regular,9,Update,Deployment,false
7.26235538,Regular,5,Delete,ConfigMap,false
7.282919906,Regular,7,Delete,Deployment,false
7.302405082,Regular,8,Create,Deployment,false
7.322393719,Regular,7,Create,ConfigMap,false
7.342927126,Regular,7,Update,Deployment,false
7.363200952,Regular,5,Delete,ConfigMap,false
7.38233266,Regular,4,Delete,Deployment,false
7.402303724,Regular,6,Create,Deployment,false
7.422761598,Regular,6,Create,ConfigMap,false
7.442730408,Regular,6,Update,Deployment,false
7.462251392,Regular,5,Delete,ConfigMap,false
7.482671224,Regular,5,Delete,Deployment,false
7.50275989,Regular,4,Create,Deployment,false
7.522197867,Regular,13,Create,ConfigMap,false
7.5429613589999995,Regular,9,Update,Deployment,false
7.562798149,Regular,5,Delete,ConfigMap,false
7.582174249,Regular,8,Delete,Deployment,false
7.603324421,Regular,9,Create,Deployment,false
7.623716491,Regular,11,Create,ConfigMap,false
7.643449756,Regular,12,Update,Deployment,false
7.662627531,Regular,8,Delete,ConfigMap,false
7.682365265,Regular,5,Delete,Deployment,false
7.703229356,Regular,7,Create,Deployment,false
7.723008097,Regular,9,Create,ConfigMap,false
7.7429826980000005,Regular,7,Update,Deployment,false
7.762219885,Regular,6,Delete,ConfigMap,false
7.7828956510000005,Regular,5,Delete,Deployment,false
7.802420953,Regular,6,Create,Deployment,false
7.823315382,Regular,5,Create,ConfigMap,false
7.842844611,Regular,6,Update,Deployment,false
7.862173091,Regular,5,Delete,ConfigMap,false
7.88254372,Regular,5,Delete,Deployment,false
7.9026340699999995,Regular,6,Create,Deployment,false
7.922266063,Regular,6,Create,ConfigMap,false
7.9422991849999995,Regular,8,Update,Deployment,false
7.962974379,Regular,5,Delete,ConfigMap,false
7.982338396,Regular,6,Delete,Deployment,false
8.002638312,Regular,11,Create,Deployment,false
8.001253365,Regular,8,Create,Deployment,false
8.022385744,Regular,6,Create,ConfigMap,false
8.04174411,Regular,7,Update,Deployment,false
8.062065396,Regular,5,Delete,ConfigMap,false
8.082440754,Regular,6,Delete,Deployment,false
8.102320065,Regular,6,Create,Deployment,false
8.121398372,Regular,6,Create,ConfigMap,false
8.142251433,Regular,8,Update,Deployment,false
8.161355939,Regular,6,Delete,ConfigMap,false
8.181423496,Regular,5,Delete,Deployment,false
8.202338734,Regular,9,Create,Deployment,false
8.221678155,Regular,10,Create,ConfigMap,false
8.241433892,Regular,7,Update,Deployment,false
8.26187235,Regular,7,Delete,ConfigMap,false
8.281822194,Regular,2,Delete,Deployment,false
8.301379897,Regular,5,Create,Deployment,false
8.321386919,Regular,7,Create,ConfigMap,false
8.342254968,Regular,8,Update,Deployment,false
8.361779859,Regular,3,Delete,ConfigMap,false
8.382321612,Regular,5,Delete,Deployment,false
8.401187257,Regular,7,Create,Deployment,false
8.421768013,Regular,7,Create,ConfigMap,false
8.441969432,Regular,7,Update,Deployment,false
8.46168816,Regular,5,Delete,ConfigMap,false
8.481361311,Regular,2,Delete,Deployment,false
8.501439498,Regular,8,Create,Deployment,false
8.521858488,Regular,7,Create,ConfigMap,false
8.541543622,Regular,7,Update,Deployment,false
8.56157462,Regular,3,Delete,ConfigMap,false
8.582241869,Regular,5,Delete,Deployment,false
8.601541034,Regular,6,Create,Deployment,false
8.621309646,Regular,8,Create,ConfigMap,false
8.641891914,Regular,12,Update,Deployment,false
8.662092663,Regular,4,Delete,ConfigMap,false
8.681924393,Regular,5,Delete,Deployment,false
8.701984736,Regular,5,Create,Deployment,false
8.721877893,Regular,6,Create,ConfigMap,false
8.741921835,Regular,6,Update,Deployment,false
8.761760379,Regular,2,Delete,ConfigMap,false
8.781322631,Regular,3,Delete,Deployment,false
8.802033222,Regular,9,Create,Deployment,false
8.821394434,Regular,7,Create,ConfigMap,false
8.841909075,Regular,8,Update,Deployment,false
8.86195477,Regular,7,Delete,ConfigMap,false
8.881889436,Regular,7,Delete,Deployment,false
8.902011926,Regular,9,Create,Deployment,false
8.922094892,Regular,9,Create,ConfigMap,false
8.941556343,Regular,7,Update,Deployment,false
8.962175943,Regular,6,Delete,ConfigMap,false
8.982017713,Regular,5,Delete,Deployment,false
8.02226202,Regular,6,Create,ConfigMap,false
8.043268971,Regular,8,Update,Deployment,false
8.06211502,Regular,5,Delete,ConfigMap,false
8.082239994,Regular,10,Delete,Deployment,false
8.102501928,Regular,6,Create,Deployment,false
8.122914587,Regular,6,Create,ConfigMap,false
8.142381619,Regular,8,Update,Deployment,false
8.162866193,Regular,5,Delete,ConfigMap,false
8.183010404,Regular,8,Delete,Deployment,false
8.202351358,Regular,8,Create,Deployment,false
8.223487874,Regular,10,Create,ConfigMap,false
8.242923327,Regular,12,Update,Deployment,false
8.262420666,Regular,7,Delete,ConfigMap,false
8.283186131,Regular,6,Delete,Deployment,false
8.3026676,Regular,6,Create,Deployment,false
8.322809046,Regular,7,Create,ConfigMap,false
8.342235241000001,Regular,6,Update,Deployment,false
8.363415149,Regular,6,Delete,ConfigMap,false
8.382203609,Regular,5,Delete,Deployment,false
8.402904031,Regular,8,Create,Deployment,false
8.423140156,Regular,7,Create,ConfigMap,false
8.442301289,Regular,8,Update,Deployment,false
8.463630139,Regular,6,Delete,ConfigMap,false
8.482726471,Regular,5,Delete,Deployment,false
8.503112198,Regular,8,Create,Deployment,false
8.522296776,Regular,7,Create,ConfigMap,false
8.542597273,Regular,7,Update,Deployment,false
8.563049426,Regular,6,Delete,ConfigMap,false
8.582388586,Regular,5,Delete,Deployment,false
8.603254521,Regular,6,Create,Deployment,false
8.62288377,Regular,8,Create,ConfigMap,false
8.642363545,Regular,7,Update,Deployment,false
8.662172684,Regular,4,Delete,ConfigMap,false
8.682333266,Regular,5,Delete,Deployment,false
8.702270496,Regular,7,Create,Deployment,false
8.723292366,Regular,5,Create,ConfigMap,false
8.742922927,Regular,7,Update,Deployment,false
8.76306277,Regular,6,Delete,ConfigMap,false
8.782707227,Regular,4,Delete,Deployment,false
8.802323931,Regular,9,Create,Deployment,false
8.823198703,Regular,6,Create,ConfigMap,false
8.842537473,Regular,9,Update,Deployment,false
8.863977933,Regular,8,Delete,ConfigMap,false
8.883360325,Regular,9,Delete,Deployment,false
8.902364342,Regular,8,Create,Deployment,false
8.922254674,Regular,7,Create,ConfigMap,false
8.943011783,Regular,10,Update,Deployment,false
8.962483233,Regular,6,Delete,ConfigMap,false
8.982368064,Regular,5,Delete,Deployment,false
8.002862415,Regular,9,Create,Deployment,false
8.022248715,Regular,6,Create,ConfigMap,false
8.043250145,Regular,7,Update,Deployment,false
8.062250846,Regular,5,Delete,ConfigMap,false
8.082266444,Regular,13,Delete,Deployment,false
8.102303674,Regular,6,Create,Deployment,false
8.122798728,Regular,7,Create,ConfigMap,false
8.142172433,Regular,6,Update,Deployment,false
8.162881883,Regular,5,Delete,ConfigMap,false
8.183213899,Regular,7,Delete,Deployment,false
8.202669699,Regular,8,Create,Deployment,false
8.223257289,Regular,10,Create,ConfigMap,false
8.243161016,Regular,10,Update,Deployment,false
8.262383535,Regular,7,Delete,ConfigMap,false
8.28327585,Regular,6,Delete,Deployment,false
8.302785282,Regular,6,Create,Deployment,false
8.322697134,Regular,7,Create,ConfigMap,false
8.342316384,Regular,7,Update,Deployment,false
8.363233666,Regular,6,Delete,ConfigMap,false
8.382387055,Regular,5,Delete,Deployment,false
8.402696388,Regular,8,Create,Deployment,false
8.423413863,Regular,6,Create,ConfigMap,false
8.442320135,Regular,8,Update,Deployment,false
8.463135114,Regular,6,Delete,ConfigMap,false
8.482842901,Regular,5,Delete,Deployment,false
8.502834874,Regular,7,Create,Deployment,false
8.522167031,Regular,7,Create,ConfigMap,false
8.542740323,Regular,7,Update,Deployment,false
8.562847895,Regular,6,Delete,ConfigMap,false
8.582327861,Regular,4,Delete,Deployment,false
8.603193666,Regular,6,Create,Deployment,false
8.622794351,Regular,7,Create,ConfigMap,false
8.642205477,Regular,11,Update,Deployment,false
8.662285187,Regular,4,Delete,ConfigMap,false
8.682267532000001,Regular,5,Delete,Deployment,false
8.702315,Regular,7,Create,Deployment,false
8.723258853,Regular,5,Create,ConfigMap,false
8.743246338,Regular,7,Update,Deployment,false
8.763243,Regular,4,Delete,ConfigMap,false
8.782812756,Regular,8,Delete,Deployment,false
8.802814087,Regular,7,Create,Deployment,false
8.823012962,Regular,7,Create,ConfigMap,false
8.842456159,Regular,8,Update,Deployment,false
8.86384371,Regular,8,Delete,ConfigMap,false
8.883279222,Regular,7,Delete,Deployment,false
8.902484199,Regular,9,Create,Deployment,false
8.922587012,Regular,9,Create,ConfigMap,false
8.942856219,Regular,8,Update,Deployment,false
8.962241507,Regular,4,Delete,ConfigMap,false
8.982479415,Regular,5,Delete,Deployment,false
8.022204271,Regular,5,Create,ConfigMap,false
8.043417151,Regular,6,Update,Deployment,false
8.062280923,Regular,5,Delete,ConfigMap,false
8.082318863,Regular,6,Delete,Deployment,false
8.102315897,Regular,5,Create,Deployment,false
8.122849354,Regular,6,Create,ConfigMap,false
8.142175519,Regular,9,Update,Deployment,false
8.162734194,Regular,5,Delete,ConfigMap,false
8.182964548,Regular,8,Delete,Deployment,false
8.202421971,Regular,9,Create,Deployment,false
8.223069464,Regular,10,Create,ConfigMap,false
8.242807037,Regular,11,Update,Deployment,false
8.262254952,Regular,7,Delete,ConfigMap,false
8.283201971,Regular,5,Delete,Deployment,false
8.302709599,Regular,6,Create,Deployment,false
8.322625499,Regular,7,Create,ConfigMap,false
8.342332865,Regular,9,Update,Deployment,false
8.363204992,Regular,6,Delete,ConfigMap,false
8.382257611,Regular,5,Delete,Deployment,false
8.40269699,Regular,9,Create,Deployment,false
8.423535343,Regular,6,Create,ConfigMap,false
8.442445442,Regular,7,Update,Deployment,false
8.463310846,Regular,7,Delete,ConfigMap,false
8.482624879,Regular,5,Delete,Deployment,false
8.503279585,Regular,8,Create,Deployment,false
8.522263474,Regular,7,Create,ConfigMap,false
8.54264854,Regular,7,Update,Deployment,false
8.563151659,Regular,6,Delete,ConfigMap,false
8.582174943,Regular,5,Delete,Deployment,false
8.60308954,Regular,6,Create,Deployment,false
8.622663744,Regular,6,Create,ConfigMap,false
8.64214338,Regular,14,Update,Deployment,false
8.662219803,Regular,6,Delete,ConfigMap,false
8.682236413,Regular,5,Delete,Deployment,false
8.702448743,Regular,7,Create,Deployment,false
8.723402855,Regular,6,Create,ConfigMap,false
8.742999071,Regular,6,Update,Deployment,false
8.763234073,Regular,6,Delete,ConfigMap,false
8.78286239,Regular,8,Delete,Deployment,false
8.802636141,Regular,6,Create,Deployment,false
8.823171001,Regular,7,Create,ConfigMap,false
8.842317567,Regular,9,Update,Deployment,false
8.863895007,Regular,6,Delete,ConfigMap,false
8.883394961,Regular,5,Delete,Deployment,false
8.902549823,Regular,10,Create,Deployment,false
8.922287536,Regular,9,Create,ConfigMap,false
8.942898559,Regular,10,Update,Deployment,false
8.962226488,Regular,5,Delete,ConfigMap,false
8.982295297,Regular,4,Delete,Deployment,false
8.002805738,Regular,11,Create,Deployment,false
8.022331221,Regular,6,Create,ConfigMap,false
8.043027595,Regular,8,Update,Deployment,false
8.062267458,Regular,3,Delete,ConfigMap,false
8.082160264,Regular,7,Delete,Deployment,false
8.102342116,Regular,6,Create,Deployment,false
8.122808556,Regular,6,Create,ConfigMap,false
8.142330502,Regular,8,Update,Deployment,false
8.162675042,Regular,5,Delete,ConfigMap,false
8.183069115,Regular,6,Delete,Deployment,false
8.202411151,Regular,8,Create,Deployment,false
8.223549551,Regular,10,Create,ConfigMap,false
8.24295175,Regular,9,Update,Deployment,false
8.262131429,Regular,7,Delete,ConfigMap,false
8.283145233,Regular,5,Delete,Deployment,false
8.30267794,Regular,5,Create,Deployment,false
8.322659333,Regular,7,Create,ConfigMap,false
8.342265488,Regular,7,Update,Deployment,false
8.363083121,Regular,6,Delete,ConfigMap,false
8.382344665,Regular,5,Delete,Deployment,false
8.402746433,Regular,8,Create,Deployment,false
8.423249442,Regular,7,Create,ConfigMap,false
8.442470148,Regular,7,Update,Deployment,false
8.46309086,Regular,6,Delete,ConfigMap,false
8.48265185,Regular,5,Delete,Deployment,false
8.503209893,Regular,8,Create,Deployment,false
8.522270226,Regular,7,Create,ConfigMap,false
8.542630947,Regular,7,Update,Deployment,false
8.562939278,Regular,4,Delete,ConfigMap,false
8.582224506,Regular,5,Delete,Deployment,false
8.602875956,Regular,6,Create,Deployment,false
8.622623257,Regular,8,Create,ConfigMap,false
8.64230788,Regular,15,Update,Deployment,false
8.662331734,Regular,4,Delete,ConfigMap,false
8.682314891,Regular,5,Delete,Deployment,false
8.702409599,Regular,6,Create,Deployment,false
8.723482595,Regular,5,Create,ConfigMap,false
8.743114338,Regular,7,Update,Deployment,false
8.763308013,Regular,5,Delete,ConfigMap,false
8.78266146,Regular,7,Delete,Deployment,false
8.802309624,Regular,8,Create,Deployment,false
8.82316512,Regular,7,Create,ConfigMap,false
8.842240662,Regular,9,Update,Deployment,false
8.863738681,Regular,8,Delete,ConfigMap,false
8.883212826,Regular,4,Delete,Deployment,false
8.902469411,Regular,8,Create,Deployment,false
8.922166958,Regular,10,Create,ConfigMap,false
8.943116291,Regular,8,Update,Deployment,false
8.962447566,Regular,6,Delete,ConfigMap,false
8.982530572,Regular,5,Delete,Deployment,false
8.022377458,Regular,6,Create,ConfigMap,false
8.043137493,Regular,8,Update,Deployment,false
8.062333282,Regular,4,Delete,ConfigMap,false
8.082330606,Regular,6,Delete,Deployment,false
8.102263478,Regular,5,Create,Deployment,false
8.122806352,Regular,6,Create,ConfigMap,false
8.142356060000001,Regular,8,Update,Deployment,false
8.162688978,Regular,5,Delete,ConfigMap,false
8.182793074,Regular,7,Delete,Deployment,false
8.202526799,Regular,8,Create,Deployment,false
8.223223254,Regular,10,Create,ConfigMap,false
8.242824139,Regular,10,Update,Deployment,false
8.262155354,Regular,7,Delete,ConfigMap,false
8.283266873,Regular,6,Delete,Deployment,false
8.302803537,Regular,6,Create,Deployment,false
8.32275849,Regular,6,Create,ConfigMap,false
8.342318488,Regular,8,Update,Deployment,false
8.363117637,Regular,6,Delete,ConfigMap,false
8.382371265,Regular,5,Delete,Deployment,false
8.402595939,Regular,8,Create,Deployment,false
8.423098868,Regular,7,Create,ConfigMap,false
8.442172135,Regular,8,Update,Deployment,false
8.463337657,Regular,7,Delete,ConfigMap,false
8.48281643,Regular,3,Delete,Deployment,false
8.503122007,Regular,8,Create,Deployment,false
8.522212367,Regular,7,Create,ConfigMap,false
8.542515919,Regular,7,Update,Deployment,false
8.562874405,Regular,6,Delete,ConfigMap,false
8.582357978,Regular,4,Delete,Deployment,false
8.603030839,Regular,6,Create,Deployment,false
8.622635591,Regular,9,Create,ConfigMap,false
8.642157687,Regular,13,Update,Deployment,false
8.662331193,Regular,5,Delete,ConfigMap,false
8.682187801,Regular,5,Delete,Deployment,false
8.702296395,Regular,7,Create,Deployment,false
8.723178561,Regular,6,Create,ConfigMap,false
8.742911424999999,Regular,7,Update,Deployment,false
8.763065064,Regular,6,Delete,ConfigMap,false
8.782679795,Regular,8,Delete,Deployment,false
8.802388824,Regular,8,Create,Deployment,false
8.822964571,Regular,6,Create,ConfigMap,false
8.842236885,Regular,9,Update,Deployment,false
8.863508466,Regular,8,Delete,ConfigMap,false
8.883265145,Regular,5,Delete,Deployment,false
8.902263291,Regular,10,Create,Deployment,false
8.922189,Regular,8,Create,ConfigMap,false
8.942913467,Regular,10,Update,Deployment,false
8.962298384,Regular,5,Delete,ConfigMap,false
8.982410134,Regular,6,Delete,Deployment,false
8.002744903,Regular,10,Create,Deployment,false
8.022285174,Regular,6,Create,ConfigMap,false
8.043115742,Regular,7,Update,Deployment,false
8.062281905,Regular,5,Delete,ConfigMap,false
8.082265843,Regular,6,Delete,Deployment,false
8.102250153,Regular,7,Create,Deployment,false
8.122909096,Regular,6,Create,ConfigMap,false
8.142365518,Regular,8,Update,Deployment,false
8.162855423,Regular,4,Delete,ConfigMap,false
8.183019291,Regular,7,Delete,Deployment,false
8.202409558,Regular,9,Create,Deployment,false
8.223325948,Regular,11,Create,ConfigMap,false
8.243101403,Regular,9,Update,Deployment,false
8.262196001,Regular,5,Delete,ConfigMap,false
8.283284917,Regular,5,Delete,Deployment,false
8.302878188,Regular,6,Create,Deployment,false
8.322612915,Regular,7,Create,ConfigMap,false
8.342359956,Regular,8,Update,Deployment,false
8.363068033,Regular,6,Delete,ConfigMap,false
8.382169274,Regular,5,Delete,Deployment,false
8.402497713,Regular,9,Create,Deployment,false
8.423336136,Regular,7,Create,ConfigMap,false
8.442266524,Regular,8,Update,Deployment,false
8.463173456,Regular,6,Delete,ConfigMap,false
8.482865734,Regular,5,Delete,Deployment,false
8.502870331,Regular,9,Create,Deployment,false
8.522153436,Regular,7,Create,ConfigMap,false
8.542571023,Regular,7,Update,Deployment,false
8.563073441,Regular,6,Delete,ConfigMap,false
8.582291703,Regular,5,Delete,Deployment,false
8.603087576,Regular,7,Create,Deployment,false
8.622600585,Regular,7,Create,ConfigMap,false
8.642281861,Regular,14,Update,Deployment,false
8.662136586,Regular,4,Delete,ConfigMap,false
8.682252143,Regular,5,Delete,Deployment,false
8.702342943,Regular,7,Create,Deployment,false
8.723200492,Regular,6,Create,ConfigMap,false
8.742852965,Regular,7,Update,Deployment,false
8.763055416,Regular,6,Delete,ConfigMap,false
8.782839507,Regular,7,Delete,Deployment,false
8.802585185,Regular,8,Create,Deployment,false
8.823134322,Regular,6,Create,ConfigMap,false
8.842360178,Regular,9,Update,Deployment,false
8.863623564,Regular,8,Delete,ConfigMap,false
8.883555403999999,Regular,9,Delete,Deployment,false
8.902750071,Regular,9,Create,Deployment,false
8.922373699,Regular,9,Create,ConfigMap,false
8.943188427,Regular,9,Update,Deployment,false
8.962308834,Regular,5,Delete,ConfigMap,false
8.982616354,Regular,5,Delete,Deployment,false
8.001246512,Regular,8,Create,Deployment,false
8.022186988,Regular,6,Create,ConfigMap,false
8.041731566,Regular,8,Update,Deployment,false
8.062060136,Regular,5,Delete,ConfigMap,false
8.08221127,Regular,6,Delete,Deployment,false
8.102214876,Regular,5,Create,Deployment,false
8.121384546,Regular,6,Create,ConfigMap,false
8.142268715,Regular,8,Update,Deployment,false
8.161366239,Regular,6,Delete,ConfigMap,false
8.181412025,Regular,3,Delete,Deployment,false
8.202222354,Regular,9,Create,Deployment,false
8.221668537,Regular,10,Create,ConfigMap,false
8.241423502,Regular,7,Update,Deployment,false
8.261857071,Regular,4,Delete,ConfigMap,false
8.281829588,Regular,3,Delete,Deployment,false
8.301362684,Regular,6,Create,Deployment,false
8.321370928,Regular,7,Create,ConfigMap,false
8.342193842,Regular,8,Update,Deployment,false
8.361762095,Regular,3,Delete,ConfigMap,false
8.382292266,Regular,5,Delete,Deployment,false
8.401179042,Regular,7,Create,Deployment,false
8.42176122,Regular,7,Create,ConfigMap,false
8.441961988,Regular,6,Update,Deployment,false
8.461653534,Regular,5,Delete,ConfigMap,false
8.481353316,Regular,3,Delete,Deployment,false
8.501449897,Regular,9,Create,Deployment,false
8.521866914,Regular,7,Create,ConfigMap,false
8.541536499,Regular,6,Update,Deployment,false
8.561565062,Regular,4,Delete,ConfigMap,false
8.582275262,Regular,5,Delete,Deployment,false
8.601537277,Regular,7,Create,Deployment,false
8.621303865,Regular,8,Create,ConfigMap,false
8.641874832,Regular,9,Update,Deployment,false
8.662090058,Regular,5,Delete,ConfigMap,false
8.681908774,Regular,5,Delete,Deployment,false
8.701999785,Regular,6,Create,Deployment,false
8.721865199,Regular,6,Create,ConfigMap,false
8.741913339,Regular,6,Update,Deployment,false
8.761749038,Regular,3,Delete,ConfigMap,false
8.781315207,Regular,3,Delete,Deployment,false
8.802046958,Regular,9,Create,Deployment,false
8.821389885,Regular,8,Create,ConfigMap,false
8.841899167,Regular,7,Update,Deployment,false
8.861816569,Regular,7,Delete,ConfigMap,false
8.881645765,Regular,4,Delete,Deployment,false
8.902002208,Regular,9,Create,Deployment,false
8.922094872,Regular,10,Create,ConfigMap,false
8.94158099,Regular,9,Update,Deployment,false
8.961890092,Regular,6,Delete,ConfigMap,false
8.982013455,Regular,5,Delete,Deployment,false
9.001697967,Regular,7,Create,Deployment,false
8.022225471,Regular,5,Create,ConfigMap,false
8.043413434,Regular,8,Update,Deployment,false
8.062222984,Regular,5,Delete,ConfigMap,false
8.082300248,Regular,11,Delete,Deployment,false
8.102159541,Regular,6,Create,Deployment,false
8.122756689,Regular,7,Create,ConfigMap,false
8.142328809,Regular,8,Update,Deployment,false
8.162719115,Regular,5,Delete,ConfigMap,false
8.183048015,Regular,6,Delete,Deployment,false
8.202418094,Regular,9,Create,Deployment,false
8.223684175,Regular,10,Create,ConfigMap,false
8.242900463,Regular,11,Update,Deployment,false
8.262171745,Regular,7,Delete,ConfigMap,false
8.283104206,Regular,6,Delete,Deployment,false
8.302655307,Regular,6,Create,Deployment,false
8.322633665,Regular,6,Create,ConfigMap,false
8.342178303,Regular,8,Update,Deployment,false
8.363137324,Regular,6,Delete,ConfigMap,false
8.382334205,Regular,5,Delete,Deployment,false
8.402746533,Regular,8,Create,Deployment,false
8.423351375,Regular,6,Create,ConfigMap,false
8.442368196,Regular,7,Update,Deployment,false
8.463415834,Regular,6,Delete,ConfigMap,false
8.482693689,Regular,5,Delete,Deployment,false
8.50335629,Regular,8,Create,Deployment,false
8.522105926,Regular,6,Create,ConfigMap,false
8.542658068,Regular,7,Update,Deployment,false
8.563097006,Regular,6,Delete,ConfigMap,false
8.582380711,Regular,4,Delete,Deployment,false
8.602930128,Regular,6,Create,Deployment,false
8.622668663,Regular,8,Create,ConfigMap,false
8.642316907,Regular,11,Update,Deployment,false
8.662159158,Regular,5,Delete,ConfigMap,false
8.682220964,Regular,5,Delete,Deployment,false
8.702251029,Regular,7,Create,Deployment,false
8.723349734,Regular,6,Create,ConfigMap,false
8.742891538,Regular,7,Update,Deployment,false
8.763311269,Regular,6,Delete,ConfigMap,false
8.783004769,Regular,7,Delete,Deployment,false
8.80245572,Regular,9,Create,Deployment,false
8.82275224,Regular,6,Create,ConfigMap,false
8.842225022000001,Regular,9,Update,Deployment,false
8.863146983,Regular,5,Delete,ConfigMap,false
8.883270686,Regular,9,Delete,Deployment,false
8.902543661,Regular,9,Create,Deployment,false
8.922253912,Regular,9,Create,ConfigMap,false
8.942982698,Regular,8,Update,Deployment,false
8.96252931,Regular,6,Delete,ConfigMap,false
8.982433929,Regular,5,Delete,Deployment,false
9.003154489,Regular,7,Create,Deployment,false
8.002937647,Regular,10,Create,Deployment,false
8.022330439,Regular,5,Create,ConfigMap,false
8.043206212,Regular,7,Update,Deployment,false
8.062232602,Regular,5,Delete,ConfigMap,false
8.082224335,Regular,11,Delete,Deployment,false
8.102335203,Regular,5,Create,Deployment,false
8.122860294,Regular,5,Create,ConfigMap,false
8.142328368,Regular,8,Update,Deployment,false
8.162751446,Regular,5,Delete,ConfigMap,false
8.183125822,Regular,7,Delete,Deployment,false
8.202260847,Regular,7,Create,Deployment,false
8.223482685,Regular,8,Create,ConfigMap,false
8.242882049,Regular,10,Update,Deployment,false
8.262355052,Regular,7,Delete,ConfigMap,false
8.283118293,Regular,6,Delete,Deployment,false
8.302643414,Regular,6,Create,Deployment,false
8.322643734,Regular,7,Create,ConfigMap,false
8.342334328,Regular,9,Update,Deployment,false
8.36345819,Regular,6,Delete,ConfigMap,false
8.382566745,Regular,5,Delete,Deployment,false
8.4029302,Regular,8,Create,Deployment,false
8.423569046,Regular,7,Create,ConfigMap,false
8.442269660000001,Regular,8,Update,Deployment,false
8.463430121,Regular,6,Delete,ConfigMap,false
8.48260968,Regular,5,Delete,Deployment,false
8.502979698,Regular,8,Create,Deployment,false
8.522117017,Regular,7,Create,ConfigMap,false
8.542523043,Regular,6,Update,Deployment,false
8.563018488,Regular,6,Delete,ConfigMap,false
8.582170805,Regular,5,Delete,Deployment,false
8.6029995,Regular,5,Create,Deployment,false
8.622965845,Regular,7,Create,ConfigMap,false
8.642315364,Regular,11,Update,Deployment,false
8.662195747,Regular,4,Delete,ConfigMap,false
8.682279274,Regular,4,Delete,Deployment,false
8.702383971,Regular,7,Create,Deployment,false
8.723354403,Regular,6,Create,ConfigMap,false
8.74286613,Regular,7,Update,Deployment,false
8.763217362,Regular,6,Delete,ConfigMap,false
8.782984791,Regular,7,Delete,Deployment,false
8.802511946,Regular,9,Create,Deployment,false
8.822936959,Regular,6,Create,ConfigMap,false
8.84268415,Regular,7,Update,Deployment,false
8.863930413,Regular,8,Delete,ConfigMap,false
8.883035231000001,Regular,10,Delete,Deployment,false
8.902676161,Regular,8,Create,Deployment,false
8.92227371,Regular,8,Create,ConfigMap,false
8.943012564,Regular,9,Update,Deployment,false
8.962219916,Regular,5,Delete,ConfigMap,false
8.98247708,Regular,6,Delete,Deployment,false
9.003153808,Regular,8,Create,Deployment,false
9.021563141,Regular,6,Create,ConfigMap,false
9.041681454,Regular,6,Update,Deployment,false
9.061487436,Regular,4,Delete,ConfigMap,false
9.081391654,Regular,7,Delete,Deployment,false
9.101798672,Regular,7,Create,Deployment,false
9.121518852,Regular,6,Create,ConfigMap,false
9.141716735,Regular,10,Update,Deployment,false
9.16156172,Regular,4,Delete,ConfigMap,false
9.182044251,Regular,8,Delete,Deployment,false
9.201641479,Regular,8,Create,Deployment,false
9.221706861,Regular,9,Create,ConfigMap,false
9.242085656,Regular,8,Update,Deployment,false
9.261517121,Regular,4,Delete,ConfigMap,false
9.281449291,Regular,4,Delete,Deployment,false
9.301514132,Regular,7,Create,Deployment,false
9.321695053,Regular,6,Create,ConfigMap,false
9.341742251,Regular,6,Update,Deployment,false
9.361653833,Regular,5,Delete,ConfigMap,false
9.38221914,Regular,5,Delete,Deployment,false
9.401680982,Regular,7,Create,Deployment,false
9.422188259,Regular,6,Create,ConfigMap,false
9.441800806,Regular,5,Update,Deployment,false
9.462075694,Regular,5,Delete,ConfigMap,false
9.481767932,Regular,3,Delete,Deployment,false
9.501611886,Regular,8,Create,Deployment,false
9.521919956,Regular,5,Create,ConfigMap,false
9.541486406,Regular,7,Update,Deployment,false
9.56136705,Regular,3,Delete,ConfigMap,false
9.581899915,Regular,5,Delete,Deployment,false
9.602304248,Regular,8,Create,Deployment,false
9.621782231,Regular,5,Create,ConfigMap,false
9.642036369,Regular,5,Update,Deployment,false
9.662014457,Regular,6,Delete,ConfigMap,false
9.681564395,Regular,3,Delete,Deployment,false
9.701315083,Regular,9,Create,Deployment,false
9.722293861,Regular,7,Create,ConfigMap,false
9.741926626,Regular,8,Update,Deployment,false
9.762220821,Regular,4,Delete,ConfigMap,false
9.781586481,Regular,3,Delete,Deployment,false
9.801198748000001,Regular,11,Create,Deployment,false
9.821592049,Regular,7,Create,ConfigMap,false
9.841470078,Regular,6,Update,Deployment,false
9.861769412,Regular,4,Delete,ConfigMap,false
9.881598488,Regular,4,Delete,Deployment,false
9.901991399,Regular,8,Create,Deployment,false
9.921222385,Regular,7,Create,ConfigMap,false
9.942069364,Regular,8,Update,Deployment,false
9.96197788,Regular,3,Delete,ConfigMap,false
9.981756771,Regular,4,Delete,Deployment,false
9.001725419,Regular,7,Create,Deployment,false
9.021552932,Regular,6,Create,ConfigMap,false
9.041692154,Regular,6,Update,Deployment,false
9.061504168,Regular,3,Delete,ConfigMap,false
9.081413746,Regular,7,Delete,Deployment,false
9.101808781,Regular,8,Create,Deployment,false
9.121522518999999,Regular,6,Create,ConfigMap,false
9.141349711,Regular,11,Update,Deployment,false
9.161573473,Regular,3,Delete,ConfigMap,false
9.182048629,Regular,10,Delete,Deployment,false
9.201646629,Regular,8,Create,Deployment,false
9.221699056,Regular,6,Create,ConfigMap,false
9.242069826,Regular,11,Update,Deployment,false
9.261550123,Regular,3,Delete,ConfigMap,false
9.28145413,Regular,4,Delete,Deployment,false
9.301525093,Regular,8,Create,Deployment,false
9.321706665,Regular,6,Create,ConfigMap,false
9.341751439,Regular,7,Update,Deployment,false
9.361692316,Regular,5,Delete,ConfigMap,false
9.382337964,Regular,5,Delete,Deployment,false
9.40169568,Regular,7,Create,Deployment,false
9.42236871,Regular,5,Create,ConfigMap,false
9.441809542,Regular,6,Update,Deployment,false
9.462088118,Regular,6,Delete,ConfigMap,false
9.481786146,Regular,3,Delete,Deployment,false
9.501616324,Regular,8,Create,Deployment,false
9.521931137,Regular,8,Create,ConfigMap,false
9.541487578,Regular,6,Update,Deployment,false
9.561369053,Regular,4,Delete,ConfigMap,false
9.581902941,Regular,6,Delete,Deployment,false
9.602198578,Regular,6,Create,Deployment,false
9.621786198,Regular,6,Create,ConfigMap,false
9.642046348000001,Regular,6,Update,Deployment,false
9.662022863,Regular,6,Delete,ConfigMap,false
9.681536322,Regular,4,Delete,Deployment,false
9.701321776,Regular,7,Create,Deployment,false
9.72237254,Regular,7,Create,ConfigMap,false
9.741932016,Regular,9,Update,Deployment,false
9.762413936,Regular,5,Delete,ConfigMap,false
9.781591321,Regular,3,Delete,Deployment,false
9.801207765000001,Regular,12,Create,Deployment,false
9.821602299,Regular,7,Create,ConfigMap,false
9.841461191,Regular,6,Update,Deployment,false
9.861781846,Regular,3,Delete,ConfigMap,false
9.881603508,Regular,3,Delete,Deployment,false
9.901979587,Regular,8,Create,Deployment,false
9.921222576,Regular,6,Create,ConfigMap,false
9.942079463,Regular,8,Update,Deployment,false
9.961987108,Regular,4,Delete,ConfigMap,false
9.981763514,Regular,3,Delete,Deployment,false
9.003100127,Regular,8,Create,Deployment,false
9.022992392,Regular,6,Create,ConfigMap,false
9.042751766,Regular,8,Update,Deployment,false
9.063233274,Regular,4,Delete,ConfigMap,false
9.082773194,Regular,4,Delete,Deployment,false
9.103079041,Regular,8,Create,Deployment,false
9.122955937,Regular,7,Create,ConfigMap,false
9.142761799,Regular,7,Update,Deployment,false
9.163003124,Regular,6,Delete,ConfigMap,false
9.182532714,Regular,5,Delete,Deployment,false
9.203213519,Regular,7,Create,Deployment,false
9.223065098,Regular,7,Create,ConfigMap,false
9.24245279,Regular,10,Update,Deployment,false
9.26300386,Regular,6,Delete,ConfigMap,false
9.283208174,Regular,3,Delete,Deployment,false
9.302852832,Regular,7,Create,Deployment,false
9.323124434,Regular,7,Create,ConfigMap,false
9.343228409,Regular,8,Update,Deployment,false
9.363860963,Regular,7,Delete,ConfigMap,false
9.382374764,Regular,5,Delete,Deployment,false
9.40302951,Regular,8,Create,Deployment,false
9.422331921,Regular,4,Create,ConfigMap,false
9.44279279,Regular,5,Update,Deployment,false
9.462303074,Regular,4,Delete,ConfigMap,false
9.48314844,Regular,5,Delete,Deployment,false
9.503038781,Regular,7,Create,Deployment,false
9.522313039,Regular,7,Create,ConfigMap,false
9.542723163,Regular,8,Update,Deployment,false
9.562729484,Regular,6,Delete,ConfigMap,false
9.582319297,Regular,7,Delete,Deployment,false
9.6022786,Regular,7,Create,Deployment,false
9.623277456,Regular,5,Create,ConfigMap,false
9.642387523,Regular,6,Update,Deployment,false
9.662691486,Regular,6,Delete,ConfigMap,false
9.683113623,Regular,6,Delete,Deployment,false
9.702939683,Regular,8,Create,Deployment,false
9.722429878,Regular,7,Create,ConfigMap,false
9.74232026,Regular,7,Update,Deployment,false
9.762414076,Regular,5,Delete,ConfigMap,false
9.783005893,Regular,7,Delete,Deployment,false
9.802800324,Regular,14,Create,Deployment,false
9.823215637,Regular,5,Create,ConfigMap,false
9.842766397,Regular,7,Update,Deployment,false
9.863487789,Regular,5,Delete,ConfigMap,false
9.883087662,Regular,5,Delete,Deployment,false
9.902369544,Regular,7,Create,Deployment,false
9.922652547,Regular,6,Create,ConfigMap,false
9.942201434,Regular,8,Update,Deployment,false
9.96221585,Regular,4,Delete,ConfigMap,false
9.983304766,Regular,7,Delete,Deployment,false
9.003289915,Regular,8,Create,Deployment,false
9.0228802,Regular,4,Create,ConfigMap,false
9.04275916,Regular,8,Update,Deployment,false
9.062999523,Regular,5,Delete,ConfigMap,false
9.082811677,Regular,5,Delete,Deployment,false
9.103188808,Regular,6,Create,Deployment,false
9.123068129,Regular,5,Create,ConfigMap,false
9.142543146,Regular,9,Update,Deployment,false
9.162957898,Regular,6,Delete,ConfigMap,false
9.182456791,Regular,7,Delete,Deployment,false
9.203283812,Regular,9,Create,Deployment,false
9.223078072,Regular,7,Create,ConfigMap,false
9.242137544,Regular,11,Update,Deployment,false
9.263261907,Regular,6,Delete,ConfigMap,false
9.282938745,Regular,7,Delete,Deployment,false
9.303348699,Regular,7,Create,Deployment,false
9.32342911,Regular,7,Create,ConfigMap,false
9.342991401,Regular,7,Update,Deployment,false
9.363825787,Regular,8,Delete,ConfigMap,false
9.382179835,Regular,3,Delete,Deployment,false
9.403181567,Regular,5,Create,Deployment,false
9.422255156,Regular,6,Create,ConfigMap,false
9.443005883,Regular,5,Update,Deployment,false
9.46237513,Regular,6,Delete,ConfigMap,false
9.483096442,Regular,5,Delete,Deployment,false
9.503094787,Regular,6,Create,Deployment,false
9.522335672,Regular,7,Create,ConfigMap,false
9.542754232,Regular,8,Update,Deployment,false
9.562916066,Regular,5,Delete,ConfigMap,false
9.582406182,Regular,5,Delete,Deployment,false
9.602228946,Regular,8,Create,Deployment,false
9.623125979,Regular,5,Create,ConfigMap,false
9.642224004,Regular,6,Update,Deployment,false
9.662367374,Regular,6,Delete,ConfigMap,false
9.68295872,Regular,7,Delete,Deployment,false
9.703078595000001,Regular,7,Create,Deployment,false
9.722370837,Regular,4,Create,ConfigMap,false
9.742356208,Regular,8,Update,Deployment,false
9.762252611,Regular,5,Delete,ConfigMap,false
9.78296741,Regular,6,Delete,Deployment,false
9.802885374,Regular,14,Create,Deployment,false
9.822992826,Regular,5,Create,ConfigMap,false
9.842842641,Regular,6,Update,Deployment,false
9.863333648,Regular,6,Delete,ConfigMap,false
9.883157564,Regular,5,Delete,Deployment,false
9.902269695,Regular,5,Create,Deployment,false
9.922832818,Regular,5,Create,ConfigMap,false
9.942149165,Regular,6,Update,Deployment,false
9.962339975,Regular,4,Delete,ConfigMap,false
9.983142169,Regular,7,Delete,Deployment,false
9.022934452,Regular,4,Create,ConfigMap,false
9.042694277,Regular,8,Update,Deployment,false
9.063131713,Regular,5,Delete,ConfigMap,false
9.082854137,Regular,5,Delete,Deployment,false
9.103193367,Regular,7,Create,Deployment,false
9.123085672,Regular,7,Create,ConfigMap,false
9.14231235,Regular,10,Update,Deployment,false
9.162870473,Regular,6,Delete,ConfigMap,false
9.182541911,Regular,6,Delete,Deployment,false
9.203304972,Regular,7,Create,Deployment,false
9.223342792,Regular,7,Create,ConfigMap,false
9.242523273,Regular,10,Update,Deployment,false
9.26297782,Regular,6,Delete,ConfigMap,false
9.283030308,Regular,7,Delete,Deployment,false
9.303025729,Regular,7,Create,Deployment,false
9.323178997,Regular,7,Create,ConfigMap,false
9.343159459,Regular,7,Update,Deployment,false
9.363993975,Regular,8,Delete,ConfigMap,false
9.382331682,Regular,5,Delete,Deployment,false
9.403169735,Regular,7,Create,Deployment,false
9.422332311,Regular,6,Create,ConfigMap,false
9.443057661,Regular,6,Update,Deployment,false
9.462537307,Regular,6,Delete,ConfigMap,false
9.483247166,Regular,5,Delete,Deployment,false
9.503068578,Regular,7,Create,Deployment,false
9.522284856,Regular,7,Create,ConfigMap,false
9.542673058,Regular,8,Update,Deployment,false
9.562911317,Regular,5,Delete,ConfigMap,false
9.582457759,Regular,5,Delete,Deployment,false
9.602377026,Regular,7,Create,Deployment,false
9.623227972,Regular,5,Create,ConfigMap,false
9.642295539,Regular,7,Update,Deployment,false
9.662657121,Regular,6,Delete,ConfigMap,false
9.683237867,Regular,6,Delete,Deployment,false
9.702634306,Regular,8,Create,Deployment,false
9.722259587,Regular,7,Create,ConfigMap,false
9.742350838,Regular,8,Update,Deployment,false
9.762279933,Regular,4,Delete,ConfigMap,false
9.783096865,Regular,6,Delete,Deployment,false
9.802591028,Regular,14,Create,Deployment,false
9.823166765,Regular,6,Create,ConfigMap,false
9.84265147,Regular,7,Update,Deployment,false
9.863282491,Regular,6,Delete,ConfigMap,false
9.88300712,Regular,5,Delete,Deployment,false
9.902485112,Regular,7,Create,Deployment,false
9.92286585,Regular,6,Create,ConfigMap,false
9.942119319,Regular,8,Update,Deployment,false
9.96233767,Regular,4,Delete,ConfigMap,false
9.98332792,Regular,8,Delete,Deployment,false
9.022892433,Regular,6,Create,ConfigMap,false
9.042765652,Regular,8,Update,Deployment,false
9.06336851,Regular,4,Delete,ConfigMap,false
9.082936252,Regular,5,Delete,Deployment,false
9.103530845,Regular,7,Create,Deployment,false
9.12287272,Regular,7,Create,ConfigMap,false
9.142526765,Regular,9,Update,Deployment,false
9.163144231,Regular,4,Delete,ConfigMap,false
9.182301858,Regular,6,Delete,Deployment,false
9.203015355,Regular,9,Create,Deployment,false
9.223205944,Regular,6,Create,ConfigMap,false
9.24220951,Regular,10,Update,Deployment,false
9.263208426,Regular,6,Delete,ConfigMap,false
9.283130057,Regular,7,Delete,Deployment,false
9.303382793,Regular,8,Create,Deployment,false
9.323472341,Regular,7,Create,ConfigMap,false
9.343055883,Regular,7,Update,Deployment,false
9.363556839,Regular,8,Delete,ConfigMap,false
9.382320281,Regular,4,Delete,Deployment,false
9.403007268,Regular,6,Create,Deployment,false
9.42217282,Regular,6,Create,ConfigMap,false
9.442844518,Regular,6,Update,Deployment,false
9.462248531,Regular,6,Delete,ConfigMap,false
9.483131558,Regular,5,Delete,Deployment,false
9.503138700000001,Regular,7,Create,Deployment,false
9.522356762,Regular,7,Create,ConfigMap,false
9.5428961,Regular,8,Update,Deployment,false
9.562751906,Regular,5,Delete,ConfigMap,false
9.582515648,Regular,5,Delete,Deployment,false
9.602354142,Regular,7,Create,Deployment,false
9.623251106,Regular,6,Create,ConfigMap,false
9.642214506,Regular,6,Update,Deployment,false
9.662277173,Regular,7,Delete,ConfigMap,false
9.683129432,Regular,6,Delete,Deployment,false
9.702836167,Regular,8,Create,Deployment,false
9.722412736,Regular,7,Create,ConfigMap,false
9.742305452,Regular,8,Update,Deployment,false
9.762333243,Regular,4,Delete,ConfigMap,false
9.783055847,Regular,6,Delete,Deployment,false
9.80270334,Regular,11,Create,Deployment,false
9.822894921,Regular,6,Create,ConfigMap,false
9.842821992,Regular,6,Update,Deployment,false
9.86338237,Regular,5,Delete,ConfigMap,false
9.8829599,Regular,5,Delete,Deployment,false
9.902239789,Regular,7,Create,Deployment,false
9.922722139,Regular,5,Create,ConfigMap,false
9.942208377,Regular,8,Update,Deployment,false
9.962251467,Regular,5,Delete,ConfigMap,false
9.983108736,Regular,8,Delete,Deployment,false
10.00294732,Regular,5,Create,Deployment,false
10.001485748,Regular,7,Create,Deployment,false
9.003173575,Regular,7,Create,Deployment,false
9.023116025,Regular,4,Create,ConfigMap,false
9.042762186,Regular,7,Update,Deployment,false
9.063012587,Regular,5,Delete,ConfigMap,false
9.082836884,Regular,5,Delete,Deployment,false
9.103312252,Regular,8,Create,Deployment,false
9.122890043,Regular,6,Create,ConfigMap,false
9.142954012,Regular,9,Update,Deployment,false
9.163093234,Regular,5,Delete,ConfigMap,false
9.182367682,Regular,7,Delete,Deployment,false
9.203296907,Regular,7,Create,Deployment,false
9.223099723,Regular,7,Create,ConfigMap,false
9.242449914,Regular,11,Update,Deployment,false
9.263045679,Regular,6,Delete,ConfigMap,false
9.2828194,Regular,7,Delete,Deployment,false
9.302837753,Regular,8,Create,Deployment,false
9.323300527,Regular,7,Create,ConfigMap,false
9.343036486,Regular,6,Update,Deployment,false
9.363132146,Regular,8,Delete,ConfigMap,false
9.382188542,Regular,5,Delete,Deployment,false
9.403094573,Regular,8,Create,Deployment,false
9.422213206,Regular,5,Create,ConfigMap,false
9.442817807,Regular,6,Update,Deployment,false
9.462247779,Regular,6,Delete,ConfigMap,false
9.483087024,Regular,5,Delete,Deployment,false
9.503127208,Regular,6,Create,Deployment,false
9.522420823000001,Regular,7,Create,ConfigMap,false
9.542855002,Regular,8,Update,Deployment,false
9.562782794,Regular,5,Delete,ConfigMap,false
9.582191797,Regular,5,Delete,Deployment,false
9.60229475,Regular,8,Create,Deployment,false
9.623254302,Regular,5,Create,ConfigMap,false
9.642234203,Regular,7,Update,Deployment,false
9.662544478000001,Regular,7,Delete,ConfigMap,false
9.683189105,Regular,6,Delete,Deployment,false
9.702629547,Regular,8,Create,Deployment,false
9.722182381,Regular,7,Create,ConfigMap,false
9.742146632,Regular,8,Update,Deployment,false
9.762189191000001,Regular,4,Delete,ConfigMap,false
9.783058783,Regular,7,Delete,Deployment,false
9.802482102,Regular,12,Create,Deployment,false
9.822951087,Regular,6,Create,ConfigMap,false
9.842796033,Regular,7,Update,Deployment,false
9.863459926,Regular,6,Delete,ConfigMap,false
9.883030704,Regular,5,Delete,Deployment,false
9.902286798,Regular,6,Create,Deployment,false
9.922639843,Regular,6,Create,ConfigMap,false
9.942137874,Regular,7,Update,Deployment,false
9.962182177,Regular,6,Delete,ConfigMap,false
9.98317958,Regular,7,Delete,Deployment,false
10.00298445,Regular,5,Create,Deployment,false
10.001474617,Regular,7,Create,Deployment,false
9.003235983,Regular,7,Create,Deployment,false
9.02318187,Regular,4,Create,ConfigMap,false
9.042663549,Regular,8,Update,Deployment,false
9.062782373,Regular,5,Delete,ConfigMap,false
9.082731686,Regular,5,Delete,Deployment,false
9.103059875,Regular,8,Create,Deployment,false
9.12281445,Regular,7,Create,ConfigMap,false
9.142615212,Regular,9,Update,Deployment,false
9.162983196,Regular,6,Delete,ConfigMap,false
9.182317678,Regular,6,Delete,Deployment,false
9.203098422,Regular,8,Create,Deployment,false
9.223050159,Regular,7,Create,ConfigMap,false
9.242584018,Regular,10,Update,Deployment,false
9.263207735,Regular,6,Delete,ConfigMap,false
9.282834398,Regular,7,Delete,Deployment,false
9.303397361,Regular,7,Create,Deployment,false
9.323219463,Regular,7,Create,ConfigMap,false
9.342949462,Regular,7,Update,Deployment,false
9.363727962,Regular,8,Delete,ConfigMap,false
9.382331302,Regular,5,Delete,Deployment,false
9.403054227,Regular,8,Create,Deployment,false
9.422305972,Regular,5,Create,ConfigMap,false
9.44293537,Regular,5,Update,Deployment,false
9.462371503,Regular,4,Delete,ConfigMap,false
9.483075462,Regular,5,Delete,Deployment,false
9.502994207,Regular,6,Create,Deployment,false
9.522224031,Regular,8,Create,ConfigMap,false
9.542707433,Regular,8,Update,Deployment,false
9.563081869,Regular,5,Delete,ConfigMap,false
9.582321642,Regular,5,Delete,Deployment,false
9.602146831,Regular,8,Create,Deployment,false
9.623323212,Regular,4,Create,ConfigMap,false
9.642196793,Regular,7,Update,Deployment,false
9.662288004,Regular,7,Delete,ConfigMap,false
9.682935376,Regular,7,Delete,Deployment,false
9.702814636,Regular,6,Create,Deployment,false
9.722321644,Regular,7,Create,ConfigMap,false
9.742305542,Regular,6,Update,Deployment,false
9.762354343,Regular,4,Delete,ConfigMap,false
9.782898801,Regular,8,Delete,Deployment,false
9.802671109,Regular,14,Create,Deployment,false
9.822927332999999,Regular,6,Create,ConfigMap,false
9.842768752,Regular,6,Update,Deployment,false
9.863265799,Regular,6,Delete,ConfigMap,false
9.882999495,Regular,5,Delete,Deployment,false
9.902301966,Regular,7,Create,Deployment,false
9.92270136,Regular,6,Create,ConfigMap,false
9.942295371,Regular,8,Update,Deployment,false
9.962207585,Regular,3,Delete,ConfigMap,false
9.983088568,Regular,7,Delete,Deployment,false
10.002788169,Regular,6,Create,Deployment,false
9.003146735,Regular,7,Create,Deployment,false
9.023082332,Regular,4,Create,ConfigMap,false
9.042708344,Regular,8,Update,Deployment,false
9.06288698,Regular,5,Delete,ConfigMap,false
9.082713571,Regular,5,Delete,Deployment,false
9.103091344,Regular,8,Create,Deployment,false
9.123069822,Regular,7,Create,ConfigMap,false
9.142608229,Regular,9,Update,Deployment,false
9.162902123,Regular,6,Delete,ConfigMap,false
9.182406235,Regular,7,Delete,Deployment,false
9.20325103,Regular,9,Create,Deployment,false
9.223163153,Regular,7,Create,ConfigMap,false
9.242501482,Regular,10,Update,Deployment,false
9.263242811,Regular,6,Delete,ConfigMap,false
9.283001213,Regular,7,Delete,Deployment,false
9.303078027,Regular,8,Create,Deployment,false
9.323227699,Regular,7,Create,ConfigMap,false
9.343213791,Regular,7,Update,Deployment,false
9.363385435,Regular,8,Delete,ConfigMap,false
9.382268383,Regular,5,Delete,Deployment,false
9.402987981,Regular,7,Create,Deployment,false
9.422242341,Regular,6,Create,ConfigMap,false
9.443001244,Regular,6,Update,Deployment,false
9.462485469,Regular,6,Delete,ConfigMap,false
9.4831116,Regular,4,Delete,Deployment,false
9.503007893,Regular,6,Create,Deployment,false
9.522274526,Regular,7,Create,ConfigMap,false
9.542804447,Regular,8,Update,Deployment,false
9.563081639,Regular,5,Delete,ConfigMap,false
9.58241047,Regular,4,Delete,Deployment,false
9.602187598,Regular,8,Create,Deployment,false
9.623180052,Regular,6,Create,ConfigMap,false
9.642276413,Regular,7,Update,Deployment,false
9.662368916,Regular,8,Delete,ConfigMap,false
9.682875072,Regular,7,Delete,Deployment,false
9.702881212,Regular,8,Create,Deployment,false
9.722210764,Regular,7,Create,ConfigMap,false
9.742301615,Regular,8,Update,Deployment,false
9.762178351,Regular,4,Delete,ConfigMap,false
9.783032553,Regular,6,Delete,Deployment,false
9.802853845,Regular,12,Create,Deployment,false
9.823086533,Regular,6,Create,ConfigMap,false
9.842848793,Regular,6,Update,Deployment,false
9.863457031,Regular,5,Delete,ConfigMap,false
9.883048969,Regular,5,Delete,Deployment,false
9.90219808,Regular,7,Create,Deployment,false
9.922826937,Regular,5,Create,ConfigMap,false
9.942188359,Regular,8,Update,Deployment,false
9.962350323999999,Regular,4,Delete,ConfigMap,false
9.983276543,Regular,7,Delete,Deployment,false
10.002909007,Regular,6,Create,Deployment,false
9.003171872,Regular,7,Create,Deployment,false
9.023140652,Regular,5,Create,ConfigMap,false
9.042718744,Regular,8,Update,Deployment,false
9.063095384,Regular,3,Delete,ConfigMap,false
9.08271796,Regular,4,Delete,Deployment,false
9.103281023,Regular,7,Create,Deployment,false
9.122973881,Regular,6,Create,ConfigMap,false
9.142976555,Regular,9,Update,Deployment,false
9.162852469,Regular,7,Delete,ConfigMap,false
9.182392179,Regular,7,Delete,Deployment,false
9.203142896,Regular,9,Create,Deployment,false
9.223369914,Regular,6,Create,ConfigMap,false
9.242213157,Regular,10,Update,Deployment,false
9.263183299,Regular,6,Delete,ConfigMap,false
9.282907356,Regular,7,Delete,Deployment,false
9.30330715,Regular,8,Create,Deployment,false
9.323047168,Regular,7,Create,ConfigMap,false
9.343000238,Regular,6,Update,Deployment,false
9.36342525,Regular,8,Delete,ConfigMap,false
9.382365125,Regular,5,Delete,Deployment,false
9.403302025,Regular,7,Create,Deployment,false
9.422274071,Regular,6,Create,ConfigMap,false
9.44275552,Regular,5,Update,Deployment,false
9.46222187,Regular,6,Delete,ConfigMap,false
9.483175671,Regular,4,Delete,Deployment,false
9.502943902,Regular,6,Create,Deployment,false
9.522420833,Regular,6,Create,ConfigMap,false
9.542853018,Regular,8,Update,Deployment,false
9.562799887,Regular,5,Delete,ConfigMap,false
9.582467688,Regular,5,Delete,Deployment,false
9.602306613,Regular,8,Create,Deployment,false
9.623085232,Regular,5,Create,ConfigMap,false
9.642187936,Regular,7,Update,Deployment,false
9.662507238,Regular,8,Delete,ConfigMap,false
9.683310475,Regular,6,Delete,Deployment,false
9.702921739,Regular,6,Create,Deployment,false
9.722384993,Regular,7,Create,ConfigMap,false
9.742257261,Regular,8,Update,Deployment,false
9.762351177,Regular,4,Delete,ConfigMap,false
9.783033145,Regular,5,Delete,Deployment,false
9.802682381,Regular,13,Create,Deployment,false
9.822938484,Regular,6,Create,ConfigMap,false
9.842780203,Regular,6,Update,Deployment,false
9.86354129,Regular,5,Delete,ConfigMap,false
9.883087431,Regular,5,Delete,Deployment,false
9.902256731,Regular,7,Create,Deployment,false
9.922882512,Regular,6,Create,ConfigMap,false
9.942306502,Regular,7,Update,Deployment,false
9.962249704,Regular,4,Delete,ConfigMap,false
9.983124987,Regular,5,Delete,Deployment,false
10.002959332,Regular,6,Create,Deployment,false
