start_time,role,duration_ms,operation,resource,is_error
0.002325895,Regular,37,Create,Deployment,false
0.002421816,Regular,39,Create,Deployment,false
0.041764139,Regular,5,Create,ConfigMap,false
0.002221548,Regular,38,Create,Deployment,false
0.041036795,Regular,9,Create,ConfigMap,false
0.050923858,Regular,17,Update,Deployment,false
0.068425239,Regular,6,Delete,ConfigMap,false
0.083012213,Regular,8,Delete,Deployment,false
0.103503595,Regular,9,Create,Deployment,false
0.12239849,Regular,8,Create,ConfigMap,false
0.143038703,Regular,8,Update,Deployment,false
0.162976548,Regular,5,Delete,ConfigMap,false
0.183212046,Regular,6,Delete,Deployment,false
0.202995139,Regular,6,Create,Deployment,false
0.223288928,Regular,5,Create,ConfigMap,false
0.242287739,Regular,9,Update,Deployment,false
0.263236384,Regular,4,Delete,ConfigMap,false
0.282572082,Regular,6,Delete,Deployment,false
0.302376886,Regular,9,Create,Deployment,false
0.322556258,Regular,9,Create,ConfigMap,false
0.342304455,Regular,10,Update,Deployment,false
0.363226771,Regular,7,Delete,ConfigMap,false
0.382634665,Regular,4,Delete,Deployment,false
0.403828744,Regular,8,Create,Deployment,false
0.422877069,Regular,11,Create,ConfigMap,false
0.442356018,Regular,17,Update,Deployment,false
0.463277682,Regular,8,Delete,ConfigMap,false
0.483004419,Regular,8,Delete,Deployment,false
0.50229426,Regular,13,Create,Deployment,false
0.524126215,Regular,6,Create,ConfigMap,false
0.543391109,Regular,10,Update,Deployment,false
0.562823619,Regular,7,Delete,ConfigMap,false
0.582402587,Regular,7,Delete,Deployment,false
0.602413991,Regular,6,Create,Deployment,false
0.623236048,Regular,6,Create,ConfigMap,false
0.642300653,Regular,9,Update,Deployment,false
0.663028802,Regular,5,Delete,ConfigMap,false
0.683215598,Regular,5,Delete,Deployment,false
0.702337722,Regular,6,Create,Deployment,false
0.723048107,Regular,4,Create,ConfigMap,false
0.742498953,Regular,6,Update,Deployment,false
0.763165706,Regular,4,Delete,ConfigMap,false
0.782392628,Regular,5,Delete,Deployment,false
0.802271762,Regular,8,Create,Deployment,false
0.822508142,Regular,6,Create,ConfigMap,false
0.8432888,Regular,6,Update,Deployment,false
0.862695081,Regular,5,Delete,ConfigMap,false
0.882357546,Regular,5,Delete,Deployment,false
0.902771291,Regular,5,Create,Deployment,false
0.922435099,Regular,6,Create,ConfigMap,false
0.942206019,Regular,6,Update,Deployment,false
0.962239175,Regular,4,Delete,ConfigMap,false
0.98313983,Regular,5,Delete,Deployment,false
0.002333609,Regular,36,Create,Deployment,false
0.038926968,Regular,7,Create,ConfigMap,false
0.046911246,Regular,11,Update,Deployment,false
0.062776796,Regular,10,Delete,ConfigMap,false
0.083406909,Regular,9,Delete,Deployment,false
0.103324747,Regular,9,Create,Deployment,false
0.122476988,Regular,8,Create,ConfigMap,false
0.143165222,Regular,9,Update,Deployment,false
0.163159203,Regular,5,Delete,ConfigMap,false
0.183195114,Regular,6,Delete,Deployment,false
0.203013474,Regular,6,Create,Deployment,false
0.223325917,Regular,4,Create,ConfigMap,false
0.242297267,Regular,8,Update,Deployment,false
0.263296718,Regular,4,Delete,ConfigMap,false
0.282854395,Regular,6,Delete,Deployment,false
0.302221011,Regular,10,Create,Deployment,false
0.322610891,Regular,8,Create,ConfigMap,false
0.342474146,Regular,10,Update,Deployment,false
0.363273619,Regular,5,Delete,ConfigMap,false
0.382667798,Regular,6,Delete,Deployment,false
0.403977646,Regular,9,Create,Deployment,false
0.423017184,Regular,12,Create,ConfigMap,false
0.442370185,Regular,12,Update,Deployment,false
0.463479554,Regular,5,Delete,ConfigMap,false
0.483207643,Regular,7,Delete,Deployment,false
0.502731917,Regular,12,Create,Deployment,false
0.523583689,Regular,10,Create,ConfigMap,false
0.543262566,Regular,10,Update,Deployment,false
0.562959356,Regular,7,Delete,ConfigMap,false
0.582327294,Regular,7,Delete,Deployment,false
0.602299525,Regular,11,Create,Deployment,false
0.623242099,Regular,6,Create,ConfigMap,false
0.642307456,Regular,8,Update,Deployment,false
0.663243919,Regular,6,Delete,ConfigMap,false
0.683162297,Regular,5,Delete,Deployment,false
0.702334696,Regular,6,Create,Deployment,false
0.723030474,Regular,4,Create,ConfigMap,false
0.742473445,Regular,7,Update,Deployment,false
0.763073481,Regular,5,Delete,ConfigMap,false
0.782392357,Regular,5,Delete,Deployment,false
0.802361532,Regular,8,Create,Deployment,false
0.822310028,Regular,5,Create,ConfigMap,false
0.843251319,Regular,6,Update,Deployment,false
0.862819787,Regular,5,Delete,ConfigMap,false
0.882399305,Regular,5,Delete,Deployment,false
0.902702672,Regular,5,Create,Deployment,false
0.922350198,Regular,5,Create,ConfigMap,false
0.942216599,Regular,7,Update,Deployment,false
0.962242621,Regular,4,Delete,ConfigMap,false
0.983159187,Regular,5,Delete,Deployment,false
0.002327798,Regular,37,Create,Deployment,false
0.039405041,Regular,7,Create,ConfigMap,false
0.046996306,Regular,11,Update,Deployment,false
0.06258298,Regular,10,Delete,ConfigMap,false
0.083339472,Regular,9,Delete,Deployment,false
0.103393928,Regular,9,Create,Deployment,false
0.122378973,Regular,8,Create,ConfigMap,false
0.143244321,Regular,9,Update,Deployment,false
0.162951972,Regular,5,Delete,ConfigMap,false
0.183448964,Regular,6,Delete,Deployment,false
0.203039022,Regular,6,Create,Deployment,false
0.223362406,Regular,4,Create,ConfigMap,false
0.242311714,Regular,9,Update,Deployment,false
0.263318359,Regular,5,Delete,ConfigMap,false
0.282829037,Regular,6,Delete,Deployment,false
0.302422222,Regular,9,Create,Deployment,false
0.322415452,Regular,9,Create,ConfigMap,false
0.342517388,Regular,10,Update,Deployment,false
0.363276325,Regular,4,Delete,ConfigMap,false
0.382688848,Regular,6,Delete,Deployment,false
0.403898757,Regular,8,Create,Deployment,false
0.42295659,Regular,12,Create,ConfigMap,false
0.442506793,Regular,13,Update,Deployment,false
0.463679011,Regular,7,Delete,ConfigMap,false
0.483211801,Regular,5,Delete,Deployment,false
0.50260667,Regular,13,Create,Deployment,false
0.523776895,Regular,9,Create,ConfigMap,false
0.54337068,Regular,9,Update,Deployment,false
0.562722418,Regular,6,Delete,ConfigMap,false
0.582409941,Regular,6,Delete,Deployment,false
0.602308221,Regular,11,Create,Deployment,false
0.623220268,Regular,6,Create,ConfigMap,false
0.64230955,Regular,9,Update,Deployment,false
0.663587428,Regular,5,Delete,ConfigMap,false
0.683186353,Regular,4,Delete,Deployment,false
0.702307425,Regular,6,Create,Deployment,false
0.723059248,Regular,4,Create,ConfigMap,false
0.742481871,Regular,7,Update,Deployment,false
0.763022254,Regular,5,Delete,ConfigMap,false
0.782321393,Regular,5,Delete,Deployment,false
0.802521444,Regular,7,Create,Deployment,false
0.822286513,Regular,5,Create,ConfigMap,false
0.843437141,Regular,5,Update,Deployment,false
0.862677438,Regular,5,Delete,ConfigMap,false
0.882247749,Regular,4,Delete,Deployment,false
0.902740113,Regular,5,Create,Deployment,false
0.922373362,Regular,6,Create,ConfigMap,false
0.942227029,Regular,7,Update,Deployment,false
0.96219435,Regular,6,Delete,ConfigMap,false
0.98321913,Regular,5,Delete,Deployment,false
0.039381226,Regular,7,Create,ConfigMap,false
0.047013088,Regular,11,Update,Deployment,false
0.062374916,Regular,10,Delete,ConfigMap,false
0.083555029,Regular,8,Delete,Deployment,false
0.103289541,Regular,9,Create,Deployment,false
0.122428326,Regular,4,Create,ConfigMap,false
0.143406508,Regular,9,Update,Deployment,false
0.163119298,Regular,4,Delete,ConfigMap,false
0.183422624,Regular,5,Delete,Deployment,false
0.203258627,Regular,5,Create,Deployment,false
0.223382274,Regular,5,Create,ConfigMap,false
0.242297427,Regular,9,Update,Deployment,false
0.263370959,Regular,4,Delete,ConfigMap,false
0.282751701,Regular,6,Delete,Deployment,false
0.302375714,Regular,7,Create,Deployment,false
0.322592597,Regular,7,Create,ConfigMap,false
0.342488433,Regular,11,Update,Deployment,false
0.363313395,Regular,5,Delete,ConfigMap,false
0.382676825,Regular,6,Delete,Deployment,false
0.403984799,Regular,9,Create,Deployment,false
0.422978681,Regular,12,Create,ConfigMap,false
0.442442561,Regular,14,Update,Deployment,false
0.463983496,Regular,7,Delete,ConfigMap,false
0.483143652,Regular,7,Delete,Deployment,false
0.502665361,Regular,14,Create,Deployment,false
0.523961453,Regular,8,Create,ConfigMap,false
0.543426746,Regular,9,Update,Deployment,false
0.562930802,Regular,7,Delete,ConfigMap,false
0.582366178,Regular,6,Delete,Deployment,false
0.602324812,Regular,10,Create,Deployment,false
0.623065916,Regular,6,Create,ConfigMap,false
0.642350227,Regular,9,Update,Deployment,false
0.663417987,Regular,5,Delete,ConfigMap,false
0.68304745,Regular,5,Delete,Deployment,false
0.702335288,Regular,6,Create,Deployment,false
0.722951575,Regular,4,Create,ConfigMap,false
0.742451804,Regular,7,Update,Deployment,false
0.763049546,Regular,5,Delete,ConfigMap,false
0.782360698,Regular,5,Delete,Deployment,false
0.80243998,Regular,8,Create,Deployment,false
0.822391993,Regular,6,Create,ConfigMap,false
0.843637649,Regular,6,Update,Deployment,false
0.862702536,Regular,5,Delete,ConfigMap,false
0.882399125,Regular,5,Delete,Deployment,false
0.902790838,Regular,5,Create,Deployment,false
0.922450498,Regular,6,Create,ConfigMap,false
0.942193546,Regular,7,Update,Deployment,false
0.962212564,Regular,4,Delete,ConfigMap,false
0.983217697,Regular,4,Delete,Deployment,false
0.046965598,Regular,12,Update,Deployment,false
0.063009556,Regular,9,Delete,ConfigMap,false
0.083248961,Regular,8,Delete,Deployment,false
0.103484118,Regular,9,Create,Deployment,false
0.122376028,Regular,7,Create,ConfigMap,false
0.143020017,Regular,9,Update,Deployment,false
0.163255415,Regular,5,Delete,ConfigMap,false
0.183229319,Regular,6,Delete,Deployment,false
0.203175891,Regular,6,Create,Deployment,false
0.223257729,Regular,4,Create,ConfigMap,false
0.242454925,Regular,9,Update,Deployment,false
0.263481427,Regular,5,Delete,ConfigMap,false
0.282663344,Regular,6,Delete,Deployment,false
0.302251028,Regular,10,Create,Deployment,false
0.322284575,Regular,9,Create,ConfigMap,false
0.342388133,Regular,10,Update,Deployment,false
0.363379409,Regular,5,Delete,ConfigMap,false
0.382752418,Regular,6,Delete,Deployment,false
0.404284215,Regular,8,Create,Deployment,false
0.422884203,Regular,12,Create,ConfigMap,false
0.442446869,Regular,17,Update,Deployment,false
0.463360008,Regular,8,Delete,ConfigMap,false
0.483066346,Regular,8,Delete,Deployment,false
0.502361106,Regular,14,Create,Deployment,false
0.52335131,Regular,9,Create,ConfigMap,false
0.543247768,Regular,10,Update,Deployment,false
0.5626973,Regular,7,Delete,ConfigMap,false
0.582405322,Regular,7,Delete,Deployment,false
0.602289115,Regular,10,Create,Deployment,false
0.623201583,Regular,6,Create,ConfigMap,false
0.642329447,Regular,8,Update,Deployment,false
0.663566528,Regular,4,Delete,ConfigMap,false
0.68315861,Regular,5,Delete,Deployment,false
0.702299149,Regular,6,Create,Deployment,false
0.722995939,Regular,4,Create,ConfigMap,false
0.742515915,Regular,6,Update,Deployment,false
0.762994853,Regular,5,Delete,ConfigMap,false
0.782336342,Regular,5,Delete,Deployment,false
0.802587268,Regular,8,Create,Deployment,false
0.822405558,Regular,5,Create,ConfigMap,false
0.843156751,Regular,7,Update,Deployment,false
0.862728825,Regular,5,Delete,ConfigMap,false
0.882291431,Regular,4,Delete,Deployment,false
0.902797972,Regular,4,Create,Deployment,false
0.922350108,Regular,6,Create,ConfigMap,false
0.942242418,Regular,7,Update,Deployment,false
0.962190172,Regular,3,Delete,ConfigMap,false
0.98313964,Regular,5,Delete,Deployment,false
0.002556601,Regular,38,Create,Deployment,false
0.040935864,Regular,9,Create,ConfigMap,false
0.050867732,Regular,21,Update,Deployment,false
0.072462699,Regular,4,Delete,ConfigMap,false
0.083522287,Regular,8,Delete,Deployment,false
0.103266277,Regular,9,Create,Deployment,false
0.122389633,Regular,8,Create,ConfigMap,false
0.143502489,Regular,9,Update,Deployment,false
0.163326499,Regular,5,Delete,ConfigMap,false
0.18330417,Regular,5,Delete,Deployment,false
0.203231596,Regular,6,Create,Deployment,false
0.223241047,Regular,5,Create,ConfigMap,false
0.242360266,Regular,8,Update,Deployment,false
0.263523918,Regular,5,Delete,ConfigMap,false
0.282603882,Regular,6,Delete,Deployment,false
0.302299319,Regular,8,Create,Deployment,false
0.32233518,Regular,10,Create,ConfigMap,false
0.342347787,Regular,11,Update,Deployment,false
0.36317863,Regular,5,Delete,ConfigMap,false
0.382750344,Regular,6,Delete,Deployment,false
0.403775794,Regular,9,Create,Deployment,false
0.422974624,Regular,11,Create,ConfigMap,false
0.442427363,Regular,17,Update,Deployment,false
0.463717794,Regular,8,Delete,ConfigMap,false
0.483100921,Regular,8,Delete,Deployment,false
0.502512843,Regular,14,Create,Deployment,false
0.523931958,Regular,9,Create,ConfigMap,false
0.543088387,Regular,10,Update,Deployment,false
0.562782772,Regular,5,Delete,ConfigMap,false
0.582285846,Regular,8,Delete,Deployment,false
0.602313902,Regular,10,Create,Deployment,false
0.623088379,Regular,6,Create,ConfigMap,false
0.642362299,Regular,8,Update,Deployment,false
0.663761957,Regular,5,Delete,ConfigMap,false
0.683070874,Regular,5,Delete,Deployment,false
0.702335688,Regular,6,Create,Deployment,false
0.722936717,Regular,5,Create,ConfigMap,false
0.742462364,Regular,7,Update,Deployment,false
0.763217994,Regular,3,Delete,ConfigMap,false
0.782346,Regular,5,Delete,Deployment,false
0.802382081,Regular,7,Create,Deployment,false
0.82242779,Regular,6,Create,ConfigMap,false
0.843182379,Regular,6,Update,Deployment,false
0.862767168,Regular,5,Delete,ConfigMap,false
0.882316479,Regular,5,Delete,Deployment,false
0.902811277,Regular,6,Create,Deployment,false
0.922411033,Regular,6,Create,ConfigMap,false
0.942186192,Regular,6,Update,Deployment,false
0.962201584,Regular,6,Delete,ConfigMap,false
0.983121235,Regular,5,Delete,Deployment,false
0.002431595,Regular,36,Create,Deployment,false
0.038823192,Regular,8,Create,ConfigMap,false
0.047023217,Regular,11,Update,Deployment,false
0.062418148,Regular,10,Delete,ConfigMap,false
0.083706115,Regular,9,Delete,Deployment,false
0.103175435,Regular,9,Create,Deployment,false
0.122413969,Regular,8,Create,ConfigMap,false
0.143148721,Regular,9,Update,Deployment,false
0.163330527,Regular,5,Delete,ConfigMap,false
0.183368302,Regular,5,Delete,Deployment,false
0.203245001,Regular,6,Create,Deployment,false
0.223202244,Regular,5,Create,ConfigMap,false
0.242355156,Regular,9,Update,Deployment,false
0.26321825,Regular,3,Delete,ConfigMap,false
0.282760768,Regular,3,Delete,Deployment,false
0.302374892,Regular,6,Create,Deployment,false
0.322269526,Regular,8,Create,ConfigMap,false
0.342427668,Regular,11,Update,Deployment,false
0.363203357,Regular,5,Delete,ConfigMap,false
0.382816439,Regular,6,Delete,Deployment,false
0.40349836,Regular,9,Create,Deployment,false
0.423177567,Regular,10,Create,ConfigMap,false
0.442478279,Regular,16,Update,Deployment,false
0.463910709,Regular,7,Delete,ConfigMap,false
0.483125798,Regular,8,Delete,Deployment,false
0.502609075,Regular,14,Create,Deployment,false
0.523039691,Regular,10,Create,ConfigMap,false
0.543334101,Regular,10,Update,Deployment,false
0.563021904,Regular,7,Delete,ConfigMap,false
0.582214992,Regular,8,Delete,Deployment,false
0.602421325,Regular,10,Create,Deployment,false
0.623050808,Regular,6,Create,ConfigMap,false
0.642376105,Regular,9,Update,Deployment,false
0.663807864,Regular,5,Delete,ConfigMap,false
0.682932663,Regular,6,Delete,Deployment,false
0.702354674,Regular,7,Create,Deployment,false
0.722983125,Regular,5,Create,ConfigMap,false
0.7425397,Regular,6,Update,Deployment,false
0.763212955,Regular,4,Delete,ConfigMap,false
0.782321243,Regular,5,Delete,Deployment,false
0.802523498,Regular,7,Create,Deployment,false
0.822417681,Regular,5,Create,ConfigMap,false
0.84312978,Regular,6,Update,Deployment,false
0.862656639,Regular,5,Delete,ConfigMap,false
0.882344562,Regular,5,Delete,Deployment,false
0.902720155,Regular,6,Create,Deployment,false
0.922350209,Regular,5,Create,ConfigMap,false
0.942178357,Regular,7,Update,Deployment,false
0.962196724,Regular,6,Delete,ConfigMap,false
0.983013832,Regular,5,Delete,Deployment,false
0.002342556,Regular,39,Create,Deployment,false
0.041607273,Regular,9,Create,ConfigMap,false
0.050970967,Regular,16,Update,Deployment,false
0.067205915,Regular,7,Delete,ConfigMap,false
0.083448668,Regular,8,Delete,Deployment,false
0.103413465,Regular,9,Create,Deployment,false
0.122388411,Regular,8,Create,ConfigMap,false
0.143653404,Regular,8,Update,Deployment,false
0.163272387,Regular,5,Delete,ConfigMap,false
0.183257472,Regular,4,Delete,Deployment,false
0.203064029,Regular,6,Create,Deployment,false
0.22326893,Regular,5,Create,ConfigMap,false
0.242407275,Regular,9,Update,Deployment,false
0.263183324,Regular,5,Delete,ConfigMap,false
0.282693982,Regular,6,Delete,Deployment,false
0.302217505,Regular,10,Create,Deployment,false
0.322551128,Regular,8,Create,ConfigMap,false
0.342332188,Regular,10,Update,Deployment,false
0.36343267,Regular,4,Delete,ConfigMap,false
0.382736387,Regular,6,Delete,Deployment,false
0.403774051,Regular,9,Create,Deployment,false
0.423166687,Regular,10,Create,ConfigMap,false
0.442363792,Regular,14,Update,Deployment,false
0.463527965,Regular,5,Delete,ConfigMap,false
0.483046148,Regular,7,Delete,Deployment,false
0.502461296,Regular,13,Create,Deployment,false
0.523721149,Regular,9,Create,ConfigMap,false
0.543310947,Regular,10,Update,Deployment,false
0.562984834,Regular,7,Delete,ConfigMap,false
0.582329779,Regular,4,Delete,Deployment,false
0.602331405,Regular,10,Create,Deployment,false
0.623155165,Regular,6,Create,ConfigMap,false
0.642305522,Regular,7,Update,Deployment,false
0.663680353,Regular,5,Delete,ConfigMap,false
0.683127081,Regular,5,Delete,Deployment,false
0.702293198,Regular,6,Create,Deployment,false
0.723013302,Regular,4,Create,ConfigMap,false
0.742526645,Regular,6,Update,Deployment,false
0.763084572,Regular,5,Delete,ConfigMap,false
0.782373231,Regular,5,Delete,Deployment,false
0.802522596,Regular,8,Create,Deployment,false
0.82246471,Regular,5,Create,ConfigMap,false
0.843171909,Regular,7,Update,Deployment,false
0.862780102,Regular,5,Delete,ConfigMap,false
0.88232793,Regular,5,Delete,Deployment,false
0.902822168,Regular,5,Create,Deployment,false
0.922349497,Regular,6,Create,ConfigMap,false
0.942252156,Regular,5,Update,Deployment,false
0.96221036,Regular,3,Delete,ConfigMap,false
0.98304459,Regular,5,Delete,Deployment,false
0.002247447,Regular,38,Create,Deployment,false
0.041127937,Regular,9,Create,ConfigMap,false
0.050582072,Regular,15,Update,Deployment,false
0.06644659,Regular,8,Delete,ConfigMap,false
0.083058751,Regular,8,Delete,Deployment,false
0.103120852,Regular,9,Create,Deployment,false
0.122476938,Regular,8,Create,ConfigMap,false
0.143290549,Regular,9,Update,Deployment,false
0.16307287,Regular,5,Delete,ConfigMap,false
0.183314209,Regular,6,Delete,Deployment,false
0.203067406,Regular,6,Create,Deployment,false
0.223222402,Regular,5,Create,ConfigMap,false
0.24238899,Regular,9,Update,Deployment,false
0.263304824,Regular,5,Delete,ConfigMap,false
0.282579706,Regular,6,Delete,Deployment,false
0.302232163,Regular,7,Create,Deployment,false
0.322352804,Regular,10,Create,ConfigMap,false
0.342260943,Regular,11,Update,Deployment,false
0.363285141,Regular,5,Delete,ConfigMap,false
0.382649503,Regular,6,Delete,Deployment,false
0.403631953,Regular,9,Create,Deployment,false
0.423038534,Regular,10,Create,ConfigMap,false
0.442349936,Regular,17,Update,Deployment,false
0.463251463,Regular,7,Delete,ConfigMap,false
0.482981766,Regular,7,Delete,Deployment,false
0.502486844,Regular,11,Create,Deployment,false
0.523167663,Regular,7,Create,ConfigMap,false
0.543169821,Regular,9,Update,Deployment,false
0.562918629,Regular,7,Delete,ConfigMap,false
0.582449616,Regular,8,Delete,Deployment,false
0.60235017,Regular,11,Create,Deployment,false
0.623003448,Regular,6,Create,ConfigMap,false
0.642302346,Regular,9,Update,Deployment,false
0.663733894,Regular,5,Delete,ConfigMap,false
0.683046037,Regular,5,Delete,Deployment,false
0.702306934,Regular,6,Create,Deployment,false
0.722968667,Regular,4,Create,ConfigMap,false
0.742502299,Regular,6,Update,Deployment,false
0.763084502,Regular,4,Delete,ConfigMap,false
0.782345278,Regular,5,Delete,Deployment,false
0.802272073,Regular,8,Create,Deployment,false
0.822442027,Regular,5,Create,ConfigMap,false
0.843063334,Regular,10,Update,Deployment,false
0.862766116,Regular,5,Delete,ConfigMap,false
0.882299216,Regular,4,Delete,Deployment,false
0.902860179,Regular,5,Create,Deployment,false
0.922345209,Regular,6,Create,ConfigMap,false
0.942219505,Regular,7,Update,Deployment,false
0.962182047,Regular,6,Delete,ConfigMap,false
0.983021937,Regular,5,Delete,Deployment,false
1.003184858,Regular,7,Create,Deployment,false
0.0023284,Regular,38,Create,Deployment,false
0.040973575,Regular,10,Create,ConfigMap,false
0.051666852,Regular,15,Update,Deployment,false
0.066698046,Regular,8,Delete,ConfigMap,false
0.083764625,Regular,7,Delete,Deployment,false
0.103395341,Regular,9,Create,Deployment,false
0.122454436,Regular,8,Create,ConfigMap,false
0.143058941,Regular,9,Update,Deployment,false
0.163364892,Regular,5,Delete,ConfigMap,false
0.183383069,Regular,6,Delete,Deployment,false
0.20318055,Regular,5,Create,Deployment,false
0.22330632,Regular,4,Create,ConfigMap,false
0.242354565,Regular,9,Update,Deployment,false
0.263201118,Regular,4,Delete,ConfigMap,false
0.282660279,Regular,5,Delete,Deployment,false
0.302304189,Regular,10,Create,Deployment,false
0.322240111,Regular,8,Create,ConfigMap,false
0.342430223,Regular,11,Update,Deployment,false
0.363196834,Regular,7,Delete,ConfigMap,false
0.382677857,Regular,6,Delete,Deployment,false
0.403878358,Regular,8,Create,Deployment,false
0.423199378,Regular,10,Create,ConfigMap,false
0.442393038,Regular,14,Update,Deployment,false
0.463878929,Regular,9,Delete,ConfigMap,false
0.483239533,Regular,7,Delete,Deployment,false
0.502287597,Regular,12,Create,Deployment,false
0.523384453,Regular,10,Create,ConfigMap,false
0.543119475,Regular,10,Update,Deployment,false
0.562851592,Regular,7,Delete,ConfigMap,false
0.582326042,Regular,8,Delete,Deployment,false
0.602348367,Regular,10,Create,Deployment,false
0.623167027,Regular,5,Create,ConfigMap,false
0.642306814,Regular,9,Update,Deployment,false
0.663679321,Regular,5,Delete,ConfigMap,false
0.683146557,Regular,5,Delete,Deployment,false
0.702356898,Regular,7,Create,Deployment,false
0.723048548,Regular,4,Create,ConfigMap,false
0.742524331,Regular,6,Update,Deployment,false
0.763009651,Regular,5,Delete,ConfigMap,false
0.782350258,Regular,5,Delete,Deployment,false
0.802364878,Regular,8,Create,Deployment,false
0.82222131,Regular,6,Create,ConfigMap,false
0.843405751,Regular,8,Update,Deployment,false
0.862639326,Regular,4,Delete,ConfigMap,false
0.88239146,Regular,5,Delete,Deployment,false
0.902768075,Regular,5,Create,Deployment,false
0.922438055,Regular,5,Create,ConfigMap,false
0.942202102,Regular,6,Update,Deployment,false
0.962246699,Regular,4,Delete,ConfigMap,false
0.98321419,Regular,4,Delete,Deployment,false
1.003306758,Regular,6,Create,Deployment,false
1.003295226,Regular,6,Create,Deployment,false
1.023153141,Regular,4,Create,ConfigMap,false
1.04260063,Regular,6,Update,Deployment,false
1.062345651,Regular,5,Delete,ConfigMap,false
1.082234845,Regular,4,Delete,Deployment,false
1.103194361,Regular,5,Create,Deployment,false
1.122424689,Regular,7,Create,ConfigMap,false
1.142333089,Regular,8,Update,Deployment,false
1.162430236,Regular,5,Delete,ConfigMap,false
1.183066872,Regular,6,Delete,Deployment,false
1.203333479,Regular,6,Create,Deployment,false
1.222307934,Regular,7,Create,ConfigMap,false
1.243127946,Regular,8,Update,Deployment,false
1.263138319,Regular,6,Delete,ConfigMap,false
1.28348652,Regular,5,Delete,Deployment,false
1.3040680519999999,Regular,6,Create,Deployment,false
1.322315794,Regular,6,Create,ConfigMap,false
1.3423928219999999,Regular,7,Update,Deployment,false
1.362970346,Regular,5,Delete,ConfigMap,false
1.383052725,Regular,4,Delete,Deployment,false
1.402374757,Regular,8,Create,Deployment,false
1.4231882169999999,Regular,6,Create,ConfigMap,false
1.443203108,Regular,8,Update,Deployment,false
1.463293712,Regular,6,Delete,ConfigMap,false
1.482372625,Regular,14,Delete,Deployment,false
1.503434504,Regular,6,Create,Deployment,false
1.523110726,Regular,5,Create,ConfigMap,false
1.543435352,Regular,6,Update,Deployment,false
1.563107135,Regular,6,Delete,ConfigMap,false
1.582228778,Regular,5,Delete,Deployment,false
1.602335603,Regular,7,Create,Deployment,false
1.6225070000000001,Regular,8,Create,ConfigMap,false
1.643192408,Regular,9,Update,Deployment,false
1.66224982,Regular,6,Delete,ConfigMap,false
1.6823610329999998,Regular,9,Delete,Deployment,false
1.703462287,Regular,9,Create,Deployment,false
1.722844773,Regular,6,Create,ConfigMap,false
1.742245343,Regular,8,Update,Deployment,false
1.762303747,Regular,4,Delete,ConfigMap,false
1.782815366,Regular,5,Delete,Deployment,false
1.802965553,Regular,6,Create,Deployment,false
1.822246558,Regular,6,Create,ConfigMap,false
1.843195294,Regular,7,Update,Deployment,false
1.862998464,Regular,5,Delete,ConfigMap,false
1.88244408,Regular,5,Delete,Deployment,false
1.902337031,Regular,8,Create,Deployment,false
1.9222224369999998,Regular,6,Create,ConfigMap,false
1.943250242,Regular,10,Update,Deployment,false
1.962944147,Regular,5,Delete,ConfigMap,false
1.982884978,Regular,5,Delete,Deployment,false
1.003440571,Regular,7,Create,Deployment,false
1.023047572,Regular,5,Create,ConfigMap,false
1.042802491,Regular,6,Update,Deployment,false
1.062309653,Regular,5,Delete,ConfigMap,false
1.082214787,Regular,6,Delete,Deployment,false
1.103268581,Regular,6,Create,Deployment,false
1.122427224,Regular,7,Create,ConfigMap,false
1.142586588,Regular,7,Update,Deployment,false
1.162421149,Regular,5,Delete,ConfigMap,false
1.183243475,Regular,6,Delete,Deployment,false
1.203277623,Regular,5,Create,Deployment,false
1.222315979,Regular,7,Create,ConfigMap,false
1.243287297,Regular,9,Update,Deployment,false
1.262885301,Regular,7,Delete,ConfigMap,false
1.2832943270000001,Regular,6,Delete,Deployment,false
1.3038236,Regular,6,Create,Deployment,false
1.3223842829999999,Regular,6,Create,ConfigMap,false
1.3423602909999999,Regular,6,Update,Deployment,false
1.3630677310000001,Regular,5,Delete,ConfigMap,false
1.383226874,Regular,4,Delete,Deployment,false
1.402391439,Regular,8,Create,Deployment,false
1.423096414,Regular,5,Create,ConfigMap,false
1.443286165,Regular,11,Update,Deployment,false
1.463289534,Regular,10,Delete,ConfigMap,false
1.4823696690000001,Regular,13,Delete,Deployment,false
1.5033326219999998,Regular,6,Create,Deployment,false
1.5229148559999999,Regular,5,Create,ConfigMap,false
1.543602227,Regular,7,Update,Deployment,false
1.563216291,Regular,5,Delete,ConfigMap,false
1.582200906,Regular,5,Delete,Deployment,false
1.6023356930000001,Regular,8,Create,Deployment,false
1.6222859120000002,Regular,9,Create,ConfigMap,false
1.643331651,Regular,6,Update,Deployment,false
1.662315714,Regular,4,Delete,ConfigMap,false
1.682429803,Regular,9,Delete,Deployment,false
1.7031941499999999,Regular,10,Create,Deployment,false
1.723127297,Regular,6,Create,ConfigMap,false
1.742198385,Regular,9,Update,Deployment,false
1.762329325,Regular,4,Delete,ConfigMap,false
1.782987442,Regular,5,Delete,Deployment,false
1.8028328729999998,Regular,6,Create,Deployment,false
1.822267878,Regular,6,Create,ConfigMap,false
1.843198209,Regular,7,Update,Deployment,false
1.8629983239999999,Regular,5,Delete,ConfigMap,false
1.882425906,Regular,5,Delete,Deployment,false
1.902329526,Regular,8,Create,Deployment,false
1.922257123,Regular,7,Create,ConfigMap,false
1.9438756339999999,Regular,9,Update,Deployment,false
1.962883202,Regular,5,Delete,ConfigMap,false
1.982820336,Regular,6,Delete,Deployment,false
1.023244874,Regular,5,Create,ConfigMap,false
1.042654522,Regular,5,Update,Deployment,false
1.062329651,Regular,5,Delete,ConfigMap,false
1.082182987,Regular,7,Delete,Deployment,false
1.10288147,Regular,6,Create,Deployment,false
1.122355218,Regular,6,Create,ConfigMap,false
1.142356624,Regular,8,Update,Deployment,false
1.16246433,Regular,5,Delete,ConfigMap,false
1.183175727,Regular,6,Delete,Deployment,false
1.203394394,Regular,6,Create,Deployment,false
1.222373267,Regular,7,Create,ConfigMap,false
1.243239477,Regular,9,Update,Deployment,false
1.263392028,Regular,6,Delete,ConfigMap,false
1.2833490300000001,Regular,5,Delete,Deployment,false
1.3036148650000001,Regular,6,Create,Deployment,false
1.322323698,Regular,4,Create,ConfigMap,false
1.342392632,Regular,7,Update,Deployment,false
1.363013498,Regular,5,Delete,ConfigMap,false
1.383208549,Regular,4,Delete,Deployment,false
1.402462613,Regular,8,Create,Deployment,false
1.423160775,Regular,6,Create,ConfigMap,false
1.443141081,Regular,9,Update,Deployment,false
1.463181751,Regular,9,Delete,ConfigMap,false
1.4823164389999999,Regular,14,Delete,Deployment,false
1.50329997,Regular,6,Create,Deployment,false
1.52293305,Regular,5,Create,ConfigMap,false
1.543545921,Regular,7,Update,Deployment,false
1.563353591,Regular,6,Delete,ConfigMap,false
1.582228788,Regular,6,Delete,Deployment,false
1.602391098,Regular,7,Create,Deployment,false
1.622279129,Regular,9,Create,ConfigMap,false
1.643281246,Regular,8,Update,Deployment,false
1.662545008,Regular,6,Delete,ConfigMap,false
1.6824218279999998,Regular,9,Delete,Deployment,false
1.703223055,Regular,9,Create,Deployment,false
1.7231536969999999,Regular,6,Create,ConfigMap,false
1.7422418670000002,Regular,9,Update,Deployment,false
1.762397865,Regular,4,Delete,ConfigMap,false
1.782896349,Regular,5,Delete,Deployment,false
1.8031034240000001,Regular,6,Create,Deployment,false
1.8222485210000001,Regular,6,Create,ConfigMap,false
1.843159135,Regular,6,Update,Deployment,false
1.862896893,Regular,4,Delete,ConfigMap,false
1.8824403730000001,Regular,4,Delete,Deployment,false
1.9023569280000001,Regular,8,Create,Deployment,false
1.9222090619999999,Regular,6,Create,ConfigMap,false
1.9433664720000001,Regular,10,Update,Deployment,false
1.9628612699999999,Regular,5,Delete,ConfigMap,false
1.982891731,Regular,5,Delete,Deployment,false
1.003179848,Regular,7,Create,Deployment,false
1.023064664,Regular,5,Create,ConfigMap,false
1.042626479,Regular,6,Update,Deployment,false
1.06228165,Regular,5,Delete,ConfigMap,false
1.082201672,Regular,4,Delete,Deployment,false
1.103169093,Regular,6,Create,Deployment,false
1.122292439,Regular,7,Create,ConfigMap,false
1.142342146,Regular,7,Update,Deployment,false
1.162420437,Regular,5,Delete,ConfigMap,false
1.182992231,Regular,6,Delete,Deployment,false
1.203163217,Regular,5,Create,Deployment,false
1.22229536,Regular,7,Create,ConfigMap,false
1.243189012,Regular,8,Update,Deployment,false
1.262975581,Regular,6,Delete,ConfigMap,false
1.2832434209999999,Regular,6,Delete,Deployment,false
1.303798192,Regular,6,Create,Deployment,false
1.322344778,Regular,6,Create,ConfigMap,false
1.342398303,Regular,8,Update,Deployment,false
1.362854988,Regular,4,Delete,ConfigMap,false
1.382946314,Regular,4,Delete,Deployment,false
1.402459637,Regular,6,Create,Deployment,false
1.423196573,Regular,6,Create,ConfigMap,false
1.443102358,Regular,9,Update,Deployment,false
1.46328707,Regular,10,Delete,ConfigMap,false
1.482365552,Regular,14,Delete,Deployment,false
1.503478187,Regular,6,Create,Deployment,false
1.523331283,Regular,5,Create,ConfigMap,false
1.543415194,Regular,7,Update,Deployment,false
1.563202014,Regular,6,Delete,ConfigMap,false
1.582214201,Regular,6,Delete,Deployment,false
1.602356312,Regular,7,Create,Deployment,false
1.622336839,Regular,8,Create,ConfigMap,false
1.643263593,Regular,10,Update,Deployment,false
1.66227641,Regular,6,Delete,ConfigMap,false
1.68235963,Regular,7,Delete,Deployment,false
1.703444473,Regular,9,Create,Deployment,false
1.723161352,Regular,5,Create,ConfigMap,false
1.742220186,Regular,9,Update,Deployment,false
1.762354964,Regular,5,Delete,ConfigMap,false
1.782947727,Regular,4,Delete,Deployment,false
1.802938593,Regular,6,Create,Deployment,false
1.822260955,Regular,5,Create,ConfigMap,false
1.843137034,Regular,8,Update,Deployment,false
1.8630422169999998,Regular,4,Delete,ConfigMap,false
1.8823621149999998,Regular,3,Delete,Deployment,false
1.9023448950000001,Regular,8,Create,Deployment,false
1.922220534,Regular,7,Create,ConfigMap,false
1.9430160600000002,Regular,7,Update,Deployment,false
1.9629254820000002,Regular,5,Delete,ConfigMap,false
1.982863868,Regular,6,Delete,Deployment,false
1.003208332,Regular,7,Create,Deployment,false
1.023301902,Regular,4,Create,ConfigMap,false
1.042832778,Regular,7,Update,Deployment,false
1.062297149,Regular,5,Delete,ConfigMap,false
1.082203656,Regular,7,Delete,Deployment,false
1.103450194,Regular,6,Create,Deployment,false
1.122492287,Regular,7,Create,ConfigMap,false
1.142356624,Regular,7,Update,Deployment,false
1.162432921,Regular,5,Delete,ConfigMap,false
1.183173002,Regular,7,Delete,Deployment,false
1.203345501,Regular,6,Create,Deployment,false
1.2222752319999999,Regular,7,Create,ConfigMap,false
1.243207897,Regular,9,Update,Deployment,false
1.262891733,Regular,7,Delete,ConfigMap,false
1.282913587,Regular,6,Delete,Deployment,false
1.3038284789999999,Regular,6,Create,Deployment,false
1.322366038,Regular,6,Create,ConfigMap,false
1.342376121,Regular,7,Update,Deployment,false
1.363032614,Regular,5,Delete,ConfigMap,false
1.383069316,Regular,4,Delete,Deployment,false
1.402369687,Regular,8,Create,Deployment,false
1.423169902,Regular,6,Create,ConfigMap,false
1.443214941,Regular,7,Update,Deployment,false
1.463304803,Regular,9,Delete,ConfigMap,false
1.482303695,Regular,14,Delete,Deployment,false
1.50356457,Regular,6,Create,Deployment,false
1.523353705,Regular,5,Create,ConfigMap,false
1.54348694,Regular,7,Update,Deployment,false
1.563278549,Regular,6,Delete,ConfigMap,false
1.582191388,Regular,5,Delete,Deployment,false
1.602416496,Regular,8,Create,Deployment,false
1.622288637,Regular,9,Create,ConfigMap,false
1.643203309,Regular,10,Update,Deployment,false
1.662323008,Regular,6,Delete,ConfigMap,false
1.6823755409999999,Regular,9,Delete,Deployment,false
1.703324577,Regular,9,Create,Deployment,false
1.7230685060000002,Regular,6,Create,ConfigMap,false
1.742240454,Regular,9,Update,Deployment,false
1.762360745,Regular,4,Delete,ConfigMap,false
1.782888254,Regular,5,Delete,Deployment,false
1.802851849,Regular,6,Create,Deployment,false
1.822271194,Regular,6,Create,ConfigMap,false
1.843100535,Regular,8,Update,Deployment,false
1.8629227510000002,Regular,5,Delete,ConfigMap,false
1.8823783459999999,Regular,5,Delete,Deployment,false
1.902392636,Regular,8,Create,Deployment,false
1.922222678,Regular,6,Create,ConfigMap,false
1.943240003,Regular,10,Update,Deployment,false
1.9627465339999999,Regular,4,Delete,ConfigMap,false
1.982878526,Regular,6,Delete,Deployment,false
1.003106039,Regular,7,Create,Deployment,false
1.023160715,Regular,5,Create,ConfigMap,false
1.042677445,Regular,6,Update,Deployment,false
1.062320183,Regular,5,Delete,ConfigMap,false
1.082181864,Regular,4,Delete,Deployment,false
1.102903812,Regular,6,Create,Deployment,false
1.122311185,Regular,7,Create,ConfigMap,false
1.1423369270000001,Regular,8,Update,Deployment,false
1.162652606,Regular,4,Delete,ConfigMap,false
1.183252683,Regular,4,Delete,Deployment,false
1.203390006,Regular,6,Create,Deployment,false
1.222335576,Regular,7,Create,ConfigMap,false
1.243220742,Regular,8,Update,Deployment,false
1.263014154,Regular,7,Delete,ConfigMap,false
1.283214215,Regular,5,Delete,Deployment,false
1.303403826,Regular,7,Create,Deployment,false
1.322399472,Regular,6,Create,ConfigMap,false
1.342361764,Regular,7,Update,Deployment,false
1.36308333,Regular,5,Delete,ConfigMap,false
1.383174655,Regular,4,Delete,Deployment,false
1.402375518,Regular,8,Create,Deployment,false
1.42314228,Regular,6,Create,ConfigMap,false
1.443113329,Regular,9,Update,Deployment,false
1.463273544,Regular,6,Delete,ConfigMap,false
1.482388525,Regular,14,Delete,Deployment,false
1.5030967560000001,Regular,7,Create,Deployment,false
1.523147866,Regular,5,Create,ConfigMap,false
1.543333299,Regular,7,Update,Deployment,false
1.563297615,Regular,6,Delete,ConfigMap,false
1.582201697,Regular,4,Delete,Deployment,false
1.6023642470000001,Regular,8,Create,Deployment,false
1.6222744310000001,Regular,9,Create,ConfigMap,false
1.6431668,Regular,9,Update,Deployment,false
1.66240872,Regular,6,Delete,ConfigMap,false
1.682615213,Regular,8,Delete,Deployment,false
1.703353782,Regular,8,Create,Deployment,false
1.722969158,Regular,6,Create,ConfigMap,false
1.742294105,Regular,9,Update,Deployment,false
1.762354904,Regular,4,Delete,ConfigMap,false
1.783001138,Regular,5,Delete,Deployment,false
1.802867699,Regular,6,Create,Deployment,false
1.822203927,Regular,6,Create,ConfigMap,false
1.843151651,Regular,7,Update,Deployment,false
1.862929705,Regular,5,Delete,ConfigMap,false
1.8824202049999998,Regular,5,Delete,Deployment,false
1.902353191,Regular,8,Create,Deployment,false
1.9222698870000001,Regular,6,Create,ConfigMap,false
1.943040326,Regular,7,Update,Deployment,false
1.962826725,Regular,5,Delete,ConfigMap,false
1.982798384,Regular,5,Delete,Deployment,false
1.003447825,Regular,7,Create,Deployment,false
1.023139415,Regular,5,Create,ConfigMap,false
1.042583517,Regular,6,Update,Deployment,false
1.062307048,Regular,5,Delete,ConfigMap,false
1.082213845,Regular,4,Delete,Deployment,false
1.103085976,Regular,6,Create,Deployment,false
1.122450077,Regular,7,Create,ConfigMap,false
1.142561711,Regular,7,Update,Deployment,false
1.162468107,Regular,5,Delete,ConfigMap,false
1.183315862,Regular,3,Delete,Deployment,false
1.203362453,Regular,6,Create,Deployment,false
1.222201473,Regular,7,Create,ConfigMap,false
1.243171549,Regular,9,Update,Deployment,false
1.262909456,Regular,7,Delete,ConfigMap,false
1.283348319,Regular,6,Delete,Deployment,false
1.303887611,Regular,6,Create,Deployment,false
1.322333146,Regular,6,Create,ConfigMap,false
1.342393894,Regular,7,Update,Deployment,false
1.362928688,Regular,3,Delete,ConfigMap,false
1.383119832,Regular,3,Delete,Deployment,false
1.4024161849999999,Regular,8,Create,Deployment,false
1.42307342,Regular,6,Create,ConfigMap,false
1.443226112,Regular,9,Update,Deployment,false
1.4632062270000001,Regular,10,Delete,ConfigMap,false
1.482214847,Regular,14,Delete,Deployment,false
1.503590289,Regular,6,Create,Deployment,false
1.5232226070000001,Regular,4,Create,ConfigMap,false
1.543544148,Regular,7,Update,Deployment,false
1.562920202,Regular,3,Delete,ConfigMap,false
1.582220282,Regular,5,Delete,Deployment,false
1.6022958379999999,Regular,8,Create,Deployment,false
1.6223409960000001,Regular,8,Create,ConfigMap,false
1.6433678,Regular,9,Update,Deployment,false
1.6622545290000001,Regular,6,Delete,ConfigMap,false
1.682409164,Regular,8,Delete,Deployment,false
1.703305591,Regular,10,Create,Deployment,false
1.723063276,Regular,5,Create,ConfigMap,false
1.742214625,Regular,9,Update,Deployment,false
1.762370703,Regular,5,Delete,ConfigMap,false
1.782787303,Regular,5,Delete,Deployment,false
1.802954092,Regular,6,Create,Deployment,false
1.822314947,Regular,5,Create,ConfigMap,false
1.8431223060000002,Regular,7,Update,Deployment,false
1.863110316,Regular,5,Delete,ConfigMap,false
1.8823824139999998,Regular,5,Delete,Deployment,false
1.902356818,Regular,8,Create,Deployment,false
1.922201237,Regular,7,Create,ConfigMap,false
1.943196891,Regular,10,Update,Deployment,false
1.962962512,Regular,5,Delete,ConfigMap,false
1.982906389,Regular,5,Delete,Deployment,false
2.002642553,Regular,8,Create,Deployment,false
1.023085704,Regular,4,Create,ConfigMap,false
1.042569962,Regular,6,Update,Deployment,false
1.062298422,Regular,5,Delete,ConfigMap,false
1.082177015,Regular,3,Delete,Deployment,false
1.103185354,Regular,5,Create,Deployment,false
1.122351631,Regular,7,Create,ConfigMap,false
1.142396008,Regular,8,Update,Deployment,false
1.162482625,Regular,5,Delete,ConfigMap,false
1.183184093,Regular,6,Delete,Deployment,false
1.203394023,Regular,6,Create,Deployment,false
1.222266786,Regular,7,Create,ConfigMap,false
1.243312525,Regular,8,Update,Deployment,false
1.26326078,Regular,7,Delete,ConfigMap,false
1.283164832,Regular,6,Delete,Deployment,false
1.303766622,Regular,6,Create,Deployment,false
1.32238799,Regular,6,Create,ConfigMap,false
1.34241798,Regular,7,Update,Deployment,false
1.3630850429999999,Regular,5,Delete,ConfigMap,false
1.38314562,Regular,4,Delete,Deployment,false
1.402383914,Regular,8,Create,Deployment,false
1.423072589,Regular,6,Create,ConfigMap,false
1.44325185,Regular,11,Update,Deployment,false
1.463227668,Regular,6,Delete,ConfigMap,false
1.482277806,Regular,14,Delete,Deployment,false
1.503065667,Regular,7,Create,Deployment,false
1.523162313,Regular,5,Create,ConfigMap,false
1.543302,Regular,8,Update,Deployment,false
1.563123095,Regular,6,Delete,ConfigMap,false
1.582201687,Regular,7,Delete,Deployment,false
1.602338138,Regular,6,Create,Deployment,false
1.62234305,Regular,7,Create,ConfigMap,false
1.643025904,Regular,9,Update,Deployment,false
1.662311767,Regular,6,Delete,ConfigMap,false
1.682434211,Regular,8,Delete,Deployment,false
1.703243654,Regular,9,Create,Deployment,false
1.723006439,Regular,6,Create,ConfigMap,false
1.742243269,Regular,9,Update,Deployment,false
1.762356236,Regular,4,Delete,ConfigMap,false
1.7828000579999999,Regular,5,Delete,Deployment,false
1.803128531,Regular,6,Create,Deployment,false
1.822234044,Regular,6,Create,ConfigMap,false
1.843202888,Regular,5,Update,Deployment,false
1.863051174,Regular,5,Delete,ConfigMap,false
1.8824405130000001,Regular,5,Delete,Deployment,false
1.902325469,Regular,8,Create,Deployment,false
1.9222078,Regular,6,Create,ConfigMap,false
1.943140675,Regular,7,Update,Deployment,false
1.962819161,Regular,5,Delete,ConfigMap,false
1.982814375,Regular,6,Delete,Deployment,false
2.002441904,Regular,8,Create,Deployment,false
1.003534368,Regular,6,Create,Deployment,false
1.023331749,Regular,4,Create,ConfigMap,false
1.042729593,Regular,6,Update,Deployment,false
1.062283273,Regular,5,Delete,ConfigMap,false
1.082234965,Regular,3,Delete,Deployment,false
1.10325723,Regular,6,Create,Deployment,false
1.122323698,Regular,7,Create,ConfigMap,false
1.142527947,Regular,7,Update,Deployment,false
1.162648819,Regular,5,Delete,ConfigMap,false
1.183032497,Regular,5,Delete,Deployment,false
1.203296679,Regular,6,Create,Deployment,false
1.222323623,Regular,7,Create,ConfigMap,false
1.243340789,Regular,8,Update,Deployment,false
1.263189205,Regular,7,Delete,ConfigMap,false
1.283224254,Regular,6,Delete,Deployment,false
1.303189722,Regular,7,Create,Deployment,false
1.322360668,Regular,6,Create,ConfigMap,false
1.342358517,Regular,7,Update,Deployment,false
1.363112605,Regular,5,Delete,ConfigMap,false
1.383075738,Regular,5,Delete,Deployment,false
1.402383073,Regular,8,Create,Deployment,false
1.42309958,Regular,6,Create,ConfigMap,false
1.4432313620000001,Regular,11,Update,Deployment,false
1.463161012,Regular,10,Delete,ConfigMap,false
1.482292554,Regular,4,Delete,Deployment,false
1.5031131370000002,Regular,7,Create,Deployment,false
1.523206487,Regular,5,Create,ConfigMap,false
1.543512808,Regular,6,Update,Deployment,false
1.5632116630000001,Regular,6,Delete,ConfigMap,false
1.582203671,Regular,6,Delete,Deployment,false
1.6023438589999999,Regular,6,Create,Deployment,false
1.62252817,Regular,8,Create,ConfigMap,false
1.643313747,Regular,9,Update,Deployment,false
1.66236109,Regular,6,Delete,ConfigMap,false
1.6823749590000001,Regular,8,Delete,Deployment,false
1.703446878,Regular,9,Create,Deployment,false
1.723083855,Regular,6,Create,ConfigMap,false
1.742247988,Regular,9,Update,Deployment,false
1.762358661,Regular,5,Delete,ConfigMap,false
1.782948889,Regular,5,Delete,Deployment,false
1.8031212079999999,Regular,6,Create,Deployment,false
1.822301902,Regular,6,Create,ConfigMap,false
1.843179885,Regular,6,Update,Deployment,false
1.8628524180000001,Regular,5,Delete,ConfigMap,false
1.882370611,Regular,5,Delete,Deployment,false
1.902383138,Regular,7,Create,Deployment,false
1.9222386980000001,Regular,6,Create,ConfigMap,false
1.9431207179999999,Regular,10,Update,Deployment,false
1.962730002,Regular,5,Delete,ConfigMap,false
1.982841085,Regular,6,Delete,Deployment,false
2.002467693,Regular,8,Create,Deployment,false
1.003332497,Regular,6,Create,Deployment,false
1.023272787,Regular,4,Create,ConfigMap,false
1.042691051,Regular,6,Update,Deployment,false
1.062305235,Regular,3,Delete,ConfigMap,false
1.082216991,Regular,4,Delete,Deployment,false
1.103269172,Regular,6,Create,Deployment,false
1.122402167,Regular,5,Create,ConfigMap,false
1.142523219,Regular,7,Update,Deployment,false
1.162503925,Regular,5,Delete,ConfigMap,false
1.182964628,Regular,6,Delete,Deployment,false
1.20311187,Regular,5,Create,Deployment,false
1.222359491,Regular,7,Create,ConfigMap,false
1.243273952,Regular,8,Update,Deployment,false
1.263335581,Regular,6,Delete,ConfigMap,false
1.283294727,Regular,6,Delete,Deployment,false
1.303798262,Regular,6,Create,Deployment,false
1.322349247,Regular,6,Create,ConfigMap,false
1.342376121,Regular,7,Update,Deployment,false
1.3630600259999999,Regular,5,Delete,ConfigMap,false
1.382893745,Regular,4,Delete,Deployment,false
1.402363836,Regular,7,Create,Deployment,false
1.423122302,Regular,6,Create,ConfigMap,false
1.443418616,Regular,9,Update,Deployment,false
1.463261612,Regular,6,Delete,ConfigMap,false
1.482363558,Regular,13,Delete,Deployment,false
1.5032281140000001,Regular,6,Create,Deployment,false
1.523120053,Regular,5,Create,ConfigMap,false
1.543406578,Regular,8,Update,Deployment,false
1.5632770759999999,Regular,6,Delete,ConfigMap,false
1.582243837,Regular,6,Delete,Deployment,false
1.602338659,Regular,8,Create,Deployment,false
1.622382765,Regular,7,Create,ConfigMap,false
1.643254506,Regular,9,Update,Deployment,false
1.66227626,Regular,6,Delete,ConfigMap,false
1.682355933,Regular,9,Delete,Deployment,false
1.703263571,Regular,8,Create,Deployment,false
1.723010036,Regular,6,Create,ConfigMap,false
1.742210578,Regular,9,Update,Deployment,false
1.762283539,Regular,4,Delete,ConfigMap,false
1.782973856,Regular,5,Delete,Deployment,false
1.803001101,Regular,6,Create,Deployment,false
1.822282145,Regular,6,Create,ConfigMap,false
1.843166509,Regular,7,Update,Deployment,false
1.8626718869999999,Regular,4,Delete,ConfigMap,false
1.8823964,Regular,4,Delete,Deployment,false
1.902323765,Regular,8,Create,Deployment,false
1.9222845849999999,Regular,6,Create,ConfigMap,false
1.943059171,Regular,9,Update,Deployment,false
1.9628398900000001,Regular,5,Delete,ConfigMap,false
1.982884758,Regular,6,Delete,Deployment,false
2.002463344,Regular,9,Create,Deployment,false
2.002478884,Regular,8,Create,Deployment,false
2.022367937,Regular,6,Create,ConfigMap,false
2.042307546,Regular,10,Update,Deployment,false
2.063283954,Regular,4,Delete,ConfigMap,false
2.082362837,Regular,5,Delete,Deployment,false
2.102249004,Regular,59,Create,Deployment,false
2.161773956,Regular,7,Create,ConfigMap,false
2.169408723,Regular,8,Update,Deployment,false
2.177783528,Regular,4,Delete,ConfigMap,false
2.182442963,Regular,4,Delete,Deployment,false
2.203104436,Regular,5,Create,Deployment,false
2.223069393,Regular,4,Create,ConfigMap,false
2.242960921,Regular,7,Update,Deployment,false
2.26294831,Regular,5,Delete,ConfigMap,false
2.282807467,Regular,5,Delete,Deployment,false
2.303153714,Regular,4,Create,Deployment,false
2.323247915,Regular,5,Create,ConfigMap,false
2.342874482,Regular,7,Update,Deployment,false
2.363238413,Regular,6,Delete,ConfigMap,false
2.383435118,Regular,4,Delete,Deployment,false
2.402823345,Regular,6,Create,Deployment,false
2.423319335,Regular,5,Create,ConfigMap,false
2.442492385,Regular,8,Update,Deployment,false
2.463303942,Regular,7,Delete,ConfigMap,false
2.482483104,Regular,4,Delete,Deployment,false
2.502272338,Regular,10,Create,Deployment,false
2.522931557,Regular,6,Create,ConfigMap,false
2.542244532,Regular,6,Update,Deployment,false
2.563456916,Regular,7,Delete,ConfigMap,false
2.583561567,Regular,5,Delete,Deployment,false
2.603418409,Regular,7,Create,Deployment,false
2.6226578849999997,Regular,7,Create,ConfigMap,false
2.643074024,Regular,7,Update,Deployment,false
2.662323158,Regular,4,Delete,ConfigMap,false
2.682266054,Regular,5,Delete,Deployment,false
2.703868164,Regular,5,Create,Deployment,false
2.722405994,Regular,6,Create,ConfigMap,false
2.742929556,Regular,10,Update,Deployment,false
2.762949146,Regular,6,Delete,ConfigMap,false
2.783341401,Regular,7,Delete,Deployment,false
2.802569144,Regular,6,Create,Deployment,false
2.823501589,Regular,6,Create,ConfigMap,false
2.843231943,Regular,8,Update,Deployment,false
2.862676586,Regular,4,Delete,ConfigMap,false
2.883150294,Regular,6,Delete,Deployment,false
2.903179132,Regular,6,Create,Deployment,false
2.92233534,Regular,7,Create,ConfigMap,false
2.942350903,Regular,8,Update,Deployment,false
2.963128365,Regular,5,Delete,ConfigMap,false
2.982291978,Regular,5,Delete,Deployment,false
2.002601956,Regular,8,Create,Deployment,false
2.022343491,Regular,5,Create,ConfigMap,false
2.042273742,Regular,11,Update,Deployment,false
2.06316028,Regular,5,Delete,ConfigMap,false
2.082356154,Regular,5,Delete,Deployment,false
2.10234716,Regular,60,Create,Deployment,false
2.162742907,Regular,6,Create,ConfigMap,false
2.169620613,Regular,8,Update,Deployment,false
2.178592697,Regular,3,Delete,ConfigMap,false
2.182550766,Regular,4,Delete,Deployment,false
2.203153839,Regular,5,Create,Deployment,false
2.223203576,Regular,4,Create,ConfigMap,false
2.242874387,Regular,7,Update,Deployment,false
2.262764623,Regular,3,Delete,ConfigMap,false
2.282746191,Regular,5,Delete,Deployment,false
2.303267639,Regular,6,Create,Deployment,false
2.322951414,Regular,6,Create,ConfigMap,false
2.343161204,Regular,6,Update,Deployment,false
2.363082538,Regular,6,Delete,ConfigMap,false
2.3834546149999998,Regular,6,Delete,Deployment,false
2.402845697,Regular,6,Create,Deployment,false
2.423606087,Regular,4,Create,ConfigMap,false
2.442613394,Regular,7,Update,Deployment,false
2.463448615,Regular,7,Delete,ConfigMap,false
2.482303054,Regular,5,Delete,Deployment,false
2.50224674,Regular,10,Create,Deployment,false
2.522990749,Regular,5,Create,ConfigMap,false
2.542244201,Regular,8,Update,Deployment,false
2.563194941,Regular,7,Delete,ConfigMap,false
2.583629605,Regular,5,Delete,Deployment,false
2.603298072,Regular,8,Create,Deployment,false
2.622980575,Regular,7,Create,ConfigMap,false
2.643269734,Regular,7,Update,Deployment,false
2.662357954,Regular,4,Delete,ConfigMap,false
2.6822897489999997,Regular,5,Delete,Deployment,false
2.7032499960000003,Regular,5,Create,Deployment,false
2.722299293,Regular,7,Create,ConfigMap,false
2.743024456,Regular,9,Update,Deployment,false
2.763051199,Regular,6,Delete,ConfigMap,false
2.783264726,Regular,7,Delete,Deployment,false
2.8027673589999997,Regular,8,Create,Deployment,false
2.823210269,Regular,8,Create,ConfigMap,false
2.843044909,Regular,8,Update,Deployment,false
2.862582218,Regular,4,Delete,ConfigMap,false
2.883337127,Regular,6,Delete,Deployment,false
2.903045309,Regular,6,Create,Deployment,false
2.922317927,Regular,5,Create,ConfigMap,false
2.942457585,Regular,7,Update,Deployment,false
2.963271876,Regular,5,Delete,ConfigMap,false
2.982328326,Regular,5,Delete,Deployment,false
2.0223182729999998,Regular,5,Create,ConfigMap,false
2.042324939,Regular,10,Update,Deployment,false
2.06324476,Regular,5,Delete,ConfigMap,false
2.082353629,Regular,7,Delete,Deployment,false
2.102338063,Regular,64,Create,Deployment,false
2.166827375,Regular,9,Create,ConfigMap,false
2.176108132,Regular,6,Update,Deployment,false
2.182314009,Regular,2,Delete,ConfigMap,false
2.185061161,Regular,2,Delete,Deployment,false
2.203219453,Regular,4,Create,Deployment,false
2.223016463,Regular,4,Create,ConfigMap,false
2.242922518,Regular,7,Update,Deployment,false
2.262869922,Regular,5,Delete,ConfigMap,false
2.282693191,Regular,3,Delete,Deployment,false
2.303109841,Regular,5,Create,Deployment,false
2.322928321,Regular,6,Create,ConfigMap,false
2.34304773,Regular,6,Update,Deployment,false
2.363067079,Regular,6,Delete,ConfigMap,false
2.383360958,Regular,6,Delete,Deployment,false
2.402914176,Regular,6,Create,Deployment,false
2.423435274,Regular,5,Create,ConfigMap,false
2.442479822,Regular,7,Update,Deployment,false
2.463248908,Regular,5,Delete,ConfigMap,false
2.482472624,Regular,5,Delete,Deployment,false
2.502468649,Regular,11,Create,Deployment,false
2.522974438,Regular,5,Create,ConfigMap,false
2.542248459,Regular,7,Update,Deployment,false
2.563461464,Regular,7,Delete,ConfigMap,false
2.58351042,Regular,5,Delete,Deployment,false
2.603640419,Regular,7,Create,Deployment,false
2.6227130990000003,Regular,7,Create,ConfigMap,false
2.64291822,Regular,7,Update,Deployment,false
2.6623295000000002,Regular,4,Delete,ConfigMap,false
2.682246727,Regular,5,Delete,Deployment,false
2.703841063,Regular,5,Create,Deployment,false
2.722269787,Regular,5,Create,ConfigMap,false
2.7430897290000003,Regular,8,Update,Deployment,false
2.762915723,Regular,6,Delete,ConfigMap,false
2.783269134,Regular,7,Delete,Deployment,false
2.80251371,Regular,7,Create,Deployment,false
2.8234596,Regular,8,Create,ConfigMap,false
2.843157772,Regular,8,Update,Deployment,false
2.8626248690000002,Regular,4,Delete,ConfigMap,false
2.88339158,Regular,5,Delete,Deployment,false
2.903177269,Regular,6,Create,Deployment,false
2.922349818,Regular,6,Create,ConfigMap,false
2.942496809,Regular,8,Update,Deployment,false
2.963196093,Regular,5,Delete,ConfigMap,false
2.9823196899999997,Regular,5,Delete,Deployment,false
2.022325707,Regular,5,Create,ConfigMap,false
2.042297447,Regular,10,Update,Deployment,false
2.063226646,Regular,5,Delete,ConfigMap,false
2.082359651,Regular,7,Delete,Deployment,false
2.102264453,Regular,59,Create,Deployment,false
2.161726897,Regular,10,Create,ConfigMap,false
2.172161465,Regular,6,Update,Deployment,false
2.178844363,Regular,3,Delete,ConfigMap,false
2.182644604,Regular,4,Delete,Deployment,false
2.203129594,Regular,5,Create,Deployment,false
2.22303649,Regular,5,Create,ConfigMap,false
2.243107618,Regular,6,Update,Deployment,false
2.262865443,Regular,3,Delete,ConfigMap,false
2.282741302,Regular,5,Delete,Deployment,false
2.30334202,Regular,5,Create,Deployment,false
2.323120193,Regular,7,Create,ConfigMap,false
2.342948462,Regular,7,Update,Deployment,false
2.3631603549999998,Regular,6,Delete,ConfigMap,false
2.383290034,Regular,6,Delete,Deployment,false
2.402737332,Regular,6,Create,Deployment,false
2.423491019,Regular,5,Create,ConfigMap,false
2.442614977,Regular,7,Update,Deployment,false
2.463448776,Regular,6,Delete,ConfigMap,false
2.48246003,Regular,3,Delete,Deployment,false
2.5027521950000002,Regular,9,Create,Deployment,false
2.523063015,Regular,5,Create,ConfigMap,false
2.5422286720000002,Regular,8,Update,Deployment,false
2.563458318,Regular,7,Delete,ConfigMap,false
2.583464052,Regular,5,Delete,Deployment,false
2.603183565,Regular,7,Create,Deployment,false
2.622614122,Regular,5,Create,ConfigMap,false
2.643019321,Regular,8,Update,Deployment,false
2.662307679,Regular,4,Delete,ConfigMap,false
2.682266164,Regular,5,Delete,Deployment,false
2.703844019,Regular,5,Create,Deployment,false
2.722406806,Regular,7,Create,ConfigMap,false
2.743035587,Regular,8,Update,Deployment,false
2.76298308,Regular,6,Delete,ConfigMap,false
2.783321623,Regular,7,Delete,Deployment,false
2.802538096,Regular,8,Create,Deployment,false
2.823301401,Regular,8,Create,ConfigMap,false
2.843008831,Regular,8,Update,Deployment,false
2.862664433,Regular,4,Delete,ConfigMap,false
2.883376091,Regular,5,Delete,Deployment,false
2.903258282,Regular,6,Create,Deployment,false
2.92229797,Regular,6,Create,ConfigMap,false
2.942418501,Regular,8,Update,Deployment,false
2.963225328,Regular,5,Delete,ConfigMap,false
2.982365396,Regular,5,Delete,Deployment,false
2.00248741,Regular,6,Create,Deployment,false
2.022435034,Regular,6,Create,ConfigMap,false
2.042338204,Regular,10,Update,Deployment,false
2.063396737,Regular,5,Delete,ConfigMap,false
2.082453548,Regular,5,Delete,Deployment,false
2.10242125,Regular,64,Create,Deployment,false
2.167301441,Regular,8,Create,ConfigMap,false
2.175471569,Regular,7,Update,Deployment,false
2.182926737,Regular,4,Delete,ConfigMap,false
2.187187128,Regular,2,Delete,Deployment,false
2.202911872,Regular,5,Create,Deployment,false
2.223144555,Regular,4,Create,ConfigMap,false
2.242953357,Regular,7,Update,Deployment,false
2.2628653930000002,Regular,4,Delete,ConfigMap,false
2.282791326,Regular,5,Delete,Deployment,false
2.303291534,Regular,5,Create,Deployment,false
2.323228458,Regular,6,Create,ConfigMap,false
2.342995511,Regular,7,Update,Deployment,false
2.363224607,Regular,6,Delete,ConfigMap,false
2.383497846,Regular,6,Delete,Deployment,false
2.402703278,Regular,6,Create,Deployment,false
2.423399006,Regular,5,Create,ConfigMap,false
2.442560795,Regular,7,Update,Deployment,false
2.463494983,Regular,7,Delete,ConfigMap,false
2.482404275,Regular,5,Delete,Deployment,false
2.502298428,Regular,11,Create,Deployment,false
2.523015836,Regular,5,Create,ConfigMap,false
2.542268507,Regular,8,Update,Deployment,false
2.56326873,Regular,4,Delete,ConfigMap,false
2.583468571,Regular,5,Delete,Deployment,false
2.603385427,Regular,6,Create,Deployment,false
2.622857122,Regular,7,Create,ConfigMap,false
2.6429093630000002,Regular,8,Update,Deployment,false
2.662342375,Regular,3,Delete,ConfigMap,false
2.682238301,Regular,5,Delete,Deployment,false
2.704059977,Regular,5,Create,Deployment,false
2.7223518220000003,Regular,7,Create,ConfigMap,false
2.743083918,Regular,9,Update,Deployment,false
2.762993149,Regular,6,Delete,ConfigMap,false
2.783197699,Regular,7,Delete,Deployment,false
2.802298573,Regular,8,Create,Deployment,false
2.823476813,Regular,8,Create,ConfigMap,false
2.84307153,Regular,8,Update,Deployment,false
2.86288468,Regular,3,Delete,ConfigMap,false
2.883437277,Regular,4,Delete,Deployment,false
2.9032849819999997,Regular,6,Create,Deployment,false
2.922322516,Regular,6,Create,ConfigMap,false
2.942418982,Regular,8,Update,Deployment,false
2.963293587,Regular,5,Delete,ConfigMap,false
2.982359856,Regular,5,Delete,Deployment,false
2.002432837,Regular,10,Create,Deployment,false
2.022375261,Regular,5,Create,ConfigMap,false
2.042355497,Regular,10,Update,Deployment,false
2.063343026,Regular,5,Delete,ConfigMap,false
2.0823535890000002,Regular,4,Delete,Deployment,false
2.102436148,Regular,60,Create,Deployment,false
2.162520807,Regular,6,Create,ConfigMap,false
2.169445652,Regular,8,Update,Deployment,false
2.178320523,Regular,4,Delete,ConfigMap,false
2.182528975,Regular,4,Delete,Deployment,false
2.202966535,Regular,5,Create,Deployment,false
2.223249844,Regular,4,Create,ConfigMap,false
2.243019021,Regular,6,Update,Deployment,false
2.262794509,Regular,3,Delete,ConfigMap,false
2.282737364,Regular,4,Delete,Deployment,false
2.303383779,Regular,5,Create,Deployment,false
2.3233185880000002,Regular,6,Create,ConfigMap,false
2.342944915,Regular,6,Update,Deployment,false
2.363213446,Regular,6,Delete,ConfigMap,false
2.383542942,Regular,4,Delete,Deployment,false
2.402795933,Regular,6,Create,Deployment,false
2.423163841,Regular,5,Create,ConfigMap,false
2.442760642,Regular,6,Update,Deployment,false
2.463388542,Regular,7,Delete,ConfigMap,false
2.482413112,Regular,5,Delete,Deployment,false
2.5025611039999998,Regular,10,Create,Deployment,false
2.522953869,Regular,5,Create,ConfigMap,false
2.542289837,Regular,8,Update,Deployment,false
2.563383196,Regular,7,Delete,ConfigMap,false
2.583659772,Regular,4,Delete,Deployment,false
2.603284035,Regular,8,Create,Deployment,false
2.622531376,Regular,6,Create,ConfigMap,false
2.64345301,Regular,7,Update,Deployment,false
2.662392099,Regular,6,Delete,ConfigMap,false
2.6822505039999998,Regular,5,Delete,Deployment,false
2.703464942,Regular,4,Create,Deployment,false
2.722278664,Regular,7,Create,ConfigMap,false
2.743167797,Regular,9,Update,Deployment,false
2.763081556,Regular,3,Delete,ConfigMap,false
2.783156561,Regular,7,Delete,Deployment,false
2.8027045,Regular,8,Create,Deployment,false
2.823411058,Regular,8,Create,ConfigMap,false
2.843082029,Regular,9,Update,Deployment,false
2.862521423,Regular,4,Delete,ConfigMap,false
2.883474307,Regular,6,Delete,Deployment,false
2.903148073,Regular,6,Create,Deployment,false
2.9223062349999998,Regular,7,Create,ConfigMap,false
2.9423765509999997,Regular,7,Update,Deployment,false
2.963250005,Regular,5,Delete,ConfigMap,false
2.982341912,Regular,3,Delete,Deployment,false
2.002766347,Regular,8,Create,Deployment,false
2.022291022,Regular,6,Create,ConfigMap,false
2.042249747,Regular,10,Update,Deployment,false
2.063343737,Regular,5,Delete,ConfigMap,false
2.082395619,Regular,5,Delete,Deployment,false
2.102338684,Regular,65,Create,Deployment,false
2.167720813,Regular,6,Create,ConfigMap,false
2.174410925,Regular,8,Update,Deployment,false
2.182465706,Regular,3,Delete,ConfigMap,false
2.185900146,Regular,2,Delete,Deployment,false
2.202930457,Regular,5,Create,Deployment,false
2.222998509,Regular,4,Create,ConfigMap,false
2.24284922,Regular,7,Update,Deployment,false
2.262780402,Regular,5,Delete,ConfigMap,false
2.282653095,Regular,5,Delete,Deployment,false
2.30324712,Regular,5,Create,Deployment,false
2.323006559,Regular,6,Create,ConfigMap,false
2.342828666,Regular,6,Update,Deployment,false
2.363312924,Regular,6,Delete,ConfigMap,false
2.383471857,Regular,4,Delete,Deployment,false
2.402717565,Regular,6,Create,Deployment,false
2.423127001,Regular,5,Create,ConfigMap,false
2.442451137,Regular,8,Update,Deployment,false
2.463077223,Regular,7,Delete,ConfigMap,false
2.482474748,Regular,5,Delete,Deployment,false
2.502240959,Regular,10,Create,Deployment,false
2.522737631,Regular,6,Create,ConfigMap,false
2.54229651,Regular,7,Update,Deployment,false
2.563537157,Regular,7,Delete,ConfigMap,false
2.583571475,Regular,5,Delete,Deployment,false
2.603505594,Regular,7,Create,Deployment,false
2.622568466,Regular,7,Create,ConfigMap,false
2.643177209,Regular,8,Update,Deployment,false
2.662342986,Regular,6,Delete,ConfigMap,false
2.682242199,Regular,5,Delete,Deployment,false
2.703916546,Regular,5,Create,Deployment,false
2.722284244,Regular,7,Create,ConfigMap,false
2.743011932,Regular,9,Update,Deployment,false
2.762839669,Regular,6,Delete,ConfigMap,false
2.782900848,Regular,7,Delete,Deployment,false
2.802320044,Regular,6,Create,Deployment,false
2.823280642,Regular,9,Create,ConfigMap,false
2.843180836,Regular,8,Update,Deployment,false
2.862785362,Regular,4,Delete,ConfigMap,false
2.8832578079999998,Regular,5,Delete,Deployment,false
2.903255426,Regular,6,Create,Deployment,false
2.922372761,Regular,6,Create,ConfigMap,false
2.942340553,Regular,9,Update,Deployment,false
2.962992719,Regular,4,Delete,ConfigMap,false
2.9823202909999997,Regular,5,Delete,Deployment,false
2.022280031,Regular,6,Create,ConfigMap,false
2.042355276,Regular,10,Update,Deployment,false
2.063239971,Regular,4,Delete,ConfigMap,false
2.082313734,Regular,5,Delete,Deployment,false
2.102239136,Regular,60,Create,Deployment,false
2.162415839,Regular,6,Create,ConfigMap,false
2.16908993,Regular,9,Update,Deployment,false
2.178145783,Regular,4,Delete,ConfigMap,false
2.182468461,Regular,4,Delete,Deployment,false
2.203022992,Regular,4,Create,Deployment,false
2.222991085,Regular,4,Create,ConfigMap,false
2.24282306,Regular,7,Update,Deployment,false
2.263021157,Regular,3,Delete,ConfigMap,false
2.282663815,Regular,5,Delete,Deployment,false
2.303006195,Regular,6,Create,Deployment,false
2.323024262,Regular,6,Create,ConfigMap,false
2.342862971,Regular,7,Update,Deployment,false
2.3630516999999998,Regular,6,Delete,ConfigMap,false
2.38338874,Regular,6,Delete,Deployment,false
2.402849885,Regular,6,Create,Deployment,false
2.423229365,Regular,4,Create,ConfigMap,false
2.442559041,Regular,7,Update,Deployment,false
2.463181991,Regular,7,Delete,ConfigMap,false
2.4824831339999998,Regular,4,Delete,Deployment,false
2.502351758,Regular,10,Create,Deployment,false
2.522919414,Regular,5,Create,ConfigMap,false
2.54229657,Regular,8,Update,Deployment,false
2.563494226,Regular,7,Delete,ConfigMap,false
2.583390273,Regular,6,Delete,Deployment,false
2.603459847,Regular,6,Create,Deployment,false
2.622630283,Regular,7,Create,ConfigMap,false
2.6429206240000003,Regular,9,Update,Deployment,false
2.6623155240000003,Regular,4,Delete,ConfigMap,false
2.682279609,Regular,5,Delete,Deployment,false
2.7039873290000003,Regular,5,Create,Deployment,false
2.722347223,Regular,6,Create,ConfigMap,false
2.742917023,Regular,9,Update,Deployment,false
2.762909822,Regular,4,Delete,ConfigMap,false
2.783175157,Regular,7,Delete,Deployment,false
2.802392441,Regular,8,Create,Deployment,false
2.8233908899999998,Regular,8,Create,ConfigMap,false
2.843117176,Regular,9,Update,Deployment,false
2.862611133,Regular,4,Delete,ConfigMap,false
2.883457525,Regular,5,Delete,Deployment,false
2.903031653,Regular,5,Create,Deployment,false
2.922331233,Regular,7,Create,ConfigMap,false
2.942562453,Regular,8,Update,Deployment,false
2.963105281,Regular,4,Delete,ConfigMap,false
2.982302447,Regular,5,Delete,Deployment,false
3.00220159,Regular,6,Create,Deployment,false
2.022399797,Regular,5,Create,ConfigMap,false
2.042365055,Regular,9,Update,Deployment,false
2.063212639,Regular,5,Delete,ConfigMap,false
2.082300168,Regular,5,Delete,Deployment,false
2.102231631,Regular,64,Create,Deployment,false
2.166500898,Regular,10,Create,ConfigMap,false
2.176872487,Regular,5,Update,Deployment,false
2.182473741,Regular,4,Delete,ConfigMap,false
2.186588607,Regular,2,Delete,Deployment,false
2.20302737,Regular,4,Create,Deployment,false
2.223090402,Regular,4,Create,ConfigMap,false
2.243025673,Regular,7,Update,Deployment,false
2.2628329320000002,Regular,3,Delete,ConfigMap,false
2.2827675210000002,Regular,5,Delete,Deployment,false
2.303038336,Regular,6,Create,Deployment,false
2.323080148,Regular,5,Create,ConfigMap,false
2.343001432,Regular,7,Update,Deployment,false
2.363012837,Regular,6,Delete,ConfigMap,false
2.383271348,Regular,7,Delete,Deployment,false
2.402937911,Regular,6,Create,Deployment,false
2.423250305,Regular,5,Create,ConfigMap,false
2.442563189,Regular,8,Update,Deployment,false
2.463438156,Regular,7,Delete,ConfigMap,false
2.4823871730000002,Regular,5,Delete,Deployment,false
2.502831645,Regular,9,Create,Deployment,false
2.523064378,Regular,4,Create,ConfigMap,false
2.542244842,Regular,8,Update,Deployment,false
2.56340647,Regular,7,Delete,ConfigMap,false
2.583257392,Regular,5,Delete,Deployment,false
2.603438747,Regular,8,Create,Deployment,false
2.622875847,Regular,6,Create,ConfigMap,false
2.643001377,Regular,9,Update,Deployment,false
2.662315264,Regular,4,Delete,ConfigMap,false
2.682238211,Regular,7,Delete,Deployment,false
2.702994393,Regular,5,Create,Deployment,false
2.722289073,Regular,6,Create,ConfigMap,false
2.742958982,Regular,9,Update,Deployment,false
2.762966669,Regular,5,Delete,ConfigMap,false
2.7833107630000002,Regular,7,Delete,Deployment,false
2.802513519,Regular,8,Create,Deployment,false
2.823434833,Regular,7,Create,ConfigMap,false
2.843268892,Regular,8,Update,Deployment,false
2.8625500170000002,Regular,4,Delete,ConfigMap,false
2.883334392,Regular,6,Delete,Deployment,false
2.902977441,Regular,7,Create,Deployment,false
2.9223816080000002,Regular,6,Create,ConfigMap,false
2.942368336,Regular,8,Update,Deployment,false
2.9632172629999998,Regular,5,Delete,ConfigMap,false
2.9822947429999997,Regular,5,Delete,Deployment,false
3.002208733,Regular,6,Create,Deployment,false
2.002651941,Regular,7,Create,Deployment,false
2.022308895,Regular,5,Create,ConfigMap,false
2.042276798,Regular,10,Update,Deployment,false
2.06352007,Regular,4,Delete,ConfigMap,false
2.082373106,Regular,7,Delete,Deployment,false
2.102355065,Regular,60,Create,Deployment,false
2.162922005,Regular,6,Create,ConfigMap,false
2.169385048,Regular,8,Update,Deployment,false
2.17814439,Regular,4,Delete,ConfigMap,false
2.182464403,Regular,4,Delete,Deployment,false
2.203018654,Regular,5,Create,Deployment,false
2.2231375509999998,Regular,4,Create,ConfigMap,false
2.242935112,Regular,7,Update,Deployment,false
2.262848541,Regular,3,Delete,ConfigMap,false
2.282679255,Regular,5,Delete,Deployment,false
2.303183711,Regular,6,Create,Deployment,false
2.323236553,Regular,6,Create,ConfigMap,false
2.342892316,Regular,7,Update,Deployment,false
2.363155807,Regular,6,Delete,ConfigMap,false
2.383255138,Regular,6,Delete,Deployment,false
2.402965744,Regular,6,Create,Deployment,false
2.423080113,Regular,5,Create,ConfigMap,false
2.442464182,Regular,8,Update,Deployment,false
2.46352516,Regular,7,Delete,ConfigMap,false
2.482397873,Regular,5,Delete,Deployment,false
2.50246913,Regular,11,Create,Deployment,false
2.522971563,Regular,5,Create,ConfigMap,false
2.542260753,Regular,8,Update,Deployment,false
2.563420908,Regular,7,Delete,ConfigMap,false
2.583429377,Regular,5,Delete,Deployment,false
2.603326846,Regular,7,Create,Deployment,false
2.622906976,Regular,7,Create,ConfigMap,false
2.6433564179999998,Regular,7,Update,Deployment,false
2.662365288,Regular,5,Delete,ConfigMap,false
2.682299287,Regular,5,Delete,Deployment,false
2.703664078,Regular,4,Create,Deployment,false
2.722288913,Regular,5,Create,ConfigMap,false
2.742943713,Regular,9,Update,Deployment,false
2.763009049,Regular,4,Delete,ConfigMap,false
2.783251801,Regular,5,Delete,Deployment,false
2.8025972169999998,Regular,6,Create,Deployment,false
2.823342108,Regular,8,Create,ConfigMap,false
2.843026805,Regular,9,Update,Deployment,false
2.862610752,Regular,4,Delete,ConfigMap,false
2.883242398,Regular,6,Delete,Deployment,false
2.903161338,Regular,6,Create,Deployment,false
2.92233506,Regular,6,Create,ConfigMap,false
2.942399334,Regular,9,Update,Deployment,false
2.96331611,Regular,5,Delete,ConfigMap,false
2.982294542,Regular,5,Delete,Deployment,false
3.002310024,Regular,6,Create,Deployment,false
3.022451515,Regular,5,Create,ConfigMap,false
3.042424407,Regular,9,Update,Deployment,false
3.063273284,Regular,4,Delete,ConfigMap,false
3.083189348,Regular,4,Delete,Deployment,false
3.103265746,Regular,5,Create,Deployment,false
3.122252404,Regular,5,Create,ConfigMap,false
3.142789572,Regular,9,Update,Deployment,false
3.162519835,Regular,3,Delete,ConfigMap,false
3.182394702,Regular,5,Delete,Deployment,false
3.202256343,Regular,7,Create,Deployment,false
3.223044987,Regular,4,Create,ConfigMap,false
3.24285471,Regular,6,Update,Deployment,false
3.262977375,Regular,3,Delete,ConfigMap,false
3.283209777,Regular,6,Delete,Deployment,false
3.303254344,Regular,6,Create,Deployment,false
3.322387289,Regular,7,Create,ConfigMap,false
3.34294189,Regular,7,Update,Deployment,false
3.362420377,Regular,5,Delete,ConfigMap,false
3.383085948,Regular,6,Delete,Deployment,false
3.403105828,Regular,5,Create,Deployment,false
3.422191524,Regular,6,Create,ConfigMap,false
3.443063705,Regular,5,Update,Deployment,false
3.462226486,Regular,6,Delete,ConfigMap,false
3.4827092410000002,Regular,6,Delete,Deployment,false
3.503856562,Regular,7,Create,Deployment,false
3.522850794,Regular,5,Create,ConfigMap,false
3.542791295,Regular,7,Update,Deployment,false
3.5631274729999998,Regular,6,Delete,ConfigMap,false
3.583207497,Regular,5,Delete,Deployment,false
3.603520622,Regular,5,Create,Deployment,false
3.623074833,Regular,5,Create,ConfigMap,false
3.643227484,Regular,7,Update,Deployment,false
3.663194505,Regular,4,Delete,ConfigMap,false
3.68328537,Regular,6,Delete,Deployment,false
3.703534814,Regular,7,Create,Deployment,false
3.722199434,Regular,7,Create,ConfigMap,false
3.743104377,Regular,10,Update,Deployment,false
3.763291674,Regular,3,Delete,ConfigMap,false
3.7829698179999998,Regular,5,Delete,Deployment,false
3.802405695,Regular,7,Create,Deployment,false
3.8228652370000002,Regular,7,Create,ConfigMap,false
3.843501282,Regular,9,Update,Deployment,false
3.863093584,Regular,4,Delete,ConfigMap,false
3.883406409,Regular,6,Delete,Deployment,false
3.90224676,Regular,6,Create,Deployment,false
3.923145441,Regular,4,Create,ConfigMap,false
3.942311809,Regular,7,Update,Deployment,false
3.962267508,Regular,5,Delete,ConfigMap,false
3.98298137,Regular,4,Delete,Deployment,false
3.002237928,Regular,6,Create,Deployment,false
3.022371794,Regular,5,Create,ConfigMap,false
3.042533212,Regular,7,Update,Deployment,false
3.063174217,Regular,4,Delete,ConfigMap,false
3.083255583,Regular,4,Delete,Deployment,false
3.10336333,Regular,5,Create,Deployment,false
3.122302288,Regular,5,Create,ConfigMap,false
3.142858893,Regular,10,Update,Deployment,false
3.162307965,Regular,4,Delete,ConfigMap,false
3.182343866,Regular,5,Delete,Deployment,false
3.202258878,Regular,7,Create,Deployment,false
3.223014319,Regular,5,Create,ConfigMap,false
3.24283369,Regular,7,Update,Deployment,false
3.263209524,Regular,3,Delete,ConfigMap,false
3.283448468,Regular,5,Delete,Deployment,false
3.303561835,Regular,6,Create,Deployment,false
3.322286328,Regular,7,Create,ConfigMap,false
3.343086363,Regular,6,Update,Deployment,false
3.36242726,Regular,5,Delete,ConfigMap,false
3.38315044,Regular,6,Delete,Deployment,false
3.403389474,Regular,5,Create,Deployment,false
3.422201833,Regular,6,Create,ConfigMap,false
3.4431144209999998,Regular,9,Update,Deployment,false
3.462229482,Regular,6,Delete,ConfigMap,false
3.482935018,Regular,6,Delete,Deployment,false
3.503739611,Regular,7,Create,Deployment,false
3.5234005330000002,Regular,4,Create,ConfigMap,false
3.542791405,Regular,7,Update,Deployment,false
3.56307286,Regular,6,Delete,ConfigMap,false
3.5832270939999997,Regular,6,Delete,Deployment,false
3.603346353,Regular,5,Create,Deployment,false
3.62315831,Regular,5,Create,ConfigMap,false
3.6432669090000003,Regular,8,Update,Deployment,false
3.663181771,Regular,4,Delete,ConfigMap,false
3.683278407,Regular,7,Delete,Deployment,false
3.7035765229999997,Regular,8,Create,Deployment,false
3.7222055149999997,Regular,7,Create,ConfigMap,false
3.743209716,Regular,10,Update,Deployment,false
3.76319443,Regular,3,Delete,ConfigMap,false
3.783196797,Regular,5,Delete,Deployment,false
3.8023572039999998,Regular,7,Create,Deployment,false
3.823123715,Regular,8,Create,ConfigMap,false
3.843502714,Regular,9,Update,Deployment,false
3.863167694,Regular,4,Delete,ConfigMap,false
3.883183998,Regular,6,Delete,Deployment,false
3.902284351,Regular,6,Create,Deployment,false
3.923166982,Regular,4,Create,ConfigMap,false
3.9422917010000003,Regular,7,Update,Deployment,false
3.962338112,Regular,4,Delete,ConfigMap,false
3.983006688,Regular,6,Delete,Deployment,false
3.00252475,Regular,6,Create,Deployment,false
3.022288858,Regular,5,Create,ConfigMap,false
3.042392857,Regular,7,Update,Deployment,false
3.063265038,Regular,6,Delete,ConfigMap,false
3.083239403,Regular,4,Delete,Deployment,false
3.103042754,Regular,5,Create,Deployment,false
3.122247635,Regular,5,Create,ConfigMap,false
3.14280422,Regular,10,Update,Deployment,false
3.162263,Regular,4,Delete,ConfigMap,false
3.182350408,Regular,6,Delete,Deployment,false
3.202262344,Regular,7,Create,Deployment,false
3.222926974,Regular,5,Create,ConfigMap,false
3.242730124,Regular,7,Update,Deployment,false
3.263121086,Regular,3,Delete,ConfigMap,false
3.283433419,Regular,6,Delete,Deployment,false
3.30347954,Regular,6,Create,Deployment,false
3.322263284,Regular,4,Create,ConfigMap,false
3.343159451,Regular,6,Update,Deployment,false
3.362461174,Regular,5,Delete,ConfigMap,false
3.383214421,Regular,4,Delete,Deployment,false
3.403304654,Regular,5,Create,Deployment,false
3.42224235,Regular,6,Create,ConfigMap,false
3.44308252,Regular,5,Update,Deployment,false
3.462225885,Regular,3,Delete,ConfigMap,false
3.482791847,Regular,6,Delete,Deployment,false
3.50311981,Regular,6,Create,Deployment,false
3.523281128,Regular,5,Create,ConfigMap,false
3.542699191,Regular,7,Update,Deployment,false
3.562948836,Regular,6,Delete,ConfigMap,false
3.583072172,Regular,5,Delete,Deployment,false
3.603325754,Regular,6,Create,Deployment,false
3.623121431,Regular,5,Create,ConfigMap,false
3.643034971,Regular,7,Update,Deployment,false
3.663328558,Regular,4,Delete,ConfigMap,false
3.683172657,Regular,7,Delete,Deployment,false
3.703475352,Regular,9,Create,Deployment,false
3.722203852,Regular,6,Create,ConfigMap,false
3.743176894,Regular,10,Update,Deployment,false
3.763144125,Regular,4,Delete,ConfigMap,false
3.78328273,Regular,5,Delete,Deployment,false
3.802366962,Regular,7,Create,Deployment,false
3.823276834,Regular,7,Create,ConfigMap,false
3.843210612,Regular,9,Update,Deployment,false
3.863147256,Regular,4,Delete,ConfigMap,false
3.88334897,Regular,6,Delete,Deployment,false
3.902297957,Regular,6,Create,Deployment,false
3.923242054,Regular,4,Create,ConfigMap,false
3.942326477,Regular,5,Update,Deployment,false
3.96228441,Regular,5,Delete,ConfigMap,false
3.982881532,Regular,5,Delete,Deployment,false
3.002239591,Regular,6,Create,Deployment,false
3.022373528,Regular,5,Create,ConfigMap,false
3.042415109,Regular,8,Update,Deployment,false
3.063229541,Regular,4,Delete,ConfigMap,false
3.083268939,Regular,4,Delete,Deployment,false
3.103106635,Regular,5,Create,Deployment,false
3.122300495,Regular,4,Create,ConfigMap,false
3.142911021,Regular,10,Update,Deployment,false
3.162500058,Regular,3,Delete,ConfigMap,false
3.182407135,Regular,6,Delete,Deployment,false
3.202348026,Regular,7,Create,Deployment,false
3.223000452,Regular,5,Create,ConfigMap,false
3.242851985,Regular,7,Update,Deployment,false
3.2630550720000002,Regular,5,Delete,ConfigMap,false
3.283375891,Regular,6,Delete,Deployment,false
3.303724252,Regular,6,Create,Deployment,false
3.322312938,Regular,6,Create,ConfigMap,false
3.343065523,Regular,6,Update,Deployment,false
3.362425517,Regular,5,Delete,ConfigMap,false
3.383248465,Regular,6,Delete,Deployment,false
3.403148459,Regular,5,Create,Deployment,false
3.422212534,Regular,5,Create,ConfigMap,false
3.44315107,Regular,5,Update,Deployment,false
3.462273014,Regular,6,Delete,ConfigMap,false
3.482763644,Regular,6,Delete,Deployment,false
3.503426058,Regular,7,Create,Deployment,false
3.523097441,Regular,5,Create,ConfigMap,false
3.542782228,Regular,7,Update,Deployment,false
3.5631042490000002,Regular,5,Delete,ConfigMap,false
3.58311355,Regular,4,Delete,Deployment,false
3.603502819,Regular,6,Create,Deployment,false
3.623319455,Regular,5,Create,ConfigMap,false
3.6431085100000002,Regular,6,Update,Deployment,false
3.663222748,Regular,4,Delete,ConfigMap,false
3.6830585510000002,Regular,7,Delete,Deployment,false
3.703351548,Regular,7,Create,Deployment,false
3.722241002,Regular,7,Create,ConfigMap,false
3.74306401,Regular,9,Update,Deployment,false
3.763236259,Regular,6,Delete,ConfigMap,false
3.783263122,Regular,5,Delete,Deployment,false
3.80239745,Regular,7,Create,Deployment,false
3.823167879,Regular,6,Create,ConfigMap,false
3.843280304,Regular,7,Update,Deployment,false
3.863166031,Regular,4,Delete,ConfigMap,false
3.883524101,Regular,6,Delete,Deployment,false
3.902288689,Regular,6,Create,Deployment,false
3.9232379059999998,Regular,4,Create,ConfigMap,false
3.942299576,Regular,6,Update,Deployment,false
3.962481944,Regular,4,Delete,ConfigMap,false
3.983283651,Regular,5,Delete,Deployment,false
3.002239942,Regular,6,Create,Deployment,false
3.022372877,Regular,5,Create,ConfigMap,false
3.042467899,Regular,7,Update,Deployment,false
3.063162344,Regular,6,Delete,ConfigMap,false
3.083223423,Regular,4,Delete,Deployment,false
3.103211493,Regular,5,Create,Deployment,false
3.122257654,Regular,5,Create,ConfigMap,false
3.142858883,Regular,10,Update,Deployment,false
3.162334294,Regular,4,Delete,ConfigMap,false
3.182355508,Regular,6,Delete,Deployment,false
3.202300306,Regular,6,Create,Deployment,false
3.223028906,Regular,4,Create,ConfigMap,false
3.242858928,Regular,7,Update,Deployment,false
3.263024193,Regular,5,Delete,ConfigMap,false
3.28322727,Regular,7,Delete,Deployment,false
3.3036287619999998,Regular,5,Create,Deployment,false
3.322352553,Regular,7,Create,ConfigMap,false
3.343127491,Regular,6,Update,Deployment,false
3.362426008,Regular,5,Delete,ConfigMap,false
3.383227686,Regular,6,Delete,Deployment,false
3.403242928,Regular,5,Create,Deployment,false
3.42222128,Regular,4,Create,ConfigMap,false
3.443138266,Regular,6,Update,Deployment,false
3.462241374,Regular,5,Delete,ConfigMap,false
3.482999229,Regular,6,Delete,Deployment,false
3.503228415,Regular,7,Create,Deployment,false
3.523418608,Regular,5,Create,ConfigMap,false
3.542681488,Regular,7,Update,Deployment,false
3.56320522,Regular,5,Delete,ConfigMap,false
3.583147163,Regular,5,Delete,Deployment,false
3.603497138,Regular,6,Create,Deployment,false
3.623218304,Regular,5,Create,ConfigMap,false
3.643020193,Regular,6,Update,Deployment,false
3.663210946,Regular,6,Delete,ConfigMap,false
3.683445352,Regular,6,Delete,Deployment,false
3.703535064,Regular,8,Create,Deployment,false
3.72220809,Regular,7,Create,ConfigMap,false
3.743215747,Regular,9,Update,Deployment,false
3.763208837,Regular,4,Delete,ConfigMap,false
3.783220482,Regular,5,Delete,Deployment,false
3.802368525,Regular,7,Create,Deployment,false
3.823051469,Regular,7,Create,ConfigMap,false
3.843372909,Regular,7,Update,Deployment,false
3.863055262,Regular,4,Delete,ConfigMap,false
3.883554859,Regular,6,Delete,Deployment,false
3.902300963,Regular,6,Create,Deployment,false
3.923214883,Regular,4,Create,ConfigMap,false
3.942393574,Regular,6,Update,Deployment,false
3.962465873,Regular,4,Delete,ConfigMap,false
3.982937688,Regular,6,Delete,Deployment,false
3.002241645,Regular,6,Create,Deployment,false
3.022370763,Regular,4,Create,ConfigMap,false
3.042407565,Regular,8,Update,Deployment,false
3.063245892,Regular,5,Delete,ConfigMap,false
3.083344822,Regular,4,Delete,Deployment,false
3.103162771,Regular,5,Create,Deployment,false
3.12223473,Regular,5,Create,ConfigMap,false
3.142764785,Regular,9,Update,Deployment,false
3.162389368,Regular,4,Delete,ConfigMap,false
3.182380385,Regular,6,Delete,Deployment,false
3.202351543,Regular,6,Create,Deployment,false
3.222959655,Regular,4,Create,ConfigMap,false
3.242917468,Regular,7,Update,Deployment,false
3.263044412,Regular,4,Delete,ConfigMap,false
3.283304095,Regular,6,Delete,Deployment,false
3.303785347,Regular,6,Create,Deployment,false
3.3223327449999998,Regular,7,Create,ConfigMap,false
3.34316446,Regular,6,Update,Deployment,false
3.36243794,Regular,5,Delete,ConfigMap,false
3.38318731,Regular,6,Delete,Deployment,false
3.403202812,Regular,5,Create,Deployment,false
3.42221063,Regular,6,Create,ConfigMap,false
3.443153655,Regular,6,Update,Deployment,false
3.462234331,Regular,4,Delete,ConfigMap,false
3.482725662,Regular,6,Delete,Deployment,false
3.5036831939999997,Regular,7,Create,Deployment,false
3.5229162179999998,Regular,5,Create,ConfigMap,false
3.542750919,Regular,7,Update,Deployment,false
3.563127453,Regular,6,Delete,ConfigMap,false
3.583126494,Regular,3,Delete,Deployment,false
3.603436193,Regular,5,Create,Deployment,false
3.623302272,Regular,5,Create,ConfigMap,false
3.643106335,Regular,7,Update,Deployment,false
3.663269927,Regular,4,Delete,ConfigMap,false
3.683606887,Regular,6,Delete,Deployment,false
3.703534313,Regular,9,Create,Deployment,false
3.722254047,Regular,7,Create,ConfigMap,false
3.7432058980000003,Regular,9,Update,Deployment,false
3.763282035,Regular,3,Delete,ConfigMap,false
3.783206345,Regular,5,Delete,Deployment,false
3.802387862,Regular,6,Create,Deployment,false
3.823262888,Regular,8,Create,ConfigMap,false
3.84344721,Regular,9,Update,Deployment,false
3.863082904,Regular,4,Delete,ConfigMap,false
3.883144624,Regular,6,Delete,Deployment,false
3.902286004,Regular,6,Create,Deployment,false
3.923177813,Regular,4,Create,ConfigMap,false
3.942406658,Regular,7,Update,Deployment,false
3.96225789,Regular,4,Delete,ConfigMap,false
3.982916808,Regular,6,Delete,Deployment,false
3.00224408,Regular,6,Create,Deployment,false
3.02239076,Regular,5,Create,ConfigMap,false
3.042594729,Regular,8,Update,Deployment,false
3.063346863,Regular,6,Delete,ConfigMap,false
3.083173268,Regular,4,Delete,Deployment,false
3.103313947,Regular,4,Create,Deployment,false
3.122232065,Regular,5,Create,ConfigMap,false
3.143007584,Regular,10,Update,Deployment,false
3.162322292,Regular,4,Delete,ConfigMap,false
3.182407225,Regular,6,Delete,Deployment,false
3.202272624,Regular,7,Create,Deployment,false
3.223171015,Regular,4,Create,ConfigMap,false
3.242814273,Regular,7,Update,Deployment,false
3.263144781,Regular,5,Delete,ConfigMap,false
3.2833336109999998,Regular,5,Delete,Deployment,false
3.303438773,Regular,6,Create,Deployment,false
3.322270999,Regular,7,Create,ConfigMap,false
3.342966466,Regular,6,Update,Deployment,false
3.362455283,Regular,5,Delete,ConfigMap,false
3.383167422,Regular,3,Delete,Deployment,false
3.40321243,Regular,5,Create,Deployment,false
3.42221039,Regular,4,Create,ConfigMap,false
3.443121053,Regular,5,Update,Deployment,false
3.46222363,Regular,5,Delete,ConfigMap,false
3.482904049,Regular,5,Delete,Deployment,false
3.503559501,Regular,6,Create,Deployment,false
3.5231607499999997,Regular,4,Create,ConfigMap,false
3.542841019,Regular,7,Update,Deployment,false
3.563077138,Regular,6,Delete,ConfigMap,false
3.583326783,Regular,6,Delete,Deployment,false
3.603412137,Regular,5,Create,Deployment,false
3.623309596,Regular,5,Create,ConfigMap,false
3.643075237,Regular,7,Update,Deployment,false
3.663287981,Regular,4,Delete,ConfigMap,false
3.683279479,Regular,7,Delete,Deployment,false
3.703253653,Regular,8,Create,Deployment,false
3.722201397,Regular,6,Create,ConfigMap,false
3.74307973,Regular,9,Update,Deployment,false
3.763228434,Regular,6,Delete,ConfigMap,false
3.7830412129999997,Regular,5,Delete,Deployment,false
3.802428799,Regular,5,Create,Deployment,false
3.8231102200000002,Regular,7,Create,ConfigMap,false
3.843484059,Regular,7,Update,Deployment,false
3.8631748679999998,Regular,4,Delete,ConfigMap,false
3.8834884130000003,Regular,6,Delete,Deployment,false
3.902285694,Regular,6,Create,Deployment,false
3.923226525,Regular,4,Create,ConfigMap,false
3.94237592,Regular,7,Update,Deployment,false
3.962419395,Regular,4,Delete,ConfigMap,false
3.983079536,Regular,6,Delete,Deployment,false
4.003052848,Regular,6,Create,Deployment,false
3.022299227,Regular,5,Create,ConfigMap,false
3.042407024,Regular,8,Update,Deployment,false
3.063409872,Regular,4,Delete,ConfigMap,false
3.083279649,Regular,4,Delete,Deployment,false
3.103079875,Regular,5,Create,Deployment,false
3.12228201,Regular,5,Create,ConfigMap,false
3.143050926,Regular,10,Update,Deployment,false
3.162253542,Regular,4,Delete,ConfigMap,false
3.182363583,Regular,6,Delete,Deployment,false
3.202326997,Regular,7,Create,Deployment,false
3.222932063,Regular,5,Create,ConfigMap,false
3.242744071,Regular,7,Update,Deployment,false
3.2631254849999998,Regular,5,Delete,ConfigMap,false
3.283313854,Regular,6,Delete,Deployment,false
3.303700878,Regular,6,Create,Deployment,false
3.322222607,Regular,7,Create,ConfigMap,false
3.342915099,Regular,6,Update,Deployment,false
3.362398125,Regular,5,Delete,ConfigMap,false
3.383110545,Regular,6,Delete,Deployment,false
3.40299042,Regular,5,Create,Deployment,false
3.422191774,Regular,5,Create,ConfigMap,false
3.4430612099999998,Regular,9,Update,Deployment,false
3.462222809,Regular,5,Delete,ConfigMap,false
3.482694223,Regular,6,Delete,Deployment,false
3.503096496,Regular,8,Create,Deployment,false
3.522883536,Regular,5,Create,ConfigMap,false
3.54284692,Regular,7,Update,Deployment,false
3.5629760470000003,Regular,6,Delete,ConfigMap,false
3.583090657,Regular,3,Delete,Deployment,false
3.603203804,Regular,6,Create,Deployment,false
3.62315831,Regular,5,Create,ConfigMap,false
3.643201605,Regular,7,Update,Deployment,false
3.663289434,Regular,4,Delete,ConfigMap,false
3.6833752300000002,Regular,7,Delete,Deployment,false
3.703201865,Regular,8,Create,Deployment,false
3.722229821,Regular,6,Create,ConfigMap,false
3.743139663,Regular,10,Update,Deployment,false
3.763121963,Regular,6,Delete,ConfigMap,false
3.782987832,Regular,4,Delete,Deployment,false
3.802376701,Regular,7,Create,Deployment,false
3.822886687,Regular,7,Create,ConfigMap,false
3.843190474,Regular,9,Update,Deployment,false
3.863209523,Regular,4,Delete,ConfigMap,false
3.883488504,Regular,5,Delete,Deployment,false
3.902234407,Regular,6,Create,Deployment,false
3.923162694,Regular,4,Create,ConfigMap,false
3.942391379,Regular,6,Update,Deployment,false
3.962338763,Regular,4,Delete,ConfigMap,false
3.982902211,Regular,6,Delete,Deployment,false
4.003322177,Regular,6,Create,Deployment,false
3.022369039,Regular,5,Create,ConfigMap,false
3.042470043,Regular,8,Update,Deployment,false
3.063408429,Regular,4,Delete,ConfigMap,false
3.083317651,Regular,4,Delete,Deployment,false
3.103372237,Regular,5,Create,Deployment,false
3.122363874,Regular,5,Create,ConfigMap,false
3.142878039,Regular,10,Update,Deployment,false
3.162334304,Regular,4,Delete,ConfigMap,false
3.18236719,Regular,7,Delete,Deployment,false
3.202199666,Regular,7,Create,Deployment,false
3.223118125,Regular,4,Create,ConfigMap,false
3.242763848,Regular,7,Update,Deployment,false
3.262954422,Regular,5,Delete,ConfigMap,false
3.283196943,Regular,7,Delete,Deployment,false
3.303038156,Regular,6,Create,Deployment,false
3.322312567,Regular,7,Create,ConfigMap,false
3.343038843,Regular,8,Update,Deployment,false
3.3624427089999998,Regular,5,Delete,ConfigMap,false
3.383121095,Regular,6,Delete,Deployment,false
3.403299675,Regular,5,Create,Deployment,false
3.422195491,Regular,5,Create,ConfigMap,false
3.4431001439999998,Regular,8,Update,Deployment,false
3.462232357,Regular,5,Delete,ConfigMap,false
3.482932132,Regular,6,Delete,Deployment,false
3.503916265,Regular,6,Create,Deployment,false
3.523441461,Regular,5,Create,ConfigMap,false
3.542716454,Regular,7,Update,Deployment,false
3.563002998,Regular,6,Delete,ConfigMap,false
3.583267721,Regular,5,Delete,Deployment,false
3.603438697,Regular,5,Create,Deployment,false
3.623083599,Regular,5,Create,ConfigMap,false
3.643148094,Regular,7,Update,Deployment,false
3.663254288,Regular,4,Delete,ConfigMap,false
3.6830723069999998,Regular,4,Delete,Deployment,false
3.703387465,Regular,7,Create,Deployment,false
3.722195807,Regular,6,Create,ConfigMap,false
3.7431904190000003,Regular,10,Update,Deployment,false
3.76324721,Regular,5,Delete,ConfigMap,false
3.783003502,Regular,6,Delete,Deployment,false
3.802377692,Regular,7,Create,Deployment,false
3.823185311,Regular,7,Create,ConfigMap,false
3.843264334,Regular,8,Update,Deployment,false
3.863178565,Regular,4,Delete,ConfigMap,false
3.883439621,Regular,6,Delete,Deployment,false
3.902290162,Regular,6,Create,Deployment,false
3.923201948,Regular,4,Create,ConfigMap,false
3.942285489,Regular,6,Update,Deployment,false
3.962335016,Regular,3,Delete,ConfigMap,false
3.982987812,Regular,6,Delete,Deployment,false
4.003002433,Regular,7,Create,Deployment,false
3.002526474,Regular,6,Create,Deployment,false
3.022378547,Regular,5,Create,ConfigMap,false
3.042596702,Regular,8,Update,Deployment,false
3.063321124,Regular,4,Delete,ConfigMap,false
3.083202223,Regular,4,Delete,Deployment,false
3.103391413,Regular,5,Create,Deployment,false
3.122255289,Regular,5,Create,ConfigMap,false
3.142771678,Regular,9,Update,Deployment,false
3.162513703,Regular,4,Delete,ConfigMap,false
3.182352993,Regular,7,Delete,Deployment,false
3.202282482,Regular,7,Create,Deployment,false
3.223150977,Regular,4,Create,ConfigMap,false
3.242836125,Regular,7,Update,Deployment,false
3.263069008,Regular,5,Delete,ConfigMap,false
3.283413161,Regular,6,Delete,Deployment,false
3.303621378,Regular,6,Create,Deployment,false
3.3223252309999998,Regular,7,Create,ConfigMap,false
3.34298436,Regular,7,Update,Deployment,false
3.362441036,Regular,5,Delete,ConfigMap,false
3.38313475,Regular,6,Delete,Deployment,false
3.403313331,Regular,5,Create,Deployment,false
3.422192325,Regular,4,Create,ConfigMap,false
3.443077811,Regular,5,Update,Deployment,false
3.462226666,Regular,6,Delete,ConfigMap,false
3.482967619,Regular,5,Delete,Deployment,false
3.503373078,Regular,7,Create,Deployment,false
3.523440749,Regular,5,Create,ConfigMap,false
3.5429656940000003,Regular,7,Update,Deployment,false
3.5630409199999997,Regular,5,Delete,ConfigMap,false
3.583175587,Regular,6,Delete,Deployment,false
3.603393081,Regular,6,Create,Deployment,false
3.623064273,Regular,4,Create,ConfigMap,false
3.643245328,Regular,7,Update,Deployment,false
3.663301247,Regular,4,Delete,ConfigMap,false
3.6833742579999997,Regular,7,Delete,Deployment,false
3.70355378,Regular,9,Create,Deployment,false
3.72219219,Regular,6,Create,ConfigMap,false
3.74316441,Regular,9,Update,Deployment,false
3.763184962,Regular,6,Delete,ConfigMap,false
3.7831655079999997,Regular,5,Delete,Deployment,false
3.802360871,Regular,6,Create,Deployment,false
3.823252619,Regular,7,Create,ConfigMap,false
3.843354464,Regular,7,Update,Deployment,false
3.863068667,Regular,4,Delete,ConfigMap,false
3.8833248940000002,Regular,3,Delete,Deployment,false
3.902285694,Regular,6,Create,Deployment,false
3.923183443,Regular,4,Create,ConfigMap,false
3.942397621,Regular,7,Update,Deployment,false
3.962264362,Regular,4,Delete,ConfigMap,false
3.9830044239999998,Regular,6,Delete,Deployment,false
4.003181431,Regular,7,Create,Deployment,false
4.003030406,Regular,7,Create,Deployment,false
4.022734449,Regular,6,Create,ConfigMap,false
4.042889025,Regular,10,Update,Deployment,false
4.062711512,Regular,5,Delete,ConfigMap,false
4.082832855,Regular,6,Delete,Deployment,false
4.10231561,Regular,8,Create,Deployment,false
4.123116386,Regular,4,Create,ConfigMap,false
4.143212491,Regular,10,Update,Deployment,false
4.162671692,Regular,5,Delete,ConfigMap,false
4.182338666,Regular,4,Delete,Deployment,false
4.202776697,Regular,4,Create,Deployment,false
4.222194038,Regular,5,Create,ConfigMap,false
4.242532421,Regular,6,Update,Deployment,false
4.262315554,Regular,5,Delete,ConfigMap,false
4.282966798,Regular,5,Delete,Deployment,false
4.302295061,Regular,7,Create,Deployment,false
4.322276539,Regular,6,Create,ConfigMap,false
4.342219645,Regular,7,Update,Deployment,false
4.362738248,Regular,6,Delete,ConfigMap,false
4.382369694,Regular,5,Delete,Deployment,false
4.402536713,Regular,8,Create,Deployment,false
4.423231268,Regular,4,Create,ConfigMap,false
4.442379923,Regular,6,Update,Deployment,false
4.462807654,Regular,5,Delete,ConfigMap,false
4.482894802,Regular,6,Delete,Deployment,false
4.503628421,Regular,5,Create,Deployment,false
4.523550316,Regular,5,Create,ConfigMap,false
4.543379717,Regular,7,Update,Deployment,false
4.563209649,Regular,12,Delete,ConfigMap,false
4.58304498,Regular,11,Delete,Deployment,false
4.603726611,Regular,16,Create,Deployment,false
4.62219473,Regular,6,Create,ConfigMap,false
4.642723612,Regular,6,Update,Deployment,false
4.662720088,Regular,4,Delete,ConfigMap,false
4.682329023,Regular,4,Delete,Deployment,false
4.702832617,Regular,8,Create,Deployment,false
4.722367491,Regular,8,Create,ConfigMap,false
4.742375199,Regular,6,Update,Deployment,false
4.762798802,Regular,5,Delete,ConfigMap,false
4.783371477,Regular,6,Delete,Deployment,false
4.80232859,Regular,6,Create,Deployment,false
4.823051008,Regular,6,Create,ConfigMap,false
4.842310922,Regular,8,Update,Deployment,false
4.862409321,Regular,5,Delete,ConfigMap,false
4.88235964,Regular,4,Delete,Deployment,false
4.902364182,Regular,7,Create,Deployment,false
4.922973326,Regular,7,Create,ConfigMap,false
4.942318081,Regular,9,Update,Deployment,false
4.9635381689999996,Regular,5,Delete,ConfigMap,false
4.982933941,Regular,6,Delete,Deployment,false
4.022923216,Regular,7,Create,ConfigMap,false
4.042982521,Regular,11,Update,Deployment,false
4.062595593,Regular,5,Delete,ConfigMap,false
4.082773893,Regular,6,Delete,Deployment,false
4.10231578,Regular,8,Create,Deployment,false
4.123080799,Regular,4,Create,ConfigMap,false
4.143243319,Regular,9,Update,Deployment,false
4.162755541,Regular,5,Delete,ConfigMap,false
4.18233592,Regular,4,Delete,Deployment,false
4.202806363,Regular,6,Create,Deployment,false
4.222235617,Regular,5,Create,ConfigMap,false
4.242493317,Regular,6,Update,Deployment,false
4.262208802,Regular,4,Delete,ConfigMap,false
4.282972919,Regular,6,Delete,Deployment,false
4.302226932,Regular,7,Create,Deployment,false
4.322224812,Regular,6,Create,ConfigMap,false
4.3422383700000005,Regular,8,Update,Deployment,false
4.362798281,Regular,5,Delete,ConfigMap,false
4.382423035,Regular,4,Delete,Deployment,false
4.402290728,Regular,8,Create,Deployment,false
4.423255003,Regular,4,Create,ConfigMap,false
4.442260287,Regular,7,Update,Deployment,false
4.462898085,Regular,5,Delete,ConfigMap,false
4.482852221,Regular,7,Delete,Deployment,false
4.503171948,Regular,7,Create,Deployment,false
4.523596083,Regular,4,Create,ConfigMap,false
4.54334421,Regular,7,Update,Deployment,false
4.563423884,Regular,14,Delete,ConfigMap,false
4.583472128,Regular,6,Delete,Deployment,false
4.604729136,Regular,14,Create,Deployment,false
4.622185652,Regular,6,Create,ConfigMap,false
4.642820545,Regular,7,Update,Deployment,false
4.662814868,Regular,3,Delete,ConfigMap,false
4.682250634,Regular,4,Delete,Deployment,false
4.702504196,Regular,8,Create,Deployment,false
4.722454415,Regular,8,Create,ConfigMap,false
4.742388664,Regular,7,Update,Deployment,false
4.762669949,Regular,5,Delete,ConfigMap,false
4.78296033,Regular,6,Delete,Deployment,false
4.802217971,Regular,7,Create,Deployment,false
4.822990443,Regular,6,Create,ConfigMap,false
4.842346139,Regular,8,Update,Deployment,false
4.862584111,Regular,5,Delete,ConfigMap,false
4.882410897,Regular,5,Delete,Deployment,false
4.902419957,Regular,5,Create,Deployment,false
4.922982894,Regular,7,Create,ConfigMap,false
4.942430233,Regular,9,Update,Deployment,false
4.9635530469999996,Regular,5,Delete,ConfigMap,false
4.983078975,Regular,6,Delete,Deployment,false
4.022780527,Regular,9,Create,ConfigMap,false
4.042833881,Regular,10,Update,Deployment,false
4.062867066,Regular,5,Delete,ConfigMap,false
4.082924137,Regular,6,Delete,Deployment,false
4.102314548,Regular,7,Create,Deployment,false
4.123128199,Regular,4,Create,ConfigMap,false
4.143187914,Regular,10,Update,Deployment,false
4.162643579,Regular,4,Delete,ConfigMap,false
4.182320621,Regular,4,Delete,Deployment,false
4.202870654,Regular,4,Create,Deployment,false
4.222215849,Regular,5,Create,ConfigMap,false
4.242686262,Regular,5,Update,Deployment,false
4.2622551699999995,Regular,5,Delete,ConfigMap,false
4.283117953,Regular,5,Delete,Deployment,false
4.302288659,Regular,7,Create,Deployment,false
4.322282511,Regular,6,Create,ConfigMap,false
4.3422482989999995,Regular,8,Update,Deployment,false
4.362713471,Regular,6,Delete,ConfigMap,false
4.382358323,Regular,6,Delete,Deployment,false
4.402408902,Regular,8,Create,Deployment,false
4.423338531,Regular,4,Create,ConfigMap,false
4.442234087,Regular,8,Update,Deployment,false
4.462873438,Regular,5,Delete,ConfigMap,false
4.482945788,Regular,6,Delete,Deployment,false
4.503413174,Regular,7,Create,Deployment,false
4.523545427,Regular,6,Create,ConfigMap,false
4.543431525,Regular,7,Update,Deployment,false
4.563110351,Regular,12,Delete,ConfigMap,false
4.583706851,Regular,11,Delete,Deployment,false
4.604543365,Regular,15,Create,Deployment,false
4.622193197,Regular,6,Create,ConfigMap,false
4.642890788,Regular,6,Update,Deployment,false
4.6626512380000005,Regular,5,Delete,ConfigMap,false
4.682316509,Regular,4,Delete,Deployment,false
4.702650433,Regular,8,Create,Deployment,false
4.722362362,Regular,8,Create,ConfigMap,false
4.742504233,Regular,6,Update,Deployment,false
4.762905524,Regular,5,Delete,ConfigMap,false
4.783315281,Regular,6,Delete,Deployment,false
4.802309464,Regular,6,Create,Deployment,false
4.822854527,Regular,6,Create,ConfigMap,false
4.842430809,Regular,8,Update,Deployment,false
4.862416244,Regular,5,Delete,ConfigMap,false
4.882356715,Regular,5,Delete,Deployment,false
4.902351438,Regular,7,Create,Deployment,false
4.923049249,Regular,6,Create,ConfigMap,false
4.942333811,Regular,9,Update,Deployment,false
4.9636486380000004,Regular,5,Delete,ConfigMap,false
4.982990207,Regular,6,Delete,Deployment,false
4.003499553,Regular,6,Create,Deployment,false
4.022451435,Regular,9,Create,ConfigMap,false
4.043008521,Regular,7,Update,Deployment,false
4.06265738,Regular,5,Delete,ConfigMap,false
4.082862721,Regular,6,Delete,Deployment,false
4.102297105,Regular,8,Create,Deployment,false
4.123101829,Regular,4,Create,ConfigMap,false
4.143230805,Regular,10,Update,Deployment,false
4.162688283,Regular,5,Delete,ConfigMap,false
4.182308328,Regular,4,Delete,Deployment,false
4.202749766,Regular,7,Create,Deployment,false
4.222192676,Regular,5,Create,ConfigMap,false
4.242591392,Regular,6,Update,Deployment,false
4.262294514,Regular,5,Delete,ConfigMap,false
4.283035628,Regular,5,Delete,Deployment,false
4.302264523,Regular,5,Create,Deployment,false
4.322236704,Regular,6,Create,ConfigMap,false
4.342268587,Regular,7,Update,Deployment,false
4.362878212,Regular,6,Delete,ConfigMap,false
4.382409199,Regular,6,Delete,Deployment,false
4.402231055,Regular,8,Create,Deployment,false
4.423177246,Regular,4,Create,ConfigMap,false
4.442300723,Regular,7,Update,Deployment,false
4.462938321,Regular,5,Delete,ConfigMap,false
4.482876678,Regular,7,Delete,Deployment,false
4.503270154,Regular,7,Create,Deployment,false
4.523494481,Regular,6,Create,ConfigMap,false
4.543163659,Regular,7,Update,Deployment,false
4.562830873,Regular,17,Delete,ConfigMap,false
4.583378581,Regular,11,Delete,Deployment,false
4.605349759,Regular,14,Create,Deployment,false
4.622203646,Regular,7,Create,ConfigMap,false
4.642842847,Regular,5,Update,Deployment,false
4.662842981,Regular,5,Delete,ConfigMap,false
4.682243882,Regular,4,Delete,Deployment,false
4.702733951,Regular,8,Create,Deployment,false
4.722367221,Regular,8,Create,ConfigMap,false
4.74243915,Regular,8,Update,Deployment,false
4.762782942,Regular,6,Delete,ConfigMap,false
4.783300113,Regular,6,Delete,Deployment,false
4.802208914,Regular,7,Create,Deployment,false
4.82290943,Regular,6,Create,ConfigMap,false
4.842351068,Regular,8,Update,Deployment,false
4.862368604,Regular,5,Delete,ConfigMap,false
4.882358318,Regular,4,Delete,Deployment,false
4.90239515,Regular,6,Create,Deployment,false
4.923004344,Regular,4,Create,ConfigMap,false
4.942305808,Regular,9,Update,Deployment,false
4.963318995,Regular,6,Delete,ConfigMap,false
4.983091899,Regular,5,Delete,Deployment,false
4.003353517,Regular,7,Create,Deployment,false
4.022662604,Regular,9,Create,ConfigMap,false
4.042872373,Regular,10,Update,Deployment,false
4.062428998,Regular,4,Delete,ConfigMap,false
4.082901514,Regular,6,Delete,Deployment,false
4.102316932,Regular,8,Create,Deployment,false
4.123068155,Regular,4,Create,ConfigMap,false
4.143473083,Regular,10,Update,Deployment,false
4.162806357,Regular,5,Delete,ConfigMap,false
4.182332634,Regular,4,Delete,Deployment,false
4.202870895,Regular,7,Create,Deployment,false
4.222187015,Regular,5,Create,ConfigMap,false
4.242472969,Regular,7,Update,Deployment,false
4.262247235,Regular,4,Delete,ConfigMap,false
4.283195169,Regular,5,Delete,Deployment,false
4.302216362,Regular,7,Create,Deployment,false
4.32225583,Regular,6,Create,ConfigMap,false
4.342188857,Regular,8,Update,Deployment,false
4.362902418,Regular,6,Delete,ConfigMap,false
4.382386877,Regular,5,Delete,Deployment,false
4.402216959,Regular,8,Create,Deployment,false
4.423205109,Regular,4,Create,ConfigMap,false
4.442419788,Regular,8,Update,Deployment,false
4.462907903,Regular,5,Delete,ConfigMap,false
4.482842643,Regular,7,Delete,Deployment,false
4.503038336,Regular,7,Create,Deployment,false
4.523611873,Regular,5,Create,ConfigMap,false
4.543410325,Regular,7,Update,Deployment,false
4.563149736,Regular,9,Delete,ConfigMap,false
4.583001909,Regular,8,Delete,Deployment,false
4.605567059,Regular,10,Create,Deployment,false
4.6222149980000005,Regular,6,Create,ConfigMap,false
4.64286036,Regular,5,Update,Deployment,false
4.662771946,Regular,5,Delete,ConfigMap,false
4.682261545,Regular,4,Delete,Deployment,false
4.702430507,Regular,9,Create,Deployment,false
4.72240898,Regular,8,Create,ConfigMap,false
4.742504243,Regular,6,Update,Deployment,false
4.762691399,Regular,5,Delete,ConfigMap,false
4.782944951,Regular,6,Delete,Deployment,false
4.8023401020000005,Regular,6,Create,Deployment,false
4.822995613,Regular,6,Create,ConfigMap,false
4.84235704,Regular,8,Update,Deployment,false
4.862357042,Regular,4,Delete,ConfigMap,false
4.882351204,Regular,3,Delete,Deployment,false
4.90246371,Regular,6,Create,Deployment,false
4.923232886,Regular,6,Create,ConfigMap,false
4.942346154,Regular,8,Update,Deployment,false
4.963479979,Regular,5,Delete,ConfigMap,false
4.983039971,Regular,6,Delete,Deployment,false
4.003361281,Regular,6,Create,Deployment,false
4.022971898,Regular,9,Create,ConfigMap,false
4.042820425,Regular,10,Update,Deployment,false
4.062685222,Regular,5,Delete,ConfigMap,false
4.082845328,Regular,5,Delete,Deployment,false
4.102337111,Regular,7,Create,Deployment,false
4.123092992,Regular,4,Create,ConfigMap,false
4.143247156,Regular,10,Update,Deployment,false
4.162710015,Regular,5,Delete,ConfigMap,false
4.182308198,Regular,4,Delete,Deployment,false
4.202880683,Regular,7,Create,Deployment,false
4.222182106,Regular,5,Create,ConfigMap,false
4.242439786,Regular,6,Update,Deployment,false
4.262306026,Regular,4,Delete,ConfigMap,false
4.283006092,Regular,4,Delete,Deployment,false
4.302215491,Regular,7,Create,Deployment,false
4.3221939129999996,Regular,4,Create,ConfigMap,false
4.34226999,Regular,6,Update,Deployment,false
4.362807328,Regular,6,Delete,ConfigMap,false
4.382441109,Regular,6,Delete,Deployment,false
4.402191651,Regular,8,Create,Deployment,false
4.423288777,Regular,4,Create,ConfigMap,false
4.442211104,Regular,6,Update,Deployment,false
4.462921679,Regular,5,Delete,ConfigMap,false
4.482868652,Regular,7,Delete,Deployment,false
4.503288308,Regular,6,Create,Deployment,false
4.523524658,Regular,5,Create,ConfigMap,false
4.5434977100000005,Regular,7,Update,Deployment,false
4.562975707,Regular,14,Delete,ConfigMap,false
4.583218218,Regular,10,Delete,Deployment,false
4.605096751,Regular,14,Create,Deployment,false
4.62221091,Regular,6,Create,ConfigMap,false
4.642823912,Regular,5,Update,Deployment,false
4.662584612,Regular,5,Delete,ConfigMap,false
4.682273658,Regular,4,Delete,Deployment,false
4.70274953,Regular,8,Create,Deployment,false
4.72255733,Regular,8,Create,ConfigMap,false
4.742566681,Regular,6,Update,Deployment,false
4.762782091,Regular,5,Delete,ConfigMap,false
4.783116776,Regular,6,Delete,Deployment,false
4.8023642970000004,Regular,6,Create,Deployment,false
4.822926803,Regular,6,Create,ConfigMap,false
4.8423486140000005,Regular,8,Update,Deployment,false
4.862366881,Regular,5,Delete,ConfigMap,false
4.882390659,Regular,4,Delete,Deployment,false
4.902398787,Regular,7,Create,Deployment,false
4.92303364,Regular,6,Create,ConfigMap,false
4.942332528,Regular,8,Update,Deployment,false
4.963358981,Regular,4,Delete,ConfigMap,false
4.98301808,Regular,6,Delete,Deployment,false
4.022657915,Regular,7,Create,ConfigMap,false
4.042942796,Regular,11,Update,Deployment,false
4.062813445,Regular,5,Delete,ConfigMap,false
4.08294694,Regular,6,Delete,Deployment,false
4.102314107,Regular,7,Create,Deployment,false
4.123166571,Regular,4,Create,ConfigMap,false
4.143151826,Regular,10,Update,Deployment,false
4.163003629,Regular,5,Delete,ConfigMap,false
4.182312586,Regular,4,Delete,Deployment,false
4.202763672,Regular,7,Create,Deployment,false
4.222184089,Regular,6,Create,ConfigMap,false
4.242423475,Regular,7,Update,Deployment,false
4.262282822,Regular,5,Delete,ConfigMap,false
4.2830607050000005,Regular,5,Delete,Deployment,false
4.302214689,Regular,7,Create,Deployment,false
4.322210064,Regular,6,Create,ConfigMap,false
4.34219057,Regular,6,Update,Deployment,false
4.36285558,Regular,6,Delete,ConfigMap,false
4.382386686,Regular,6,Delete,Deployment,false
4.402187744,Regular,7,Create,Deployment,false
4.423276163,Regular,4,Create,ConfigMap,false
4.442363372,Regular,6,Update,Deployment,false
4.462836919,Regular,5,Delete,ConfigMap,false
4.482929818,Regular,5,Delete,Deployment,false
4.503186566,Regular,6,Create,Deployment,false
4.523586695,Regular,5,Create,ConfigMap,false
4.543480668,Regular,7,Update,Deployment,false
4.563329135,Regular,12,Delete,ConfigMap,false
4.583554133,Regular,9,Delete,Deployment,false
4.603893066,Regular,16,Create,Deployment,false
4.622251597,Regular,6,Create,ConfigMap,false
4.642858136,Regular,7,Update,Deployment,false
4.662763881,Regular,4,Delete,ConfigMap,false
4.682331788,Regular,4,Delete,Deployment,false
4.702590339,Regular,9,Create,Deployment,false
4.722396095,Regular,8,Create,ConfigMap,false
4.7424212059999995,Regular,8,Update,Deployment,false
4.762865408,Regular,5,Delete,ConfigMap,false
4.783323807,Regular,4,Delete,Deployment,false
4.802241034,Regular,6,Create,Deployment,false
4.822951179,Regular,6,Create,ConfigMap,false
4.842430679,Regular,8,Update,Deployment,false
4.862464435,Regular,5,Delete,ConfigMap,false
4.882379809,Regular,5,Delete,Deployment,false
4.902390031,Regular,6,Create,Deployment,false
4.923018161,Regular,7,Create,ConfigMap,false
4.94241801,Regular,9,Update,Deployment,false
4.963289189,Regular,5,Delete,ConfigMap,false
4.982956233,Regular,6,Delete,Deployment,false
5.003126497,Regular,6,Create,Deployment,false
4.003317819,Regular,7,Create,Deployment,false
4.022524383,Regular,7,Create,ConfigMap,false
4.042902681,Regular,11,Update,Deployment,false
4.062784991,Regular,5,Delete,ConfigMap,false
4.082974542,Regular,6,Delete,Deployment,false
4.102317694,Regular,7,Create,Deployment,false
4.123158015,Regular,4,Create,ConfigMap,false
4.143292362,Regular,10,Update,Deployment,false
4.1628504,Regular,5,Delete,ConfigMap,false
4.182332835,Regular,4,Delete,Deployment,false
4.202856507,Regular,4,Create,Deployment,false
4.222221861,Regular,5,Create,ConfigMap,false
4.242543392,Regular,5,Update,Deployment,false
4.262459526,Regular,4,Delete,ConfigMap,false
4.28299452,Regular,5,Delete,Deployment,false
4.302217344,Regular,6,Create,Deployment,false
4.3222867990000005,Regular,6,Create,ConfigMap,false
4.3422170399999995,Regular,5,Update,Deployment,false
4.362983411,Regular,4,Delete,ConfigMap,false
4.382373742,Regular,6,Delete,Deployment,false
4.402276812,Regular,8,Create,Deployment,false
4.423190942,Regular,4,Create,ConfigMap,false
4.442286857,Regular,8,Update,Deployment,false
4.462906471,Regular,5,Delete,ConfigMap,false
4.483065945,Regular,6,Delete,Deployment,false
4.503541877,Regular,6,Create,Deployment,false
4.523458673,Regular,5,Create,ConfigMap,false
4.543248749,Regular,7,Update,Deployment,false
4.562945029,Regular,14,Delete,ConfigMap,false
4.58286999,Regular,11,Delete,Deployment,false
4.604378864,Regular,15,Create,Deployment,false
4.622253551,Regular,5,Create,ConfigMap,false
4.642816498,Regular,6,Update,Deployment,false
4.66278996,Regular,5,Delete,ConfigMap,false
4.682333401,Regular,4,Delete,Deployment,false
4.702672785,Regular,8,Create,Deployment,false
4.722381027,Regular,8,Create,ConfigMap,false
4.74257167,Regular,8,Update,Deployment,false
4.762907467,Regular,5,Delete,ConfigMap,false
4.782988353,Regular,6,Delete,Deployment,false
4.8022517449999995,Regular,7,Create,Deployment,false
4.8229008239999995,Regular,6,Create,ConfigMap,false
4.8423615479999995,Regular,7,Update,Deployment,false
4.862369696,Regular,7,Delete,ConfigMap,false
4.882396029,Regular,4,Delete,Deployment,false
4.902386434,Regular,7,Create,Deployment,false
4.923111898,Regular,6,Create,ConfigMap,false
4.942368516,Regular,6,Update,Deployment,false
4.963265905,Regular,5,Delete,ConfigMap,false
4.9830058059999995,Regular,5,Delete,Deployment,false
5.002931198,Regular,6,Create,Deployment,false
4.003442535,Regular,6,Create,Deployment,false
4.022799563,Regular,6,Create,ConfigMap,false
4.042943588,Regular,10,Update,Deployment,false
4.062729145,Regular,3,Delete,ConfigMap,false
4.082917525,Regular,6,Delete,Deployment,false
4.102313827,Regular,8,Create,Deployment,false
4.123141083,Regular,4,Create,ConfigMap,false
4.143171393,Regular,11,Update,Deployment,false
4.162680449,Regular,5,Delete,ConfigMap,false
4.182358393,Regular,4,Delete,Deployment,false
4.202941989,Regular,7,Create,Deployment,false
4.222244514,Regular,5,Create,ConfigMap,false
4.242530117,Regular,6,Update,Deployment,false
4.262342415,Regular,4,Delete,ConfigMap,false
4.283071696,Regular,5,Delete,Deployment,false
4.302237713,Regular,7,Create,Deployment,false
4.322229901,Regular,6,Create,ConfigMap,false
4.3423208859999995,Regular,7,Update,Deployment,false
4.362781339,Regular,6,Delete,ConfigMap,false
4.382395884,Regular,6,Delete,Deployment,false
4.402221948,Regular,8,Create,Deployment,false
4.423297433,Regular,4,Create,ConfigMap,false
4.442273392,Regular,8,Update,Deployment,false
4.462823424,Regular,5,Delete,ConfigMap,false
4.48291511,Regular,7,Delete,Deployment,false
4.50335275,Regular,6,Create,Deployment,false
4.523427534,Regular,6,Create,ConfigMap,false
4.5435226570000005,Regular,7,Update,Deployment,false
4.562741294,Regular,13,Delete,ConfigMap,false
4.5832253309999995,Regular,11,Delete,Deployment,false
4.6049147470000005,Regular,14,Create,Deployment,false
4.6222614459999996,Regular,7,Create,ConfigMap,false
4.642886951,Regular,6,Update,Deployment,false
4.662821891,Regular,4,Delete,ConfigMap,false
4.682257538,Regular,4,Delete,Deployment,false
4.702635485,Regular,8,Create,Deployment,false
4.722555376,Regular,8,Create,ConfigMap,false
4.742516005,Regular,8,Update,Deployment,false
4.762855589,Regular,4,Delete,ConfigMap,false
4.783043347,Regular,6,Delete,Deployment,false
4.802352455,Regular,7,Create,Deployment,false
4.822758014,Regular,6,Create,ConfigMap,false
4.842369944,Regular,8,Update,Deployment,false
4.862356301,Regular,4,Delete,ConfigMap,false
4.882356915,Regular,6,Delete,Deployment,false
4.90247412,Regular,7,Create,Deployment,false
4.923075309,Regular,6,Create,ConfigMap,false
4.942326507,Regular,9,Update,Deployment,false
4.963330637,Regular,6,Delete,ConfigMap,false
4.983017529,Regular,4,Delete,Deployment,false
5.003357303,Regular,6,Create,Deployment,false
4.022719191,Regular,9,Create,ConfigMap,false
4.042973735,Regular,9,Update,Deployment,false
4.06257785,Regular,5,Delete,ConfigMap,false
4.082974102,Regular,6,Delete,Deployment,false
4.102311252,Regular,8,Create,Deployment,false
4.123166942,Regular,4,Create,ConfigMap,false
4.143267545,Regular,10,Update,Deployment,false
4.162788182,Regular,5,Delete,ConfigMap,false
4.182355197,Regular,4,Delete,Deployment,false
4.202792607,Regular,7,Create,Deployment,false
4.222228523,Regular,5,Create,ConfigMap,false
4.24244715,Regular,6,Update,Deployment,false
4.2622768109999996,Regular,4,Delete,ConfigMap,false
4.283062729,Regular,5,Delete,Deployment,false
4.302295041,Regular,6,Create,Deployment,false
4.322283052,Regular,6,Create,ConfigMap,false
4.342197503,Regular,8,Update,Deployment,false
4.362888312,Regular,5,Delete,ConfigMap,false
4.38237261,Regular,6,Delete,Deployment,false
4.402186822,Regular,8,Create,Deployment,false
4.423314666,Regular,4,Create,ConfigMap,false
4.442378821,Regular,8,Update,Deployment,false
4.46279524,Regular,5,Delete,ConfigMap,false
4.482949535,Regular,4,Delete,Deployment,false
4.503280644,Regular,7,Create,Deployment,false
4.523505442,Regular,6,Create,ConfigMap,false
4.543351253,Regular,7,Update,Deployment,false
4.562753347,Regular,13,Delete,ConfigMap,false
4.583722701,Regular,9,Delete,Deployment,false
4.604056204,Regular,12,Create,Deployment,false
4.622209037,Regular,7,Create,ConfigMap,false
4.642738921,Regular,6,Update,Deployment,false
4.6627367,Regular,5,Delete,ConfigMap,false
4.682262577,Regular,4,Delete,Deployment,false
4.702750231,Regular,9,Create,Deployment,false
4.72237213,Regular,8,Create,ConfigMap,false
4.742447706,Regular,6,Update,Deployment,false
4.762891377,Regular,5,Delete,ConfigMap,false
4.7831826,Regular,5,Delete,Deployment,false
4.8023524349999995,Regular,7,Create,Deployment,false
4.822982829,Regular,6,Create,ConfigMap,false
4.842409519,Regular,7,Update,Deployment,false
4.862356441,Regular,7,Delete,ConfigMap,false
4.882299216,Regular,5,Delete,Deployment,false
4.902390642,Regular,6,Create,Deployment,false
4.923123019,Regular,6,Create,ConfigMap,false
4.942349711,Regular,8,Update,Deployment,false
4.96341166,Regular,5,Delete,ConfigMap,false
4.982916127,Regular,6,Delete,Deployment,false
5.003183064,Regular,6,Create,Deployment,false
5.003047037,Regular,6,Create,Deployment,false
5.023275161,Regular,10,Create,ConfigMap,false
5.043397285,Regular,8,Update,Deployment,false
5.062826269,Regular,5,Delete,ConfigMap,false
5.083085873,Regular,4,Delete,Deployment,false
5.103179893,Regular,6,Create,Deployment,false
5.122326484,Regular,6,Create,ConfigMap,false
5.142436485,Regular,8,Update,Deployment,false
5.162997237,Regular,5,Delete,ConfigMap,false
5.18337284,Regular,4,Delete,Deployment,false
5.202268346,Regular,5,Create,Deployment,false
5.2222349359999995,Regular,7,Create,ConfigMap,false
5.243128898,Regular,7,Update,Deployment,false
5.263389854,Regular,5,Delete,ConfigMap,false
5.28234879,Regular,4,Delete,Deployment,false
5.303042404,Regular,6,Create,Deployment,false
5.323211316,Regular,5,Create,ConfigMap,false
5.342443107,Regular,7,Update,Deployment,false
5.362266777,Regular,5,Delete,ConfigMap,false
5.382856655,Regular,6,Delete,Deployment,false
5.403751689,Regular,7,Create,Deployment,false
5.422662163,Regular,5,Create,ConfigMap,false
5.442310672,Regular,6,Update,Deployment,false
5.463417687,Regular,5,Delete,ConfigMap,false
5.482996624,Regular,5,Delete,Deployment,false
5.503346268,Regular,6,Create,Deployment,false
5.522373222,Regular,6,Create,ConfigMap,false
5.542406258,Regular,9,Update,Deployment,false
5.563277176,Regular,5,Delete,ConfigMap,false
5.583402005,Regular,5,Delete,Deployment,false
5.602385066,Regular,7,Create,Deployment,false
5.623072689,Regular,5,Create,ConfigMap,false
5.642416031,Regular,7,Update,Deployment,false
5.662231986,Regular,5,Delete,ConfigMap,false
5.682332629,Regular,5,Delete,Deployment,false
5.702403526,Regular,6,Create,Deployment,false
5.722185898,Regular,6,Create,ConfigMap,false
5.742417779,Regular,9,Update,Deployment,false
5.763066779,Regular,7,Delete,ConfigMap,false
5.782982272,Regular,6,Delete,Deployment,false
5.802235884,Regular,7,Create,Deployment,false
5.822831884,Regular,9,Create,ConfigMap,false
5.842506943,Regular,13,Update,Deployment,false
5.862886363,Regular,6,Delete,ConfigMap,false
5.883172166,Regular,4,Delete,Deployment,false
5.903446116,Regular,9,Create,Deployment,false
5.922459806,Regular,8,Create,ConfigMap,false
5.942961597,Regular,7,Update,Deployment,false
5.963224156,Regular,4,Delete,ConfigMap,false
5.982846545,Regular,6,Delete,Deployment,false
5.00282611,Regular,6,Create,Deployment,false
5.02295702,Regular,10,Create,ConfigMap,false
5.043201625,Regular,9,Update,Deployment,false
5.062809337,Regular,5,Delete,ConfigMap,false
5.082974282,Regular,5,Delete,Deployment,false
5.103209439,Regular,6,Create,Deployment,false
5.122488861,Regular,5,Create,ConfigMap,false
5.14234395,Regular,7,Update,Deployment,false
5.162976338,Regular,4,Delete,ConfigMap,false
5.18304491,Regular,5,Delete,Deployment,false
5.202190138,Regular,7,Create,Deployment,false
5.222250756,Regular,7,Create,ConfigMap,false
5.242953707,Regular,8,Update,Deployment,false
5.263252224,Regular,5,Delete,ConfigMap,false
5.282352457,Regular,5,Delete,Deployment,false
5.303258412,Regular,6,Create,Deployment,false
5.323222607,Regular,5,Create,ConfigMap,false
5.342351765,Regular,8,Update,Deployment,false
5.362260936,Regular,6,Delete,ConfigMap,false
5.382913983,Regular,6,Delete,Deployment,false
5.403904668,Regular,7,Create,Deployment,false
5.422679997,Regular,4,Create,ConfigMap,false
5.442285945,Regular,8,Update,Deployment,false
5.463516083,Regular,5,Delete,ConfigMap,false
5.482934066,Regular,5,Delete,Deployment,false
5.503038887,Regular,6,Create,Deployment,false
5.522327065,Regular,5,Create,ConfigMap,false
5.542242869,Regular,8,Update,Deployment,false
5.563452027,Regular,5,Delete,ConfigMap,false
5.583347282,Regular,5,Delete,Deployment,false
5.602390056,Regular,7,Create,Deployment,false
5.622772361,Regular,4,Create,ConfigMap,false
5.642349585,Regular,7,Update,Deployment,false
5.66228692,Regular,5,Delete,ConfigMap,false
5.682466031,Regular,5,Delete,Deployment,false
5.702314919,Regular,7,Create,Deployment,false
5.722328668,Regular,6,Create,ConfigMap,false
5.74241822,Regular,9,Update,Deployment,false
5.763176907,Regular,7,Delete,ConfigMap,false
5.783055861,Regular,7,Delete,Deployment,false
5.802271181,Regular,5,Create,Deployment,false
5.823192735,Regular,9,Create,ConfigMap,false
5.842240168,Regular,13,Update,Deployment,false
5.862882145,Regular,6,Delete,ConfigMap,false
5.883065103,Regular,5,Delete,Deployment,false
5.903023458,Regular,8,Create,Deployment,false
5.922606352,Regular,8,Create,ConfigMap,false
5.943063058,Regular,7,Update,Deployment,false
5.963195241,Regular,4,Delete,ConfigMap,false
5.983089384,Regular,6,Delete,Deployment,false
5.023024147,Regular,10,Create,ConfigMap,false
5.043290112,Regular,7,Update,Deployment,false
5.062859071,Regular,5,Delete,ConfigMap,false
5.083106662,Regular,5,Delete,Deployment,false
5.103087208,Regular,7,Create,Deployment,false
5.122433706,Regular,7,Create,ConfigMap,false
5.14232832,Regular,7,Update,Deployment,false
5.163013718,Regular,4,Delete,ConfigMap,false
5.183247543,Regular,6,Delete,Deployment,false
5.202259429,Regular,7,Create,Deployment,false
5.222237871,Regular,6,Create,ConfigMap,false
5.243208729,Regular,8,Update,Deployment,false
5.263155261,Regular,5,Delete,ConfigMap,false
5.282373256,Regular,5,Delete,Deployment,false
5.303240929,Regular,6,Create,Deployment,false
5.323241272,Regular,5,Create,ConfigMap,false
5.342415555,Regular,9,Update,Deployment,false
5.362266226,Regular,4,Delete,ConfigMap,false
5.382895518,Regular,6,Delete,Deployment,false
5.403712875,Regular,6,Create,Deployment,false
5.422606217,Regular,4,Create,ConfigMap,false
5.442254756,Regular,8,Update,Deployment,false
5.46356753,Regular,5,Delete,ConfigMap,false
5.483056637,Regular,4,Delete,Deployment,false
5.503290342,Regular,7,Create,Deployment,false
5.522422505,Regular,5,Create,ConfigMap,false
5.542377673,Regular,9,Update,Deployment,false
5.563198888,Regular,5,Delete,ConfigMap,false
5.58352078,Regular,5,Delete,Deployment,false
5.602266222,Regular,7,Create,Deployment,false
5.622881938,Regular,5,Create,ConfigMap,false
5.642311483,Regular,7,Update,Deployment,false
5.662207971,Regular,5,Delete,ConfigMap,false
5.682336827,Regular,5,Delete,Deployment,false
5.702565042,Regular,7,Create,Deployment,false
5.722215995,Regular,6,Create,ConfigMap,false
5.742281091,Regular,9,Update,Deployment,false
5.76317889,Regular,7,Delete,ConfigMap,false
5.783026065,Regular,7,Delete,Deployment,false
5.80223879,Regular,7,Create,Deployment,false
5.82328521,Regular,9,Create,ConfigMap,false
5.842467829,Regular,13,Update,Deployment,false
5.862274286,Regular,8,Delete,ConfigMap,false
5.883197724,Regular,5,Delete,Deployment,false
5.903150367,Regular,9,Create,Deployment,false
5.922429869,Regular,8,Create,ConfigMap,false
5.94296871,Regular,7,Update,Deployment,false
5.963164704,Regular,4,Delete,ConfigMap,false
5.982970319,Regular,5,Delete,Deployment,false
5.022931983,Regular,10,Create,ConfigMap,false
5.043248093,Regular,8,Update,Deployment,false
5.062960823,Regular,5,Delete,ConfigMap,false
5.082862681,Regular,4,Delete,Deployment,false
5.10327314,Regular,6,Create,Deployment,false
5.122237596,Regular,7,Create,ConfigMap,false
5.142424472,Regular,8,Update,Deployment,false
5.163043865,Regular,6,Delete,ConfigMap,false
5.1832049829999995,Regular,4,Delete,Deployment,false
5.202225675,Regular,7,Create,Deployment,false
5.222303255,Regular,7,Create,ConfigMap,false
5.243624715,Regular,7,Update,Deployment,false
5.263419811,Regular,5,Delete,ConfigMap,false
5.282415686,Regular,4,Delete,Deployment,false
5.303224548,Regular,6,Create,Deployment,false
5.32334061,Regular,5,Create,ConfigMap,false
5.342374477,Regular,9,Update,Deployment,false
5.362270674,Regular,5,Delete,ConfigMap,false
5.382997381,Regular,6,Delete,Deployment,false
5.403534108,Regular,7,Create,Deployment,false
5.422626436,Regular,5,Create,ConfigMap,false
5.442323466,Regular,8,Update,Deployment,false
5.463512336,Regular,5,Delete,ConfigMap,false
5.483038373,Regular,5,Delete,Deployment,false
5.503504887,Regular,6,Create,Deployment,false
5.522394071,Regular,6,Create,ConfigMap,false
5.542255493,Regular,8,Update,Deployment,false
5.563489006,Regular,5,Delete,ConfigMap,false
5.583177301,Regular,4,Delete,Deployment,false
5.602297731,Regular,7,Create,Deployment,false
5.622991135,Regular,5,Create,ConfigMap,false
5.642308678,Regular,7,Update,Deployment,false
5.662284716,Regular,5,Delete,ConfigMap,false
5.682346756,Regular,5,Delete,Deployment,false
5.702503455,Regular,6,Create,Deployment,false
5.722212799,Regular,6,Create,ConfigMap,false
5.742244782,Regular,10,Update,Deployment,false
5.763052181,Regular,7,Delete,ConfigMap,false
5.783071791,Regular,7,Delete,Deployment,false
5.802235163,Regular,8,Create,Deployment,false
5.822725533,Regular,10,Create,ConfigMap,false
5.842433143,Regular,13,Update,Deployment,false
5.863425842,Regular,6,Delete,ConfigMap,false
5.883096182,Regular,5,Delete,Deployment,false
5.903260566,Regular,9,Create,Deployment,false
5.922574001,Regular,8,Create,ConfigMap,false
5.943053981,Regular,7,Update,Deployment,false
5.963300641,Regular,4,Delete,ConfigMap,false
5.98281742,Regular,6,Delete,Deployment,false
5.023143984,Regular,10,Create,ConfigMap,false
5.043344485,Regular,8,Update,Deployment,false
5.063181801,Regular,5,Delete,ConfigMap,false
5.082997445,Regular,4,Delete,Deployment,false
5.103218386,Regular,6,Create,Deployment,false
5.122375186,Regular,7,Create,ConfigMap,false
5.142432908,Regular,7,Update,Deployment,false
5.163033105,Regular,6,Delete,ConfigMap,false
5.183177381,Regular,6,Delete,Deployment,false
5.202242647,Regular,7,Create,Deployment,false
5.222256537,Regular,6,Create,ConfigMap,false
5.243117787,Regular,7,Update,Deployment,false
5.263506785,Regular,5,Delete,ConfigMap,false
5.282380019,Regular,4,Delete,Deployment,false
5.303164875,Regular,6,Create,Deployment,false
5.323294853,Regular,5,Create,ConfigMap,false
5.34235984,Regular,7,Update,Deployment,false
5.362275744,Regular,6,Delete,ConfigMap,false
5.382844882,Regular,4,Delete,Deployment,false
5.40322844,Regular,7,Create,Deployment,false
5.422644319,Regular,4,Create,ConfigMap,false
5.442273281,Regular,8,Update,Deployment,false
5.4635735610000005,Regular,5,Delete,ConfigMap,false
5.483065835,Regular,5,Delete,Deployment,false
5.503371626,Regular,7,Create,Deployment,false
5.522433376,Regular,6,Create,ConfigMap,false
5.542397932,Regular,8,Update,Deployment,false
5.563532909,Regular,5,Delete,ConfigMap,false
5.583469623,Regular,5,Delete,Deployment,false
5.602367363,Regular,7,Create,Deployment,false
5.622958132,Regular,5,Create,ConfigMap,false
5.642325219,Regular,7,Update,Deployment,false
5.662285758,Regular,3,Delete,ConfigMap,false
5.682326738,Regular,5,Delete,Deployment,false
5.702572916,Regular,7,Create,Deployment,false
5.722184796,Regular,6,Create,ConfigMap,false
5.742330084,Regular,10,Update,Deployment,false
5.76324762,Regular,7,Delete,ConfigMap,false
5.782967554,Regular,7,Delete,Deployment,false
5.802240162,Regular,7,Create,Deployment,false
5.823297724,Regular,9,Create,ConfigMap,false
5.842301765,Regular,9,Update,Deployment,false
5.863202009,Regular,7,Delete,ConfigMap,false
5.8832377000000005,Regular,5,Delete,Deployment,false
5.903337291,Regular,8,Create,Deployment,false
5.922500923,Regular,8,Create,ConfigMap,false
5.942885002,Regular,7,Update,Deployment,false
5.96331096,Regular,4,Delete,ConfigMap,false
5.982875891,Regular,6,Delete,Deployment,false
5.00301146,Regular,6,Create,Deployment,false
5.023176735,Regular,10,Create,ConfigMap,false
5.043220391,Regular,8,Update,Deployment,false
5.062859963,Regular,5,Delete,ConfigMap,false
5.083018615,Regular,5,Delete,Deployment,false
5.103311352,Regular,6,Create,Deployment,false
5.122375707,Regular,5,Create,ConfigMap,false
5.14237073,Regular,8,Update,Deployment,false
5.162939909,Regular,5,Delete,ConfigMap,false
5.18333562,Regular,5,Delete,Deployment,false
5.202200708,Regular,7,Create,Deployment,false
5.222338572,Regular,6,Create,ConfigMap,false
5.243222044,Regular,7,Update,Deployment,false
5.263446792,Regular,4,Delete,ConfigMap,false
5.282350673,Regular,5,Delete,Deployment,false
5.303510879,Regular,4,Create,Deployment,false
5.323253235,Regular,5,Create,ConfigMap,false
5.342457244,Regular,7,Update,Deployment,false
5.362302715,Regular,5,Delete,ConfigMap,false
5.382935363,Regular,6,Delete,Deployment,false
5.40341902,Regular,7,Create,Deployment,false
5.422692761,Regular,5,Create,ConfigMap,false
5.442270205,Regular,7,Update,Deployment,false
5.463597887,Regular,5,Delete,ConfigMap,false
5.482954484,Regular,5,Delete,Deployment,false
5.503174082,Regular,7,Create,Deployment,false
5.522349096,Regular,6,Create,ConfigMap,false
5.542251816,Regular,7,Update,Deployment,false
5.563421729,Regular,5,Delete,ConfigMap,false
5.583350999,Regular,5,Delete,Deployment,false
5.602294215,Regular,7,Create,Deployment,false
5.623095983,Regular,4,Create,ConfigMap,false
5.642399299,Regular,7,Update,Deployment,false
5.662204574,Regular,5,Delete,ConfigMap,false
5.682404806,Regular,5,Delete,Deployment,false
5.702346238,Regular,7,Create,Deployment,false
5.722292349,Regular,6,Create,ConfigMap,false
5.742443788,Regular,6,Update,Deployment,false
5.763174953,Regular,7,Delete,ConfigMap,false
5.7829547,Regular,7,Delete,Deployment,false
5.802239742,Regular,7,Create,Deployment,false
5.823076476,Regular,9,Create,ConfigMap,false
5.84230421,Regular,13,Update,Deployment,false
5.863069719,Regular,7,Delete,ConfigMap,false
5.88317447,Regular,5,Delete,Deployment,false
5.903348472,Regular,9,Create,Deployment,false
5.922405262,Regular,6,Create,ConfigMap,false
5.9430536,Regular,7,Update,Deployment,false
5.963276805,Regular,4,Delete,ConfigMap,false
5.983025954,Regular,6,Delete,Deployment,false
5.002804579,Regular,6,Create,Deployment,false
5.022875065,Regular,10,Create,ConfigMap,false
5.043181367,Regular,8,Update,Deployment,false
5.062978597,Regular,4,Delete,ConfigMap,false
5.0828994,Regular,5,Delete,Deployment,false
5.103304539,Regular,7,Create,Deployment,false
5.122249488,Regular,7,Create,ConfigMap,false
5.142421466,Regular,7,Update,Deployment,false
5.163100282,Regular,6,Delete,ConfigMap,false
5.18306083,Regular,6,Delete,Deployment,false
5.202187723,Regular,7,Create,Deployment,false
5.222270503,Regular,6,Create,ConfigMap,false
5.24297131,Regular,8,Update,Deployment,false
5.263231866,Regular,5,Delete,ConfigMap,false
5.282425895,Regular,5,Delete,Deployment,false
5.303339685,Regular,6,Create,Deployment,false
5.323332545,Regular,5,Create,ConfigMap,false
5.34234947,Regular,6,Update,Deployment,false
5.362343061,Regular,5,Delete,ConfigMap,false
5.382953207,Regular,6,Delete,Deployment,false
5.403809398,Regular,6,Create,Deployment,false
5.422578395,Regular,5,Create,ConfigMap,false
5.442252892,Regular,8,Update,Deployment,false
5.463438195,Regular,6,Delete,ConfigMap,false
5.482831732,Regular,5,Delete,Deployment,false
5.503041752,Regular,7,Create,Deployment,false
5.522326323,Regular,6,Create,ConfigMap,false
5.542314494,Regular,9,Update,Deployment,false
5.56343778,Regular,4,Delete,ConfigMap,false
5.583257532,Regular,5,Delete,Deployment,false
5.602277804,Regular,7,Create,Deployment,false
5.62270799,Regular,4,Create,ConfigMap,false
5.6424150090000005,Regular,8,Update,Deployment,false
5.662247546,Regular,5,Delete,ConfigMap,false
5.682319855,Regular,5,Delete,Deployment,false
5.702341349,Regular,7,Create,Deployment,false
5.72229271,Regular,6,Create,ConfigMap,false
5.742387161,Regular,9,Update,Deployment,false
5.763144004,Regular,7,Delete,ConfigMap,false
5.783006318,Regular,7,Delete,Deployment,false
5.802192202,Regular,8,Create,Deployment,false
5.823203716,Regular,9,Create,ConfigMap,false
5.842252241,Regular,13,Update,Deployment,false
5.862755305,Regular,7,Delete,ConfigMap,false
5.883078789,Regular,4,Delete,Deployment,false
5.903053094,Regular,8,Create,Deployment,false
5.922513317,Regular,8,Create,ConfigMap,false
5.943004508,Regular,7,Update,Deployment,false
5.963208346,Regular,5,Delete,ConfigMap,false
5.9832343980000005,Regular,5,Delete,Deployment,false
5.023120429,Regular,10,Create,ConfigMap,false
5.043446598,Regular,8,Update,Deployment,false
5.062930105,Regular,5,Delete,ConfigMap,false
5.083071155,Regular,4,Delete,Deployment,false
5.10319394,Regular,7,Create,Deployment,false
5.122311475,Regular,7,Create,ConfigMap,false
5.14235996,Regular,8,Update,Deployment,false
5.163105592,Regular,6,Delete,ConfigMap,false
5.183148626,Regular,5,Delete,Deployment,false
5.202210025,Regular,7,Create,Deployment,false
5.222232882,Regular,7,Create,ConfigMap,false
5.243247051,Regular,7,Update,Deployment,false
5.263389494,Regular,5,Delete,ConfigMap,false
5.282359049,Regular,4,Delete,Deployment,false
5.303342711,Regular,6,Create,Deployment,false
5.323308249,Regular,5,Create,ConfigMap,false
5.342405466,Regular,9,Update,Deployment,false
5.362292686,Regular,5,Delete,ConfigMap,false
5.382878606,Regular,6,Delete,Deployment,false
5.403128762,Regular,8,Create,Deployment,false
5.422668455,Regular,5,Create,ConfigMap,false
5.442269374,Regular,7,Update,Deployment,false
5.463436071,Regular,5,Delete,ConfigMap,false
5.482979141,Regular,5,Delete,Deployment,false
5.503147392,Regular,7,Create,Deployment,false
5.5224175760000005,Regular,6,Create,ConfigMap,false
5.5423102459999996,Regular,8,Update,Deployment,false
5.563406861,Regular,4,Delete,ConfigMap,false
5.583274174,Regular,4,Delete,Deployment,false
5.602290057,Regular,6,Create,Deployment,false
5.622910011,Regular,4,Create,ConfigMap,false
5.642342061,Regular,7,Update,Deployment,false
5.662218871,Regular,5,Delete,ConfigMap,false
5.6823836960000005,Regular,5,Delete,Deployment,false
5.702403576,Regular,7,Create,Deployment,false
5.7223412719999995,Regular,6,Create,ConfigMap,false
5.742390568,Regular,9,Update,Deployment,false
5.7631019949999995,Regular,7,Delete,ConfigMap,false
5.783121866,Regular,7,Delete,Deployment,false
5.802237838,Regular,8,Create,Deployment,false
5.823024838,Regular,9,Create,ConfigMap,false
5.842229017,Regular,13,Update,Deployment,false
5.862956745,Regular,7,Delete,ConfigMap,false
5.883119326,Regular,5,Delete,Deployment,false
5.903249845,Regular,7,Create,Deployment,false
5.922547331,Regular,8,Create,ConfigMap,false
5.942978699,Regular,7,Update,Deployment,false
5.963265324,Regular,4,Delete,ConfigMap,false
5.983022087,Regular,6,Delete,Deployment,false
5.00326018,Regular,6,Create,Deployment,false
5.022915412,Regular,10,Create,ConfigMap,false
5.043365906,Regular,9,Update,Deployment,false
5.0629116,Regular,5,Delete,ConfigMap,false
5.083043863,Regular,4,Delete,Deployment,false
5.103304699,Regular,6,Create,Deployment,false
5.12232439,Regular,7,Create,ConfigMap,false
5.142321668,Regular,7,Update,Deployment,false
5.163077879,Regular,6,Delete,ConfigMap,false
5.183361919,Regular,6,Delete,Deployment,false
5.202213362,Regular,7,Create,Deployment,false
5.222288577,Regular,7,Create,ConfigMap,false
5.243183711,Regular,7,Update,Deployment,false
5.263134191,Regular,5,Delete,ConfigMap,false
5.28239678,Regular,4,Delete,Deployment,false
5.303359072,Regular,6,Create,Deployment,false
5.32327706,Regular,5,Create,ConfigMap,false
5.342383885,Regular,6,Update,Deployment,false
5.362285853,Regular,5,Delete,ConfigMap,false
5.382948338,Regular,6,Delete,Deployment,false
5.403594522,Regular,6,Create,Deployment,false
5.422712819,Regular,5,Create,ConfigMap,false
5.442311102,Regular,8,Update,Deployment,false
5.463596845,Regular,5,Delete,ConfigMap,false
5.482990052,Regular,5,Delete,Deployment,false
5.503194701,Regular,6,Create,Deployment,false
5.522339648,Regular,6,Create,ConfigMap,false
5.542367504,Regular,9,Update,Deployment,false
5.5631799619999995,Regular,5,Delete,ConfigMap,false
5.583366819,Regular,5,Delete,Deployment,false
5.602333749,Regular,7,Create,Deployment,false
5.623053352,Regular,4,Create,ConfigMap,false
5.642247362,Regular,7,Update,Deployment,false
5.662197711,Regular,5,Delete,ConfigMap,false
5.682332609,Regular,5,Delete,Deployment,false
5.702340036,Regular,7,Create,Deployment,false
5.722336302,Regular,4,Create,ConfigMap,false
5.742442266,Regular,9,Update,Deployment,false
5.76324754,Regular,5,Delete,ConfigMap,false
5.783072312,Regular,7,Delete,Deployment,false
5.802257776,Regular,7,Create,Deployment,false
5.823051118,Regular,9,Create,ConfigMap,false
5.842444364,Regular,11,Update,Deployment,false
5.863081772,Regular,7,Delete,ConfigMap,false
5.883418802,Regular,4,Delete,Deployment,false
5.903360414,Regular,8,Create,Deployment,false
5.922546049,Regular,8,Create,ConfigMap,false
5.943057318,Regular,7,Update,Deployment,false
5.963099751,Regular,5,Delete,ConfigMap,false
5.983024932,Regular,6,Delete,Deployment,false
5.002993055,Regular,6,Create,Deployment,false
5.023215098,Regular,9,Create,ConfigMap,false
5.043321552,Regular,7,Update,Deployment,false
5.062881323,Regular,5,Delete,ConfigMap,false
5.08306313,Regular,5,Delete,Deployment,false
5.103291595,Regular,6,Create,Deployment,false
5.122248416,Regular,7,Create,ConfigMap,false
5.142347857,Regular,8,Update,Deployment,false
5.162953434,Regular,5,Delete,ConfigMap,false
5.183167131,Regular,6,Delete,Deployment,false
5.202200668,Regular,7,Create,Deployment,false
5.222279209,Regular,6,Create,ConfigMap,false
5.24300819,Regular,7,Update,Deployment,false
5.263632703,Regular,5,Delete,ConfigMap,false
5.2824022809999995,Regular,5,Delete,Deployment,false
5.302989173,Regular,6,Create,Deployment,false
5.323268564,Regular,5,Create,ConfigMap,false
5.3424280490000005,Regular,9,Update,Deployment,false
5.362280342,Regular,4,Delete,ConfigMap,false
5.382988063,Regular,6,Delete,Deployment,false
5.403349168,Regular,7,Create,Deployment,false
5.422569077,Regular,5,Create,ConfigMap,false
5.442255758,Regular,8,Update,Deployment,false
5.46322376,Regular,5,Delete,ConfigMap,false
5.48304208,Regular,5,Delete,Deployment,false
5.50340561,Regular,7,Create,Deployment,false
5.522420641,Regular,4,Create,ConfigMap,false
5.542327008,Regular,9,Update,Deployment,false
5.563366946,Regular,5,Delete,ConfigMap,false
5.583448283,Regular,5,Delete,Deployment,false
5.602489123,Regular,7,Create,Deployment,false
5.6229025870000005,Regular,4,Create,ConfigMap,false
5.642414027,Regular,7,Update,Deployment,false
5.662257855,Regular,5,Delete,ConfigMap,false
5.6823372580000004,Regular,5,Delete,Deployment,false
5.702428163,Regular,7,Create,Deployment,false
5.722264677,Regular,6,Create,ConfigMap,false
5.742321127,Regular,6,Update,Deployment,false
5.76308887,Regular,7,Delete,ConfigMap,false
5.78304468,Regular,7,Delete,Deployment,false
5.802236756,Regular,7,Create,Deployment,false
5.823089621,Regular,9,Create,ConfigMap,false
5.842348573,Regular,13,Update,Deployment,false
5.863458995,Regular,5,Delete,ConfigMap,false
5.883178398,Regular,4,Delete,Deployment,false
5.903363941,Regular,8,Create,Deployment,false
5.922487468,Regular,8,Create,ConfigMap,false
5.943040365,Regular,7,Update,Deployment,false
5.963266586,Regular,4,Delete,ConfigMap,false
5.98289157,Regular,5,Delete,Deployment,false
6.003182974,Regular,6,Create,Deployment,false
6.003127419,Regular,6,Create,Deployment,false
6.022191884,Regular,6,Create,ConfigMap,false
6.043195694,Regular,6,Update,Deployment,false
6.063187972,Regular,4,Delete,ConfigMap,false
6.082833636,Regular,4,Delete,Deployment,false
6.102352971,Regular,7,Create,Deployment,false
6.122203692,Regular,7,Create,ConfigMap,false
6.143098786,Regular,7,Update,Deployment,false
6.163214207,Regular,6,Delete,ConfigMap,false
6.183297197,Regular,9,Delete,Deployment,false
6.203246995,Regular,6,Create,Deployment,false
6.222393245,Regular,7,Create,ConfigMap,false
6.243172911,Regular,8,Update,Deployment,false
6.262297059,Regular,5,Delete,ConfigMap,false
6.283740961,Regular,4,Delete,Deployment,false
6.302449583,Regular,7,Create,Deployment,false
6.3229207370000005,Regular,4,Create,ConfigMap,false
6.342714189,Regular,7,Update,Deployment,false
6.363069864,Regular,6,Delete,ConfigMap,false
6.383056863,Regular,5,Delete,Deployment,false
6.403291089,Regular,6,Create,Deployment,false
6.423282776,Regular,4,Create,ConfigMap,false
6.442241531,Regular,7,Update,Deployment,false
6.462774591,Regular,6,Delete,ConfigMap,false
6.483312491,Regular,5,Delete,Deployment,false
6.502833559,Regular,5,Create,Deployment,false
6.522909736,Regular,5,Create,ConfigMap,false
6.542248549,Regular,7,Update,Deployment,false
6.562333994,Regular,5,Delete,ConfigMap,false
6.582320591,Regular,5,Delete,Deployment,false
6.603146786,Regular,5,Create,Deployment,false
6.622442878,Regular,5,Create,ConfigMap,false
6.642407725,Regular,7,Update,Deployment,false
6.663679872,Regular,5,Delete,ConfigMap,false
6.682935008,Regular,6,Delete,Deployment,false
6.702978433,Regular,6,Create,Deployment,false
6.722896531,Regular,6,Create,ConfigMap,false
6.742424812,Regular,9,Update,Deployment,false
6.762292015,Regular,5,Delete,ConfigMap,false
6.782804606,Regular,6,Delete,Deployment,false
6.80279417,Regular,5,Create,Deployment,false
6.822339082,Regular,6,Create,ConfigMap,false
6.842338284,Regular,8,Update,Deployment,false
6.862358265,Regular,6,Delete,ConfigMap,false
6.882250855,Regular,6,Delete,Deployment,false
6.903819662,Regular,7,Create,Deployment,false
6.9231994629999996,Regular,4,Create,ConfigMap,false
6.942252487,Regular,8,Update,Deployment,false
6.962283268,Regular,6,Delete,ConfigMap,false
6.982440177,Regular,5,Delete,Deployment,false
6.003451902,Regular,6,Create,Deployment,false
6.022301221,Regular,4,Create,ConfigMap,false
6.043142614,Regular,7,Update,Deployment,false
6.063522975,Regular,6,Delete,ConfigMap,false
6.082801395,Regular,5,Delete,Deployment,false
6.102374882,Regular,8,Create,Deployment,false
6.122328177,Regular,7,Create,ConfigMap,false
6.143361943,Regular,9,Update,Deployment,false
6.163664047,Regular,5,Delete,ConfigMap,false
6.183403658,Regular,9,Delete,Deployment,false
6.203129964,Regular,6,Create,Deployment,false
6.222238062,Regular,7,Create,ConfigMap,false
6.243374412,Regular,7,Update,Deployment,false
6.262496225,Regular,5,Delete,ConfigMap,false
6.28388895,Regular,4,Delete,Deployment,false
6.302387586,Regular,8,Create,Deployment,false
6.323073626,Regular,4,Create,ConfigMap,false
6.342693139,Regular,6,Update,Deployment,false
6.36307796,Regular,6,Delete,ConfigMap,false
6.382993794,Regular,5,Delete,Deployment,false
6.403290007,Regular,5,Create,Deployment,false
6.423234985,Regular,4,Create,ConfigMap,false
6.442283951,Regular,7,Update,Deployment,false
6.4629755509999995,Regular,6,Delete,ConfigMap,false
6.483304927,Regular,4,Delete,Deployment,false
6.502869897,Regular,5,Create,Deployment,false
6.522898294,Regular,5,Create,ConfigMap,false
6.5423386489999995,Regular,8,Update,Deployment,false
6.562313215,Regular,5,Delete,ConfigMap,false
6.582340319,Regular,4,Delete,Deployment,false
6.603237056,Regular,5,Create,Deployment,false
6.622380901,Regular,5,Create,ConfigMap,false
6.6425014319999995,Regular,7,Update,Deployment,false
6.663693458,Regular,5,Delete,ConfigMap,false
6.6831061510000005,Regular,5,Delete,Deployment,false
6.703036703,Regular,5,Create,Deployment,false
6.722951665,Regular,6,Create,ConfigMap,false
6.742327428,Regular,9,Update,Deployment,false
6.762386393,Regular,5,Delete,ConfigMap,false
6.782684399,Regular,6,Delete,Deployment,false
6.803108113,Regular,4,Create,Deployment,false
6.82236956,Regular,6,Create,ConfigMap,false
6.84223038,Regular,9,Update,Deployment,false
6.862745857,Regular,6,Delete,ConfigMap,false
6.882258119,Regular,6,Delete,Deployment,false
6.90393499,Regular,7,Create,Deployment,false
6.923217828,Regular,5,Create,ConfigMap,false
6.942245203,Regular,8,Update,Deployment,false
6.962354974,Regular,6,Delete,ConfigMap,false
6.982503427,Regular,5,Delete,Deployment,false
6.003051686,Regular,6,Create,Deployment,false
6.022264421,Regular,5,Create,ConfigMap,false
6.043208548,Regular,6,Update,Deployment,false
6.063109294,Regular,6,Delete,ConfigMap,false
6.082950727,Regular,4,Delete,Deployment,false
6.102357299,Regular,7,Create,Deployment,false
6.122340039,Regular,7,Create,ConfigMap,false
6.143303262,Regular,7,Update,Deployment,false
6.163890145,Regular,5,Delete,ConfigMap,false
6.183206826,Regular,7,Delete,Deployment,false
6.203142428,Regular,6,Create,Deployment,false
6.22232187,Regular,8,Create,ConfigMap,false
6.243112587,Regular,7,Update,Deployment,false
6.26260964,Regular,4,Delete,ConfigMap,false
6.283197834,Regular,4,Delete,Deployment,false
6.302346058,Regular,8,Create,Deployment,false
6.323025535,Regular,5,Create,ConfigMap,false
6.342785835,Regular,7,Update,Deployment,false
6.36312575,Regular,6,Delete,ConfigMap,false
6.383014443,Regular,5,Delete,Deployment,false
6.403142368,Regular,6,Create,Deployment,false
6.423272476,Regular,4,Create,ConfigMap,false
6.442280435,Regular,7,Update,Deployment,false
6.462975651,Regular,6,Delete,ConfigMap,false
6.483413261,Regular,5,Delete,Deployment,false
6.502851352,Regular,5,Create,Deployment,false
6.5228089449999995,Regular,5,Create,ConfigMap,false
6.542412569,Regular,7,Update,Deployment,false
6.562302925,Regular,5,Delete,ConfigMap,false
6.582336411,Regular,5,Delete,Deployment,false
6.603025807,Regular,5,Create,Deployment,false
6.62236937,Regular,5,Create,ConfigMap,false
6.642451288,Regular,7,Update,Deployment,false
6.663673901,Regular,5,Delete,ConfigMap,false
6.682805493,Regular,6,Delete,Deployment,false
6.702851142,Regular,5,Create,Deployment,false
6.722976823,Regular,6,Create,ConfigMap,false
6.742357936,Regular,9,Update,Deployment,false
6.7623942580000005,Regular,6,Delete,ConfigMap,false
6.782719836,Regular,3,Delete,Deployment,false
6.803120466,Regular,4,Create,Deployment,false
6.822362066,Regular,6,Create,ConfigMap,false
6.842298309,Regular,8,Update,Deployment,false
6.862527204,Regular,6,Delete,ConfigMap,false
6.882237991,Regular,4,Delete,Deployment,false
6.903390842,Regular,7,Create,Deployment,false
6.923241423,Regular,5,Create,ConfigMap,false
6.942358737,Regular,8,Update,Deployment,false
6.9622845810000005,Regular,6,Delete,ConfigMap,false
6.982525408,Regular,5,Delete,Deployment,false
6.003473082,Regular,6,Create,Deployment,false
6.022261506,Regular,6,Create,ConfigMap,false
6.043231873,Regular,7,Update,Deployment,false
6.063320012,Regular,5,Delete,ConfigMap,false
6.082864735,Regular,4,Delete,Deployment,false
6.102440135,Regular,8,Create,Deployment,false
6.122281609,Regular,7,Create,ConfigMap,false
6.143443467,Regular,7,Update,Deployment,false
6.163307383,Regular,6,Delete,ConfigMap,false
6.183349476,Regular,7,Delete,Deployment,false
6.203013314,Regular,6,Create,Deployment,false
6.222249203,Regular,6,Create,ConfigMap,false
6.24319865,Regular,8,Update,Deployment,false
6.262349578,Regular,5,Delete,ConfigMap,false
6.283554298,Regular,5,Delete,Deployment,false
6.302372929,Regular,7,Create,Deployment,false
6.322878998,Regular,5,Create,ConfigMap,false
6.34278325,Regular,7,Update,Deployment,false
6.362944177,Regular,6,Delete,ConfigMap,false
6.383259796,Regular,5,Delete,Deployment,false
6.403220806,Regular,5,Create,Deployment,false
6.423219736,Regular,4,Create,ConfigMap,false
6.442256409,Regular,8,Update,Deployment,false
6.462917822,Regular,6,Delete,ConfigMap,false
6.483098687,Regular,5,Delete,Deployment,false
6.502919651,Regular,5,Create,Deployment,false
6.522835375,Regular,5,Create,ConfigMap,false
6.542310156,Regular,7,Update,Deployment,false
6.56228426,Regular,5,Delete,ConfigMap,false
6.58231477,Regular,5,Delete,Deployment,false
6.603396448,Regular,5,Create,Deployment,false
6.622262287,Regular,5,Create,ConfigMap,false
6.642462399,Regular,7,Update,Deployment,false
6.663618767,Regular,5,Delete,ConfigMap,false
6.68303127,Regular,6,Delete,Deployment,false
6.703065287,Regular,5,Create,Deployment,false
6.722911219,Regular,6,Create,ConfigMap,false
6.742422207,Regular,9,Update,Deployment,false
6.762262649,Regular,4,Delete,ConfigMap,false
6.782922319,Regular,6,Delete,Deployment,false
6.802938713,Regular,5,Create,Deployment,false
6.822384849,Regular,6,Create,ConfigMap,false
6.842278391,Regular,8,Update,Deployment,false
6.862454857,Regular,6,Delete,ConfigMap,false
6.88223759,Regular,6,Delete,Deployment,false
6.90384503,Regular,7,Create,Deployment,false
6.923275637,Regular,5,Create,ConfigMap,false
6.9422752899999995,Regular,8,Update,Deployment,false
6.96227368,Regular,7,Delete,ConfigMap,false
6.982577507,Regular,5,Delete,Deployment,false
6.003417067,Regular,6,Create,Deployment,false
6.022261506,Regular,6,Create,ConfigMap,false
6.043099472,Regular,6,Update,Deployment,false
6.063128049,Regular,4,Delete,ConfigMap,false
6.082896314,Regular,6,Delete,Deployment,false
6.102571143,Regular,5,Create,Deployment,false
6.122326203,Regular,7,Create,ConfigMap,false
6.143458856,Regular,7,Update,Deployment,false
6.16345395,Regular,6,Delete,ConfigMap,false
6.183381747,Regular,8,Delete,Deployment,false
6.203220976,Regular,6,Create,Deployment,false
6.222301161,Regular,7,Create,ConfigMap,false
6.243238325,Regular,7,Update,Deployment,false
6.26250373,Regular,5,Delete,ConfigMap,false
6.283758774,Regular,5,Delete,Deployment,false
6.302452739,Regular,6,Create,Deployment,false
6.323288081,Regular,5,Create,ConfigMap,false
6.342669605,Regular,7,Update,Deployment,false
6.363113086,Regular,6,Delete,ConfigMap,false
6.383115714,Regular,5,Delete,Deployment,false
6.403186972,Regular,5,Create,Deployment,false
6.42329037,Regular,4,Create,ConfigMap,false
6.442255417,Regular,8,Update,Deployment,false
6.462975461,Regular,6,Delete,ConfigMap,false
6.483309265,Regular,5,Delete,Deployment,false
6.502955128,Regular,5,Create,Deployment,false
6.522863879,Regular,5,Create,ConfigMap,false
6.542260842,Regular,7,Update,Deployment,false
6.562515878,Regular,5,Delete,ConfigMap,false
6.582373521,Regular,5,Delete,Deployment,false
6.603221287,Regular,5,Create,Deployment,false
6.622368017,Regular,5,Create,ConfigMap,false
6.642568359,Regular,6,Update,Deployment,false
6.663757609,Regular,5,Delete,ConfigMap,false
6.682840189,Regular,6,Delete,Deployment,false
6.703209088,Regular,5,Create,Deployment,false
6.723168485,Regular,6,Create,ConfigMap,false
6.742336245,Regular,9,Update,Deployment,false
6.762424876,Regular,4,Delete,ConfigMap,false
6.782887362,Regular,6,Delete,Deployment,false
6.803052828,Regular,5,Create,Deployment,false
6.822350504,Regular,7,Create,ConfigMap,false
6.842243505,Regular,8,Update,Deployment,false
6.862439979,Regular,6,Delete,ConfigMap,false
6.882246116,Regular,6,Delete,Deployment,false
6.903901006,Regular,6,Create,Deployment,false
6.923276038,Regular,5,Create,ConfigMap,false
6.942343378,Regular,8,Update,Deployment,false
6.962265935,Regular,7,Delete,ConfigMap,false
6.9825361489999995,Regular,5,Delete,Deployment,false
6.022278839,Regular,5,Create,ConfigMap,false
6.043088512,Regular,7,Update,Deployment,false
6.063100718,Regular,6,Delete,ConfigMap,false
6.082979772,Regular,4,Delete,Deployment,false
6.10253798,Regular,7,Create,Deployment,false
6.122230522,Regular,6,Create,ConfigMap,false
6.143123292,Regular,7,Update,Deployment,false
6.163532709,Regular,5,Delete,ConfigMap,false
6.183441419,Regular,9,Delete,Deployment,false
6.203185158,Regular,6,Create,Deployment,false
6.222347529,Regular,8,Create,ConfigMap,false
6.243327744,Regular,7,Update,Deployment,false
6.262462903,Regular,4,Delete,ConfigMap,false
6.283629871,Regular,5,Delete,Deployment,false
6.302347601,Regular,8,Create,Deployment,false
6.323349196,Regular,4,Create,ConfigMap,false
6.342811122,Regular,5,Update,Deployment,false
6.362992428,Regular,6,Delete,ConfigMap,false
6.383156621,Regular,3,Delete,Deployment,false
6.403040265,Regular,5,Create,Deployment,false
6.423262898,Regular,4,Create,ConfigMap,false
6.442266027,Regular,8,Update,Deployment,false
6.462851957,Regular,6,Delete,ConfigMap,false
6.483191502,Regular,5,Delete,Deployment,false
6.503048535,Regular,5,Create,Deployment,false
6.522805088,Regular,5,Create,ConfigMap,false
6.542221929,Regular,7,Update,Deployment,false
6.562634321,Regular,5,Delete,ConfigMap,false
6.582386125,Regular,4,Delete,Deployment,false
6.603411286,Regular,4,Create,Deployment,false
6.622303255,Regular,5,Create,ConfigMap,false
6.642589649,Regular,6,Update,Deployment,false
6.663749023,Regular,4,Delete,ConfigMap,false
6.682922193,Regular,6,Delete,Deployment,false
6.703235799,Regular,5,Create,Deployment,false
6.722974228,Regular,6,Create,ConfigMap,false
6.742378465,Regular,9,Update,Deployment,false
6.762441778,Regular,4,Delete,ConfigMap,false
6.782702393,Regular,6,Delete,Deployment,false
6.802811522,Regular,5,Create,Deployment,false
6.8224338410000005,Regular,6,Create,ConfigMap,false
6.842264445,Regular,8,Update,Deployment,false
6.862728354,Regular,6,Delete,ConfigMap,false
6.882250604,Regular,6,Delete,Deployment,false
6.903795346,Regular,7,Create,Deployment,false
6.923335621,Regular,5,Create,ConfigMap,false
6.9423559919999995,Regular,7,Update,Deployment,false
6.962291213,Regular,7,Delete,ConfigMap,false
6.982492356,Regular,6,Delete,Deployment,false
6.00355116,Regular,5,Create,Deployment,false
6.02221575,Regular,6,Create,ConfigMap,false
6.04316677,Regular,7,Update,Deployment,false
6.063455718,Regular,6,Delete,ConfigMap,false
6.082919949,Regular,5,Delete,Deployment,false
6.10245852,Regular,8,Create,Deployment,false
6.122333547,Regular,6,Create,ConfigMap,false
6.143225185,Regular,7,Update,Deployment,false
6.163467626,Regular,6,Delete,ConfigMap,false
6.183463461,Regular,9,Delete,Deployment,false
6.203235023,Regular,6,Create,Deployment,false
6.222273699,Regular,6,Create,ConfigMap,false
6.243192258,Regular,8,Update,Deployment,false
6.262557762,Regular,5,Delete,ConfigMap,false
6.283965896,Regular,5,Delete,Deployment,false
6.302416912,Regular,8,Create,Deployment,false
6.322968246,Regular,4,Create,ConfigMap,false
6.342794751,Regular,7,Update,Deployment,false
6.363164994,Regular,6,Delete,ConfigMap,false
6.383205914,Regular,5,Delete,Deployment,false
6.403253868,Regular,6,Create,Deployment,false
6.423250775,Regular,4,Create,ConfigMap,false
6.442237554,Regular,8,Update,Deployment,false
6.46290074,Regular,6,Delete,ConfigMap,false
6.483388775,Regular,5,Delete,Deployment,false
6.5029343090000005,Regular,5,Create,Deployment,false
6.522887384,Regular,5,Create,ConfigMap,false
6.542233972,Regular,8,Update,Deployment,false
6.56228452,Regular,5,Delete,ConfigMap,false
6.582336051,Regular,5,Delete,Deployment,false
6.603240814,Regular,5,Create,Deployment,false
6.622367205,Regular,5,Create,ConfigMap,false
6.642477888,Regular,7,Update,Deployment,false
6.663666988,Regular,5,Delete,ConfigMap,false
6.683000331,Regular,6,Delete,Deployment,false
6.703094762,Regular,6,Create,Deployment,false
6.72285912,Regular,6,Create,ConfigMap,false
6.742437687,Regular,8,Update,Deployment,false
6.762382516,Regular,4,Delete,ConfigMap,false
6.783170788,Regular,5,Delete,Deployment,false
6.80313828,Regular,5,Create,Deployment,false
6.82242764,Regular,6,Create,ConfigMap,false
6.8423190179999995,Regular,8,Update,Deployment,false
6.862359807,Regular,5,Delete,ConfigMap,false
6.882276173,Regular,8,Delete,Deployment,false
6.903189461,Regular,6,Create,Deployment,false
6.923213921,Regular,5,Create,ConfigMap,false
6.942382482,Regular,7,Update,Deployment,false
6.9624097769999995,Regular,4,Delete,ConfigMap,false
6.9824921159999995,Regular,5,Delete,Deployment,false
6.003462292,Regular,6,Create,Deployment,false
6.022183479,Regular,6,Create,ConfigMap,false
6.043050099,Regular,7,Update,Deployment,false
6.063226465,Regular,6,Delete,ConfigMap,false
6.082875245,Regular,4,Delete,Deployment,false
6.102440546,Regular,7,Create,Deployment,false
6.122209693,Regular,5,Create,ConfigMap,false
6.143104948,Regular,7,Update,Deployment,false
6.163234746,Regular,6,Delete,ConfigMap,false
6.183311163,Regular,9,Delete,Deployment,false
6.203309714,Regular,6,Create,Deployment,false
6.222303906,Regular,7,Create,ConfigMap,false
6.243258273,Regular,8,Update,Deployment,false
6.262293953,Regular,7,Delete,ConfigMap,false
6.283399596,Regular,5,Delete,Deployment,false
6.3023729490000004,Regular,8,Create,Deployment,false
6.322862126,Regular,4,Create,ConfigMap,false
6.342768422,Regular,7,Update,Deployment,false
6.363161538,Regular,5,Delete,ConfigMap,false
6.383083012,Regular,5,Delete,Deployment,false
6.403018353,Regular,6,Create,Deployment,false
6.423199849,Regular,4,Create,ConfigMap,false
6.44226731,Regular,8,Update,Deployment,false
6.462770023,Regular,6,Delete,ConfigMap,false
6.483344662,Regular,4,Delete,Deployment,false
6.502944248,Regular,5,Create,Deployment,false
6.52284314,Regular,5,Create,ConfigMap,false
6.542445151,Regular,7,Update,Deployment,false
6.56227893,Regular,5,Delete,ConfigMap,false
6.5823232659999995,Regular,5,Delete,Deployment,false
6.603307329,Regular,5,Create,Deployment,false
6.622439121,Regular,5,Create,ConfigMap,false
6.642562177,Regular,6,Update,Deployment,false
6.663597747,Regular,5,Delete,ConfigMap,false
6.683032802,Regular,4,Delete,Deployment,false
6.703107577,Regular,5,Create,Deployment,false
6.723043709,Regular,6,Create,ConfigMap,false
6.742418811,Regular,8,Update,Deployment,false
6.762329546,Regular,4,Delete,ConfigMap,false
6.782797613,Regular,6,Delete,Deployment,false
6.802701244,Regular,5,Create,Deployment,false
6.822428782,Regular,6,Create,ConfigMap,false
6.842276497,Regular,9,Update,Deployment,false
6.862347033,Regular,5,Delete,ConfigMap,false
6.882306149,Regular,5,Delete,Deployment,false
6.903953495,Regular,7,Create,Deployment,false
6.923178905,Regular,5,Create,ConfigMap,false
6.942336405,Regular,8,Update,Deployment,false
6.962262499,Regular,7,Delete,ConfigMap,false
6.982424889,Regular,4,Delete,Deployment,false
7.003282181,Regular,6,Create,Deployment,false
6.003257154,Regular,6,Create,Deployment,false
6.022267487,Regular,6,Create,ConfigMap,false
6.043069636,Regular,6,Update,Deployment,false
6.063166211,Regular,7,Delete,ConfigMap,false
6.082892407,Regular,4,Delete,Deployment,false
6.102630906,Regular,7,Create,Deployment,false
6.122252654,Regular,7,Create,ConfigMap,false
6.143316908,Regular,7,Update,Deployment,false
6.163750911,Regular,4,Delete,ConfigMap,false
6.183218538,Regular,9,Delete,Deployment,false
6.203232508,Regular,5,Create,Deployment,false
6.22232176,Regular,6,Create,ConfigMap,false
6.243268291,Regular,7,Update,Deployment,false
6.2624592660000005,Regular,5,Delete,ConfigMap,false
6.2831872539999996,Regular,5,Delete,Deployment,false
6.302344244,Regular,7,Create,Deployment,false
6.323154078,Regular,5,Create,ConfigMap,false
6.342838133,Regular,7,Update,Deployment,false
6.362997868,Regular,6,Delete,ConfigMap,false
6.38308722,Regular,5,Delete,Deployment,false
6.402843222,Regular,6,Create,Deployment,false
6.423290069,Regular,4,Create,ConfigMap,false
6.442266218,Regular,7,Update,Deployment,false
6.462882395,Regular,6,Delete,ConfigMap,false
6.483166756,Regular,5,Delete,Deployment,false
6.50303,Regular,5,Create,Deployment,false
6.522898635,Regular,5,Create,ConfigMap,false
6.542284407,Regular,8,Update,Deployment,false
6.562313054,Regular,5,Delete,ConfigMap,false
6.582394511,Regular,5,Delete,Deployment,false
6.6033297619999995,Regular,5,Create,Deployment,false
6.622435314,Regular,5,Create,ConfigMap,false
6.642535917,Regular,6,Update,Deployment,false
6.663726671,Regular,5,Delete,ConfigMap,false
6.683021611,Regular,5,Delete,Deployment,false
6.703232873,Regular,5,Create,Deployment,false
6.722882685,Regular,6,Create,ConfigMap,false
6.742347496,Regular,8,Update,Deployment,false
6.7623610549999995,Regular,3,Delete,ConfigMap,false
6.782793195,Regular,6,Delete,Deployment,false
6.803099847,Regular,4,Create,Deployment,false
6.822459851,Regular,6,Create,ConfigMap,false
6.842253233,Regular,8,Update,Deployment,false
6.86278469,Regular,6,Delete,ConfigMap,false
6.882240405,Regular,6,Delete,Deployment,false
6.903990976,Regular,6,Create,Deployment,false
6.923288051,Regular,5,Create,ConfigMap,false
6.942389626,Regular,6,Update,Deployment,false
6.962281635,Regular,6,Delete,ConfigMap,false
6.982578699,Regular,5,Delete,Deployment,false
7.003553414,Regular,6,Create,Deployment,false
6.003146125,Regular,6,Create,Deployment,false
6.022266025,Regular,6,Create,ConfigMap,false
6.043147814,Regular,6,Update,Deployment,false
6.063522805,Regular,6,Delete,ConfigMap,false
6.082815522,Regular,4,Delete,Deployment,false
6.1023744109999996,Regular,8,Create,Deployment,false
6.122264917,Regular,6,Create,ConfigMap,false
6.143421015,Regular,7,Update,Deployment,false
6.1636966189999995,Regular,5,Delete,ConfigMap,false
6.183180737,Regular,6,Delete,Deployment,false
6.203035676,Regular,6,Create,Deployment,false
6.222275292,Regular,7,Create,ConfigMap,false
6.243273812,Regular,7,Update,Deployment,false
6.2624594160000004,Regular,3,Delete,ConfigMap,false
6.283573043,Regular,5,Delete,Deployment,false
6.302421821,Regular,8,Create,Deployment,false
6.322810679,Regular,4,Create,ConfigMap,false
6.342747652,Regular,7,Update,Deployment,false
6.363007517,Regular,6,Delete,ConfigMap,false
6.383009784,Regular,5,Delete,Deployment,false
6.403150623,Regular,6,Create,Deployment,false
6.423188377,Regular,4,Create,ConfigMap,false
6.442250498,Regular,7,Update,Deployment,false
6.462837811,Regular,6,Delete,ConfigMap,false
6.483226589,Regular,5,Delete,Deployment,false
6.502969816,Regular,4,Create,Deployment,false
6.522822952,Regular,5,Create,ConfigMap,false
6.542272595,Regular,8,Update,Deployment,false
6.5623350259999995,Regular,5,Delete,ConfigMap,false
6.582381727,Regular,5,Delete,Deployment,false
6.603320193,Regular,5,Create,Deployment,false
6.622381422,Regular,5,Create,ConfigMap,false
6.64257949,Regular,6,Update,Deployment,false
6.663584021,Regular,5,Delete,ConfigMap,false
6.6830960820000005,Regular,5,Delete,Deployment,false
6.703150628,Regular,5,Create,Deployment,false
6.72309736,Regular,6,Create,ConfigMap,false
6.742341485,Regular,9,Update,Deployment,false
6.762226892,Regular,5,Delete,ConfigMap,false
6.782877093,Regular,5,Delete,Deployment,false
6.802912373,Regular,5,Create,Deployment,false
6.822482413,Regular,6,Create,ConfigMap,false
6.842233416,Regular,9,Update,Deployment,false
6.862758872,Regular,6,Delete,ConfigMap,false
6.882234714,Regular,8,Delete,Deployment,false
6.904027104,Regular,6,Create,Deployment,false
6.9232961060000004,Regular,5,Create,ConfigMap,false
6.942293053,Regular,8,Update,Deployment,false
6.962308205,Regular,7,Delete,ConfigMap,false
6.982522453,Regular,5,Delete,Deployment,false
7.003415183,Regular,7,Create,Deployment,false
7.003210175,Regular,7,Create,Deployment,false
7.023203636,Regular,19,Create,ConfigMap,false
7.043576223,Regular,43,Update,Deployment,false
7.087453135,Regular,10,Delete,ConfigMap,false
7.097975809,Regular,10,Delete,Deployment,false
7.108036711,Regular,9,Create,Deployment,false
7.122443154,Regular,8,Create,ConfigMap,false
7.143109476,Regular,8,Update,Deployment,false
7.162301012,Regular,6,Delete,ConfigMap,false
7.183332604,Regular,7,Delete,Deployment,false
7.202449378,Regular,7,Create,Deployment,false
7.223187365,Regular,5,Create,ConfigMap,false
7.242548351,Regular,7,Update,Deployment,false
7.2622326170000004,Regular,5,Delete,ConfigMap,false
7.282743586,Regular,4,Delete,Deployment,false
7.303302335,Regular,6,Create,Deployment,false
7.322191138,Regular,6,Create,ConfigMap,false
7.343049854,Regular,7,Update,Deployment,false
7.363228304,Regular,4,Delete,ConfigMap,false
7.382286387,Regular,5,Delete,Deployment,false
7.402205026,Regular,7,Create,Deployment,false
7.422723108,Regular,7,Create,ConfigMap,false
7.442646096,Regular,6,Update,Deployment,false
7.463164238,Regular,4,Delete,ConfigMap,false
7.483236036,Regular,6,Delete,Deployment,false
7.503246489,Regular,6,Create,Deployment,false
7.523238707,Regular,4,Create,ConfigMap,false
7.542404474,Regular,6,Update,Deployment,false
7.562319396,Regular,4,Delete,ConfigMap,false
7.582281207,Regular,7,Delete,Deployment,false
7.603278014,Regular,5,Create,Deployment,false
7.622344042,Regular,5,Create,ConfigMap,false
7.64265904,Regular,7,Update,Deployment,false
7.663415653,Regular,4,Delete,ConfigMap,false
7.682905101,Regular,5,Delete,Deployment,false
7.702655011,Regular,7,Create,Deployment,false
7.722217838,Regular,5,Create,ConfigMap,false
7.7428391659999996,Regular,5,Update,Deployment,false
7.7628672210000005,Regular,5,Delete,ConfigMap,false
7.782350919,Regular,5,Delete,Deployment,false
7.802437545,Regular,9,Create,Deployment,false
7.822935209,Regular,5,Create,ConfigMap,false
7.842322694,Regular,8,Update,Deployment,false
7.862512927,Regular,5,Delete,ConfigMap,false
7.882910291,Regular,6,Delete,Deployment,false
7.903573998,Regular,6,Create,Deployment,false
7.92318709,Regular,4,Create,ConfigMap,false
7.943219855,Regular,7,Update,Deployment,false
7.962232402,Regular,5,Delete,ConfigMap,false
7.982368993,Regular,4,Delete,Deployment,false
7.003693669,Regular,6,Create,Deployment,false
7.023205981,Regular,19,Create,ConfigMap,false
7.043580882,Regular,45,Update,Deployment,false
7.089057266,Regular,7,Delete,ConfigMap,false
7.096548302,Regular,12,Delete,Deployment,false
7.108590708,Regular,8,Create,Deployment,false
7.122450238,Regular,7,Create,ConfigMap,false
7.143373465,Regular,8,Update,Deployment,false
7.162392084,Regular,6,Delete,ConfigMap,false
7.183336862,Regular,9,Delete,Deployment,false
7.202528958,Regular,7,Create,Deployment,false
7.223179911,Regular,5,Create,ConfigMap,false
7.242732389,Regular,6,Update,Deployment,false
7.262265569,Regular,5,Delete,ConfigMap,false
7.282678874,Regular,4,Delete,Deployment,false
7.303450976,Regular,6,Create,Deployment,false
7.322242966,Regular,6,Create,ConfigMap,false
7.343007173,Regular,7,Update,Deployment,false
7.36326892,Regular,4,Delete,ConfigMap,false
7.382271619,Regular,3,Delete,Deployment,false
7.40226521,Regular,9,Create,Deployment,false
7.42290907,Regular,6,Create,ConfigMap,false
7.442828681,Regular,6,Update,Deployment,false
7.463468633,Regular,6,Delete,ConfigMap,false
7.483113735,Regular,5,Delete,Deployment,false
7.503318956,Regular,6,Create,Deployment,false
7.523316104,Regular,4,Create,ConfigMap,false
7.542334121,Regular,6,Update,Deployment,false
7.562384158,Regular,4,Delete,ConfigMap,false
7.582277781,Regular,5,Delete,Deployment,false
7.603250822,Regular,5,Create,Deployment,false
7.622374199,Regular,5,Create,ConfigMap,false
7.642626098,Regular,6,Update,Deployment,false
7.663417536,Regular,4,Delete,ConfigMap,false
7.682950797,Regular,5,Delete,Deployment,false
7.702885868,Regular,7,Create,Deployment,false
7.7222077989999995,Regular,5,Create,ConfigMap,false
7.742662642,Regular,6,Update,Deployment,false
7.762747064,Regular,4,Delete,ConfigMap,false
7.782313829,Regular,5,Delete,Deployment,false
7.802417948,Regular,8,Create,Deployment,false
7.8229687519999995,Regular,5,Create,ConfigMap,false
7.842260196,Regular,8,Update,Deployment,false
7.862563833,Regular,5,Delete,ConfigMap,false
7.882899651,Regular,6,Delete,Deployment,false
7.903634973,Regular,8,Create,Deployment,false
7.923119863,Regular,5,Create,ConfigMap,false
7.943282563,Regular,7,Update,Deployment,false
7.962253471,Regular,6,Delete,ConfigMap,false
7.982349146,Regular,5,Delete,Deployment,false
7.003366,Regular,7,Create,Deployment,false
7.02327954,Regular,50,Create,ConfigMap,false
7.073497504,Regular,14,Update,Deployment,false
7.088381379,Regular,9,Delete,ConfigMap,false
7.097880219,Regular,10,Delete,Deployment,false
7.108270413,Regular,8,Create,Deployment,false
7.122492197,Regular,8,Create,ConfigMap,false
7.14305309,Regular,7,Update,Deployment,false
7.16257016,Regular,5,Delete,ConfigMap,false
7.183190485,Regular,7,Delete,Deployment,false
7.202437936,Regular,6,Create,Deployment,false
7.223085192,Regular,6,Create,ConfigMap,false
7.242487155,Regular,7,Update,Deployment,false
7.262301808,Regular,5,Delete,ConfigMap,false
7.282648476,Regular,6,Delete,Deployment,false
7.303058734,Regular,6,Create,Deployment,false
7.322209613,Regular,6,Create,ConfigMap,false
7.343025057,Regular,6,Update,Deployment,false
7.363304668,Regular,4,Delete,ConfigMap,false
7.382389161,Regular,4,Delete,Deployment,false
7.402249931,Regular,9,Create,Deployment,false
7.422709502,Regular,6,Create,ConfigMap,false
7.442784948,Regular,6,Update,Deployment,false
7.463375747,Regular,6,Delete,ConfigMap,false
7.483147469,Regular,6,Delete,Deployment,false
7.5032681100000005,Regular,6,Create,Deployment,false
7.523154428,Regular,4,Create,ConfigMap,false
7.542401579,Regular,6,Update,Deployment,false
7.562377045,Regular,4,Delete,ConfigMap,false
7.582334848,Regular,7,Delete,Deployment,false
7.603100919,Regular,6,Create,Deployment,false
7.622241177,Regular,4,Create,ConfigMap,false
7.642636277,Regular,7,Update,Deployment,false
7.663207019,Regular,5,Delete,ConfigMap,false
7.683034976,Regular,5,Delete,Deployment,false
7.702671943,Regular,6,Create,Deployment,false
7.722289724,Regular,5,Create,ConfigMap,false
7.742559086,Regular,6,Update,Deployment,false
7.762851131,Regular,5,Delete,ConfigMap,false
7.782366999,Regular,5,Delete,Deployment,false
7.802468524,Regular,9,Create,Deployment,false
7.8229585329999995,Regular,5,Create,ConfigMap,false
7.842218918,Regular,8,Update,Deployment,false
7.862495214,Regular,5,Delete,ConfigMap,false
7.882794792,Regular,6,Delete,Deployment,false
7.903286765,Regular,9,Create,Deployment,false
7.923202409,Regular,4,Create,ConfigMap,false
7.943320695,Regular,7,Update,Deployment,false
7.962243863,Regular,6,Delete,ConfigMap,false
7.982347222,Regular,5,Delete,Deployment,false
7.003315785,Regular,7,Create,Deployment,false
7.023298916,Regular,50,Create,ConfigMap,false
7.073462658,Regular,14,Update,Deployment,false
7.088322478,Regular,9,Delete,ConfigMap,false
7.097958717,Regular,9,Delete,Deployment,false
7.107635613,Regular,10,Create,Deployment,false
7.122429007,Regular,8,Create,ConfigMap,false
7.143024526,Regular,6,Update,Deployment,false
7.162318455,Regular,6,Delete,ConfigMap,false
7.183334658,Regular,8,Delete,Deployment,false
7.20249819,Regular,6,Create,Deployment,false
7.223115189,Regular,6,Create,ConfigMap,false
7.242411262,Regular,7,Update,Deployment,false
7.262214974,Regular,5,Delete,ConfigMap,false
7.282694934,Regular,6,Delete,Deployment,false
7.303512752,Regular,6,Create,Deployment,false
7.322228949,Regular,6,Create,ConfigMap,false
7.343089989,Regular,7,Update,Deployment,false
7.363158682,Regular,3,Delete,ConfigMap,false
7.382284413,Regular,3,Delete,Deployment,false
7.402284056,Regular,9,Create,Deployment,false
7.422752253,Regular,7,Create,ConfigMap,false
7.442589709,Regular,6,Update,Deployment,false
7.463335932,Regular,4,Delete,ConfigMap,false
7.483228662,Regular,6,Delete,Deployment,false
7.503371916,Regular,6,Create,Deployment,false
7.523103903,Regular,4,Create,ConfigMap,false
7.542578503,Regular,6,Update,Deployment,false
7.562357849,Regular,6,Delete,ConfigMap,false
7.582317446,Regular,4,Delete,Deployment,false
7.603199375,Regular,5,Create,Deployment,false
7.62230609,Regular,5,Create,ConfigMap,false
7.642691932,Regular,7,Update,Deployment,false
7.663417436,Regular,4,Delete,ConfigMap,false
7.68296301,Regular,4,Delete,Deployment,false
7.702791299,Regular,7,Create,Deployment,false
7.722183143,Regular,6,Create,ConfigMap,false
7.742525393,Regular,6,Update,Deployment,false
7.762936071,Regular,5,Delete,ConfigMap,false
7.782313178,Regular,3,Delete,Deployment,false
7.802457884,Regular,9,Create,Deployment,false
7.823000442,Regular,5,Create,ConfigMap,false
7.8422677499999995,Regular,8,Update,Deployment,false
7.862464275,Regular,8,Delete,ConfigMap,false
7.882588793,Regular,6,Delete,Deployment,false
7.903408756,Regular,6,Create,Deployment,false
7.923297929,Regular,4,Create,ConfigMap,false
7.943256634,Regular,7,Update,Deployment,false
7.96227384,Regular,7,Delete,ConfigMap,false
7.982323207,Regular,5,Delete,Deployment,false
7.023096945,Regular,19,Create,ConfigMap,false
7.04405626,Regular,44,Update,Deployment,false
7.088779061,Regular,6,Delete,ConfigMap,false
7.095149308,Regular,12,Delete,Deployment,false
7.107512771,Regular,10,Create,Deployment,false
7.122428907,Regular,8,Create,ConfigMap,false
7.143059151,Regular,7,Update,Deployment,false
7.162323534,Regular,6,Delete,ConfigMap,false
7.183220753,Regular,9,Delete,Deployment,false
7.202418059,Regular,5,Create,Deployment,false
7.22313672,Regular,6,Create,ConfigMap,false
7.24262726,Regular,7,Update,Deployment,false
7.262250481,Regular,5,Delete,ConfigMap,false
7.282759756,Regular,6,Delete,Deployment,false
7.303034839,Regular,5,Create,Deployment,false
7.322216947,Regular,6,Create,ConfigMap,false
7.34316438,Regular,7,Update,Deployment,false
7.363200942,Regular,4,Delete,ConfigMap,false
7.382313007,Regular,4,Delete,Deployment,false
7.402345522,Regular,9,Create,Deployment,false
7.42278746,Regular,7,Create,ConfigMap,false
7.442686973,Regular,7,Update,Deployment,false
7.463448906,Regular,6,Delete,ConfigMap,false
7.483295489,Regular,6,Delete,Deployment,false
7.503566223,Regular,6,Create,Deployment,false
7.523249057,Regular,4,Create,ConfigMap,false
7.542316658,Regular,6,Update,Deployment,false
7.5622427309999996,Regular,4,Delete,ConfigMap,false
7.582298931,Regular,7,Delete,Deployment,false
7.603082604,Regular,5,Create,Deployment,false
7.622329434,Regular,5,Create,ConfigMap,false
7.642550966,Regular,6,Update,Deployment,false
7.66362057,Regular,4,Delete,ConfigMap,false
7.68285685,Regular,5,Delete,Deployment,false
7.702683185,Regular,7,Create,Deployment,false
7.722224891,Regular,5,Create,ConfigMap,false
7.742528368,Regular,6,Update,Deployment,false
7.762949006,Regular,5,Delete,ConfigMap,false
7.782332254,Regular,4,Delete,Deployment,false
7.802421735,Regular,9,Create,Deployment,false
7.823088659,Regular,5,Create,ConfigMap,false
7.842202657,Regular,8,Update,Deployment,false
7.862474775,Regular,8,Delete,ConfigMap,false
7.8828040999999995,Regular,6,Delete,Deployment,false
7.903262429,Regular,6,Create,Deployment,false
7.923302598,Regular,4,Create,ConfigMap,false
7.94334935,Regular,7,Update,Deployment,false
7.962244805,Regular,5,Delete,ConfigMap,false
7.982323647,Regular,4,Delete,Deployment,false
7.003471088,Regular,6,Create,Deployment,false
7.022964945,Regular,50,Create,ConfigMap,false
7.073420679,Regular,14,Update,Deployment,false
7.08749276,Regular,9,Delete,ConfigMap,false
7.097399661,Regular,10,Delete,Deployment,false
7.107625494,Regular,10,Create,Deployment,false
7.122256772,Regular,8,Create,ConfigMap,false
7.143238941,Regular,6,Update,Deployment,false
7.162372687,Regular,4,Delete,ConfigMap,false
7.183241061,Regular,8,Delete,Deployment,false
7.202436233,Regular,7,Create,Deployment,false
7.22309959,Regular,6,Create,ConfigMap,false
7.242587926,Regular,6,Update,Deployment,false
7.262264558,Regular,5,Delete,ConfigMap,false
7.282665809,Regular,5,Delete,Deployment,false
7.303692282,Regular,6,Create,Deployment,false
7.322252624,Regular,5,Create,ConfigMap,false
7.343070172,Regular,6,Update,Deployment,false
7.363251447,Regular,4,Delete,ConfigMap,false
7.382273272,Regular,4,Delete,Deployment,false
7.402264539,Regular,9,Create,Deployment,false
7.422833407,Regular,7,Create,ConfigMap,false
7.442665532,Regular,7,Update,Deployment,false
7.463363304,Regular,6,Delete,ConfigMap,false
7.48307424,Regular,6,Delete,Deployment,false
7.503500549,Regular,6,Create,Deployment,false
7.523315272,Regular,4,Create,ConfigMap,false
7.542457975,Regular,6,Update,Deployment,false
7.56236397,Regular,4,Delete,ConfigMap,false
7.582317806,Regular,5,Delete,Deployment,false
7.603152957,Regular,5,Create,Deployment,false
7.622530604,Regular,5,Create,ConfigMap,false
7.642450576,Regular,6,Update,Deployment,false
7.663636871,Regular,4,Delete,ConfigMap,false
7.682888409,Regular,5,Delete,Deployment,false
7.70283429,Regular,7,Create,Deployment,false
7.722287079,Regular,5,Create,ConfigMap,false
7.74250839,Regular,6,Update,Deployment,false
7.762689726,Regular,5,Delete,ConfigMap,false
7.782316985,Regular,5,Delete,Deployment,false
7.802425152,Regular,9,Create,Deployment,false
7.822985083,Regular,5,Create,ConfigMap,false
7.842255477,Regular,8,Update,Deployment,false
7.862526563,Regular,5,Delete,ConfigMap,false
7.882848875,Regular,6,Delete,Deployment,false
7.903322212,Regular,9,Create,Deployment,false
7.923215774,Regular,5,Create,ConfigMap,false
7.943271763,Regular,7,Update,Deployment,false
7.962298126,Regular,5,Delete,ConfigMap,false
7.98231999,Regular,5,Delete,Deployment,false
7.023077137,Regular,50,Create,ConfigMap,false
7.073840722,Regular,14,Update,Deployment,false
7.088800181,Regular,8,Delete,ConfigMap,false
7.097081249,Regular,10,Delete,Deployment,false
7.107868233,Regular,9,Create,Deployment,false
7.122434638,Regular,8,Create,ConfigMap,false
7.143035226,Regular,8,Update,Deployment,false
7.162556334,Regular,5,Delete,ConfigMap,false
7.18342595,Regular,7,Delete,Deployment,false
7.202441413,Regular,6,Create,Deployment,false
7.223071056,Regular,6,Create,ConfigMap,false
7.242640024,Regular,7,Update,Deployment,false
7.262232788,Regular,5,Delete,ConfigMap,false
7.282638988,Regular,6,Delete,Deployment,false
7.303487865,Regular,6,Create,Deployment,false
7.322274285,Regular,6,Create,ConfigMap,false
7.343167225,Regular,6,Update,Deployment,false
7.363355133,Regular,4,Delete,ConfigMap,false
7.382330841,Regular,4,Delete,Deployment,false
7.402363876,Regular,9,Create,Deployment,false
7.422929699,Regular,6,Create,ConfigMap,false
7.442607152,Regular,6,Update,Deployment,false
7.463403169,Regular,6,Delete,ConfigMap,false
7.48323248,Regular,6,Delete,Deployment,false
7.503547328,Regular,6,Create,Deployment,false
7.5232029,Regular,4,Create,ConfigMap,false
7.542250533,Regular,6,Update,Deployment,false
7.56226857,Regular,4,Delete,ConfigMap,false
7.582283131,Regular,6,Delete,Deployment,false
7.603254088,Regular,5,Create,Deployment,false
7.622250054,Regular,6,Create,ConfigMap,false
7.642480563,Regular,6,Update,Deployment,false
7.663497477,Regular,3,Delete,ConfigMap,false
7.683073319,Regular,4,Delete,Deployment,false
7.702766803,Regular,7,Create,Deployment,false
7.7221859980000005,Regular,5,Create,ConfigMap,false
7.742617487,Regular,6,Update,Deployment,false
7.76303061,Regular,5,Delete,ConfigMap,false
7.782344346,Regular,5,Delete,Deployment,false
7.802501937,Regular,8,Create,Deployment,false
7.823028916,Regular,5,Create,ConfigMap,false
7.842253964,Regular,8,Update,Deployment,false
7.862552382,Regular,5,Delete,ConfigMap,false
7.8828411,Regular,4,Delete,Deployment,false
7.903341769,Regular,6,Create,Deployment,false
7.923357241,Regular,4,Create,ConfigMap,false
7.943347937,Regular,7,Update,Deployment,false
7.962276184,Regular,5,Delete,ConfigMap,false
7.982366498,Regular,5,Delete,Deployment,false
7.003476559,Regular,6,Create,Deployment,false
7.023027153,Regular,20,Create,ConfigMap,false
7.043498045,Regular,43,Update,Deployment,false
7.087193946,Regular,8,Delete,ConfigMap,false
7.095573821,Regular,12,Delete,Deployment,false
7.108286202,Regular,8,Create,Deployment,false
7.122391306,Regular,8,Create,ConfigMap,false
7.143181282,Regular,6,Update,Deployment,false
7.162399918,Regular,5,Delete,ConfigMap,false
7.183358954,Regular,8,Delete,Deployment,false
7.202476429,Regular,6,Create,Deployment,false
7.223171355,Regular,5,Create,ConfigMap,false
7.24246345,Regular,7,Update,Deployment,false
7.26221813,Regular,5,Delete,ConfigMap,false
7.282803138,Regular,4,Delete,Deployment,false
7.303661904,Regular,6,Create,Deployment,false
7.32226653,Regular,6,Create,ConfigMap,false
7.343005069,Regular,7,Update,Deployment,false
7.363291182,Regular,4,Delete,ConfigMap,false
7.382305603,Regular,6,Delete,Deployment,false
7.402217289,Regular,7,Create,Deployment,false
7.422789413,Regular,6,Create,ConfigMap,false
7.442744722,Regular,6,Update,Deployment,false
7.463253547,Regular,6,Delete,ConfigMap,false
7.483097004,Regular,6,Delete,Deployment,false
7.503449012,Regular,6,Create,Deployment,false
7.52311822,Regular,4,Create,ConfigMap,false
7.542316117,Regular,6,Update,Deployment,false
7.562294068,Regular,4,Delete,ConfigMap,false
7.582276308,Regular,5,Delete,Deployment,false
7.603321546,Regular,4,Create,Deployment,false
7.622399477,Regular,5,Create,ConfigMap,false
7.642513976,Regular,6,Update,Deployment,false
7.663561689,Regular,4,Delete,ConfigMap,false
7.68297891,Regular,5,Delete,Deployment,false
7.702906887,Regular,6,Create,Deployment,false
7.722215674,Regular,5,Create,ConfigMap,false
7.742711043,Regular,6,Update,Deployment,false
7.762599175,Regular,6,Delete,ConfigMap,false
7.782332584,Regular,5,Delete,Deployment,false
7.802544147,Regular,9,Create,Deployment,false
7.823049295,Regular,5,Create,ConfigMap,false
7.842321151,Regular,8,Update,Deployment,false
7.862534919,Regular,5,Delete,ConfigMap,false
7.8827659279999995,Regular,6,Delete,Deployment,false
7.903732758,Regular,9,Create,Deployment,false
7.923275657,Regular,4,Create,ConfigMap,false
7.94334939,Regular,7,Update,Deployment,false
7.962241058,Regular,4,Delete,ConfigMap,false
7.982331282,Regular,5,Delete,Deployment,false
7.023213405,Regular,18,Create,ConfigMap,false
7.043194381,Regular,45,Update,Deployment,false
7.08910155,Regular,7,Delete,ConfigMap,false
7.097049759,Regular,10,Delete,Deployment,false
7.107895584,Regular,9,Create,Deployment,false
7.122503147,Regular,8,Create,ConfigMap,false
7.14311658,Regular,8,Update,Deployment,false
7.162299739,Regular,6,Delete,ConfigMap,false
7.183480133,Regular,7,Delete,Deployment,false
7.202512056,Regular,6,Create,Deployment,false
7.223190071,Regular,5,Create,ConfigMap,false
7.242567637,Regular,7,Update,Deployment,false
7.262221887,Regular,5,Delete,ConfigMap,false
7.282792679,Regular,6,Delete,Deployment,false
7.303266206,Regular,6,Create,Deployment,false
7.32227701,Regular,6,Create,ConfigMap,false
7.343237047,Regular,6,Update,Deployment,false
7.363344052,Regular,4,Delete,ConfigMap,false
7.382334277,Regular,4,Delete,Deployment,false
7.40234978,Regular,8,Create,Deployment,false
7.422847874,Regular,7,Create,ConfigMap,false
7.442706029,Regular,6,Update,Deployment,false
7.4631496,Regular,5,Delete,ConfigMap,false
7.483130146,Regular,6,Delete,Deployment,false
7.503377958,Regular,6,Create,Deployment,false
7.523173394,Regular,4,Create,ConfigMap,false
7.542223482,Regular,6,Update,Deployment,false
7.562454211,Regular,6,Delete,ConfigMap,false
7.582269525,Regular,7,Delete,Deployment,false
7.60317049,Regular,5,Create,Deployment,false
7.62234297,Regular,5,Create,ConfigMap,false
7.642465604,Regular,6,Update,Deployment,false
7.663495413,Regular,4,Delete,ConfigMap,false
7.68287311,Regular,5,Delete,Deployment,false
7.703004893,Regular,6,Create,Deployment,false
7.722206607,Regular,5,Create,ConfigMap,false
7.742548296,Regular,6,Update,Deployment,false
7.762676882,Regular,6,Delete,ConfigMap,false
7.782365026,Regular,5,Delete,Deployment,false
7.8025153320000005,Regular,9,Create,Deployment,false
7.823016092,Regular,5,Create,ConfigMap,false
7.842266408,Regular,8,Update,Deployment,false
7.86257286,Regular,4,Delete,ConfigMap,false
7.8827382759999995,Regular,6,Delete,Deployment,false
7.903452719,Regular,9,Create,Deployment,false
7.92324011,Regular,5,Create,ConfigMap,false
7.9432349030000005,Regular,7,Update,Deployment,false
7.962303937,Regular,7,Delete,ConfigMap,false
7.982366959,Regular,5,Delete,Deployment,false
8.003121979,Regular,6,Create,Deployment,false
7.003537764,Regular,7,Create,Deployment,false
7.023055286,Regular,50,Create,ConfigMap,false
7.073428694,Regular,16,Update,Deployment,false
7.089533316,Regular,7,Delete,ConfigMap,false
7.097491845,Regular,10,Delete,Deployment,false
7.107768695,Regular,9,Create,Deployment,false
7.122417967,Regular,8,Create,ConfigMap,false
7.143108104,Regular,7,Update,Deployment,false
7.162488175,Regular,6,Delete,ConfigMap,false
7.18317159,Regular,8,Delete,Deployment,false
7.202507818,Regular,6,Create,Deployment,false
7.223166756,Regular,5,Create,ConfigMap,false
7.242572527,Regular,6,Update,Deployment,false
7.262251072,Regular,5,Delete,ConfigMap,false
7.282738697,Regular,6,Delete,Deployment,false
7.303403336,Regular,6,Create,Deployment,false
7.322207599,Regular,6,Create,ConfigMap,false
7.3431520169999995,Regular,6,Update,Deployment,false
7.363351827,Regular,3,Delete,ConfigMap,false
7.382285675,Regular,4,Delete,Deployment,false
7.402326275,Regular,8,Create,Deployment,false
7.422741072,Regular,7,Create,ConfigMap,false
7.442786972,Regular,6,Update,Deployment,false
7.463461219,Regular,6,Delete,ConfigMap,false
7.483182876,Regular,6,Delete,Deployment,false
7.503492464,Regular,6,Create,Deployment,false
7.523182972,Regular,4,Create,ConfigMap,false
7.542363567,Regular,6,Update,Deployment,false
7.562332771,Regular,4,Delete,ConfigMap,false
7.582269385,Regular,4,Delete,Deployment,false
7.603121408,Regular,5,Create,Deployment,false
7.622405688,Regular,5,Create,ConfigMap,false
7.642492776,Regular,6,Update,Deployment,false
7.663664603,Regular,4,Delete,ConfigMap,false
7.683086554,Regular,5,Delete,Deployment,false
7.702766843,Regular,6,Create,Deployment,false
7.722285055,Regular,5,Create,ConfigMap,false
7.742573273,Regular,5,Update,Deployment,false
7.76305678,Regular,4,Delete,ConfigMap,false
7.782311104,Regular,5,Delete,Deployment,false
7.802414191,Regular,9,Create,Deployment,false
7.82307873,Regular,5,Create,ConfigMap,false
7.842306033,Regular,7,Update,Deployment,false
7.862497448,Regular,8,Delete,ConfigMap,false
7.8826939320000005,Regular,6,Delete,Deployment,false
7.903527991,Regular,9,Create,Deployment,false
7.923157554,Regular,5,Create,ConfigMap,false
7.943365069,Regular,7,Update,Deployment,false
7.962246328,Regular,3,Delete,ConfigMap,false
7.982318267,Regular,5,Delete,Deployment,false
8.003157045,Regular,7,Create,Deployment,false
8.003763461,Regular,6,Create,Deployment,false
8.022523371,Regular,5,Create,ConfigMap,false
8.043258342,Regular,7,Update,Deployment,false
8.062425412,Regular,9,Delete,ConfigMap,false
8.082930649,Regular,5,Delete,Deployment,false
8.103289931,Regular,7,Create,Deployment,false
8.123180257,Regular,5,Create,ConfigMap,false
8.142314634,Regular,8,Update,Deployment,false
8.163108748,Regular,7,Delete,ConfigMap,false
8.183326141,Regular,6,Delete,Deployment,false
8.203274527,Regular,6,Create,Deployment,false
8.22373496,Regular,6,Create,ConfigMap,false
8.242904113,Regular,8,Update,Deployment,false
8.262293863,Regular,6,Delete,ConfigMap,false
8.283475178,Regular,6,Delete,Deployment,false
8.303310911,Regular,11,Create,Deployment,false
8.32338816,Regular,6,Create,ConfigMap,false
8.343416436,Regular,6,Update,Deployment,false
8.362355084,Regular,4,Delete,ConfigMap,false
8.382347302,Regular,4,Delete,Deployment,false
8.403303081,Regular,6,Create,Deployment,false
8.4227559,Regular,5,Create,ConfigMap,false
8.442936775,Regular,6,Update,Deployment,false
8.46340355,Regular,5,Delete,ConfigMap,false
8.483394165,Regular,5,Delete,Deployment,false
8.502280364,Regular,8,Create,Deployment,false
8.52304434,Regular,4,Create,ConfigMap,false
8.542236346,Regular,8,Update,Deployment,false
8.562239776,Regular,3,Delete,ConfigMap,false
8.58347364,Regular,6,Delete,Deployment,false
8.602396678,Regular,7,Create,Deployment,false
8.622497151,Regular,5,Create,ConfigMap,false
8.642804354999999,Regular,7,Update,Deployment,false
8.662712474,Regular,4,Delete,ConfigMap,false
8.683306459,Regular,5,Delete,Deployment,false
8.703418163,Regular,7,Create,Deployment,false
8.722306696,Regular,6,Create,ConfigMap,false
8.742281692,Regular,9,Update,Deployment,false
8.763259182,Regular,5,Delete,ConfigMap,false
8.783217777,Regular,4,Delete,Deployment,false
8.802350391000001,Regular,6,Create,Deployment,false
8.822916644,Regular,5,Create,ConfigMap,false
8.842721878999999,Regular,7,Update,Deployment,false
8.86335063,Regular,5,Delete,ConfigMap,false
8.882452225,Regular,7,Delete,Deployment,false
8.90283444,Regular,5,Create,Deployment,false
8.923166321,Regular,5,Create,ConfigMap,false
8.942196701,Regular,8,Update,Deployment,false
8.962253913,Regular,4,Delete,ConfigMap,false
8.982313097,Regular,4,Delete,Deployment,false
8.003470137,Regular,6,Create,Deployment,false
8.022443049,Regular,6,Create,ConfigMap,false
8.043434866,Regular,7,Update,Deployment,false
8.062735347,Regular,8,Delete,ConfigMap,false
8.083030989,Regular,5,Delete,Deployment,false
8.103409076,Regular,6,Create,Deployment,false
8.123193011,Regular,5,Create,ConfigMap,false
8.142278526,Regular,8,Update,Deployment,false
8.163202445,Regular,4,Delete,ConfigMap,false
8.183408377,Regular,5,Delete,Deployment,false
8.203516003,Regular,6,Create,Deployment,false
8.223353219,Regular,6,Create,ConfigMap,false
8.242979616,Regular,8,Update,Deployment,false
8.262204685,Regular,5,Delete,ConfigMap,false
8.283330936,Regular,6,Delete,Deployment,false
8.303218356,Regular,10,Create,Deployment,false
8.323225432,Regular,6,Create,ConfigMap,false
8.343287853,Regular,8,Update,Deployment,false
8.362418193,Regular,4,Delete,ConfigMap,false
8.382497446,Regular,4,Delete,Deployment,false
8.403280178,Regular,6,Create,Deployment,false
8.422850579,Regular,5,Create,ConfigMap,false
8.442903041,Regular,6,Update,Deployment,false
8.462900259,Regular,5,Delete,ConfigMap,false
8.483378195,Regular,4,Delete,Deployment,false
8.502314919,Regular,8,Create,Deployment,false
8.523119773,Regular,4,Create,ConfigMap,false
8.542278646,Regular,8,Update,Deployment,false
8.562258822,Regular,6,Delete,ConfigMap,false
8.583189213,Regular,6,Delete,Deployment,false
8.602267915,Regular,8,Create,Deployment,false
8.622430686,Regular,6,Create,ConfigMap,false
8.642930563,Regular,7,Update,Deployment,false
8.662655586,Regular,5,Delete,ConfigMap,false
8.68350267,Regular,6,Delete,Deployment,false
8.703565412,Regular,7,Create,Deployment,false
8.722364796,Regular,6,Create,ConfigMap,false
8.742392191,Regular,7,Update,Deployment,false
8.763203828,Regular,5,Delete,ConfigMap,false
8.783238646000001,Regular,4,Delete,Deployment,false
8.802345241,Regular,6,Create,Deployment,false
8.822971978,Regular,4,Create,ConfigMap,false
8.842540065,Regular,7,Update,Deployment,false
8.863354877999999,Regular,5,Delete,ConfigMap,false
8.882331337,Regular,6,Delete,Deployment,false
8.902719844,Regular,5,Create,Deployment,false
8.923475284,Regular,6,Create,ConfigMap,false
8.942211559,Regular,8,Update,Deployment,false
8.962270905,Regular,4,Delete,ConfigMap,false
8.9822827,Regular,6,Delete,Deployment,false
8.003369216,Regular,5,Create,Deployment,false
8.022371454,Regular,6,Create,ConfigMap,false
8.043340868,Regular,7,Update,Deployment,false
8.062671046,Regular,7,Delete,ConfigMap,false
8.082969473,Regular,5,Delete,Deployment,false
8.103236821,Regular,7,Create,Deployment,false
8.12292259,Regular,5,Create,ConfigMap,false
8.142298213,Regular,8,Update,Deployment,false
8.163217243,Regular,7,Delete,ConfigMap,false
8.183341621,Regular,6,Delete,Deployment,false
8.203341884,Regular,6,Create,Deployment,false
8.223379518,Regular,6,Create,ConfigMap,false
8.243020613,Regular,7,Update,Deployment,false
8.262237096,Regular,5,Delete,ConfigMap,false
8.283430374,Regular,6,Delete,Deployment,false
8.303401091,Regular,8,Create,Deployment,false
8.323502726,Regular,6,Create,ConfigMap,false
8.343488943,Regular,8,Update,Deployment,false
8.362396632,Regular,4,Delete,ConfigMap,false
8.382361819,Regular,4,Delete,Deployment,false
8.403368545,Regular,6,Create,Deployment,false
8.422776688999999,Regular,6,Create,ConfigMap,false
8.443016425,Regular,6,Update,Deployment,false
8.463166903,Regular,5,Delete,ConfigMap,false
8.483349401,Regular,5,Delete,Deployment,false
8.502267499,Regular,7,Create,Deployment,false
8.523042907,Regular,4,Create,ConfigMap,false
8.542224785,Regular,8,Update,Deployment,false
8.562281114,Regular,4,Delete,ConfigMap,false
8.583425409,Regular,6,Delete,Deployment,false
8.602268777,Regular,8,Create,Deployment,false
8.622392844,Regular,6,Create,ConfigMap,false
8.642785008,Regular,6,Update,Deployment,false
8.662558242,Regular,5,Delete,ConfigMap,false
8.683389046,Regular,7,Delete,Deployment,false
8.703409226,Regular,7,Create,Deployment,false
8.722321855,Regular,6,Create,ConfigMap,false
8.742321357,Regular,8,Update,Deployment,false
8.763086676,Regular,4,Delete,ConfigMap,false
8.783338565,Regular,4,Delete,Deployment,false
8.802358486,Regular,6,Create,Deployment,false
8.82304702,Regular,5,Create,ConfigMap,false
8.842523724,Regular,8,Update,Deployment,false
8.863244259,Regular,5,Delete,ConfigMap,false
8.882464508,Regular,4,Delete,Deployment,false
8.902942334,Regular,5,Create,Deployment,false
8.923378361,Regular,4,Create,ConfigMap,false
8.942198464,Regular,8,Update,Deployment,false
8.962316611,Regular,4,Delete,ConfigMap,false
8.982409279,Regular,5,Delete,Deployment,false
8.003252425,Regular,5,Create,Deployment,false
8.022330897,Regular,6,Create,ConfigMap,false
8.043201816,Regular,7,Update,Deployment,false
8.062649726,Regular,8,Delete,ConfigMap,false
8.083099859,Regular,5,Delete,Deployment,false
8.103322984,Regular,7,Create,Deployment,false
8.122887424,Regular,5,Create,ConfigMap,false
8.142263277,Regular,8,Update,Deployment,false
8.163089852,Regular,7,Delete,ConfigMap,false
8.183389621,Regular,6,Delete,Deployment,false
8.203528938,Regular,6,Create,Deployment,false
8.223601347,Regular,6,Create,ConfigMap,false
8.242963125,Regular,8,Update,Deployment,false
8.262499942,Regular,5,Delete,ConfigMap,false
8.283412991,Regular,6,Delete,Deployment,false
8.303265084,Regular,7,Create,Deployment,false
8.32344092,Regular,6,Create,ConfigMap,false
8.343494574,Regular,7,Update,Deployment,false
8.362287857,Regular,4,Delete,ConfigMap,false
8.38239908,Regular,4,Delete,Deployment,false
8.403096962,Regular,6,Create,Deployment,false
8.422859195000001,Regular,5,Create,ConfigMap,false
8.44294504,Regular,6,Update,Deployment,false
8.463282281,Regular,5,Delete,ConfigMap,false
8.483318783,Regular,5,Delete,Deployment,false
8.50228904,Regular,7,Create,Deployment,false
8.523026456,Regular,4,Create,ConfigMap,false
8.542336295,Regular,8,Update,Deployment,false
8.562259263,Regular,3,Delete,ConfigMap,false
8.583556006,Regular,5,Delete,Deployment,false
8.602414342,Regular,7,Create,Deployment,false
8.622408945,Regular,6,Create,ConfigMap,false
8.64288639,Regular,7,Update,Deployment,false
8.662637081,Regular,5,Delete,ConfigMap,false
8.683487080999999,Regular,7,Delete,Deployment,false
8.703372497,Regular,7,Create,Deployment,false
8.72234589,Regular,6,Create,ConfigMap,false
8.742311638,Regular,8,Update,Deployment,false
8.763226631,Regular,5,Delete,ConfigMap,false
8.783296035,Regular,4,Delete,Deployment,false
8.802324682,Regular,7,Create,Deployment,false
8.8229942,Regular,4,Create,ConfigMap,false
8.842694186,Regular,7,Update,Deployment,false
8.863360929,Regular,5,Delete,ConfigMap,false
8.882373286,Regular,3,Delete,Deployment,false
8.90282912,Regular,5,Create,Deployment,false
8.923359836,Regular,6,Create,ConfigMap,false
8.942183055,Regular,8,Update,Deployment,false
8.962467967,Regular,4,Delete,ConfigMap,false
8.982364614,Regular,6,Delete,Deployment,false
8.022328422,Regular,6,Create,ConfigMap,false
8.043240639,Regular,7,Update,Deployment,false
8.062748863,Regular,8,Delete,ConfigMap,false
8.083114176,Regular,5,Delete,Deployment,false
8.103399318,Regular,7,Create,Deployment,false
8.122899136,Regular,4,Create,ConfigMap,false
8.142318441,Regular,8,Update,Deployment,false
8.163076096,Regular,7,Delete,ConfigMap,false
8.183455626,Regular,6,Delete,Deployment,false
8.203462883,Regular,6,Create,Deployment,false
8.223929508,Regular,6,Create,ConfigMap,false
8.243000585,Regular,8,Update,Deployment,false
8.262357463,Regular,6,Delete,ConfigMap,false
8.28323285,Regular,6,Delete,Deployment,false
8.303045389,Regular,10,Create,Deployment,false
8.323379964,Regular,6,Create,ConfigMap,false
8.343236947,Regular,9,Update,Deployment,false
8.362274632,Regular,4,Delete,ConfigMap,false
8.38238304,Regular,5,Delete,Deployment,false
8.403240643,Regular,6,Create,Deployment,false
8.422830401,Regular,5,Create,ConfigMap,false
8.442871261,Regular,6,Update,Deployment,false
8.462917221,Regular,5,Delete,ConfigMap,false
8.483161325,Regular,5,Delete,Deployment,false
8.502305581,Regular,8,Create,Deployment,false
8.522918332,Regular,5,Create,ConfigMap,false
8.542346685,Regular,8,Update,Deployment,false
8.562250506,Regular,3,Delete,ConfigMap,false
8.583381646,Regular,6,Delete,Deployment,false
8.602298202,Regular,8,Create,Deployment,false
8.622421288,Regular,5,Create,ConfigMap,false
8.642873155,Regular,7,Update,Deployment,false
8.662356461,Regular,5,Delete,ConfigMap,false
8.683431115,Regular,6,Delete,Deployment,false
8.703468368,Regular,8,Create,Deployment,false
8.722291658,Regular,6,Create,ConfigMap,false
8.742349179,Regular,7,Update,Deployment,false
8.763272758,Regular,5,Delete,ConfigMap,false
8.783173603,Regular,4,Delete,Deployment,false
8.802325374,Regular,6,Create,Deployment,false
8.82290392,Regular,4,Create,ConfigMap,false
8.842486935,Regular,7,Update,Deployment,false
8.863286068,Regular,4,Delete,ConfigMap,false
8.882503502,Regular,5,Delete,Deployment,false
8.902981047,Regular,5,Create,Deployment,false
8.923120093,Regular,6,Create,ConfigMap,false
8.942184478,Regular,8,Update,Deployment,false
8.962377846999999,Regular,4,Delete,ConfigMap,false
8.982296907,Regular,6,Delete,Deployment,false
8.003254589,Regular,6,Create,Deployment,false
8.022335245,Regular,7,Create,ConfigMap,false
8.04317748,Regular,7,Update,Deployment,false
8.06290602,Regular,8,Delete,ConfigMap,false
8.083031129,Regular,5,Delete,Deployment,false
8.103387596,Regular,6,Create,Deployment,false
8.123083274,Regular,5,Create,ConfigMap,false
8.142208384,Regular,8,Update,Deployment,false
8.163127623,Regular,7,Delete,ConfigMap,false
8.183265827,Regular,6,Delete,Deployment,false
8.20380018,Regular,6,Create,Deployment,false
8.223550822,Regular,6,Create,ConfigMap,false
8.243065057,Regular,8,Update,Deployment,false
8.262443135,Regular,5,Delete,ConfigMap,false
8.283363798,Regular,6,Delete,Deployment,false
8.303454542,Regular,11,Create,Deployment,false
8.323532994,Regular,5,Create,ConfigMap,false
8.343584844,Regular,9,Update,Deployment,false
8.362371054,Regular,4,Delete,ConfigMap,false
8.382448734,Regular,4,Delete,Deployment,false
8.403359307,Regular,5,Create,Deployment,false
8.422812968,Regular,6,Create,ConfigMap,false
8.442957434,Regular,6,Update,Deployment,false
8.463340781,Regular,4,Delete,ConfigMap,false
8.483463797,Regular,5,Delete,Deployment,false
8.502275664999999,Regular,6,Create,Deployment,false
8.522936446,Regular,4,Create,ConfigMap,false
8.54233878,Regular,8,Update,Deployment,false
8.562291554,Regular,2,Delete,ConfigMap,false
8.583604467,Regular,5,Delete,Deployment,false
8.602293163,Regular,8,Create,Deployment,false
8.622403715,Regular,6,Create,ConfigMap,false
8.64279147,Regular,7,Update,Deployment,false
8.662438777,Regular,7,Delete,ConfigMap,false
8.683406789,Regular,6,Delete,Deployment,false
8.70354858,Regular,7,Create,Deployment,false
8.722342494,Regular,6,Create,ConfigMap,false
8.742260231,Regular,7,Update,Deployment,false
8.763174612,Regular,5,Delete,ConfigMap,false
8.783308849,Regular,4,Delete,Deployment,false
8.802327898,Regular,6,Create,Deployment,false
8.8229939,Regular,4,Create,ConfigMap,false
8.842629514,Regular,7,Update,Deployment,false
8.863231755,Regular,5,Delete,ConfigMap,false
8.88237515,Regular,7,Delete,Deployment,false
8.902965909,Regular,5,Create,Deployment,false
8.923559684,Regular,4,Create,ConfigMap,false
8.942267224,Regular,8,Update,Deployment,false
8.962292075,Regular,4,Delete,ConfigMap,false
8.982371177,Regular,6,Delete,Deployment,false
8.022347929,Regular,6,Create,ConfigMap,false
8.043348292,Regular,6,Update,Deployment,false
8.062612485,Regular,8,Delete,ConfigMap,false
8.083259431,Regular,4,Delete,Deployment,false
8.103255546,Regular,7,Create,Deployment,false
8.123205354,Regular,5,Create,ConfigMap,false
8.142311118,Regular,8,Update,Deployment,false
8.163181445,Regular,7,Delete,ConfigMap,false
8.183294842,Regular,6,Delete,Deployment,false
8.203402509,Regular,6,Create,Deployment,false
8.223589345,Regular,6,Create,ConfigMap,false
8.242946643,Regular,8,Update,Deployment,false
8.262237086,Regular,5,Delete,ConfigMap,false
8.283384226,Regular,6,Delete,Deployment,false
8.303165185,Regular,8,Create,Deployment,false
8.323458072,Regular,6,Create,ConfigMap,false
8.343380408,Regular,8,Update,Deployment,false
8.362371344,Regular,4,Delete,ConfigMap,false
8.382419388,Regular,3,Delete,Deployment,false
8.403151425,Regular,6,Create,Deployment,false
8.422799342,Regular,6,Create,ConfigMap,false
8.442884296,Regular,6,Update,Deployment,false
8.463451591,Regular,5,Delete,ConfigMap,false
8.483434522,Regular,5,Delete,Deployment,false
8.502354924,Regular,8,Create,Deployment,false
8.523008703,Regular,4,Create,ConfigMap,false
8.542288275,Regular,8,Update,Deployment,false
8.562276776000001,Regular,5,Delete,ConfigMap,false
8.583671574,Regular,5,Delete,Deployment,false
8.602197632,Regular,8,Create,Deployment,false
8.622460682,Regular,6,Create,ConfigMap,false
8.642887602,Regular,6,Update,Deployment,false
8.662542813,Regular,5,Delete,ConfigMap,false
8.683547615,Regular,6,Delete,Deployment,false
8.703201865,Regular,8,Create,Deployment,false
8.722281619,Regular,6,Create,ConfigMap,false
8.742289356,Regular,9,Update,Deployment,false
8.763052321,Regular,5,Delete,ConfigMap,false
8.783226984,Regular,4,Delete,Deployment,false
8.802328489,Regular,7,Create,Deployment,false
8.822890354,Regular,4,Create,ConfigMap,false
8.842646246,Regular,8,Update,Deployment,false
8.863425131,Regular,5,Delete,ConfigMap,false
8.882400978,Regular,7,Delete,Deployment,false
8.902743338,Regular,5,Create,Deployment,false
8.923262573,Regular,6,Create,ConfigMap,false
8.942218112,Regular,8,Update,Deployment,false
8.962255285,Regular,4,Delete,ConfigMap,false
8.982322114,Regular,6,Delete,Deployment,false
8.003153158,Regular,5,Create,Deployment,false
8.022386963,Regular,6,Create,ConfigMap,false
8.043338754,Regular,7,Update,Deployment,false
8.062575205,Regular,8,Delete,ConfigMap,false
8.083048352,Regular,5,Delete,Deployment,false
8.103449914,Regular,7,Create,Deployment,false
8.123008733,Regular,4,Create,ConfigMap,false
8.142265702,Regular,8,Update,Deployment,false
8.163085524,Regular,3,Delete,ConfigMap,false
8.183248164,Regular,6,Delete,Deployment,false
8.203288433,Regular,6,Create,Deployment,false
8.223473967,Regular,6,Create,ConfigMap,false
8.243128347,Regular,8,Update,Deployment,false
8.262293372,Regular,5,Delete,ConfigMap,false
8.283198886,Regular,6,Delete,Deployment,false
8.303075967,Regular,8,Create,Deployment,false
8.323566727,Regular,5,Create,ConfigMap,false
8.343193144,Regular,8,Update,Deployment,false
8.362220539,Regular,4,Delete,ConfigMap,false
8.382331943,Regular,4,Delete,Deployment,false
8.403220074,Regular,6,Create,Deployment,false
8.422790826,Regular,5,Create,ConfigMap,false
8.443006146,Regular,6,Update,Deployment,false
8.462990419,Regular,5,Delete,ConfigMap,false
8.483083578,Regular,5,Delete,Deployment,false
8.502280875,Regular,6,Create,Deployment,false
8.522901981,Regular,5,Create,ConfigMap,false
8.542223933,Regular,8,Update,Deployment,false
8.562309407,Regular,6,Delete,ConfigMap,false
8.583640716,Regular,5,Delete,Deployment,false
8.60236608,Regular,5,Create,Deployment,false
8.622469799,Regular,5,Create,ConfigMap,false
8.642687925,Regular,6,Update,Deployment,false
8.662328338,Regular,5,Delete,ConfigMap,false
8.683211069,Regular,6,Delete,Deployment,false
8.703486523,Regular,7,Create,Deployment,false
8.722309502,Regular,6,Create,ConfigMap,false
8.742304675,Regular,8,Update,Deployment,false
8.763272207,Regular,5,Delete,ConfigMap,false
8.783185636,Regular,4,Delete,Deployment,false
8.802327548,Regular,5,Create,Deployment,false
8.82298371,Regular,4,Create,ConfigMap,false
8.842681543,Regular,8,Update,Deployment,false
8.862999987,Regular,6,Delete,ConfigMap,false
8.882405687,Regular,4,Delete,Deployment,false
8.902688394,Regular,5,Create,Deployment,false
8.923188733,Regular,5,Create,ConfigMap,false
8.94223321,Regular,8,Update,Deployment,false
8.962200622,Regular,4,Delete,ConfigMap,false
8.982313298,Regular,5,Delete,Deployment,false
9.002234372,Regular,9,Create,Deployment,false
8.003247656,Regular,6,Create,Deployment,false
8.022334544,Regular,6,Create,ConfigMap,false
8.04321987,Regular,7,Update,Deployment,false
8.062539177,Regular,8,Delete,ConfigMap,false
8.082947461,Regular,5,Delete,Deployment,false
8.103480862,Regular,7,Create,Deployment,false
8.123113601,Regular,5,Create,ConfigMap,false
8.142297642,Regular,7,Update,Deployment,false
8.163276435,Regular,7,Delete,ConfigMap,false
8.183231623,Regular,5,Delete,Deployment,false
8.20353522,Regular,6,Create,Deployment,false
8.223785435,Regular,6,Create,ConfigMap,false
8.242929952,Regular,7,Update,Deployment,false
8.262279235,Regular,5,Delete,ConfigMap,false
8.283441394,Regular,5,Delete,Deployment,false
8.30345325,Regular,8,Create,Deployment,false
8.323400543,Regular,6,Create,ConfigMap,false
8.343575907,Regular,8,Update,Deployment,false
8.362376454,Regular,4,Delete,ConfigMap,false
8.38249443,Regular,4,Delete,Deployment,false
8.403118292,Regular,6,Create,Deployment,false
8.422765488,Regular,5,Create,ConfigMap,false
8.443073373,Regular,6,Update,Deployment,false
8.463101719,Regular,5,Delete,ConfigMap,false
8.483479056,Regular,5,Delete,Deployment,false
8.50227855,Regular,6,Create,Deployment,false
8.52301255,Regular,5,Create,ConfigMap,false
8.542277735,Regular,6,Update,Deployment,false
8.562251538,Regular,6,Delete,ConfigMap,false
8.583441449,Regular,4,Delete,Deployment,false
8.602253868,Regular,8,Create,Deployment,false
8.622411199,Regular,6,Create,ConfigMap,false
8.642877192,Regular,7,Update,Deployment,false
8.662622193,Regular,5,Delete,ConfigMap,false
8.683192274,Regular,7,Delete,Deployment,false
8.703223536,Regular,8,Create,Deployment,false
8.722301506,Regular,6,Create,ConfigMap,false
8.742420123,Regular,7,Update,Deployment,false
8.763060046,Regular,5,Delete,ConfigMap,false
8.783322986,Regular,4,Delete,Deployment,false
8.802319653,Regular,6,Create,Deployment,false
8.822927755,Regular,4,Create,ConfigMap,false
8.842556977,Regular,8,Update,Deployment,false
8.863047667,Regular,6,Delete,ConfigMap,false
8.88237001,Regular,7,Delete,Deployment,false
8.902696149,Regular,5,Create,Deployment,false
8.923581094,Regular,6,Create,ConfigMap,false
8.942262225,Regular,8,Update,Deployment,false
8.962240377,Regular,3,Delete,ConfigMap,false
8.982375204,Regular,5,Delete,Deployment,false
9.002407559,Regular,9,Create,Deployment,false
8.003194596,Regular,6,Create,Deployment,false
8.022371864,Regular,5,Create,ConfigMap,false
8.043347952,Regular,7,Update,Deployment,false
8.062378263,Regular,9,Delete,ConfigMap,false
8.083244021,Regular,5,Delete,Deployment,false
8.103275454,Regular,7,Create,Deployment,false
8.123101859,Regular,5,Create,ConfigMap,false
8.142315997,Regular,8,Update,Deployment,false
8.163188899,Regular,7,Delete,ConfigMap,false
8.18329388,Regular,6,Delete,Deployment,false
8.203438056,Regular,6,Create,Deployment,false
8.223633689,Regular,6,Create,ConfigMap,false
8.24307703,Regular,8,Update,Deployment,false
8.26221268,Regular,5,Delete,ConfigMap,false
8.283355151,Regular,6,Delete,Deployment,false
8.303355986,Regular,11,Create,Deployment,false
8.32317152,Regular,6,Create,ConfigMap,false
8.343552824,Regular,8,Update,Deployment,false
8.362316421,Regular,4,Delete,ConfigMap,false
8.382333586,Regular,4,Delete,Deployment,false
8.40340284,Regular,6,Create,Deployment,false
8.422837364,Regular,6,Create,ConfigMap,false
8.443047755,Regular,6,Update,Deployment,false
8.463338687,Regular,5,Delete,ConfigMap,false
8.483442998,Regular,5,Delete,Deployment,false
8.50227297,Regular,8,Create,Deployment,false
8.522953689,Regular,5,Create,ConfigMap,false
8.542341655,Regular,8,Update,Deployment,false
8.562239415,Regular,6,Delete,ConfigMap,false
8.583726157,Regular,5,Delete,Deployment,false
8.602442926,Regular,7,Create,Deployment,false
8.622418202,Regular,6,Create,ConfigMap,false
8.642700989,Regular,7,Update,Deployment,false
8.662392499,Regular,5,Delete,ConfigMap,false
8.683298194,Regular,7,Delete,Deployment,false
8.703178541,Regular,7,Create,Deployment,false
8.722277421,Regular,6,Create,ConfigMap,false
8.742392852,Regular,8,Update,Deployment,false
8.76318918,Regular,5,Delete,ConfigMap,false
8.78334626,Regular,4,Delete,Deployment,false
8.802364447,Regular,6,Create,Deployment,false
8.823117724,Regular,4,Create,ConfigMap,false
8.842641096,Regular,8,Update,Deployment,false
8.863265519,Regular,5,Delete,ConfigMap,false
8.882335635,Regular,5,Delete,Deployment,false
8.902942164,Regular,5,Create,Deployment,false
8.923473711,Regular,6,Create,ConfigMap,false
8.942250032,Regular,8,Update,Deployment,false
8.962313625,Regular,7,Delete,ConfigMap,false
8.982368963,Regular,5,Delete,Deployment,false
9.002541953,Regular,9,Create,Deployment,false
9.023259361,Regular,5,Create,ConfigMap,false
9.042239277,Regular,9,Update,Deployment,false
9.063042047,Regular,6,Delete,ConfigMap,false
9.082421998,Regular,5,Delete,Deployment,false
9.103051901,Regular,8,Create,Deployment,false
9.122332475,Regular,6,Create,ConfigMap,false
9.142272995,Regular,9,Update,Deployment,false
9.162760009,Regular,5,Delete,ConfigMap,false
9.182643852,Regular,5,Delete,Deployment,false
9.203206709,Regular,7,Create,Deployment,false
9.222939757,Regular,6,Create,ConfigMap,false
9.242529575,Regular,9,Update,Deployment,false
9.262263986,Regular,5,Delete,ConfigMap,false
9.282639239,Regular,6,Delete,Deployment,false
9.302989253,Regular,5,Create,Deployment,false
9.322228408,Regular,6,Create,ConfigMap,false
9.342214375,Regular,6,Update,Deployment,false
9.362836814,Regular,6,Delete,ConfigMap,false
9.382821768,Regular,5,Delete,Deployment,false
9.402818004,Regular,10,Create,Deployment,false
9.423106553,Regular,4,Create,ConfigMap,false
9.442398327,Regular,8,Update,Deployment,false
9.462208622,Regular,6,Delete,ConfigMap,false
9.482319474,Regular,10,Delete,Deployment,false
9.503117415,Regular,16,Create,Deployment,false
9.523538794,Regular,18,Create,ConfigMap,false
9.542409744,Regular,9,Update,Deployment,false
9.563034357,Regular,6,Delete,ConfigMap,false
9.583053897,Regular,6,Delete,Deployment,false
9.602206659,Regular,8,Create,Deployment,false
9.62311598,Regular,4,Create,ConfigMap,false
9.643120321,Regular,6,Update,Deployment,false
9.662935485,Regular,5,Delete,ConfigMap,false
9.682979752,Regular,5,Delete,Deployment,false
9.70297722,Regular,5,Create,Deployment,false
9.723027027,Regular,5,Create,ConfigMap,false
9.742772229,Regular,7,Update,Deployment,false
9.762812869,Regular,4,Delete,ConfigMap,false
9.7831719,Regular,5,Delete,Deployment,false
9.802400075,Regular,8,Create,Deployment,false
9.822811084,Regular,5,Create,ConfigMap,false
9.843111044,Regular,7,Update,Deployment,false
9.863291689,Regular,6,Delete,ConfigMap,false
9.882721975,Regular,6,Delete,Deployment,false
9.902358902,Regular,7,Create,Deployment,false
9.922339448,Regular,5,Create,ConfigMap,false
9.942271643,Regular,6,Update,Deployment,false
9.962241869,Regular,7,Delete,ConfigMap,false
9.983054589,Regular,5,Delete,Deployment,false
9.023081165,Regular,5,Create,ConfigMap,false
9.042191006,Regular,9,Update,Deployment,false
9.063067495,Regular,6,Delete,ConfigMap,false
9.082422379,Regular,7,Delete,Deployment,false
9.10332629,Regular,8,Create,Deployment,false
9.12227679,Regular,4,Create,ConfigMap,false
9.1422594,Regular,9,Update,Deployment,false
9.162720955,Regular,5,Delete,ConfigMap,false
9.182683116,Regular,5,Delete,Deployment,false
9.203438497,Regular,6,Create,Deployment,false
9.223303595,Regular,5,Create,ConfigMap,false
9.242497916,Regular,6,Update,Deployment,false
9.26229764,Regular,6,Delete,ConfigMap,false
9.282649668,Regular,4,Delete,Deployment,false
9.303034699,Regular,5,Create,Deployment,false
9.322179736,Regular,6,Create,ConfigMap,false
9.342316788,Regular,7,Update,Deployment,false
9.362925421,Regular,6,Delete,ConfigMap,false
9.382772255,Regular,5,Delete,Deployment,false
9.40281581,Regular,8,Create,Deployment,false
9.423035368,Regular,5,Create,ConfigMap,false
9.442388629,Regular,8,Update,Deployment,false
9.462261943,Regular,6,Delete,ConfigMap,false
9.482349411,Regular,10,Delete,Deployment,false
9.503229006,Regular,15,Create,Deployment,false
9.524202198,Regular,17,Create,ConfigMap,false
9.542542425,Regular,8,Update,Deployment,false
9.563230127,Regular,6,Delete,ConfigMap,false
9.582976541,Regular,6,Delete,Deployment,false
9.602219844,Regular,8,Create,Deployment,false
9.623321168,Regular,4,Create,ConfigMap,false
9.643312284,Regular,7,Update,Deployment,false
9.662972515,Regular,5,Delete,ConfigMap,false
9.682977407,Regular,4,Delete,Deployment,false
9.70301946,Regular,5,Create,Deployment,false
9.722970701,Regular,5,Create,ConfigMap,false
9.742755097,Regular,7,Update,Deployment,false
9.762853125,Regular,4,Delete,ConfigMap,false
9.783216555,Regular,5,Delete,Deployment,false
9.802489143,Regular,8,Create,Deployment,false
9.822842544,Regular,5,Create,ConfigMap,false
9.843062242,Regular,6,Update,Deployment,false
9.863259327,Regular,6,Delete,ConfigMap,false
9.88289945,Regular,6,Delete,Deployment,false
9.902384741,Regular,7,Create,Deployment,false
9.92236184,Regular,5,Create,ConfigMap,false
9.942225456,Regular,6,Update,Deployment,false
9.962370503,Regular,7,Delete,ConfigMap,false
9.983244988,Regular,5,Delete,Deployment,false
9.002454307,Regular,8,Create,Deployment,false
9.023223614,Regular,5,Create,ConfigMap,false
9.042186146,Regular,10,Update,Deployment,false
9.063424029,Regular,6,Delete,ConfigMap,false
9.082511628,Regular,7,Delete,Deployment,false
9.103189722,Regular,7,Create,Deployment,false
9.122223339,Regular,6,Create,ConfigMap,false
9.142257065,Regular,9,Update,Deployment,false
9.162720735,Regular,4,Delete,ConfigMap,false
9.182755973999999,Regular,5,Delete,Deployment,false
9.203508269,Regular,6,Create,Deployment,false
9.223173399,Regular,4,Create,ConfigMap,false
9.242571334,Regular,6,Update,Deployment,false
9.26228161,Regular,4,Delete,ConfigMap,false
9.282702017,Regular,6,Delete,Deployment,false
9.303013759,Regular,5,Create,Deployment,false
9.322194324,Regular,6,Create,ConfigMap,false
9.342300307,Regular,6,Update,Deployment,false
9.362939548,Regular,6,Delete,ConfigMap,false
9.382999314,Regular,4,Delete,Deployment,false
9.402802285,Regular,9,Create,Deployment,false
9.423188227,Regular,4,Create,ConfigMap,false
9.442466005,Regular,8,Update,Deployment,false
9.462231946,Regular,5,Delete,ConfigMap,false
9.482341356,Regular,9,Delete,Deployment,false
9.505397463,Regular,10,Create,Deployment,false
9.523846345,Regular,17,Create,ConfigMap,false
9.542566049,Regular,9,Update,Deployment,false
9.563172057,Regular,4,Delete,ConfigMap,false
9.583188101,Regular,6,Delete,Deployment,false
9.60238166,Regular,8,Create,Deployment,false
9.623382905,Regular,5,Create,ConfigMap,false
9.643422332,Regular,6,Update,Deployment,false
9.66318648,Regular,5,Delete,ConfigMap,false
9.682865556,Regular,6,Delete,Deployment,false
9.703041542,Regular,5,Create,Deployment,false
9.722873657,Regular,5,Create,ConfigMap,false
9.74275161,Regular,7,Update,Deployment,false
9.762906986,Regular,4,Delete,ConfigMap,false
9.783124781,Regular,5,Delete,Deployment,false
9.802262395,Regular,9,Create,Deployment,false
9.822741703,Regular,5,Create,ConfigMap,false
9.842947715,Regular,7,Update,Deployment,false
9.863191119,Regular,7,Delete,ConfigMap,false
9.882979732,Regular,6,Delete,Deployment,false
9.902324807,Regular,7,Create,Deployment,false
9.922512555,Regular,5,Create,ConfigMap,false
9.94232294,Regular,6,Update,Deployment,false
9.962266726,Regular,7,Delete,ConfigMap,false
9.983295293,Regular,5,Delete,Deployment,false
9.002705482,Regular,8,Create,Deployment,false
9.023196873,Regular,5,Create,ConfigMap,false
9.042203559,Regular,9,Update,Deployment,false
9.063156032,Regular,6,Delete,ConfigMap,false
9.082220207,Regular,6,Delete,Deployment,false
9.103107436,Regular,8,Create,Deployment,false
9.122196638,Regular,6,Create,ConfigMap,false
9.142281211,Regular,7,Update,Deployment,false
9.162814342,Regular,5,Delete,ConfigMap,false
9.182725887,Regular,5,Delete,Deployment,false
9.203450249,Regular,6,Create,Deployment,false
9.22329054,Regular,5,Create,ConfigMap,false
9.242481575,Regular,9,Update,Deployment,false
9.262405424,Regular,4,Delete,ConfigMap,false
9.282600856,Regular,4,Delete,Deployment,false
9.30315162,Regular,5,Create,Deployment,false
9.322249558,Regular,6,Create,ConfigMap,false
9.342282273,Regular,7,Update,Deployment,false
9.362888582,Regular,6,Delete,ConfigMap,false
9.382902641,Regular,7,Delete,Deployment,false
9.402742842,Regular,10,Create,Deployment,false
9.423085363,Regular,4,Create,ConfigMap,false
9.442415139,Regular,8,Update,Deployment,false
9.462421073,Regular,5,Delete,ConfigMap,false
9.482349491,Regular,9,Delete,Deployment,false
9.505359512,Regular,11,Create,Deployment,false
9.524001168,Regular,17,Create,ConfigMap,false
9.54262447,Regular,6,Update,Deployment,false
9.563350204,Regular,5,Delete,ConfigMap,false
9.583085076,Regular,6,Delete,Deployment,false
9.602304664,Regular,8,Create,Deployment,false
9.623171555999999,Regular,5,Create,ConfigMap,false
9.643054738,Regular,7,Update,Deployment,false
9.663255069,Regular,4,Delete,ConfigMap,false
9.683086283,Regular,6,Delete,Deployment,false
9.70296658,Regular,4,Create,Deployment,false
9.722774751,Regular,5,Create,ConfigMap,false
9.742778501,Regular,7,Update,Deployment,false
9.762921915,Regular,4,Delete,ConfigMap,false
9.783094494,Regular,5,Delete,Deployment,false
9.802242988,Regular,9,Create,Deployment,false
9.822900193,Regular,5,Create,ConfigMap,false
9.843096997,Regular,7,Update,Deployment,false
9.863273654,Regular,7,Delete,ConfigMap,false
9.882955586,Regular,6,Delete,Deployment,false
9.902422011,Regular,7,Create,Deployment,false
9.922447121,Regular,5,Create,ConfigMap,false
9.942241486,Regular,6,Update,Deployment,false
9.962253161,Regular,6,Delete,ConfigMap,false
9.983244788,Regular,5,Delete,Deployment,false
9.002336585,Regular,8,Create,Deployment,false
9.023005171,Regular,5,Create,ConfigMap,false
9.042261549,Regular,9,Update,Deployment,false
9.063189976,Regular,6,Delete,ConfigMap,false
9.082476301,Regular,7,Delete,Deployment,false
9.102839099,Regular,7,Create,Deployment,false
9.122275026,Regular,5,Create,ConfigMap,false
9.142272034,Regular,9,Update,Deployment,false
9.162815163,Regular,5,Delete,ConfigMap,false
9.182670653,Regular,5,Delete,Deployment,false
9.203507798,Regular,6,Create,Deployment,false
9.223229004,Regular,5,Create,ConfigMap,false
9.242641046,Regular,6,Update,Deployment,false
9.262317057,Regular,6,Delete,ConfigMap,false
9.282535473,Regular,6,Delete,Deployment,false
9.303086397,Regular,4,Create,Deployment,false
9.322215895,Regular,6,Create,ConfigMap,false
9.342248519,Regular,7,Update,Deployment,false
9.362870197,Regular,6,Delete,ConfigMap,false
9.382780781,Regular,4,Delete,Deployment,false
9.402729788,Regular,10,Create,Deployment,false
9.423187886000001,Regular,5,Create,ConfigMap,false
9.442259826,Regular,8,Update,Deployment,false
9.46224466,Regular,4,Delete,ConfigMap,false
9.482361564,Regular,10,Delete,Deployment,false
9.502857614,Regular,13,Create,Deployment,false
9.524060751,Regular,18,Create,ConfigMap,false
9.542631323,Regular,8,Update,Deployment,false
9.563131471,Regular,6,Delete,ConfigMap,false
9.58280687,Regular,5,Delete,Deployment,false
9.602338248,Regular,7,Create,Deployment,false
9.623229926,Regular,4,Create,ConfigMap,false
9.643338674,Regular,6,Update,Deployment,false
9.663051224,Regular,5,Delete,ConfigMap,false
9.683038803,Regular,5,Delete,Deployment,false
9.703056179,Regular,5,Create,Deployment,false
9.722893765,Regular,4,Create,ConfigMap,false
9.742708589,Regular,7,Update,Deployment,false
9.762885336,Regular,4,Delete,ConfigMap,false
9.783184233,Regular,5,Delete,Deployment,false
9.80231294,Regular,8,Create,Deployment,false
9.822785765999999,Regular,5,Create,ConfigMap,false
9.842870229,Regular,7,Update,Deployment,false
9.863263666,Regular,7,Delete,ConfigMap,false
9.882881466,Regular,6,Delete,Deployment,false
9.902356016,Regular,7,Create,Deployment,false
9.922472239,Regular,5,Create,ConfigMap,false
9.942409894,Regular,6,Update,Deployment,false
9.962314537,Regular,4,Delete,ConfigMap,false
9.983245259,Regular,5,Delete,Deployment,false
9.002452915,Regular,9,Create,Deployment,false
9.022986185,Regular,5,Create,ConfigMap,false
9.042221343,Regular,8,Update,Deployment,false
9.063156072,Regular,6,Delete,ConfigMap,false
9.082590677,Regular,6,Delete,Deployment,false
9.103319066,Regular,8,Create,Deployment,false
9.122191889,Regular,6,Create,ConfigMap,false
9.142265291,Regular,9,Update,Deployment,false
9.162777762,Regular,5,Delete,ConfigMap,false
9.182733582000001,Regular,5,Delete,Deployment,false
9.203408741,Regular,6,Create,Deployment,false
9.223279549,Regular,5,Create,ConfigMap,false
9.242547018,Regular,6,Update,Deployment,false
9.262350169,Regular,4,Delete,ConfigMap,false
9.28256571,Regular,6,Delete,Deployment,false
9.303218967,Regular,5,Create,Deployment,false
9.322268644,Regular,6,Create,ConfigMap,false
9.342282253,Regular,7,Update,Deployment,false
9.362920181,Regular,6,Delete,ConfigMap,false
9.383018921,Regular,5,Delete,Deployment,false
9.402705852,Regular,9,Create,Deployment,false
9.422917275,Regular,6,Create,ConfigMap,false
9.442306093,Regular,8,Update,Deployment,false
9.462264297,Regular,6,Delete,ConfigMap,false
9.482357987,Regular,7,Delete,Deployment,false
9.503353201,Regular,12,Create,Deployment,false
9.524259626,Regular,18,Create,ConfigMap,false
9.543024025,Regular,8,Update,Deployment,false
9.563322902,Regular,3,Delete,ConfigMap,false
9.582872043,Regular,6,Delete,Deployment,false
9.602304905,Regular,8,Create,Deployment,false
9.623224405,Regular,4,Create,ConfigMap,false
9.643146962,Regular,7,Update,Deployment,false
9.663032849,Regular,5,Delete,ConfigMap,false
9.682898218,Regular,5,Delete,Deployment,false
9.70300337,Regular,5,Create,Deployment,false
9.722731519,Regular,5,Create,ConfigMap,false
9.742817975,Regular,7,Update,Deployment,false
9.762877079999999,Regular,4,Delete,ConfigMap,false
9.783152714,Regular,4,Delete,Deployment,false
9.802213492,Regular,8,Create,Deployment,false
9.822792319,Regular,5,Create,ConfigMap,false
9.843018359,Regular,6,Update,Deployment,false
9.862988987,Regular,5,Delete,ConfigMap,false
9.882819499,Regular,7,Delete,Deployment,false
9.902334255,Regular,7,Create,Deployment,false
9.922522123,Regular,5,Create,ConfigMap,false
9.942410455,Regular,6,Update,Deployment,false
9.962355334,Regular,7,Delete,ConfigMap,false
9.983269374,Regular,5,Delete,Deployment,false
9.002506816,Regular,8,Create,Deployment,false
9.023086855,Regular,5,Create,ConfigMap,false
9.042244106,Regular,10,Update,Deployment,false
9.063053819,Regular,6,Delete,ConfigMap,false
9.082297483,Regular,8,Delete,Deployment,false
9.102933478,Regular,6,Create,Deployment,false
9.122329179,Regular,6,Create,ConfigMap,false
9.14225432,Regular,9,Update,Deployment,false
9.162730072,Regular,5,Delete,ConfigMap,false
9.182628483,Regular,4,Delete,Deployment,false
9.203508289,Regular,6,Create,Deployment,false
9.223328762,Regular,5,Create,ConfigMap,false
9.24260628,Regular,6,Update,Deployment,false
9.262404792,Regular,4,Delete,ConfigMap,false
9.282696106,Regular,6,Delete,Deployment,false
9.303144627,Regular,5,Create,Deployment,false
9.322206918,Regular,6,Create,ConfigMap,false
9.342248619,Regular,6,Update,Deployment,false
9.362978401,Regular,6,Delete,ConfigMap,false
9.38280656,Regular,5,Delete,Deployment,false
9.403001741,Regular,7,Create,Deployment,false
9.423212763,Regular,5,Create,ConfigMap,false
9.442404479,Regular,6,Update,Deployment,false
9.462267824,Regular,6,Delete,ConfigMap,false
9.482333952,Regular,11,Delete,Deployment,false
9.503031573,Regular,14,Create,Deployment,false
9.52369551,Regular,19,Create,ConfigMap,false
9.542766037,Regular,8,Update,Deployment,false
9.563075074,Regular,6,Delete,ConfigMap,false
9.582846145,Regular,6,Delete,Deployment,false
9.602551701,Regular,7,Create,Deployment,false
9.623427098,Regular,4,Create,ConfigMap,false
9.643199361,Regular,7,Update,Deployment,false
9.663174056,Regular,4,Delete,ConfigMap,false
9.682880244,Regular,6,Delete,Deployment,false
9.703050147999999,Regular,5,Create,Deployment,false
9.723030083,Regular,5,Create,ConfigMap,false
9.742646151,Regular,7,Update,Deployment,false
9.762869275,Regular,4,Delete,ConfigMap,false
9.783233917,Regular,5,Delete,Deployment,false
9.802415424,Regular,8,Create,Deployment,false
9.823034667,Regular,5,Create,ConfigMap,false
9.842902218999999,Regular,7,Update,Deployment,false
9.863182402,Regular,7,Delete,ConfigMap,false
9.882732414,Regular,7,Delete,Deployment,false
9.902365474,Regular,7,Create,Deployment,false
9.922372851,Regular,5,Create,ConfigMap,false
9.942307631,Regular,6,Update,Deployment,false
9.962412091000001,Regular,7,Delete,ConfigMap,false
9.983040362,Regular,5,Delete,Deployment,false
10.003311998,Regular,3,Create,Deployment,false
9.002452654,Regular,9,Create,Deployment,false
9.02309438,Regular,5,Create,ConfigMap,false
9.042258744,Regular,10,Update,Deployment,false
9.063546129,Regular,4,Delete,ConfigMap,false
9.08244925,Regular,7,Delete,Deployment,false
9.103246178,Regular,8,Create,Deployment,false
9.12227699,Regular,6,Create,ConfigMap,false
9.142279858,Regular,9,Update,Deployment,false
9.162796618,Regular,5,Delete,ConfigMap,false
9.182792373,Regular,5,Delete,Deployment,false
9.203550228,Regular,6,Create,Deployment,false
9.223243872,Regular,5,Create,ConfigMap,false
9.242688756,Regular,9,Update,Deployment,false
9.262365418,Regular,5,Delete,ConfigMap,false
9.282703861,Regular,6,Delete,Deployment,false
9.303157932,Regular,5,Create,Deployment,false
9.322267853,Regular,6,Create,ConfigMap,false
9.342298333,Regular,6,Update,Deployment,false
9.362860579,Regular,5,Delete,ConfigMap,false
9.382860492,Regular,6,Delete,Deployment,false
9.402732473,Regular,8,Create,Deployment,false
9.422932223,Regular,6,Create,ConfigMap,false
9.442496713,Regular,6,Update,Deployment,false
9.462243618,Regular,6,Delete,ConfigMap,false
9.482365361,Regular,10,Delete,Deployment,false
9.505440064,Regular,14,Create,Deployment,false
9.5233776,Regular,19,Create,ConfigMap,false
9.542950957,Regular,8,Update,Deployment,false
9.563253581,Regular,5,Delete,ConfigMap,false
9.583160198,Regular,6,Delete,Deployment,false
9.602247767,Regular,8,Create,Deployment,false
9.623332069,Regular,4,Create,ConfigMap,false
9.643356848,Regular,6,Update,Deployment,false
9.663114273,Regular,5,Delete,ConfigMap,false
9.683154452,Regular,6,Delete,Deployment,false
9.703065637,Regular,5,Create,Deployment,false
9.72297039,Regular,5,Create,ConfigMap,false
9.74266176,Regular,7,Update,Deployment,false
9.762911535,Regular,4,Delete,ConfigMap,false
9.783196948,Regular,5,Delete,Deployment,false
9.802385798,Regular,8,Create,Deployment,false
9.822955668,Regular,5,Create,ConfigMap,false
9.843005955,Regular,6,Update,Deployment,false
9.863072174,Regular,7,Delete,ConfigMap,false
9.882774143,Regular,4,Delete,Deployment,false
9.902332983,Regular,7,Create,Deployment,false
9.922449055,Regular,5,Create,ConfigMap,false
9.942520533,Regular,5,Update,Deployment,false
9.962278799,Regular,6,Delete,ConfigMap,false
9.9831667,Regular,4,Delete,Deployment,false
10.003248598,Regular,4,Create,Deployment,false
9.002552593,Regular,8,Create,Deployment,false
9.023166346,Regular,4,Create,ConfigMap,false
9.042247563,Regular,9,Update,Deployment,false
9.063083034,Regular,6,Delete,ConfigMap,false
9.08249153,Regular,7,Delete,Deployment,false
9.10325777,Regular,8,Create,Deployment,false
9.122211136,Regular,5,Create,ConfigMap,false
9.142292953,Regular,9,Update,Deployment,false
9.162716376,Regular,5,Delete,ConfigMap,false
9.182656175,Regular,5,Delete,Deployment,false
9.203396528,Regular,6,Create,Deployment,false
9.223381572,Regular,5,Create,ConfigMap,false
9.242560163,Regular,9,Update,Deployment,false
9.262366881,Regular,4,Delete,ConfigMap,false
9.282638608,Regular,6,Delete,Deployment,false
9.303210401,Regular,5,Create,Deployment,false
9.322328407,Regular,6,Create,ConfigMap,false
9.342258979,Regular,6,Update,Deployment,false
9.362905133,Regular,6,Delete,ConfigMap,false
9.383038318,Regular,5,Delete,Deployment,false
9.40288477,Regular,10,Create,Deployment,false
9.423262046,Regular,5,Create,ConfigMap,false
9.442389881,Regular,8,Update,Deployment,false
9.462245982,Regular,6,Delete,ConfigMap,false
9.482361554,Regular,10,Delete,Deployment,false
9.505176706,Regular,12,Create,Deployment,false
9.523971562,Regular,18,Create,ConfigMap,false
9.542710532,Regular,9,Update,Deployment,false
9.563253581,Regular,5,Delete,ConfigMap,false
9.582915505999999,Regular,6,Delete,Deployment,false
9.602536623,Regular,7,Create,Deployment,false
9.623266735,Regular,5,Create,ConfigMap,false
9.643094052,Regular,7,Update,Deployment,false
9.662953359,Regular,5,Delete,ConfigMap,false
9.682961207,Regular,5,Delete,Deployment,false
9.702953015,Regular,5,Create,Deployment,false
9.722885911,Regular,5,Create,ConfigMap,false
9.742690875,Regular,7,Update,Deployment,false
9.762836814,Regular,3,Delete,ConfigMap,false
9.783206936,Regular,5,Delete,Deployment,false
9.802765605,Regular,8,Create,Deployment,false
9.822910242,Regular,5,Create,ConfigMap,false
9.842856202,Regular,6,Update,Deployment,false
9.863166101000001,Regular,6,Delete,ConfigMap,false
9.882858954,Regular,6,Delete,Deployment,false
9.90234186,Regular,6,Create,Deployment,false
9.922348084,Regular,5,Create,ConfigMap,false
9.942470689,Regular,6,Update,Deployment,false
9.962343512,Regular,6,Delete,ConfigMap,false
9.983202839,Regular,5,Delete,Deployment,false
10.003208272,Regular,4,Create,Deployment,false
10.003018513,Regular,5,Create,Deployment,false
10.003317809,Regular,4,Create,Deployment,false
9.023255875,Regular,5,Create,ConfigMap,false
9.042429847,Regular,9,Update,Deployment,false
9.063140503,Regular,6,Delete,ConfigMap,false
9.082234935,Regular,7,Delete,Deployment,false
9.102852454,Regular,8,Create,Deployment,false
9.12220269,Regular,5,Create,ConfigMap,false
9.142305998,Regular,9,Update,Deployment,false
9.162717909,Regular,5,Delete,ConfigMap,false
9.18283856,Regular,5,Delete,Deployment,false
9.203248658,Regular,7,Create,Deployment,false
9.223037733,Regular,6,Create,ConfigMap,false
9.242633552,Regular,9,Update,Deployment,false
9.262228269,Regular,4,Delete,ConfigMap,false
9.282551232,Regular,6,Delete,Deployment,false
9.30297738,Regular,5,Create,Deployment,false
9.322238568,Regular,6,Create,ConfigMap,false
9.342324833,Regular,7,Update,Deployment,false
9.362821745,Regular,6,Delete,ConfigMap,false
9.382886801,Regular,5,Delete,Deployment,false
9.403044141,Regular,9,Create,Deployment,false
9.423257839,Regular,5,Create,ConfigMap,false
9.442411182,Regular,8,Update,Deployment,false
9.462200086,Regular,6,Delete,ConfigMap,false
9.482376823,Regular,9,Delete,Deployment,false
9.502932486,Regular,13,Create,Deployment,false
9.523607043,Regular,17,Create,ConfigMap,false
9.542458005,Regular,7,Update,Deployment,false
9.563322992,Regular,5,Delete,ConfigMap,false
9.58301858,Regular,6,Delete,Deployment,false
9.602213071,Regular,8,Create,Deployment,false
9.623156477,Regular,5,Create,ConfigMap,false
9.643404989,Regular,7,Update,Deployment,false
9.662918203,Regular,5,Delete,ConfigMap,false
9.683092715,Regular,5,Delete,Deployment,false
9.703068222,Regular,5,Create,Deployment,false
9.722988935,Regular,5,Create,ConfigMap,false
9.742862109,Regular,7,Update,Deployment,false
9.762821505,Regular,4,Delete,ConfigMap,false
9.783112969,Regular,5,Delete,Deployment,false
9.802694431,Regular,7,Create,Deployment,false
9.822757373,Regular,4,Create,ConfigMap,false
9.842985256,Regular,7,Update,Deployment,false
9.863233358,Regular,6,Delete,ConfigMap,false
9.882994119,Regular,6,Delete,Deployment,false
9.90233152,Regular,7,Create,Deployment,false
9.922302678,Regular,5,Create,ConfigMap,false
9.942319754,Regular,6,Update,Deployment,false
9.962200862,Regular,7,Delete,ConfigMap,false
9.983284383,Regular,5,Delete,Deployment,false
10.003174919,Regular,4,Create,Deployment,false
