start_time,role,duration_ms,operation,resource,is_error
0.00323868,Regular,65,Create,Deployment,false
0.002868841,Regular,68,Create,Deployment,false
0.072019757,Regular,10,Create,ConfigMap,false
0.08213007,Regular,17,Update,Deployment,false
0.099285625,Regular,8,Delete,ConfigMap,false
0.107838605,Regular,11,Delete,Deployment,false
0.119652797,Regular,8,Create,Deployment,false
0.128526894,Regular,6,Create,ConfigMap,false
0.142395649,Regular,8,Update,Deployment,false
0.162374327,Regular,4,Delete,ConfigMap,false
0.183139361,Regular,8,Delete,Deployment,false
0.202200586,Regular,6,Create,Deployment,false
0.223077472,Regular,6,Create,ConfigMap,false
0.242148265,Regular,7,Update,Deployment,false
0.263107857,Regular,4,Delete,ConfigMap,false
0.282933627,Regular,7,Delete,Deployment,false
0.302680588,Regular,13,Create,Deployment,false
0.322848985,Regular,8,Create,ConfigMap,false
0.342886725,Regular,7,Update,Deployment,false
0.362567621,Regular,6,Delete,ConfigMap,false
0.382195166,Regular,7,Delete,Deployment,false
0.403894255,Regular,9,Create,Deployment,false
0.423210632,Regular,7,Create,ConfigMap,false
0.443061149,Regular,14,Update,Deployment,false
0.463104549,Regular,8,Delete,ConfigMap,false
0.482844838,Regular,12,Delete,Deployment,false
0.502853944,Regular,21,Create,Deployment,false
0.524654775,Regular,14,Create,ConfigMap,false
0.543272272,Regular,12,Update,Deployment,false
0.56382764,Regular,8,Delete,ConfigMap,false
0.582553632,Regular,6,Delete,Deployment,false
0.603296133,Regular,8,Create,Deployment,false
0.622609284,Regular,7,Create,ConfigMap,false
0.642821023,Regular,6,Update,Deployment,false
0.662148712,Regular,4,Delete,ConfigMap,false
0.682284948,Regular,6,Delete,Deployment,false
0.702205196,Regular,7,Create,Deployment,false
0.722742751,Regular,5,Create,ConfigMap,false
0.742164056,Regular,16,Update,Deployment,false
0.763337202,Regular,5,Delete,ConfigMap,false
0.782860219,Regular,6,Delete,Deployment,false
0.802705245,Regular,6,Create,Deployment,false
0.823166826,Regular,6,Create,ConfigMap,false
0.84250812,Regular,6,Update,Deployment,false
0.862454428,Regular,6,Delete,ConfigMap,false
0.883183584,Regular,6,Delete,Deployment,false
0.903207468,Regular,7,Create,Deployment,false
0.922413407,Regular,7,Create,ConfigMap,false
0.94250012,Regular,7,Update,Deployment,false
0.962838728,Regular,5,Delete,ConfigMap,false
0.982345375,Regular,4,Delete,Deployment,false
0.068889884,Regular,13,Create,ConfigMap,false
0.082238826,Regular,16,Update,Deployment,false
0.09910866,Regular,6,Delete,ConfigMap,false
0.106034045,Regular,10,Delete,Deployment,false
0.116114842,Regular,11,Create,Deployment,false
0.127858582,Regular,7,Create,ConfigMap,false
0.142763534,Regular,7,Update,Deployment,false
0.162299015,Regular,6,Delete,ConfigMap,false
0.183210195,Regular,8,Delete,Deployment,false
0.202276259,Regular,8,Create,Deployment,false
0.22305486,Regular,6,Create,ConfigMap,false
0.242107478,Regular,8,Update,Deployment,false
0.263181206,Regular,4,Delete,ConfigMap,false
0.282858976,Regular,6,Delete,Deployment,false
0.302583855,Regular,13,Create,Deployment,false
0.322684634,Regular,8,Create,ConfigMap,false
0.342803678,Regular,8,Update,Deployment,false
0.362547072,Regular,7,Delete,ConfigMap,false
0.382318729,Regular,7,Delete,Deployment,false
0.403465314,Regular,7,Create,Deployment,false
0.422957484,Regular,7,Create,ConfigMap,false
0.443556675,Regular,15,Update,Deployment,false
0.463107956,Regular,11,Delete,ConfigMap,false
0.483627627,Regular,11,Delete,Deployment,false
0.502893538,Regular,20,Create,Deployment,false
0.523586907,Regular,16,Create,ConfigMap,false
0.544079928,Regular,11,Update,Deployment,false
0.563645987,Regular,8,Delete,ConfigMap,false
0.582686192,Regular,7,Delete,Deployment,false
0.603017797,Regular,9,Create,Deployment,false
0.622769888,Regular,6,Create,ConfigMap,false
0.642749298,Regular,8,Update,Deployment,false
0.662278397,Regular,4,Delete,ConfigMap,false
0.682336365,Regular,6,Delete,Deployment,false
0.702315805,Regular,7,Create,Deployment,false
0.722754704,Regular,6,Create,ConfigMap,false
0.742323928,Regular,9,Update,Deployment,false
0.763230129,Regular,5,Delete,ConfigMap,false
0.782828209,Regular,6,Delete,Deployment,false
0.802819591,Regular,5,Create,Deployment,false
0.823049054,Regular,5,Create,ConfigMap,false
0.8426614,Regular,6,Update,Deployment,false
0.86217509,Regular,13,Delete,ConfigMap,false
0.883527955,Regular,5,Delete,Deployment,false
0.903101508,Regular,7,Create,Deployment,false
0.922466066,Regular,7,Create,ConfigMap,false
0.942581764,Regular,8,Update,Deployment,false
0.962962582,Regular,5,Delete,ConfigMap,false
0.982291473,Regular,4,Delete,Deployment,false
0.002920889,Regular,61,Create,Deployment,false
0.064803513,Regular,11,Create,ConfigMap,false
0.07664663,Regular,14,Update,Deployment,false
0.090869002,Regular,7,Delete,ConfigMap,false
0.09872759,Regular,10,Delete,Deployment,false
0.108899119,Regular,11,Create,Deployment,false
0.122755139,Regular,12,Create,ConfigMap,false
0.142656061,Regular,8,Update,Deployment,false
0.16230692,Regular,3,Delete,ConfigMap,false
0.183184186,Regular,8,Delete,Deployment,false
0.202510923,Regular,8,Create,Deployment,false
0.223068796,Regular,6,Create,ConfigMap,false
0.242138156,Regular,7,Update,Deployment,false
0.263122525,Regular,6,Delete,ConfigMap,false
0.282873483,Regular,7,Delete,Deployment,false
0.302645081,Regular,12,Create,Deployment,false
0.322848955,Regular,8,Create,ConfigMap,false
0.342935367,Regular,7,Update,Deployment,false
0.362605042,Regular,7,Delete,ConfigMap,false
0.3823192,Regular,7,Delete,Deployment,false
0.403577306,Regular,7,Create,Deployment,false
0.42304022,Regular,8,Create,ConfigMap,false
0.443657706,Regular,13,Update,Deployment,false
0.463053142,Regular,9,Delete,ConfigMap,false
0.483123214,Regular,12,Delete,Deployment,false
0.502686066,Regular,21,Create,Deployment,false
0.524623155,Regular,15,Create,ConfigMap,false
0.543339318,Regular,12,Update,Deployment,false
0.56377495,Regular,9,Delete,ConfigMap,false
0.58292835,Regular,7,Delete,Deployment,false
0.603096947,Regular,8,Create,Deployment,false
0.622789164,Regular,7,Create,ConfigMap,false
0.642841372,Regular,7,Update,Deployment,false
0.662180272,Regular,4,Delete,ConfigMap,false
0.682385598,Regular,5,Delete,Deployment,false
0.702362393,Regular,7,Create,Deployment,false
0.722704138,Regular,6,Create,ConfigMap,false
0.742228418,Regular,16,Update,Deployment,false
0.763219189,Regular,6,Delete,ConfigMap,false
0.782930843,Regular,6,Delete,Deployment,false
0.802790096,Regular,6,Create,Deployment,false
0.823155555,Regular,5,Create,ConfigMap,false
0.842678442,Regular,8,Update,Deployment,false
0.862321206,Regular,5,Delete,ConfigMap,false
0.88321281,Regular,6,Delete,Deployment,false
0.90296505,Regular,7,Create,Deployment,false
0.922522383,Regular,8,Create,ConfigMap,false
0.94250032,Regular,7,Update,Deployment,false
0.963126292,Regular,5,Delete,ConfigMap,false
0.982315769,Regular,4,Delete,Deployment,false
0.003168297,Regular,61,Create,Deployment,false
0.065008219,Regular,10,Create,ConfigMap,false
0.075681265,Regular,16,Update,Deployment,false
0.09194747,Regular,14,Delete,ConfigMap,false
0.10645443,Regular,10,Delete,Deployment,false
0.116793885,Regular,8,Create,Deployment,false
0.125521496,Regular,9,Create,ConfigMap,false
0.142755839,Regular,8,Update,Deployment,false
0.162421396,Regular,6,Delete,ConfigMap,false
0.183437535,Regular,7,Delete,Deployment,false
0.202215234,Regular,8,Create,Deployment,false
0.223157193,Regular,6,Create,ConfigMap,false
0.242231944,Regular,8,Update,Deployment,false
0.26315149,Regular,6,Delete,ConfigMap,false
0.282890846,Regular,7,Delete,Deployment,false
0.302723689,Regular,11,Create,Deployment,false
0.322585737,Regular,7,Create,ConfigMap,false
0.342772549,Regular,8,Update,Deployment,false
0.362721792,Regular,7,Delete,ConfigMap,false
0.382357723,Regular,7,Delete,Deployment,false
0.403430829,Regular,9,Create,Deployment,false
0.423031073,Regular,9,Create,ConfigMap,false
0.443850019,Regular,12,Update,Deployment,false
0.462999291,Regular,11,Delete,ConfigMap,false
0.483618179,Regular,11,Delete,Deployment,false
0.502804149,Regular,21,Create,Deployment,false
0.524017631,Regular,15,Create,ConfigMap,false
0.544014334,Regular,8,Update,Deployment,false
0.563201407,Regular,6,Delete,ConfigMap,false
0.582615909,Regular,6,Delete,Deployment,false
0.603039218,Regular,8,Create,Deployment,false
0.622695778,Regular,7,Create,ConfigMap,false
0.642809471,Regular,8,Update,Deployment,false
0.662191964,Regular,3,Delete,ConfigMap,false
0.682355842,Regular,5,Delete,Deployment,false
0.702319442,Regular,7,Create,Deployment,false
0.722652641,Regular,6,Create,ConfigMap,false
0.74214459,Regular,9,Update,Deployment,false
0.763152112,Regular,6,Delete,ConfigMap,false
0.782801067,Regular,6,Delete,Deployment,false
0.802691139,Regular,6,Create,Deployment,false
0.823102154,Regular,6,Create,ConfigMap,false
0.84274094,Regular,8,Update,Deployment,false
0.862133531,Regular,13,Delete,ConfigMap,false
0.883208181,Regular,6,Delete,Deployment,false
0.902989126,Regular,7,Create,Deployment,false
0.922402356,Regular,8,Create,ConfigMap,false
0.942369653,Regular,7,Update,Deployment,false
0.963091175,Regular,5,Delete,ConfigMap,false
0.982207534,Regular,5,Delete,Deployment,false
0.002859353,Regular,58,Create,Deployment,false
0.061244658,Regular,12,Create,ConfigMap,false
0.073716604,Regular,18,Update,Deployment,false
0.091871226,Regular,14,Delete,ConfigMap,false
0.106051889,Regular,11,Delete,Deployment,false
0.117111556,Regular,10,Create,Deployment,false
0.127562703,Regular,7,Create,ConfigMap,false
0.142788721,Regular,8,Update,Deployment,false
0.162303984,Regular,4,Delete,ConfigMap,false
0.183359407,Regular,8,Delete,Deployment,false
0.202306517,Regular,8,Create,Deployment,false
0.223110164,Regular,6,Create,ConfigMap,false
0.242221885,Regular,8,Update,Deployment,false
0.263159485,Regular,4,Delete,ConfigMap,false
0.282825913,Regular,7,Delete,Deployment,false
0.302513172,Regular,13,Create,Deployment,false
0.322654197,Regular,8,Create,ConfigMap,false
0.342707586,Regular,7,Update,Deployment,false
0.362777427,Regular,6,Delete,ConfigMap,false
0.382348416,Regular,7,Delete,Deployment,false
0.403520098,Regular,8,Create,Deployment,false
0.423134018,Regular,6,Create,ConfigMap,false
0.44368637,Regular,12,Update,Deployment,false
0.462986536,Regular,13,Delete,ConfigMap,false
0.483479707,Regular,11,Delete,Deployment,false
0.502721303,Regular,19,Create,Deployment,false
0.523435441,Regular,14,Create,ConfigMap,false
0.543349337,Regular,12,Update,Deployment,false
0.563401214,Regular,8,Delete,ConfigMap,false
0.582893935,Regular,6,Delete,Deployment,false
0.603142904,Regular,8,Create,Deployment,false
0.622587403,Regular,7,Create,ConfigMap,false
0.642920421,Regular,7,Update,Deployment,false
0.66216869,Regular,4,Delete,ConfigMap,false
0.682186091,Regular,5,Delete,Deployment,false
0.702406286,Regular,7,Create,Deployment,false
0.722660636,Regular,6,Create,ConfigMap,false
0.742167673,Regular,10,Update,Deployment,false
0.763416471,Regular,5,Delete,ConfigMap,false
0.782844449,Regular,6,Delete,Deployment,false
0.802715194,Regular,6,Create,Deployment,false
0.823215107,Regular,5,Create,ConfigMap,false
0.842705223,Regular,7,Update,Deployment,false
0.862388633,Regular,5,Delete,ConfigMap,false
0.883288984,Regular,6,Delete,Deployment,false
0.902922209,Regular,6,Create,Deployment,false
0.922363472,Regular,8,Create,ConfigMap,false
0.942588467,Regular,7,Update,Deployment,false
0.962997218,Regular,5,Delete,ConfigMap,false
0.982229496,Regular,6,Delete,Deployment,false
0.002973659,Regular,48,Create,Deployment,false
0.051965396,Regular,14,Create,ConfigMap,false
0.066390762,Regular,20,Update,Deployment,false
0.086748246,Regular,9,Delete,ConfigMap,false
0.096602545,Regular,5,Delete,Deployment,false
0.102809192,Regular,14,Create,Deployment,false
0.122544291,Regular,8,Create,ConfigMap,false
0.142498653,Regular,8,Update,Deployment,false
0.162390267,Regular,6,Delete,ConfigMap,false
0.183423378,Regular,7,Delete,Deployment,false
0.202259568,Regular,8,Create,Deployment,false
0.223178974,Regular,6,Create,ConfigMap,false
0.242275406,Regular,7,Update,Deployment,false
0.263252621,Regular,6,Delete,ConfigMap,false
0.28314146,Regular,6,Delete,Deployment,false
0.302821304,Regular,12,Create,Deployment,false
0.322995171,Regular,8,Create,ConfigMap,false
0.342844325,Regular,7,Update,Deployment,false
0.363044061,Regular,5,Delete,ConfigMap,false
0.382267933,Regular,7,Delete,Deployment,false
0.403174595,Regular,10,Create,Deployment,false
0.422733941,Regular,7,Create,ConfigMap,false
0.443105182,Regular,9,Update,Deployment,false
0.462978892,Regular,11,Delete,ConfigMap,false
0.482822315,Regular,12,Delete,Deployment,false
0.502424652,Regular,22,Create,Deployment,false
0.524672539,Regular,15,Create,ConfigMap,false
0.543382851,Regular,12,Update,Deployment,false
0.563703976,Regular,8,Delete,ConfigMap,false
0.582514638,Regular,7,Delete,Deployment,false
0.603267088,Regular,8,Create,Deployment,false
0.622766371,Regular,7,Create,ConfigMap,false
0.642714482,Regular,7,Update,Deployment,false
0.66229592,Regular,4,Delete,ConfigMap,false
0.682220787,Regular,5,Delete,Deployment,false
0.702251714,Regular,7,Create,Deployment,false
0.722833092,Regular,5,Create,ConfigMap,false
0.742367831,Regular,9,Update,Deployment,false
0.763475994,Regular,5,Delete,ConfigMap,false
0.782755191,Regular,6,Delete,Deployment,false
0.802810905,Regular,6,Create,Deployment,false
0.823038714,Regular,5,Create,ConfigMap,false
0.842472323,Regular,7,Update,Deployment,false
0.862321206,Regular,5,Delete,ConfigMap,false
0.883393271,Regular,5,Delete,Deployment,false
0.903326994,Regular,7,Create,Deployment,false
0.922342232,Regular,7,Create,ConfigMap,false
0.94241048,Regular,8,Update,Deployment,false
0.962785798,Regular,6,Delete,ConfigMap,false
0.982153202,Regular,4,Delete,Deployment,false
0.002855165,Regular,56,Create,Deployment,false
0.059173605,Regular,16,Create,ConfigMap,false
0.07568909,Regular,20,Update,Deployment,false
0.096166511,Regular,9,Delete,ConfigMap,false
0.106138092,Regular,10,Delete,Deployment,false
0.116848839,Regular,10,Create,Deployment,false
0.127558956,Regular,7,Create,ConfigMap,false
0.142562865,Regular,8,Update,Deployment,false
0.16231253,Regular,6,Delete,ConfigMap,false
0.183292821,Regular,7,Delete,Deployment,false
0.202372952,Regular,8,Create,Deployment,false
0.223289042,Regular,6,Create,ConfigMap,false
0.242333455,Regular,8,Update,Deployment,false
0.263200182,Regular,4,Delete,ConfigMap,false
0.28291384,Regular,7,Delete,Deployment,false
0.302547236,Regular,12,Create,Deployment,false
0.322622807,Regular,7,Create,ConfigMap,false
0.342781877,Regular,7,Update,Deployment,false
0.362983817,Regular,6,Delete,ConfigMap,false
0.382321344,Regular,7,Delete,Deployment,false
0.40355815,Regular,9,Create,Deployment,false
0.423052744,Regular,6,Create,ConfigMap,false
0.443159845,Regular,14,Update,Deployment,false
0.463060777,Regular,11,Delete,ConfigMap,false
0.48352878,Regular,7,Delete,Deployment,false
0.502670387,Regular,22,Create,Deployment,false
0.524976132,Regular,14,Create,ConfigMap,false
0.543067545,Regular,8,Update,Deployment,false
0.563619817,Regular,8,Delete,ConfigMap,false
0.582630587,Regular,7,Delete,Deployment,false
0.602989785,Regular,8,Create,Deployment,false
0.622890987,Regular,6,Create,ConfigMap,false
0.6427556,Regular,7,Update,Deployment,false
0.662231518,Regular,4,Delete,ConfigMap,false
0.682325204,Regular,5,Delete,Deployment,false
0.702390146,Regular,5,Create,Deployment,false
0.7227261,Regular,5,Create,ConfigMap,false
0.74230346,Regular,10,Update,Deployment,false
0.763349365,Regular,5,Delete,ConfigMap,false
0.782815044,Regular,6,Delete,Deployment,false
0.802803361,Regular,6,Create,Deployment,false
0.822992597,Regular,5,Create,ConfigMap,false
0.842664817,Regular,8,Update,Deployment,false
0.862158459,Regular,5,Delete,ConfigMap,false
0.883446782,Regular,5,Delete,Deployment,false
0.902951946,Regular,7,Create,Deployment,false
0.922556106,Regular,8,Create,ConfigMap,false
0.942451167,Regular,7,Update,Deployment,false
0.962987149,Regular,5,Delete,ConfigMap,false
0.982320859,Regular,4,Delete,Deployment,false
0.002967918,Regular,65,Create,Deployment,false
0.0686976,Regular,16,Create,ConfigMap,false
0.085572324,Regular,12,Update,Deployment,false
0.098038779,Regular,7,Delete,ConfigMap,false
0.105225919,Regular,7,Delete,Deployment,false
0.113014925,Regular,10,Create,Deployment,false
0.123273178,Regular,7,Create,ConfigMap,false
0.14262364,Regular,7,Update,Deployment,false
0.162400887,Regular,7,Delete,ConfigMap,false
0.183125996,Regular,4,Delete,Deployment,false
0.202316375,Regular,8,Create,Deployment,false
0.223220533,Regular,6,Create,ConfigMap,false
0.242400843,Regular,6,Update,Deployment,false
0.263223586,Regular,6,Delete,ConfigMap,false
0.282799574,Regular,7,Delete,Deployment,false
0.302479738,Regular,13,Create,Deployment,false
0.322550881,Regular,9,Create,ConfigMap,false
0.342694381,Regular,8,Update,Deployment,false
0.36310678,Regular,6,Delete,ConfigMap,false
0.382174457,Regular,7,Delete,Deployment,false
0.403648561,Regular,7,Create,Deployment,false
0.42285493,Regular,10,Create,ConfigMap,false
0.443029268,Regular,15,Update,Deployment,false
0.463414735,Regular,8,Delete,ConfigMap,false
0.48319002,Regular,7,Delete,Deployment,false
0.502935838,Regular,19,Create,Deployment,false
0.523164589,Regular,12,Create,ConfigMap,false
0.54321852,Regular,12,Update,Deployment,false
0.563770582,Regular,8,Delete,ConfigMap,false
0.582826938,Regular,6,Delete,Deployment,false
0.603344465,Regular,8,Create,Deployment,false
0.62278152,Regular,6,Create,ConfigMap,false
0.642734209,Regular,8,Update,Deployment,false
0.662355372,Regular,3,Delete,ConfigMap,false
0.682329402,Regular,4,Delete,Deployment,false
0.702222409,Regular,7,Create,Deployment,false
0.722586346,Regular,6,Create,ConfigMap,false
0.742285546,Regular,10,Update,Deployment,false
0.763619645,Regular,4,Delete,ConfigMap,false
0.782894734,Regular,6,Delete,Deployment,false
0.802964225,Regular,6,Create,Deployment,false
0.823025209,Regular,5,Create,ConfigMap,false
0.842623128,Regular,7,Update,Deployment,false
0.862244411,Regular,5,Delete,ConfigMap,false
0.883104715,Regular,5,Delete,Deployment,false
0.90324562,Regular,7,Create,Deployment,false
0.922406364,Regular,8,Create,ConfigMap,false
0.942434315,Regular,7,Update,Deployment,false
0.962853045,Regular,6,Delete,ConfigMap,false
0.98232697,Regular,4,Delete,Deployment,false
1.002681539,Regular,8,Create,Deployment,false
0.002892746,Regular,65,Create,Deployment,false
0.068440575,Regular,17,Create,ConfigMap,false
0.085915523,Regular,13,Update,Deployment,false
0.099812099,Regular,9,Delete,ConfigMap,false
0.109203734,Regular,10,Delete,Deployment,false
0.119591762,Regular,9,Create,Deployment,false
0.129063638,Regular,7,Create,ConfigMap,false
0.142372766,Regular,8,Update,Deployment,false
0.162265542,Regular,6,Delete,ConfigMap,false
0.183361271,Regular,6,Delete,Deployment,false
0.202321966,Regular,8,Create,Deployment,false
0.223128779,Regular,6,Create,ConfigMap,false
0.242183001,Regular,8,Update,Deployment,false
0.263143144,Regular,4,Delete,ConfigMap,false
0.282956159,Regular,7,Delete,Deployment,false
0.302773884,Regular,13,Create,Deployment,false
0.322600425,Regular,8,Create,ConfigMap,false
0.342952379,Regular,6,Update,Deployment,false
0.362834145,Regular,6,Delete,ConfigMap,false
0.38238248,Regular,7,Delete,Deployment,false
0.403236192,Regular,7,Create,Deployment,false
0.423134498,Regular,7,Create,ConfigMap,false
0.443774647,Regular,14,Update,Deployment,false
0.463281033,Regular,7,Delete,ConfigMap,false
0.483539851,Regular,11,Delete,Deployment,false
0.502534931,Regular,10,Create,Deployment,false
0.523698548,Regular,16,Create,ConfigMap,false
0.543197831,Regular,8,Update,Deployment,false
0.563004805,Regular,6,Delete,ConfigMap,false
0.582601833,Regular,7,Delete,Deployment,false
0.602959066,Regular,9,Create,Deployment,false
0.622663346,Regular,7,Create,ConfigMap,false
0.642841021,Regular,7,Update,Deployment,false
0.662207914,Regular,4,Delete,ConfigMap,false
0.68232321,Regular,5,Delete,Deployment,false
0.702331475,Regular,7,Create,Deployment,false
0.722619318,Regular,5,Create,ConfigMap,false
0.742222026,Regular,11,Update,Deployment,false
0.763349355,Regular,6,Delete,ConfigMap,false
0.782913069,Regular,5,Delete,Deployment,false
0.802755671,Regular,6,Create,Deployment,false
0.823212843,Regular,5,Create,ConfigMap,false
0.842647744,Regular,6,Update,Deployment,false
0.862236787,Regular,13,Delete,ConfigMap,false
0.883280768,Regular,6,Delete,Deployment,false
0.903008122,Regular,7,Create,Deployment,false
0.922393169,Regular,8,Create,ConfigMap,false
0.942531579,Regular,7,Update,Deployment,false
0.963126231,Regular,5,Delete,ConfigMap,false
0.982256547,Regular,7,Delete,Deployment,false
1.002522198,Regular,9,Create,Deployment,false
0.003066735,Regular,61,Create,Deployment,false
0.064613574,Regular,10,Create,ConfigMap,false
0.075511214,Regular,12,Update,Deployment,false
0.088478215,Regular,10,Delete,ConfigMap,false
0.098790459,Regular,10,Delete,Deployment,false
0.10979424,Regular,11,Create,Deployment,false
0.122767142,Regular,8,Create,ConfigMap,false
0.142378607,Regular,8,Update,Deployment,false
0.16222232,Regular,4,Delete,ConfigMap,false
0.183200086,Regular,8,Delete,Deployment,false
0.202142527,Regular,8,Create,Deployment,false
0.223246792,Regular,6,Create,ConfigMap,false
0.242283772,Regular,8,Update,Deployment,false
0.263197707,Regular,6,Delete,ConfigMap,false
0.283087488,Regular,6,Delete,Deployment,false
0.302731484,Regular,12,Create,Deployment,false
0.322881847,Regular,8,Create,ConfigMap,false
0.342831541,Regular,7,Update,Deployment,false
0.363015157,Regular,6,Delete,ConfigMap,false
0.382293742,Regular,7,Delete,Deployment,false
0.403778045,Regular,8,Create,Deployment,false
0.422832177,Regular,7,Create,ConfigMap,false
0.443161899,Regular,13,Update,Deployment,false
0.463183519,Regular,7,Delete,ConfigMap,false
0.483350834,Regular,12,Delete,Deployment,false
0.502533237,Regular,19,Create,Deployment,false
0.523774181,Regular,16,Create,ConfigMap,false
0.543273494,Regular,10,Update,Deployment,false
0.563344257,Regular,8,Delete,ConfigMap,false
0.582810357,Regular,7,Delete,Deployment,false
0.602969176,Regular,8,Create,Deployment,false
0.622801988,Regular,7,Create,ConfigMap,false
0.642765198,Regular,7,Update,Deployment,false
0.662258029,Regular,4,Delete,ConfigMap,false
0.682160483,Regular,5,Delete,Deployment,false
0.702248628,Regular,7,Create,Deployment,false
0.722834985,Regular,5,Create,ConfigMap,false
0.742381968,Regular,15,Update,Deployment,false
0.763170717,Regular,6,Delete,ConfigMap,false
0.78286049,Regular,5,Delete,Deployment,false
0.802762834,Regular,6,Create,Deployment,false
0.823007375,Regular,6,Create,ConfigMap,false
0.842625061,Regular,8,Update,Deployment,false
0.862391128,Regular,4,Delete,ConfigMap,false
0.88355693,Regular,5,Delete,Deployment,false
0.903269506,Regular,7,Create,Deployment,false
0.922390433,Regular,8,Create,ConfigMap,false
0.942359424,Regular,7,Update,Deployment,false
0.962934309,Regular,6,Delete,ConfigMap,false
0.982324576,Regular,7,Delete,Deployment,false
1.002478716,Regular,9,Create,Deployment,false
1.00250765,Regular,9,Create,Deployment,false
1.022196892,Regular,6,Create,ConfigMap,false
1.042732834,Regular,7,Update,Deployment,false
1.062870262,Regular,6,Delete,ConfigMap,false
1.082852538,Regular,7,Delete,Deployment,false
1.10219827,Regular,11,Create,Deployment,false
1.122360375,Regular,8,Create,ConfigMap,false
1.142154525,Regular,7,Update,Deployment,false
1.162433832,Regular,5,Delete,ConfigMap,false
1.182903648,Regular,4,Delete,Deployment,false
1.202147298,Regular,13,Create,Deployment,false
1.222759133,Regular,7,Create,ConfigMap,false
1.242470877,Regular,6,Update,Deployment,false
1.262429317,Regular,5,Delete,ConfigMap,false
1.283323917,Regular,5,Delete,Deployment,false
1.3033649330000001,Regular,6,Create,Deployment,false
1.323164533,Regular,6,Create,ConfigMap,false
1.342463487,Regular,6,Update,Deployment,false
1.362755478,Regular,4,Delete,ConfigMap,false
1.3823455519999999,Regular,6,Delete,Deployment,false
1.402522626,Regular,6,Create,Deployment,false
1.422854131,Regular,4,Create,ConfigMap,false
1.442393049,Regular,7,Update,Deployment,false
1.463045049,Regular,5,Delete,ConfigMap,false
1.482864156,Regular,4,Delete,Deployment,false
1.502951911,Regular,5,Create,Deployment,false
1.523114066,Regular,5,Create,ConfigMap,false
1.5426741640000001,Regular,8,Update,Deployment,false
1.563253537,Regular,4,Delete,ConfigMap,false
1.5824655669999999,Regular,4,Delete,Deployment,false
1.602918762,Regular,6,Create,Deployment,false
1.623444965,Regular,7,Create,ConfigMap,false
1.6430362920000001,Regular,15,Update,Deployment,false
1.662452268,Regular,5,Delete,ConfigMap,false
1.68282445,Regular,4,Delete,Deployment,false
1.7028337759999999,Regular,5,Create,Deployment,false
1.722194086,Regular,7,Create,ConfigMap,false
1.7430031540000002,Regular,7,Update,Deployment,false
1.762624357,Regular,5,Delete,ConfigMap,false
1.782937978,Regular,4,Delete,Deployment,false
1.802920404,Regular,7,Create,Deployment,false
1.822181897,Regular,6,Create,ConfigMap,false
1.842329195,Regular,6,Update,Deployment,false
1.862896355,Regular,4,Delete,ConfigMap,false
1.88305856,Regular,7,Delete,Deployment,false
1.9030807809999999,Regular,8,Create,Deployment,false
1.922576838,Regular,8,Create,ConfigMap,false
1.942257313,Regular,9,Update,Deployment,false
1.962829373,Regular,4,Delete,ConfigMap,false
1.982339336,Regular,5,Delete,Deployment,false
1.002562233,Regular,9,Create,Deployment,false
1.022367855,Regular,5,Create,ConfigMap,false
1.042805811,Regular,7,Update,Deployment,false
1.063124753,Regular,6,Delete,ConfigMap,false
1.082842008,Regular,8,Delete,Deployment,false
1.102613755,Regular,11,Create,Deployment,false
1.122217896,Regular,8,Create,ConfigMap,false
1.1422416499999999,Regular,9,Update,Deployment,false
1.162232812,Regular,5,Delete,ConfigMap,false
1.182941119,Regular,5,Delete,Deployment,false
1.202174169,Regular,14,Create,Deployment,false
1.223055022,Regular,5,Create,ConfigMap,false
1.242554124,Regular,7,Update,Deployment,false
1.262210223,Regular,5,Delete,ConfigMap,false
1.283243294,Regular,4,Delete,Deployment,false
1.303090394,Regular,5,Create,Deployment,false
1.32301983,Regular,7,Create,ConfigMap,false
1.342419424,Regular,6,Update,Deployment,false
1.362769073,Regular,4,Delete,ConfigMap,false
1.382483463,Regular,5,Delete,Deployment,false
1.402819627,Regular,7,Create,Deployment,false
1.42290658,Regular,6,Create,ConfigMap,false
1.442511402,Regular,6,Update,Deployment,false
1.463043156,Regular,5,Delete,ConfigMap,false
1.482999682,Regular,5,Delete,Deployment,false
1.502797509,Regular,6,Create,Deployment,false
1.5230055710000001,Regular,6,Create,ConfigMap,false
1.542790794,Regular,8,Update,Deployment,false
1.562968038,Regular,8,Delete,ConfigMap,false
1.5825337259999999,Regular,5,Delete,Deployment,false
1.603013732,Regular,5,Create,Deployment,false
1.623304159,Regular,7,Create,ConfigMap,false
1.64289241,Regular,16,Update,Deployment,false
1.662231801,Regular,5,Delete,ConfigMap,false
1.6826916889999999,Regular,5,Delete,Deployment,false
1.7026033809999999,Regular,6,Create,Deployment,false
1.722140926,Regular,6,Create,ConfigMap,false
1.743036337,Regular,7,Update,Deployment,false
1.762769732,Regular,5,Delete,ConfigMap,false
1.7829996449999999,Regular,6,Delete,Deployment,false
1.8032088590000002,Regular,5,Create,Deployment,false
1.82221525,Regular,7,Create,ConfigMap,false
1.842181115,Regular,7,Update,Deployment,false
1.863027663,Regular,4,Delete,ConfigMap,false
1.883105209,Regular,7,Delete,Deployment,false
1.9028586509999998,Regular,8,Create,Deployment,false
1.922576297,Regular,7,Create,ConfigMap,false
1.942220844,Regular,7,Update,Deployment,false
1.963564892,Regular,6,Delete,ConfigMap,false
1.982307576,Regular,5,Delete,Deployment,false
1.002633939,Regular,8,Create,Deployment,false
1.02221174,Regular,7,Create,ConfigMap,false
1.042647292,Regular,7,Update,Deployment,false
1.06301729,Regular,6,Delete,ConfigMap,false
1.082867786,Regular,7,Delete,Deployment,false
1.102262271,Regular,10,Create,Deployment,false
1.122290152,Regular,8,Create,ConfigMap,false
1.142170235,Regular,9,Update,Deployment,false
1.162342048,Regular,5,Delete,ConfigMap,false
1.1828642440000001,Regular,5,Delete,Deployment,false
1.202172135,Regular,13,Create,Deployment,false
1.22296937,Regular,7,Create,ConfigMap,false
1.2426942890000001,Regular,7,Update,Deployment,false
1.262483089,Regular,5,Delete,ConfigMap,false
1.283154296,Regular,4,Delete,Deployment,false
1.303202516,Regular,4,Create,Deployment,false
1.322951991,Regular,6,Create,ConfigMap,false
1.342531486,Regular,6,Update,Deployment,false
1.362808448,Regular,4,Delete,ConfigMap,false
1.382502669,Regular,5,Delete,Deployment,false
1.402789139,Regular,8,Create,Deployment,false
1.423130042,Regular,5,Create,ConfigMap,false
1.44255809,Regular,7,Update,Deployment,false
1.4629116469999999,Regular,5,Delete,ConfigMap,false
1.482984283,Regular,4,Delete,Deployment,false
1.503022434,Regular,6,Create,Deployment,false
1.523170393,Regular,5,Create,ConfigMap,false
1.542715953,Regular,8,Update,Deployment,false
1.563155141,Regular,7,Delete,ConfigMap,false
1.582645187,Regular,5,Delete,Deployment,false
1.602945984,Regular,6,Create,Deployment,false
1.623189252,Regular,7,Create,ConfigMap,false
1.642984384,Regular,15,Update,Deployment,false
1.662307174,Regular,5,Delete,ConfigMap,false
1.6826801169999999,Regular,4,Delete,Deployment,false
1.7026556290000001,Regular,7,Create,Deployment,false
1.72227536,Regular,6,Create,ConfigMap,false
1.743036226,Regular,7,Update,Deployment,false
1.7627017230000002,Regular,5,Delete,ConfigMap,false
1.782838891,Regular,6,Delete,Deployment,false
1.803010003,Regular,7,Create,Deployment,false
1.822415258,Regular,6,Create,ConfigMap,false
1.842349944,Regular,6,Update,Deployment,false
1.863005601,Regular,4,Delete,ConfigMap,false
1.883113695,Regular,7,Delete,Deployment,false
1.903232217,Regular,8,Create,Deployment,false
1.9224358910000001,Regular,8,Create,ConfigMap,false
1.9422378359999999,Regular,7,Update,Deployment,false
1.963343274,Regular,4,Delete,ConfigMap,false
1.9824235049999999,Regular,5,Delete,Deployment,false
1.002611386,Regular,9,Create,Deployment,false
1.022226648,Regular,7,Create,ConfigMap,false
1.042665136,Regular,7,Update,Deployment,false
1.063219151,Regular,5,Delete,ConfigMap,false
1.082943109,Regular,7,Delete,Deployment,false
1.102334077,Regular,10,Create,Deployment,false
1.122203519,Regular,8,Create,ConfigMap,false
1.142187006,Regular,9,Update,Deployment,false
1.162234295,Regular,6,Delete,ConfigMap,false
1.182832534,Regular,5,Delete,Deployment,false
1.202676568,Regular,13,Create,Deployment,false
1.222989478,Regular,7,Create,ConfigMap,false
1.242757138,Regular,7,Update,Deployment,false
1.262399391,Regular,5,Delete,ConfigMap,false
1.283181918,Regular,5,Delete,Deployment,false
1.303152361,Regular,6,Create,Deployment,false
1.323013548,Regular,5,Create,ConfigMap,false
1.342543498,Regular,6,Update,Deployment,false
1.362837493,Regular,4,Delete,ConfigMap,false
1.382436454,Regular,6,Delete,Deployment,false
1.402719367,Regular,8,Create,Deployment,false
1.42293337,Regular,5,Create,ConfigMap,false
1.44237277,Regular,6,Update,Deployment,false
1.463160397,Regular,5,Delete,ConfigMap,false
1.482909852,Regular,5,Delete,Deployment,false
1.503029097,Regular,5,Create,Deployment,false
1.5232204070000002,Regular,5,Create,ConfigMap,false
1.542711294,Regular,8,Update,Deployment,false
1.5631381389999999,Regular,8,Delete,ConfigMap,false
1.582668591,Regular,5,Delete,Deployment,false
1.602934482,Regular,6,Create,Deployment,false
1.623171929,Regular,7,Create,ConfigMap,false
1.643063734,Regular,15,Update,Deployment,false
1.662311922,Regular,5,Delete,ConfigMap,false
1.682646273,Regular,4,Delete,Deployment,false
1.702588032,Regular,6,Create,Deployment,false
1.722177956,Regular,7,Create,ConfigMap,false
1.742981814,Regular,7,Update,Deployment,false
1.762584261,Regular,5,Delete,ConfigMap,false
1.7829076609999999,Regular,6,Delete,Deployment,false
1.802952965,Regular,7,Create,Deployment,false
1.822425357,Regular,6,Create,ConfigMap,false
1.8422806729999999,Regular,6,Update,Deployment,false
1.863066917,Regular,4,Delete,ConfigMap,false
1.883321738,Regular,7,Delete,Deployment,false
1.902866035,Regular,8,Create,Deployment,false
1.9225411700000001,Regular,8,Create,ConfigMap,false
1.942175428,Regular,8,Update,Deployment,false
1.963406463,Regular,4,Delete,ConfigMap,false
1.982351148,Regular,5,Delete,Deployment,false
1.002570589,Regular,7,Create,Deployment,false
1.022263498,Regular,5,Create,ConfigMap,false
1.042720941,Regular,7,Update,Deployment,false
1.063220294,Regular,5,Delete,ConfigMap,false
1.082924854,Regular,7,Delete,Deployment,false
1.102342923,Regular,11,Create,Deployment,false
1.122293709,Regular,9,Create,ConfigMap,false
1.1422059820000001,Regular,8,Update,Deployment,false
1.162165074,Regular,6,Delete,ConfigMap,false
1.182731553,Regular,5,Delete,Deployment,false
1.202158309,Regular,13,Create,Deployment,false
1.223077324,Regular,7,Create,ConfigMap,false
1.242481006,Regular,6,Update,Deployment,false
1.262424889,Regular,5,Delete,ConfigMap,false
1.283162301,Regular,5,Delete,Deployment,false
1.3031836399999999,Regular,6,Create,Deployment,false
1.322960948,Regular,6,Create,ConfigMap,false
1.34244399,Regular,5,Update,Deployment,false
1.3628384439999999,Regular,5,Delete,ConfigMap,false
1.382585686,Regular,5,Delete,Deployment,false
1.402627594,Regular,8,Create,Deployment,false
1.423287931,Regular,5,Create,ConfigMap,false
1.442569442,Regular,7,Update,Deployment,false
1.463178992,Regular,5,Delete,ConfigMap,false
1.482950449,Regular,5,Delete,Deployment,false
1.502897468,Regular,5,Create,Deployment,false
1.5230776769999999,Regular,5,Create,ConfigMap,false
1.542726753,Regular,7,Update,Deployment,false
1.56301142,Regular,7,Delete,ConfigMap,false
1.582742801,Regular,5,Delete,Deployment,false
1.602959419,Regular,5,Create,Deployment,false
1.623163624,Regular,5,Create,ConfigMap,false
1.643025231,Regular,15,Update,Deployment,false
1.662264493,Regular,5,Delete,ConfigMap,false
1.682659999,Regular,5,Delete,Deployment,false
1.7026711890000001,Regular,6,Create,Deployment,false
1.72215925,Regular,7,Create,ConfigMap,false
1.742820138,Regular,5,Update,Deployment,false
1.762555417,Regular,5,Delete,ConfigMap,false
1.7828699700000001,Regular,6,Delete,Deployment,false
1.802995967,Regular,6,Create,Deployment,false
1.822407163,Regular,5,Create,ConfigMap,false
1.8423108400000001,Regular,6,Update,Deployment,false
1.862969143,Regular,3,Delete,ConfigMap,false
1.88318524,Regular,7,Delete,Deployment,false
1.9031391210000002,Regular,8,Create,Deployment,false
1.922557411,Regular,8,Create,ConfigMap,false
1.942203611,Regular,9,Update,Deployment,false
1.963208048,Regular,6,Delete,ConfigMap,false
1.982223387,Regular,5,Delete,Deployment,false
1.002668334,Regular,7,Create,Deployment,false
1.022293715,Regular,6,Create,ConfigMap,false
1.042664605,Regular,7,Update,Deployment,false
1.063173455,Regular,6,Delete,ConfigMap,false
1.083092,Regular,7,Delete,Deployment,false
1.102260618,Regular,11,Create,Deployment,false
1.1221628319999999,Regular,8,Create,ConfigMap,false
1.142138224,Regular,7,Update,Deployment,false
1.162431267,Regular,5,Delete,ConfigMap,false
1.183017423,Regular,5,Delete,Deployment,false
1.202324262,Regular,13,Create,Deployment,false
1.222796974,Regular,7,Create,ConfigMap,false
1.242538986,Regular,7,Update,Deployment,false
1.262289553,Regular,5,Delete,ConfigMap,false
1.283117917,Regular,5,Delete,Deployment,false
1.303214138,Regular,6,Create,Deployment,false
1.323119257,Regular,5,Create,ConfigMap,false
1.342429884,Regular,7,Update,Deployment,false
1.362768092,Regular,5,Delete,ConfigMap,false
1.382308352,Regular,6,Delete,Deployment,false
1.402771055,Regular,8,Create,Deployment,false
1.423205996,Regular,5,Create,ConfigMap,false
1.442340539,Regular,8,Update,Deployment,false
1.463031213,Regular,5,Delete,ConfigMap,false
1.48310968,Regular,5,Delete,Deployment,false
1.502847644,Regular,6,Create,Deployment,false
1.523020359,Regular,4,Create,ConfigMap,false
1.542545992,Regular,7,Update,Deployment,false
1.563058278,Regular,7,Delete,ConfigMap,false
1.5825682909999998,Regular,4,Delete,Deployment,false
1.603226965,Regular,5,Create,Deployment,false
1.623289872,Regular,7,Create,ConfigMap,false
1.6429210950000002,Regular,15,Update,Deployment,false
1.6622161210000002,Regular,6,Delete,ConfigMap,false
1.682793491,Regular,5,Delete,Deployment,false
1.702746361,Regular,6,Create,Deployment,false
1.722346805,Regular,7,Create,ConfigMap,false
1.742809378,Regular,8,Update,Deployment,false
1.762521853,Regular,5,Delete,ConfigMap,false
1.7829199340000002,Regular,6,Delete,Deployment,false
1.802903582,Regular,6,Create,Deployment,false
1.8221486649999998,Regular,7,Create,ConfigMap,false
1.8421915850000001,Regular,6,Update,Deployment,false
1.862924598,Regular,4,Delete,ConfigMap,false
1.883221759,Regular,7,Delete,Deployment,false
1.9030881750000002,Regular,8,Create,Deployment,false
1.922533877,Regular,8,Create,ConfigMap,false
1.9423791430000001,Regular,8,Update,Deployment,false
1.9633357089999999,Regular,6,Delete,ConfigMap,false
1.982321302,Regular,5,Delete,Deployment,false
1.022310126,Regular,6,Create,ConfigMap,false
1.042682438,Regular,7,Update,Deployment,false
1.062741148,Regular,6,Delete,ConfigMap,false
1.082995287,Regular,7,Delete,Deployment,false
1.10218773,Regular,10,Create,Deployment,false
1.122406362,Regular,8,Create,ConfigMap,false
1.142344404,Regular,9,Update,Deployment,false
1.162123125,Regular,5,Delete,ConfigMap,false
1.18296273,Regular,4,Delete,Deployment,false
1.2023347420000001,Regular,14,Create,Deployment,false
1.222534378,Regular,7,Create,ConfigMap,false
1.242510773,Regular,6,Update,Deployment,false
1.262311084,Regular,4,Delete,ConfigMap,false
1.283395832,Regular,5,Delete,Deployment,false
1.303285152,Regular,4,Create,Deployment,false
1.323199529,Regular,6,Create,ConfigMap,false
1.342360422,Regular,6,Update,Deployment,false
1.362955766,Regular,4,Delete,ConfigMap,false
1.382376651,Regular,6,Delete,Deployment,false
1.4026938389999999,Regular,8,Create,Deployment,false
1.422942788,Regular,5,Create,ConfigMap,false
1.442363743,Regular,7,Update,Deployment,false
1.462984495,Regular,5,Delete,ConfigMap,false
1.482925121,Regular,5,Delete,Deployment,false
1.502843105,Regular,6,Create,Deployment,false
1.523135978,Regular,6,Create,ConfigMap,false
1.5424651489999999,Regular,9,Update,Deployment,false
1.562930196,Regular,7,Delete,ConfigMap,false
1.582495574,Regular,5,Delete,Deployment,false
1.603132777,Regular,6,Create,Deployment,false
1.6233431230000002,Regular,4,Create,ConfigMap,false
1.643065588,Regular,15,Update,Deployment,false
1.6622931570000001,Regular,5,Delete,ConfigMap,false
1.682755459,Regular,5,Delete,Deployment,false
1.702725491,Regular,6,Create,Deployment,false
1.722426595,Regular,6,Create,ConfigMap,false
1.742933302,Regular,7,Update,Deployment,false
1.7627012720000002,Regular,4,Delete,ConfigMap,false
1.7829376080000001,Regular,6,Delete,Deployment,false
1.803042324,Regular,5,Create,Deployment,false
1.822214108,Regular,6,Create,ConfigMap,false
1.842269331,Regular,6,Update,Deployment,false
1.862929898,Regular,4,Delete,ConfigMap,false
1.883163348,Regular,7,Delete,Deployment,false
1.902882537,Regular,8,Create,Deployment,false
1.922425091,Regular,8,Create,ConfigMap,false
1.942145502,Regular,9,Update,Deployment,false
1.96355298,Regular,6,Delete,ConfigMap,false
1.982536488,Regular,5,Delete,Deployment,false
1.002767712,Regular,8,Create,Deployment,false
1.022156205,Regular,7,Create,ConfigMap,false
1.042577841,Regular,6,Update,Deployment,false
1.063149019,Regular,5,Delete,ConfigMap,false
1.083154989,Regular,7,Delete,Deployment,false
1.102608876,Regular,10,Create,Deployment,false
1.12225168,Regular,8,Create,ConfigMap,false
1.142246779,Regular,7,Update,Deployment,false
1.1624133030000001,Regular,5,Delete,ConfigMap,false
1.182918576,Regular,5,Delete,Deployment,false
1.202176513,Regular,13,Create,Deployment,false
1.222877366,Regular,6,Create,ConfigMap,false
1.242574303,Regular,5,Update,Deployment,false
1.262297719,Regular,5,Delete,ConfigMap,false
1.283318777,Regular,5,Delete,Deployment,false
1.303105543,Regular,5,Create,Deployment,false
1.323017585,Regular,7,Create,ConfigMap,false
1.3423426090000001,Regular,6,Update,Deployment,false
1.362823827,Regular,4,Delete,ConfigMap,false
1.382359509,Regular,6,Delete,Deployment,false
1.402717143,Regular,8,Create,Deployment,false
1.423092171,Regular,6,Create,ConfigMap,false
1.442294062,Regular,7,Update,Deployment,false
1.463062713,Regular,5,Delete,ConfigMap,false
1.4828747660000001,Regular,5,Delete,Deployment,false
1.5028113950000002,Regular,6,Create,Deployment,false
1.523071616,Regular,5,Create,ConfigMap,false
1.54279366,Regular,8,Update,Deployment,false
1.562870133,Regular,8,Delete,ConfigMap,false
1.582619678,Regular,5,Delete,Deployment,false
1.602968787,Regular,5,Create,Deployment,false
1.623222245,Regular,5,Create,ConfigMap,false
1.642952183,Regular,15,Update,Deployment,false
1.662303627,Regular,4,Delete,ConfigMap,false
1.682762192,Regular,5,Delete,Deployment,false
1.7026396190000002,Regular,6,Create,Deployment,false
1.7223606409999999,Regular,6,Create,ConfigMap,false
1.74302742,Regular,7,Update,Deployment,false
1.762741318,Regular,5,Delete,ConfigMap,false
1.7830125190000001,Regular,5,Delete,Deployment,false
1.803190705,Regular,7,Create,Deployment,false
1.8223832880000002,Regular,6,Create,ConfigMap,false
1.842344443,Regular,6,Update,Deployment,false
1.862995723,Regular,4,Delete,ConfigMap,false
1.883151646,Regular,7,Delete,Deployment,false
1.9030881750000002,Regular,8,Create,Deployment,false
1.9223876500000001,Regular,8,Create,ConfigMap,false
1.9422376460000002,Regular,9,Update,Deployment,false
1.963152684,Regular,6,Delete,ConfigMap,false
1.9825794289999998,Regular,5,Delete,Deployment,false
2.002172649,Regular,7,Create,Deployment,false
1.02217999,Regular,6,Create,ConfigMap,false
1.042715501,Regular,5,Update,Deployment,false
1.062899978,Regular,6,Delete,ConfigMap,false
1.083133699,Regular,7,Delete,Deployment,false
1.102273031,Regular,11,Create,Deployment,false
1.122297777,Regular,9,Create,ConfigMap,false
1.142252961,Regular,9,Update,Deployment,false
1.162182587,Regular,5,Delete,ConfigMap,false
1.182845188,Regular,5,Delete,Deployment,false
1.2022514850000001,Regular,14,Create,Deployment,false
1.22251967,Regular,7,Create,ConfigMap,false
1.24262565,Regular,7,Update,Deployment,false
1.262521792,Regular,4,Delete,ConfigMap,false
1.283139408,Regular,5,Delete,Deployment,false
1.303114149,Regular,6,Create,Deployment,false
1.322976758,Regular,6,Create,ConfigMap,false
1.342529181,Regular,6,Update,Deployment,false
1.362825951,Regular,4,Delete,ConfigMap,false
1.382435162,Regular,6,Delete,Deployment,false
1.4025358909999999,Regular,5,Create,Deployment,false
1.422883446,Regular,6,Create,ConfigMap,false
1.442458071,Regular,7,Update,Deployment,false
1.46294476,Regular,5,Delete,ConfigMap,false
1.482880607,Regular,5,Delete,Deployment,false
1.502954095,Regular,5,Create,Deployment,false
1.523157077,Regular,5,Create,ConfigMap,false
1.542477232,Regular,7,Update,Deployment,false
1.562827953,Regular,8,Delete,ConfigMap,false
1.582666958,Regular,5,Delete,Deployment,false
1.603013111,Regular,6,Create,Deployment,false
1.6232447269999999,Regular,7,Create,ConfigMap,false
1.643083592,Regular,15,Update,Deployment,false
1.662371796,Regular,5,Delete,ConfigMap,false
1.682725883,Regular,4,Delete,Deployment,false
1.702792919,Regular,6,Create,Deployment,false
1.722257275,Regular,6,Create,ConfigMap,false
1.7429537499999999,Regular,8,Update,Deployment,false
1.762828473,Regular,5,Delete,ConfigMap,false
1.782904685,Regular,6,Delete,Deployment,false
1.803175336,Regular,7,Create,Deployment,false
1.822412643,Regular,6,Create,ConfigMap,false
1.842353701,Regular,6,Update,Deployment,false
1.8629829390000001,Regular,4,Delete,ConfigMap,false
1.883161725,Regular,6,Delete,Deployment,false
1.902963349,Regular,9,Create,Deployment,false
1.922525861,Regular,8,Create,ConfigMap,false
1.942195777,Regular,8,Update,Deployment,false
1.963513575,Regular,6,Delete,ConfigMap,false
1.98252166,Regular,5,Delete,Deployment,false
2.002364632,Regular,7,Create,Deployment,false
1.022363798,Regular,6,Create,ConfigMap,false
1.042760265,Regular,7,Update,Deployment,false
1.063142476,Regular,5,Delete,ConfigMap,false
1.083257172,Regular,7,Delete,Deployment,false
1.102257863,Regular,11,Create,Deployment,false
1.122545154,Regular,7,Create,ConfigMap,false
1.142318665,Regular,9,Update,Deployment,false
1.162375722,Regular,5,Delete,ConfigMap,false
1.183002144,Regular,5,Delete,Deployment,false
1.202130616,Regular,13,Create,Deployment,false
1.222621242,Regular,7,Create,ConfigMap,false
1.242596414,Regular,7,Update,Deployment,false
1.262374374,Regular,4,Delete,ConfigMap,false
1.283242262,Regular,5,Delete,Deployment,false
1.303071228,Regular,6,Create,Deployment,false
1.323034698,Regular,7,Create,ConfigMap,false
1.342376142,Regular,7,Update,Deployment,false
1.3629109719999999,Regular,4,Delete,ConfigMap,false
1.382388824,Regular,6,Delete,Deployment,false
1.402565176,Regular,8,Create,Deployment,false
1.42284291,Regular,6,Create,ConfigMap,false
1.442417555,Regular,8,Update,Deployment,false
1.46310899,Regular,5,Delete,ConfigMap,false
1.483034418,Regular,3,Delete,Deployment,false
1.5027851060000001,Regular,6,Create,Deployment,false
1.523038073,Regular,5,Create,ConfigMap,false
1.542528879,Regular,7,Update,Deployment,false
1.563214844,Regular,7,Delete,ConfigMap,false
1.582454386,Regular,6,Delete,Deployment,false
1.602914394,Regular,7,Create,Deployment,false
1.6231131479999998,Regular,4,Create,ConfigMap,false
1.6429953149999998,Regular,15,Update,Deployment,false
1.662244014,Regular,5,Delete,ConfigMap,false
1.682805935,Regular,5,Delete,Deployment,false
1.702533799,Regular,6,Create,Deployment,false
1.722417628,Regular,7,Create,ConfigMap,false
1.742915538,Regular,6,Update,Deployment,false
1.762607475,Regular,5,Delete,ConfigMap,false
1.782966773,Regular,6,Delete,Deployment,false
1.803022727,Regular,6,Create,Deployment,false
1.822160327,Regular,7,Create,ConfigMap,false
1.8422260000000001,Regular,6,Update,Deployment,false
1.862939957,Regular,4,Delete,ConfigMap,false
1.883072597,Regular,7,Delete,Deployment,false
1.903174548,Regular,8,Create,Deployment,false
1.9223062359999998,Regular,8,Create,ConfigMap,false
1.942350238,Regular,8,Update,Deployment,false
1.9635951390000002,Regular,6,Delete,ConfigMap,false
1.9824151589999999,Regular,5,Delete,Deployment,false
2.002113908,Regular,7,Create,Deployment,false
2.002186966,Regular,7,Create,Deployment,false
2.023234274,Regular,6,Create,ConfigMap,false
2.042423471,Regular,6,Update,Deployment,false
2.063092494,Regular,5,Delete,ConfigMap,false
2.083235142,Regular,5,Delete,Deployment,false
2.10279495,Regular,8,Create,Deployment,false
2.122153516,Regular,6,Create,ConfigMap,false
2.142679629,Regular,7,Update,Deployment,false
2.162715516,Regular,5,Delete,ConfigMap,false
2.182306843,Regular,5,Delete,Deployment,false
2.203309876,Regular,6,Create,Deployment,false
2.222304396,Regular,6,Create,ConfigMap,false
2.2428948,Regular,7,Update,Deployment,false
2.2628626880000002,Regular,4,Delete,ConfigMap,false
2.282314491,Regular,5,Delete,Deployment,false
2.303444074,Regular,8,Create,Deployment,false
2.32219857,Regular,7,Create,ConfigMap,false
2.342978733,Regular,8,Update,Deployment,false
2.363045167,Regular,6,Delete,ConfigMap,false
2.382736453,Regular,4,Delete,Deployment,false
2.403016661,Regular,7,Create,Deployment,false
2.422960233,Regular,6,Create,ConfigMap,false
2.442836478,Regular,8,Update,Deployment,false
2.463013391,Regular,5,Delete,ConfigMap,false
2.483291405,Regular,6,Delete,Deployment,false
2.502914923,Regular,6,Create,Deployment,false
2.522777071,Regular,5,Create,ConfigMap,false
2.542801196,Regular,12,Update,Deployment,false
2.562792388,Regular,5,Delete,ConfigMap,false
2.582263598,Regular,5,Delete,Deployment,false
2.603084788,Regular,6,Create,Deployment,false
2.622936487,Regular,4,Create,ConfigMap,false
2.642826127,Regular,6,Update,Deployment,false
2.662580251,Regular,4,Delete,ConfigMap,false
2.682874065,Regular,5,Delete,Deployment,false
2.702192787,Regular,6,Create,Deployment,false
2.722342849,Regular,6,Create,ConfigMap,false
2.742953372,Regular,8,Update,Deployment,false
2.762996983,Regular,5,Delete,ConfigMap,false
2.7836656250000003,Regular,9,Delete,Deployment,false
2.803064318,Regular,9,Create,Deployment,false
2.822971982,Regular,6,Create,ConfigMap,false
2.84232049,Regular,11,Update,Deployment,false
2.862328384,Regular,6,Delete,ConfigMap,false
2.882658687,Regular,6,Delete,Deployment,false
2.902976095,Regular,8,Create,Deployment,false
2.923213793,Regular,6,Create,ConfigMap,false
2.94291635,Regular,8,Update,Deployment,false
2.963315002,Regular,5,Delete,ConfigMap,false
2.982702023,Regular,5,Delete,Deployment,false
2.023163601,Regular,6,Create,ConfigMap,false
2.042488123,Regular,6,Update,Deployment,false
2.063120817,Regular,5,Delete,ConfigMap,false
2.08322328,Regular,5,Delete,Deployment,false
2.102758551,Regular,7,Create,Deployment,false
2.122283953,Regular,6,Create,ConfigMap,false
2.142728291,Regular,7,Update,Deployment,false
2.1628395,Regular,5,Delete,ConfigMap,false
2.18241667,Regular,8,Delete,Deployment,false
2.2032165,Regular,6,Create,Deployment,false
2.222229163,Regular,6,Create,ConfigMap,false
2.2428200289999998,Regular,6,Update,Deployment,false
2.2628185849999998,Regular,4,Delete,ConfigMap,false
2.282352122,Regular,5,Delete,Deployment,false
2.30308691,Regular,9,Create,Deployment,false
2.322365976,Regular,6,Create,ConfigMap,false
2.343010463,Regular,9,Update,Deployment,false
2.362855549,Regular,5,Delete,ConfigMap,false
2.382671721,Regular,4,Delete,Deployment,false
2.403118113,Regular,7,Create,Deployment,false
2.422945145,Regular,7,Create,ConfigMap,false
2.44264698,Regular,8,Update,Deployment,false
2.462967675,Regular,5,Delete,ConfigMap,false
2.483356839,Regular,4,Delete,Deployment,false
2.503104702,Regular,6,Create,Deployment,false
2.522947012,Regular,5,Create,ConfigMap,false
2.542843806,Regular,12,Update,Deployment,false
2.562749046,Regular,5,Delete,ConfigMap,false
2.5822982530000003,Regular,4,Delete,Deployment,false
2.603070872,Regular,5,Create,Deployment,false
2.622865703,Regular,6,Create,ConfigMap,false
2.642861764,Regular,5,Update,Deployment,false
2.662650865,Regular,4,Delete,ConfigMap,false
2.682780068,Regular,5,Delete,Deployment,false
2.702155466,Regular,6,Create,Deployment,false
2.722329103,Regular,6,Create,ConfigMap,false
2.743069401,Regular,8,Update,Deployment,false
2.762776046,Regular,5,Delete,ConfigMap,false
2.783249579,Regular,8,Delete,Deployment,false
2.802989046,Regular,9,Create,Deployment,false
2.823039971,Regular,5,Create,ConfigMap,false
2.842146381,Regular,10,Update,Deployment,false
2.8623550140000003,Regular,6,Delete,ConfigMap,false
2.88277706,Regular,4,Delete,Deployment,false
2.9029579009999997,Regular,6,Create,Deployment,false
2.922856608,Regular,6,Create,ConfigMap,false
2.94288433,Regular,8,Update,Deployment,false
2.963410393,Regular,5,Delete,ConfigMap,false
2.982716641,Regular,5,Delete,Deployment,false
2.002282136,Regular,7,Create,Deployment,false
2.023238332,Regular,6,Create,ConfigMap,false
2.042403473,Regular,6,Update,Deployment,false
2.063134403,Regular,5,Delete,ConfigMap,false
2.082879019,Regular,6,Delete,Deployment,false
2.102794679,Regular,7,Create,Deployment,false
2.122286508,Regular,6,Create,ConfigMap,false
2.142862525,Regular,6,Update,Deployment,false
2.16273365,Regular,3,Delete,ConfigMap,false
2.182272327,Regular,6,Delete,Deployment,false
2.203214236,Regular,6,Create,Deployment,false
2.222350513,Regular,5,Create,ConfigMap,false
2.242921992,Regular,6,Update,Deployment,false
2.2629237939999998,Regular,4,Delete,ConfigMap,false
2.28229253,Regular,5,Delete,Deployment,false
2.303483419,Regular,9,Create,Deployment,false
2.322131423,Regular,7,Create,ConfigMap,false
2.342797991,Regular,9,Update,Deployment,false
2.3628720100000002,Regular,5,Delete,ConfigMap,false
2.382656973,Regular,4,Delete,Deployment,false
2.403133101,Regular,9,Create,Deployment,false
2.422906622,Regular,7,Create,ConfigMap,false
2.442636079,Regular,8,Update,Deployment,false
2.4629135030000002,Regular,5,Delete,ConfigMap,false
2.483090927,Regular,6,Delete,Deployment,false
2.503163262,Regular,6,Create,Deployment,false
2.522760239,Regular,5,Create,ConfigMap,false
2.542781679,Regular,12,Update,Deployment,false
2.5627727609999997,Regular,4,Delete,ConfigMap,false
2.582166374,Regular,5,Delete,Deployment,false
2.602965753,Regular,5,Create,Deployment,false
2.622974128,Regular,5,Create,ConfigMap,false
2.642879057,Regular,6,Update,Deployment,false
2.662618984,Regular,4,Delete,ConfigMap,false
2.682814633,Regular,4,Delete,Deployment,false
2.702198057,Regular,6,Create,Deployment,false
2.72211036,Regular,6,Create,ConfigMap,false
2.742854735,Regular,7,Update,Deployment,false
2.762865985,Regular,5,Delete,ConfigMap,false
2.783608697,Regular,9,Delete,Deployment,false
2.802534927,Regular,8,Create,Deployment,false
2.823216705,Regular,6,Create,ConfigMap,false
2.842449233,Regular,7,Update,Deployment,false
2.862276035,Regular,6,Delete,ConfigMap,false
2.882582903,Regular,6,Delete,Deployment,false
2.902932603,Regular,8,Create,Deployment,false
2.923030577,Regular,6,Create,ConfigMap,false
2.9430749499999997,Regular,8,Update,Deployment,false
2.963349327,Regular,5,Delete,ConfigMap,false
2.982920315,Regular,5,Delete,Deployment,false
2.00213617,Regular,7,Create,Deployment,false
2.023136039,Regular,7,Create,ConfigMap,false
2.04235941,Regular,7,Update,Deployment,false
2.063371882,Regular,4,Delete,ConfigMap,false
2.083020697,Regular,4,Delete,Deployment,false
2.10287444,Regular,7,Create,Deployment,false
2.122243567,Regular,6,Create,ConfigMap,false
2.142797552,Regular,7,Update,Deployment,false
2.162843257,Regular,5,Delete,ConfigMap,false
2.182415618,Regular,3,Delete,Deployment,false
2.203141037,Regular,5,Create,Deployment,false
2.222149503,Regular,6,Create,ConfigMap,false
2.243026579,Regular,6,Update,Deployment,false
2.262880161,Regular,4,Delete,ConfigMap,false
2.282181911,Regular,5,Delete,Deployment,false
2.303071741,Regular,9,Create,Deployment,false
2.322485743,Regular,6,Create,ConfigMap,false
2.34316277,Regular,9,Update,Deployment,false
2.362884223,Regular,5,Delete,ConfigMap,false
2.382559639,Regular,4,Delete,Deployment,false
2.403131288,Regular,8,Create,Deployment,false
2.423052217,Regular,6,Create,ConfigMap,false
2.442782236,Regular,8,Update,Deployment,false
2.4627089460000002,Regular,5,Delete,ConfigMap,false
2.483249196,Regular,6,Delete,Deployment,false
2.503052693,Regular,8,Create,Deployment,false
2.522688834,Regular,4,Create,ConfigMap,false
2.5428806760000002,Regular,12,Update,Deployment,false
2.562812145,Regular,5,Delete,ConfigMap,false
2.582204977,Regular,4,Delete,Deployment,false
2.6029630580000003,Regular,5,Create,Deployment,false
2.622828573,Regular,6,Create,ConfigMap,false
2.642891601,Regular,5,Update,Deployment,false
2.662596121,Regular,4,Delete,ConfigMap,false
2.6829210740000002,Regular,4,Delete,Deployment,false
2.7022686,Regular,6,Create,Deployment,false
2.722216821,Regular,7,Create,ConfigMap,false
2.742980493,Regular,8,Update,Deployment,false
2.762708768,Regular,5,Delete,ConfigMap,false
2.783178424,Regular,8,Delete,Deployment,false
2.802692976,Regular,9,Create,Deployment,false
2.823072342,Regular,6,Create,ConfigMap,false
2.842313968,Regular,8,Update,Deployment,false
2.86241616,Regular,5,Delete,ConfigMap,false
2.88259715,Regular,6,Delete,Deployment,false
2.9031486109999998,Regular,8,Create,Deployment,false
2.922916602,Regular,5,Create,ConfigMap,false
2.9429999479999998,Regular,8,Update,Deployment,false
2.963252114,Regular,5,Delete,ConfigMap,false
2.982876022,Regular,5,Delete,Deployment,false
2.002280613,Regular,7,Create,Deployment,false
2.023243231,Regular,6,Create,ConfigMap,false
2.042322009,Regular,8,Update,Deployment,false
2.06321766,Regular,5,Delete,ConfigMap,false
2.082994688,Regular,6,Delete,Deployment,false
2.102624117,Regular,9,Create,Deployment,false
2.122224751,Regular,6,Create,ConfigMap,false
2.142694698,Regular,7,Update,Deployment,false
2.162636687,Regular,5,Delete,ConfigMap,false
2.182259513,Regular,3,Delete,Deployment,false
2.203120909,Regular,6,Create,Deployment,false
2.222139504,Regular,5,Create,ConfigMap,false
2.242875584,Regular,6,Update,Deployment,false
2.262984368,Regular,4,Delete,ConfigMap,false
2.282267613,Regular,5,Delete,Deployment,false
2.303280676,Regular,6,Create,Deployment,false
2.322364704,Regular,6,Create,ConfigMap,false
2.342944839,Regular,9,Update,Deployment,false
2.362964024,Regular,4,Delete,ConfigMap,false
2.382739809,Regular,4,Delete,Deployment,false
2.402985332,Regular,6,Create,Deployment,false
2.42303257,Regular,6,Create,ConfigMap,false
2.442714117,Regular,8,Update,Deployment,false
2.462835505,Regular,5,Delete,ConfigMap,false
2.483169375,Regular,5,Delete,Deployment,false
2.503099241,Regular,5,Create,Deployment,false
2.522730433,Regular,4,Create,ConfigMap,false
2.542727507,Regular,12,Update,Deployment,false
2.562843434,Regular,5,Delete,ConfigMap,false
2.58212739,Regular,4,Delete,Deployment,false
2.602924125,Regular,5,Create,Deployment,false
2.6228562650000002,Regular,6,Create,ConfigMap,false
2.642961142,Regular,7,Update,Deployment,false
2.662779398,Regular,4,Delete,ConfigMap,false
2.682827047,Regular,3,Delete,Deployment,false
2.702361095,Regular,6,Create,Deployment,false
2.7221549339999997,Regular,4,Create,ConfigMap,false
2.742896364,Regular,8,Update,Deployment,false
2.7627581919999997,Regular,5,Delete,ConfigMap,false
2.783612094,Regular,8,Delete,Deployment,false
2.802819034,Regular,9,Create,Deployment,false
2.823091618,Regular,5,Create,ConfigMap,false
2.842233556,Regular,12,Update,Deployment,false
2.8621489650000003,Regular,5,Delete,ConfigMap,false
2.882650822,Regular,6,Delete,Deployment,false
2.903095972,Regular,8,Create,Deployment,false
2.922794341,Regular,6,Create,ConfigMap,false
2.942821581,Regular,8,Update,Deployment,false
2.963225283,Regular,6,Delete,ConfigMap,false
2.982640136,Regular,3,Delete,Deployment,false
2.023123194,Regular,7,Create,ConfigMap,false
2.042498914,Regular,6,Update,Deployment,false
2.063145384,Regular,5,Delete,ConfigMap,false
2.083096721,Regular,6,Delete,Deployment,false
2.102643664,Regular,8,Create,Deployment,false
2.122165088,Regular,6,Create,ConfigMap,false
2.142625407,Regular,6,Update,Deployment,false
2.16280234,Regular,4,Delete,ConfigMap,false
2.18236914,Regular,4,Delete,Deployment,false
2.203159653,Regular,6,Create,Deployment,false
2.222235786,Regular,6,Create,ConfigMap,false
2.242953962,Regular,6,Update,Deployment,false
2.26286911,Regular,3,Delete,ConfigMap,false
2.282447733,Regular,6,Delete,Deployment,false
2.303057564,Regular,9,Create,Deployment,false
2.322288259,Regular,6,Create,ConfigMap,false
2.342927346,Regular,8,Update,Deployment,false
2.362897869,Regular,6,Delete,ConfigMap,false
2.38269806,Regular,4,Delete,Deployment,false
2.403245674,Regular,6,Create,Deployment,false
2.423062807,Regular,5,Create,ConfigMap,false
2.44274236,Regular,8,Update,Deployment,false
2.462698116,Regular,5,Delete,ConfigMap,false
2.483202968,Regular,6,Delete,Deployment,false
2.50296106,Regular,8,Create,Deployment,false
2.522794685,Regular,5,Create,ConfigMap,false
2.54272935,Regular,12,Update,Deployment,false
2.562836792,Regular,5,Delete,ConfigMap,false
2.582228471,Regular,5,Delete,Deployment,false
2.603039443,Regular,6,Create,Deployment,false
2.622815398,Regular,4,Create,ConfigMap,false
2.642944521,Regular,6,Update,Deployment,false
2.662564321,Regular,4,Delete,ConfigMap,false
2.682790648,Regular,5,Delete,Deployment,false
2.702256998,Regular,6,Create,Deployment,false
2.722169652,Regular,7,Create,ConfigMap,false
2.7428676100000002,Regular,8,Update,Deployment,false
2.762737202,Regular,5,Delete,ConfigMap,false
2.7838770139999998,Regular,7,Delete,Deployment,false
2.802593398,Regular,7,Create,Deployment,false
2.8232849140000003,Regular,6,Create,ConfigMap,false
2.842112948,Regular,8,Update,Deployment,false
2.862192076,Regular,6,Delete,ConfigMap,false
2.8826834630000002,Regular,6,Delete,Deployment,false
2.9028893719999997,Regular,6,Create,Deployment,false
2.922931991,Regular,6,Create,ConfigMap,false
2.943000359,Regular,8,Update,Deployment,false
2.963145843,Regular,5,Delete,ConfigMap,false
2.982847458,Regular,5,Delete,Deployment,false
2.002269883,Regular,7,Create,Deployment,false
2.02322682,Regular,7,Create,ConfigMap,false
2.042319805,Regular,8,Update,Deployment,false
2.063285498,Regular,5,Delete,ConfigMap,false
2.08304842,Regular,5,Delete,Deployment,false
2.102575846,Regular,7,Create,Deployment,false
2.122335631,Regular,6,Create,ConfigMap,false
2.142634945,Regular,6,Update,Deployment,false
2.162806818,Regular,4,Delete,ConfigMap,false
2.182286915,Regular,6,Delete,Deployment,false
2.203328141,Regular,6,Create,Deployment,false
2.222170142,Regular,6,Create,ConfigMap,false
2.242863721,Regular,6,Update,Deployment,false
2.262845676,Regular,4,Delete,ConfigMap,false
2.282376829,Regular,5,Delete,Deployment,false
2.303204953,Regular,7,Create,Deployment,false
2.322275706,Regular,7,Create,ConfigMap,false
2.342809753,Regular,9,Update,Deployment,false
2.363099831,Regular,5,Delete,ConfigMap,false
2.382573054,Regular,3,Delete,Deployment,false
2.402965094,Regular,7,Create,Deployment,false
2.422973027,Regular,6,Create,ConfigMap,false
2.4428726259999998,Regular,8,Update,Deployment,false
2.463092551,Regular,5,Delete,ConfigMap,false
2.483220471,Regular,6,Delete,Deployment,false
2.5028877019999998,Regular,6,Create,Deployment,false
2.5228682940000002,Regular,5,Create,ConfigMap,false
2.542859676,Regular,12,Update,Deployment,false
2.562760838,Regular,5,Delete,ConfigMap,false
2.582244051,Regular,4,Delete,Deployment,false
2.602928824,Regular,6,Create,Deployment,false
2.622912281,Regular,5,Create,ConfigMap,false
2.642812561,Regular,6,Update,Deployment,false
2.662703284,Regular,4,Delete,ConfigMap,false
2.68294021,Regular,4,Delete,Deployment,false
2.702142682,Regular,6,Create,Deployment,false
2.722156627,Regular,7,Create,ConfigMap,false
2.743022993,Regular,7,Update,Deployment,false
2.762878279,Regular,5,Delete,ConfigMap,false
2.783861575,Regular,9,Delete,Deployment,false
2.8029126509999998,Regular,9,Create,Deployment,false
2.8230623230000003,Regular,6,Create,ConfigMap,false
2.8421964060000002,Regular,11,Update,Deployment,false
2.86234733,Regular,6,Delete,ConfigMap,false
2.8827149629999997,Regular,5,Delete,Deployment,false
2.902972759,Regular,8,Create,Deployment,false
2.923041949,Regular,6,Create,ConfigMap,false
2.942929495,Regular,8,Update,Deployment,false
2.963344187,Regular,5,Delete,ConfigMap,false
2.98266317,Regular,5,Delete,Deployment,false
2.00226278,Regular,6,Create,Deployment,false
2.023148302,Regular,6,Create,ConfigMap,false
2.042382494,Regular,5,Update,Deployment,false
2.063313271,Regular,5,Delete,ConfigMap,false
2.083100648,Regular,5,Delete,Deployment,false
2.10255724,Regular,8,Create,Deployment,false
2.122287019,Regular,5,Create,ConfigMap,false
2.14270665,Regular,5,Update,Deployment,false
2.16268588,Regular,5,Delete,ConfigMap,false
2.182334445,Regular,6,Delete,Deployment,false
2.203347738,Regular,6,Create,Deployment,false
2.222158079,Regular,6,Create,ConfigMap,false
2.242898547,Regular,6,Update,Deployment,false
2.262782958,Regular,5,Delete,ConfigMap,false
2.282386908,Regular,5,Delete,Deployment,false
2.303184855,Regular,7,Create,Deployment,false
2.322184363,Regular,7,Create,ConfigMap,false
2.342880337,Regular,8,Update,Deployment,false
2.363058813,Regular,6,Delete,ConfigMap,false
2.382672943,Regular,4,Delete,Deployment,false
2.403016992,Regular,6,Create,Deployment,false
2.422935416,Regular,6,Create,ConfigMap,false
2.442791443,Regular,8,Update,Deployment,false
2.462987863,Regular,3,Delete,ConfigMap,false
2.4831338179999998,Regular,6,Delete,Deployment,false
2.503211964,Regular,6,Create,Deployment,false
2.522899513,Regular,5,Create,ConfigMap,false
2.542831333,Regular,12,Update,Deployment,false
2.562785966,Regular,5,Delete,ConfigMap,false
2.582369868,Regular,5,Delete,Deployment,false
2.603110527,Regular,6,Create,Deployment,false
2.623032248,Regular,6,Create,ConfigMap,false
2.642763649,Regular,7,Update,Deployment,false
2.6627026320000002,Regular,4,Delete,ConfigMap,false
2.68289218,Regular,5,Delete,Deployment,false
2.7021947710000003,Regular,6,Create,Deployment,false
2.722411198,Regular,6,Create,ConfigMap,false
2.742949535,Regular,8,Update,Deployment,false
2.7628457969999998,Regular,5,Delete,ConfigMap,false
2.783847008,Regular,8,Delete,Deployment,false
2.802854481,Regular,7,Create,Deployment,false
2.823094834,Regular,6,Create,ConfigMap,false
2.8423149,Regular,11,Update,Deployment,false
2.862364282,Regular,6,Delete,ConfigMap,false
2.88270259,Regular,4,Delete,Deployment,false
2.903040908,Regular,8,Create,Deployment,false
2.923135295,Regular,6,Create,ConfigMap,false
2.942899198,Regular,8,Update,Deployment,false
2.963453754,Regular,5,Delete,ConfigMap,false
2.982690682,Regular,4,Delete,Deployment,false
2.02328469,Regular,6,Create,ConfigMap,false
2.042372425,Regular,7,Update,Deployment,false
2.063202732,Regular,4,Delete,ConfigMap,false
2.083100518,Regular,5,Delete,Deployment,false
2.102837981,Regular,7,Create,Deployment,false
2.122206937,Regular,6,Create,ConfigMap,false
2.14265911,Regular,6,Update,Deployment,false
2.162773255,Regular,5,Delete,ConfigMap,false
2.182360143,Regular,6,Delete,Deployment,false
2.203051959,Regular,6,Create,Deployment,false
2.222283005,Regular,6,Create,ConfigMap,false
2.242944514,Regular,7,Update,Deployment,false
2.262810069,Regular,4,Delete,ConfigMap,false
2.2824567399999998,Regular,6,Delete,Deployment,false
2.303395944,Regular,8,Create,Deployment,false
2.322298168,Regular,5,Create,ConfigMap,false
2.342890867,Regular,9,Update,Deployment,false
2.3631158709999998,Regular,5,Delete,ConfigMap,false
2.382735321,Regular,4,Delete,Deployment,false
2.40308507,Regular,7,Create,Deployment,false
2.423004136,Regular,7,Create,ConfigMap,false
2.4428266499999998,Regular,8,Update,Deployment,false
2.462836497,Regular,5,Delete,ConfigMap,false
2.483368541,Regular,5,Delete,Deployment,false
2.503129268,Regular,6,Create,Deployment,false
2.522808581,Regular,5,Create,ConfigMap,false
2.542652645,Regular,12,Update,Deployment,false
2.5628988489999998,Regular,5,Delete,ConfigMap,false
2.582312811,Regular,5,Delete,Deployment,false
2.602883308,Regular,6,Create,Deployment,false
2.622950193,Regular,6,Create,ConfigMap,false
2.642771243,Regular,5,Update,Deployment,false
2.662825986,Regular,4,Delete,ConfigMap,false
2.6828678740000003,Regular,5,Delete,Deployment,false
2.702219257,Regular,6,Create,Deployment,false
2.7222786279999998,Regular,6,Create,ConfigMap,false
2.742903127,Regular,8,Update,Deployment,false
2.762872628,Regular,5,Delete,ConfigMap,false
2.78369452,Regular,8,Delete,Deployment,false
2.802749222,Regular,9,Create,Deployment,false
2.823005075,Regular,5,Create,ConfigMap,false
2.842164566,Regular,8,Update,Deployment,false
2.862316722,Regular,5,Delete,ConfigMap,false
2.882857072,Regular,5,Delete,Deployment,false
2.902971487,Regular,8,Create,Deployment,false
2.922992575,Regular,6,Create,ConfigMap,false
2.9428448449999998,Regular,8,Update,Deployment,false
2.9633721,Regular,5,Delete,ConfigMap,false
2.982835796,Regular,4,Delete,Deployment,false
3.002622361,Regular,6,Create,Deployment,false
2.002180184,Regular,7,Create,Deployment,false
2.023205159,Regular,6,Create,ConfigMap,false
2.042478986,Regular,6,Update,Deployment,false
2.063189357,Regular,5,Delete,ConfigMap,false
2.083168867,Regular,5,Delete,Deployment,false
2.10254621,Regular,8,Create,Deployment,false
2.122284193,Regular,6,Create,ConfigMap,false
2.142738671,Regular,7,Update,Deployment,false
2.162955289,Regular,4,Delete,ConfigMap,false
2.182248723,Regular,5,Delete,Deployment,false
2.203272917,Regular,6,Create,Deployment,false
2.222284959,Regular,6,Create,ConfigMap,false
2.2428313,Regular,6,Update,Deployment,false
2.2627957419999998,Regular,5,Delete,ConfigMap,false
2.282487428,Regular,5,Delete,Deployment,false
2.303387207,Regular,6,Create,Deployment,false
2.322215752,Regular,7,Create,ConfigMap,false
2.34282388,Regular,9,Update,Deployment,false
2.363164162,Regular,5,Delete,ConfigMap,false
2.3826939129999998,Regular,4,Delete,Deployment,false
2.403230024,Regular,7,Create,Deployment,false
2.423014145,Regular,7,Create,ConfigMap,false
2.442723134,Regular,8,Update,Deployment,false
2.463118931,Regular,5,Delete,ConfigMap,false
2.483294732,Regular,5,Delete,Deployment,false
2.503099522,Regular,8,Create,Deployment,false
2.522704023,Regular,5,Create,ConfigMap,false
2.54276617,Regular,12,Update,Deployment,false
2.562831061,Regular,5,Delete,ConfigMap,false
2.582298554,Regular,5,Delete,Deployment,false
2.602907613,Regular,6,Create,Deployment,false
2.622949912,Regular,6,Create,ConfigMap,false
2.642799767,Regular,6,Update,Deployment,false
2.662687344,Regular,3,Delete,ConfigMap,false
2.682841835,Regular,4,Delete,Deployment,false
2.70226859,Regular,6,Create,Deployment,false
2.7224154560000002,Regular,7,Create,ConfigMap,false
2.743025508,Regular,8,Update,Deployment,false
2.762729948,Regular,5,Delete,ConfigMap,false
2.783139511,Regular,10,Delete,Deployment,false
2.802860232,Regular,7,Create,Deployment,false
2.8231632639999997,Regular,6,Create,ConfigMap,false
2.842191296,Regular,6,Update,Deployment,false
2.862346398,Regular,6,Delete,ConfigMap,false
2.882783803,Regular,6,Delete,Deployment,false
2.902990833,Regular,6,Create,Deployment,false
2.923195398,Regular,6,Create,ConfigMap,false
2.942902143,Regular,8,Update,Deployment,false
2.963469023,Regular,5,Delete,ConfigMap,false
2.982741057,Regular,5,Delete,Deployment,false
3.002556196,Regular,7,Create,Deployment,false
3.02259593,Regular,15,Create,ConfigMap,false
3.042373569,Regular,6,Update,Deployment,false
3.062596779,Regular,5,Delete,ConfigMap,false
3.082209707,Regular,6,Delete,Deployment,false
3.103055584,Regular,6,Create,Deployment,false
3.123240322,Regular,4,Create,ConfigMap,false
3.142576126,Regular,7,Update,Deployment,false
3.1628941250000002,Regular,4,Delete,ConfigMap,false
3.183246851,Regular,8,Delete,Deployment,false
3.202591371,Regular,7,Create,Deployment,false
3.223203897,Regular,6,Create,ConfigMap,false
3.243162197,Regular,8,Update,Deployment,false
3.262529972,Regular,5,Delete,ConfigMap,false
3.282532565,Regular,5,Delete,Deployment,false
3.302892264,Regular,8,Create,Deployment,false
3.322182311,Regular,6,Create,ConfigMap,false
3.342250259,Regular,6,Update,Deployment,false
3.363364001,Regular,6,Delete,ConfigMap,false
3.382906085,Regular,7,Delete,Deployment,false
3.40228991,Regular,7,Create,Deployment,false
3.423320175,Regular,6,Create,ConfigMap,false
3.442553095,Regular,6,Update,Deployment,false
3.462298753,Regular,6,Delete,ConfigMap,false
3.483035765,Regular,6,Delete,Deployment,false
3.5031379559999998,Regular,5,Create,Deployment,false
3.5228568239999998,Regular,5,Create,ConfigMap,false
3.542315851,Regular,7,Update,Deployment,false
3.562724672,Regular,4,Delete,ConfigMap,false
3.5824990039999998,Regular,4,Delete,Deployment,false
3.602898528,Regular,5,Create,Deployment,false
3.623274888,Regular,8,Create,ConfigMap,false
3.642326746,Regular,8,Update,Deployment,false
3.6628387719999997,Regular,7,Delete,ConfigMap,false
3.683293761,Regular,8,Delete,Deployment,false
3.703418585,Regular,8,Create,Deployment,false
3.723206854,Regular,7,Create,ConfigMap,false
3.743004801,Regular,8,Update,Deployment,false
3.763251887,Regular,5,Delete,ConfigMap,false
3.7829512469999997,Regular,5,Delete,Deployment,false
3.802962468,Regular,6,Create,Deployment,false
3.823090959,Regular,5,Create,ConfigMap,false
3.842989346,Regular,7,Update,Deployment,false
3.8626463170000003,Regular,6,Delete,ConfigMap,false
3.883307425,Regular,5,Delete,Deployment,false
3.90306738,Regular,6,Create,Deployment,false
3.92224755,Regular,6,Create,ConfigMap,false
3.942875094,Regular,12,Update,Deployment,false
3.962650058,Regular,5,Delete,ConfigMap,false
3.982265029,Regular,6,Delete,Deployment,false
3.002779027,Regular,6,Create,Deployment,false
3.022548831,Regular,13,Create,ConfigMap,false
3.042247791,Regular,6,Update,Deployment,false
3.062742535,Regular,5,Delete,ConfigMap,false
3.082409765,Regular,5,Delete,Deployment,false
3.102786616,Regular,7,Create,Deployment,false
3.123224953,Regular,5,Create,ConfigMap,false
3.14256263,Regular,6,Update,Deployment,false
3.16290708,Regular,4,Delete,ConfigMap,false
3.182946774,Regular,8,Delete,Deployment,false
3.202616128,Regular,8,Create,Deployment,false
3.223282466,Regular,6,Create,ConfigMap,false
3.243189008,Regular,8,Update,Deployment,false
3.262230356,Regular,5,Delete,ConfigMap,false
3.2826881390000002,Regular,5,Delete,Deployment,false
3.30298047,Regular,6,Create,Deployment,false
3.322164297,Regular,6,Create,ConfigMap,false
3.342342463,Regular,5,Update,Deployment,false
3.363329657,Regular,7,Delete,ConfigMap,false
3.38295116,Regular,6,Delete,Deployment,false
3.402293707,Regular,7,Create,Deployment,false
3.42316404,Regular,6,Create,ConfigMap,false
3.442539629,Regular,6,Update,Deployment,false
3.462272964,Regular,4,Delete,ConfigMap,false
3.482935705,Regular,9,Delete,Deployment,false
3.503232575,Regular,5,Create,Deployment,false
3.522908792,Regular,6,Create,ConfigMap,false
3.542362229,Regular,8,Update,Deployment,false
3.562873433,Regular,3,Delete,ConfigMap,false
3.582468447,Regular,4,Delete,Deployment,false
3.6031320190000002,Regular,6,Create,Deployment,false
3.623444358,Regular,8,Create,ConfigMap,false
3.642304053,Regular,7,Update,Deployment,false
3.6629227909999997,Regular,7,Delete,ConfigMap,false
3.6832352200000003,Regular,8,Delete,Deployment,false
3.703155268,Regular,8,Create,Deployment,false
3.723155447,Regular,7,Create,ConfigMap,false
3.743015531,Regular,7,Update,Deployment,false
3.763155645,Regular,7,Delete,ConfigMap,false
3.782871607,Regular,5,Delete,Deployment,false
3.803204054,Regular,8,Create,Deployment,false
3.822894127,Regular,5,Create,ConfigMap,false
3.8430879620000002,Regular,6,Update,Deployment,false
3.86274876,Regular,5,Delete,ConfigMap,false
3.883112156,Regular,5,Delete,Deployment,false
3.902911235,Regular,5,Create,Deployment,false
3.9222345450000002,Regular,6,Create,ConfigMap,false
3.942940458,Regular,11,Update,Deployment,false
3.962558294,Regular,5,Delete,ConfigMap,false
3.982316426,Regular,7,Delete,Deployment,false
3.002532381,Regular,8,Create,Deployment,false
3.022608133,Regular,16,Create,ConfigMap,false
3.042189742,Regular,8,Update,Deployment,false
3.062624041,Regular,5,Delete,ConfigMap,false
3.082330936,Regular,5,Delete,Deployment,false
3.103062898,Regular,6,Create,Deployment,false
3.123284034,Regular,5,Create,ConfigMap,false
3.142619898,Regular,6,Update,Deployment,false
3.162937568,Regular,5,Delete,ConfigMap,false
3.182970889,Regular,8,Delete,Deployment,false
3.20254849,Regular,7,Create,Deployment,false
3.22331134,Regular,5,Create,ConfigMap,false
3.243097645,Regular,7,Update,Deployment,false
3.262352386,Regular,5,Delete,ConfigMap,false
3.282596616,Regular,5,Delete,Deployment,false
3.302808355,Regular,8,Create,Deployment,false
3.322316395,Regular,6,Create,ConfigMap,false
3.342388339,Regular,7,Update,Deployment,false
3.363207646,Regular,4,Delete,ConfigMap,false
3.382855339,Regular,6,Delete,Deployment,false
3.402253451,Regular,6,Create,Deployment,false
3.423252568,Regular,5,Create,ConfigMap,false
3.442577341,Regular,7,Update,Deployment,false
3.462185699,Regular,6,Delete,ConfigMap,false
3.482950133,Regular,9,Delete,Deployment,false
3.50310814,Regular,6,Create,Deployment,false
3.5227254759999997,Regular,5,Create,ConfigMap,false
3.542356528,Regular,7,Update,Deployment,false
3.562852704,Regular,4,Delete,ConfigMap,false
3.582504084,Regular,4,Delete,Deployment,false
3.602974893,Regular,6,Create,Deployment,false
3.623316076,Regular,8,Create,ConfigMap,false
3.642359027,Regular,7,Update,Deployment,false
3.662794368,Regular,5,Delete,ConfigMap,false
3.683025363,Regular,8,Delete,Deployment,false
3.7029803770000003,Regular,8,Create,Deployment,false
3.723270524,Regular,6,Create,ConfigMap,false
3.742955127,Regular,8,Update,Deployment,false
3.763441264,Regular,5,Delete,ConfigMap,false
3.782795593,Regular,5,Delete,Deployment,false
3.803251734,Regular,6,Create,Deployment,false
3.822973267,Regular,5,Create,ConfigMap,false
3.843046384,Regular,6,Update,Deployment,false
3.862623013,Regular,6,Delete,ConfigMap,false
3.883134057,Regular,5,Delete,Deployment,false
3.90296699,Regular,6,Create,Deployment,false
3.922369991,Regular,6,Create,ConfigMap,false
3.942895543,Regular,8,Update,Deployment,false
3.9625455,Regular,5,Delete,ConfigMap,false
3.98239756,Regular,8,Delete,Deployment,false
3.002869548,Regular,8,Create,Deployment,false
3.022653489,Regular,15,Create,ConfigMap,false
3.042235748,Regular,5,Update,Deployment,false
3.062557064,Regular,5,Delete,ConfigMap,false
3.082175142,Regular,6,Delete,Deployment,false
3.102924206,Regular,7,Create,Deployment,false
3.123227598,Regular,5,Create,ConfigMap,false
3.142473913,Regular,7,Update,Deployment,false
3.162869779,Regular,5,Delete,ConfigMap,false
3.183069396,Regular,7,Delete,Deployment,false
3.202530326,Regular,8,Create,Deployment,false
3.223255875,Regular,6,Create,ConfigMap,false
3.243120098,Regular,7,Update,Deployment,false
3.262202743,Regular,5,Delete,ConfigMap,false
3.282674323,Regular,5,Delete,Deployment,false
3.302989968,Regular,8,Create,Deployment,false
3.322226244,Regular,6,Create,ConfigMap,false
3.342252022,Regular,7,Update,Deployment,false
3.363122395,Regular,7,Delete,ConfigMap,false
3.3829485249999998,Regular,7,Delete,Deployment,false
3.402312092,Regular,7,Create,Deployment,false
3.423204727,Regular,4,Create,ConfigMap,false
3.442652102,Regular,6,Update,Deployment,false
3.462254279,Regular,2,Delete,ConfigMap,false
3.482875151,Regular,9,Delete,Deployment,false
3.5031505,Regular,7,Create,Deployment,false
3.5227831050000002,Regular,5,Create,ConfigMap,false
3.5422969650000002,Regular,7,Update,Deployment,false
3.562782752,Regular,4,Delete,ConfigMap,false
3.582546544,Regular,4,Delete,Deployment,false
3.602918566,Regular,6,Create,Deployment,false
3.623377572,Regular,8,Create,ConfigMap,false
3.642325624,Regular,7,Update,Deployment,false
3.663005287,Regular,5,Delete,ConfigMap,false
3.682998382,Regular,8,Delete,Deployment,false
3.703115012,Regular,8,Create,Deployment,false
3.723072921,Regular,7,Create,ConfigMap,false
3.742891006,Regular,7,Update,Deployment,false
3.763257397,Regular,6,Delete,ConfigMap,false
3.782845979,Regular,5,Delete,Deployment,false
3.803013264,Regular,6,Create,Deployment,false
3.822849483,Regular,5,Create,ConfigMap,false
3.84309206,Regular,6,Update,Deployment,false
3.862688496,Regular,5,Delete,ConfigMap,false
3.883264343,Regular,5,Delete,Deployment,false
3.902896367,Regular,7,Create,Deployment,false
3.922298035,Regular,6,Create,ConfigMap,false
3.942875896,Regular,12,Update,Deployment,false
3.962686837,Regular,5,Delete,ConfigMap,false
3.982341905,Regular,6,Delete,Deployment,false
3.002772595,Regular,8,Create,Deployment,false
3.022670691,Regular,16,Create,ConfigMap,false
3.04218339,Regular,7,Update,Deployment,false
3.062782961,Regular,5,Delete,ConfigMap,false
3.082468436,Regular,4,Delete,Deployment,false
3.102774724,Regular,5,Create,Deployment,false
3.1233292,Regular,5,Create,ConfigMap,false
3.142543835,Regular,7,Update,Deployment,false
3.163074176,Regular,5,Delete,ConfigMap,false
3.182920885,Regular,8,Delete,Deployment,false
3.202523022,Regular,7,Create,Deployment,false
3.223148683,Regular,5,Create,ConfigMap,false
3.243223193,Regular,8,Update,Deployment,false
3.262189508,Regular,5,Delete,ConfigMap,false
3.282837942,Regular,5,Delete,Deployment,false
3.3025832299999998,Regular,7,Create,Deployment,false
3.322374865,Regular,5,Create,ConfigMap,false
3.342216034,Regular,7,Update,Deployment,false
3.362892461,Regular,5,Delete,ConfigMap,false
3.382826355,Regular,7,Delete,Deployment,false
3.402429303,Regular,7,Create,Deployment,false
3.423206941,Regular,3,Create,ConfigMap,false
3.442701716,Regular,6,Update,Deployment,false
3.46228664,Regular,4,Delete,ConfigMap,false
3.4829117099999998,Regular,8,Delete,Deployment,false
3.503305403,Regular,7,Create,Deployment,false
3.522678717,Regular,6,Create,ConfigMap,false
3.542248924,Regular,7,Update,Deployment,false
3.562761201,Regular,3,Delete,ConfigMap,false
3.582590828,Regular,4,Delete,Deployment,false
3.603129545,Regular,6,Create,Deployment,false
3.62326542,Regular,8,Create,ConfigMap,false
3.642306878,Regular,7,Update,Deployment,false
3.663054219,Regular,5,Delete,ConfigMap,false
3.683331722,Regular,7,Delete,Deployment,false
3.702990747,Regular,8,Create,Deployment,false
3.723187517,Regular,6,Create,ConfigMap,false
3.742974233,Regular,8,Update,Deployment,false
3.763302683,Regular,6,Delete,ConfigMap,false
3.782976675,Regular,5,Delete,Deployment,false
3.8029452150000003,Regular,8,Create,Deployment,false
3.822936597,Regular,5,Create,ConfigMap,false
3.842967956,Regular,6,Update,Deployment,false
3.862696231,Regular,6,Delete,ConfigMap,false
3.8832758849999998,Regular,5,Delete,Deployment,false
3.902804774,Regular,6,Create,Deployment,false
3.922461775,Regular,6,Create,ConfigMap,false
3.942705714,Regular,14,Update,Deployment,false
3.962519501,Regular,5,Delete,ConfigMap,false
3.982425903,Regular,6,Delete,Deployment,false
3.002754471,Regular,8,Create,Deployment,false
3.022573097,Regular,15,Create,ConfigMap,false
3.042319787,Regular,7,Update,Deployment,false
3.06273973,Regular,5,Delete,ConfigMap,false
3.08248649,Regular,5,Delete,Deployment,false
3.102751099,Regular,7,Create,Deployment,false
3.123328478,Regular,5,Create,ConfigMap,false
3.142383111,Regular,6,Update,Deployment,false
3.163063475,Regular,5,Delete,ConfigMap,false
3.182982071,Regular,5,Delete,Deployment,false
3.202648259,Regular,7,Create,Deployment,false
3.223096294,Regular,5,Create,ConfigMap,false
3.243347277,Regular,7,Update,Deployment,false
3.262363557,Regular,5,Delete,ConfigMap,false
3.28262506,Regular,5,Delete,Deployment,false
3.302601795,Regular,9,Create,Deployment,false
3.322503558,Regular,5,Create,ConfigMap,false
3.3422306920000002,Regular,5,Update,Deployment,false
3.363091817,Regular,7,Delete,ConfigMap,false
3.382777332,Regular,5,Delete,Deployment,false
3.402375622,Regular,6,Create,Deployment,false
3.423304355,Regular,5,Create,ConfigMap,false
3.442743925,Regular,6,Update,Deployment,false
3.462198964,Regular,4,Delete,ConfigMap,false
3.482916028,Regular,9,Delete,Deployment,false
3.503353734,Regular,6,Create,Deployment,false
3.5228555520000002,Regular,6,Create,ConfigMap,false
3.542132935,Regular,7,Update,Deployment,false
3.562713862,Regular,4,Delete,ConfigMap,false
3.5825679150000003,Regular,4,Delete,Deployment,false
3.602892016,Regular,6,Create,Deployment,false
3.623030466,Regular,8,Create,ConfigMap,false
3.642223831,Regular,8,Update,Deployment,false
3.6629011399999998,Regular,7,Delete,ConfigMap,false
3.683359785,Regular,8,Delete,Deployment,false
3.7029038119999997,Regular,7,Create,Deployment,false
3.723156609,Regular,7,Create,ConfigMap,false
3.7428772500000003,Regular,8,Update,Deployment,false
3.762738106,Regular,7,Delete,ConfigMap,false
3.782954694,Regular,5,Delete,Deployment,false
3.803058379,Regular,6,Create,Deployment,false
3.82295368,Regular,5,Create,ConfigMap,false
3.842902492,Regular,6,Update,Deployment,false
3.862729313,Regular,5,Delete,ConfigMap,false
3.883270465,Regular,4,Delete,Deployment,false
3.902974004,Regular,6,Create,Deployment,false
3.922402593,Regular,6,Create,ConfigMap,false
3.942825541,Regular,12,Update,Deployment,false
3.962794661,Regular,5,Delete,ConfigMap,false
3.982187443,Regular,6,Delete,Deployment,false
3.002610108,Regular,7,Create,Deployment,false
3.022604166,Regular,15,Create,ConfigMap,false
3.042264242,Regular,7,Update,Deployment,false
3.062643868,Regular,5,Delete,ConfigMap,false
3.082251987,Regular,5,Delete,Deployment,false
3.102964672,Regular,6,Create,Deployment,false
3.123225093,Regular,4,Create,ConfigMap,false
3.142521232,Regular,5,Update,Deployment,false
3.162964528,Regular,5,Delete,ConfigMap,false
3.18302393,Regular,8,Delete,Deployment,false
3.202573728,Regular,6,Create,Deployment,false
3.223256687,Regular,6,Create,ConfigMap,false
3.243145085,Regular,8,Update,Deployment,false
3.26227481,Regular,5,Delete,ConfigMap,false
3.282648705,Regular,5,Delete,Deployment,false
3.302892274,Regular,8,Create,Deployment,false
3.322247705,Regular,5,Create,ConfigMap,false
3.342313498,Regular,7,Update,Deployment,false
3.363095965,Regular,4,Delete,ConfigMap,false
3.3828180789999998,Regular,6,Delete,Deployment,false
3.402358079,Regular,7,Create,Deployment,false
3.423318873,Regular,6,Create,ConfigMap,false
3.442621845,Regular,6,Update,Deployment,false
3.46228655,Regular,4,Delete,ConfigMap,false
3.482983015,Regular,9,Delete,Deployment,false
3.503178222,Regular,6,Create,Deployment,false
3.522841024,Regular,5,Create,ConfigMap,false
3.542288068,Regular,8,Update,Deployment,false
3.562827997,Regular,5,Delete,ConfigMap,false
3.5825459630000003,Regular,4,Delete,Deployment,false
3.602879031,Regular,6,Create,Deployment,false
3.623300477,Regular,8,Create,ConfigMap,false
3.642304393,Regular,8,Update,Deployment,false
3.662942959,Regular,5,Delete,ConfigMap,false
3.682924743,Regular,8,Delete,Deployment,false
3.703269383,Regular,8,Create,Deployment,false
3.723103869,Regular,6,Create,ConfigMap,false
3.743069123,Regular,7,Update,Deployment,false
3.76295736,Regular,6,Delete,ConfigMap,false
3.782975834,Regular,5,Delete,Deployment,false
3.8032424369999998,Regular,7,Create,Deployment,false
3.822878287,Regular,4,Create,ConfigMap,false
3.8429703699999997,Regular,6,Update,Deployment,false
3.862681774,Regular,5,Delete,ConfigMap,false
3.8831756459999998,Regular,5,Delete,Deployment,false
3.902824862,Regular,7,Create,Deployment,false
3.92228491,Regular,6,Create,ConfigMap,false
3.942930228,Regular,13,Update,Deployment,false
3.962712646,Regular,5,Delete,ConfigMap,false
3.982582369,Regular,5,Delete,Deployment,false
3.002659732,Regular,7,Create,Deployment,false
3.022550394,Regular,15,Create,ConfigMap,false
3.042437229,Regular,6,Update,Deployment,false
3.062736944,Regular,5,Delete,ConfigMap,false
3.082134274,Regular,6,Delete,Deployment,false
3.102705883,Regular,5,Create,Deployment,false
3.123367723,Regular,5,Create,ConfigMap,false
3.142562811,Regular,6,Update,Deployment,false
3.163052194,Regular,5,Delete,ConfigMap,false
3.183200654,Regular,7,Delete,Deployment,false
3.202705938,Regular,7,Create,Deployment,false
3.223183018,Regular,6,Create,ConfigMap,false
3.243082026,Regular,8,Update,Deployment,false
3.2623457240000002,Regular,5,Delete,ConfigMap,false
3.282724288,Regular,5,Delete,Deployment,false
3.302766777,Regular,8,Create,Deployment,false
3.322475956,Regular,5,Create,ConfigMap,false
3.342287208,Regular,6,Update,Deployment,false
3.363095614,Regular,4,Delete,ConfigMap,false
3.382964946,Regular,7,Delete,Deployment,false
3.402431998,Regular,7,Create,Deployment,false
3.423255052,Regular,5,Create,ConfigMap,false
3.442723166,Regular,6,Update,Deployment,false
3.462328549,Regular,3,Delete,ConfigMap,false
3.482962186,Regular,9,Delete,Deployment,false
3.503412565,Regular,6,Create,Deployment,false
3.522806088,Regular,5,Create,ConfigMap,false
3.542222054,Regular,7,Update,Deployment,false
3.562732848,Regular,4,Delete,ConfigMap,false
3.582443009,Regular,4,Delete,Deployment,false
3.603066305,Regular,6,Create,Deployment,false
3.62328134,Regular,8,Create,ConfigMap,false
3.642343527,Regular,7,Update,Deployment,false
3.662859782,Regular,7,Delete,ConfigMap,false
3.68289633,Regular,5,Delete,Deployment,false
3.703202006,Regular,8,Create,Deployment,false
3.723046691,Regular,7,Create,ConfigMap,false
3.742986887,Regular,7,Update,Deployment,false
3.763174811,Regular,7,Delete,ConfigMap,false
3.782747763,Regular,5,Delete,Deployment,false
3.802924516,Regular,6,Create,Deployment,false
3.8229085940000003,Regular,5,Create,ConfigMap,false
3.842934923,Regular,7,Update,Deployment,false
3.862599017,Regular,6,Delete,ConfigMap,false
3.883229467,Regular,4,Delete,Deployment,false
3.903101885,Regular,6,Create,Deployment,false
3.922355854,Regular,6,Create,ConfigMap,false
3.942823877,Regular,10,Update,Deployment,false
3.962747442,Regular,3,Delete,ConfigMap,false
3.9823608,Regular,8,Delete,Deployment,false
3.002686021,Regular,8,Create,Deployment,false
3.02251112,Regular,16,Create,ConfigMap,false
3.042316501,Regular,7,Update,Deployment,false
3.062679656,Regular,5,Delete,ConfigMap,false
3.082155885,Regular,4,Delete,Deployment,false
3.102715622,Regular,7,Create,Deployment,false
3.123175109,Regular,5,Create,ConfigMap,false
3.142467551,Regular,6,Update,Deployment,false
3.163070188,Regular,5,Delete,ConfigMap,false
3.183004904,Regular,8,Delete,Deployment,false
3.202810385,Regular,7,Create,Deployment,false
3.223166076,Regular,6,Create,ConfigMap,false
3.243421988,Regular,7,Update,Deployment,false
3.262189438,Regular,5,Delete,ConfigMap,false
3.282610843,Regular,5,Delete,Deployment,false
3.302660386,Regular,6,Create,Deployment,false
3.322145632,Regular,6,Create,ConfigMap,false
3.342459835,Regular,7,Update,Deployment,false
3.363015132,Regular,3,Delete,ConfigMap,false
3.382789946,Regular,8,Delete,Deployment,false
3.402456094,Regular,6,Create,Deployment,false
3.423191693,Regular,6,Create,ConfigMap,false
3.442724429,Regular,6,Update,Deployment,false
3.462174859,Regular,6,Delete,ConfigMap,false
3.482915618,Regular,9,Delete,Deployment,false
3.5034059429999997,Regular,6,Create,Deployment,false
3.522763097,Regular,4,Create,ConfigMap,false
3.542148104,Regular,7,Update,Deployment,false
3.562758666,Regular,4,Delete,ConfigMap,false
3.582638678,Regular,4,Delete,Deployment,false
3.603047369,Regular,6,Create,Deployment,false
3.623335292,Regular,8,Create,ConfigMap,false
3.64229208,Regular,6,Update,Deployment,false
3.662785812,Regular,7,Delete,ConfigMap,false
3.6833979770000003,Regular,8,Delete,Deployment,false
3.70324148,Regular,6,Create,Deployment,false
3.723058323,Regular,6,Create,ConfigMap,false
3.743056208,Regular,8,Update,Deployment,false
3.762845719,Regular,6,Delete,ConfigMap,false
3.7830125629999998,Regular,5,Delete,Deployment,false
3.8028631600000002,Regular,6,Create,Deployment,false
3.822967596,Regular,5,Create,ConfigMap,false
3.842962105,Regular,7,Update,Deployment,false
3.862725326,Regular,3,Delete,ConfigMap,false
3.883212245,Regular,3,Delete,Deployment,false
3.902809112,Regular,6,Create,Deployment,false
3.92222627,Regular,6,Create,ConfigMap,false
3.942748435,Regular,11,Update,Deployment,false
3.9626145409999998,Regular,5,Delete,ConfigMap,false
3.982344359,Regular,9,Delete,Deployment,false
4.002777326,Regular,6,Create,Deployment,false
3.022661364,Regular,15,Create,ConfigMap,false
3.042205291,Regular,7,Update,Deployment,false
3.062577393,Regular,5,Delete,ConfigMap,false
3.082193957,Regular,6,Delete,Deployment,false
3.103079379,Regular,6,Create,Deployment,false
3.123253767,Regular,5,Create,ConfigMap,false
3.142421724,Regular,6,Update,Deployment,false
3.162953918,Regular,5,Delete,ConfigMap,false
3.183064897,Regular,8,Delete,Deployment,false
3.202718421,Regular,7,Create,Deployment,false
3.223363258,Regular,6,Create,ConfigMap,false
3.243294387,Regular,8,Update,Deployment,false
3.262351254,Regular,4,Delete,ConfigMap,false
3.282807264,Regular,4,Delete,Deployment,false
3.302631231,Regular,6,Create,Deployment,false
3.322272893,Regular,6,Create,ConfigMap,false
3.34219305,Regular,7,Update,Deployment,false
3.363375984,Regular,4,Delete,ConfigMap,false
3.38287134,Regular,7,Delete,Deployment,false
3.402375652,Regular,7,Create,Deployment,false
3.423122923,Regular,5,Create,ConfigMap,false
3.4425897340000002,Regular,6,Update,Deployment,false
3.462161664,Regular,4,Delete,ConfigMap,false
3.482983536,Regular,9,Delete,Deployment,false
3.503211856,Regular,6,Create,Deployment,false
3.52282807,Regular,6,Create,ConfigMap,false
3.542300161,Regular,8,Update,Deployment,false
3.562761001,Regular,4,Delete,ConfigMap,false
3.5825877520000002,Regular,4,Delete,Deployment,false
3.602949625,Regular,6,Create,Deployment,false
3.6233845049999998,Regular,8,Create,ConfigMap,false
3.642306918,Regular,8,Update,Deployment,false
3.662978366,Regular,5,Delete,ConfigMap,false
3.683137555,Regular,8,Delete,Deployment,false
3.703346469,Regular,8,Create,Deployment,false
3.723429685,Regular,7,Create,ConfigMap,false
3.742900624,Regular,8,Update,Deployment,false
3.763313643,Regular,6,Delete,ConfigMap,false
3.782915981,Regular,5,Delete,Deployment,false
3.802888217,Regular,8,Create,Deployment,false
3.8229768330000002,Regular,5,Create,ConfigMap,false
3.842988555,Regular,7,Update,Deployment,false
3.862657087,Regular,6,Delete,ConfigMap,false
3.883324377,Regular,5,Delete,Deployment,false
3.90285013,Regular,6,Create,Deployment,false
3.922262458,Regular,6,Create,ConfigMap,false
3.942888279,Regular,10,Update,Deployment,false
3.962636312,Regular,5,Delete,ConfigMap,false
3.982255121,Regular,4,Delete,Deployment,false
4.002994627,Regular,6,Create,Deployment,false
4.003257393,Regular,6,Create,Deployment,false
4.022432764,Regular,6,Create,ConfigMap,false
4.042587866,Regular,8,Update,Deployment,false
4.062894484,Regular,4,Delete,ConfigMap,false
4.082733789,Regular,7,Delete,Deployment,false
4.103127963,Regular,9,Create,Deployment,false
4.122565679,Regular,8,Create,ConfigMap,false
4.142430262,Regular,10,Update,Deployment,false
4.162162726,Regular,5,Delete,ConfigMap,false
4.182460016,Regular,5,Delete,Deployment,false
4.202242073,Regular,8,Create,Deployment,false
4.223128587,Regular,6,Create,ConfigMap,false
4.243089893,Regular,8,Update,Deployment,false
4.2626287099999995,Regular,4,Delete,ConfigMap,false
4.282946279,Regular,5,Delete,Deployment,false
4.302208354,Regular,9,Create,Deployment,false
4.323214714,Regular,6,Create,ConfigMap,false
4.342255,Regular,8,Update,Deployment,false
4.362603347,Regular,4,Delete,ConfigMap,false
4.38299203,Regular,5,Delete,Deployment,false
4.402286906,Regular,6,Create,Deployment,false
4.422732367,Regular,7,Create,ConfigMap,false
4.442806726,Regular,13,Update,Deployment,false
4.462274068,Regular,6,Delete,ConfigMap,false
4.483030577,Regular,5,Delete,Deployment,false
4.503335201,Regular,7,Create,Deployment,false
4.522888636,Regular,6,Create,ConfigMap,false
4.542728883,Regular,6,Update,Deployment,false
4.562311263,Regular,5,Delete,ConfigMap,false
4.582909973,Regular,4,Delete,Deployment,false
4.602352759,Regular,6,Create,Deployment,false
4.622991054,Regular,5,Create,ConfigMap,false
4.642586068,Regular,10,Update,Deployment,false
4.662296519,Regular,6,Delete,ConfigMap,false
4.682733354,Regular,5,Delete,Deployment,false
4.702555747,Regular,7,Create,Deployment,false
4.722924913,Regular,5,Create,ConfigMap,false
4.742436159,Regular,7,Update,Deployment,false
4.76276046,Regular,4,Delete,ConfigMap,false
4.7825786059999995,Regular,7,Delete,Deployment,false
4.802145787,Regular,5,Create,Deployment,false
4.8231895179999995,Regular,7,Create,ConfigMap,false
4.842643855,Regular,8,Update,Deployment,false
4.863767397,Regular,13,Delete,ConfigMap,false
4.882902031,Regular,7,Delete,Deployment,false
4.902996378,Regular,7,Create,Deployment,false
4.922132024,Regular,6,Create,ConfigMap,false
4.943224406,Regular,13,Update,Deployment,false
4.963687571,Regular,6,Delete,ConfigMap,false
4.982533128,Regular,7,Delete,Deployment,false
4.002826028,Regular,6,Create,Deployment,false
4.022296466,Regular,6,Create,ConfigMap,false
4.04267988,Regular,7,Update,Deployment,false
4.063062301,Regular,5,Delete,ConfigMap,false
4.083002958,Regular,6,Delete,Deployment,false
4.10315837,Regular,6,Create,Deployment,false
4.122584395,Regular,8,Create,ConfigMap,false
4.142314353,Regular,10,Update,Deployment,false
4.162261232,Regular,5,Delete,ConfigMap,false
4.182352583,Regular,5,Delete,Deployment,false
4.202364525,Regular,7,Create,Deployment,false
4.223226302,Regular,5,Create,ConfigMap,false
4.242781791,Regular,8,Update,Deployment,false
4.262689345,Regular,4,Delete,ConfigMap,false
4.282816544,Regular,5,Delete,Deployment,false
4.302329533,Regular,8,Create,Deployment,false
4.323049432,Regular,6,Create,ConfigMap,false
4.342320143,Regular,8,Update,Deployment,false
4.362555757,Regular,4,Delete,ConfigMap,false
4.382925464,Regular,6,Delete,Deployment,false
4.402272449,Regular,4,Create,Deployment,false
4.422694836,Regular,7,Create,ConfigMap,false
4.442740501,Regular,14,Update,Deployment,false
4.462291922,Regular,6,Delete,ConfigMap,false
4.483200027,Regular,5,Delete,Deployment,false
4.503040023,Regular,7,Create,Deployment,false
4.523114533,Regular,6,Create,ConfigMap,false
4.542743381,Regular,7,Update,Deployment,false
4.562537901,Regular,5,Delete,ConfigMap,false
4.582822758,Regular,6,Delete,Deployment,false
4.602267748,Regular,6,Create,Deployment,false
4.622837905,Regular,6,Create,ConfigMap,false
4.642742153,Regular,10,Update,Deployment,false
4.662273296,Regular,6,Delete,ConfigMap,false
4.682819737,Regular,5,Delete,Deployment,false
4.702344217,Regular,7,Create,Deployment,false
4.723094183,Regular,5,Create,ConfigMap,false
4.742256639,Regular,8,Update,Deployment,false
4.763021253,Regular,5,Delete,ConfigMap,false
4.782754227,Regular,7,Delete,Deployment,false
4.80221132,Regular,7,Create,Deployment,false
4.823051567,Regular,7,Create,ConfigMap,false
4.843060112,Regular,8,Update,Deployment,false
4.863154359,Regular,14,Delete,ConfigMap,false
4.882641989,Regular,7,Delete,Deployment,false
4.903126103,Regular,5,Create,Deployment,false
4.922280454,Regular,7,Create,ConfigMap,false
4.943469409,Regular,16,Update,Deployment,false
4.963378977,Regular,6,Delete,ConfigMap,false
4.982711195,Regular,10,Delete,Deployment,false
4.022193953,Regular,6,Create,ConfigMap,false
4.042616941,Regular,8,Update,Deployment,false
4.062777473,Regular,5,Delete,ConfigMap,false
4.082944427,Regular,7,Delete,Deployment,false
4.103096033,Regular,9,Create,Deployment,false
4.122663063,Regular,9,Create,ConfigMap,false
4.142234212,Regular,10,Update,Deployment,false
4.162343898,Regular,5,Delete,ConfigMap,false
4.182363724,Regular,5,Delete,Deployment,false
4.202430509,Regular,8,Create,Deployment,false
4.223182549,Regular,6,Create,ConfigMap,false
4.242766963,Regular,8,Update,Deployment,false
4.262537779,Regular,4,Delete,ConfigMap,false
4.282829068,Regular,5,Delete,Deployment,false
4.302532767,Regular,9,Create,Deployment,false
4.323085951,Regular,4,Create,ConfigMap,false
4.342229842,Regular,6,Update,Deployment,false
4.362549345,Regular,4,Delete,ConfigMap,false
4.382901038,Regular,5,Delete,Deployment,false
4.402208899,Regular,6,Create,Deployment,false
4.422837025,Regular,7,Create,ConfigMap,false
4.442752754,Regular,14,Update,Deployment,false
4.462357065,Regular,5,Delete,ConfigMap,false
4.483154691,Regular,5,Delete,Deployment,false
4.503033992,Regular,7,Create,Deployment,false
4.52294373,Regular,5,Create,ConfigMap,false
4.542728823,Regular,6,Update,Deployment,false
4.562602714,Regular,5,Delete,ConfigMap,false
4.583081577,Regular,5,Delete,Deployment,false
4.602260435,Regular,6,Create,Deployment,false
4.622754287,Regular,7,Create,ConfigMap,false
4.642854605,Regular,10,Update,Deployment,false
4.662171904,Regular,7,Delete,ConfigMap,false
4.68277375,Regular,5,Delete,Deployment,false
4.702657048,Regular,7,Create,Deployment,false
4.722990617,Regular,5,Create,ConfigMap,false
4.74244246,Regular,7,Update,Deployment,false
4.763001195,Regular,4,Delete,ConfigMap,false
4.782626636,Regular,7,Delete,Deployment,false
4.8021770759999995,Regular,7,Create,Deployment,false
4.823034074,Regular,7,Create,ConfigMap,false
4.842788238,Regular,8,Update,Deployment,false
4.863465146,Regular,14,Delete,ConfigMap,false
4.882636038,Regular,7,Delete,Deployment,false
4.903553481,Regular,6,Create,Deployment,false
4.922235409,Regular,7,Create,ConfigMap,false
4.943428662,Regular,17,Update,Deployment,false
4.963536144,Regular,7,Delete,ConfigMap,false
4.982344983,Regular,7,Delete,Deployment,false
4.003105165,Regular,6,Create,Deployment,false
4.022273393,Regular,6,Create,ConfigMap,false
4.042721428,Regular,8,Update,Deployment,false
4.062883754,Regular,5,Delete,ConfigMap,false
4.083053764,Regular,7,Delete,Deployment,false
4.103442036,Regular,9,Create,Deployment,false
4.12268225,Regular,8,Create,ConfigMap,false
4.142355701,Regular,10,Update,Deployment,false
4.16213851,Regular,5,Delete,ConfigMap,false
4.18229796,Regular,5,Delete,Deployment,false
4.202450377,Regular,8,Create,Deployment,false
4.223329206,Regular,5,Create,ConfigMap,false
4.242844469,Regular,8,Update,Deployment,false
4.262579237,Regular,4,Delete,ConfigMap,false
4.282880234,Regular,5,Delete,Deployment,false
4.302427908,Regular,7,Create,Deployment,false
4.322993215,Regular,6,Create,ConfigMap,false
4.342160561,Regular,8,Update,Deployment,false
4.362496745,Regular,5,Delete,ConfigMap,false
4.382940482,Regular,5,Delete,Deployment,false
4.402369463,Regular,6,Create,Deployment,false
4.422798662,Regular,7,Create,ConfigMap,false
4.442864215,Regular,14,Update,Deployment,false
4.462325315,Regular,5,Delete,ConfigMap,false
4.483054422,Regular,5,Delete,Deployment,false
4.503178746,Regular,5,Create,Deployment,false
4.522924925,Regular,6,Create,ConfigMap,false
4.542845213,Regular,7,Update,Deployment,false
4.5626267590000005,Regular,4,Delete,ConfigMap,false
4.5829780620000005,Regular,5,Delete,Deployment,false
4.602248622,Regular,6,Create,Deployment,false
4.622872701,Regular,6,Create,ConfigMap,false
4.642646041,Regular,10,Update,Deployment,false
4.662140966,Regular,7,Delete,ConfigMap,false
4.682774782,Regular,5,Delete,Deployment,false
4.702311746,Regular,8,Create,Deployment,false
4.7228282010000004,Regular,5,Create,ConfigMap,false
4.742180706,Regular,5,Update,Deployment,false
4.762841193,Regular,5,Delete,ConfigMap,false
4.782680678,Regular,7,Delete,Deployment,false
4.802308304,Regular,7,Create,Deployment,false
4.823060804,Regular,6,Create,ConfigMap,false
4.842781506,Regular,8,Update,Deployment,false
4.863883787,Regular,14,Delete,ConfigMap,false
4.882993163,Regular,7,Delete,Deployment,false
4.903456728,Regular,7,Create,Deployment,false
4.922339375,Regular,7,Create,ConfigMap,false
4.94354378,Regular,16,Update,Deployment,false
4.962838957,Regular,8,Delete,ConfigMap,false
4.98262403,Regular,7,Delete,Deployment,false
4.003006479,Regular,6,Create,Deployment,false
4.022153536,Regular,7,Create,ConfigMap,false
4.042548562,Regular,8,Update,Deployment,false
4.062840883,Regular,5,Delete,ConfigMap,false
4.083033606,Regular,7,Delete,Deployment,false
4.103337529,Regular,8,Create,Deployment,false
4.122518079,Regular,9,Create,ConfigMap,false
4.142203955,Regular,9,Update,Deployment,false
4.162393111,Regular,5,Delete,ConfigMap,false
4.182311004,Regular,3,Delete,Deployment,false
4.202299412,Regular,6,Create,Deployment,false
4.223152753,Regular,5,Create,ConfigMap,false
4.242933397,Regular,7,Update,Deployment,false
4.262710034,Regular,4,Delete,ConfigMap,false
4.282866829,Regular,4,Delete,Deployment,false
4.302458156,Regular,9,Create,Deployment,false
4.323109896,Regular,6,Create,ConfigMap,false
4.342188253,Regular,8,Update,Deployment,false
4.362494351,Regular,5,Delete,ConfigMap,false
4.382918411,Regular,5,Delete,Deployment,false
4.402229688,Regular,6,Create,Deployment,false
4.422804203,Regular,7,Create,ConfigMap,false
4.442993539,Regular,13,Update,Deployment,false
4.462310187,Regular,5,Delete,ConfigMap,false
4.483068168,Regular,4,Delete,Deployment,false
4.503322217,Regular,6,Create,Deployment,false
4.523056834,Regular,5,Create,ConfigMap,false
4.542804226,Regular,7,Update,Deployment,false
4.562477397,Regular,5,Delete,ConfigMap,false
4.582842987,Regular,6,Delete,Deployment,false
4.602320899,Regular,6,Create,Deployment,false
4.622738247,Regular,7,Create,ConfigMap,false
4.64271448,Regular,9,Update,Deployment,false
4.662181853,Regular,7,Delete,ConfigMap,false
4.6827445149999996,Regular,5,Delete,Deployment,false
4.702371098,Regular,8,Create,Deployment,false
4.722879588,Regular,7,Create,ConfigMap,false
4.7422030379999995,Regular,8,Update,Deployment,false
4.762750311,Regular,5,Delete,ConfigMap,false
4.782848636,Regular,6,Delete,Deployment,false
4.802170213,Regular,7,Create,Deployment,false
4.823082145,Regular,6,Create,ConfigMap,false
4.842888678,Regular,8,Update,Deployment,false
4.863345119,Regular,12,Delete,ConfigMap,false
4.882935544,Regular,7,Delete,Deployment,false
4.903536078,Regular,7,Create,Deployment,false
4.922338173,Regular,6,Create,ConfigMap,false
4.943398305,Regular,17,Update,Deployment,false
4.963006504,Regular,8,Delete,ConfigMap,false
4.982652854,Regular,7,Delete,Deployment,false
4.00337728,Regular,6,Create,Deployment,false
4.022428185,Regular,6,Create,ConfigMap,false
4.042697834,Regular,8,Update,Deployment,false
4.062993231,Regular,5,Delete,ConfigMap,false
4.082900564,Regular,7,Delete,Deployment,false
4.103192635,Regular,8,Create,Deployment,false
4.122588152,Regular,9,Create,ConfigMap,false
4.142479054,Regular,9,Update,Deployment,false
4.162524409,Regular,5,Delete,ConfigMap,false
4.182373392,Regular,5,Delete,Deployment,false
4.202334698,Regular,7,Create,Deployment,false
4.223463389,Regular,5,Create,ConfigMap,false
4.243030761,Regular,8,Update,Deployment,false
4.262573777,Regular,4,Delete,ConfigMap,false
4.282996674,Regular,4,Delete,Deployment,false
4.302393343,Regular,9,Create,Deployment,false
4.322967567,Regular,6,Create,ConfigMap,false
4.342431253,Regular,7,Update,Deployment,false
4.362576356,Regular,4,Delete,ConfigMap,false
4.382856684,Regular,5,Delete,Deployment,false
4.402281075,Regular,5,Create,Deployment,false
4.422704154,Regular,7,Create,ConfigMap,false
4.442825812,Regular,13,Update,Deployment,false
4.462267406,Regular,5,Delete,ConfigMap,false
4.483245623,Regular,4,Delete,Deployment,false
4.503091671,Regular,7,Create,Deployment,false
4.523031706,Regular,6,Create,ConfigMap,false
4.5427524980000005,Regular,6,Update,Deployment,false
4.56230962,Regular,5,Delete,ConfigMap,false
4.582931724,Regular,5,Delete,Deployment,false
4.602212684,Regular,7,Create,Deployment,false
4.622966388,Regular,5,Create,ConfigMap,false
4.642788109,Regular,9,Update,Deployment,false
4.662147909,Regular,6,Delete,ConfigMap,false
4.682825828,Regular,4,Delete,Deployment,false
4.702543795,Regular,7,Create,Deployment,false
4.723027136,Regular,5,Create,ConfigMap,false
4.742123959,Regular,8,Update,Deployment,false
4.762850621,Regular,5,Delete,ConfigMap,false
4.782593193,Regular,7,Delete,Deployment,false
4.802344001,Regular,7,Create,Deployment,false
4.8230091470000005,Regular,7,Create,ConfigMap,false
4.842737412,Regular,8,Update,Deployment,false
4.863722081,Regular,14,Delete,ConfigMap,false
4.882931566,Regular,7,Delete,Deployment,false
4.903308628,Regular,6,Create,Deployment,false
4.922355205,Regular,7,Create,ConfigMap,false
4.94314704,Regular,18,Update,Deployment,false
4.963076646,Regular,7,Delete,ConfigMap,false
4.98264537,Regular,10,Delete,Deployment,false
5.002785153,Regular,10,Create,Deployment,false
4.003271009,Regular,6,Create,Deployment,false
4.022420992,Regular,6,Create,ConfigMap,false
4.042634905,Regular,8,Update,Deployment,false
4.063052402,Regular,5,Delete,ConfigMap,false
4.082987218,Regular,7,Delete,Deployment,false
4.103141238,Regular,8,Create,Deployment,false
4.122528629,Regular,9,Create,ConfigMap,false
4.14221737,Regular,10,Update,Deployment,false
4.162436483,Regular,5,Delete,ConfigMap,false
4.182460006,Regular,4,Delete,Deployment,false
4.202343675,Regular,8,Create,Deployment,false
4.223412143,Regular,5,Create,ConfigMap,false
4.243031142,Regular,8,Update,Deployment,false
4.262628159,Regular,4,Delete,ConfigMap,false
4.283026641,Regular,4,Delete,Deployment,false
4.302328821,Regular,9,Create,Deployment,false
4.323279737,Regular,6,Create,ConfigMap,false
4.342108893,Regular,8,Update,Deployment,false
4.362663029,Regular,4,Delete,ConfigMap,false
4.382983233,Regular,5,Delete,Deployment,false
4.402301003,Regular,6,Create,Deployment,false
4.422795646,Regular,7,Create,ConfigMap,false
4.442940058,Regular,15,Update,Deployment,false
4.462140075,Regular,6,Delete,ConfigMap,false
4.483187223,Regular,5,Delete,Deployment,false
4.503225574,Regular,5,Create,Deployment,false
4.523000738,Regular,5,Create,ConfigMap,false
4.542682546,Regular,7,Update,Deployment,false
4.562199803,Regular,5,Delete,ConfigMap,false
4.582878874,Regular,6,Delete,Deployment,false
4.602345215,Regular,6,Create,Deployment,false
4.622907286,Regular,9,Create,ConfigMap,false
4.642732184,Regular,10,Update,Deployment,false
4.662240704,Regular,7,Delete,ConfigMap,false
4.682673971,Regular,3,Delete,Deployment,false
4.702388541,Regular,7,Create,Deployment,false
4.722893945,Regular,5,Create,ConfigMap,false
4.74262218,Regular,7,Update,Deployment,false
4.762944748,Regular,5,Delete,ConfigMap,false
4.782576061,Regular,7,Delete,Deployment,false
4.802277255,Regular,7,Create,Deployment,false
4.822937281,Regular,7,Create,ConfigMap,false
4.842729287,Regular,8,Update,Deployment,false
4.863053538,Regular,14,Delete,ConfigMap,false
4.88256298,Regular,7,Delete,Deployment,false
4.90324634,Regular,7,Create,Deployment,false
4.922482676,Regular,6,Create,ConfigMap,false
4.9431821970000005,Regular,18,Update,Deployment,false
4.963228293,Regular,7,Delete,ConfigMap,false
4.98283577,Regular,10,Delete,Deployment,false
5.002909358,Regular,10,Create,Deployment,false
4.022413297,Regular,6,Create,ConfigMap,false
4.042710187,Regular,8,Update,Deployment,false
4.062783795,Regular,5,Delete,ConfigMap,false
4.08270231,Regular,5,Delete,Deployment,false
4.103385169,Regular,10,Create,Deployment,false
4.122607809,Regular,9,Create,ConfigMap,false
4.142485076,Regular,9,Update,Deployment,false
4.162426053,Regular,5,Delete,ConfigMap,false
4.182419509,Regular,5,Delete,Deployment,false
4.202432233,Regular,8,Create,Deployment,false
4.223284381,Regular,5,Create,ConfigMap,false
4.24298764,Regular,8,Update,Deployment,false
4.262600788,Regular,3,Delete,ConfigMap,false
4.282791096,Regular,5,Delete,Deployment,false
4.302263828,Regular,9,Create,Deployment,false
4.323213372,Regular,6,Create,ConfigMap,false
4.34228147,Regular,8,Update,Deployment,false
4.362541249,Regular,5,Delete,ConfigMap,false
4.38297072,Regular,5,Delete,Deployment,false
4.402205843,Regular,6,Create,Deployment,false
4.422676762,Regular,6,Create,ConfigMap,false
4.442801246,Regular,9,Update,Deployment,false
4.462158149,Regular,6,Delete,ConfigMap,false
4.483211088,Regular,5,Delete,Deployment,false
4.50327622,Regular,7,Create,Deployment,false
4.523141544,Regular,6,Create,ConfigMap,false
4.542771654,Regular,7,Update,Deployment,false
4.562396494,Regular,5,Delete,ConfigMap,false
4.582990185,Regular,5,Delete,Deployment,false
4.602421048,Regular,6,Create,Deployment,false
4.623071837,Regular,6,Create,ConfigMap,false
4.64273025,Regular,10,Update,Deployment,false
4.662296379,Regular,7,Delete,ConfigMap,false
4.682774902,Regular,5,Delete,Deployment,false
4.702385626,Regular,8,Create,Deployment,false
4.722985157,Regular,5,Create,ConfigMap,false
4.742142504,Regular,7,Update,Deployment,false
4.762870698,Regular,5,Delete,ConfigMap,false
4.782578556,Regular,7,Delete,Deployment,false
4.802254422,Regular,7,Create,Deployment,false
4.823131338,Regular,7,Create,ConfigMap,false
4.842896202,Regular,8,Update,Deployment,false
4.8635094500000005,Regular,14,Delete,ConfigMap,false
4.882741417,Regular,6,Delete,Deployment,false
4.903016306,Regular,7,Create,Deployment,false
4.922490471,Regular,6,Create,ConfigMap,false
4.943396401,Regular,17,Update,Deployment,false
4.96371895,Regular,4,Delete,ConfigMap,false
4.982758694,Regular,7,Delete,Deployment,false
5.002710562,Regular,11,Create,Deployment,false
4.003060812,Regular,6,Create,Deployment,false
4.022242905,Regular,6,Create,ConfigMap,false
4.04278604,Regular,8,Update,Deployment,false
4.062799775,Regular,5,Delete,ConfigMap,false
4.08309966,Regular,7,Delete,Deployment,false
4.103332269,Regular,7,Create,Deployment,false
4.122385048,Regular,6,Create,ConfigMap,false
4.142540761,Regular,9,Update,Deployment,false
4.162263786,Regular,5,Delete,ConfigMap,false
4.18234055,Regular,5,Delete,Deployment,false
4.202459805,Regular,7,Create,Deployment,false
4.223336049,Regular,5,Create,ConfigMap,false
4.242811817,Regular,7,Update,Deployment,false
4.262520827,Regular,4,Delete,ConfigMap,false
4.282804591,Regular,5,Delete,Deployment,false
4.302427898,Regular,7,Create,Deployment,false
4.323279727,Regular,6,Create,ConfigMap,false
4.342187592,Regular,8,Update,Deployment,false
4.362479182,Regular,4,Delete,ConfigMap,false
4.382885619,Regular,5,Delete,Deployment,false
4.402257992,Regular,6,Create,Deployment,false
4.422747455,Regular,7,Create,ConfigMap,false
4.442927975,Regular,15,Update,Deployment,false
4.462330595,Regular,6,Delete,ConfigMap,false
4.483080291,Regular,5,Delete,Deployment,false
4.503111238,Regular,6,Create,Deployment,false
4.52298083,Regular,6,Create,ConfigMap,false
4.54269536,Regular,6,Update,Deployment,false
4.56229396,Regular,5,Delete,ConfigMap,false
4.582996126,Regular,5,Delete,Deployment,false
4.6022708439999995,Regular,6,Create,Deployment,false
4.622783222,Regular,5,Create,ConfigMap,false
4.642622366,Regular,8,Update,Deployment,false
4.662203804,Regular,7,Delete,ConfigMap,false
4.682892905,Regular,5,Delete,Deployment,false
4.70238797,Regular,6,Create,Deployment,false
4.722816158,Regular,7,Create,ConfigMap,false
4.742245799,Regular,8,Update,Deployment,false
4.762800506,Regular,5,Delete,ConfigMap,false
4.782558107,Regular,7,Delete,Deployment,false
4.802267507,Regular,7,Create,Deployment,false
4.823075252,Regular,6,Create,ConfigMap,false
4.842834205,Regular,7,Update,Deployment,false
4.863092913,Regular,14,Delete,ConfigMap,false
4.882872004,Regular,7,Delete,Deployment,false
4.903333054,Regular,5,Create,Deployment,false
4.922430558,Regular,6,Create,ConfigMap,false
4.943476382,Regular,17,Update,Deployment,false
4.96315298,Regular,6,Delete,ConfigMap,false
4.982810332,Regular,6,Delete,Deployment,false
5.003034644,Regular,10,Create,Deployment,false
4.003310383,Regular,6,Create,Deployment,false
4.02223491,Regular,7,Create,ConfigMap,false
4.042804996,Regular,8,Update,Deployment,false
4.062981428,Regular,5,Delete,ConfigMap,false
4.082763926,Regular,7,Delete,Deployment,false
4.103385019,Regular,7,Create,Deployment,false
4.122369469,Regular,9,Create,ConfigMap,false
4.142524981,Regular,7,Update,Deployment,false
4.162335221,Regular,5,Delete,ConfigMap,false
4.18232478,Regular,4,Delete,Deployment,false
4.202521141,Regular,8,Create,Deployment,false
4.223245478,Regular,5,Create,ConfigMap,false
4.242828148,Regular,8,Update,Deployment,false
4.262681069,Regular,4,Delete,ConfigMap,false
4.2828486550000004,Regular,3,Delete,Deployment,false
4.302329252,Regular,9,Create,Deployment,false
4.323070742,Regular,6,Create,ConfigMap,false
4.342338728,Regular,8,Update,Deployment,false
4.362514419,Regular,5,Delete,ConfigMap,false
4.382998943,Regular,5,Delete,Deployment,false
4.402217465,Regular,6,Create,Deployment,false
4.42262284,Regular,6,Create,ConfigMap,false
4.442775327,Regular,13,Update,Deployment,false
4.462313834,Regular,6,Delete,ConfigMap,false
4.483099277,Regular,5,Delete,Deployment,false
4.503107341,Regular,7,Create,Deployment,false
4.523089305,Regular,5,Create,ConfigMap,false
4.542761174,Regular,6,Update,Deployment,false
4.562606511,Regular,4,Delete,ConfigMap,false
4.582926344,Regular,5,Delete,Deployment,false
4.602233464,Regular,6,Create,Deployment,false
4.622818338,Regular,7,Create,ConfigMap,false
4.642669335,Regular,10,Update,Deployment,false
4.662218893,Regular,7,Delete,ConfigMap,false
4.682856777,Regular,4,Delete,Deployment,false
4.702353755,Regular,7,Create,Deployment,false
4.72285453,Regular,5,Create,ConfigMap,false
4.742457559,Regular,8,Update,Deployment,false
4.762826715,Regular,5,Delete,ConfigMap,false
4.782577854,Regular,5,Delete,Deployment,false
4.802206712,Regular,7,Create,Deployment,false
4.823020809,Regular,7,Create,ConfigMap,false
4.842655477,Regular,8,Update,Deployment,false
4.863289103,Regular,14,Delete,ConfigMap,false
4.882715909,Regular,7,Delete,Deployment,false
4.903448793,Regular,7,Create,Deployment,false
4.922239206,Regular,7,Create,ConfigMap,false
4.943154184,Regular,18,Update,Deployment,false
4.963297403,Regular,7,Delete,ConfigMap,false
4.9825554499999996,Regular,10,Delete,Deployment,false
5.002922362,Regular,11,Create,Deployment,false
5.022468934,Regular,8,Create,ConfigMap,false
5.042477309,Regular,6,Update,Deployment,false
5.063297057,Regular,5,Delete,ConfigMap,false
5.082774398,Regular,5,Delete,Deployment,false
5.102655282,Regular,7,Create,Deployment,false
5.122346206,Regular,6,Create,ConfigMap,false
5.142463898,Regular,7,Update,Deployment,false
5.162210318,Regular,4,Delete,ConfigMap,false
5.182252807,Regular,7,Delete,Deployment,false
5.203050222,Regular,6,Create,Deployment,false
5.222686995,Regular,5,Create,ConfigMap,false
5.242292909,Regular,7,Update,Deployment,false
5.263249415,Regular,6,Delete,ConfigMap,false
5.282186746,Regular,4,Delete,Deployment,false
5.302518311,Regular,6,Create,Deployment,false
5.322791937,Regular,6,Create,ConfigMap,false
5.343100459,Regular,7,Update,Deployment,false
5.363522064,Regular,5,Delete,ConfigMap,false
5.383159929,Regular,6,Delete,Deployment,false
5.403140481,Regular,7,Create,Deployment,false
5.423293639,Regular,7,Create,ConfigMap,false
5.442536979,Regular,9,Update,Deployment,false
5.462304739,Regular,5,Delete,ConfigMap,false
5.482921423,Regular,5,Delete,Deployment,false
5.502609432,Regular,9,Create,Deployment,false
5.52283139,Regular,6,Create,ConfigMap,false
5.542203262,Regular,9,Update,Deployment,false
5.5627698819999996,Regular,6,Delete,ConfigMap,false
5.58266914,Regular,5,Delete,Deployment,false
5.603207206,Regular,6,Create,Deployment,false
5.622959737,Regular,6,Create,ConfigMap,false
5.642654279,Regular,7,Update,Deployment,false
5.662331528,Regular,5,Delete,ConfigMap,false
5.682903567,Regular,6,Delete,Deployment,false
5.703015327,Regular,8,Create,Deployment,false
5.722272863,Regular,6,Create,ConfigMap,false
5.742234129,Regular,6,Update,Deployment,false
5.76347875,Regular,5,Delete,ConfigMap,false
5.783176467,Regular,5,Delete,Deployment,false
5.803005914,Regular,8,Create,Deployment,false
5.822961699,Regular,6,Create,ConfigMap,false
5.8426548480000005,Regular,8,Update,Deployment,false
5.862800142,Regular,3,Delete,ConfigMap,false
5.883020567,Regular,8,Delete,Deployment,false
5.902548363,Regular,9,Create,Deployment,false
5.922362241,Regular,7,Create,ConfigMap,false
5.943315561,Regular,10,Update,Deployment,false
5.963170195,Regular,5,Delete,ConfigMap,false
5.982128425,Regular,4,Delete,Deployment,false
5.002907775,Regular,10,Create,Deployment,false
5.022471028,Regular,8,Create,ConfigMap,false
5.042640848,Regular,7,Update,Deployment,false
5.063170478,Regular,5,Delete,ConfigMap,false
5.083000305,Regular,4,Delete,Deployment,false
5.102667485,Regular,8,Create,Deployment,false
5.122319055,Regular,6,Create,ConfigMap,false
5.142497001,Regular,8,Update,Deployment,false
5.162159061,Regular,4,Delete,ConfigMap,false
5.182263236,Regular,7,Delete,Deployment,false
5.203333157,Regular,6,Create,Deployment,false
5.222551849,Regular,5,Create,ConfigMap,false
5.242278231,Regular,6,Update,Deployment,false
5.2632781699999995,Regular,6,Delete,ConfigMap,false
5.282218186,Regular,4,Delete,Deployment,false
5.3026826719999995,Regular,6,Create,Deployment,false
5.322890033,Regular,6,Create,ConfigMap,false
5.343207501,Regular,8,Update,Deployment,false
5.363459476,Regular,6,Delete,ConfigMap,false
5.383231965,Regular,6,Delete,Deployment,false
5.403119281,Regular,7,Create,Deployment,false
5.42347408,Regular,6,Create,ConfigMap,false
5.442550845,Regular,9,Update,Deployment,false
5.462159664,Regular,5,Delete,ConfigMap,false
5.482980484,Regular,4,Delete,Deployment,false
5.502659407,Regular,7,Create,Deployment,false
5.522861778,Regular,7,Create,ConfigMap,false
5.542303622,Regular,9,Update,Deployment,false
5.562861465,Regular,5,Delete,ConfigMap,false
5.582803454,Regular,5,Delete,Deployment,false
5.6031996710000005,Regular,7,Create,Deployment,false
5.62312567,Regular,5,Create,ConfigMap,false
5.642869395,Regular,8,Update,Deployment,false
5.662572904,Regular,4,Delete,ConfigMap,false
5.682930398,Regular,6,Delete,Deployment,false
5.702988827,Regular,8,Create,Deployment,false
5.722277713,Regular,6,Create,ConfigMap,false
5.742253155,Regular,7,Update,Deployment,false
5.7635658339999996,Regular,5,Delete,ConfigMap,false
5.783258903,Regular,5,Delete,Deployment,false
5.802896948,Regular,5,Create,Deployment,false
5.822937323,Regular,4,Create,ConfigMap,false
5.8427083589999995,Regular,8,Update,Deployment,false
5.8628765959999996,Regular,5,Delete,ConfigMap,false
5.882933803,Regular,7,Delete,Deployment,false
5.903001329,Regular,12,Create,Deployment,false
5.922363363,Regular,7,Create,ConfigMap,false
5.943397876,Regular,11,Update,Deployment,false
5.963279541,Regular,5,Delete,ConfigMap,false
5.982262328,Regular,3,Delete,Deployment,false
5.003044984,Regular,10,Create,Deployment,false
5.022423418,Regular,8,Create,ConfigMap,false
5.04266321,Regular,8,Update,Deployment,false
5.0633451879999996,Regular,5,Delete,ConfigMap,false
5.082922237,Regular,6,Delete,Deployment,false
5.1026863,Regular,8,Create,Deployment,false
5.122550563,Regular,6,Create,ConfigMap,false
5.142321749,Regular,7,Update,Deployment,false
5.162175712,Regular,4,Delete,ConfigMap,false
5.182304885,Regular,6,Delete,Deployment,false
5.203222678,Regular,6,Create,Deployment,false
5.222687105,Regular,5,Create,ConfigMap,false
5.242365075,Regular,8,Update,Deployment,false
5.263097739,Regular,6,Delete,ConfigMap,false
5.282165636,Regular,4,Delete,Deployment,false
5.30250686,Regular,6,Create,Deployment,false
5.323082536,Regular,6,Create,ConfigMap,false
5.343059211,Regular,7,Update,Deployment,false
5.3633211450000005,Regular,6,Delete,ConfigMap,false
5.383270077,Regular,7,Delete,Deployment,false
5.403161411,Regular,5,Create,Deployment,false
5.423281907,Regular,5,Create,ConfigMap,false
5.442662025,Regular,9,Update,Deployment,false
5.462141039,Regular,5,Delete,ConfigMap,false
5.483019237,Regular,4,Delete,Deployment,false
5.502636193,Regular,7,Create,Deployment,false
5.5229887269999995,Regular,6,Create,ConfigMap,false
5.542340081,Regular,9,Update,Deployment,false
5.562914465,Regular,4,Delete,ConfigMap,false
5.582721669,Regular,5,Delete,Deployment,false
5.603181627,Regular,7,Create,Deployment,false
5.62288185,Regular,6,Create,ConfigMap,false
5.642978541,Regular,7,Update,Deployment,false
5.662353299,Regular,5,Delete,ConfigMap,false
5.682949965,Regular,6,Delete,Deployment,false
5.702851137,Regular,9,Create,Deployment,false
5.722240412,Regular,6,Create,ConfigMap,false
5.742135663,Regular,7,Update,Deployment,false
5.763231613,Regular,5,Delete,ConfigMap,false
5.783099552,Regular,5,Delete,Deployment,false
5.802918118,Regular,4,Create,Deployment,false
5.823143482,Regular,6,Create,ConfigMap,false
5.842722897,Regular,8,Update,Deployment,false
5.86269887,Regular,5,Delete,ConfigMap,false
5.883014375,Regular,8,Delete,Deployment,false
5.903235973,Regular,7,Create,Deployment,false
5.922423967,Regular,8,Create,ConfigMap,false
5.943471746,Regular,14,Update,Deployment,false
5.963393196,Regular,5,Delete,ConfigMap,false
5.982253942,Regular,4,Delete,Deployment,false
5.022304804,Regular,6,Create,ConfigMap,false
5.042538515,Regular,8,Update,Deployment,false
5.063106226,Regular,5,Delete,ConfigMap,false
5.082867494,Regular,6,Delete,Deployment,false
5.102517732,Regular,8,Create,Deployment,false
5.122280482,Regular,6,Create,ConfigMap,false
5.142414414,Regular,6,Update,Deployment,false
5.162510795,Regular,5,Delete,ConfigMap,false
5.182155884,Regular,7,Delete,Deployment,false
5.203274135,Regular,6,Create,Deployment,false
5.222528455,Regular,5,Create,ConfigMap,false
5.24222462,Regular,7,Update,Deployment,false
5.263280905,Regular,6,Delete,ConfigMap,false
5.282179933,Regular,4,Delete,Deployment,false
5.302494106,Regular,6,Create,Deployment,false
5.322850187,Regular,6,Create,ConfigMap,false
5.343055655,Regular,8,Update,Deployment,false
5.363474715,Regular,5,Delete,ConfigMap,false
5.383347844,Regular,6,Delete,Deployment,false
5.403295905,Regular,7,Create,Deployment,false
5.423374041,Regular,5,Create,ConfigMap,false
5.44270705,Regular,10,Update,Deployment,false
5.462320869,Regular,5,Delete,ConfigMap,false
5.482935189,Regular,4,Delete,Deployment,false
5.502896264,Regular,8,Create,Deployment,false
5.522912994,Regular,5,Create,ConfigMap,false
5.542335913,Regular,9,Update,Deployment,false
5.562679431,Regular,6,Delete,ConfigMap,false
5.582731268,Regular,5,Delete,Deployment,false
5.603249165,Regular,7,Create,Deployment,false
5.622989834,Regular,6,Create,ConfigMap,false
5.642921233,Regular,7,Update,Deployment,false
5.662320687,Regular,5,Delete,ConfigMap,false
5.682992856,Regular,5,Delete,Deployment,false
5.702991933,Regular,8,Create,Deployment,false
5.722345691,Regular,5,Create,ConfigMap,false
5.742191028,Regular,7,Update,Deployment,false
5.76319299,Regular,5,Delete,ConfigMap,false
5.783049718,Regular,5,Delete,Deployment,false
5.802705316,Regular,5,Create,Deployment,false
5.822993148,Regular,6,Create,ConfigMap,false
5.8427295390000005,Regular,8,Update,Deployment,false
5.86299,Regular,5,Delete,ConfigMap,false
5.883196018,Regular,7,Delete,Deployment,false
5.902599039,Regular,11,Create,Deployment,false
5.922417926,Regular,8,Create,ConfigMap,false
5.943349334,Regular,10,Update,Deployment,false
5.963342691,Regular,4,Delete,ConfigMap,false
5.9822860030000005,Regular,4,Delete,Deployment,false
5.00294215,Regular,10,Create,Deployment,false
5.022418449,Regular,8,Create,ConfigMap,false
5.042590964,Regular,8,Update,Deployment,false
5.063207447,Regular,5,Delete,ConfigMap,false
5.082817479,Regular,6,Delete,Deployment,false
5.102656344,Regular,8,Create,Deployment,false
5.122552927,Regular,6,Create,ConfigMap,false
5.142301922,Regular,6,Update,Deployment,false
5.162260543,Regular,4,Delete,ConfigMap,false
5.182331966,Regular,6,Delete,Deployment,false
5.203338607,Regular,6,Create,Deployment,false
5.222704808,Regular,5,Create,ConfigMap,false
5.242170317,Regular,8,Update,Deployment,false
5.263357269,Regular,6,Delete,ConfigMap,false
5.282324256,Regular,4,Delete,Deployment,false
5.302568005,Regular,6,Create,Deployment,false
5.323078419,Regular,4,Create,ConfigMap,false
5.343164991,Regular,8,Update,Deployment,false
5.363386779,Regular,6,Delete,ConfigMap,false
5.383375857,Regular,6,Delete,Deployment,false
5.40332513,Regular,6,Create,Deployment,false
5.42316154,Regular,5,Create,ConfigMap,false
5.442611529,Regular,9,Update,Deployment,false
5.462221872,Regular,5,Delete,ConfigMap,false
5.482945829,Regular,3,Delete,Deployment,false
5.502895142,Regular,9,Create,Deployment,false
5.522861377,Regular,6,Create,ConfigMap,false
5.542319642,Regular,9,Update,Deployment,false
5.562766706,Regular,6,Delete,ConfigMap,false
5.582877865,Regular,5,Delete,Deployment,false
5.60316216,Regular,7,Create,Deployment,false
5.623050959,Regular,7,Create,ConfigMap,false
5.642847434,Regular,7,Update,Deployment,false
5.662475239,Regular,4,Delete,ConfigMap,false
5.683041278,Regular,5,Delete,Deployment,false
5.702916902,Regular,8,Create,Deployment,false
5.722261702,Regular,6,Create,ConfigMap,false
5.742129101,Regular,7,Update,Deployment,false
5.763180827,Regular,5,Delete,ConfigMap,false
5.783236811,Regular,4,Delete,Deployment,false
5.802812468,Regular,6,Create,Deployment,false
5.822922675,Regular,6,Create,ConfigMap,false
5.842799281,Regular,8,Update,Deployment,false
5.862857099,Regular,5,Delete,ConfigMap,false
5.882906151,Regular,5,Delete,Deployment,false
5.902813945,Regular,12,Create,Deployment,false
5.922208651,Regular,8,Create,ConfigMap,false
5.943201255,Regular,14,Update,Deployment,false
5.963110873,Regular,5,Delete,ConfigMap,false
5.982275824,Regular,4,Delete,Deployment,false
5.02258815,Regular,8,Create,ConfigMap,false
5.042705961,Regular,8,Update,Deployment,false
5.0633516,Regular,5,Delete,ConfigMap,false
5.082720807,Regular,6,Delete,Deployment,false
5.102718351,Regular,6,Create,Deployment,false
5.122466374,Regular,6,Create,ConfigMap,false
5.142484216,Regular,8,Update,Deployment,false
5.16230698,Regular,4,Delete,ConfigMap,false
5.182311097,Regular,7,Delete,Deployment,false
5.203035785,Regular,7,Create,Deployment,false
5.222672978,Regular,6,Create,ConfigMap,false
5.242375806,Regular,6,Update,Deployment,false
5.263055489,Regular,6,Delete,ConfigMap,false
5.282307785,Regular,4,Delete,Deployment,false
5.302651914,Regular,6,Create,Deployment,false
5.322976917,Regular,6,Create,ConfigMap,false
5.343064902,Regular,7,Update,Deployment,false
5.363104586,Regular,6,Delete,ConfigMap,false
5.383150792,Regular,6,Delete,Deployment,false
5.403503347,Regular,7,Create,Deployment,false
5.423594017,Regular,5,Create,ConfigMap,false
5.442647377,Regular,9,Update,Deployment,false
5.462329185,Regular,4,Delete,ConfigMap,false
5.483027824,Regular,5,Delete,Deployment,false
5.502851299,Regular,9,Create,Deployment,false
5.523039664,Regular,7,Create,ConfigMap,false
5.542379746,Regular,9,Update,Deployment,false
5.562802754,Regular,6,Delete,ConfigMap,false
5.582815246,Regular,5,Delete,Deployment,false
5.603129298,Regular,7,Create,Deployment,false
5.622857955,Regular,4,Create,ConfigMap,false
5.642775528,Regular,7,Update,Deployment,false
5.66252322,Regular,4,Delete,ConfigMap,false
5.683049333,Regular,5,Delete,Deployment,false
5.702781706,Regular,7,Create,Deployment,false
5.722205907,Regular,6,Create,ConfigMap,false
5.742311665,Regular,7,Update,Deployment,false
5.763384612,Regular,5,Delete,ConfigMap,false
5.783109811,Regular,5,Delete,Deployment,false
5.802824671,Regular,8,Create,Deployment,false
5.822898049,Regular,5,Create,ConfigMap,false
5.842669846,Regular,8,Update,Deployment,false
5.862748003,Regular,5,Delete,ConfigMap,false
5.882949322,Regular,7,Delete,Deployment,false
5.902673129,Regular,11,Create,Deployment,false
5.922453473,Regular,8,Create,ConfigMap,false
5.943424076,Regular,12,Update,Deployment,false
5.963530505,Regular,5,Delete,ConfigMap,false
5.98226861,Regular,4,Delete,Deployment,false
5.022287502,Regular,8,Create,ConfigMap,false
5.042386768,Regular,8,Update,Deployment,false
5.063342753,Regular,5,Delete,ConfigMap,false
5.083057693,Regular,5,Delete,Deployment,false
5.102623612,Regular,8,Create,Deployment,false
5.122268079,Regular,7,Create,ConfigMap,false
5.142337479,Regular,6,Update,Deployment,false
5.162188927,Regular,4,Delete,ConfigMap,false
5.182368054,Regular,5,Delete,Deployment,false
5.203017901,Regular,6,Create,Deployment,false
5.222526091,Regular,6,Create,ConfigMap,false
5.242472869,Regular,7,Update,Deployment,false
5.263164665,Regular,6,Delete,ConfigMap,false
5.282301864,Regular,3,Delete,Deployment,false
5.302454511,Regular,6,Create,Deployment,false
5.322916663,Regular,6,Create,ConfigMap,false
5.343024255,Regular,8,Update,Deployment,false
5.363252455,Regular,5,Delete,ConfigMap,false
5.383251171,Regular,4,Delete,Deployment,false
5.403381747,Regular,7,Create,Deployment,false
5.423522752,Regular,6,Create,ConfigMap,false
5.442511991,Regular,10,Update,Deployment,false
5.462239936,Regular,5,Delete,ConfigMap,false
5.482983209,Regular,5,Delete,Deployment,false
5.50307949,Regular,9,Create,Deployment,false
5.522896674,Regular,6,Create,ConfigMap,false
5.542300205,Regular,9,Update,Deployment,false
5.5626311600000005,Regular,6,Delete,ConfigMap,false
5.582756946,Regular,3,Delete,Deployment,false
5.603073633,Regular,7,Create,Deployment,false
5.622869266,Regular,6,Create,ConfigMap,false
5.642942223,Regular,7,Update,Deployment,false
5.662484356,Regular,4,Delete,ConfigMap,false
5.682881365,Regular,5,Delete,Deployment,false
5.702923594,Regular,7,Create,Deployment,false
5.722300145,Regular,5,Create,ConfigMap,false
5.742332244,Regular,7,Update,Deployment,false
5.763623263,Regular,4,Delete,ConfigMap,false
5.78319365,Regular,4,Delete,Deployment,false
5.802924139,Regular,4,Create,Deployment,false
5.823168189,Regular,5,Create,ConfigMap,false
5.842627456,Regular,8,Update,Deployment,false
5.862672641,Regular,5,Delete,ConfigMap,false
5.882919766,Regular,7,Delete,Deployment,false
5.902614007,Regular,12,Create,Deployment,false
5.922187711,Regular,7,Create,ConfigMap,false
5.94353764,Regular,10,Update,Deployment,false
5.963554641,Regular,5,Delete,ConfigMap,false
5.98230575,Regular,4,Delete,Deployment,false
5.002701495,Regular,10,Create,Deployment,false
5.022336825,Regular,8,Create,ConfigMap,false
5.042590082,Regular,8,Update,Deployment,false
5.063173714,Regular,5,Delete,ConfigMap,false
5.082922318,Regular,5,Delete,Deployment,false
5.102598745,Regular,8,Create,Deployment,false
5.122441937,Regular,6,Create,ConfigMap,false
5.142454069,Regular,6,Update,Deployment,false
5.162352576,Regular,4,Delete,ConfigMap,false
5.182269188,Regular,6,Delete,Deployment,false
5.203138649,Regular,6,Create,Deployment,false
5.222781523,Regular,6,Create,ConfigMap,false
5.242111747,Regular,8,Update,Deployment,false
5.2632781699999995,Regular,6,Delete,ConfigMap,false
5.2821184070000005,Regular,5,Delete,Deployment,false
5.302428562,Regular,5,Create,Deployment,false
5.322837083,Regular,6,Create,ConfigMap,false
5.342981204,Regular,7,Update,Deployment,false
5.363299314,Regular,4,Delete,ConfigMap,false
5.383201097,Regular,5,Delete,Deployment,false
5.403302297,Regular,7,Create,Deployment,false
5.423047915,Regular,7,Create,ConfigMap,false
5.442626368,Regular,9,Update,Deployment,false
5.462200973,Regular,5,Delete,ConfigMap,false
5.482834999,Regular,5,Delete,Deployment,false
5.503020258,Regular,8,Create,Deployment,false
5.522878329,Regular,7,Create,ConfigMap,false
5.542529298,Regular,9,Update,Deployment,false
5.562605571,Regular,6,Delete,ConfigMap,false
5.582707302,Regular,5,Delete,Deployment,false
5.60303498,Regular,6,Create,Deployment,false
5.62295063,Regular,6,Create,ConfigMap,false
5.642760179,Regular,7,Update,Deployment,false
5.662309927,Regular,4,Delete,ConfigMap,false
5.682946108,Regular,5,Delete,Deployment,false
5.7029922939999995,Regular,8,Create,Deployment,false
5.722214072,Regular,6,Create,ConfigMap,false
5.74214986,Regular,5,Update,Deployment,false
5.763322534,Regular,5,Delete,ConfigMap,false
5.783179904,Regular,4,Delete,Deployment,false
5.803147752,Regular,5,Create,Deployment,false
5.823043834,Regular,6,Create,ConfigMap,false
5.842563024,Regular,6,Update,Deployment,false
5.862743254,Regular,5,Delete,ConfigMap,false
5.883184817,Regular,7,Delete,Deployment,false
5.90299116,Regular,11,Create,Deployment,false
5.922191739,Regular,6,Create,ConfigMap,false
5.943301504,Regular,10,Update,Deployment,false
5.96313589,Regular,5,Delete,ConfigMap,false
5.982339304,Regular,4,Delete,Deployment,false
6.00265527,Regular,5,Create,Deployment,false
5.003003225,Regular,10,Create,Deployment,false
5.022273205,Regular,7,Create,ConfigMap,false
5.042608777,Regular,5,Update,Deployment,false
5.063072462,Regular,5,Delete,ConfigMap,false
5.08265888,Regular,5,Delete,Deployment,false
5.102671663,Regular,8,Create,Deployment,false
5.122384529,Regular,6,Create,ConfigMap,false
5.142287304,Regular,6,Update,Deployment,false
5.16220647,Regular,6,Delete,ConfigMap,false
5.182316978,Regular,7,Delete,Deployment,false
5.203088695,Regular,6,Create,Deployment,false
5.222586725,Regular,6,Create,ConfigMap,false
5.242500782,Regular,8,Update,Deployment,false
5.263070477,Regular,6,Delete,ConfigMap,false
5.282322523,Regular,4,Delete,Deployment,false
5.302546445,Regular,6,Create,Deployment,false
5.322977017,Regular,6,Create,ConfigMap,false
5.342994569,Regular,8,Update,Deployment,false
5.363119794,Regular,5,Delete,ConfigMap,false
5.383240311,Regular,6,Delete,Deployment,false
5.403434186,Regular,5,Create,Deployment,false
5.423078804,Regular,5,Create,ConfigMap,false
5.442730775,Regular,11,Update,Deployment,false
5.462301893,Regular,5,Delete,ConfigMap,false
5.483042582,Regular,5,Delete,Deployment,false
5.503252858,Regular,7,Create,Deployment,false
5.523079559,Regular,5,Create,ConfigMap,false
5.542256182,Regular,9,Update,Deployment,false
5.562806591,Regular,6,Delete,ConfigMap,false
5.582813633,Regular,5,Delete,Deployment,false
5.60310894,Regular,7,Create,Deployment,false
5.622838388,Regular,7,Create,ConfigMap,false
5.642666031,Regular,8,Update,Deployment,false
5.662497932,Regular,4,Delete,ConfigMap,false
5.682855937,Regular,6,Delete,Deployment,false
5.7028194469999995,Regular,9,Create,Deployment,false
5.722314031,Regular,6,Create,ConfigMap,false
5.742312126,Regular,6,Update,Deployment,false
5.7634274130000005,Regular,5,Delete,ConfigMap,false
5.783085495,Regular,5,Delete,Deployment,false
5.802991296,Regular,6,Create,Deployment,false
5.823088919,Regular,6,Create,ConfigMap,false
5.842827755,Regular,8,Update,Deployment,false
5.862937501,Regular,5,Delete,ConfigMap,false
5.882979239,Regular,8,Delete,Deployment,false
5.9031604,Regular,8,Create,Deployment,false
5.922416774,Regular,8,Create,ConfigMap,false
5.943526409,Regular,10,Update,Deployment,false
5.963479189,Regular,5,Delete,ConfigMap,false
5.98227925,Regular,3,Delete,Deployment,false
6.002689935,Regular,6,Create,Deployment,false
5.022410594,Regular,8,Create,ConfigMap,false
5.042713535,Regular,8,Update,Deployment,false
5.0634152199999996,Regular,4,Delete,ConfigMap,false
5.082636447,Regular,6,Delete,Deployment,false
5.102493917,Regular,6,Create,Deployment,false
5.122369641,Regular,6,Create,ConfigMap,false
5.142516788,Regular,8,Update,Deployment,false
5.16214268,Regular,5,Delete,ConfigMap,false
5.182226216,Regular,7,Delete,Deployment,false
5.203141765,Regular,6,Create,Deployment,false
5.222617303,Regular,5,Create,ConfigMap,false
5.242285355,Regular,8,Update,Deployment,false
5.263137103,Regular,6,Delete,ConfigMap,false
5.282250126,Regular,4,Delete,Deployment,false
5.302674016,Regular,5,Create,Deployment,false
5.322810272,Regular,6,Create,ConfigMap,false
5.343170712,Regular,6,Update,Deployment,false
5.363091671,Regular,5,Delete,ConfigMap,false
5.383270107,Regular,7,Delete,Deployment,false
5.403111246,Regular,7,Create,Deployment,false
5.423413837,Regular,7,Create,ConfigMap,false
5.442773385,Regular,10,Update,Deployment,false
5.462123897,Regular,5,Delete,ConfigMap,false
5.48298339,Regular,5,Delete,Deployment,false
5.503212221,Regular,8,Create,Deployment,false
5.523079559,Regular,5,Create,ConfigMap,false
5.542282131,Regular,9,Update,Deployment,false
5.562671185,Regular,6,Delete,ConfigMap,false
5.582786151,Regular,4,Delete,Deployment,false
5.603046001,Regular,6,Create,Deployment,false
5.622808451,Regular,6,Create,ConfigMap,false
5.642744008,Regular,7,Update,Deployment,false
5.66216354,Regular,5,Delete,ConfigMap,false
5.683181523,Regular,5,Delete,Deployment,false
5.702923594,Regular,6,Create,Deployment,false
5.722383212,Regular,5,Create,ConfigMap,false
5.742218159,Regular,7,Update,Deployment,false
5.763729273,Regular,5,Delete,ConfigMap,false
5.783197908,Regular,5,Delete,Deployment,false
5.802775659,Regular,8,Create,Deployment,false
5.822979062,Regular,6,Create,ConfigMap,false
5.842690095,Regular,8,Update,Deployment,false
5.8628024960000005,Regular,5,Delete,ConfigMap,false
5.883009085,Regular,7,Delete,Deployment,false
5.902565135,Regular,12,Create,Deployment,false
5.922274084,Regular,8,Create,ConfigMap,false
5.943585641,Regular,12,Update,Deployment,false
5.963463148,Regular,5,Delete,ConfigMap,false
5.982359862,Regular,4,Delete,Deployment,false
6.002843014,Regular,6,Create,Deployment,false
6.002822476,Regular,6,Create,Deployment,false
6.023109937,Regular,6,Create,ConfigMap,false
6.04252453,Regular,6,Update,Deployment,false
6.06231839,Regular,5,Delete,ConfigMap,false
6.082199945,Regular,6,Delete,Deployment,false
6.103321412,Regular,7,Create,Deployment,false
6.122670922,Regular,6,Create,ConfigMap,false
6.142263071,Regular,9,Update,Deployment,false
6.162993329,Regular,6,Delete,ConfigMap,false
6.182344883,Regular,4,Delete,Deployment,false
6.202222931,Regular,8,Create,Deployment,false
6.222371992,Regular,5,Create,ConfigMap,false
6.242725859,Regular,6,Update,Deployment,false
6.263024282,Regular,4,Delete,ConfigMap,false
6.28293361,Regular,6,Delete,Deployment,false
6.302786951,Regular,8,Create,Deployment,false
6.322282527,Regular,7,Create,ConfigMap,false
6.342906314,Regular,7,Update,Deployment,false
6.362313042,Regular,5,Delete,ConfigMap,false
6.383318611,Regular,9,Delete,Deployment,false
6.402522706,Regular,9,Create,Deployment,false
6.423027218,Regular,5,Create,ConfigMap,false
6.442193812,Regular,7,Update,Deployment,false
6.463473759,Regular,8,Delete,ConfigMap,false
6.482649361,Regular,8,Delete,Deployment,false
6.502784605,Regular,7,Create,Deployment,false
6.522738086,Regular,8,Create,ConfigMap,false
6.542283937,Regular,6,Update,Deployment,false
6.562208884,Regular,5,Delete,ConfigMap,false
6.582353246,Regular,6,Delete,Deployment,false
6.602581726,Regular,8,Create,Deployment,false
6.622538012,Regular,7,Create,ConfigMap,false
6.642186828,Regular,9,Update,Deployment,false
6.663584647,Regular,5,Delete,ConfigMap,false
6.683059354,Regular,5,Delete,Deployment,false
6.703007405,Regular,7,Create,Deployment,false
6.722195008,Regular,7,Create,ConfigMap,false
6.742852429,Regular,6,Update,Deployment,false
6.762278584,Regular,5,Delete,ConfigMap,false
6.782395564,Regular,5,Delete,Deployment,false
6.802554383,Regular,9,Create,Deployment,false
6.823356096,Regular,6,Create,ConfigMap,false
6.842321851,Regular,6,Update,Deployment,false
6.862927174,Regular,4,Delete,ConfigMap,false
6.883041218,Regular,6,Delete,Deployment,false
6.902748955,Regular,7,Create,Deployment,false
6.92274721,Regular,4,Create,ConfigMap,false
6.942368904,Regular,8,Update,Deployment,false
6.96297611,Regular,6,Delete,ConfigMap,false
6.9829095930000005,Regular,5,Delete,Deployment,false
6.022810973,Regular,7,Create,ConfigMap,false
6.04246626,Regular,5,Update,Deployment,false
6.062617635,Regular,7,Delete,ConfigMap,false
6.082294714,Regular,5,Delete,Deployment,false
6.103005485,Regular,7,Create,Deployment,false
6.122613894,Regular,7,Create,ConfigMap,false
6.142179833,Regular,9,Update,Deployment,false
6.162950709,Regular,7,Delete,ConfigMap,false
6.182228373,Regular,4,Delete,Deployment,false
6.20233859,Regular,8,Create,Deployment,false
6.222252626,Regular,6,Create,ConfigMap,false
6.242806041,Regular,6,Update,Deployment,false
6.263010255,Regular,4,Delete,ConfigMap,false
6.282819103,Regular,4,Delete,Deployment,false
6.302951662,Regular,8,Create,Deployment,false
6.322297996,Regular,8,Create,ConfigMap,false
6.342741082,Regular,7,Update,Deployment,false
6.362227741,Regular,5,Delete,ConfigMap,false
6.383049052,Regular,9,Delete,Deployment,false
6.402431634,Regular,9,Create,Deployment,false
6.423128459,Regular,7,Create,ConfigMap,false
6.442434517,Regular,7,Update,Deployment,false
6.463695128,Regular,7,Delete,ConfigMap,false
6.482284772,Regular,8,Delete,Deployment,false
6.502917827,Regular,5,Create,Deployment,false
6.522778673,Regular,7,Create,ConfigMap,false
6.542325936,Regular,8,Update,Deployment,false
6.562769804,Regular,4,Delete,ConfigMap,false
6.582204715,Regular,5,Delete,Deployment,false
6.602287891,Regular,8,Create,Deployment,false
6.6228065,Regular,7,Create,ConfigMap,false
6.642344355,Regular,8,Update,Deployment,false
6.663186135,Regular,6,Delete,ConfigMap,false
6.683160845,Regular,5,Delete,Deployment,false
6.7030772469999995,Regular,7,Create,Deployment,false
6.722311879,Regular,7,Create,ConfigMap,false
6.743022921,Regular,6,Update,Deployment,false
6.762204073,Regular,8,Delete,ConfigMap,false
6.782370366,Regular,6,Delete,Deployment,false
6.802981911,Regular,9,Create,Deployment,false
6.823173171,Regular,6,Create,ConfigMap,false
6.842271927,Regular,8,Update,Deployment,false
6.8627613499999995,Regular,5,Delete,ConfigMap,false
6.883028634,Regular,6,Delete,Deployment,false
6.902530782,Regular,7,Create,Deployment,false
6.922785593,Regular,4,Create,ConfigMap,false
6.942363584,Regular,6,Update,Deployment,false
6.963253775,Regular,5,Delete,ConfigMap,false
6.983173402,Regular,4,Delete,Deployment,false
6.002836252,Regular,6,Create,Deployment,false
6.023144242,Regular,7,Create,ConfigMap,false
6.042497158,Regular,6,Update,Deployment,false
6.062502959,Regular,7,Delete,ConfigMap,false
6.082189064,Regular,5,Delete,Deployment,false
6.10338923,Regular,7,Create,Deployment,false
6.122400281,Regular,7,Create,ConfigMap,false
6.142281365,Regular,10,Update,Deployment,false
6.163158752,Regular,6,Delete,ConfigMap,false
6.182156056,Regular,4,Delete,Deployment,false
6.202250693,Regular,7,Create,Deployment,false
6.222306187,Regular,6,Create,ConfigMap,false
6.242806832,Regular,6,Update,Deployment,false
6.26303917,Regular,5,Delete,ConfigMap,false
6.282983955,Regular,4,Delete,Deployment,false
6.302738189,Regular,7,Create,Deployment,false
6.322185634,Regular,8,Create,ConfigMap,false
6.342670328,Regular,7,Update,Deployment,false
6.362178338,Regular,5,Delete,ConfigMap,false
6.383150523,Regular,8,Delete,Deployment,false
6.40244008,Regular,9,Create,Deployment,false
6.422974208,Regular,6,Create,ConfigMap,false
6.442350649,Regular,6,Update,Deployment,false
6.463209831,Regular,8,Delete,ConfigMap,false
6.482583907,Regular,7,Delete,Deployment,false
6.5029882,Regular,7,Create,Deployment,false
6.522727196,Regular,8,Create,ConfigMap,false
6.542270752,Regular,8,Update,Deployment,false
6.562681807,Regular,6,Delete,ConfigMap,false
6.582459076,Regular,4,Delete,Deployment,false
6.602606473,Regular,8,Create,Deployment,false
6.622662357,Regular,5,Create,ConfigMap,false
6.642333575,Regular,8,Update,Deployment,false
6.663366315,Regular,5,Delete,ConfigMap,false
6.6831051200000005,Regular,6,Delete,Deployment,false
6.70293637,Regular,7,Create,Deployment,false
6.722250413,Regular,7,Create,ConfigMap,false
6.742993396,Regular,6,Update,Deployment,false
6.762389554,Regular,5,Delete,ConfigMap,false
6.782516312,Regular,7,Delete,Deployment,false
6.8025926850000005,Regular,10,Create,Deployment,false
6.823117475,Regular,7,Create,ConfigMap,false
6.842195572,Regular,6,Update,Deployment,false
6.862820693,Regular,5,Delete,ConfigMap,false
6.882981956,Regular,5,Delete,Deployment,false
6.902748784,Regular,7,Create,Deployment,false
6.922820849,Regular,6,Create,ConfigMap,false
6.942303471,Regular,8,Update,Deployment,false
6.962953047,Regular,6,Delete,ConfigMap,false
6.98299222,Regular,4,Delete,Deployment,false
6.002761861,Regular,5,Create,Deployment,false
6.02303181,Regular,6,Create,ConfigMap,false
6.042402099,Regular,6,Update,Deployment,false
6.062220174,Regular,7,Delete,ConfigMap,false
6.082221035,Regular,6,Delete,Deployment,false
6.103212857,Regular,7,Create,Deployment,false
6.122549753,Regular,7,Create,ConfigMap,false
6.142298157,Regular,10,Update,Deployment,false
6.163264562,Regular,6,Delete,ConfigMap,false
6.182194418,Regular,4,Delete,Deployment,false
6.20231259,Regular,8,Create,Deployment,false
6.222427937,Regular,5,Create,ConfigMap,false
6.242750275,Regular,6,Update,Deployment,false
6.26304981,Regular,5,Delete,ConfigMap,false
6.283003792,Regular,5,Delete,Deployment,false
6.302956912,Regular,6,Create,Deployment,false
6.322330117,Regular,7,Create,ConfigMap,false
6.342922775,Regular,7,Update,Deployment,false
6.362210198,Regular,4,Delete,ConfigMap,false
6.382972297,Regular,4,Delete,Deployment,false
6.402431975,Regular,7,Create,Deployment,false
6.422844693,Regular,7,Create,ConfigMap,false
6.442332514,Regular,7,Update,Deployment,false
6.4633047,Regular,8,Delete,ConfigMap,false
6.482236541,Regular,8,Delete,Deployment,false
6.502933937,Regular,7,Create,Deployment,false
6.522530634,Regular,8,Create,ConfigMap,false
6.5423446720000005,Regular,8,Update,Deployment,false
6.5626600459999995,Regular,5,Delete,ConfigMap,false
6.582352705,Regular,6,Delete,Deployment,false
6.602625799,Regular,8,Create,Deployment,false
6.622591052,Regular,7,Create,ConfigMap,false
6.642347511,Regular,6,Update,Deployment,false
6.663233985,Regular,6,Delete,ConfigMap,false
6.683312823,Regular,5,Delete,Deployment,false
6.702893199,Regular,7,Create,Deployment,false
6.722226889,Regular,5,Create,ConfigMap,false
6.743072084,Regular,6,Update,Deployment,false
6.762306226,Regular,6,Delete,ConfigMap,false
6.782824484,Regular,5,Delete,Deployment,false
6.803020714,Regular,9,Create,Deployment,false
6.823423253,Regular,7,Create,ConfigMap,false
6.842122584,Regular,7,Update,Deployment,false
6.862986606,Regular,5,Delete,ConfigMap,false
6.882882468,Regular,5,Delete,Deployment,false
6.902664345,Regular,7,Create,Deployment,false
6.922801833,Regular,6,Create,ConfigMap,false
6.942434799,Regular,7,Update,Deployment,false
6.963040131,Regular,6,Delete,ConfigMap,false
6.982964377,Regular,5,Delete,Deployment,false
6.002588814,Regular,6,Create,Deployment,false
6.022768583,Regular,5,Create,ConfigMap,false
6.042330734,Regular,5,Update,Deployment,false
6.062384465,Regular,4,Delete,ConfigMap,false
6.082331012,Regular,5,Delete,Deployment,false
6.103243926,Regular,7,Create,Deployment,false
6.122454814,Regular,7,Create,ConfigMap,false
6.142399178,Regular,10,Update,Deployment,false
6.162926904,Regular,6,Delete,ConfigMap,false
6.182241067,Regular,4,Delete,Deployment,false
6.202402931,Regular,8,Create,Deployment,false
6.222181722,Regular,6,Create,ConfigMap,false
6.242930035,Regular,6,Update,Deployment,false
6.263120444,Regular,4,Delete,ConfigMap,false
6.282709967,Regular,5,Delete,Deployment,false
6.302764899,Regular,7,Create,Deployment,false
6.322391352,Regular,6,Create,ConfigMap,false
6.342700235,Regular,8,Update,Deployment,false
6.36236472,Regular,5,Delete,ConfigMap,false
6.383663162,Regular,8,Delete,Deployment,false
6.402283334,Regular,9,Create,Deployment,false
6.42299626,Regular,7,Create,ConfigMap,false
6.44216099,Regular,7,Update,Deployment,false
6.463430177,Regular,6,Delete,ConfigMap,false
6.482298929,Regular,8,Delete,Deployment,false
6.503035169,Regular,7,Create,Deployment,false
6.522543488,Regular,6,Create,ConfigMap,false
6.54234403,Regular,8,Update,Deployment,false
6.562385527,Regular,5,Delete,ConfigMap,false
6.582272513,Regular,5,Delete,Deployment,false
6.602271109,Regular,8,Create,Deployment,false
6.62251573,Regular,7,Create,ConfigMap,false
6.642308147,Regular,8,Update,Deployment,false
6.663424365,Regular,5,Delete,ConfigMap,false
6.682945238,Regular,6,Delete,Deployment,false
6.702876507,Regular,8,Create,Deployment,false
6.72212682,Regular,7,Create,ConfigMap,false
6.742888137,Regular,7,Update,Deployment,false
6.762306807,Regular,6,Delete,ConfigMap,false
6.782913402,Regular,5,Delete,Deployment,false
6.802772234,Regular,9,Create,Deployment,false
6.823122836,Regular,7,Create,ConfigMap,false
6.842361275,Regular,6,Update,Deployment,false
6.862783412,Regular,5,Delete,ConfigMap,false
6.882895152,Regular,6,Delete,Deployment,false
6.902576308,Regular,6,Create,Deployment,false
6.922935796,Regular,6,Create,ConfigMap,false
6.9424724300000005,Regular,7,Update,Deployment,false
6.963063636,Regular,6,Delete,ConfigMap,false
6.9828616629999996,Regular,5,Delete,Deployment,false
6.002801266,Regular,5,Create,Deployment,false
6.022906884,Regular,7,Create,ConfigMap,false
6.042427667,Regular,5,Update,Deployment,false
6.062640879,Regular,7,Delete,ConfigMap,false
6.082333136,Regular,5,Delete,Deployment,false
6.103331381,Regular,7,Create,Deployment,false
6.122607863,Regular,6,Create,ConfigMap,false
6.142285814,Regular,9,Update,Deployment,false
6.163185422,Regular,6,Delete,ConfigMap,false
6.182285,Regular,4,Delete,Deployment,false
6.202180862,Regular,8,Create,Deployment,false
6.222333629,Regular,5,Create,ConfigMap,false
6.242764632,Regular,6,Update,Deployment,false
6.263076721,Regular,3,Delete,ConfigMap,false
6.282648731,Regular,5,Delete,Deployment,false
6.302990065,Regular,7,Create,Deployment,false
6.322343332,Regular,7,Create,ConfigMap,false
6.342841582,Regular,7,Update,Deployment,false
6.362440132,Regular,4,Delete,ConfigMap,false
6.383152587,Regular,6,Delete,Deployment,false
6.402298021,Regular,10,Create,Deployment,false
6.423086711,Regular,7,Create,ConfigMap,false
6.442275016,Regular,9,Update,Deployment,false
6.463703784,Regular,7,Delete,ConfigMap,false
6.482585981,Regular,8,Delete,Deployment,false
6.502814171,Regular,7,Create,Deployment,false
6.52259198,Regular,8,Create,ConfigMap,false
6.542354991,Regular,8,Update,Deployment,false
6.562483543,Regular,5,Delete,ConfigMap,false
6.58232382,Regular,5,Delete,Deployment,false
6.602391106,Regular,8,Create,Deployment,false
6.622728141,Regular,5,Create,ConfigMap,false
6.642215732,Regular,7,Update,Deployment,false
6.6633175730000005,Regular,6,Delete,ConfigMap,false
6.683183819,Regular,5,Delete,Deployment,false
6.702910141,Regular,7,Create,Deployment,false
6.722221939,Regular,7,Create,ConfigMap,false
6.742865204,Regular,6,Update,Deployment,false
6.762349127,Regular,5,Delete,ConfigMap,false
6.7825688710000005,Regular,5,Delete,Deployment,false
6.802987331,Regular,9,Create,Deployment,false
6.82338433,Regular,7,Create,ConfigMap,false
6.842136401,Regular,6,Update,Deployment,false
6.862865688,Regular,5,Delete,ConfigMap,false
6.882871357,Regular,5,Delete,Deployment,false
6.902612998,Regular,7,Create,Deployment,false
6.92291118,Regular,5,Create,ConfigMap,false
6.942434288,Regular,7,Update,Deployment,false
6.962947156,Regular,6,Delete,ConfigMap,false
6.9829635450000005,Regular,5,Delete,Deployment,false
6.002799182,Regular,6,Create,Deployment,false
6.022963791,Regular,7,Create,ConfigMap,false
6.042311277,Regular,6,Update,Deployment,false
6.06256695,Regular,7,Delete,ConfigMap,false
6.082119202,Regular,6,Delete,Deployment,false
6.10291786,Regular,7,Create,Deployment,false
6.122213588,Regular,7,Create,ConfigMap,false
6.1422361,Regular,8,Update,Deployment,false
6.163252859,Regular,6,Delete,ConfigMap,false
6.182346666,Regular,6,Delete,Deployment,false
6.202221979,Regular,8,Create,Deployment,false
6.222309143,Regular,6,Create,ConfigMap,false
6.242831699,Regular,5,Update,Deployment,false
6.263184785,Regular,4,Delete,ConfigMap,false
6.282886851,Regular,5,Delete,Deployment,false
6.302822388,Regular,7,Create,Deployment,false
6.322330207,Regular,5,Create,ConfigMap,false
6.342714622,Regular,7,Update,Deployment,false
6.362276954,Regular,5,Delete,ConfigMap,false
6.383406617,Regular,8,Delete,Deployment,false
6.402320344,Regular,9,Create,Deployment,false
6.422904366,Regular,7,Create,ConfigMap,false
6.442328727,Regular,7,Update,Deployment,false
6.4632837,Regular,8,Delete,ConfigMap,false
6.482427922,Regular,8,Delete,Deployment,false
6.502672764,Regular,7,Create,Deployment,false
6.522786297,Regular,7,Create,ConfigMap,false
6.542385358,Regular,7,Update,Deployment,false
6.562404032,Regular,6,Delete,ConfigMap,false
6.582274336,Regular,4,Delete,Deployment,false
6.602365648,Regular,8,Create,Deployment,false
6.622712372,Regular,7,Create,ConfigMap,false
6.642304931,Regular,9,Update,Deployment,false
6.663459832,Regular,5,Delete,ConfigMap,false
6.682986747,Regular,6,Delete,Deployment,false
6.703159803,Regular,7,Create,Deployment,false
6.722264099,Regular,6,Create,ConfigMap,false
6.74293239,Regular,6,Update,Deployment,false
6.762242225,Regular,6,Delete,ConfigMap,false
6.782986851,Regular,5,Delete,Deployment,false
6.802570333,Regular,9,Create,Deployment,false
6.823355325,Regular,7,Create,ConfigMap,false
6.842274512,Regular,6,Update,Deployment,false
6.862855458,Regular,5,Delete,ConfigMap,false
6.882966306,Regular,6,Delete,Deployment,false
6.90256646,Regular,7,Create,Deployment,false
6.92299038,Regular,6,Create,ConfigMap,false
6.942290877,Regular,7,Update,Deployment,false
6.963119241,Regular,6,Delete,ConfigMap,false
6.983055599,Regular,5,Delete,Deployment,false
6.022868622,Regular,6,Create,ConfigMap,false
6.042364919,Regular,6,Update,Deployment,false
6.062454727,Regular,4,Delete,ConfigMap,false
6.08227708,Regular,5,Delete,Deployment,false
6.103230711,Regular,7,Create,Deployment,false
6.122651666,Regular,7,Create,ConfigMap,false
6.142142463,Regular,9,Update,Deployment,false
6.163153201,Regular,6,Delete,ConfigMap,false
6.182312201,Regular,5,Delete,Deployment,false
6.202453757,Regular,8,Create,Deployment,false
6.222299585,Regular,6,Create,ConfigMap,false
6.242686054,Regular,6,Update,Deployment,false
6.262994736,Regular,5,Delete,ConfigMap,false
6.282820015,Regular,5,Delete,Deployment,false
6.302857254,Regular,7,Create,Deployment,false
6.322366776,Regular,7,Create,ConfigMap,false
6.342794072,Regular,8,Update,Deployment,false
6.362194949,Regular,5,Delete,ConfigMap,false
6.383497709,Regular,8,Delete,Deployment,false
6.402262234,Regular,9,Create,Deployment,false
6.423004124,Regular,7,Create,ConfigMap,false
6.442239679,Regular,11,Update,Deployment,false
6.463090986,Regular,7,Delete,ConfigMap,false
6.482386524,Regular,8,Delete,Deployment,false
6.502925772,Regular,7,Create,Deployment,false
6.522738497,Regular,8,Create,ConfigMap,false
6.542187885,Regular,8,Update,Deployment,false
6.562553655,Regular,5,Delete,ConfigMap,false
6.582263666,Regular,4,Delete,Deployment,false
6.602324851,Regular,6,Create,Deployment,false
6.622622231,Regular,7,Create,ConfigMap,false
6.642181968,Regular,9,Update,Deployment,false
6.663215871,Regular,6,Delete,ConfigMap,false
6.68288269,Regular,6,Delete,Deployment,false
6.703159772,Regular,7,Create,Deployment,false
6.722282133,Regular,7,Create,ConfigMap,false
6.743007162,Regular,6,Update,Deployment,false
6.762259959,Regular,7,Delete,ConfigMap,false
6.782238106,Regular,5,Delete,Deployment,false
6.802667356,Regular,10,Create,Deployment,false
6.823438993,Regular,7,Create,ConfigMap,false
6.84239545,Regular,6,Update,Deployment,false
6.862800324,Regular,5,Delete,ConfigMap,false
6.88300547,Regular,4,Delete,Deployment,false
6.902547734,Regular,7,Create,Deployment,false
6.92272579,Regular,6,Create,ConfigMap,false
6.942464074,Regular,8,Update,Deployment,false
6.962990668,Regular,6,Delete,ConfigMap,false
6.98305085,Regular,5,Delete,Deployment,false
6.023150204,Regular,6,Create,ConfigMap,false
6.042493702,Regular,7,Update,Deployment,false
6.062455258,Regular,7,Delete,ConfigMap,false
6.082237466,Regular,5,Delete,Deployment,false
6.103140811,Regular,7,Create,Deployment,false
6.122401864,Regular,6,Create,ConfigMap,false
6.142340848,Regular,9,Update,Deployment,false
6.163037603,Regular,6,Delete,ConfigMap,false
6.182202824,Regular,3,Delete,Deployment,false
6.202326086,Regular,8,Create,Deployment,false
6.222364918,Regular,6,Create,ConfigMap,false
6.242804618,Regular,6,Update,Deployment,false
6.263106507,Regular,4,Delete,ConfigMap,false
6.282772545,Regular,5,Delete,Deployment,false
6.303018599,Regular,7,Create,Deployment,false
6.322219648,Regular,7,Create,ConfigMap,false
6.342858754,Regular,7,Update,Deployment,false
6.362336386,Regular,5,Delete,ConfigMap,false
6.382996112,Regular,8,Delete,Deployment,false
6.402249079,Regular,9,Create,Deployment,false
6.42291192,Regular,7,Create,ConfigMap,false
6.442322936,Regular,6,Update,Deployment,false
6.463420859,Regular,8,Delete,ConfigMap,false
6.482571974,Regular,8,Delete,Deployment,false
6.5027393,Regular,7,Create,Deployment,false
6.522623049,Regular,8,Create,ConfigMap,false
6.542222721,Regular,7,Update,Deployment,false
6.562594001,Regular,4,Delete,ConfigMap,false
6.582255962,Regular,6,Delete,Deployment,false
6.602581726,Regular,8,Create,Deployment,false
6.622662097,Regular,5,Create,ConfigMap,false
6.642305101,Regular,8,Update,Deployment,false
6.663585659,Regular,5,Delete,ConfigMap,false
6.683230908,Regular,5,Delete,Deployment,false
6.702849376,Regular,7,Create,Deployment,false
6.722152548,Regular,7,Create,ConfigMap,false
6.742920618,Regular,6,Update,Deployment,false
6.762385115,Regular,8,Delete,ConfigMap,false
6.782830165,Regular,5,Delete,Deployment,false
6.802820646,Regular,9,Create,Deployment,false
6.823508654,Regular,7,Create,ConfigMap,false
6.842228925,Regular,8,Update,Deployment,false
6.86296219,Regular,4,Delete,ConfigMap,false
6.882953122,Regular,7,Delete,Deployment,false
6.902446082,Regular,7,Create,Deployment,false
6.922878338,Regular,6,Create,ConfigMap,false
6.942422976,Regular,7,Update,Deployment,false
6.963000897,Regular,4,Delete,ConfigMap,false
6.982889235,Regular,5,Delete,Deployment,false
7.00287148,Regular,6,Create,Deployment,false
6.002740541,Regular,6,Create,Deployment,false
6.023141307,Regular,6,Create,ConfigMap,false
6.042440992,Regular,5,Update,Deployment,false
6.062580665,Regular,7,Delete,ConfigMap,false
6.082285697,Regular,5,Delete,Deployment,false
6.103409579,Regular,7,Create,Deployment,false
6.122527231,Regular,6,Create,ConfigMap,false
6.142305541,Regular,10,Update,Deployment,false
6.163308945,Regular,6,Delete,ConfigMap,false
6.18231166,Regular,4,Delete,Deployment,false
6.202273547,Regular,8,Create,Deployment,false
6.22241328,Regular,6,Create,ConfigMap,false
6.242714728,Regular,6,Update,Deployment,false
6.263083494,Regular,4,Delete,ConfigMap,false
6.28267977,Regular,6,Delete,Deployment,false
6.3030565,Regular,6,Create,Deployment,false
6.322274161,Regular,7,Create,ConfigMap,false
6.3428687329999995,Regular,6,Update,Deployment,false
6.362295128,Regular,4,Delete,ConfigMap,false
6.383240233,Regular,8,Delete,Deployment,false
6.402238239,Regular,6,Create,Deployment,false
6.423068115,Regular,7,Create,ConfigMap,false
6.442301496,Regular,6,Update,Deployment,false
6.463834571,Regular,7,Delete,ConfigMap,false
6.482549422,Regular,8,Delete,Deployment,false
6.50271854,Regular,7,Create,Deployment,false
6.5228617,Regular,7,Create,ConfigMap,false
6.5422567449999995,Regular,8,Update,Deployment,false
6.562450681,Regular,5,Delete,ConfigMap,false
6.5823237599999995,Regular,5,Delete,Deployment,false
6.60260509,Regular,8,Create,Deployment,false
6.622818122,Regular,7,Create,ConfigMap,false
6.642165347,Regular,8,Update,Deployment,false
6.663465082,Regular,5,Delete,ConfigMap,false
6.68311009,Regular,6,Delete,Deployment,false
6.70302634,Regular,6,Create,Deployment,false
6.722180601,Regular,7,Create,ConfigMap,false
6.742930126,Regular,6,Update,Deployment,false
6.762334459,Regular,6,Delete,ConfigMap,false
6.782600341,Regular,5,Delete,Deployment,false
6.80323046,Regular,9,Create,Deployment,false
6.823503495,Regular,6,Create,ConfigMap,false
6.842174082,Regular,7,Update,Deployment,false
6.862862271,Regular,5,Delete,ConfigMap,false
6.883018525,Regular,5,Delete,Deployment,false
6.902670186,Regular,7,Create,Deployment,false
6.9228204479999995,Regular,6,Create,ConfigMap,false
6.94251462,Regular,7,Update,Deployment,false
6.962910386,Regular,6,Delete,ConfigMap,false
6.983020904,Regular,5,Delete,Deployment,false
7.003137162,Regular,6,Create,Deployment,false
7.00286603,Regular,6,Create,Deployment,false
7.022363339,Regular,4,Create,ConfigMap,false
7.042789884,Regular,7,Update,Deployment,false
7.063308042,Regular,4,Delete,ConfigMap,false
7.082290989,Regular,5,Delete,Deployment,false
7.102633866,Regular,5,Create,Deployment,false
7.122998453,Regular,6,Create,ConfigMap,false
7.1426777359999996,Regular,9,Update,Deployment,false
7.162377528,Regular,5,Delete,ConfigMap,false
7.182948876,Regular,7,Delete,Deployment,false
7.202837404,Regular,7,Create,Deployment,false
7.223517168,Regular,7,Create,ConfigMap,false
7.242872699,Regular,7,Update,Deployment,false
7.262502789,Regular,5,Delete,ConfigMap,false
7.282936256,Regular,6,Delete,Deployment,false
7.302209973,Regular,8,Create,Deployment,false
7.322208419,Regular,6,Create,ConfigMap,false
7.342781731,Regular,7,Update,Deployment,false
7.363103248,Regular,5,Delete,ConfigMap,false
7.382292394,Regular,4,Delete,Deployment,false
7.402278336,Regular,6,Create,Deployment,false
7.422641201,Regular,6,Create,ConfigMap,false
7.442964721,Regular,9,Update,Deployment,false
7.462579151,Regular,4,Delete,ConfigMap,false
7.48275357,Regular,5,Delete,Deployment,false
7.502917007,Regular,6,Create,Deployment,false
7.522271717,Regular,12,Create,ConfigMap,false
7.543084261,Regular,10,Update,Deployment,false
7.562932353,Regular,5,Delete,ConfigMap,false
7.5822544910000005,Regular,7,Delete,Deployment,false
7.602948451,Regular,10,Create,Deployment,false
7.623676295,Regular,11,Create,ConfigMap,false
7.643105325,Regular,12,Update,Deployment,false
7.662837187,Regular,7,Delete,ConfigMap,false
7.6823472,Regular,5,Delete,Deployment,false
7.702779055,Regular,7,Create,Deployment,false
7.723119577,Regular,9,Create,ConfigMap,false
7.743094469,Regular,7,Update,Deployment,false
7.762299476,Regular,5,Delete,ConfigMap,false
7.782838443,Regular,5,Delete,Deployment,false
7.80227662,Regular,7,Create,Deployment,false
7.823103341,Regular,6,Create,ConfigMap,false
7.842846554,Regular,6,Update,Deployment,false
7.862257711,Regular,5,Delete,ConfigMap,false
7.882645963,Regular,5,Delete,Deployment,false
7.902550151,Regular,6,Create,Deployment,false
7.922287564,Regular,6,Create,ConfigMap,false
7.942359449,Regular,8,Update,Deployment,false
7.96267295,Regular,6,Delete,ConfigMap,false
7.982266931,Regular,6,Delete,Deployment,false
7.003242742,Regular,6,Create,Deployment,false
7.022385261,Regular,6,Create,ConfigMap,false
7.042960526,Regular,7,Update,Deployment,false
7.063279478,Regular,5,Delete,ConfigMap,false
7.082410565,Regular,6,Delete,Deployment,false
7.1025411,Regular,8,Create,Deployment,false
7.122976181,Regular,7,Create,ConfigMap,false
7.142585081,Regular,8,Update,Deployment,false
7.1623046,Regular,6,Delete,ConfigMap,false
7.182937515,Regular,6,Delete,Deployment,false
7.203039797,Regular,7,Create,Deployment,false
7.223557594,Regular,5,Create,ConfigMap,false
7.242964312,Regular,8,Update,Deployment,false
7.262219253,Regular,5,Delete,ConfigMap,false
7.282815909,Regular,8,Delete,Deployment,false
7.302112118,Regular,6,Create,Deployment,false
7.322319569,Regular,5,Create,ConfigMap,false
7.342932807,Regular,7,Update,Deployment,false
7.362999652,Regular,4,Delete,ConfigMap,false
7.382365873,Regular,4,Delete,Deployment,false
7.402372755,Regular,6,Create,Deployment,false
7.422732513,Regular,6,Create,ConfigMap,false
7.442745347,Regular,10,Update,Deployment,false
7.46252008,Regular,4,Delete,ConfigMap,false
7.482557118,Regular,5,Delete,Deployment,false
7.502708343,Regular,7,Create,Deployment,false
7.522163663,Regular,13,Create,ConfigMap,false
7.543155445,Regular,9,Update,Deployment,false
7.562974442,Regular,5,Delete,ConfigMap,false
7.582305097,Regular,8,Delete,Deployment,false
7.602724468,Regular,13,Create,Deployment,false
7.622728083,Regular,11,Create,ConfigMap,false
7.643284444,Regular,12,Update,Deployment,false
7.662877073,Regular,7,Delete,ConfigMap,false
7.682343153,Regular,5,Delete,Deployment,false
7.702656043,Regular,7,Create,Deployment,false
7.723309536,Regular,9,Create,ConfigMap,false
7.743094479,Regular,7,Update,Deployment,false
7.762393854,Regular,5,Delete,ConfigMap,false
7.782829866,Regular,5,Delete,Deployment,false
7.802502176,Regular,6,Create,Deployment,false
7.823137776,Regular,5,Create,ConfigMap,false
7.842753939,Regular,7,Update,Deployment,false
7.862423253,Regular,5,Delete,ConfigMap,false
7.882509756,Regular,5,Delete,Deployment,false
7.902469669,Regular,6,Create,Deployment,false
7.92228576,Regular,6,Create,ConfigMap,false
7.942404965,Regular,8,Update,Deployment,false
7.962736911,Regular,6,Delete,ConfigMap,false
7.982175799,Regular,6,Delete,Deployment,false
7.00293981,Regular,6,Create,Deployment,false
7.022373498,Regular,6,Create,ConfigMap,false
7.0428675,Regular,7,Update,Deployment,false
7.063267295,Regular,5,Delete,ConfigMap,false
7.082441403,Regular,6,Delete,Deployment,false
7.102759834,Regular,7,Create,Deployment,false
7.12298632,Regular,6,Create,ConfigMap,false
7.142650224,Regular,8,Update,Deployment,false
7.162416842,Regular,5,Delete,ConfigMap,false
7.18321577,Regular,6,Delete,Deployment,false
7.202806736,Regular,7,Create,Deployment,false
7.223191683,Regular,7,Create,ConfigMap,false
7.243072085,Regular,8,Update,Deployment,false
7.262283785,Regular,6,Delete,ConfigMap,false
7.283231084,Regular,6,Delete,Deployment,false
7.302403308,Regular,9,Create,Deployment,false
7.322448142,Regular,6,Create,ConfigMap,false
7.34288185,Regular,6,Update,Deployment,false
7.362953164,Regular,5,Delete,ConfigMap,false
7.382372385,Regular,5,Delete,Deployment,false
7.402217191,Regular,6,Create,Deployment,false
7.422614821,Regular,6,Create,ConfigMap,false
7.442712124,Regular,8,Update,Deployment,false
7.462349838,Regular,4,Delete,ConfigMap,false
7.482527222,Regular,5,Delete,Deployment,false
7.502681943,Regular,7,Create,Deployment,false
7.5222522000000005,Regular,14,Create,ConfigMap,false
7.54315233,Regular,9,Update,Deployment,false
7.562785986,Regular,5,Delete,ConfigMap,false
7.582341926,Regular,7,Delete,Deployment,false
7.603198684,Regular,11,Create,Deployment,false
7.62288002,Regular,11,Create,ConfigMap,false
7.643468381,Regular,12,Update,Deployment,false
7.662937116,Regular,7,Delete,ConfigMap,false
7.682344024,Regular,5,Delete,Deployment,false
7.703045819,Regular,7,Create,Deployment,false
7.722865457,Regular,8,Create,ConfigMap,false
7.742949896,Regular,7,Update,Deployment,false
7.762280991,Regular,6,Delete,ConfigMap,false
7.782958419,Regular,5,Delete,Deployment,false
7.802247966,Regular,7,Create,Deployment,false
7.823162182,Regular,6,Create,ConfigMap,false
7.842964608,Regular,7,Update,Deployment,false
7.862313777,Regular,5,Delete,ConfigMap,false
7.882565391,Regular,5,Delete,Deployment,false
7.90248581,Regular,6,Create,Deployment,false
7.922224344,Regular,6,Create,ConfigMap,false
7.942485948,Regular,8,Update,Deployment,false
7.962584713,Regular,6,Delete,ConfigMap,false
7.982390976,Regular,6,Delete,Deployment,false
7.003251679,Regular,4,Create,Deployment,false
7.022262398,Regular,6,Create,ConfigMap,false
7.042754868,Regular,8,Update,Deployment,false
7.0631273,Regular,4,Delete,ConfigMap,false
7.082438277,Regular,6,Delete,Deployment,false
7.1028058,Regular,7,Create,Deployment,false
7.123116797,Regular,6,Create,ConfigMap,false
7.142389051,Regular,9,Update,Deployment,false
7.162189933,Regular,6,Delete,ConfigMap,false
7.182785698,Regular,7,Delete,Deployment,false
7.202900273,Regular,7,Create,Deployment,false
7.223122742,Regular,6,Create,ConfigMap,false
7.243003396,Regular,9,Update,Deployment,false
7.262114285,Regular,4,Delete,ConfigMap,false
7.2829175809999995,Regular,7,Delete,Deployment,false
7.302403659,Regular,8,Create,Deployment,false
7.322249777,Regular,6,Create,ConfigMap,false
7.342903962,Regular,7,Update,Deployment,false
7.363192256,Regular,5,Delete,ConfigMap,false
7.382411489,Regular,4,Delete,Deployment,false
7.402142951,Regular,6,Create,Deployment,false
7.42272006,Regular,6,Create,ConfigMap,false
7.442750025,Regular,9,Update,Deployment,false
7.462436923,Regular,5,Delete,ConfigMap,false
7.482567107,Regular,4,Delete,Deployment,false
7.502720776,Regular,5,Create,Deployment,false
7.522242893,Regular,14,Create,ConfigMap,false
7.543136389,Regular,8,Update,Deployment,false
7.563006924,Regular,5,Delete,ConfigMap,false
7.582325335,Regular,7,Delete,Deployment,false
7.603036898,Regular,11,Create,Deployment,false
7.623101579,Regular,12,Create,ConfigMap,false
7.643022599,Regular,12,Update,Deployment,false
7.662804836,Regular,7,Delete,ConfigMap,false
7.68221973,Regular,5,Delete,Deployment,false
7.703121963,Regular,7,Create,Deployment,false
7.723366274,Regular,9,Create,ConfigMap,false
7.743213935,Regular,6,Update,Deployment,false
7.762528608,Regular,4,Delete,ConfigMap,false
7.782853661,Regular,5,Delete,Deployment,false
7.80239799,Regular,8,Create,Deployment,false
7.82306055,Regular,5,Create,ConfigMap,false
7.84273852,Regular,5,Update,Deployment,false
7.862305,Regular,4,Delete,ConfigMap,false
7.882682422,Regular,5,Delete,Deployment,false
7.902673875,Regular,6,Create,Deployment,false
7.922178327,Regular,6,Create,ConfigMap,false
7.942455891,Regular,8,Update,Deployment,false
7.962602206,Regular,6,Delete,ConfigMap,false
7.982335551,Regular,6,Delete,Deployment,false
7.003026153,Regular,5,Create,Deployment,false
7.0224695,Regular,6,Create,ConfigMap,false
7.042861409,Regular,7,Update,Deployment,false
7.06319092,Regular,5,Delete,ConfigMap,false
7.082362194,Regular,6,Delete,Deployment,false
7.102651519,Regular,7,Create,Deployment,false
7.123069798,Regular,6,Create,ConfigMap,false
7.142675362,Regular,9,Update,Deployment,false
7.162189472,Regular,6,Delete,ConfigMap,false
7.182856622,Regular,6,Delete,Deployment,false
7.202646153,Regular,8,Create,Deployment,false
7.2234287,Regular,7,Create,ConfigMap,false
7.242886936,Regular,7,Update,Deployment,false
7.262140254,Regular,6,Delete,ConfigMap,false
7.282750065,Regular,8,Delete,Deployment,false
7.302217578,Regular,9,Create,Deployment,false
7.322249687,Regular,7,Create,ConfigMap,false
7.342833509,Regular,7,Update,Deployment,false
7.3633173020000005,Regular,5,Delete,ConfigMap,false
7.382313594,Regular,6,Delete,Deployment,false
7.402138713,Regular,6,Create,Deployment,false
7.422657802,Regular,6,Create,ConfigMap,false
7.44298529,Regular,9,Update,Deployment,false
7.462315493,Regular,4,Delete,ConfigMap,false
7.48272194,Regular,5,Delete,Deployment,false
7.502847596,Regular,7,Create,Deployment,false
7.522179513,Regular,14,Create,ConfigMap,false
7.5430207209999995,Regular,10,Update,Deployment,false
7.562768864,Regular,4,Delete,ConfigMap,false
7.582189228,Regular,7,Delete,Deployment,false
7.602752982,Regular,12,Create,Deployment,false
7.6236176140000005,Regular,10,Create,ConfigMap,false
7.643069898,Regular,12,Update,Deployment,false
7.66306592,Regular,7,Delete,ConfigMap,false
7.682429436,Regular,5,Delete,Deployment,false
7.702695878,Regular,7,Create,Deployment,false
7.723145426,Regular,7,Create,ConfigMap,false
7.743072437,Regular,7,Update,Deployment,false
7.76225426,Regular,5,Delete,ConfigMap,false
7.783031047,Regular,5,Delete,Deployment,false
7.802473492,Regular,7,Create,Deployment,false
7.823247293,Regular,5,Create,ConfigMap,false
7.842864248,Regular,7,Update,Deployment,false
7.862225219,Regular,5,Delete,ConfigMap,false
7.882714884,Regular,4,Delete,Deployment,false
7.902500477,Regular,6,Create,Deployment,false
7.922124906,Regular,6,Create,ConfigMap,false
7.942404774,Regular,8,Update,Deployment,false
7.962747671,Regular,6,Delete,ConfigMap,false
7.982207359,Regular,6,Delete,Deployment,false
7.003202316,Regular,6,Create,Deployment,false
7.022319146,Regular,6,Create,ConfigMap,false
7.042743927,Regular,8,Update,Deployment,false
7.063225997,Regular,5,Delete,ConfigMap,false
7.082409683,Regular,6,Delete,Deployment,false
7.10271021,Regular,7,Create,Deployment,false
7.123026276,Regular,6,Create,ConfigMap,false
7.142748941,Regular,9,Update,Deployment,false
7.162372889,Regular,5,Delete,ConfigMap,false
7.1830030990000004,Regular,7,Delete,Deployment,false
7.202706727,Regular,7,Create,Deployment,false
7.223251315,Regular,7,Create,ConfigMap,false
7.242935467,Regular,8,Update,Deployment,false
7.262348838,Regular,5,Delete,ConfigMap,false
7.283080659,Regular,7,Delete,Deployment,false
7.302163425,Regular,8,Create,Deployment,false
7.322261169,Regular,7,Create,ConfigMap,false
7.342767845,Regular,7,Update,Deployment,false
7.363394648,Regular,5,Delete,ConfigMap,false
7.382235266,Regular,4,Delete,Deployment,false
7.402166044,Regular,7,Create,Deployment,false
7.422793899,Regular,6,Create,ConfigMap,false
7.442883137,Regular,6,Update,Deployment,false
7.462439057,Regular,5,Delete,ConfigMap,false
7.482765452,Regular,5,Delete,Deployment,false
7.502694557,Regular,7,Create,Deployment,false
7.522253453,Regular,14,Create,ConfigMap,false
7.543002717,Regular,9,Update,Deployment,false
7.562842513,Regular,5,Delete,ConfigMap,false
7.5822348040000005,Regular,8,Delete,Deployment,false
7.602845206,Regular,12,Create,Deployment,false
7.623353174,Regular,10,Create,ConfigMap,false
7.643238096,Regular,12,Update,Deployment,false
7.663007239,Regular,7,Delete,ConfigMap,false
7.682403236,Regular,5,Delete,Deployment,false
7.702779155,Regular,7,Create,Deployment,false
7.723209046,Regular,9,Create,ConfigMap,false
7.743011462,Regular,7,Update,Deployment,false
7.762171303,Regular,6,Delete,ConfigMap,false
7.78299577,Regular,5,Delete,Deployment,false
7.802306086,Regular,6,Create,Deployment,false
7.823114732,Regular,6,Create,ConfigMap,false
7.8428469750000005,Regular,7,Update,Deployment,false
7.862306844,Regular,5,Delete,ConfigMap,false
7.882621798,Regular,5,Delete,Deployment,false
7.902590207,Regular,6,Create,Deployment,false
7.922164551,Regular,6,Create,ConfigMap,false
7.942486439,Regular,8,Update,Deployment,false
7.962887886,Regular,5,Delete,ConfigMap,false
7.982309572,Regular,6,Delete,Deployment,false
7.022319035,Regular,4,Create,ConfigMap,false
7.042828096,Regular,7,Update,Deployment,false
7.063377844,Regular,5,Delete,ConfigMap,false
7.082309634,Regular,5,Delete,Deployment,false
7.102583541,Regular,8,Create,Deployment,false
7.123293541,Regular,5,Create,ConfigMap,false
7.142487747,Regular,9,Update,Deployment,false
7.162386575,Regular,4,Delete,ConfigMap,false
7.182768395,Regular,5,Delete,Deployment,false
7.202616487,Regular,7,Create,Deployment,false
7.223149563,Regular,7,Create,ConfigMap,false
7.242825039,Regular,8,Update,Deployment,false
7.262237407,Regular,5,Delete,ConfigMap,false
7.282717703,Regular,8,Delete,Deployment,false
7.302145862,Regular,9,Create,Deployment,false
7.322191978,Regular,6,Create,ConfigMap,false
7.342803662,Regular,6,Update,Deployment,false
7.362958835,Regular,5,Delete,ConfigMap,false
7.382208225,Regular,4,Delete,Deployment,false
7.402261404,Regular,6,Create,Deployment,false
7.422702266,Regular,6,Create,ConfigMap,false
7.442922792,Regular,10,Update,Deployment,false
7.462431462,Regular,5,Delete,ConfigMap,false
7.482720587,Regular,5,Delete,Deployment,false
7.502730545,Regular,7,Create,Deployment,false
7.5224159,Regular,14,Create,ConfigMap,false
7.542915151,Regular,9,Update,Deployment,false
7.562731533,Regular,5,Delete,ConfigMap,false
7.582308353,Regular,7,Delete,Deployment,false
7.603018463,Regular,12,Create,Deployment,false
7.623550647,Regular,10,Create,ConfigMap,false
7.643137316,Regular,12,Update,Deployment,false
7.663239628,Regular,7,Delete,ConfigMap,false
7.682438222,Regular,5,Delete,Deployment,false
7.7029051630000005,Regular,8,Create,Deployment,false
7.723199488,Regular,7,Create,ConfigMap,false
7.743034726,Regular,6,Update,Deployment,false
7.762148731,Regular,6,Delete,ConfigMap,false
7.783049461,Regular,5,Delete,Deployment,false
7.802319772,Regular,8,Create,Deployment,false
7.823288551,Regular,6,Create,ConfigMap,false
7.842700248,Regular,6,Update,Deployment,false
7.862186646,Regular,5,Delete,ConfigMap,false
7.882699945,Regular,5,Delete,Deployment,false
7.902536155,Regular,6,Create,Deployment,false
7.922314264,Regular,6,Create,ConfigMap,false
7.942390076,Regular,8,Update,Deployment,false
7.962984839,Regular,5,Delete,ConfigMap,false
7.982334409,Regular,6,Delete,Deployment,false
7.002949828,Regular,6,Create,Deployment,false
7.022311681,Regular,5,Create,ConfigMap,false
7.042798811,Regular,7,Update,Deployment,false
7.063264229,Regular,5,Delete,ConfigMap,false
7.082385117,Regular,5,Delete,Deployment,false
7.102797334,Regular,7,Create,Deployment,false
7.123038329,Regular,7,Create,ConfigMap,false
7.142702783,Regular,9,Update,Deployment,false
7.162396173,Regular,5,Delete,ConfigMap,false
7.183074844,Regular,6,Delete,Deployment,false
7.202744328,Regular,7,Create,Deployment,false
7.223351715,Regular,7,Create,ConfigMap,false
7.242866237,Regular,7,Update,Deployment,false
7.262292842,Regular,5,Delete,ConfigMap,false
7.282995228,Regular,7,Delete,Deployment,false
7.30221905,Regular,9,Create,Deployment,false
7.322230581,Regular,6,Create,ConfigMap,false
7.342751674,Regular,6,Update,Deployment,false
7.363034718,Regular,5,Delete,ConfigMap,false
7.382275963,Regular,6,Delete,Deployment,false
7.402300067,Regular,6,Create,Deployment,false
7.422749075,Regular,6,Create,ConfigMap,false
7.442656389,Regular,10,Update,Deployment,false
7.462524448,Regular,4,Delete,ConfigMap,false
7.482709396,Regular,5,Delete,Deployment,false
7.5029557,Regular,6,Create,Deployment,false
7.522366957,Regular,12,Create,ConfigMap,false
7.542974514,Regular,9,Update,Deployment,false
7.562786537,Regular,6,Delete,ConfigMap,false
7.582274198,Regular,8,Delete,Deployment,false
7.603255321,Regular,11,Create,Deployment,false
7.623538755,Regular,11,Create,ConfigMap,false
7.6432167159999995,Regular,12,Update,Deployment,false
7.663007249,Regular,7,Delete,ConfigMap,false
7.6823839,Regular,5,Delete,Deployment,false
7.703113307,Regular,7,Create,Deployment,false
7.7231316,Regular,7,Create,ConfigMap,false
7.743189979,Regular,7,Update,Deployment,false
7.762223191,Regular,5,Delete,ConfigMap,false
7.78279982,Regular,5,Delete,Deployment,false
7.802369385,Regular,8,Create,Deployment,false
7.823258534,Regular,6,Create,ConfigMap,false
7.842863476,Regular,7,Update,Deployment,false
7.86220964,Regular,5,Delete,ConfigMap,false
7.88269693,Regular,5,Delete,Deployment,false
7.902562474,Regular,6,Create,Deployment,false
7.922418691,Regular,4,Create,ConfigMap,false
7.942312119,Regular,8,Update,Deployment,false
7.963005768,Regular,5,Delete,ConfigMap,false
7.982376829,Regular,6,Delete,Deployment,false
7.02232141,Regular,6,Create,ConfigMap,false
7.042852732,Regular,6,Update,Deployment,false
7.063206179,Regular,5,Delete,ConfigMap,false
7.082495756,Regular,5,Delete,Deployment,false
7.102669723,Regular,7,Create,Deployment,false
7.123055742,Regular,6,Create,ConfigMap,false
7.142762586,Regular,9,Update,Deployment,false
7.162222745,Regular,5,Delete,ConfigMap,false
7.183135238,Regular,6,Delete,Deployment,false
7.202625364,Regular,7,Create,Deployment,false
7.223231227,Regular,5,Create,ConfigMap,false
7.242903577,Regular,8,Update,Deployment,false
7.262302911,Regular,6,Delete,ConfigMap,false
7.282859592,Regular,7,Delete,Deployment,false
7.30217663,Regular,9,Create,Deployment,false
7.322318247,Regular,6,Create,ConfigMap,false
7.34281826,Regular,7,Update,Deployment,false
7.363174572,Regular,5,Delete,ConfigMap,false
7.382252018,Regular,4,Delete,Deployment,false
7.402231247,Regular,6,Create,Deployment,false
7.42278351,Regular,6,Create,ConfigMap,false
7.442926319,Regular,9,Update,Deployment,false
7.462525911,Regular,5,Delete,ConfigMap,false
7.482779559,Regular,5,Delete,Deployment,false
7.502948727,Regular,6,Create,Deployment,false
7.522255777,Regular,14,Create,ConfigMap,false
7.542987588,Regular,9,Update,Deployment,false
7.562896886,Regular,5,Delete,ConfigMap,false
7.58222237,Regular,8,Delete,Deployment,false
7.60278357,Regular,11,Create,Deployment,false
7.623473892,Regular,11,Create,ConfigMap,false
7.643296015,Regular,12,Update,Deployment,false
7.663069266,Regular,7,Delete,ConfigMap,false
7.682376666,Regular,5,Delete,Deployment,false
7.703143674,Regular,8,Create,Deployment,false
7.72326916,Regular,8,Create,ConfigMap,false
7.742922764,Regular,8,Update,Deployment,false
7.762163769,Regular,6,Delete,ConfigMap,false
7.782923974,Regular,4,Delete,Deployment,false
7.802415543,Regular,8,Create,Deployment,false
7.823156561,Regular,5,Create,ConfigMap,false
7.84289706,Regular,7,Update,Deployment,false
7.862360395,Regular,5,Delete,ConfigMap,false
7.882692221,Regular,5,Delete,Deployment,false
7.902514343,Regular,6,Create,Deployment,false
7.922209496,Regular,6,Create,ConfigMap,false
7.942329612,Regular,8,Update,Deployment,false
7.962563703,Regular,4,Delete,ConfigMap,false
7.982337334,Regular,6,Delete,Deployment,false
8.002977262,Regular,10,Create,Deployment,false
7.003058103,Regular,6,Create,Deployment,false
7.022382525,Regular,6,Create,ConfigMap,false
7.04277747,Regular,8,Update,Deployment,false
7.0633122,Regular,5,Delete,ConfigMap,false
7.08245049,Regular,6,Delete,Deployment,false
7.102783629,Regular,7,Create,Deployment,false
7.123080258,Regular,7,Create,ConfigMap,false
7.142294231,Regular,5,Update,Deployment,false
7.162281587,Regular,5,Delete,ConfigMap,false
7.182904913,Regular,5,Delete,Deployment,false
7.202879714,Regular,7,Create,Deployment,false
7.223298134,Regular,7,Create,ConfigMap,false
7.242953171,Regular,7,Update,Deployment,false
7.262163207,Regular,5,Delete,ConfigMap,false
7.28273185,Regular,4,Delete,Deployment,false
7.302407446,Regular,8,Create,Deployment,false
7.322254346,Regular,7,Create,ConfigMap,false
7.34292946,Regular,7,Update,Deployment,false
7.363137192,Regular,5,Delete,ConfigMap,false
7.382410177,Regular,4,Delete,Deployment,false
7.402188477,Regular,6,Create,Deployment,false
7.422669865,Regular,6,Create,ConfigMap,false
7.44276807,Regular,10,Update,Deployment,false
7.462235061,Regular,4,Delete,ConfigMap,false
7.482613515,Regular,5,Delete,Deployment,false
7.502787272,Regular,7,Create,Deployment,false
7.522147953,Regular,14,Create,ConfigMap,false
7.542907317,Regular,9,Update,Deployment,false
7.5628752949999996,Regular,5,Delete,ConfigMap,false
7.582304526,Regular,7,Delete,Deployment,false
7.603374306,Regular,10,Create,Deployment,false
7.62294306,Regular,10,Create,ConfigMap,false
7.643215614,Regular,12,Update,Deployment,false
7.662921737,Regular,8,Delete,ConfigMap,false
7.682191747,Regular,5,Delete,Deployment,false
7.703057441,Regular,8,Create,Deployment,false
7.722857121,Regular,7,Create,ConfigMap,false
7.743155434,Regular,7,Update,Deployment,false
7.762117923,Regular,6,Delete,ConfigMap,false
7.78281568,Regular,5,Delete,Deployment,false
7.802462642,Regular,5,Create,Deployment,false
7.82317148,Regular,6,Create,ConfigMap,false
7.842777424,Regular,7,Update,Deployment,false
7.862243003,Regular,5,Delete,ConfigMap,false
7.882611128,Regular,4,Delete,Deployment,false
7.902572593,Regular,6,Create,Deployment,false
7.922138202,Regular,6,Create,ConfigMap,false
7.942441624,Regular,8,Update,Deployment,false
7.962691936,Regular,6,Delete,ConfigMap,false
7.982241954,Regular,6,Delete,Deployment,false
8.002619536,Regular,11,Create,Deployment,false
8.022171068,Regular,6,Create,ConfigMap,false
8.043163993,Regular,7,Update,Deployment,false
8.062276585,Regular,5,Delete,ConfigMap,false
8.082247889,Regular,13,Delete,Deployment,false
8.102198365,Regular,6,Create,Deployment,false
8.122726371,Regular,5,Create,ConfigMap,false
8.142328248,Regular,8,Update,Deployment,false
8.162898093999999,Regular,4,Delete,ConfigMap,false
8.183207868,Regular,7,Delete,Deployment,false
8.202506181,Regular,8,Create,Deployment,false
8.223080825,Regular,11,Create,ConfigMap,false
8.243025359,Regular,5,Update,Deployment,false
8.262384567,Regular,7,Delete,ConfigMap,false
8.283203834,Regular,5,Delete,Deployment,false
8.302796914,Regular,6,Create,Deployment,false
8.322826127999999,Regular,7,Create,ConfigMap,false
8.342297959,Regular,8,Update,Deployment,false
8.363152993,Regular,6,Delete,ConfigMap,false
8.382330047,Regular,5,Delete,Deployment,false
8.402641855,Regular,8,Create,Deployment,false
8.423323172,Regular,7,Create,ConfigMap,false
8.442200709,Regular,8,Update,Deployment,false
8.463113383,Regular,6,Delete,ConfigMap,false
8.482729106,Regular,5,Delete,Deployment,false
8.502887594,Regular,8,Create,Deployment,false
8.522184254,Regular,7,Create,ConfigMap,false
8.542542409,Regular,7,Update,Deployment,false
8.562884044,Regular,5,Delete,ConfigMap,false
8.582323413,Regular,5,Delete,Deployment,false
8.60295225,Regular,7,Create,Deployment,false
8.62289981,Regular,8,Create,ConfigMap,false
8.64224928,Regular,9,Update,Deployment,false
8.662275939,Regular,5,Delete,ConfigMap,false
8.682152454,Regular,5,Delete,Deployment,false
8.70232525,Regular,7,Create,Deployment,false
8.723185554,Regular,5,Create,ConfigMap,false
8.74305684,Regular,7,Update,Deployment,false
8.763118625,Regular,7,Delete,ConfigMap,false
8.782654187,Regular,6,Delete,Deployment,false
8.802478163,Regular,9,Create,Deployment,false
8.822954882,Regular,7,Create,ConfigMap,false
8.842207569,Regular,7,Update,Deployment,false
8.863677546,Regular,8,Delete,ConfigMap,false
8.883715927,Regular,9,Delete,Deployment,false
8.902713762,Regular,7,Create,Deployment,false
8.922520877,Regular,9,Create,ConfigMap,false
8.943142861,Regular,7,Update,Deployment,false
8.962255313,Regular,5,Delete,ConfigMap,false
8.982680294,Regular,4,Delete,Deployment,false
8.002750303,Regular,9,Create,Deployment,false
8.022171539,Regular,6,Create,ConfigMap,false
8.043171357,Regular,8,Update,Deployment,false
8.06227947,Regular,4,Delete,ConfigMap,false
8.08229053,Regular,7,Delete,Deployment,false
8.102358568,Regular,6,Create,Deployment,false
8.122737011,Regular,7,Create,ConfigMap,false
8.142297129,Regular,8,Update,Deployment,false
8.162760934,Regular,5,Delete,ConfigMap,false
8.182781211,Regular,5,Delete,Deployment,false
8.202175957,Regular,8,Create,Deployment,false
8.223357779,Regular,10,Create,ConfigMap,false
8.242941952,Regular,12,Update,Deployment,false
8.262356655,Regular,7,Delete,ConfigMap,false
8.283246625,Regular,5,Delete,Deployment,false
8.302694621,Regular,6,Create,Deployment,false
8.322689921,Regular,7,Create,ConfigMap,false
8.342315272,Regular,8,Update,Deployment,false
8.36333126,Regular,5,Delete,ConfigMap,false
8.382317053,Regular,5,Delete,Deployment,false
8.402651864,Regular,8,Create,Deployment,false
8.423215047,Regular,7,Create,ConfigMap,false
8.442409895,Regular,8,Update,Deployment,false
8.463358396,Regular,6,Delete,ConfigMap,false
8.482675124,Regular,5,Delete,Deployment,false
8.502813323,Regular,8,Create,Deployment,false
8.522279394,Regular,7,Create,ConfigMap,false
8.542659631,Regular,7,Update,Deployment,false
8.562859878,Regular,6,Delete,ConfigMap,false
8.582319796,Regular,5,Delete,Deployment,false
8.602965606,Regular,6,Create,Deployment,false
8.622637244,Regular,9,Create,ConfigMap,false
8.64236593,Regular,14,Update,Deployment,false
8.662269327,Regular,4,Delete,ConfigMap,false
8.682161121,Regular,5,Delete,Deployment,false
8.702428535,Regular,5,Create,Deployment,false
8.723160176,Regular,6,Create,ConfigMap,false
8.74326322,Regular,7,Update,Deployment,false
8.762980615,Regular,7,Delete,ConfigMap,false
8.783021851,Regular,7,Delete,Deployment,false
8.802552784,Regular,8,Create,Deployment,false
8.823173876,Regular,6,Create,ConfigMap,false
8.842393731,Regular,9,Update,Deployment,false
8.863736778,Regular,8,Delete,ConfigMap,false
8.88356951,Regular,9,Delete,Deployment,false
8.902501491,Regular,9,Create,Deployment,false
8.922325858,Regular,9,Create,ConfigMap,false
8.94303133,Regular,8,Update,Deployment,false
8.962496078000001,Regular,6,Delete,ConfigMap,false
8.982516906,Regular,5,Delete,Deployment,false
8.002935744,Regular,10,Create,Deployment,false
8.022329638,Regular,6,Create,ConfigMap,false
8.043447568,Regular,8,Update,Deployment,false
8.06227424,Regular,5,Delete,ConfigMap,false
8.082285881,Regular,12,Delete,Deployment,false
8.102178988,Regular,6,Create,Deployment,false
8.122853632,Regular,7,Create,ConfigMap,false
8.142319171,Regular,8,Update,Deployment,false
8.162779259,Regular,5,Delete,ConfigMap,false
8.182916257,Regular,8,Delete,Deployment,false
8.202329036,Regular,7,Create,Deployment,false
8.223280943,Regular,11,Create,ConfigMap,false
8.242980535,Regular,10,Update,Deployment,false
8.262303755,Regular,7,Delete,ConfigMap,false
8.283080461,Regular,6,Delete,Deployment,false
8.302725309,Regular,6,Create,Deployment,false
8.322762187,Regular,6,Create,ConfigMap,false
8.342210684,Regular,8,Update,Deployment,false
8.363426941,Regular,6,Delete,ConfigMap,false
8.382232814,Regular,5,Delete,Deployment,false
8.402776079,Regular,8,Create,Deployment,false
8.423466963,Regular,7,Create,ConfigMap,false
8.442209466,Regular,8,Update,Deployment,false
8.463665095,Regular,6,Delete,ConfigMap,false
8.482915448,Regular,5,Delete,Deployment,false
8.503288441,Regular,8,Create,Deployment,false
8.52239383,Regular,6,Create,ConfigMap,false
8.542616479,Regular,7,Update,Deployment,false
8.562936903,Regular,6,Delete,ConfigMap,false
8.582333091,Regular,5,Delete,Deployment,false
8.603299536,Regular,6,Create,Deployment,false
8.622804009,Regular,7,Create,ConfigMap,false
8.642169469,Regular,15,Update,Deployment,false
8.662226706,Regular,3,Delete,ConfigMap,false
8.682201176,Regular,4,Delete,Deployment,false
8.702465344,Regular,6,Create,Deployment,false
8.723281045,Regular,5,Create,ConfigMap,false
8.743000213,Regular,7,Update,Deployment,false
8.762992357,Regular,6,Delete,ConfigMap,false
8.782929657,Regular,7,Delete,Deployment,false
8.802337637,Regular,9,Create,Deployment,false
8.823104766,Regular,7,Create,ConfigMap,false
8.842640447,Regular,8,Update,Deployment,false
8.863582085,Regular,8,Delete,ConfigMap,false
8.883664961000001,Regular,10,Delete,Deployment,false
8.902303487,Regular,9,Create,Deployment,false
8.922255185000001,Regular,9,Create,ConfigMap,false
8.943101042,Regular,8,Update,Deployment,false
8.962414203,Regular,6,Delete,ConfigMap,false
8.982564816,Regular,4,Delete,Deployment,false
8.022384261,Regular,6,Create,ConfigMap,false
8.043381684,Regular,7,Update,Deployment,false
8.062158502,Regular,5,Delete,ConfigMap,false
8.082194258,Regular,13,Delete,Deployment,false
8.10214264,Regular,6,Create,Deployment,false
8.122814648,Regular,7,Create,ConfigMap,false
8.142328428,Regular,8,Update,Deployment,false
8.162759422,Regular,5,Delete,ConfigMap,false
8.183296134,Regular,7,Delete,Deployment,false
8.202247742,Regular,8,Create,Deployment,false
8.223552146,Regular,10,Create,ConfigMap,false
8.243045427,Regular,11,Update,Deployment,false
8.262465691,Regular,7,Delete,ConfigMap,false
8.283193415,Regular,5,Delete,Deployment,false
8.302966986,Regular,6,Create,Deployment,false
8.322681765,Regular,7,Create,ConfigMap,false
8.342343816,Regular,7,Update,Deployment,false
8.36316683,Regular,6,Delete,ConfigMap,false
8.38218843,Regular,5,Delete,Deployment,false
8.40294579,Regular,8,Create,Deployment,false
8.423551122,Regular,5,Create,ConfigMap,false
8.442229313,Regular,8,Update,Deployment,false
8.463498671,Regular,6,Delete,ConfigMap,false
8.482809087,Regular,5,Delete,Deployment,false
8.503109984,Regular,7,Create,Deployment,false
8.52222973,Regular,7,Create,ConfigMap,false
8.542594398,Regular,6,Update,Deployment,false
8.562961059,Regular,6,Delete,ConfigMap,false
8.582308084,Regular,5,Delete,Deployment,false
8.602894802,Regular,6,Create,Deployment,false
8.622864894,Regular,8,Create,ConfigMap,false
8.642243619,Regular,14,Update,Deployment,false
8.662251122,Regular,4,Delete,ConfigMap,false
8.682269025,Regular,4,Delete,Deployment,false
8.702240239,Regular,7,Create,Deployment,false
8.723333303,Regular,5,Create,ConfigMap,false
8.742944468,Regular,7,Update,Deployment,false
8.763281122,Regular,6,Delete,ConfigMap,false
8.782822364,Regular,8,Delete,Deployment,false
8.802717705,Regular,9,Create,Deployment,false
8.822741179,Regular,6,Create,ConfigMap,false
8.842333277,Regular,6,Update,Deployment,false
8.863793966,Regular,8,Delete,ConfigMap,false
8.883603905,Regular,9,Delete,Deployment,false
8.902648589,Regular,8,Create,Deployment,false
8.922320718,Regular,9,Create,ConfigMap,false
8.943259812,Regular,9,Update,Deployment,false
8.962636643,Regular,5,Delete,ConfigMap,false
8.982581047,Regular,5,Delete,Deployment,false
8.003029852,Regular,9,Create,Deployment,false
8.022381105,Regular,6,Create,ConfigMap,false
8.043218095,Regular,7,Update,Deployment,false
8.062175524,Regular,5,Delete,ConfigMap,false
8.082270372,Regular,6,Delete,Deployment,false
8.10252385,Regular,6,Create,Deployment,false
8.122710832,Regular,7,Create,ConfigMap,false
8.14218673,Regular,9,Update,Deployment,false
8.162847047,Regular,5,Delete,ConfigMap,false
8.18295536,Regular,8,Delete,Deployment,false
8.202276376,Regular,8,Create,Deployment,false
8.223463679,Regular,10,Create,ConfigMap,false
8.243122353,Regular,11,Update,Deployment,false
8.262317701,Regular,6,Delete,ConfigMap,false
8.283158318,Regular,3,Delete,Deployment,false
8.302739205,Regular,6,Create,Deployment,false
8.322601394,Regular,7,Create,ConfigMap,false
8.342315963,Regular,8,Update,Deployment,false
8.363458821,Regular,6,Delete,ConfigMap,false
8.382229497,Regular,5,Delete,Deployment,false
8.402777351,Regular,8,Create,Deployment,false
8.423343029,Regular,7,Create,ConfigMap,false
8.442361162,Regular,8,Update,Deployment,false
8.463663733,Regular,6,Delete,ConfigMap,false
8.482662069,Regular,5,Delete,Deployment,false
8.502913513,Regular,10,Create,Deployment,false
8.522227516,Regular,6,Create,ConfigMap,false
8.542761513,Regular,6,Update,Deployment,false
8.563098699,Regular,6,Delete,ConfigMap,false
8.582183048,Regular,5,Delete,Deployment,false
8.602903648,Regular,6,Create,Deployment,false
8.622686236,Regular,8,Create,ConfigMap,false
8.642326005,Regular,15,Update,Deployment,false
8.662221566,Regular,4,Delete,ConfigMap,false
8.682382659,Regular,5,Delete,Deployment,false
8.70226704,Regular,6,Create,Deployment,false
8.723212385,Regular,6,Create,ConfigMap,false
8.743145928,Regular,7,Update,Deployment,false
8.763065926,Regular,6,Delete,ConfigMap,false
8.782720762,Regular,7,Delete,Deployment,false
8.802391228,Regular,8,Create,Deployment,false
8.823012882,Regular,7,Create,ConfigMap,false
8.842644886,Regular,7,Update,Deployment,false
8.863339487,Regular,8,Delete,ConfigMap,false
8.883600187999999,Regular,9,Delete,Deployment,false
8.902365204,Regular,9,Create,Deployment,false
8.922307433,Regular,7,Create,ConfigMap,false
8.942929898,Regular,10,Update,Deployment,false
8.962413742,Regular,5,Delete,ConfigMap,false
8.982404423,Regular,6,Delete,Deployment,false
8.002612072,Regular,11,Create,Deployment,false
8.02233082,Regular,5,Create,ConfigMap,false
8.043383337,Regular,8,Update,Deployment,false
8.062219447,Regular,5,Delete,ConfigMap,false
8.082314415,Regular,6,Delete,Deployment,false
8.102315977,Regular,6,Create,Deployment,false
8.122829817,Regular,7,Create,ConfigMap,false
8.142220474,Regular,9,Update,Deployment,false
8.162805799,Regular,3,Delete,ConfigMap,false
8.182805417,Regular,8,Delete,Deployment,false
8.202211354,Regular,9,Create,Deployment,false
8.223279581,Regular,10,Create,ConfigMap,false
8.243001284,Regular,7,Update,Deployment,false
8.262139094,Regular,7,Delete,ConfigMap,false
8.283127821,Regular,4,Delete,Deployment,false
8.302742041,Regular,6,Create,Deployment,false
8.322705019,Regular,6,Create,ConfigMap,false
8.342359355,Regular,8,Update,Deployment,false
8.363477066,Regular,6,Delete,ConfigMap,false
8.382159876,Regular,5,Delete,Deployment,false
8.40248015,Regular,8,Create,Deployment,false
8.423119677,Regular,6,Create,ConfigMap,false
8.442188296,Regular,8,Update,Deployment,false
8.463054472,Regular,6,Delete,ConfigMap,false
8.482637162,Regular,5,Delete,Deployment,false
8.502978174999999,Regular,7,Create,Deployment,false
8.52219808,Regular,4,Create,ConfigMap,false
8.542634253,Regular,7,Update,Deployment,false
8.562949447,Regular,6,Delete,ConfigMap,false
8.582387855,Regular,3,Delete,Deployment,false
8.603112273,Regular,7,Create,Deployment,false
8.622753794,Regular,8,Create,ConfigMap,false
8.642187052,Regular,8,Update,Deployment,false
8.662211898,Regular,4,Delete,ConfigMap,false
8.682423527,Regular,5,Delete,Deployment,false
8.702448252,Regular,6,Create,Deployment,false
8.723233745,Regular,6,Create,ConfigMap,false
8.742838437,Regular,5,Update,Deployment,false
8.763215037,Regular,6,Delete,ConfigMap,false
8.782735149,Regular,8,Delete,Deployment,false
8.802800562,Regular,9,Create,Deployment,false
8.823034954,Regular,6,Create,ConfigMap,false
8.842510301,Regular,9,Update,Deployment,false
8.863922719,Regular,8,Delete,ConfigMap,false
8.883245007,Regular,9,Delete,Deployment,false
8.902323485,Regular,10,Create,Deployment,false
8.922505197,Regular,9,Create,ConfigMap,false
8.943243411,Regular,9,Update,Deployment,false
8.962382383,Regular,4,Delete,ConfigMap,false
8.982316146,Regular,5,Delete,Deployment,false
8.002693195,Regular,10,Create,Deployment,false
8.022236401,Regular,6,Create,ConfigMap,false
8.043048374,Regular,8,Update,Deployment,false
8.06219987,Regular,6,Delete,ConfigMap,false
8.082148281,Regular,4,Delete,Deployment,false
8.102235124,Regular,6,Create,Deployment,false
8.122790613,Regular,7,Create,ConfigMap,false
8.142327126,Regular,8,Update,Deployment,false
8.162861474,Regular,5,Delete,ConfigMap,false
8.183083432,Regular,7,Delete,Deployment,false
8.202168493,Regular,7,Create,Deployment,false
8.223117414,Regular,8,Create,ConfigMap,false
8.242952111,Regular,10,Update,Deployment,false
8.262255083,Regular,7,Delete,ConfigMap,false
8.283284296,Regular,5,Delete,Deployment,false
8.302806723,Regular,6,Create,Deployment,false
8.322705049,Regular,7,Create,ConfigMap,false
8.342318548,Regular,8,Update,Deployment,false
8.363170436,Regular,6,Delete,ConfigMap,false
8.382389279,Regular,5,Delete,Deployment,false
8.402532739,Regular,8,Create,Deployment,false
8.423226619,Regular,7,Create,ConfigMap,false
8.442279478,Regular,8,Update,Deployment,false
8.463292281,Regular,6,Delete,ConfigMap,false
8.482915488,Regular,5,Delete,Deployment,false
8.5030653,Regular,8,Create,Deployment,false
8.522138598,Regular,5,Create,ConfigMap,false
8.542727369,Regular,6,Update,Deployment,false
8.562900485,Regular,6,Delete,ConfigMap,false
8.582256577,Regular,4,Delete,Deployment,false
8.603197103,Regular,5,Create,Deployment,false
8.622745899,Regular,8,Create,ConfigMap,false
8.642307689999999,Regular,12,Update,Deployment,false
8.662280848,Regular,3,Delete,ConfigMap,false
8.682262783,Regular,5,Delete,Deployment,false
8.702284683,Regular,7,Create,Deployment,false
8.723310891,Regular,6,Create,ConfigMap,false
8.743084582,Regular,7,Update,Deployment,false
8.762999921,Regular,6,Delete,ConfigMap,false
8.782977828,Regular,8,Delete,Deployment,false
8.802289216,Regular,9,Create,Deployment,false
8.822780623,Regular,6,Create,ConfigMap,false
8.842240742,Regular,9,Update,Deployment,false
8.863435208,Regular,5,Delete,ConfigMap,false
8.88347951,Regular,10,Delete,Deployment,false
8.902556415,Regular,9,Create,Deployment,false
8.92251197,Regular,9,Create,ConfigMap,false
8.943003357,Regular,8,Update,Deployment,false
8.962308964,Regular,6,Delete,ConfigMap,false
8.982278145,Regular,5,Delete,Deployment,false
8.002986179,Regular,11,Create,Deployment,false
8.022384211,Regular,6,Create,ConfigMap,false
8.043426649,Regular,7,Update,Deployment,false
8.062236058,Regular,5,Delete,ConfigMap,false
8.082172928,Regular,6,Delete,Deployment,false
8.102524752,Regular,6,Create,Deployment,false
8.122923784,Regular,7,Create,ConfigMap,false
8.14223933,Regular,8,Update,Deployment,false
8.162708515,Regular,5,Delete,ConfigMap,false
8.182831977,Regular,8,Delete,Deployment,false
8.202194291,Regular,8,Create,Deployment,false
8.223094,Regular,8,Create,ConfigMap,false
8.242868894,Regular,11,Update,Deployment,false
8.262258589,Regular,7,Delete,ConfigMap,false
8.283156134,Regular,5,Delete,Deployment,false
8.302754494,Regular,5,Create,Deployment,false
8.322757739,Regular,7,Create,ConfigMap,false
8.342219421,Regular,8,Update,Deployment,false
8.363404068,Regular,6,Delete,ConfigMap,false
8.382334185,Regular,5,Delete,Deployment,false
8.402820874,Regular,8,Create,Deployment,false
8.423547025,Regular,7,Create,ConfigMap,false
8.442410766,Regular,8,Update,Deployment,false
8.463521063,Regular,6,Delete,ConfigMap,false
8.482702656,Regular,5,Delete,Deployment,false
8.503341612,Regular,7,Create,Deployment,false
8.52239364,Regular,6,Create,ConfigMap,false
8.542687103,Regular,6,Update,Deployment,false
8.562919751,Regular,5,Delete,ConfigMap,false
8.582380992000001,Regular,5,Delete,Deployment,false
8.603101703,Regular,7,Create,Deployment,false
8.622865756,Regular,8,Create,ConfigMap,false
8.642383924,Regular,12,Update,Deployment,false
8.662186981,Regular,5,Delete,ConfigMap,false
8.682428666,Regular,5,Delete,Deployment,false
8.702206265000001,Regular,7,Create,Deployment,false
8.723243003,Regular,5,Create,ConfigMap,false
8.743084833,Regular,7,Update,Deployment,false
8.763055426,Regular,7,Delete,ConfigMap,false
8.782839507,Regular,7,Delete,Deployment,false
8.802570627,Regular,8,Create,Deployment,false
8.822938341,Regular,6,Create,ConfigMap,false
8.842670865,Regular,7,Update,Deployment,false
8.863411383,Regular,5,Delete,ConfigMap,false
8.883421631000001,Regular,9,Delete,Deployment,false
8.902274011,Regular,10,Create,Deployment,false
8.922584126,Regular,8,Create,ConfigMap,false
8.9429412,Regular,10,Update,Deployment,false
8.962316669,Regular,5,Delete,ConfigMap,false
8.982334681,Regular,6,Delete,Deployment,false
8.00293914,Regular,10,Create,Deployment,false
8.02233099,Regular,6,Create,ConfigMap,false
8.043013458,Regular,8,Update,Deployment,false
8.06214717,Regular,5,Delete,ConfigMap,false
8.08218491,Regular,10,Delete,Deployment,false
8.102322549,Regular,6,Create,Deployment,false
8.122901051,Regular,6,Create,ConfigMap,false
8.142209804,Regular,9,Update,Deployment,false
8.162798956,Regular,5,Delete,ConfigMap,false
8.182936395,Regular,7,Delete,Deployment,false
8.202345878,Regular,9,Create,Deployment,false
8.223049817,Regular,8,Create,ConfigMap,false
8.243045187,Regular,8,Update,Deployment,false
8.262210008,Regular,7,Delete,ConfigMap,false
8.283171884,Regular,5,Delete,Deployment,false
8.302896082,Regular,5,Create,Deployment,false
8.322664984,Regular,7,Create,ConfigMap,false
8.342366539,Regular,7,Update,Deployment,false
8.363349274,Regular,6,Delete,ConfigMap,false
8.382378629,Regular,4,Delete,Deployment,false
8.40285584,Regular,8,Create,Deployment,false
8.423487953,Regular,6,Create,ConfigMap,false
8.442248079,Regular,8,Update,Deployment,false
8.463597708,Regular,4,Delete,ConfigMap,false
8.482734486,Regular,5,Delete,Deployment,false
8.502796512,Regular,8,Create,Deployment,false
8.522230852,Regular,7,Create,ConfigMap,false
8.542583878,Regular,7,Update,Deployment,false
8.563006966,Regular,6,Delete,ConfigMap,false
8.582325176,Regular,5,Delete,Deployment,false
8.603066616,Regular,6,Create,Deployment,false
8.622965855,Regular,8,Create,ConfigMap,false
8.642242988,Regular,10,Update,Deployment,false
8.662276179,Regular,4,Delete,ConfigMap,false
8.682333186,Regular,4,Delete,Deployment,false
8.702354515,Regular,7,Create,Deployment,false
8.723245988,Regular,5,Create,ConfigMap,false
8.743111533,Regular,7,Update,Deployment,false
8.762962991,Regular,7,Delete,ConfigMap,false
8.782891635,Regular,7,Delete,Deployment,false
8.802430012,Regular,8,Create,Deployment,false
8.822913675,Regular,7,Create,ConfigMap,false
8.842519268,Regular,9,Update,Deployment,false
8.863239408,Regular,5,Delete,ConfigMap,false
8.883483949,Regular,9,Delete,Deployment,false
8.902562597,Regular,8,Create,Deployment,false
8.922356195,Regular,9,Create,ConfigMap,false
8.943187786,Regular,7,Update,Deployment,false
8.962590706,Regular,5,Delete,ConfigMap,false
8.982387872,Regular,5,Delete,Deployment,false
9.003044842,Regular,7,Create,Deployment,false
8.002756395,Regular,11,Create,Deployment,false
8.022329247,Regular,6,Create,ConfigMap,false
8.043094481,Regular,8,Update,Deployment,false
8.062131451,Regular,5,Delete,ConfigMap,false
8.082265923,Regular,13,Delete,Deployment,false
8.102274779,Regular,5,Create,Deployment,false
8.122770885,Regular,6,Create,ConfigMap,false
8.142289074,Regular,8,Update,Deployment,false
8.162666406,Regular,5,Delete,ConfigMap,false
8.18276984,Regular,8,Delete,Deployment,false
8.202365675,Regular,7,Create,Deployment,false
8.223161588,Regular,11,Create,ConfigMap,false
8.242768043,Regular,11,Update,Deployment,false
8.262112173,Regular,7,Delete,ConfigMap,false
8.283090771,Regular,6,Delete,Deployment,false
8.302889139,Regular,6,Create,Deployment,false
8.322817823,Regular,7,Create,ConfigMap,false
8.342174135,Regular,8,Update,Deployment,false
8.363264234,Regular,6,Delete,ConfigMap,false
8.382350426,Regular,5,Delete,Deployment,false
8.402572625,Regular,8,Create,Deployment,false
8.423487953,Regular,7,Create,ConfigMap,false
8.442262747000001,Regular,8,Update,Deployment,false
8.463070592,Regular,6,Delete,ConfigMap,false
8.482756978,Regular,4,Delete,Deployment,false
8.502855704,Regular,9,Create,Deployment,false
8.522196697,Regular,7,Create,ConfigMap,false
8.542556636,Regular,7,Update,Deployment,false
8.563031682,Regular,6,Delete,ConfigMap,false
8.58238542,Regular,4,Delete,Deployment,false
8.6029205,Regular,6,Create,Deployment,false
8.622727875,Regular,8,Create,ConfigMap,false
8.642126778,Regular,14,Update,Deployment,false
8.662296498,Regular,4,Delete,ConfigMap,false
8.682247554,Regular,5,Delete,Deployment,false
8.702221494,Regular,7,Create,Deployment,false
8.723133576,Regular,6,Create,ConfigMap,false
8.742882761,Regular,5,Update,Deployment,false
8.76320068,Regular,6,Delete,ConfigMap,false
8.782744347,Regular,8,Delete,Deployment,false
8.802755316,Regular,9,Create,Deployment,false
8.822821851,Regular,6,Create,ConfigMap,false
8.842393601,Regular,9,Update,Deployment,false
8.863312887,Regular,9,Delete,ConfigMap,false
8.883420739,Regular,9,Delete,Deployment,false
8.902645022,Regular,10,Create,Deployment,false
8.922155827,Regular,10,Create,ConfigMap,false
8.943276363,Regular,10,Update,Deployment,false
8.962460821,Regular,5,Delete,ConfigMap,false
8.982684472,Regular,5,Delete,Deployment,false
9.003404382,Regular,7,Create,Deployment,false
9.003088575,Regular,7,Create,Deployment,false
9.022971192,Regular,6,Create,ConfigMap,false
9.042706551,Regular,8,Update,Deployment,false
9.063284131,Regular,4,Delete,ConfigMap,false
9.082806216,Regular,5,Delete,Deployment,false
9.103309927,Regular,8,Create,Deployment,false
9.122929026,Regular,7,Create,ConfigMap,false
9.142888989,Regular,9,Update,Deployment,false
9.163194986,Regular,6,Delete,ConfigMap,false
9.182422646,Regular,5,Delete,Deployment,false
9.20307106,Regular,7,Create,Deployment,false
9.223304911,Regular,7,Create,ConfigMap,false
9.242404278,Regular,10,Update,Deployment,false
9.26292452,Regular,7,Delete,ConfigMap,false
9.283115138,Regular,7,Delete,Deployment,false
9.302870004,Regular,8,Create,Deployment,false
9.323075451,Regular,5,Create,ConfigMap,false
9.343041266,Regular,7,Update,Deployment,false
9.363749573,Regular,8,Delete,ConfigMap,false
9.382299001,Regular,5,Delete,Deployment,false
9.403022607,Regular,7,Create,Deployment,false
9.422330037,Regular,6,Create,ConfigMap,false
9.442867702,Regular,7,Update,Deployment,false
9.462307773,Regular,4,Delete,ConfigMap,false
9.483169029,Regular,5,Delete,Deployment,false
9.503019956,Regular,6,Create,Deployment,false
9.522195327,Regular,8,Create,ConfigMap,false
9.542659833,Regular,8,Update,Deployment,false
9.562947886,Regular,5,Delete,ConfigMap,false
9.582320239,Regular,5,Delete,Deployment,false
9.602263281,Regular,8,Create,Deployment,false
9.62315286,Regular,6,Create,ConfigMap,false
9.6423381,Regular,7,Update,Deployment,false
9.662603209,Regular,6,Delete,ConfigMap,false
9.68292191,Regular,7,Delete,Deployment,false
9.70273157,Regular,6,Create,Deployment,false
9.722439857,Regular,7,Create,ConfigMap,false
9.742206114,Regular,8,Update,Deployment,false
9.762208568,Regular,5,Delete,ConfigMap,false
9.782932775,Regular,4,Delete,Deployment,false
9.802589054,Regular,14,Create,Deployment,false
9.823002064,Regular,6,Create,ConfigMap,false
9.842705662,Regular,7,Update,Deployment,false
9.863560737,Regular,5,Delete,ConfigMap,false
9.882968427,Regular,4,Delete,Deployment,false
9.902341301,Regular,7,Create,Deployment,false
9.92273847,Regular,6,Create,ConfigMap,false
9.942159615,Regular,8,Update,Deployment,false
9.962281574,Regular,6,Delete,ConfigMap,false
9.983420535,Regular,7,Delete,Deployment,false
9.003036637,Regular,8,Create,Deployment,false
9.023017279,Regular,6,Create,ConfigMap,false
9.042636739,Regular,7,Update,Deployment,false
9.062800667,Regular,5,Delete,ConfigMap,false
9.08293533,Regular,5,Delete,Deployment,false
9.103530213,Regular,7,Create,Deployment,false
9.122938164,Regular,6,Create,ConfigMap,false
9.142890713,Regular,9,Update,Deployment,false
9.16295861,Regular,6,Delete,ConfigMap,false
9.182590974,Regular,8,Delete,Deployment,false
9.203398789,Regular,8,Create,Deployment,false
9.223084104,Regular,7,Create,ConfigMap,false
9.242350566,Regular,11,Update,Deployment,false
9.262954556,Regular,6,Delete,ConfigMap,false
9.283080122,Regular,7,Delete,Deployment,false
9.303120448,Regular,7,Create,Deployment,false
9.323168657,Regular,7,Create,ConfigMap,false
9.343097452,Regular,6,Update,Deployment,false
9.363700971,Regular,8,Delete,ConfigMap,false
9.382202538,Regular,5,Delete,Deployment,false
9.403240478,Regular,7,Create,Deployment,false
9.422367468000001,Regular,6,Create,ConfigMap,false
9.442786538,Regular,7,Update,Deployment,false
9.462226078,Regular,7,Delete,ConfigMap,false
9.483182965,Regular,5,Delete,Deployment,false
9.503136436,Regular,6,Create,Deployment,false
9.522274005,Regular,7,Create,ConfigMap,false
9.542793125,Regular,8,Update,Deployment,false
9.563023389,Regular,4,Delete,ConfigMap,false
9.582214539,Regular,5,Delete,Deployment,false
9.602247862,Regular,8,Create,Deployment,false
9.623294508,Regular,5,Create,ConfigMap,false
9.642437718,Regular,7,Update,Deployment,false
9.662548426,Regular,5,Delete,ConfigMap,false
9.682906311,Regular,7,Delete,Deployment,false
9.702653712,Regular,6,Create,Deployment,false
9.722427414,Regular,7,Create,ConfigMap,false
9.742222285,Regular,8,Update,Deployment,false
9.76237921,Regular,4,Delete,ConfigMap,false
9.78297757,Regular,8,Delete,Deployment,false
9.802723699,Regular,14,Create,Deployment,false
9.823206119,Regular,6,Create,ConfigMap,false
9.842673672,Regular,7,Update,Deployment,false
9.863300385,Regular,6,Delete,ConfigMap,false
9.883100666,Regular,5,Delete,Deployment,false
9.902397266,Regular,7,Create,Deployment,false
9.922672986,Regular,5,Create,ConfigMap,false
9.942224658,Regular,8,Update,Deployment,false
9.962250355,Regular,4,Delete,ConfigMap,false
9.983383776,Regular,7,Delete,Deployment,false
9.003511464,Regular,6,Create,Deployment,false
9.022907872,Regular,6,Create,ConfigMap,false
9.04267962,Regular,8,Update,Deployment,false
9.063171488,Regular,5,Delete,ConfigMap,false
9.082872191,Regular,5,Delete,Deployment,false
9.103464058,Regular,8,Create,Deployment,false
9.122840479,Regular,5,Create,ConfigMap,false
9.142408682,Regular,9,Update,Deployment,false
9.162885371,Regular,6,Delete,ConfigMap,false
9.182407578,Regular,10,Delete,Deployment,false
9.203465235,Regular,7,Create,Deployment,false
9.223247893,Regular,7,Create,ConfigMap,false
9.242521319,Regular,10,Update,Deployment,false
9.262970767,Regular,6,Delete,ConfigMap,false
9.28317965,Regular,7,Delete,Deployment,false
9.302877649,Regular,7,Create,Deployment,false
9.323090099,Regular,7,Create,ConfigMap,false
9.342972365,Regular,7,Update,Deployment,false
9.36384866,Regular,8,Delete,ConfigMap,false
9.38231974,Regular,5,Delete,Deployment,false
9.403132935,Regular,7,Create,Deployment,false
9.422206353,Regular,6,Create,ConfigMap,false
9.442852683,Regular,7,Update,Deployment,false
9.462185081,Regular,4,Delete,ConfigMap,false
9.483131157,Regular,4,Delete,Deployment,false
9.502967587,Regular,6,Create,Deployment,false
9.522248758,Regular,7,Create,ConfigMap,false
9.542738442,Regular,8,Update,Deployment,false
9.562811068,Regular,5,Delete,ConfigMap,false
9.582223947,Regular,5,Delete,Deployment,false
9.602328985,Regular,8,Create,Deployment,false
9.623301902,Regular,4,Create,ConfigMap,false
9.642282625,Regular,7,Update,Deployment,false
9.662761358000001,Regular,6,Delete,ConfigMap,false
9.683266962,Regular,6,Delete,Deployment,false
9.703008413,Regular,7,Create,Deployment,false
9.722429928,Regular,7,Create,ConfigMap,false
9.742234408,Regular,8,Update,Deployment,false
9.76231558,Regular,4,Delete,ConfigMap,false
9.782997407,Regular,7,Delete,Deployment,false
9.8027773,Regular,14,Create,Deployment,false
9.82311663,Regular,7,Create,ConfigMap,false
9.842637263,Regular,6,Update,Deployment,false
9.863583159000001,Regular,5,Delete,ConfigMap,false
9.883144058,Regular,5,Delete,Deployment,false
9.902189584,Regular,7,Create,Deployment,false
9.922909112,Regular,5,Create,ConfigMap,false
9.9421624,Regular,8,Update,Deployment,false
9.962194149,Regular,6,Delete,ConfigMap,false
9.98341267,Regular,7,Delete,Deployment,false
9.003265679,Regular,7,Create,Deployment,false
9.023033419,Regular,6,Create,ConfigMap,false
9.042747949,Regular,8,Update,Deployment,false
9.063012016,Regular,5,Delete,ConfigMap,false
9.082890025,Regular,5,Delete,Deployment,false
9.103399837,Regular,7,Create,Deployment,false
9.122828987,Regular,7,Create,ConfigMap,false
9.142913926,Regular,9,Update,Deployment,false
9.163058749,Regular,6,Delete,ConfigMap,false
9.18240364,Regular,6,Delete,Deployment,false
9.203393609,Regular,8,Create,Deployment,false
9.223275004,Regular,6,Create,ConfigMap,false
9.242583296,Regular,10,Update,Deployment,false
9.262904943,Regular,6,Delete,ConfigMap,false
9.283060185,Regular,7,Delete,Deployment,false
9.303040126,Regular,8,Create,Deployment,false
9.323272033,Regular,7,Create,ConfigMap,false
9.343171341,Regular,7,Update,Deployment,false
9.363954009,Regular,8,Delete,ConfigMap,false
9.382224259000001,Regular,5,Delete,Deployment,false
9.403069415,Regular,7,Create,Deployment,false
9.422330227,Regular,6,Create,ConfigMap,false
9.442891767,Regular,7,Update,Deployment,false
9.462161496,Regular,5,Delete,ConfigMap,false
9.483223291,Regular,4,Delete,Deployment,false
9.5031385,Regular,6,Create,Deployment,false
9.522263916,Regular,7,Create,ConfigMap,false
9.542691473,Regular,8,Update,Deployment,false
9.563264705,Regular,5,Delete,ConfigMap,false
9.582243594,Regular,5,Delete,Deployment,false
9.602160166,Regular,7,Create,Deployment,false
9.623231849,Regular,5,Create,ConfigMap,false
9.642371192,Regular,7,Update,Deployment,false
9.662677279,Regular,5,Delete,ConfigMap,false
9.683001892,Regular,5,Delete,Deployment,false
9.702859191,Regular,8,Create,Deployment,false
9.72237236,Regular,7,Create,ConfigMap,false
9.742190104,Regular,8,Update,Deployment,false
9.762364523,Regular,4,Delete,ConfigMap,false
9.782903600000001,Regular,8,Delete,Deployment,false
9.802508292,Regular,15,Create,Deployment,false
9.823139974,Regular,7,Create,ConfigMap,false
9.842707015,Regular,7,Update,Deployment,false
9.863481447,Regular,5,Delete,ConfigMap,false
9.883142045,Regular,5,Delete,Deployment,false
9.902345388,Regular,7,Create,Deployment,false
9.922688395,Regular,6,Create,ConfigMap,false
9.94227868,Regular,8,Update,Deployment,false
9.962381503,Regular,4,Delete,ConfigMap,false
9.983162097,Regular,8,Delete,Deployment,false
9.023141103,Regular,6,Create,ConfigMap,false
9.042623824,Regular,7,Update,Deployment,false
9.06309318,Regular,5,Delete,ConfigMap,false
9.082759929,Regular,5,Delete,Deployment,false
9.103265864,Regular,8,Create,Deployment,false
9.122969182,Regular,7,Create,ConfigMap,false
9.142546202,Regular,9,Update,Deployment,false
9.16301718,Regular,6,Delete,ConfigMap,false
9.182590964,Regular,7,Delete,Deployment,false
9.203003081,Regular,7,Create,Deployment,false
9.223204812,Regular,7,Create,ConfigMap,false
9.242583136,Regular,6,Update,Deployment,false
9.263228434,Regular,6,Delete,ConfigMap,false
9.283031881,Regular,7,Delete,Deployment,false
9.302820441,Regular,8,Create,Deployment,false
9.323225294,Regular,7,Create,ConfigMap,false
9.343264327,Regular,8,Update,Deployment,false
9.363123139,Regular,7,Delete,ConfigMap,false
9.382317966,Regular,5,Delete,Deployment,false
9.403353432,Regular,7,Create,Deployment,false
9.422332442,Regular,6,Create,ConfigMap,false
9.442905213,Regular,7,Update,Deployment,false
9.462557465,Regular,5,Delete,ConfigMap,false
9.483168949,Regular,5,Delete,Deployment,false
9.502927661,Regular,6,Create,Deployment,false
9.522317027,Regular,8,Create,ConfigMap,false
9.542805669,Regular,8,Update,Deployment,false
9.562974887,Regular,5,Delete,ConfigMap,false
9.582383088,Regular,5,Delete,Deployment,false
9.60217275,Regular,8,Create,Deployment,false
9.623139134,Regular,5,Create,ConfigMap,false
9.642214025,Regular,7,Update,Deployment,false
9.66225454,Regular,6,Delete,ConfigMap,false
9.683183986,Regular,6,Delete,Deployment,false
9.702670003,Regular,8,Create,Deployment,false
9.72220344,Regular,7,Create,ConfigMap,false
9.742233716,Regular,8,Update,Deployment,false
9.762320069,Regular,5,Delete,ConfigMap,false
9.782920712,Regular,8,Delete,Deployment,false
9.802565089,Regular,14,Create,Deployment,false
9.82288866,Regular,7,Create,ConfigMap,false
9.842794830999999,Regular,7,Update,Deployment,false
9.863230383,Regular,5,Delete,ConfigMap,false
9.883099124,Regular,5,Delete,Deployment,false
9.902459143,Regular,7,Create,Deployment,false
9.922827738,Regular,6,Create,ConfigMap,false
9.942170364999999,Regular,7,Update,Deployment,false
9.962331769,Regular,4,Delete,ConfigMap,false
9.983205709,Regular,8,Delete,Deployment,false
9.00302271,Regular,7,Create,Deployment,false
9.023200896,Regular,6,Create,ConfigMap,false
9.042819674,Regular,8,Update,Deployment,false
9.063160387,Regular,4,Delete,ConfigMap,false
9.082831504,Regular,5,Delete,Deployment,false
9.103494616,Regular,7,Create,Deployment,false
9.122858743,Regular,5,Create,ConfigMap,false
9.142996583,Regular,9,Update,Deployment,false
9.16315973,Regular,6,Delete,ConfigMap,false
9.182346442,Regular,7,Delete,Deployment,false
9.2032086,Regular,7,Create,Deployment,false
9.22322517,Regular,7,Create,ConfigMap,false
9.242245879,Regular,9,Update,Deployment,false
9.262888742,Regular,7,Delete,ConfigMap,false
9.283130387,Regular,7,Delete,Deployment,false
9.303058541,Regular,8,Create,Deployment,false
9.323461881,Regular,5,Create,ConfigMap,false
9.34327098,Regular,7,Update,Deployment,false
9.363665384,Regular,8,Delete,ConfigMap,false
9.382320822,Regular,5,Delete,Deployment,false
9.403287447,Regular,7,Create,Deployment,false
9.422229297,Regular,6,Create,ConfigMap,false
9.442907788,Regular,7,Update,Deployment,false
9.462151918,Regular,6,Delete,ConfigMap,false
9.483062067,Regular,5,Delete,Deployment,false
9.503158347,Regular,6,Create,Deployment,false
9.522179497,Regular,8,Create,ConfigMap,false
9.542982864,Regular,8,Update,Deployment,false
9.562716549,Regular,5,Delete,ConfigMap,false
9.582553189,Regular,5,Delete,Deployment,false
9.602327712,Regular,7,Create,Deployment,false
9.623166857,Regular,6,Create,ConfigMap,false
9.642247939,Regular,7,Update,Deployment,false
9.662477552,Regular,6,Delete,ConfigMap,false
9.682886864,Regular,6,Delete,Deployment,false
9.702925576,Regular,6,Create,Deployment,false
9.722371809,Regular,7,Create,ConfigMap,false
9.742239567,Regular,8,Update,Deployment,false
9.762351157,Regular,5,Delete,ConfigMap,false
9.783059494,Regular,5,Delete,Deployment,false
9.802524803,Regular,15,Create,Deployment,false
9.823003136,Regular,6,Create,ConfigMap,false
9.842795352,Regular,7,Update,Deployment,false
9.863153287,Regular,6,Delete,ConfigMap,false
9.883063917,Regular,5,Delete,Deployment,false
9.902225752,Regular,7,Create,Deployment,false
9.922774037,Regular,6,Create,ConfigMap,false
9.942279311,Regular,8,Update,Deployment,false
9.962280332,Regular,4,Delete,ConfigMap,false
9.983072437,Regular,4,Delete,Deployment,false
9.003008002,Regular,6,Create,Deployment,false
9.023056383,Regular,6,Create,ConfigMap,false
9.042881671,Regular,8,Update,Deployment,false
9.062810446,Regular,5,Delete,ConfigMap,false
9.082792501,Regular,4,Delete,Deployment,false
9.103109999,Regular,6,Create,Deployment,false
9.123020289,Regular,7,Create,ConfigMap,false
9.142811703,Regular,9,Update,Deployment,false
9.163074248,Regular,6,Delete,ConfigMap,false
9.182285797,Regular,6,Delete,Deployment,false
9.203115834,Regular,9,Create,Deployment,false
9.223147974,Regular,7,Create,ConfigMap,false
9.242583737,Regular,10,Update,Deployment,false
9.262881218,Regular,7,Delete,ConfigMap,false
9.282802478,Regular,7,Delete,Deployment,false
9.303152488,Regular,7,Create,Deployment,false
9.323658262,Regular,6,Create,ConfigMap,false
9.343019605,Regular,8,Update,Deployment,false
9.363932559,Regular,7,Delete,ConfigMap,false
9.382241071,Regular,5,Delete,Deployment,false
9.403340057,Regular,7,Create,Deployment,false
9.422330027,Regular,6,Create,ConfigMap,false
9.44292509,Regular,6,Update,Deployment,false
9.462268719,Regular,7,Delete,ConfigMap,false
9.48305341,Regular,4,Delete,Deployment,false
9.503157235,Regular,7,Create,Deployment,false
9.522166502,Regular,8,Create,ConfigMap,false
9.542650315,Regular,8,Update,Deployment,false
9.562857966,Regular,5,Delete,ConfigMap,false
9.582343183,Regular,5,Delete,Deployment,false
9.602214148,Regular,8,Create,Deployment,false
9.623214006,Regular,6,Create,ConfigMap,false
9.642173859,Regular,7,Update,Deployment,false
9.662307771,Regular,6,Delete,ConfigMap,false
9.68310186,Regular,7,Delete,Deployment,false
9.702856726,Regular,6,Create,Deployment,false
9.722368372,Regular,7,Create,ConfigMap,false
9.742355917,Regular,8,Update,Deployment,false
9.762261087,Regular,3,Delete,ConfigMap,false
9.782985865,Regular,8,Delete,Deployment,false
9.802653135,Regular,14,Create,Deployment,false
9.822922023,Regular,6,Create,ConfigMap,false
9.84277867,Regular,7,Update,Deployment,false
9.86335064,Regular,6,Delete,ConfigMap,false
9.882940344,Regular,5,Delete,Deployment,false
9.902254837,Regular,7,Create,Deployment,false
9.922800016,Regular,5,Create,ConfigMap,false
9.942238754,Regular,8,Update,Deployment,false
9.962343501,Regular,4,Delete,ConfigMap,false
9.983209807,Regular,8,Delete,Deployment,false
9.00340346,Regular,7,Create,Deployment,false
9.02317159,Regular,6,Create,ConfigMap,false
9.042830354,Regular,8,Update,Deployment,false
9.062831976,Regular,5,Delete,ConfigMap,false
9.082744099,Regular,4,Delete,Deployment,false
9.103159032,Regular,8,Create,Deployment,false
9.123022763,Regular,7,Create,ConfigMap,false
9.142719639,Regular,7,Update,Deployment,false
9.163033271,Regular,6,Delete,ConfigMap,false
9.182481748,Regular,5,Delete,Deployment,false
9.203214611,Regular,8,Create,Deployment,false
9.223118148,Regular,7,Create,ConfigMap,false
9.24245306,Regular,9,Update,Deployment,false
9.263036331,Regular,5,Delete,ConfigMap,false
9.283037842,Regular,7,Delete,Deployment,false
9.303256875,Regular,7,Create,Deployment,false
9.323112531,Regular,6,Create,ConfigMap,false
9.343159128,Regular,7,Update,Deployment,false
9.363659012,Regular,8,Delete,ConfigMap,false
9.382286066,Regular,5,Delete,Deployment,false
9.403356658,Regular,7,Create,Deployment,false
9.422167019,Regular,6,Create,ConfigMap,false
9.442962741,Regular,6,Update,Deployment,false
9.462438219,Regular,6,Delete,ConfigMap,false
9.483117782,Regular,4,Delete,Deployment,false
9.503214173,Regular,6,Create,Deployment,false
9.522236174,Regular,8,Create,ConfigMap,false
9.542770543,Regular,7,Update,Deployment,false
9.56288082,Regular,5,Delete,ConfigMap,false
9.582170356,Regular,6,Delete,Deployment,false
9.602314618,Regular,8,Create,Deployment,false
9.623197845,Regular,5,Create,ConfigMap,false
9.64226438,Regular,7,Update,Deployment,false
9.662477592,Regular,6,Delete,ConfigMap,false
9.68311247,Regular,6,Delete,Deployment,false
9.702708085,Regular,8,Create,Deployment,false
9.722237645,Regular,7,Create,ConfigMap,false
9.742294702,Regular,8,Update,Deployment,false
9.762234246,Regular,4,Delete,ConfigMap,false
9.783076627,Regular,7,Delete,Deployment,false
9.802578995,Regular,14,Create,Deployment,false
9.82302671,Regular,7,Create,ConfigMap,false
9.842623006,Regular,7,Update,Deployment,false
9.863176831,Regular,6,Delete,ConfigMap,false
9.88302829,Regular,5,Delete,Deployment,false
9.902255879,Regular,7,Create,Deployment,false
9.922626268,Regular,6,Create,ConfigMap,false
9.942306943,Regular,8,Update,Deployment,false
9.962168992,Regular,6,Delete,ConfigMap,false
9.983061026,Regular,7,Delete,Deployment,false
9.023124151,Regular,6,Create,ConfigMap,false
9.042715928,Regular,8,Update,Deployment,false
9.063031964,Regular,5,Delete,ConfigMap,false
9.082944508,Regular,5,Delete,Deployment,false
9.103178028,Regular,7,Create,Deployment,false
9.123034385,Regular,7,Create,ConfigMap,false
9.142944725,Regular,9,Update,Deployment,false
9.163054701,Regular,6,Delete,ConfigMap,false
9.182571137,Regular,9,Delete,Deployment,false
9.203339387,Regular,8,Create,Deployment,false
9.223305883,Regular,6,Create,ConfigMap,false
9.242260767,Regular,8,Update,Deployment,false
9.262987919,Regular,7,Delete,ConfigMap,false
9.283201732,Regular,6,Delete,Deployment,false
9.302937151,Regular,8,Create,Deployment,false
9.323357284,Regular,7,Create,ConfigMap,false
9.342961996,Regular,6,Update,Deployment,false
9.363871884,Regular,7,Delete,ConfigMap,false
9.382331702,Regular,5,Delete,Deployment,false
9.403270295,Regular,7,Create,Deployment,false
9.422289821,Regular,6,Create,ConfigMap,false
9.442763104,Regular,7,Update,Deployment,false
9.462304497,Regular,4,Delete,ConfigMap,false
9.483201069,Regular,4,Delete,Deployment,false
9.503044873,Regular,7,Create,Deployment,false
9.522209493,Regular,7,Create,ConfigMap,false
9.542810478,Regular,8,Update,Deployment,false
9.562930684,Regular,5,Delete,ConfigMap,false
9.582263562,Regular,6,Delete,Deployment,false
9.602360364,Regular,8,Create,Deployment,false
9.623113636,Regular,5,Create,ConfigMap,false
9.642310668,Regular,7,Update,Deployment,false
9.662817765,Regular,5,Delete,ConfigMap,false
9.682991382,Regular,6,Delete,Deployment,false
9.703120925,Regular,8,Create,Deployment,false
9.722182391,Regular,7,Create,ConfigMap,false
9.7423311,Regular,8,Update,Deployment,false
9.762431459,Regular,4,Delete,ConfigMap,false
9.782948515,Regular,6,Delete,Deployment,false
9.802701868,Regular,12,Create,Deployment,false
9.823051096,Regular,6,Create,ConfigMap,false
9.842719719,Regular,8,Update,Deployment,false
9.863142577,Regular,4,Delete,ConfigMap,false
9.883068085,Regular,5,Delete,Deployment,false
9.902467169,Regular,7,Create,Deployment,false
9.92275958,Regular,6,Create,ConfigMap,false
9.942220831,Regular,8,Update,Deployment,false
9.962229085,Regular,4,Delete,ConfigMap,false
9.983266484,Regular,7,Delete,Deployment,false
10.002810822,Regular,5,Create,Deployment,false
10.003024255,Regular,5,Create,Deployment,false
10.003007614,Regular,5,Create,Deployment,false
10.003071945,Regular,5,Create,Deployment,false
9.003067425,Regular,8,Create,Deployment,false
9.022915497,Regular,6,Create,ConfigMap,false
9.042649823,Regular,8,Update,Deployment,false
9.06307749,Regular,4,Delete,ConfigMap,false
9.082878543,Regular,5,Delete,Deployment,false
9.103284108,Regular,8,Create,Deployment,false
9.123069131,Regular,6,Create,ConfigMap,false
9.143085461,Regular,9,Update,Deployment,false
9.163074479,Regular,6,Delete,ConfigMap,false
9.182501816,Regular,7,Delete,Deployment,false
9.203313879,Regular,9,Create,Deployment,false
9.223307736,Regular,6,Create,ConfigMap,false
9.242290182,Regular,8,Update,Deployment,false
9.263185863,Regular,6,Delete,ConfigMap,false
9.283156086,Regular,7,Delete,Deployment,false
9.303040356,Regular,8,Create,Deployment,false
9.323030827,Regular,6,Create,ConfigMap,false
9.343075731,Regular,7,Update,Deployment,false
9.363934302,Regular,7,Delete,ConfigMap,false
9.382253905,Regular,5,Delete,Deployment,false
9.403260947,Regular,7,Create,Deployment,false
9.42231562,Regular,6,Create,ConfigMap,false
9.442835892,Regular,7,Update,Deployment,false
9.462134916,Regular,6,Delete,ConfigMap,false
9.483322288,Regular,5,Delete,Deployment,false
9.503184517,Regular,6,Create,Deployment,false
9.522266781999999,Regular,7,Create,ConfigMap,false
9.542844472,Regular,8,Update,Deployment,false
9.562699367,Regular,5,Delete,ConfigMap,false
9.582401021999999,Regular,4,Delete,Deployment,false
9.602307264,Regular,8,Create,Deployment,false
9.623290831,Regular,5,Create,ConfigMap,false
9.642333862,Regular,7,Update,Deployment,false
9.662383514,Regular,6,Delete,ConfigMap,false
9.683051666,Regular,7,Delete,Deployment,false
9.702997462,Regular,8,Create,Deployment,false
9.722272761,Regular,7,Create,ConfigMap,false
9.742170567,Regular,8,Update,Deployment,false
9.762317574,Regular,4,Delete,ConfigMap,false
9.783204739,Regular,6,Delete,Deployment,false
9.802495488,Regular,14,Create,Deployment,false
9.823105179,Regular,6,Create,ConfigMap,false
9.842686927,Regular,8,Update,Deployment,false
9.863408209,Regular,5,Delete,ConfigMap,false
9.882983575,Regular,5,Delete,Deployment,false
9.902407656,Regular,7,Create,Deployment,false
9.922743249,Regular,6,Create,ConfigMap,false
9.942177879,Regular,8,Update,Deployment,false
9.962292255,Regular,4,Delete,ConfigMap,false
9.983141358,Regular,8,Delete,Deployment,false
10.002972097,Regular,6,Create,Deployment,false
