start_time,role,duration_ms,operation,resource,is_error
0.002560722,Regular,16,Create,Deployment,false
0.002630664,Regular,29,Create,Deployment,false
0.00219313,Regular,30,Create,Deployment,false
0.032452943,Regular,34,Create,ConfigMap,false
0.002227876,Regular,64,Create,Deployment,false
0.002865236,Regular,50,Create,Deployment,false
0.053860826,Regular,16,Create,ConfigMap,false
0.002253544,Regular,29,Create,Deployment,false
0.032221888,Regular,41,Create,ConfigMap,false
0.074035297,Regular,13,Update,Deployment,false
0.002237874,Regular,52,Create,Deployment,false
0.05438301,Regular,15,Create,ConfigMap,false
0.070363041,Regular,13,Update,Deployment,false
0.083670942,Regular,12,Delete,ConfigMap,false
0.096071573,Regular,8,Delete,Deployment,false
0.104516316,Regular,10,Create,Deployment,false
0.121623711,Regular,7,Create,ConfigMap,false
0.142251455,Regular,10,Update,Deployment,false
0.162203828,Regular,4,Delete,ConfigMap,false
0.182423764,Regular,5,Delete,Deployment,false
0.20229279,Regular,12,Create,Deployment,false
0.222233259,Regular,12,Create,ConfigMap,false
0.243064818,Regular,11,Update,Deployment,false
0.261931706,Regular,4,Delete,ConfigMap,false
0.281488413,Regular,5,Delete,Deployment,false
0.302068157,Regular,7,Create,Deployment,false
0.322752558,Regular,7,Create,ConfigMap,false
0.342535822,Regular,8,Update,Deployment,false
0.362536676,Regular,4,Delete,ConfigMap,false
0.381928934,Regular,5,Delete,Deployment,false
0.402245181,Regular,7,Create,Deployment,false
0.421840271,Regular,6,Create,ConfigMap,false
0.442109911,Regular,9,Update,Deployment,false
0.463113313,Regular,10,Delete,ConfigMap,false
0.481982145,Regular,8,Delete,Deployment,false
0.502731227,Regular,8,Create,Deployment,false
0.522455521,Regular,10,Create,ConfigMap,false
0.54235319,Regular,21,Update,Deployment,false
0.564192596,Regular,8,Delete,ConfigMap,false
0.581993457,Regular,10,Delete,Deployment,false
0.60220097,Regular,12,Create,Deployment,false
0.622598771,Regular,9,Create,ConfigMap,false
0.642614132,Regular,8,Update,Deployment,false
0.662314119,Regular,4,Delete,ConfigMap,false
0.682360769,Regular,5,Delete,Deployment,false
0.702071166,Regular,8,Create,Deployment,false
0.722167459,Regular,10,Create,ConfigMap,false
0.742132286,Regular,8,Update,Deployment,false
0.761664797,Regular,5,Delete,ConfigMap,false
0.782082947,Regular,7,Delete,Deployment,false
0.801970597,Regular,5,Create,Deployment,false
0.821620009,Regular,8,Create,ConfigMap,false
0.842169847,Regular,8,Update,Deployment,false
0.862213261,Regular,5,Delete,ConfigMap,false
0.882231568,Regular,5,Delete,Deployment,false
0.903112709,Regular,10,Create,Deployment,false
0.921675886,Regular,10,Create,ConfigMap,false
0.942505089,Regular,9,Update,Deployment,false
0.961903589,Regular,6,Delete,ConfigMap,false
0.981831204,Regular,6,Delete,Deployment,false
0.06699033,Regular,13,Create,ConfigMap,false
0.080081723,Regular,10,Update,Deployment,false
0.090383512,Regular,13,Delete,ConfigMap,false
0.103806128,Regular,10,Delete,Deployment,false
0.114345565,Regular,6,Create,Deployment,false
0.121652926,Regular,7,Create,ConfigMap,false
0.142261314,Regular,10,Update,Deployment,false
0.162142713,Regular,4,Delete,ConfigMap,false
0.182348242,Regular,5,Delete,Deployment,false
0.202365637,Regular,12,Create,Deployment,false
0.221839809,Regular,12,Create,ConfigMap,false
0.242770483,Regular,10,Update,Deployment,false
0.261871703,Regular,5,Delete,ConfigMap,false
0.281554558,Regular,4,Delete,Deployment,false
0.302043962,Regular,5,Create,Deployment,false
0.32194656,Regular,9,Create,ConfigMap,false
0.3423755,Regular,8,Update,Deployment,false
0.362503543,Regular,5,Delete,ConfigMap,false
0.381865685,Regular,5,Delete,Deployment,false
0.402173226,Regular,7,Create,Deployment,false
0.421905253,Regular,6,Create,ConfigMap,false
0.442009051,Regular,9,Update,Deployment,false
0.462859174,Regular,8,Delete,ConfigMap,false
0.481901924,Regular,8,Delete,Deployment,false
0.502918921,Regular,7,Create,Deployment,false
0.522375219,Regular,10,Create,ConfigMap,false
0.542558737,Regular,16,Update,Deployment,false
0.56268671,Regular,9,Delete,ConfigMap,false
0.582140363,Regular,10,Delete,Deployment,false
0.602369677,Regular,12,Create,Deployment,false
0.622421046,Regular,9,Create,ConfigMap,false
0.642568526,Regular,8,Update,Deployment,false
0.662488317,Regular,5,Delete,ConfigMap,false
0.68228667,Regular,4,Delete,Deployment,false
0.702051559,Regular,8,Create,Deployment,false
0.722123246,Regular,7,Create,ConfigMap,false
0.741930015,Regular,9,Update,Deployment,false
0.761685947,Regular,5,Delete,ConfigMap,false
0.78262616,Regular,6,Delete,Deployment,false
0.801793464,Regular,7,Create,Deployment,false
0.821722603,Regular,7,Create,ConfigMap,false
0.842190466,Regular,8,Update,Deployment,false
0.862434517,Regular,6,Delete,ConfigMap,false
0.882382181,Regular,5,Delete,Deployment,false
0.902891192,Regular,11,Create,Deployment,false
0.921532746,Regular,11,Create,ConfigMap,false
0.942360887,Regular,10,Update,Deployment,false
0.961848635,Regular,6,Delete,ConfigMap,false
0.981802771,Regular,6,Delete,Deployment,false
0.021675338,Regular,53,Create,ConfigMap,false
0.075438099,Regular,11,Update,Deployment,false
0.087045136,Regular,8,Delete,ConfigMap,false
0.095861848,Regular,8,Delete,Deployment,false
0.103947875,Regular,13,Create,Deployment,false
0.121605967,Regular,6,Create,ConfigMap,false
0.142201211,Regular,10,Update,Deployment,false
0.162089753,Regular,5,Delete,ConfigMap,false
0.182365143,Regular,3,Delete,Deployment,false
0.202343685,Regular,13,Create,Deployment,false
0.222406405,Regular,13,Create,ConfigMap,false
0.243365604,Regular,11,Update,Deployment,false
0.261884547,Regular,5,Delete,ConfigMap,false
0.28150241,Regular,4,Delete,Deployment,false
0.302031909,Regular,7,Create,Deployment,false
0.322310496,Regular,8,Create,ConfigMap,false
0.34242296,Regular,6,Update,Deployment,false
0.362490198,Regular,4,Delete,ConfigMap,false
0.381991331,Regular,5,Delete,Deployment,false
0.402203513,Regular,7,Create,Deployment,false
0.421958313,Regular,6,Create,ConfigMap,false
0.442042694,Regular,9,Update,Deployment,false
0.462944785,Regular,6,Delete,ConfigMap,false
0.482139661,Regular,8,Delete,Deployment,false
0.502665033,Regular,8,Create,Deployment,false
0.522347768,Regular,10,Create,ConfigMap,false
0.542541294,Regular,21,Update,Deployment,false
0.563981699,Regular,10,Delete,ConfigMap,false
0.582080911,Regular,10,Delete,Deployment,false
0.6022279,Regular,12,Create,Deployment,false
0.62259298,Regular,9,Create,ConfigMap,false
0.642618921,Regular,8,Update,Deployment,false
0.662483068,Regular,5,Delete,ConfigMap,false
0.682360799,Regular,5,Delete,Deployment,false
0.702067008,Regular,8,Create,Deployment,false
0.722011536,Regular,10,Create,ConfigMap,false
0.741804839,Regular,9,Update,Deployment,false
0.761753695,Regular,6,Delete,ConfigMap,false
0.782537803,Regular,6,Delete,Deployment,false
0.802013188,Regular,7,Create,Deployment,false
0.821653693,Regular,7,Create,ConfigMap,false
0.842182631,Regular,9,Update,Deployment,false
0.862508557,Regular,6,Delete,ConfigMap,false
0.882266033,Regular,5,Delete,Deployment,false
0.902939142,Regular,10,Create,Deployment,false
0.921588922,Regular,8,Create,ConfigMap,false
0.942360907,Regular,11,Update,Deployment,false
0.961817136,Regular,6,Delete,ConfigMap,false
0.981989703,Regular,6,Delete,Deployment,false
0.002583085,Regular,63,Create,Deployment,false
0.065841307,Regular,14,Create,ConfigMap,false
0.080045284,Regular,10,Update,Deployment,false
0.090786772,Regular,12,Delete,ConfigMap,false
0.103499501,Regular,10,Delete,Deployment,false
0.114351406,Regular,5,Create,Deployment,false
0.121719772,Regular,6,Create,ConfigMap,false
0.142244863,Regular,10,Update,Deployment,false
0.162045059,Regular,5,Delete,ConfigMap,false
0.182514074,Regular,5,Delete,Deployment,false
0.202379032,Regular,13,Create,Deployment,false
0.2218302,Regular,15,Create,ConfigMap,false
0.242916258,Regular,11,Update,Deployment,false
0.261866734,Regular,5,Delete,ConfigMap,false
0.281571029,Regular,4,Delete,Deployment,false
0.301971525,Regular,7,Create,Deployment,false
0.321950558,Regular,8,Create,ConfigMap,false
0.342455591,Regular,8,Update,Deployment,false
0.362451796,Regular,5,Delete,ConfigMap,false
0.382007311,Regular,5,Delete,Deployment,false
0.402044363,Regular,7,Create,Deployment,false
0.421902849,Regular,6,Create,ConfigMap,false
0.442192076,Regular,8,Update,Deployment,false
0.462348021,Regular,8,Delete,ConfigMap,false
0.482281478,Regular,8,Delete,Deployment,false
0.502555597,Regular,8,Create,Deployment,false
0.522524911,Regular,10,Create,ConfigMap,false
0.54261374,Regular,21,Update,Deployment,false
0.56409906,Regular,10,Delete,ConfigMap,false
0.582134432,Regular,7,Delete,Deployment,false
0.602469004,Regular,13,Create,Deployment,false
0.622405086,Regular,7,Create,ConfigMap,false
0.642456675,Regular,8,Update,Deployment,false
0.662371257,Regular,5,Delete,ConfigMap,false
0.682363093,Regular,7,Delete,Deployment,false
0.701933267,Regular,7,Create,Deployment,false
0.722246128,Regular,9,Create,ConfigMap,false
0.741892013,Regular,9,Update,Deployment,false
0.761513723,Regular,6,Delete,ConfigMap,false
0.782444187,Regular,6,Delete,Deployment,false
0.801968744,Regular,5,Create,Deployment,false
0.821566859,Regular,7,Create,ConfigMap,false
0.84203865,Regular,9,Update,Deployment,false
0.862194095,Regular,7,Delete,ConfigMap,false
0.882381981,Regular,5,Delete,Deployment,false
0.902712225,Regular,9,Create,Deployment,false
0.921859191,Regular,10,Create,ConfigMap,false
0.94231453,Regular,10,Update,Deployment,false
0.962083587,Regular,6,Delete,ConfigMap,false
0.98200421,Regular,6,Delete,Deployment,false
0.002194533,Regular,16,Create,Deployment,false
0.021604684,Regular,53,Create,ConfigMap,false
0.074815386,Regular,11,Update,Deployment,false
0.086390012,Regular,7,Delete,ConfigMap,false
0.094156277,Regular,8,Delete,Deployment,false
0.103130366,Regular,11,Create,Deployment,false
0.121710825,Regular,7,Create,ConfigMap,false
0.142249051,Regular,10,Update,Deployment,false
0.16201401,Regular,5,Delete,ConfigMap,false
0.18252281,Regular,5,Delete,Deployment,false
0.202335871,Regular,12,Create,Deployment,false
0.222793124,Regular,11,Create,ConfigMap,false
0.243066932,Regular,10,Update,Deployment,false
0.261908041,Regular,5,Delete,ConfigMap,false
0.281597589,Regular,4,Delete,Deployment,false
0.301980382,Regular,7,Create,Deployment,false
0.322508639,Regular,7,Create,ConfigMap,false
0.342487982,Regular,7,Update,Deployment,false
0.362504966,Regular,4,Delete,ConfigMap,false
0.382036627,Regular,7,Delete,Deployment,false
0.402112301,Regular,7,Create,Deployment,false
0.421816516,Regular,6,Create,ConfigMap,false
0.442147251,Regular,7,Update,Deployment,false
0.462710524,Regular,8,Delete,ConfigMap,false
0.482413407,Regular,8,Delete,Deployment,false
0.502492037,Regular,8,Create,Deployment,false
0.522523729,Regular,10,Create,ConfigMap,false
0.542616936,Regular,17,Update,Deployment,false
0.562567626,Regular,9,Delete,ConfigMap,false
0.582428476,Regular,7,Delete,Deployment,false
0.602293284,Regular,13,Create,Deployment,false
0.622386231,Regular,9,Create,ConfigMap,false
0.642679194,Regular,9,Update,Deployment,false
0.662344577,Regular,5,Delete,ConfigMap,false
0.682317718,Regular,7,Delete,Deployment,false
0.701917457,Regular,8,Create,Deployment,false
0.72240156,Regular,9,Create,ConfigMap,false
0.74181618,Regular,9,Update,Deployment,false
0.761495308,Regular,5,Delete,ConfigMap,false
0.782131228,Regular,7,Delete,Deployment,false
0.802015332,Regular,6,Create,Deployment,false
0.821710159,Regular,7,Create,ConfigMap,false
0.842021427,Regular,9,Update,Deployment,false
0.862434848,Regular,6,Delete,ConfigMap,false
0.882444519,Regular,5,Delete,Deployment,false
0.902888968,Regular,9,Create,Deployment,false
0.922007991,Regular,10,Create,ConfigMap,false
0.942539494,Regular,9,Update,Deployment,false
0.962206258,Regular,6,Delete,ConfigMap,false
0.982006124,Regular,6,Delete,Deployment,false
0.070669539,Regular,13,Update,Deployment,false
0.083943485,Regular,12,Delete,ConfigMap,false
0.09618682,Regular,7,Delete,Deployment,false
0.103580824,Regular,10,Create,Deployment,false
0.121636274,Regular,7,Create,ConfigMap,false
0.142234343,Regular,8,Update,Deployment,false
0.162028257,Regular,4,Delete,ConfigMap,false
0.182457157,Regular,4,Delete,Deployment,false
0.202538913,Regular,13,Create,Deployment,false
0.22342281,Regular,12,Create,ConfigMap,false
0.243554169,Regular,11,Update,Deployment,false
0.262118588,Regular,5,Delete,ConfigMap,false
0.281451574,Regular,4,Delete,Deployment,false
0.302133841,Regular,7,Create,Deployment,false
0.322665905,Regular,7,Create,ConfigMap,false
0.342456072,Regular,8,Update,Deployment,false
0.36253345,Regular,4,Delete,ConfigMap,false
0.381988937,Regular,7,Delete,Deployment,false
0.401988277,Regular,7,Create,Deployment,false
0.42184523,Regular,6,Create,ConfigMap,false
0.442175865,Regular,9,Update,Deployment,false
0.462758464,Regular,10,Delete,ConfigMap,false
0.481837102,Regular,7,Delete,Deployment,false
0.502507326,Regular,8,Create,Deployment,false
0.522521515,Regular,10,Create,ConfigMap,false
0.542119359,Regular,14,Update,Deployment,false
0.562914549,Regular,8,Delete,ConfigMap,false
0.58210141,Regular,10,Delete,Deployment,false
0.602184769,Regular,13,Create,Deployment,false
0.62259263,Regular,8,Create,ConfigMap,false
0.642584496,Regular,7,Update,Deployment,false
0.662411443,Regular,5,Delete,ConfigMap,false
0.682410573,Regular,5,Delete,Deployment,false
0.702091514,Regular,8,Create,Deployment,false
0.722302524,Regular,9,Create,ConfigMap,false
0.742137956,Regular,8,Update,Deployment,false
0.7615918,Regular,6,Delete,ConfigMap,false
0.782290227,Regular,7,Delete,Deployment,false
0.801917177,Regular,7,Create,Deployment,false
0.821501807,Regular,7,Create,ConfigMap,false
0.842095637,Regular,10,Update,Deployment,false
0.862296457,Regular,7,Delete,ConfigMap,false
0.882380538,Regular,5,Delete,Deployment,false
0.90296473,Regular,11,Create,Deployment,false
0.921908974,Regular,10,Create,ConfigMap,false
0.942361158,Regular,10,Update,Deployment,false
0.961716306,Regular,6,Delete,ConfigMap,false
0.981945039,Regular,4,Delete,Deployment,false
0.032270189,Regular,37,Create,ConfigMap,false
0.069650009,Regular,14,Update,Deployment,false
0.084055215,Regular,12,Delete,ConfigMap,false
0.096331984,Regular,6,Delete,Deployment,false
0.103113554,Regular,11,Create,Deployment,false
0.121664407,Regular,7,Create,ConfigMap,false
0.142069402,Regular,10,Update,Deployment,false
0.162129858,Regular,4,Delete,ConfigMap,false
0.182504255,Regular,4,Delete,Deployment,false
0.202264546,Regular,14,Create,Deployment,false
0.222452091,Regular,11,Create,ConfigMap,false
0.24261468,Regular,11,Update,Deployment,false
0.261750685,Regular,5,Delete,ConfigMap,false
0.281552564,Regular,5,Delete,Deployment,false
0.30190498,Regular,7,Create,Deployment,false
0.321789284,Regular,8,Create,ConfigMap,false
0.342381652,Regular,8,Update,Deployment,false
0.362519584,Regular,3,Delete,ConfigMap,false
0.382046595,Regular,5,Delete,Deployment,false
0.402081112,Regular,5,Create,Deployment,false
0.421901717,Regular,5,Create,ConfigMap,false
0.442204349,Regular,10,Update,Deployment,false
0.462754026,Regular,10,Delete,ConfigMap,false
0.48210694,Regular,8,Delete,Deployment,false
0.502476828,Regular,8,Create,Deployment,false
0.522490336,Regular,10,Create,ConfigMap,false
0.542485419,Regular,18,Update,Deployment,false
0.562039622,Regular,7,Delete,ConfigMap,false
0.58192623,Regular,7,Delete,Deployment,false
0.60239774,Regular,12,Create,Deployment,false
0.622372134,Regular,9,Create,ConfigMap,false
0.642412572,Regular,8,Update,Deployment,false
0.662469632,Regular,5,Delete,ConfigMap,false
0.682232357,Regular,7,Delete,Deployment,false
0.701877021,Regular,8,Create,Deployment,false
0.722121793,Regular,10,Create,ConfigMap,false
0.742040202,Regular,8,Update,Deployment,false
0.76145944,Regular,6,Delete,ConfigMap,false
0.782409832,Regular,7,Delete,Deployment,false
0.801777243,Regular,7,Create,Deployment,false
0.821663181,Regular,7,Create,ConfigMap,false
0.842084196,Regular,9,Update,Deployment,false
0.862077094,Regular,7,Delete,ConfigMap,false
0.882384455,Regular,5,Delete,Deployment,false
0.902797796,Regular,10,Create,Deployment,false
0.921491999,Regular,11,Create,ConfigMap,false
0.942211596,Regular,11,Update,Deployment,false
0.961635353,Regular,7,Delete,ConfigMap,false
0.981776882,Regular,6,Delete,Deployment,false
1.001885679,Regular,7,Create,Deployment,false
0.087173888,Regular,9,Delete,ConfigMap,false
0.096482387,Regular,7,Delete,Deployment,false
0.103646217,Regular,8,Create,Deployment,false
0.121686479,Regular,7,Create,ConfigMap,false
0.142046429,Regular,10,Update,Deployment,false
0.162061349,Regular,5,Delete,ConfigMap,false
0.182455954,Regular,5,Delete,Deployment,false
0.202458872,Regular,13,Create,Deployment,false
0.222948456,Regular,11,Create,ConfigMap,false
0.243128457,Regular,9,Update,Deployment,false
0.261871713,Regular,5,Delete,ConfigMap,false
0.281460531,Regular,5,Delete,Deployment,false
0.302001101,Regular,6,Create,Deployment,false
0.322166775,Regular,9,Create,ConfigMap,false
0.342353469,Regular,8,Update,Deployment,false
0.362435946,Regular,5,Delete,ConfigMap,false
0.382099625,Regular,7,Delete,Deployment,false
0.402006362,Regular,7,Create,Deployment,false
0.421915653,Regular,7,Create,ConfigMap,false
0.442195152,Regular,9,Update,Deployment,false
0.4623258,Regular,8,Delete,ConfigMap,false
0.481713639,Regular,8,Delete,Deployment,false
0.502659743,Regular,8,Create,Deployment,false
0.522454529,Regular,10,Create,ConfigMap,false
0.542166408,Regular,16,Update,Deployment,false
0.56274525,Regular,9,Delete,ConfigMap,false
0.581961276,Regular,6,Delete,Deployment,false
0.602702644,Regular,8,Create,Deployment,false
0.622435624,Regular,9,Create,ConfigMap,false
0.642391793,Regular,9,Update,Deployment,false
0.66243123,Regular,5,Delete,ConfigMap,false
0.682364396,Regular,5,Delete,Deployment,false
0.702054014,Regular,8,Create,Deployment,false
0.72221035,Regular,9,Create,ConfigMap,false
0.742030905,Regular,8,Update,Deployment,false
0.761531516,Regular,5,Delete,ConfigMap,false
0.782145585,Regular,7,Delete,Deployment,false
0.802036391,Regular,7,Create,Deployment,false
0.821651479,Regular,5,Create,ConfigMap,false
0.842064569,Regular,9,Update,Deployment,false
0.862501894,Regular,7,Delete,ConfigMap,false
0.882438207,Regular,5,Delete,Deployment,false
0.902832692,Regular,11,Create,Deployment,false
0.922016737,Regular,10,Create,ConfigMap,false
0.942078876,Regular,10,Update,Deployment,false
0.962161364,Regular,6,Delete,ConfigMap,false
0.98179164,Regular,6,Delete,Deployment,false
1.001892993,Regular,7,Create,Deployment,false
0.002863272,Regular,52,Create,Deployment,false
0.054932645,Regular,10,Create,ConfigMap,false
0.065932358,Regular,15,Update,Deployment,false
0.081028987,Regular,11,Delete,ConfigMap,false
0.092358712,Regular,10,Delete,Deployment,false
0.103360339,Regular,9,Create,Deployment,false
0.121527299,Regular,6,Create,ConfigMap,false
0.142175793,Regular,10,Update,Deployment,false
0.162113267,Regular,4,Delete,ConfigMap,false
0.182475421,Regular,4,Delete,Deployment,false
0.202529605,Regular,14,Create,Deployment,false
0.223263279,Regular,12,Create,ConfigMap,false
0.243722035,Regular,9,Update,Deployment,false
0.261808264,Regular,4,Delete,ConfigMap,false
0.281577431,Regular,5,Delete,Deployment,false
0.302134282,Regular,7,Create,Deployment,false
0.32150555,Regular,9,Create,ConfigMap,false
0.342572291,Regular,8,Update,Deployment,false
0.362409066,Regular,5,Delete,ConfigMap,false
0.381828795,Regular,5,Delete,Deployment,false
0.402129924,Regular,7,Create,Deployment,false
0.421934829,Regular,6,Create,ConfigMap,false
0.44215719,Regular,10,Update,Deployment,false
0.462305962,Regular,12,Delete,ConfigMap,false
0.481694162,Regular,8,Delete,Deployment,false
0.502667507,Regular,8,Create,Deployment,false
0.522304296,Regular,10,Create,ConfigMap,false
0.542345205,Regular,18,Update,Deployment,false
0.562526138,Regular,9,Delete,ConfigMap,false
0.582080901,Regular,6,Delete,Deployment,false
0.602413229,Regular,13,Create,Deployment,false
0.62247047,Regular,9,Create,ConfigMap,false
0.642519884,Regular,9,Update,Deployment,false
0.662283482,Regular,5,Delete,ConfigMap,false
0.682364406,Regular,7,Delete,Deployment,false
0.702138783,Regular,8,Create,Deployment,false
0.722276274,Regular,9,Create,ConfigMap,false
0.741758973,Regular,9,Update,Deployment,false
0.761577503,Regular,6,Delete,ConfigMap,false
0.782098075,Regular,7,Delete,Deployment,false
0.802018277,Regular,7,Create,Deployment,false
0.821553715,Regular,8,Create,ConfigMap,false
0.842114132,Regular,10,Update,Deployment,false
0.862440799,Regular,8,Delete,ConfigMap,false
0.882438207,Regular,5,Delete,Deployment,false
0.90299117,Regular,11,Create,Deployment,false
0.921889047,Regular,10,Create,ConfigMap,false
0.942414679,Regular,7,Update,Deployment,false
0.961808049,Regular,6,Delete,ConfigMap,false
0.982066397,Regular,6,Delete,Deployment,false
1.001808854,Regular,7,Create,Deployment,false
0.066620283,Regular,11,Update,Deployment,false
0.078296271,Regular,11,Delete,ConfigMap,false
0.090223331,Regular,7,Delete,Deployment,false
0.103013305,Regular,14,Create,Deployment,false
0.121661001,Regular,6,Create,ConfigMap,false
0.142193666,Regular,10,Update,Deployment,false
0.162002098,Regular,5,Delete,ConfigMap,false
0.182335568,Regular,5,Delete,Deployment,false
0.202539644,Regular,12,Create,Deployment,false
0.222630618,Regular,14,Create,ConfigMap,false
0.242265773,Regular,12,Update,Deployment,false
0.262037976,Regular,5,Delete,ConfigMap,false
0.281650509,Regular,4,Delete,Deployment,false
0.302081212,Regular,7,Create,Deployment,false
0.322955651,Regular,8,Create,ConfigMap,false
0.342495917,Regular,8,Update,Deployment,false
0.362578274,Regular,4,Delete,ConfigMap,false
0.381991311,Regular,5,Delete,Deployment,false
0.402061095,Regular,7,Create,Deployment,false
0.421958804,Regular,6,Create,ConfigMap,false
0.441999954,Regular,9,Update,Deployment,false
0.462771509,Regular,10,Delete,ConfigMap,false
0.481744237,Regular,8,Delete,Deployment,false
0.502660945,Regular,8,Create,Deployment,false
0.522464558,Regular,10,Create,ConfigMap,false
0.542914397,Regular,15,Update,Deployment,false
0.562337563,Regular,10,Delete,ConfigMap,false
0.582028483,Regular,10,Delete,Deployment,false
0.602462051,Regular,13,Create,Deployment,false
0.622644277,Regular,9,Create,ConfigMap,false
0.642493094,Regular,8,Update,Deployment,false
0.662437041,Regular,5,Delete,ConfigMap,false
0.682370357,Regular,3,Delete,Deployment,false
0.702067078,Regular,8,Create,Deployment,false
0.721730096,Regular,10,Create,ConfigMap,false
0.741985599,Regular,9,Update,Deployment,false
0.761611797,Regular,6,Delete,ConfigMap,false
0.782231577,Regular,4,Delete,Deployment,false
0.801950971,Regular,7,Create,Deployment,false
0.821602827,Regular,8,Create,ConfigMap,false
0.842127277,Regular,9,Update,Deployment,false
0.862247696,Regular,7,Delete,ConfigMap,false
0.882485706,Regular,5,Delete,Deployment,false
0.902445472,Regular,11,Create,Deployment,false
0.922007981,Regular,10,Create,ConfigMap,false
0.942062085,Regular,10,Update,Deployment,false
0.961797048,Regular,6,Delete,ConfigMap,false
0.982001174,Regular,6,Delete,Deployment,false
1.001848299,Regular,7,Create,Deployment,false
1.02218254,Regular,10,Create,ConfigMap,false
1.04220273,Regular,8,Update,Deployment,false
1.061821174,Regular,6,Delete,ConfigMap,false
1.0816269,Regular,4,Delete,Deployment,false
1.102507561,Regular,9,Create,Deployment,false
1.122459613,Regular,8,Create,ConfigMap,false
1.141718049,Regular,9,Update,Deployment,false
1.162564815,Regular,7,Delete,ConfigMap,false
1.182082189,Regular,7,Delete,Deployment,false
1.202072082,Regular,6,Create,Deployment,false
1.222134872,Regular,11,Create,ConfigMap,false
1.242412597,Regular,8,Update,Deployment,false
1.261560575,Regular,5,Delete,ConfigMap,false
1.28187027,Regular,4,Delete,Deployment,false
1.301764263,Regular,7,Create,Deployment,false
1.3220057299999999,Regular,7,Create,ConfigMap,false
1.34185628,Regular,8,Update,Deployment,false
1.362406629,Regular,7,Delete,ConfigMap,false
1.3818000289999999,Regular,5,Delete,Deployment,false
1.401670527,Regular,6,Create,Deployment,false
1.4219883580000001,Regular,6,Create,ConfigMap,false
1.441828549,Regular,8,Update,Deployment,false
1.46163146,Regular,5,Delete,ConfigMap,false
1.482486873,Regular,5,Delete,Deployment,false
1.501688291,Regular,7,Create,Deployment,false
1.522368194,Regular,7,Create,ConfigMap,false
1.542613608,Regular,10,Update,Deployment,false
1.5625371160000001,Regular,6,Delete,ConfigMap,false
1.582080168,Regular,6,Delete,Deployment,false
1.602094417,Regular,9,Create,Deployment,false
1.622276071,Regular,7,Create,ConfigMap,false
1.642114028,Regular,9,Update,Deployment,false
1.66177912,Regular,5,Delete,ConfigMap,false
1.682499388,Regular,7,Delete,Deployment,false
1.702151295,Regular,7,Create,Deployment,false
1.7221533610000002,Regular,6,Create,ConfigMap,false
1.742310669,Regular,10,Update,Deployment,false
1.761769342,Regular,5,Delete,ConfigMap,false
1.782095889,Regular,5,Delete,Deployment,false
1.8023690449999998,Regular,8,Create,Deployment,false
1.822092016,Regular,7,Create,ConfigMap,false
1.84187546,Regular,11,Update,Deployment,false
1.862455735,Regular,5,Delete,ConfigMap,false
1.882761353,Regular,5,Delete,Deployment,false
1.902442905,Regular,11,Create,Deployment,false
1.922473535,Regular,8,Create,ConfigMap,false
1.941909465,Regular,10,Update,Deployment,false
1.962275427,Regular,6,Delete,ConfigMap,false
1.9823237200000001,Regular,14,Delete,Deployment,false
1.001870701,Regular,6,Create,Deployment,false
1.022215262,Regular,9,Create,ConfigMap,false
1.042231444,Regular,8,Update,Deployment,false
1.06171821,Regular,6,Delete,ConfigMap,false
1.081740063,Regular,4,Delete,Deployment,false
1.102580598,Regular,8,Create,Deployment,false
1.122780617,Regular,8,Create,ConfigMap,false
1.141659378,Regular,11,Update,Deployment,false
1.162054364,Regular,7,Delete,ConfigMap,false
1.1822268710000001,Regular,4,Delete,Deployment,false
1.202109532,Regular,6,Create,Deployment,false
1.222091981,Regular,12,Create,ConfigMap,false
1.242244922,Regular,9,Update,Deployment,false
1.261538283,Regular,5,Delete,ConfigMap,false
1.282033207,Regular,3,Delete,Deployment,false
1.301780403,Regular,7,Create,Deployment,false
1.321917133,Regular,7,Create,ConfigMap,false
1.341817628,Regular,9,Update,Deployment,false
1.362477162,Regular,5,Delete,ConfigMap,false
1.381740436,Regular,5,Delete,Deployment,false
1.401801063,Regular,6,Create,Deployment,false
1.4219312,Regular,6,Create,ConfigMap,false
1.441845611,Regular,8,Update,Deployment,false
1.461696533,Regular,5,Delete,ConfigMap,false
1.482514255,Regular,4,Delete,Deployment,false
1.50174043,Regular,7,Create,Deployment,false
1.5223837329999999,Regular,7,Create,ConfigMap,false
1.542551471,Regular,10,Update,Deployment,false
1.562504134,Regular,6,Delete,ConfigMap,false
1.582231673,Regular,7,Delete,Deployment,false
1.6017233979999999,Regular,9,Create,Deployment,false
1.621900814,Regular,7,Create,ConfigMap,false
1.642176726,Regular,8,Update,Deployment,false
1.6616870860000001,Regular,5,Delete,ConfigMap,false
1.682620747,Regular,8,Delete,Deployment,false
1.7020129339999999,Regular,8,Create,Deployment,false
1.721966238,Regular,7,Create,ConfigMap,false
1.742208687,Regular,10,Update,Deployment,false
1.761712435,Regular,4,Delete,ConfigMap,false
1.7820958390000001,Regular,6,Delete,Deployment,false
1.8023268959999998,Regular,8,Create,Deployment,false
1.822220428,Regular,7,Create,ConfigMap,false
1.842020183,Regular,11,Update,Deployment,false
1.862494799,Regular,5,Delete,ConfigMap,false
1.88266921,Regular,5,Delete,Deployment,false
1.902326226,Regular,10,Create,Deployment,false
1.922556231,Regular,8,Create,ConfigMap,false
1.9419938939999999,Regular,10,Update,Deployment,false
1.962178905,Regular,6,Delete,ConfigMap,false
1.982421083,Regular,14,Delete,Deployment,false
1.02254324,Regular,9,Create,ConfigMap,false
1.042283983,Regular,8,Update,Deployment,false
1.061843767,Regular,6,Delete,ConfigMap,false
1.081686222,Regular,4,Delete,Deployment,false
1.102482353,Regular,8,Create,Deployment,false
1.122303739,Regular,7,Create,ConfigMap,false
1.141606519,Regular,10,Update,Deployment,false
1.1628169,Regular,6,Delete,ConfigMap,false
1.182289018,Regular,5,Delete,Deployment,false
1.201930886,Regular,6,Create,Deployment,false
1.22199583,Regular,11,Create,ConfigMap,false
1.242116159,Regular,9,Update,Deployment,false
1.261578519,Regular,5,Delete,ConfigMap,false
1.281895748,Regular,5,Delete,Deployment,false
1.301892795,Regular,7,Create,Deployment,false
1.32199014,Regular,7,Create,ConfigMap,false
1.341869856,Regular,9,Update,Deployment,false
1.362458196,Regular,5,Delete,ConfigMap,false
1.381849442,Regular,5,Delete,Deployment,false
1.401732794,Regular,7,Create,Deployment,false
1.421919839,Regular,6,Create,ConfigMap,false
1.441874305,Regular,8,Update,Deployment,false
1.461717562,Regular,4,Delete,ConfigMap,false
1.48248523,Regular,5,Delete,Deployment,false
1.501773392,Regular,7,Create,Deployment,false
1.522411996,Regular,7,Create,ConfigMap,false
1.5426135680000002,Regular,10,Update,Deployment,false
1.56261877,Regular,6,Delete,ConfigMap,false
1.5820521749999998,Regular,6,Delete,Deployment,false
1.602338136,Regular,7,Create,Deployment,false
1.622022974,Regular,7,Create,ConfigMap,false
1.642101264,Regular,9,Update,Deployment,false
1.6616376929999999,Regular,5,Delete,ConfigMap,false
1.6826811400000001,Regular,7,Delete,Deployment,false
1.701993518,Regular,8,Create,Deployment,false
1.722142921,Regular,6,Create,ConfigMap,false
1.7424632469999999,Regular,9,Update,Deployment,false
1.761608619,Regular,6,Delete,ConfigMap,false
1.782155682,Regular,5,Delete,Deployment,false
1.80253088,Regular,7,Create,Deployment,false
1.822312611,Regular,7,Create,ConfigMap,false
1.841851125,Regular,9,Update,Deployment,false
1.8625395930000002,Regular,5,Delete,ConfigMap,false
1.882672967,Regular,6,Delete,Deployment,false
1.9022605320000001,Regular,8,Create,Deployment,false
1.922342088,Regular,9,Create,ConfigMap,false
1.941935805,Regular,11,Update,Deployment,false
1.962184004,Regular,6,Delete,ConfigMap,false
1.982466719,Regular,14,Delete,Deployment,false
1.001817821,Regular,7,Create,Deployment,false
1.022379131,Regular,10,Create,ConfigMap,false
1.042342924,Regular,9,Update,Deployment,false
1.061678796,Regular,6,Delete,ConfigMap,false
1.08170633,Regular,4,Delete,Deployment,false
1.10230527,Regular,9,Create,Deployment,false
1.122502374,Regular,7,Create,ConfigMap,false
1.141685678,Regular,9,Update,Deployment,false
1.162220818,Regular,7,Delete,ConfigMap,false
1.182224376,Regular,4,Delete,Deployment,false
1.201954981,Regular,7,Create,Deployment,false
1.22211271,Regular,12,Create,ConfigMap,false
1.24246703,Regular,7,Update,Deployment,false
1.261885917,Regular,5,Delete,ConfigMap,false
1.281956563,Regular,4,Delete,Deployment,false
1.301817233,Regular,8,Create,Deployment,false
1.321946558,Regular,7,Create,ConfigMap,false
1.341954275,Regular,8,Update,Deployment,false
1.362491158,Regular,5,Delete,ConfigMap,false
1.381896811,Regular,5,Delete,Deployment,false
1.401657563,Regular,6,Create,Deployment,false
1.422069881,Regular,6,Create,ConfigMap,false
1.4417282,Regular,8,Update,Deployment,false
1.461656467,Regular,5,Delete,ConfigMap,false
1.48246419,Regular,5,Delete,Deployment,false
1.50180972,Regular,6,Create,Deployment,false
1.522388151,Regular,7,Create,ConfigMap,false
1.5424765,Regular,10,Update,Deployment,false
1.562679344,Regular,6,Delete,ConfigMap,false
1.582237554,Regular,4,Delete,Deployment,false
1.601981444,Regular,9,Create,Deployment,false
1.622074952,Regular,7,Create,ConfigMap,false
1.642221951,Regular,8,Update,Deployment,false
1.661803796,Regular,5,Delete,ConfigMap,false
1.682678686,Regular,5,Delete,Deployment,false
1.702128061,Regular,7,Create,Deployment,false
1.7221263900000001,Regular,6,Create,ConfigMap,false
1.74233225,Regular,6,Update,Deployment,false
1.761640239,Regular,6,Delete,ConfigMap,false
1.782098714,Regular,5,Delete,Deployment,false
1.802495183,Regular,7,Create,Deployment,false
1.8221205600000001,Regular,7,Create,ConfigMap,false
1.841910717,Regular,8,Update,Deployment,false
1.862455545,Regular,5,Delete,ConfigMap,false
1.882696761,Regular,6,Delete,Deployment,false
1.902390006,Regular,11,Create,Deployment,false
1.922057041,Regular,9,Create,ConfigMap,false
1.941826559,Regular,11,Update,Deployment,false
1.962237776,Regular,6,Delete,ConfigMap,false
1.982348727,Regular,14,Delete,Deployment,false
1.001710519,Regular,7,Create,Deployment,false
1.022788832,Regular,10,Create,ConfigMap,false
1.042342223,Regular,8,Update,Deployment,false
1.061785367,Regular,6,Delete,ConfigMap,false
1.081759911,Regular,4,Delete,Deployment,false
1.102256849,Regular,9,Create,Deployment,false
1.122556365,Regular,8,Create,ConfigMap,false
1.142003626,Regular,10,Update,Deployment,false
1.162080143,Regular,7,Delete,ConfigMap,false
1.182351636,Regular,5,Delete,Deployment,false
1.202205082,Regular,6,Create,Deployment,false
1.222034854,Regular,12,Create,ConfigMap,false
1.241972919,Regular,9,Update,Deployment,false
1.2618775420000001,Regular,4,Delete,ConfigMap,false
1.281921236,Regular,5,Delete,Deployment,false
1.301717685,Regular,8,Create,Deployment,false
1.322041948,Regular,7,Create,ConfigMap,false
1.341954125,Regular,6,Update,Deployment,false
1.3625348,Regular,5,Delete,ConfigMap,false
1.38176912,Regular,5,Delete,Deployment,false
1.401772679,Regular,6,Create,Deployment,false
1.422044714,Regular,5,Create,ConfigMap,false
1.4419797540000001,Regular,7,Update,Deployment,false
1.461754652,Regular,4,Delete,ConfigMap,false
1.482445535,Regular,5,Delete,Deployment,false
1.5018454669999999,Regular,7,Create,Deployment,false
1.522492057,Regular,7,Create,ConfigMap,false
1.542533688,Regular,10,Update,Deployment,false
1.562600716,Regular,6,Delete,ConfigMap,false
1.582291646,Regular,7,Delete,Deployment,false
1.6018502570000002,Regular,9,Create,Deployment,false
1.621863474,Regular,8,Create,ConfigMap,false
1.642220629,Regular,9,Update,Deployment,false
1.661771335,Regular,5,Delete,ConfigMap,false
1.682619374,Regular,8,Delete,Deployment,false
1.702126819,Regular,7,Create,Deployment,false
1.722113335,Regular,6,Create,ConfigMap,false
1.7424409650000001,Regular,10,Update,Deployment,false
1.761586868,Regular,6,Delete,ConfigMap,false
1.782180308,Regular,5,Delete,Deployment,false
1.802449116,Regular,7,Create,Deployment,false
1.8222405560000001,Regular,7,Create,ConfigMap,false
1.8421031289999998,Regular,11,Update,Deployment,false
1.862509266,Regular,5,Delete,ConfigMap,false
1.8825150389999998,Regular,6,Delete,Deployment,false
1.902458004,Regular,10,Create,Deployment,false
1.92214662,Regular,9,Create,ConfigMap,false
1.941768359,Regular,11,Update,Deployment,false
1.962550545,Regular,6,Delete,ConfigMap,false
1.982526802,Regular,14,Delete,Deployment,false
1.001742259,Regular,7,Create,Deployment,false
1.022713891,Regular,9,Create,ConfigMap,false
1.042341482,Regular,8,Update,Deployment,false
1.061691741,Regular,6,Delete,ConfigMap,false
1.081755783,Regular,6,Delete,Deployment,false
1.102601919,Regular,9,Create,Deployment,false
1.122491613,Regular,8,Create,ConfigMap,false
1.141769836,Regular,10,Update,Deployment,false
1.162071136,Regular,7,Delete,ConfigMap,false
1.182234806,Regular,7,Delete,Deployment,false
1.201884288,Regular,7,Create,Deployment,false
1.22195328,Regular,11,Create,ConfigMap,false
1.242236175,Regular,8,Update,Deployment,false
1.261792251,Regular,5,Delete,ConfigMap,false
1.281906428,Regular,5,Delete,Deployment,false
1.3018945880000001,Regular,7,Create,Deployment,false
1.322057447,Regular,7,Create,ConfigMap,false
1.341897989,Regular,8,Update,Deployment,false
1.362510955,Regular,5,Delete,ConfigMap,false
1.38183813,Regular,5,Delete,Deployment,false
1.401696316,Regular,6,Create,Deployment,false
1.42188846,Regular,6,Create,ConfigMap,false
1.441827787,Regular,7,Update,Deployment,false
1.461759962,Regular,4,Delete,ConfigMap,false
1.482446768,Regular,5,Delete,Deployment,false
1.5018448260000001,Regular,7,Create,Deployment,false
1.5224940710000001,Regular,7,Create,ConfigMap,false
1.542658723,Regular,10,Update,Deployment,false
1.5626666999999999,Regular,6,Delete,ConfigMap,false
1.582282589,Regular,5,Delete,Deployment,false
1.6017826899999998,Regular,9,Create,Deployment,false
1.621920501,Regular,7,Create,ConfigMap,false
1.642036622,Regular,9,Update,Deployment,false
1.661721591,Regular,4,Delete,ConfigMap,false
1.6825671660000001,Regular,7,Delete,Deployment,false
1.702126388,Regular,8,Create,Deployment,false
1.7219959139999998,Regular,6,Create,ConfigMap,false
1.742236259,Regular,10,Update,Deployment,false
1.761774331,Regular,6,Delete,ConfigMap,false
1.781978278,Regular,4,Delete,Deployment,false
1.8025382140000001,Regular,7,Create,Deployment,false
1.8222871029999999,Regular,7,Create,ConfigMap,false
1.842060759,Regular,8,Update,Deployment,false
1.862382137,Regular,5,Delete,ConfigMap,false
1.8828653389999999,Regular,5,Delete,Deployment,false
1.902258769,Regular,11,Create,Deployment,false
1.9221326429999999,Regular,9,Create,ConfigMap,false
1.9422733399999998,Regular,9,Update,Deployment,false
1.962504899,Regular,7,Delete,ConfigMap,false
1.982372311,Regular,14,Delete,Deployment,false
1.022625434,Regular,9,Create,ConfigMap,false
1.042410632,Regular,9,Update,Deployment,false
1.06185089,Regular,6,Delete,ConfigMap,false
1.081620889,Regular,4,Delete,Deployment,false
1.10237433,Regular,9,Create,Deployment,false
1.122351249,Regular,8,Create,ConfigMap,false
1.141633489,Regular,10,Update,Deployment,false
1.16273201,Regular,6,Delete,ConfigMap,false
1.182106164,Regular,4,Delete,Deployment,false
1.20175799,Regular,7,Create,Deployment,false
1.222058107,Regular,12,Create,ConfigMap,false
1.242028534,Regular,9,Update,Deployment,false
1.261736787,Regular,5,Delete,ConfigMap,false
1.281844261,Regular,5,Delete,Deployment,false
1.301893416,Regular,7,Create,Deployment,false
1.322029615,Regular,7,Create,ConfigMap,false
1.3419353489999999,Regular,8,Update,Deployment,false
1.3624260750000001,Regular,5,Delete,ConfigMap,false
1.3818155779999999,Regular,5,Delete,Deployment,false
1.4017688019999999,Regular,6,Create,Deployment,false
1.421865527,Regular,6,Create,ConfigMap,false
1.441786369,Regular,8,Update,Deployment,false
1.461637361,Regular,5,Delete,ConfigMap,false
1.482297376,Regular,5,Delete,Deployment,false
1.501757953,Regular,7,Create,Deployment,false
1.522353727,Regular,7,Create,ConfigMap,false
1.542590474,Regular,10,Update,Deployment,false
1.562461213,Regular,6,Delete,ConfigMap,false
1.5822913349999999,Regular,6,Delete,Deployment,false
1.602204374,Regular,9,Create,Deployment,false
1.621943114,Regular,7,Create,ConfigMap,false
1.642085785,Regular,9,Update,Deployment,false
1.6617847399999999,Regular,5,Delete,ConfigMap,false
1.682543752,Regular,7,Delete,Deployment,false
1.701967669,Regular,8,Create,Deployment,false
1.722041991,Regular,6,Create,ConfigMap,false
1.742407812,Regular,9,Update,Deployment,false
1.7616734809999999,Regular,6,Delete,ConfigMap,false
1.782180308,Regular,5,Delete,Deployment,false
1.802501455,Regular,7,Create,Deployment,false
1.822312371,Regular,5,Create,ConfigMap,false
1.841897292,Regular,11,Update,Deployment,false
1.86252211,Regular,5,Delete,ConfigMap,false
1.882756654,Regular,4,Delete,Deployment,false
1.902194067,Regular,11,Create,Deployment,false
1.922598921,Regular,5,Create,ConfigMap,false
1.941802233,Regular,10,Update,Deployment,false
1.962088915,Regular,7,Delete,ConfigMap,false
1.982474303,Regular,14,Delete,Deployment,false
2.002541852,Regular,9,Create,Deployment,false
1.001643653,Regular,7,Create,Deployment,false
1.022661262,Regular,10,Create,ConfigMap,false
1.042312727,Regular,8,Update,Deployment,false
1.06178162,Regular,6,Delete,ConfigMap,false
1.0817588790000001,Regular,4,Delete,Deployment,false
1.102053376,Regular,9,Create,Deployment,false
1.122502364,Regular,8,Create,ConfigMap,false
1.1417137099999999,Regular,9,Update,Deployment,false
1.1625110140000001,Regular,7,Delete,ConfigMap,false
1.182264943,Regular,5,Delete,Deployment,false
1.201712685,Regular,7,Create,Deployment,false
1.2219454650000001,Regular,11,Create,ConfigMap,false
1.24201027,Regular,9,Update,Deployment,false
1.261652578,Regular,5,Delete,ConfigMap,false
1.281939491,Regular,5,Delete,Deployment,false
1.301736861,Regular,7,Create,Deployment,false
1.322068117,Regular,7,Create,ConfigMap,false
1.341833247,Regular,9,Update,Deployment,false
1.362511246,Regular,5,Delete,ConfigMap,false
1.381868277,Regular,5,Delete,Deployment,false
1.401769574,Regular,6,Create,Deployment,false
1.421906203,Regular,6,Create,ConfigMap,false
1.441812819,Regular,8,Update,Deployment,false
1.461858337,Regular,3,Delete,ConfigMap,false
1.482330028,Regular,5,Delete,Deployment,false
1.5018633810000002,Regular,7,Create,Deployment,false
1.522550547,Regular,7,Create,ConfigMap,false
1.542624979,Regular,9,Update,Deployment,false
1.562572854,Regular,6,Delete,ConfigMap,false
1.582179104,Regular,7,Delete,Deployment,false
1.601973589,Regular,9,Create,Deployment,false
1.621906495,Regular,7,Create,ConfigMap,false
1.642163171,Regular,8,Update,Deployment,false
1.6617763540000001,Regular,5,Delete,ConfigMap,false
1.682676592,Regular,4,Delete,Deployment,false
1.70206375,Regular,8,Create,Deployment,false
1.7219804650000001,Regular,6,Create,ConfigMap,false
1.742278038,Regular,10,Update,Deployment,false
1.7617148889999998,Regular,6,Delete,ConfigMap,false
1.782224131,Regular,5,Delete,Deployment,false
1.802685511,Regular,8,Create,Deployment,false
1.8222858610000001,Regular,6,Create,ConfigMap,false
1.842024832,Regular,11,Update,Deployment,false
1.8623330839999999,Regular,5,Delete,ConfigMap,false
1.882636528,Regular,6,Delete,Deployment,false
1.9020699429999999,Regular,11,Create,Deployment,false
1.921990476,Regular,8,Create,ConfigMap,false
1.942401351,Regular,10,Update,Deployment,false
1.9625457050000001,Regular,7,Delete,ConfigMap,false
1.982489712,Regular,4,Delete,Deployment,false
2.002310737,Regular,10,Create,Deployment,false
1.001836286,Regular,7,Create,Deployment,false
1.022629432,Regular,10,Create,ConfigMap,false
1.042261822,Regular,8,Update,Deployment,false
1.061752124,Regular,6,Delete,ConfigMap,false
1.081757576,Regular,4,Delete,Deployment,false
1.102049478,Regular,9,Create,Deployment,false
1.12243159,Regular,9,Create,ConfigMap,false
1.141622739,Regular,10,Update,Deployment,false
1.1626696029999999,Regular,6,Delete,ConfigMap,false
1.182235147,Regular,6,Delete,Deployment,false
1.201767187,Regular,7,Create,Deployment,false
1.222101379,Regular,8,Create,ConfigMap,false
1.242494712,Regular,9,Update,Deployment,false
1.261654772,Regular,6,Delete,ConfigMap,false
1.28198176,Regular,4,Delete,Deployment,false
1.301983906,Regular,5,Create,Deployment,false
1.321965524,Regular,7,Create,ConfigMap,false
1.3419956929999999,Regular,7,Update,Deployment,false
1.362508651,Regular,4,Delete,ConfigMap,false
1.381946545,Regular,5,Delete,Deployment,false
1.401583623,Regular,6,Create,Deployment,false
1.422002725,Regular,6,Create,ConfigMap,false
1.441799023,Regular,7,Update,Deployment,false
1.461727611,Regular,5,Delete,ConfigMap,false
1.482364002,Regular,7,Delete,Deployment,false
1.501792397,Regular,7,Create,Deployment,false
1.522342155,Regular,7,Create,ConfigMap,false
1.542572681,Regular,10,Update,Deployment,false
1.562488865,Regular,6,Delete,ConfigMap,false
1.582232945,Regular,6,Delete,Deployment,false
1.602183304,Regular,8,Create,Deployment,false
1.622083298,Regular,7,Create,ConfigMap,false
1.642071448,Regular,9,Update,Deployment,false
1.6616226649999999,Regular,4,Delete,ConfigMap,false
1.682683384,Regular,8,Delete,Deployment,false
1.7019309200000001,Regular,8,Create,Deployment,false
1.722035719,Regular,5,Create,ConfigMap,false
1.742389498,Regular,10,Update,Deployment,false
1.76159824,Regular,6,Delete,ConfigMap,false
1.782141645,Regular,5,Delete,Deployment,false
1.8024978680000001,Regular,7,Create,Deployment,false
1.82214707,Regular,7,Create,ConfigMap,false
1.842017859,Regular,8,Update,Deployment,false
1.862491683,Regular,5,Delete,ConfigMap,false
1.8825339049999998,Regular,6,Delete,Deployment,false
1.902017855,Regular,11,Create,Deployment,false
1.922012036,Regular,8,Create,ConfigMap,false
1.941855784,Regular,11,Update,Deployment,false
1.9620634670000001,Regular,7,Delete,ConfigMap,false
1.982521923,Regular,14,Delete,Deployment,false
2.002447335,Regular,10,Create,Deployment,false
1.022148957,Regular,9,Create,ConfigMap,false
1.042270137,Regular,8,Update,Deployment,false
1.061819571,Regular,5,Delete,ConfigMap,false
1.081675642,Regular,4,Delete,Deployment,false
1.101992211,Regular,10,Create,Deployment,false
1.122557187,Regular,8,Create,ConfigMap,false
1.141715273,Regular,9,Update,Deployment,false
1.162166816,Regular,7,Delete,ConfigMap,false
1.182049978,Regular,4,Delete,Deployment,false
1.201934833,Regular,6,Create,Deployment,false
1.221824658,Regular,12,Create,ConfigMap,false
1.242234953,Regular,9,Update,Deployment,false
1.261726798,Regular,5,Delete,ConfigMap,false
1.281956753,Regular,5,Delete,Deployment,false
1.3018597729999999,Regular,7,Create,Deployment,false
1.32193158,Regular,7,Create,ConfigMap,false
1.341991816,Regular,9,Update,Deployment,false
1.362379027,Regular,5,Delete,ConfigMap,false
1.381894106,Regular,5,Delete,Deployment,false
1.401601337,Regular,6,Create,Deployment,false
1.421799602,Regular,4,Create,ConfigMap,false
1.441869686,Regular,8,Update,Deployment,false
1.461555437,Regular,5,Delete,ConfigMap,false
1.482461475,Regular,4,Delete,Deployment,false
1.5017236980000002,Regular,7,Create,Deployment,false
1.522470777,Regular,7,Create,ConfigMap,false
1.542613869,Regular,10,Update,Deployment,false
1.562621505,Regular,6,Delete,ConfigMap,false
1.5822515099999999,Regular,6,Delete,Deployment,false
1.6019921639999999,Regular,9,Create,Deployment,false
1.621960056,Regular,6,Create,ConfigMap,false
1.6421664969999998,Regular,9,Update,Deployment,false
1.661591616,Regular,5,Delete,ConfigMap,false
1.682618943,Regular,6,Delete,Deployment,false
1.702027281,Regular,8,Create,Deployment,false
1.722150215,Regular,6,Create,ConfigMap,false
1.74237989,Regular,9,Update,Deployment,false
1.761712455,Regular,6,Delete,ConfigMap,false
1.781945887,Regular,6,Delete,Deployment,false
1.8025387849999999,Regular,7,Create,Deployment,false
1.822106794,Regular,7,Create,ConfigMap,false
1.84201885,Regular,9,Update,Deployment,false
1.8623145490000002,Regular,5,Delete,ConfigMap,false
1.8824561279999998,Regular,6,Delete,Deployment,false
1.902326216,Regular,11,Create,Deployment,false
1.9219675120000002,Regular,7,Create,ConfigMap,false
1.942365604,Regular,8,Update,Deployment,false
1.96204909,Regular,5,Delete,ConfigMap,false
1.9823922189999998,Regular,14,Delete,Deployment,false
2.002633816,Regular,10,Create,Deployment,false
2.002185762,Regular,9,Create,Deployment,false
2.022328994,Regular,8,Create,ConfigMap,false
2.041921108,Regular,16,Update,Deployment,false
2.061948752,Regular,6,Delete,ConfigMap,false
2.082521202,Regular,6,Delete,Deployment,false
2.102262047,Regular,26,Create,Deployment,false
2.128563385,Regular,8,Create,ConfigMap,false
2.142289603,Regular,10,Update,Deployment,false
2.162006472,Regular,15,Delete,ConfigMap,false
2.18279046,Regular,34,Delete,Deployment,false
2.216855478,Regular,12,Create,Deployment,false
2.229073226,Regular,6,Create,ConfigMap,false
2.242050633,Regular,8,Update,Deployment,false
2.261939236,Regular,7,Delete,ConfigMap,false
2.28214225,Regular,6,Delete,Deployment,false
2.302777148,Regular,8,Create,Deployment,false
2.322318256,Regular,7,Create,ConfigMap,false
2.342135775,Regular,7,Update,Deployment,false
2.362541781,Regular,7,Delete,ConfigMap,false
2.381712492,Regular,4,Delete,Deployment,false
2.402481131,Regular,5,Create,Deployment,false
2.422143137,Regular,6,Create,ConfigMap,false
2.442452602,Regular,10,Update,Deployment,false
2.461758848,Regular,5,Delete,ConfigMap,false
2.481952925,Regular,3,Delete,Deployment,false
2.50229968,Regular,6,Create,Deployment,false
2.521595346,Regular,6,Create,ConfigMap,false
2.54198402,Regular,8,Update,Deployment,false
2.561729533,Regular,5,Delete,ConfigMap,false
2.581591746,Regular,5,Delete,Deployment,false
2.602273131,Regular,6,Create,Deployment,false
2.622373913,Regular,6,Create,ConfigMap,false
2.6425258510000003,Regular,9,Update,Deployment,false
2.662293806,Regular,5,Delete,ConfigMap,false
2.681991439,Regular,7,Delete,Deployment,false
2.701845557,Regular,9,Create,Deployment,false
2.722478721,Regular,7,Create,ConfigMap,false
2.742439209,Regular,9,Update,Deployment,false
2.762621154,Regular,6,Delete,ConfigMap,false
2.782052125,Regular,8,Delete,Deployment,false
2.803024027,Regular,8,Create,Deployment,false
2.822550477,Regular,10,Create,ConfigMap,false
2.841992759,Regular,10,Update,Deployment,false
2.86214068,Regular,5,Delete,ConfigMap,false
2.882752284,Regular,6,Delete,Deployment,false
2.902542881,Regular,7,Create,Deployment,false
2.921857453,Regular,7,Create,ConfigMap,false
2.942288256,Regular,11,Update,Deployment,false
2.961617395,Regular,6,Delete,ConfigMap,false
2.982614004,Regular,6,Delete,Deployment,false
2.022184362,Regular,9,Create,ConfigMap,false
2.042053126,Regular,16,Update,Deployment,false
2.062275367,Regular,10,Delete,ConfigMap,false
2.082038633,Regular,5,Delete,Deployment,false
2.102936857,Regular,26,Create,Deployment,false
2.128975731,Regular,11,Create,ConfigMap,false
2.14166143,Regular,10,Update,Deployment,false
2.162152928,Regular,15,Delete,ConfigMap,false
2.181541298,Regular,13,Delete,Deployment,false
2.202522858,Regular,21,Create,Deployment,false
2.224100271,Regular,10,Create,ConfigMap,false
2.242181881,Regular,8,Update,Deployment,false
2.26209552,Regular,7,Delete,ConfigMap,false
2.281948776,Regular,6,Delete,Deployment,false
2.302402182,Regular,10,Create,Deployment,false
2.322083825,Regular,6,Create,ConfigMap,false
2.342238358,Regular,8,Update,Deployment,false
2.362585333,Regular,4,Delete,ConfigMap,false
2.381766133,Regular,4,Delete,Deployment,false
2.402653346,Regular,6,Create,Deployment,false
2.422211326,Regular,5,Create,ConfigMap,false
2.44249429,Regular,10,Update,Deployment,false
2.461969995,Regular,4,Delete,ConfigMap,false
2.482002248,Regular,5,Delete,Deployment,false
2.502221884,Regular,7,Create,Deployment,false
2.521549159,Regular,5,Create,ConfigMap,false
2.541789514,Regular,8,Update,Deployment,false
2.561708233,Regular,4,Delete,ConfigMap,false
2.581548074,Regular,4,Delete,Deployment,false
2.602242724,Regular,6,Create,Deployment,false
2.622069941,Regular,6,Create,ConfigMap,false
2.642656217,Regular,9,Update,Deployment,false
2.662308374,Regular,5,Delete,ConfigMap,false
2.681966422,Regular,7,Delete,Deployment,false
2.702063247,Regular,8,Create,Deployment,false
2.722184627,Regular,7,Create,ConfigMap,false
2.742497339,Regular,9,Update,Deployment,false
2.762492371,Regular,7,Delete,ConfigMap,false
2.781553085,Regular,6,Delete,Deployment,false
2.802464092,Regular,9,Create,Deployment,false
2.822336043,Regular,9,Create,ConfigMap,false
2.842133855,Regular,9,Update,Deployment,false
2.861802132,Regular,6,Delete,ConfigMap,false
2.882464622,Regular,6,Delete,Deployment,false
2.9021430390000003,Regular,8,Create,Deployment,false
2.921855369,Regular,7,Create,ConfigMap,false
2.942358098,Regular,11,Update,Deployment,false
2.961807012,Regular,6,Delete,ConfigMap,false
2.982392587,Regular,4,Delete,Deployment,false
2.002302572,Regular,9,Create,Deployment,false
2.022328944,Regular,7,Create,ConfigMap,false
2.041873208,Regular,16,Update,Deployment,false
2.0626024530000002,Regular,11,Delete,ConfigMap,false
2.081825352,Regular,7,Delete,Deployment,false
2.102436996,Regular,31,Create,Deployment,false
2.133620257,Regular,6,Create,ConfigMap,false
2.142441158,Regular,11,Update,Deployment,false
2.162231085,Regular,17,Delete,ConfigMap,false
2.182339842,Regular,34,Delete,Deployment,false
2.21692563,Regular,12,Create,Deployment,false
2.229188733,Regular,5,Create,ConfigMap,false
2.242159468,Regular,7,Update,Deployment,false
2.26235582,Regular,7,Delete,ConfigMap,false
2.282107174,Regular,6,Delete,Deployment,false
2.302783149,Regular,8,Create,Deployment,false
2.322455735,Regular,8,Create,ConfigMap,false
2.342104937,Regular,7,Update,Deployment,false
2.3625452080000002,Regular,4,Delete,ConfigMap,false
2.381696071,Regular,4,Delete,Deployment,false
2.402574968,Regular,6,Create,Deployment,false
2.422180668,Regular,5,Create,ConfigMap,false
2.442550646,Regular,7,Update,Deployment,false
2.461979694,Regular,7,Delete,ConfigMap,false
2.481900847,Regular,6,Delete,Deployment,false
2.50216116,Regular,7,Create,Deployment,false
2.5215850570000002,Regular,6,Create,ConfigMap,false
2.541989511,Regular,8,Update,Deployment,false
2.561653901,Regular,5,Delete,ConfigMap,false
2.581462002,Regular,4,Delete,Deployment,false
2.602248685,Regular,7,Create,Deployment,false
2.621994188,Regular,6,Create,ConfigMap,false
2.6426291859999997,Regular,9,Update,Deployment,false
2.66227442,Regular,5,Delete,ConfigMap,false
2.681845585,Regular,7,Delete,Deployment,false
2.701603301,Regular,7,Create,Deployment,false
2.722274527,Regular,7,Create,ConfigMap,false
2.742591396,Regular,10,Update,Deployment,false
2.762638206,Regular,5,Delete,ConfigMap,false
2.781981762,Regular,7,Delete,Deployment,false
2.802969324,Regular,8,Create,Deployment,false
2.82242977,Regular,9,Create,ConfigMap,false
2.842674263,Regular,9,Update,Deployment,false
2.861941014,Regular,5,Delete,ConfigMap,false
2.8826045860000002,Regular,6,Delete,Deployment,false
2.902606872,Regular,7,Create,Deployment,false
2.921779346,Regular,7,Create,ConfigMap,false
2.942267096,Regular,10,Update,Deployment,false
2.961780282,Regular,6,Delete,ConfigMap,false
2.982713511,Regular,6,Delete,Deployment,false
2.022547916,Regular,8,Create,ConfigMap,false
2.041794289,Regular,16,Update,Deployment,false
2.062607583,Regular,9,Delete,ConfigMap,false
2.082183126,Regular,8,Delete,Deployment,false
2.102284208,Regular,32,Create,Deployment,false
2.135021266,Regular,8,Create,ConfigMap,false
2.143485655,Regular,8,Update,Deployment,false
2.162246684,Regular,14,Delete,ConfigMap,false
2.181477949,Regular,14,Delete,Deployment,false
2.202121563,Regular,22,Create,Deployment,false
2.224436113,Regular,10,Create,ConfigMap,false
2.242174507,Regular,8,Update,Deployment,false
2.262004589,Regular,7,Delete,ConfigMap,false
2.282003419,Regular,6,Delete,Deployment,false
2.302692519,Regular,10,Create,Deployment,false
2.3221033110000002,Regular,8,Create,ConfigMap,false
2.342174488,Regular,8,Update,Deployment,false
2.3625269429999998,Regular,7,Delete,ConfigMap,false
2.381717311,Regular,4,Delete,Deployment,false
2.402508132,Regular,6,Create,Deployment,false
2.422218589,Regular,6,Create,ConfigMap,false
2.4425777269999998,Regular,8,Update,Deployment,false
2.461968142,Regular,3,Delete,ConfigMap,false
2.481809525,Regular,5,Delete,Deployment,false
2.502348282,Regular,6,Create,Deployment,false
2.52144325,Regular,5,Create,ConfigMap,false
2.541954805,Regular,8,Update,Deployment,false
2.561668188,Regular,5,Delete,ConfigMap,false
2.581564605,Regular,5,Delete,Deployment,false
2.6022568010000002,Regular,7,Create,Deployment,false
2.622175169,Regular,6,Create,ConfigMap,false
2.6426465390000002,Regular,9,Update,Deployment,false
2.662286362,Regular,5,Delete,ConfigMap,false
2.682027918,Regular,6,Delete,Deployment,false
2.701800251,Regular,9,Create,Deployment,false
2.722262364,Regular,7,Create,ConfigMap,false
2.742443477,Regular,10,Update,Deployment,false
2.7628388040000003,Regular,6,Delete,ConfigMap,false
2.782192058,Regular,7,Delete,Deployment,false
2.803001735,Regular,8,Create,Deployment,false
2.822136989,Regular,9,Create,ConfigMap,false
2.842525823,Regular,10,Update,Deployment,false
2.861775472,Regular,6,Delete,ConfigMap,false
2.882614685,Regular,4,Delete,Deployment,false
2.902627721,Regular,7,Create,Deployment,false
2.921878773,Regular,7,Create,ConfigMap,false
2.9423598010000003,Regular,8,Update,Deployment,false
2.961904376,Regular,6,Delete,ConfigMap,false
2.982312867,Regular,6,Delete,Deployment,false
2.002732281,Regular,9,Create,Deployment,false
2.022625342,Regular,8,Create,ConfigMap,false
2.041878137,Regular,15,Update,Deployment,false
2.062108904,Regular,10,Delete,ConfigMap,false
2.082268426,Regular,8,Delete,Deployment,false
2.102778459,Regular,25,Create,Deployment,false
2.128724047,Regular,11,Create,ConfigMap,false
2.142190987,Regular,10,Update,Deployment,false
2.161908698,Regular,15,Delete,ConfigMap,false
2.183224217,Regular,35,Delete,Deployment,false
2.219010286,Regular,7,Create,Deployment,false
2.226904672,Regular,7,Create,ConfigMap,false
2.242132868,Regular,8,Update,Deployment,false
2.262096893,Regular,7,Delete,ConfigMap,false
2.282175373,Regular,6,Delete,Deployment,false
2.302467956,Regular,8,Create,Deployment,false
2.322238316,Regular,8,Create,ConfigMap,false
2.342240171,Regular,7,Update,Deployment,false
2.362504341,Regular,4,Delete,ConfigMap,false
2.381678247,Regular,5,Delete,Deployment,false
2.402444783,Regular,7,Create,Deployment,false
2.422289683,Regular,5,Create,ConfigMap,false
2.44260571,Regular,9,Update,Deployment,false
2.461775179,Regular,5,Delete,ConfigMap,false
2.482006236,Regular,6,Delete,Deployment,false
2.502270355,Regular,7,Create,Deployment,false
2.52166122,Regular,5,Create,ConfigMap,false
2.541932724,Regular,8,Update,Deployment,false
2.561806318,Regular,5,Delete,ConfigMap,false
2.581458735,Regular,5,Delete,Deployment,false
2.602180196,Regular,7,Create,Deployment,false
2.622037469,Regular,6,Create,ConfigMap,false
2.642412558,Regular,9,Update,Deployment,false
2.662251427,Regular,5,Delete,ConfigMap,false
2.681933851,Regular,7,Delete,Deployment,false
2.701678352,Regular,9,Create,Deployment,false
2.7220962010000003,Regular,7,Create,ConfigMap,false
2.7424910369999997,Regular,9,Update,Deployment,false
2.762630742,Regular,6,Delete,ConfigMap,false
2.781769813,Regular,8,Delete,Deployment,false
2.802578377,Regular,9,Create,Deployment,false
2.822141808,Regular,9,Create,ConfigMap,false
2.842852518,Regular,9,Update,Deployment,false
2.861889827,Regular,6,Delete,ConfigMap,false
2.882446047,Regular,6,Delete,Deployment,false
2.902725034,Regular,7,Create,Deployment,false
2.921795226,Regular,7,Create,ConfigMap,false
2.942446344,Regular,10,Update,Deployment,false
2.961761246,Regular,5,Delete,ConfigMap,false
2.9828766289999997,Regular,5,Delete,Deployment,false
3.002599218,Regular,8,Create,Deployment,false
2.002430894,Regular,9,Create,Deployment,false
2.022568635,Regular,8,Create,ConfigMap,false
2.041865884,Regular,16,Update,Deployment,false
2.062566916,Regular,9,Delete,ConfigMap,false
2.081996594,Regular,7,Delete,Deployment,false
2.102321819,Regular,25,Create,Deployment,false
2.127468132,Regular,10,Create,ConfigMap,false
2.141837862,Regular,11,Update,Deployment,false
2.162087374,Regular,15,Delete,ConfigMap,false
2.181812689,Regular,13,Delete,Deployment,false
2.20270976,Regular,21,Create,Deployment,false
2.224442766,Regular,10,Create,ConfigMap,false
2.242118381,Regular,8,Update,Deployment,false
2.26211665,Regular,7,Delete,ConfigMap,false
2.281985495,Regular,6,Delete,Deployment,false
2.302668874,Regular,10,Create,Deployment,false
2.322261299,Regular,6,Create,ConfigMap,false
2.342193393,Regular,7,Update,Deployment,false
2.362690311,Regular,4,Delete,ConfigMap,false
2.381725636,Regular,3,Delete,Deployment,false
2.40265563,Regular,6,Create,Deployment,false
2.4222056849999998,Regular,6,Create,ConfigMap,false
2.442484101,Regular,8,Update,Deployment,false
2.461916635,Regular,5,Delete,ConfigMap,false
2.481953065,Regular,6,Delete,Deployment,false
2.502330739,Regular,7,Create,Deployment,false
2.5215540990000003,Regular,5,Create,ConfigMap,false
2.542001193,Regular,8,Update,Deployment,false
2.561700428,Regular,5,Delete,ConfigMap,false
2.581480376,Regular,5,Delete,Deployment,false
2.602142766,Regular,5,Create,Deployment,false
2.622053359,Regular,6,Create,ConfigMap,false
2.642675333,Regular,9,Update,Deployment,false
2.6621842,Regular,5,Delete,ConfigMap,false
2.682034601,Regular,7,Delete,Deployment,false
2.7016557690000003,Regular,9,Create,Deployment,false
2.722274998,Regular,5,Create,ConfigMap,false
2.742536593,Regular,8,Update,Deployment,false
2.762591628,Regular,7,Delete,ConfigMap,false
2.78198078,Regular,8,Delete,Deployment,false
2.8027858979999998,Regular,8,Create,Deployment,false
2.822067277,Regular,7,Create,ConfigMap,false
2.842181134,Regular,10,Update,Deployment,false
2.861936155,Regular,6,Delete,ConfigMap,false
2.882557227,Regular,5,Delete,Deployment,false
2.902725034,Regular,7,Create,Deployment,false
2.921859617,Regular,7,Create,ConfigMap,false
2.942361735,Regular,11,Update,Deployment,false
2.961835005,Regular,6,Delete,ConfigMap,false
2.9824414790000002,Regular,6,Delete,Deployment,false
3.002604338,Regular,8,Create,Deployment,false
2.022699572,Regular,8,Create,ConfigMap,false
2.041713527,Regular,17,Update,Deployment,false
2.062275918,Regular,11,Delete,ConfigMap,false
2.081955056,Regular,7,Delete,Deployment,false
2.102932198,Regular,26,Create,Deployment,false
2.129515037,Regular,8,Create,ConfigMap,false
2.1424577989999998,Regular,11,Update,Deployment,false
2.161608512,Regular,16,Delete,ConfigMap,false
2.181812008,Regular,35,Delete,Deployment,false
2.2171195360000002,Regular,9,Create,Deployment,false
2.226926974,Regular,7,Create,ConfigMap,false
2.242213049,Regular,8,Update,Deployment,false
2.262150213,Regular,7,Delete,ConfigMap,false
2.282138393,Regular,6,Delete,Deployment,false
2.302420136,Regular,8,Create,Deployment,false
2.3221737940000002,Regular,6,Create,ConfigMap,false
2.34214415,Regular,7,Update,Deployment,false
2.362475657,Regular,4,Delete,ConfigMap,false
2.3815911229999998,Regular,6,Delete,Deployment,false
2.402461254,Regular,6,Create,Deployment,false
2.422398698,Regular,5,Create,ConfigMap,false
2.442605279,Regular,9,Update,Deployment,false
2.461909882,Regular,5,Delete,ConfigMap,false
2.481771514,Regular,5,Delete,Deployment,false
2.502330869,Regular,6,Create,Deployment,false
2.521502321,Regular,5,Create,ConfigMap,false
2.541833547,Regular,8,Update,Deployment,false
2.561817369,Regular,5,Delete,ConfigMap,false
2.581638203,Regular,5,Delete,Deployment,false
2.602221584,Regular,7,Create,Deployment,false
2.6221296130000002,Regular,7,Create,ConfigMap,false
2.642549215,Regular,8,Update,Deployment,false
2.662233934,Regular,4,Delete,ConfigMap,false
2.681899546,Regular,7,Delete,Deployment,false
2.701712647,Regular,8,Create,Deployment,false
2.722575333,Regular,7,Create,ConfigMap,false
2.742326818,Regular,10,Update,Deployment,false
2.762608891,Regular,5,Delete,ConfigMap,false
2.781717575,Regular,8,Delete,Deployment,false
2.802667245,Regular,6,Create,Deployment,false
2.822338107,Regular,10,Create,ConfigMap,false
2.842013528,Regular,9,Update,Deployment,false
2.861903734,Regular,5,Delete,ConfigMap,false
2.882815643,Regular,5,Delete,Deployment,false
2.902543663,Regular,6,Create,Deployment,false
2.921723661,Regular,7,Create,ConfigMap,false
2.942484015,Regular,10,Update,Deployment,false
2.961677649,Regular,6,Delete,ConfigMap,false
2.982312867,Regular,6,Delete,Deployment,false
3.002571857,Regular,8,Create,Deployment,false
2.022213276,Regular,8,Create,ConfigMap,false
2.041912832,Regular,16,Update,Deployment,false
2.062554984,Regular,11,Delete,ConfigMap,false
2.082269859,Regular,8,Delete,Deployment,false
2.102223253,Regular,28,Create,Deployment,false
2.130813813,Regular,10,Create,ConfigMap,false
2.142460785,Regular,9,Update,Deployment,false
2.16161261,Regular,15,Delete,ConfigMap,false
2.182501947,Regular,12,Delete,Deployment,false
2.202729768,Regular,21,Create,Deployment,false
2.224138443,Regular,10,Create,ConfigMap,false
2.242094787,Regular,8,Update,Deployment,false
2.262359928,Regular,7,Delete,ConfigMap,false
2.2821450260000002,Regular,6,Delete,Deployment,false
2.301935383,Regular,9,Create,Deployment,false
2.322233216,Regular,8,Create,ConfigMap,false
2.342579891,Regular,7,Update,Deployment,false
2.3623849359999998,Regular,8,Delete,ConfigMap,false
2.381714856,Regular,4,Delete,Deployment,false
2.4025510629999998,Regular,7,Create,Deployment,false
2.4220741869999998,Regular,6,Create,ConfigMap,false
2.442560425,Regular,7,Update,Deployment,false
2.461953324,Regular,5,Delete,ConfigMap,false
2.4817817030000002,Regular,5,Delete,Deployment,false
2.5023729279999998,Regular,7,Create,Deployment,false
2.521603582,Regular,5,Create,ConfigMap,false
2.54195716,Regular,8,Update,Deployment,false
2.561787843,Regular,5,Delete,ConfigMap,false
2.5816050710000003,Regular,5,Delete,Deployment,false
2.6022672399999998,Regular,6,Create,Deployment,false
2.62209064,Regular,6,Create,ConfigMap,false
2.64245061,Regular,9,Update,Deployment,false
2.6621531320000003,Regular,6,Delete,ConfigMap,false
2.682016096,Regular,5,Delete,Deployment,false
2.701811433,Regular,9,Create,Deployment,false
2.722262364,Regular,7,Create,ConfigMap,false
2.742295859,Regular,10,Update,Deployment,false
2.762684553,Regular,7,Delete,ConfigMap,false
2.782311032,Regular,6,Delete,Deployment,false
2.802965887,Regular,9,Create,Deployment,false
2.822448084,Regular,10,Create,ConfigMap,false
2.8428408259999998,Regular,9,Update,Deployment,false
2.862044258,Regular,5,Delete,ConfigMap,false
2.882387998,Regular,6,Delete,Deployment,false
2.90249407,Regular,7,Create,Deployment,false
2.921915883,Regular,6,Create,ConfigMap,false
2.942239675,Regular,10,Update,Deployment,false
2.961851817,Regular,6,Delete,ConfigMap,false
2.982712339,Regular,6,Delete,Deployment,false
3.002522724,Regular,8,Create,Deployment,false
2.002529559,Regular,9,Create,Deployment,false
2.022566291,Regular,8,Create,ConfigMap,false
2.041808586,Regular,17,Update,Deployment,false
2.062344578,Regular,9,Delete,ConfigMap,false
2.08242432,Regular,7,Delete,Deployment,false
2.102767989,Regular,31,Create,Deployment,false
2.133794956,Regular,9,Create,ConfigMap,false
2.143543023,Regular,9,Update,Deployment,false
2.162084138,Regular,15,Delete,ConfigMap,false
2.18162732,Regular,13,Delete,Deployment,false
2.20309711,Regular,21,Create,Deployment,false
2.224103918,Regular,10,Create,ConfigMap,false
2.242281047,Regular,8,Update,Deployment,false
2.261979992,Regular,7,Delete,ConfigMap,false
2.282082949,Regular,6,Delete,Deployment,false
2.302099802,Regular,9,Create,Deployment,false
2.322193231,Regular,6,Create,ConfigMap,false
2.342238809,Regular,8,Update,Deployment,false
2.362408881,Regular,4,Delete,ConfigMap,false
2.381738791,Regular,4,Delete,Deployment,false
2.4023761439999998,Regular,7,Create,Deployment,false
2.422128229,Regular,5,Create,ConfigMap,false
2.442657798,Regular,9,Update,Deployment,false
2.461889374,Regular,4,Delete,ConfigMap,false
2.481834983,Regular,5,Delete,Deployment,false
2.502249596,Regular,7,Create,Deployment,false
2.521521798,Regular,4,Create,ConfigMap,false
2.541848114,Regular,8,Update,Deployment,false
2.561785799,Regular,5,Delete,ConfigMap,false
2.58160477,Regular,5,Delete,Deployment,false
2.6020830630000003,Regular,7,Create,Deployment,false
2.622188043,Regular,6,Create,ConfigMap,false
2.642469455,Regular,7,Update,Deployment,false
2.662305789,Regular,5,Delete,ConfigMap,false
2.681971933,Regular,7,Delete,Deployment,false
2.701699261,Regular,9,Create,Deployment,false
2.722322968,Regular,7,Create,ConfigMap,false
2.742318221,Regular,10,Update,Deployment,false
2.762682369,Regular,7,Delete,ConfigMap,false
2.781617957,Regular,8,Delete,Deployment,false
2.802894533,Regular,8,Create,Deployment,false
2.822030819,Regular,10,Create,ConfigMap,false
2.842442486,Regular,10,Update,Deployment,false
2.862038778,Regular,4,Delete,ConfigMap,false
2.882598554,Regular,6,Delete,Deployment,false
2.902158838,Regular,8,Create,Deployment,false
2.921699345,Regular,7,Create,ConfigMap,false
2.942499975,Regular,7,Update,Deployment,false
2.961788457,Regular,6,Delete,ConfigMap,false
2.982805675,Regular,5,Delete,Deployment,false
3.002534006,Regular,8,Create,Deployment,false
2.002133093,Regular,9,Create,Deployment,false
2.022364972,Regular,8,Create,ConfigMap,false
2.042053207,Regular,16,Update,Deployment,false
2.062537882,Regular,7,Delete,ConfigMap,false
2.082216168,Regular,7,Delete,Deployment,false
2.10223186,Regular,32,Create,Deployment,false
2.134563554,Regular,7,Create,ConfigMap,false
2.142174847,Regular,8,Update,Deployment,false
2.162185539,Regular,14,Delete,ConfigMap,false
2.182170162,Regular,11,Delete,Deployment,false
2.202892374,Regular,20,Create,Deployment,false
2.223756744,Regular,6,Create,ConfigMap,false
2.242147356,Regular,8,Update,Deployment,false
2.262152297,Regular,7,Delete,ConfigMap,false
2.282033375,Regular,6,Delete,Deployment,false
2.302599253,Regular,8,Create,Deployment,false
2.322238857,Regular,6,Create,ConfigMap,false
2.342279245,Regular,8,Update,Deployment,false
2.362566057,Regular,3,Delete,ConfigMap,false
2.381752327,Regular,4,Delete,Deployment,false
2.40254966,Regular,7,Create,Deployment,false
2.422096028,Regular,6,Create,ConfigMap,false
2.4424635820000002,Regular,9,Update,Deployment,false
2.461912938,Regular,5,Delete,ConfigMap,false
2.481900877,Regular,6,Delete,Deployment,false
2.502402875,Regular,5,Create,Deployment,false
2.521625152,Regular,6,Create,ConfigMap,false
2.541932443,Regular,8,Update,Deployment,false
2.561769458,Regular,5,Delete,ConfigMap,false
2.5814914570000003,Regular,5,Delete,Deployment,false
2.60221913,Regular,6,Create,Deployment,false
2.622146425,Regular,6,Create,ConfigMap,false
2.642617093,Regular,9,Update,Deployment,false
2.662251737,Regular,5,Delete,ConfigMap,false
2.681829555,Regular,7,Delete,Deployment,false
2.70179969,Regular,7,Create,Deployment,false
2.722263426,Regular,7,Create,ConfigMap,false
2.742536593,Regular,9,Update,Deployment,false
2.762607929,Regular,7,Delete,ConfigMap,false
2.782047987,Regular,8,Delete,Deployment,false
2.802706639,Regular,9,Create,Deployment,false
2.822050295,Regular,10,Create,ConfigMap,false
2.842924885,Regular,9,Update,Deployment,false
2.861974206,Regular,5,Delete,ConfigMap,false
2.882404479,Regular,6,Delete,Deployment,false
2.902714164,Regular,7,Create,Deployment,false
2.921906636,Regular,6,Create,ConfigMap,false
2.942383936,Regular,10,Update,Deployment,false
2.961764552,Regular,6,Delete,ConfigMap,false
2.982629012,Regular,6,Delete,Deployment,false
3.002574161,Regular,8,Create,Deployment,false
3.022423279,Regular,7,Create,ConfigMap,false
3.042313525,Regular,10,Update,Deployment,false
3.061988785,Regular,6,Delete,ConfigMap,false
3.0828399,Regular,6,Delete,Deployment,false
3.10259429,Regular,10,Create,Deployment,false
3.121500482,Regular,7,Create,ConfigMap,false
3.142565149,Regular,10,Update,Deployment,false
3.161926599,Regular,8,Delete,ConfigMap,false
3.182213251,Regular,8,Delete,Deployment,false
3.2025280560000002,Regular,8,Create,Deployment,false
3.222861406,Regular,7,Create,ConfigMap,false
3.241676487,Regular,9,Update,Deployment,false
3.262037048,Regular,4,Delete,ConfigMap,false
3.2826152889999998,Regular,5,Delete,Deployment,false
3.301850982,Regular,7,Create,Deployment,false
3.322318174,Regular,5,Create,ConfigMap,false
3.342075669,Regular,8,Update,Deployment,false
3.3622842840000002,Regular,6,Delete,ConfigMap,false
3.381905583,Regular,5,Delete,Deployment,false
3.402197335,Regular,5,Create,Deployment,false
3.421930875,Regular,6,Create,ConfigMap,false
3.442490561,Regular,11,Update,Deployment,false
3.462258136,Regular,5,Delete,ConfigMap,false
3.482499582,Regular,5,Delete,Deployment,false
3.502048145,Regular,7,Create,Deployment,false
3.52221993,Regular,7,Create,ConfigMap,false
3.542224621,Regular,8,Update,Deployment,false
3.561879293,Regular,5,Delete,ConfigMap,false
3.58185512,Regular,4,Delete,Deployment,false
3.60188597,Regular,7,Create,Deployment,false
3.6222264429999997,Regular,7,Create,ConfigMap,false
3.642086382,Regular,8,Update,Deployment,false
3.662388002,Regular,5,Delete,ConfigMap,false
3.681750123,Regular,6,Delete,Deployment,false
3.702507892,Regular,9,Create,Deployment,false
3.722663647,Regular,8,Create,ConfigMap,false
3.742395926,Regular,9,Update,Deployment,false
3.7622448029999997,Regular,5,Delete,ConfigMap,false
3.782277857,Regular,6,Delete,Deployment,false
3.802396212,Regular,8,Create,Deployment,false
3.822218119,Regular,9,Create,ConfigMap,false
3.8426058210000003,Regular,10,Update,Deployment,false
3.862376892,Regular,7,Delete,ConfigMap,false
3.881963596,Regular,5,Delete,Deployment,false
3.901526455,Regular,9,Create,Deployment,false
3.922455587,Regular,8,Create,ConfigMap,false
3.94229687,Regular,11,Update,Deployment,false
3.962549679,Regular,4,Delete,ConfigMap,false
3.982684465,Regular,5,Delete,Deployment,false
3.02274777,Regular,7,Create,ConfigMap,false
3.042789822,Regular,9,Update,Deployment,false
3.061910037,Regular,5,Delete,ConfigMap,false
3.082509137,Regular,6,Delete,Deployment,false
3.102595562,Regular,10,Create,Deployment,false
3.121519087,Regular,7,Create,ConfigMap,false
3.142722676,Regular,10,Update,Deployment,false
3.162727146,Regular,7,Delete,ConfigMap,false
3.18185151,Regular,8,Delete,Deployment,false
3.202454928,Regular,9,Create,Deployment,false
3.222863039,Regular,9,Create,ConfigMap,false
3.241724046,Regular,8,Update,Deployment,false
3.262157975,Regular,5,Delete,ConfigMap,false
3.28257872,Regular,4,Delete,Deployment,false
3.301805356,Regular,7,Create,Deployment,false
3.322309568,Regular,6,Create,ConfigMap,false
3.341962005,Regular,9,Update,Deployment,false
3.362321765,Regular,6,Delete,ConfigMap,false
3.382018125,Regular,5,Delete,Deployment,false
3.402200521,Regular,7,Create,Deployment,false
3.422078443,Regular,5,Create,ConfigMap,false
3.442644992,Regular,11,Update,Deployment,false
3.462155633,Regular,5,Delete,ConfigMap,false
3.482508569,Regular,6,Delete,Deployment,false
3.5019843550000003,Regular,7,Create,Deployment,false
3.522268602,Regular,7,Create,ConfigMap,false
3.542354806,Regular,6,Update,Deployment,false
3.56188807,Regular,5,Delete,ConfigMap,false
3.581705468,Regular,4,Delete,Deployment,false
3.602053325,Regular,7,Create,Deployment,false
3.622358642,Regular,7,Create,ConfigMap,false
3.6419423,Regular,8,Update,Deployment,false
3.662342847,Regular,4,Delete,ConfigMap,false
3.681819213,Regular,8,Delete,Deployment,false
3.702293207,Regular,9,Create,Deployment,false
3.722858103,Regular,8,Create,ConfigMap,false
3.742281199,Regular,9,Update,Deployment,false
3.761830693,Regular,6,Delete,ConfigMap,false
3.782421237,Regular,6,Delete,Deployment,false
3.802545293,Regular,8,Create,Deployment,false
3.822326233,Regular,7,Create,ConfigMap,false
3.842717802,Regular,10,Update,Deployment,false
3.862495255,Regular,6,Delete,ConfigMap,false
3.881973024,Regular,5,Delete,Deployment,false
3.901578323,Regular,9,Create,Deployment,false
3.92238278,Regular,8,Create,ConfigMap,false
3.942133142,Regular,11,Update,Deployment,false
3.962556361,Regular,6,Delete,ConfigMap,false
3.9829975539999998,Regular,7,Delete,Deployment,false
3.002474273,Regular,8,Create,Deployment,false
3.022548014,Regular,7,Create,ConfigMap,false
3.04227906,Regular,8,Update,Deployment,false
3.061892805,Regular,5,Delete,ConfigMap,false
3.082514988,Regular,6,Delete,Deployment,false
3.102533025,Regular,9,Create,Deployment,false
3.121661686,Regular,7,Create,ConfigMap,false
3.142465392,Regular,10,Update,Deployment,false
3.162547188,Regular,8,Delete,ConfigMap,false
3.181791206,Regular,9,Delete,Deployment,false
3.202606524,Regular,9,Create,Deployment,false
3.223332272,Regular,9,Create,ConfigMap,false
3.241607777,Regular,8,Update,Deployment,false
3.262230522,Regular,5,Delete,ConfigMap,false
3.282582297,Regular,4,Delete,Deployment,false
3.301698184,Regular,7,Create,Deployment,false
3.32217802,Regular,6,Create,ConfigMap,false
3.342073365,Regular,8,Update,Deployment,false
3.362314872,Regular,4,Delete,ConfigMap,false
3.38186161,Regular,5,Delete,Deployment,false
3.402094441,Regular,7,Create,Deployment,false
3.42205017,Regular,6,Create,ConfigMap,false
3.442470463,Regular,9,Update,Deployment,false
3.462119755,Regular,5,Delete,ConfigMap,false
3.482221739,Regular,6,Delete,Deployment,false
3.501883545,Regular,7,Create,Deployment,false
3.522484849,Regular,7,Create,ConfigMap,false
3.542185267,Regular,6,Update,Deployment,false
3.561733609,Regular,6,Delete,ConfigMap,false
3.581810626,Regular,5,Delete,Deployment,false
3.6021037099999997,Regular,6,Create,Deployment,false
3.622464031,Regular,7,Create,ConfigMap,false
3.642145844,Regular,8,Update,Deployment,false
3.662278926,Regular,4,Delete,ConfigMap,false
3.681866482,Regular,8,Delete,Deployment,false
3.702492172,Regular,9,Create,Deployment,false
3.7225951779999997,Regular,8,Create,ConfigMap,false
3.7421857,Regular,10,Update,Deployment,false
3.761991376,Regular,5,Delete,ConfigMap,false
3.78243306,Regular,6,Delete,Deployment,false
3.802468048,Regular,6,Create,Deployment,false
3.822108793,Regular,9,Create,ConfigMap,false
3.842676685,Regular,10,Update,Deployment,false
3.862633806,Regular,6,Delete,ConfigMap,false
3.881806621,Regular,5,Delete,Deployment,false
3.901636643,Regular,9,Create,Deployment,false
3.92251558,Regular,6,Create,ConfigMap,false
3.942239753,Regular,11,Update,Deployment,false
3.962368738,Regular,6,Delete,ConfigMap,false
3.982633238,Regular,6,Delete,Deployment,false
3.002580724,Regular,8,Create,Deployment,false
3.022645869,Regular,7,Create,ConfigMap,false
3.042297074,Regular,10,Update,Deployment,false
3.062204141,Regular,5,Delete,ConfigMap,false
3.082508246,Regular,6,Delete,Deployment,false
3.102596674,Regular,8,Create,Deployment,false
3.121555526,Regular,7,Create,ConfigMap,false
3.142468157,Regular,10,Update,Deployment,false
3.162469161,Regular,7,Delete,ConfigMap,false
3.182306767,Regular,8,Delete,Deployment,false
3.202691784,Regular,8,Create,Deployment,false
3.223354224,Regular,9,Create,ConfigMap,false
3.241669694,Regular,9,Update,Deployment,false
3.262153607,Regular,5,Delete,ConfigMap,false
3.28261073,Regular,5,Delete,Deployment,false
3.3017424269999998,Regular,6,Create,Deployment,false
3.322225028,Regular,5,Create,ConfigMap,false
3.342075248,Regular,9,Update,Deployment,false
3.362247805,Regular,6,Delete,ConfigMap,false
3.382071315,Regular,5,Delete,Deployment,false
3.402288086,Regular,7,Create,Deployment,false
3.422035983,Regular,5,Create,ConfigMap,false
3.442550234,Regular,11,Update,Deployment,false
3.46215393,Regular,5,Delete,ConfigMap,false
3.482513759,Regular,5,Delete,Deployment,false
3.502116183,Regular,7,Create,Deployment,false
3.522284492,Regular,7,Create,ConfigMap,false
3.542322015,Regular,6,Update,Deployment,false
3.5618294390000003,Regular,7,Delete,ConfigMap,false
3.581857184,Regular,3,Delete,Deployment,false
3.601915105,Regular,7,Create,Deployment,false
3.622316853,Regular,7,Create,ConfigMap,false
3.642012974,Regular,8,Update,Deployment,false
3.662527274,Regular,5,Delete,ConfigMap,false
3.6819601779999998,Regular,8,Delete,Deployment,false
3.7025817610000002,Regular,9,Create,Deployment,false
3.722492595,Regular,7,Create,ConfigMap,false
3.742344659,Regular,9,Update,Deployment,false
3.761923418,Regular,6,Delete,ConfigMap,false
3.78225252,Regular,6,Delete,Deployment,false
3.802608672,Regular,8,Create,Deployment,false
3.8223964649999997,Regular,8,Create,ConfigMap,false
3.842618525,Regular,10,Update,Deployment,false
3.862629598,Regular,6,Delete,ConfigMap,false
3.881912881,Regular,5,Delete,Deployment,false
3.901720671,Regular,9,Create,Deployment,false
3.922456228,Regular,8,Create,ConfigMap,false
3.942300227,Regular,12,Update,Deployment,false
3.96233779,Regular,6,Delete,ConfigMap,false
3.9826292,Regular,7,Delete,Deployment,false
3.002486196,Regular,6,Create,Deployment,false
3.022701103,Regular,7,Create,ConfigMap,false
3.042454991,Regular,9,Update,Deployment,false
3.061974579,Regular,6,Delete,ConfigMap,false
3.082350148,Regular,6,Delete,Deployment,false
3.10287578,Regular,10,Create,Deployment,false
3.121687384,Regular,7,Create,ConfigMap,false
3.142309779,Regular,9,Update,Deployment,false
3.162377097,Regular,8,Delete,ConfigMap,false
3.182060183,Regular,8,Delete,Deployment,false
3.202654795,Regular,8,Create,Deployment,false
3.222630471,Regular,8,Create,ConfigMap,false
3.241671497,Regular,8,Update,Deployment,false
3.262299111,Regular,5,Delete,ConfigMap,false
3.282620499,Regular,4,Delete,Deployment,false
3.301638401,Regular,7,Create,Deployment,false
3.322303857,Regular,6,Create,ConfigMap,false
3.341948189,Regular,9,Update,Deployment,false
3.362168326,Regular,6,Delete,ConfigMap,false
3.381943475,Regular,5,Delete,Deployment,false
3.402013208,Regular,7,Create,Deployment,false
3.421880981,Regular,6,Create,ConfigMap,false
3.442505209,Regular,11,Update,Deployment,false
3.462219543,Regular,3,Delete,ConfigMap,false
3.4823922400000002,Regular,6,Delete,Deployment,false
3.502064846,Regular,7,Create,Deployment,false
3.522518112,Regular,7,Create,ConfigMap,false
3.5422433460000002,Regular,8,Update,Deployment,false
3.5618795739999998,Regular,7,Delete,ConfigMap,false
3.581861642,Regular,4,Delete,Deployment,false
3.601996077,Regular,6,Create,Deployment,false
3.622276628,Regular,4,Create,ConfigMap,false
3.642115727,Regular,6,Update,Deployment,false
3.662533335,Regular,3,Delete,ConfigMap,false
3.681953526,Regular,7,Delete,Deployment,false
3.70277273,Regular,8,Create,Deployment,false
3.7226597200000002,Regular,7,Create,ConfigMap,false
3.74234542,Regular,9,Update,Deployment,false
3.761981046,Regular,6,Delete,ConfigMap,false
3.782313535,Regular,6,Delete,Deployment,false
3.8025131930000002,Regular,6,Create,Deployment,false
3.822171381,Regular,9,Create,ConfigMap,false
3.842559434,Regular,10,Update,Deployment,false
3.862312121,Regular,6,Delete,ConfigMap,false
3.881845584,Regular,5,Delete,Deployment,false
3.901720401,Regular,9,Create,Deployment,false
3.9223332969999998,Regular,8,Create,ConfigMap,false
3.942315916,Regular,11,Update,Deployment,false
3.962547795,Regular,6,Delete,ConfigMap,false
3.982685627,Regular,6,Delete,Deployment,false
3.022679552,Regular,7,Create,ConfigMap,false
3.042482212,Regular,8,Update,Deployment,false
3.061908504,Regular,5,Delete,ConfigMap,false
3.082609106,Regular,6,Delete,Deployment,false
3.102595422,Regular,10,Create,Deployment,false
3.121681533,Regular,7,Create,ConfigMap,false
3.14258127,Regular,8,Update,Deployment,false
3.162535305,Regular,8,Delete,ConfigMap,false
3.18200543,Regular,8,Delete,Deployment,false
3.202553795,Regular,7,Create,Deployment,false
3.223291946,Regular,9,Create,ConfigMap,false
3.241543596,Regular,9,Update,Deployment,false
3.262215143,Regular,5,Delete,ConfigMap,false
3.282438356,Regular,5,Delete,Deployment,false
3.301758087,Regular,7,Create,Deployment,false
3.322275243,Regular,6,Create,ConfigMap,false
3.341953459,Regular,8,Update,Deployment,false
3.362182252,Regular,7,Delete,ConfigMap,false
3.381892619,Regular,5,Delete,Deployment,false
3.40202464,Regular,7,Create,Deployment,false
3.422175265,Regular,6,Create,ConfigMap,false
3.442476775,Regular,11,Update,Deployment,false
3.462156334,Regular,5,Delete,ConfigMap,false
3.48223834,Regular,6,Delete,Deployment,false
3.502036172,Regular,7,Create,Deployment,false
3.52246956,Regular,7,Create,ConfigMap,false
3.542212839,Regular,7,Update,Deployment,false
3.561908268,Regular,5,Delete,ConfigMap,false
3.581830313,Regular,4,Delete,Deployment,false
3.601956453,Regular,6,Create,Deployment,false
3.622260157,Regular,7,Create,ConfigMap,false
3.6419939980000002,Regular,8,Update,Deployment,false
3.662174139,Regular,5,Delete,ConfigMap,false
3.681896388,Regular,6,Delete,Deployment,false
3.702540172,Regular,9,Create,Deployment,false
3.722594317,Regular,8,Create,ConfigMap,false
3.7422058480000002,Regular,8,Update,Deployment,false
3.762190992,Regular,6,Delete,ConfigMap,false
3.782296192,Regular,4,Delete,Deployment,false
3.80254374,Regular,8,Create,Deployment,false
3.82213367,Regular,9,Create,ConfigMap,false
3.8426963819999997,Regular,10,Update,Deployment,false
3.862808866,Regular,6,Delete,ConfigMap,false
3.881955742,Regular,5,Delete,Deployment,false
3.901544529,Regular,9,Create,Deployment,false
3.922528735,Regular,8,Create,ConfigMap,false
3.942256985,Regular,12,Update,Deployment,false
3.9623959490000003,Regular,6,Delete,ConfigMap,false
3.9827348689999997,Regular,4,Delete,Deployment,false
3.022935083,Regular,5,Create,ConfigMap,false
3.042460822,Regular,10,Update,Deployment,false
3.062025595,Regular,5,Delete,ConfigMap,false
3.08289306,Regular,6,Delete,Deployment,false
3.102623325,Regular,10,Create,Deployment,false
3.121628974,Regular,7,Create,ConfigMap,false
3.142352669,Regular,10,Update,Deployment,false
3.162706698,Regular,7,Delete,ConfigMap,false
3.181815322,Regular,9,Delete,Deployment,false
3.202587849,Regular,7,Create,Deployment,false
3.22286347,Regular,8,Create,ConfigMap,false
3.241672589,Regular,9,Update,Deployment,false
3.262132127,Regular,5,Delete,ConfigMap,false
3.282484943,Regular,5,Delete,Deployment,false
3.301819903,Regular,6,Create,Deployment,false
3.3223196059999998,Regular,6,Create,ConfigMap,false
3.342119732,Regular,9,Update,Deployment,false
3.362304182,Regular,6,Delete,ConfigMap,false
3.38187758,Regular,5,Delete,Deployment,false
3.402206672,Regular,7,Create,Deployment,false
3.422134529,Regular,6,Create,ConfigMap,false
3.442365035,Regular,9,Update,Deployment,false
3.46208005,Regular,5,Delete,ConfigMap,false
3.482307861,Regular,6,Delete,Deployment,false
3.501931495,Regular,7,Create,Deployment,false
3.522302756,Regular,7,Create,ConfigMap,false
3.542290856,Regular,8,Update,Deployment,false
3.5618152419999998,Regular,6,Delete,ConfigMap,false
3.581766182,Regular,5,Delete,Deployment,false
3.602032877,Regular,4,Create,Deployment,false
3.6223772370000002,Regular,6,Create,ConfigMap,false
3.64214384,Regular,8,Update,Deployment,false
3.6622477780000002,Regular,5,Delete,ConfigMap,false
3.6819043430000002,Regular,8,Delete,Deployment,false
3.702333413,Regular,8,Create,Deployment,false
3.722595749,Regular,8,Create,ConfigMap,false
3.742384013,Regular,9,Update,Deployment,false
3.761812248,Regular,7,Delete,ConfigMap,false
3.782549549,Regular,6,Delete,Deployment,false
3.802512551,Regular,8,Create,Deployment,false
3.822180809,Regular,9,Create,ConfigMap,false
3.842773998,Regular,10,Update,Deployment,false
3.862357135,Regular,7,Delete,ConfigMap,false
3.881973585,Regular,5,Delete,Deployment,false
3.9016177770000002,Regular,9,Create,Deployment,false
3.922292911,Regular,7,Create,ConfigMap,false
3.9421088859999998,Regular,12,Update,Deployment,false
3.962349742,Regular,6,Delete,ConfigMap,false
3.9831878830000003,Regular,6,Delete,Deployment,false
4.001670828,Regular,9,Create,Deployment,false
3.00246196,Regular,8,Create,Deployment,false
3.0226627,Regular,7,Create,ConfigMap,false
3.04269852,Regular,8,Update,Deployment,false
3.061958538,Regular,5,Delete,ConfigMap,false
3.082770109,Regular,6,Delete,Deployment,false
3.102374546,Regular,9,Create,Deployment,false
3.121681263,Regular,7,Create,ConfigMap,false
3.142593593,Regular,8,Update,Deployment,false
3.162173604,Regular,8,Delete,ConfigMap,false
3.182275819,Regular,8,Delete,Deployment,false
3.202489674,Regular,8,Create,Deployment,false
3.222945083,Regular,9,Create,ConfigMap,false
3.241533738,Regular,8,Update,Deployment,false
3.262152495,Regular,5,Delete,ConfigMap,false
3.282399272,Regular,5,Delete,Deployment,false
3.301827848,Regular,7,Create,Deployment,false
3.322243914,Regular,6,Create,ConfigMap,false
3.342116045,Regular,8,Update,Deployment,false
3.362345149,Regular,5,Delete,ConfigMap,false
3.382006052,Regular,5,Delete,Deployment,false
3.402072339,Regular,7,Create,Deployment,false
3.421942036,Regular,6,Create,ConfigMap,false
3.4423309,Regular,10,Update,Deployment,false
3.462211919,Regular,5,Delete,ConfigMap,false
3.482559625,Regular,4,Delete,Deployment,false
3.502064786,Regular,7,Create,Deployment,false
3.522620865,Regular,7,Create,ConfigMap,false
3.542327084,Regular,7,Update,Deployment,false
3.561875235,Regular,6,Delete,ConfigMap,false
3.581857454,Regular,6,Delete,Deployment,false
3.602032756,Regular,6,Create,Deployment,false
3.622294521,Regular,7,Create,ConfigMap,false
3.642143419,Regular,7,Update,Deployment,false
3.662356372,Regular,5,Delete,ConfigMap,false
3.6819532649999998,Regular,7,Delete,Deployment,false
3.702277317,Regular,9,Create,Deployment,false
3.722596831,Regular,8,Create,ConfigMap,false
3.742244671,Regular,10,Update,Deployment,false
3.761761914,Regular,7,Delete,ConfigMap,false
3.782246649,Regular,6,Delete,Deployment,false
3.80238449,Regular,8,Create,Deployment,false
3.822195978,Regular,7,Create,ConfigMap,false
3.842746747,Regular,10,Update,Deployment,false
3.862563534,Regular,6,Delete,ConfigMap,false
3.881914734,Regular,3,Delete,Deployment,false
3.901563445,Regular,9,Create,Deployment,false
3.922348616,Regular,8,Create,ConfigMap,false
3.942091383,Regular,12,Update,Deployment,false
3.962513801,Regular,6,Delete,ConfigMap,false
3.982476172,Regular,6,Delete,Deployment,false
4.001970062,Regular,9,Create,Deployment,false
3.022770223,Regular,7,Create,ConfigMap,false
3.042698229,Regular,8,Update,Deployment,false
3.061920016,Regular,6,Delete,ConfigMap,false
3.082620307,Regular,6,Delete,Deployment,false
3.102602596,Regular,8,Create,Deployment,false
3.121569773,Regular,7,Create,ConfigMap,false
3.142533991,Regular,10,Update,Deployment,false
3.162501161,Regular,8,Delete,ConfigMap,false
3.181877339,Regular,8,Delete,Deployment,false
3.202692265,Regular,9,Create,Deployment,false
3.222472023,Regular,9,Create,ConfigMap,false
3.241570487,Regular,9,Update,Deployment,false
3.262100587,Regular,5,Delete,ConfigMap,false
3.282420522,Regular,9,Delete,Deployment,false
3.3016331819999998,Regular,7,Create,Deployment,false
3.322263421,Regular,6,Create,ConfigMap,false
3.34204987,Regular,8,Update,Deployment,false
3.362265028,Regular,6,Delete,ConfigMap,false
3.382016532,Regular,5,Delete,Deployment,false
3.402360873,Regular,7,Create,Deployment,false
3.422077802,Regular,6,Create,ConfigMap,false
3.4426313459999998,Regular,11,Update,Deployment,false
3.462202391,Regular,5,Delete,ConfigMap,false
3.48226465,Regular,6,Delete,Deployment,false
3.501999473,Regular,7,Create,Deployment,false
3.522385372,Regular,7,Create,ConfigMap,false
3.542259657,Regular,8,Update,Deployment,false
3.561852503,Regular,5,Delete,ConfigMap,false
3.581795367,Regular,5,Delete,Deployment,false
3.601877714,Regular,6,Create,Deployment,false
3.622485501,Regular,7,Create,ConfigMap,false
3.642068558,Regular,7,Update,Deployment,false
3.662217771,Regular,5,Delete,ConfigMap,false
3.681801159,Regular,8,Delete,Deployment,false
3.702450283,Regular,9,Create,Deployment,false
3.7224461680000003,Regular,8,Create,ConfigMap,false
3.742229773,Regular,9,Update,Deployment,false
3.761923588,Regular,7,Delete,ConfigMap,false
3.782500366,Regular,6,Delete,Deployment,false
3.802444363,Regular,8,Create,Deployment,false
3.822334599,Regular,9,Create,ConfigMap,false
3.842760412,Regular,10,Update,Deployment,false
3.862557252,Regular,6,Delete,ConfigMap,false
3.8817826760000003,Regular,4,Delete,Deployment,false
3.901803958,Regular,9,Create,Deployment,false
3.922455647,Regular,7,Create,ConfigMap,false
3.9422413560000003,Regular,12,Update,Deployment,false
3.962477964,Regular,6,Delete,ConfigMap,false
3.982489397,Regular,6,Delete,Deployment,false
4.001842361,Regular,9,Create,Deployment,false
3.022588591,Regular,7,Create,ConfigMap,false
3.042573915,Regular,9,Update,Deployment,false
3.061907011,Regular,6,Delete,ConfigMap,false
3.082436971,Regular,6,Delete,Deployment,false
3.102482139,Regular,8,Create,Deployment,false
3.1216003,Regular,7,Create,ConfigMap,false
3.142554529,Regular,9,Update,Deployment,false
3.162464572,Regular,7,Delete,ConfigMap,false
3.181953973,Regular,9,Delete,Deployment,false
3.202454918,Regular,8,Create,Deployment,false
3.223411712,Regular,8,Create,ConfigMap,false
3.241589593,Regular,7,Update,Deployment,false
3.262189324,Regular,4,Delete,ConfigMap,false
3.282522274,Regular,8,Delete,Deployment,false
3.3016535,Regular,6,Create,Deployment,false
3.3222957109999998,Regular,6,Create,ConfigMap,false
3.342038699,Regular,7,Update,Deployment,false
3.3623797140000002,Regular,5,Delete,ConfigMap,false
3.382015951,Regular,5,Delete,Deployment,false
3.4022754920000002,Regular,7,Create,Deployment,false
3.42203955,Regular,6,Create,ConfigMap,false
3.442582234,Regular,11,Update,Deployment,false
3.462138571,Regular,5,Delete,ConfigMap,false
3.482475457,Regular,5,Delete,Deployment,false
3.502066118,Regular,7,Create,Deployment,false
3.522400179,Regular,7,Create,ConfigMap,false
3.542273092,Regular,8,Update,Deployment,false
3.561889061,Regular,5,Delete,ConfigMap,false
3.581824021,Regular,6,Delete,Deployment,false
3.601985157,Regular,7,Create,Deployment,false
3.622398918,Regular,7,Create,ConfigMap,false
3.641934075,Regular,8,Update,Deployment,false
3.662263517,Regular,5,Delete,ConfigMap,false
3.681782344,Regular,8,Delete,Deployment,false
3.702507902,Regular,9,Create,Deployment,false
3.722515558,Regular,8,Create,ConfigMap,false
3.74232937,Regular,8,Update,Deployment,false
3.761962852,Regular,5,Delete,ConfigMap,false
3.7824996349999997,Regular,6,Delete,Deployment,false
3.802605015,Regular,8,Create,Deployment,false
3.822280166,Regular,6,Create,ConfigMap,false
3.842734153,Regular,10,Update,Deployment,false
3.862556911,Regular,7,Delete,ConfigMap,false
3.88174268,Regular,5,Delete,Deployment,false
3.901659907,Regular,9,Create,Deployment,false
3.922427775,Regular,7,Create,ConfigMap,false
3.942304044,Regular,12,Update,Deployment,false
3.962493052,Regular,6,Delete,ConfigMap,false
3.982690436,Regular,6,Delete,Deployment,false
4.001769454,Regular,9,Create,Deployment,false
4.001851629,Regular,9,Create,Deployment,false
4.022715076,Regular,7,Create,ConfigMap,false
4.042488913,Regular,8,Update,Deployment,false
4.061930073,Regular,7,Delete,ConfigMap,false
4.082227475,Regular,7,Delete,Deployment,false
4.102434226,Regular,12,Create,Deployment,false
4.122454246,Regular,9,Create,ConfigMap,false
4.142982473,Regular,17,Update,Deployment,false
4.162296884,Regular,13,Delete,ConfigMap,false
4.183407948,Regular,48,Delete,Deployment,false
4.231947584,Regular,10,Create,Deployment,false
4.24282086,Regular,10,Create,ConfigMap,false
4.253685379,Regular,12,Update,Deployment,false
4.266562167,Regular,9,Delete,ConfigMap,false
4.282104605,Regular,5,Delete,Deployment,false
4.302309242,Regular,9,Create,Deployment,false
4.321891729,Regular,7,Create,ConfigMap,false
4.341790329,Regular,21,Update,Deployment,false
4.363083477,Regular,8,Delete,ConfigMap,false
4.381732024,Regular,7,Delete,Deployment,false
4.402703035,Regular,8,Create,Deployment,false
4.421987079,Regular,6,Create,ConfigMap,false
4.441951905,Regular,17,Update,Deployment,false
4.462512573,Regular,8,Delete,ConfigMap,false
4.482139392,Regular,5,Delete,Deployment,false
4.50191433,Regular,10,Create,Deployment,false
4.521872744,Regular,7,Create,ConfigMap,false
4.542145049,Regular,10,Update,Deployment,false
4.5630210810000005,Regular,6,Delete,ConfigMap,false
4.58231857,Regular,5,Delete,Deployment,false
4.602052251,Regular,8,Create,Deployment,false
4.622193609,Regular,8,Create,ConfigMap,false
4.642144128,Regular,8,Update,Deployment,false
4.6625407370000005,Regular,6,Delete,ConfigMap,false
4.681838888,Regular,6,Delete,Deployment,false
4.702567462,Regular,10,Create,Deployment,false
4.722033348,Regular,8,Create,ConfigMap,false
4.74162415,Regular,10,Update,Deployment,false
4.762464945,Regular,5,Delete,ConfigMap,false
4.782496707,Regular,6,Delete,Deployment,false
4.8021251,Regular,9,Create,Deployment,false
4.822444744,Regular,9,Create,ConfigMap,false
4.842814612,Regular,9,Update,Deployment,false
4.8624086,Regular,6,Delete,ConfigMap,false
4.881970176,Regular,4,Delete,Deployment,false
4.901966882,Regular,8,Create,Deployment,false
4.922281437,Regular,9,Create,ConfigMap,false
4.942176251,Regular,8,Update,Deployment,false
4.962281301,Regular,6,Delete,ConfigMap,false
4.981774158,Regular,5,Delete,Deployment,false
4.022868345,Regular,8,Create,ConfigMap,false
4.042395697,Regular,8,Update,Deployment,false
4.061990877,Regular,6,Delete,ConfigMap,false
4.081995458,Regular,7,Delete,Deployment,false
4.102574901,Regular,12,Create,Deployment,false
4.122360259,Regular,9,Create,ConfigMap,false
4.142449379,Regular,23,Update,Deployment,false
4.165695023,Regular,12,Delete,ConfigMap,false
4.182556706,Regular,52,Delete,Deployment,false
4.235282354,Regular,10,Create,Deployment,false
4.245761938,Regular,11,Create,ConfigMap,false
4.256871578,Regular,12,Update,Deployment,false
4.268928363,Regular,7,Delete,ConfigMap,false
4.282834299,Regular,6,Delete,Deployment,false
4.303217753,Regular,9,Create,Deployment,false
4.321914131,Regular,10,Create,ConfigMap,false
4.342229967,Regular,21,Update,Deployment,false
4.363841855,Regular,7,Delete,ConfigMap,false
4.381699613,Regular,6,Delete,Deployment,false
4.402793525,Regular,11,Create,Deployment,false
4.421844851,Regular,8,Create,ConfigMap,false
4.44189094,Regular,16,Update,Deployment,false
4.462724652,Regular,8,Delete,ConfigMap,false
4.481805784,Regular,5,Delete,Deployment,false
4.501851823,Regular,10,Create,Deployment,false
4.521915444,Regular,8,Create,ConfigMap,false
4.542168964,Regular,10,Update,Deployment,false
4.562499519,Regular,7,Delete,ConfigMap,false
4.5822639370000005,Regular,5,Delete,Deployment,false
4.602031762,Regular,8,Create,Deployment,false
4.622100043,Regular,8,Create,ConfigMap,false
4.642177992,Regular,9,Update,Deployment,false
4.662580011,Regular,6,Delete,ConfigMap,false
4.68190896,Regular,6,Delete,Deployment,false
4.70257708,Regular,8,Create,Deployment,false
4.722206504,Regular,9,Create,ConfigMap,false
4.741579425,Regular,10,Update,Deployment,false
4.762623644,Regular,6,Delete,ConfigMap,false
4.782489263,Regular,6,Delete,Deployment,false
4.802053685,Regular,10,Create,Deployment,false
4.822619072,Regular,9,Create,ConfigMap,false
4.842442411,Regular,10,Update,Deployment,false
4.862289876,Regular,5,Delete,ConfigMap,false
4.881861121,Regular,4,Delete,Deployment,false
4.902164495,Regular,9,Create,Deployment,false
4.922321272,Regular,9,Create,ConfigMap,false
4.942326855,Regular,8,Update,Deployment,false
4.9623165369999995,Regular,7,Delete,ConfigMap,false
4.9817789569999995,Regular,6,Delete,Deployment,false
4.022480445,Regular,8,Create,ConfigMap,false
4.042534509,Regular,8,Update,Deployment,false
4.06237454,Regular,7,Delete,ConfigMap,false
4.082270215,Regular,7,Delete,Deployment,false
4.102825924,Regular,12,Create,Deployment,false
4.122317849,Regular,9,Create,ConfigMap,false
4.142382463,Regular,16,Update,Deployment,false
4.163024484,Regular,13,Delete,ConfigMap,false
4.181848833,Regular,53,Delete,Deployment,false
4.234942444,Regular,10,Create,Deployment,false
4.24571015,Regular,11,Create,ConfigMap,false
4.256857452,Regular,9,Update,Deployment,false
4.266174827,Regular,6,Delete,ConfigMap,false
4.28251603,Regular,6,Delete,Deployment,false
4.30249895,Regular,10,Create,Deployment,false
4.322067469,Regular,10,Create,ConfigMap,false
4.34284179,Regular,19,Update,Deployment,false
4.362404047,Regular,8,Delete,ConfigMap,false
4.381581651,Regular,6,Delete,Deployment,false
4.402324051,Regular,11,Create,Deployment,false
4.421987179,Regular,6,Create,ConfigMap,false
4.44216695,Regular,16,Update,Deployment,false
4.463142038,Regular,8,Delete,ConfigMap,false
4.481605166,Regular,6,Delete,Deployment,false
4.502100441,Regular,7,Create,Deployment,false
4.521857355,Regular,8,Create,ConfigMap,false
4.542322874,Regular,10,Update,Deployment,false
4.56245247,Regular,6,Delete,ConfigMap,false
4.582220485,Regular,6,Delete,Deployment,false
4.601992619,Regular,8,Create,Deployment,false
4.622145408,Regular,8,Create,ConfigMap,false
4.642316533,Regular,9,Update,Deployment,false
4.662561446,Regular,5,Delete,ConfigMap,false
4.681986997,Regular,6,Delete,Deployment,false
4.702488653,Regular,8,Create,Deployment,false
4.722116595,Regular,7,Create,ConfigMap,false
4.741611215,Regular,8,Update,Deployment,false
4.762617382,Regular,5,Delete,ConfigMap,false
4.782529168,Regular,3,Delete,Deployment,false
4.80213582,Regular,10,Create,Deployment,false
4.8230921129999995,Regular,9,Create,ConfigMap,false
4.842428605,Regular,10,Update,Deployment,false
4.86225999,Regular,6,Delete,ConfigMap,false
4.8820714370000005,Regular,4,Delete,Deployment,false
4.9020118969999995,Regular,9,Create,Deployment,false
4.922300683,Regular,11,Create,ConfigMap,false
4.942379614,Regular,8,Update,Deployment,false
4.962482179,Regular,6,Delete,ConfigMap,false
4.981734974,Regular,3,Delete,Deployment,false
4.001650309,Regular,9,Create,Deployment,false
4.022616902,Regular,7,Create,ConfigMap,false
4.042320125,Regular,8,Update,Deployment,false
4.062534301,Regular,8,Delete,ConfigMap,false
4.081707536,Regular,7,Delete,Deployment,false
4.102742918,Regular,12,Create,Deployment,false
4.122265791,Regular,9,Create,ConfigMap,false
4.142554677,Regular,10,Update,Deployment,false
4.16152996,Regular,14,Delete,ConfigMap,false
4.182259807,Regular,50,Delete,Deployment,false
4.233122627,Regular,9,Create,Deployment,false
4.242666779,Regular,8,Create,ConfigMap,false
4.251657079,Regular,8,Update,Deployment,false
4.262690406,Regular,7,Delete,ConfigMap,false
4.2822773,Regular,5,Delete,Deployment,false
4.302898051,Regular,10,Create,Deployment,false
4.321891218,Regular,9,Create,ConfigMap,false
4.3425764000000004,Regular,20,Update,Deployment,false
4.362926431,Regular,8,Delete,ConfigMap,false
4.381531607,Regular,7,Delete,Deployment,false
4.402454567,Regular,10,Create,Deployment,false
4.421836976,Regular,6,Create,ConfigMap,false
4.441836658,Regular,16,Update,Deployment,false
4.462997496,Regular,9,Delete,ConfigMap,false
4.482289374,Regular,4,Delete,Deployment,false
4.502143522,Regular,10,Create,Deployment,false
4.522139106,Regular,7,Create,ConfigMap,false
4.542324096,Regular,10,Update,Deployment,false
4.562621448,Regular,6,Delete,ConfigMap,false
4.582142469,Regular,5,Delete,Deployment,false
4.602066357,Regular,8,Create,Deployment,false
4.622161038,Regular,8,Create,ConfigMap,false
4.642322775,Regular,8,Update,Deployment,false
4.662429618,Regular,5,Delete,ConfigMap,false
4.681895424,Regular,6,Delete,Deployment,false
4.702373116,Regular,8,Create,Deployment,false
4.722036164,Regular,8,Create,ConfigMap,false
4.741554539,Regular,9,Update,Deployment,false
4.762663559,Regular,6,Delete,ConfigMap,false
4.782515262,Regular,7,Delete,Deployment,false
4.801868536,Regular,10,Create,Deployment,false
4.822895412,Regular,9,Create,ConfigMap,false
4.842814572,Regular,10,Update,Deployment,false
4.862393772,Regular,5,Delete,ConfigMap,false
4.882032924,Regular,5,Delete,Deployment,false
4.902064707,Regular,9,Create,Deployment,false
4.922183543,Regular,11,Create,ConfigMap,false
4.942221656,Regular,8,Update,Deployment,false
4.962500113,Regular,6,Delete,ConfigMap,false
4.981609197,Regular,6,Delete,Deployment,false
4.001859684,Regular,5,Create,Deployment,false
4.022874657,Regular,7,Create,ConfigMap,false
4.042351224,Regular,9,Update,Deployment,false
4.061964908,Regular,8,Delete,ConfigMap,false
4.081985038,Regular,6,Delete,Deployment,false
4.10274415,Regular,12,Create,Deployment,false
4.122383773,Regular,9,Create,ConfigMap,false
4.142426075,Regular,22,Update,Deployment,false
4.164996638,Regular,10,Delete,ConfigMap,false
4.182181028,Regular,50,Delete,Deployment,false
4.23220057,Regular,11,Create,Deployment,false
4.244059151,Regular,9,Create,ConfigMap,false
4.2531991829999996,Regular,12,Update,Deployment,false
4.265280032,Regular,6,Delete,ConfigMap,false
4.282719854,Regular,5,Delete,Deployment,false
4.303167198,Regular,9,Create,Deployment,false
4.32209415,Regular,7,Create,ConfigMap,false
4.342275944,Regular,13,Update,Deployment,false
4.361632274,Regular,9,Delete,ConfigMap,false
4.381550542,Regular,7,Delete,Deployment,false
4.402456691,Regular,12,Create,Deployment,false
4.42198755,Regular,7,Create,ConfigMap,false
4.441927198,Regular,17,Update,Deployment,false
4.46242603,Regular,6,Delete,ConfigMap,false
4.481719862,Regular,4,Delete,Deployment,false
4.502163169,Regular,9,Create,Deployment,false
4.521967192,Regular,7,Create,ConfigMap,false
4.542049489,Regular,11,Update,Deployment,false
4.562876268,Regular,6,Delete,ConfigMap,false
4.582284546,Regular,5,Delete,Deployment,false
4.602014059,Regular,8,Create,Deployment,false
4.622109841,Regular,8,Create,ConfigMap,false
4.6422420330000005,Regular,8,Update,Deployment,false
4.662618944,Regular,5,Delete,ConfigMap,false
4.6819963940000004,Regular,6,Delete,Deployment,false
4.702309776,Regular,10,Create,Deployment,false
4.721834574,Regular,9,Create,ConfigMap,false
4.741646151,Regular,10,Update,Deployment,false
4.762619316,Regular,6,Delete,ConfigMap,false
4.7824837030000005,Regular,5,Delete,Deployment,false
4.8023228620000005,Regular,7,Create,Deployment,false
4.822697189,Regular,9,Create,ConfigMap,false
4.842582726,Regular,9,Update,Deployment,false
4.862377371,Regular,6,Delete,ConfigMap,false
4.881964385,Regular,5,Delete,Deployment,false
4.902154476,Regular,8,Create,Deployment,false
4.922339426,Regular,11,Create,ConfigMap,false
4.942372521,Regular,8,Update,Deployment,false
4.962248339,Regular,5,Delete,ConfigMap,false
4.981817991,Regular,6,Delete,Deployment,false
4.02248859,Regular,6,Create,ConfigMap,false
4.042488171,Regular,8,Update,Deployment,false
4.062478235,Regular,8,Delete,ConfigMap,false
4.081839134,Regular,6,Delete,Deployment,false
4.102364826,Regular,12,Create,Deployment,false
4.122510672,Regular,9,Create,ConfigMap,false
4.142381211,Regular,16,Update,Deployment,false
4.163502144,Regular,15,Delete,ConfigMap,false
4.182869074,Regular,48,Delete,Deployment,false
4.231533434,Regular,11,Create,Deployment,false
4.242749044,Regular,10,Create,ConfigMap,false
4.253438073,Regular,13,Update,Deployment,false
4.266864877,Regular,9,Delete,ConfigMap,false
4.282616018,Regular,6,Delete,Deployment,false
4.303050038,Regular,10,Create,Deployment,false
4.321837406,Regular,8,Create,ConfigMap,false
4.342623228,Regular,20,Update,Deployment,false
4.363205336,Regular,7,Delete,ConfigMap,false
4.382138189,Regular,6,Delete,Deployment,false
4.40278044,Regular,10,Create,Deployment,false
4.422047212,Regular,6,Create,ConfigMap,false
4.442010625,Regular,15,Update,Deployment,false
4.462529805,Regular,8,Delete,ConfigMap,false
4.482646878,Regular,4,Delete,Deployment,false
4.50183456,Regular,10,Create,Deployment,false
4.52166865,Regular,8,Create,ConfigMap,false
4.542011167,Regular,10,Update,Deployment,false
4.562481455,Regular,6,Delete,ConfigMap,false
4.582305736,Regular,5,Delete,Deployment,false
4.602229124,Regular,8,Create,Deployment,false
4.622059436,Regular,7,Create,ConfigMap,false
4.642279042,Regular,8,Update,Deployment,false
4.662389673,Regular,5,Delete,ConfigMap,false
4.682072408,Regular,6,Delete,Deployment,false
4.7022985649999995,Regular,11,Create,Deployment,false
4.722484738,Regular,7,Create,ConfigMap,false
4.741683201,Regular,10,Update,Deployment,false
4.762517634,Regular,4,Delete,ConfigMap,false
4.782356964,Regular,5,Delete,Deployment,false
4.802425686,Regular,9,Create,Deployment,false
4.822966226,Regular,9,Create,ConfigMap,false
4.842423456,Regular,10,Update,Deployment,false
4.862437635,Regular,5,Delete,ConfigMap,false
4.8819656380000005,Regular,5,Delete,Deployment,false
4.901948989,Regular,8,Create,Deployment,false
4.92235757,Regular,11,Create,ConfigMap,false
4.942269216,Regular,8,Update,Deployment,false
4.962466099,Regular,6,Delete,ConfigMap,false
4.98162109,Regular,6,Delete,Deployment,false
4.001693721,Regular,9,Create,Deployment,false
4.022618104,Regular,7,Create,ConfigMap,false
4.042489764,Regular,8,Update,Deployment,false
4.062494496,Regular,8,Delete,ConfigMap,false
4.08189048,Regular,7,Delete,Deployment,false
4.102223459,Regular,12,Create,Deployment,false
4.122505863,Regular,9,Create,ConfigMap,false
4.1426036,Regular,21,Update,Deployment,false
4.16434963,Regular,14,Delete,ConfigMap,false
4.18246339,Regular,48,Delete,Deployment,false
4.230530646,Regular,10,Create,Deployment,false
4.241043973,Regular,7,Create,ConfigMap,false
4.248443107,Regular,11,Update,Deployment,false
4.261589553,Regular,7,Delete,ConfigMap,false
4.282401454,Regular,6,Delete,Deployment,false
4.302990495,Regular,10,Create,Deployment,false
4.321853977,Regular,10,Create,ConfigMap,false
4.341856284,Regular,21,Update,Deployment,false
4.363846994,Regular,7,Delete,ConfigMap,false
4.381955515,Regular,6,Delete,Deployment,false
4.402516594,Regular,12,Create,Deployment,false
4.421982801,Regular,6,Create,ConfigMap,false
4.442118338,Regular,16,Update,Deployment,false
4.462724692,Regular,9,Delete,ConfigMap,false
4.482824642,Regular,6,Delete,Deployment,false
4.501737548,Regular,10,Create,Deployment,false
4.521725026,Regular,8,Create,ConfigMap,false
4.541974698,Regular,11,Update,Deployment,false
4.562443443,Regular,6,Delete,ConfigMap,false
4.5823204539999995,Regular,5,Delete,Deployment,false
4.602088048,Regular,8,Create,Deployment,false
4.622202085,Regular,8,Create,ConfigMap,false
4.642294311,Regular,8,Update,Deployment,false
4.662519848,Regular,6,Delete,ConfigMap,false
4.682228381,Regular,6,Delete,Deployment,false
4.702484646,Regular,9,Create,Deployment,false
4.722511509,Regular,7,Create,ConfigMap,false
4.741697177,Regular,10,Update,Deployment,false
4.762668488,Regular,5,Delete,ConfigMap,false
4.782319634,Regular,5,Delete,Deployment,false
4.802454941,Regular,9,Create,Deployment,false
4.822813839,Regular,9,Create,ConfigMap,false
4.842510259,Regular,10,Update,Deployment,false
4.862445389,Regular,5,Delete,ConfigMap,false
4.881893782,Regular,5,Delete,Deployment,false
4.902091637,Regular,8,Create,Deployment,false
4.922347682,Regular,9,Create,ConfigMap,false
4.9423934,Regular,8,Update,Deployment,false
4.962665865,Regular,5,Delete,ConfigMap,false
4.981780019,Regular,5,Delete,Deployment,false
4.022634465,Regular,7,Create,ConfigMap,false
4.042520081,Regular,7,Update,Deployment,false
4.062354572,Regular,7,Delete,ConfigMap,false
4.081993584,Regular,7,Delete,Deployment,false
4.102457791,Regular,12,Create,Deployment,false
4.122458183,Regular,9,Create,ConfigMap,false
4.142819376,Regular,16,Update,Deployment,false
4.163186049,Regular,12,Delete,ConfigMap,false
4.18360541,Regular,50,Delete,Deployment,false
4.233772711,Regular,11,Create,Deployment,false
4.245772938,Regular,13,Create,ConfigMap,false
4.259381154,Regular,12,Update,Deployment,false
4.271635901,Regular,4,Delete,ConfigMap,false
4.282565984,Regular,6,Delete,Deployment,false
4.302633142,Regular,10,Create,Deployment,false
4.321769007,Regular,10,Create,ConfigMap,false
4.343013343,Regular,19,Update,Deployment,false
4.362221494,Regular,9,Delete,ConfigMap,false
4.381813077,Regular,7,Delete,Deployment,false
4.402869658,Regular,11,Create,Deployment,false
4.421930282,Regular,8,Create,ConfigMap,false
4.442187538,Regular,14,Update,Deployment,false
4.462798331,Regular,8,Delete,ConfigMap,false
4.482729664,Regular,5,Delete,Deployment,false
4.501962321,Regular,9,Create,Deployment,false
4.521713925,Regular,8,Create,ConfigMap,false
4.54193301,Regular,10,Update,Deployment,false
4.562711027,Regular,5,Delete,ConfigMap,false
4.582320384,Regular,5,Delete,Deployment,false
4.602266625,Regular,6,Create,Deployment,false
4.622196645,Regular,8,Create,ConfigMap,false
4.6423128160000005,Regular,9,Update,Deployment,false
4.662554653,Regular,4,Delete,ConfigMap,false
4.68229699,Regular,5,Delete,Deployment,false
4.702326859,Regular,11,Create,Deployment,false
4.72243285,Regular,7,Create,ConfigMap,false
4.741692779,Regular,10,Update,Deployment,false
4.762699457,Regular,5,Delete,ConfigMap,false
4.782453326,Regular,6,Delete,Deployment,false
4.801887071,Regular,10,Create,Deployment,false
4.822393798,Regular,9,Create,ConfigMap,false
4.84262751,Regular,10,Update,Deployment,false
4.862481137,Regular,6,Delete,ConfigMap,false
4.881967952,Regular,4,Delete,Deployment,false
4.902090595,Regular,8,Create,Deployment,false
4.922378109,Regular,11,Create,ConfigMap,false
4.942458983,Regular,6,Update,Deployment,false
4.96244535,Regular,6,Delete,ConfigMap,false
4.981629305,Regular,6,Delete,Deployment,false
4.001858962,Regular,9,Create,Deployment,false
4.022448254,Regular,7,Create,ConfigMap,false
4.042536542,Regular,8,Update,Deployment,false
4.062445453,Regular,7,Delete,ConfigMap,false
4.082055681,Regular,7,Delete,Deployment,false
4.102795737,Regular,11,Create,Deployment,false
4.122295908,Regular,9,Create,ConfigMap,false
4.142814777,Regular,15,Update,Deployment,false
4.162781737,Regular,16,Delete,ConfigMap,false
4.182962369,Regular,21,Delete,Deployment,false
4.204628279,Regular,35,Create,Deployment,false
4.24009145,Regular,8,Create,ConfigMap,false
4.248695101,Regular,9,Update,Deployment,false
4.262436999,Regular,7,Delete,ConfigMap,false
4.282352652,Regular,6,Delete,Deployment,false
4.303018127,Regular,10,Create,Deployment,false
4.321678868,Regular,10,Create,ConfigMap,false
4.342959611,Regular,19,Update,Deployment,false
4.362636495,Regular,8,Delete,ConfigMap,false
4.381570099,Regular,5,Delete,Deployment,false
4.402304745,Regular,11,Create,Deployment,false
4.421942986,Regular,7,Create,ConfigMap,false
4.441768078,Regular,17,Update,Deployment,false
4.462395542,Regular,9,Delete,ConfigMap,false
4.482057227,Regular,6,Delete,Deployment,false
4.502228081,Regular,10,Create,Deployment,false
4.521656307,Regular,8,Create,ConfigMap,false
4.542120072,Regular,11,Update,Deployment,false
4.562683154,Regular,5,Delete,ConfigMap,false
4.582182624,Regular,6,Delete,Deployment,false
4.602185913,Regular,8,Create,Deployment,false
4.622040461,Regular,8,Create,ConfigMap,false
4.642269615,Regular,9,Update,Deployment,false
4.662463361,Regular,5,Delete,ConfigMap,false
4.681874044,Regular,6,Delete,Deployment,false
4.70272075,Regular,8,Create,Deployment,false
4.722269252,Regular,7,Create,ConfigMap,false
4.741649638,Regular,10,Update,Deployment,false
4.76262141,Regular,5,Delete,ConfigMap,false
4.782504883,Regular,5,Delete,Deployment,false
4.802046652,Regular,10,Create,Deployment,false
4.822546185,Regular,9,Create,ConfigMap,false
4.8426219889999995,Regular,10,Update,Deployment,false
4.862309614,Regular,6,Delete,ConfigMap,false
4.88203602,Regular,5,Delete,Deployment,false
4.90197632,Regular,8,Create,Deployment,false
4.922265868,Regular,11,Create,ConfigMap,false
4.942240482,Regular,8,Update,Deployment,false
4.962665855,Regular,6,Delete,ConfigMap,false
4.98170086,Regular,6,Delete,Deployment,false
5.001889878,Regular,8,Create,Deployment,false
4.001851649,Regular,9,Create,Deployment,false
4.022468783,Regular,8,Create,ConfigMap,false
4.042366643,Regular,8,Update,Deployment,false
4.062123958,Regular,8,Delete,ConfigMap,false
4.082225271,Regular,6,Delete,Deployment,false
4.10285557,Regular,12,Create,Deployment,false
4.122280589,Regular,9,Create,ConfigMap,false
4.142554096,Regular,21,Update,Deployment,false
4.164033414,Regular,19,Delete,ConfigMap,false
4.183341443,Regular,51,Delete,Deployment,false
4.234703433,Regular,12,Create,Deployment,false
4.247242766,Regular,13,Create,ConfigMap,false
4.260304573,Regular,8,Update,Deployment,false
4.268653345,Regular,7,Delete,ConfigMap,false
4.282254688,Regular,6,Delete,Deployment,false
4.303253591,Regular,9,Create,Deployment,false
4.3218182,Regular,10,Create,ConfigMap,false
4.342776887,Regular,20,Update,Deployment,false
4.363205757,Regular,8,Delete,ConfigMap,false
4.381696607,Regular,6,Delete,Deployment,false
4.402283625,Regular,12,Create,Deployment,false
4.421817038,Regular,6,Create,ConfigMap,false
4.441943268,Regular,16,Update,Deployment,false
4.462889863,Regular,8,Delete,ConfigMap,false
4.482250892,Regular,5,Delete,Deployment,false
4.502020971,Regular,10,Create,Deployment,false
4.521882192,Regular,8,Create,ConfigMap,false
4.542064387,Regular,10,Update,Deployment,false
4.562536839,Regular,7,Delete,ConfigMap,false
4.582201059,Regular,4,Delete,Deployment,false
4.6024398909999995,Regular,8,Create,Deployment,false
4.622198518,Regular,8,Create,ConfigMap,false
4.642210303,Regular,9,Update,Deployment,false
4.662381748,Regular,6,Delete,ConfigMap,false
4.681847063,Regular,6,Delete,Deployment,false
4.7024876209999995,Regular,9,Create,Deployment,false
4.721706583,Regular,8,Create,ConfigMap,false
4.741650279,Regular,7,Update,Deployment,false
4.762582386,Regular,6,Delete,ConfigMap,false
4.782531162,Regular,6,Delete,Deployment,false
4.802044738,Regular,10,Create,Deployment,false
4.8229470800000005,Regular,9,Create,ConfigMap,false
4.842565934,Regular,10,Update,Deployment,false
4.862330703,Regular,6,Delete,ConfigMap,false
4.881839941,Regular,5,Delete,Deployment,false
4.901883325,Regular,8,Create,Deployment,false
4.922215132,Regular,11,Create,ConfigMap,false
4.942201819,Regular,8,Update,Deployment,false
4.9624310430000005,Regular,6,Delete,ConfigMap,false
4.981650215,Regular,6,Delete,Deployment,false
5.001983995,Regular,8,Create,Deployment,false
5.001921908,Regular,8,Create,Deployment,false
5.021935196,Regular,6,Create,ConfigMap,false
5.042171323,Regular,8,Update,Deployment,false
5.062554406,Regular,6,Delete,ConfigMap,false
5.081858197,Regular,4,Delete,Deployment,false
5.102089365,Regular,9,Create,Deployment,false
5.121588654,Regular,7,Create,ConfigMap,false
5.142560967,Regular,10,Update,Deployment,false
5.16231171,Regular,6,Delete,ConfigMap,false
5.182295672,Regular,7,Delete,Deployment,false
5.201904006,Regular,9,Create,Deployment,false
5.22248373,Regular,8,Create,ConfigMap,false
5.242569143,Regular,12,Update,Deployment,false
5.261944199,Regular,7,Delete,ConfigMap,false
5.282094945,Regular,6,Delete,Deployment,false
5.3017078380000005,Regular,10,Create,Deployment,false
5.322375848,Regular,8,Create,ConfigMap,false
5.342883516,Regular,11,Update,Deployment,false
5.361535901,Regular,6,Delete,ConfigMap,false
5.382296505,Regular,5,Delete,Deployment,false
5.402281068,Regular,8,Create,Deployment,false
5.422680151,Regular,8,Create,ConfigMap,false
5.44237569,Regular,12,Update,Deployment,false
5.462141512,Regular,6,Delete,ConfigMap,false
5.481703589,Regular,7,Delete,Deployment,false
5.502086783,Regular,7,Create,Deployment,false
5.521727909,Regular,8,Create,ConfigMap,false
5.542328212,Regular,7,Update,Deployment,false
5.561587299,Regular,5,Delete,ConfigMap,false
5.581829046,Regular,5,Delete,Deployment,false
5.602210877,Regular,11,Create,Deployment,false
5.62207303,Regular,8,Create,ConfigMap,false
5.642190493,Regular,12,Update,Deployment,false
5.662460053,Regular,5,Delete,ConfigMap,false
5.681664387,Regular,6,Delete,Deployment,false
5.70212683,Regular,7,Create,Deployment,false
5.723457418,Regular,12,Create,ConfigMap,false
5.742217775,Regular,15,Update,Deployment,false
5.761914256,Regular,5,Delete,ConfigMap,false
5.78183568,Regular,6,Delete,Deployment,false
5.803819358,Regular,19,Create,Deployment,false
5.823346299,Regular,14,Create,ConfigMap,false
5.843157586,Regular,25,Update,Deployment,false
5.868798541,Regular,15,Delete,ConfigMap,false
5.884176118,Regular,9,Delete,Deployment,false
5.902132312,Regular,12,Create,Deployment,false
5.9224683460000005,Regular,8,Create,ConfigMap,false
5.9422937099999995,Regular,13,Update,Deployment,false
5.963141188,Regular,9,Delete,ConfigMap,false
5.982564705,Regular,5,Delete,Deployment,false
5.0018164,Regular,8,Create,Deployment,false
5.022002051,Regular,6,Create,ConfigMap,false
5.042184778,Regular,9,Update,Deployment,false
5.062379757,Regular,5,Delete,ConfigMap,false
5.082081688,Regular,4,Delete,Deployment,false
5.102657745,Regular,8,Create,Deployment,false
5.121492683,Regular,7,Create,ConfigMap,false
5.142491296,Regular,10,Update,Deployment,false
5.162435182,Regular,6,Delete,ConfigMap,false
5.182105323,Regular,6,Delete,Deployment,false
5.202302897,Regular,11,Create,Deployment,false
5.222468682,Regular,8,Create,ConfigMap,false
5.242603498,Regular,11,Update,Deployment,false
5.261747909,Regular,8,Delete,ConfigMap,false
5.281985559,Regular,6,Delete,Deployment,false
5.301823005,Regular,10,Create,Deployment,false
5.322372562,Regular,9,Create,ConfigMap,false
5.34278485,Regular,10,Update,Deployment,false
5.3617497929999995,Regular,6,Delete,ConfigMap,false
5.382247543,Regular,4,Delete,Deployment,false
5.40257421,Regular,8,Create,Deployment,false
5.422328219,Regular,7,Create,ConfigMap,false
5.441986768,Regular,12,Update,Deployment,false
5.4616795719999995,Regular,6,Delete,ConfigMap,false
5.481772268,Regular,7,Delete,Deployment,false
5.501998256,Regular,7,Create,Deployment,false
5.521892229,Regular,7,Create,ConfigMap,false
5.542274711,Regular,9,Update,Deployment,false
5.561720019,Regular,5,Delete,ConfigMap,false
5.58179364,Regular,5,Delete,Deployment,false
5.601766,Regular,12,Create,Deployment,false
5.622286692,Regular,8,Create,ConfigMap,false
5.642143465,Regular,11,Update,Deployment,false
5.662397595,Regular,5,Delete,ConfigMap,false
5.681687019,Regular,6,Delete,Deployment,false
5.701873553,Regular,7,Create,Deployment,false
5.722816451,Regular,14,Create,ConfigMap,false
5.741953488,Regular,15,Update,Deployment,false
5.762071212,Regular,3,Delete,ConfigMap,false
5.782057839,Regular,13,Delete,Deployment,false
5.803373348,Regular,20,Create,Deployment,false
5.823767713,Regular,13,Create,ConfigMap,false
5.842993817,Regular,18,Update,Deployment,false
5.862295725,Regular,12,Delete,ConfigMap,false
5.88229196,Regular,14,Delete,Deployment,false
5.902284709,Regular,13,Create,Deployment,false
5.922547836,Regular,7,Create,ConfigMap,false
5.9427787930000004,Regular,10,Update,Deployment,false
5.963241407,Regular,8,Delete,ConfigMap,false
5.9823331490000005,Regular,6,Delete,Deployment,false
5.021873499,Regular,6,Create,ConfigMap,false
5.042162666,Regular,9,Update,Deployment,false
5.062553334,Regular,6,Delete,ConfigMap,false
5.081696062,Regular,4,Delete,Deployment,false
5.102702229,Regular,7,Create,Deployment,false
5.121500668,Regular,7,Create,ConfigMap,false
5.142243229,Regular,9,Update,Deployment,false
5.16226955,Regular,6,Delete,ConfigMap,false
5.182312273,Regular,6,Delete,Deployment,false
5.202363942,Regular,12,Create,Deployment,false
5.222721318,Regular,10,Create,ConfigMap,false
5.243024551,Regular,10,Update,Deployment,false
5.261943467,Regular,8,Delete,ConfigMap,false
5.282107578,Regular,4,Delete,Deployment,false
5.30191089,Regular,10,Create,Deployment,false
5.322305786,Regular,9,Create,ConfigMap,false
5.342801231,Regular,8,Update,Deployment,false
5.362006948,Regular,6,Delete,ConfigMap,false
5.3822160629999996,Regular,5,Delete,Deployment,false
5.402505771,Regular,8,Create,Deployment,false
5.422505162,Regular,8,Create,ConfigMap,false
5.442134126,Regular,12,Update,Deployment,false
5.461771956,Regular,6,Delete,ConfigMap,false
5.481829166,Regular,6,Delete,Deployment,false
5.501844897,Regular,7,Create,Deployment,false
5.521892209,Regular,7,Create,ConfigMap,false
5.542208767,Regular,9,Update,Deployment,false
5.561672479,Regular,6,Delete,ConfigMap,false
5.581764745,Regular,5,Delete,Deployment,false
5.60172354,Regular,11,Create,Deployment,false
5.622315386,Regular,8,Create,ConfigMap,false
5.642143595,Regular,12,Update,Deployment,false
5.662351979,Regular,5,Delete,ConfigMap,false
5.681826612,Regular,6,Delete,Deployment,false
5.70168087,Regular,7,Create,Deployment,false
5.722978616,Regular,11,Create,ConfigMap,false
5.742155638,Regular,14,Update,Deployment,false
5.762072304,Regular,5,Delete,ConfigMap,false
5.782057388,Regular,6,Delete,Deployment,false
5.803986022,Regular,14,Create,Deployment,false
5.822254153,Regular,14,Create,ConfigMap,false
5.843295455,Regular,24,Update,Deployment,false
5.867630751,Regular,16,Delete,ConfigMap,false
5.884262311,Regular,12,Delete,Deployment,false
5.902057451,Regular,11,Create,Deployment,false
5.922357347,Regular,8,Create,ConfigMap,false
5.942525887,Regular,13,Update,Deployment,false
5.96315815,Regular,8,Delete,ConfigMap,false
5.982426765,Regular,6,Delete,Deployment,false
5.001989766,Regular,8,Create,Deployment,false
5.021994637,Regular,6,Create,ConfigMap,false
5.042005841,Regular,9,Update,Deployment,false
5.062431184,Regular,6,Delete,ConfigMap,false
5.081760874,Regular,5,Delete,Deployment,false
5.102048077,Regular,6,Create,Deployment,false
5.121846229,Regular,6,Create,ConfigMap,false
5.1424484249999995,Regular,10,Update,Deployment,false
5.162370831,Regular,6,Delete,ConfigMap,false
5.18206654,Regular,6,Delete,Deployment,false
5.202390623,Regular,12,Create,Deployment,false
5.221608162,Regular,11,Create,ConfigMap,false
5.242502387,Regular,11,Update,Deployment,false
5.261757056,Regular,8,Delete,ConfigMap,false
5.281898825,Regular,6,Delete,Deployment,false
5.301914998,Regular,7,Create,Deployment,false
5.322216848,Regular,9,Create,ConfigMap,false
5.343022408,Regular,10,Update,Deployment,false
5.362128937,Regular,6,Delete,ConfigMap,false
5.381880702,Regular,6,Delete,Deployment,false
5.402450547,Regular,6,Create,Deployment,false
5.422505823,Regular,7,Create,ConfigMap,false
5.442039287,Regular,11,Update,Deployment,false
5.461861615,Regular,6,Delete,ConfigMap,false
5.482127768,Regular,7,Delete,Deployment,false
5.501918776,Regular,7,Create,Deployment,false
5.521879014,Regular,5,Create,ConfigMap,false
5.5421811949999995,Regular,9,Update,Deployment,false
5.561713957,Regular,7,Delete,ConfigMap,false
5.581927942,Regular,4,Delete,Deployment,false
5.601772903,Regular,9,Create,Deployment,false
5.622138263,Regular,6,Create,ConfigMap,false
5.642074876,Regular,11,Update,Deployment,false
5.662510979,Regular,5,Delete,ConfigMap,false
5.681855767,Regular,6,Delete,Deployment,false
5.701800846,Regular,7,Create,Deployment,false
5.7228692,Regular,12,Create,ConfigMap,false
5.742489777,Regular,15,Update,Deployment,false
5.761806453,Regular,5,Delete,ConfigMap,false
5.782049693,Regular,15,Delete,Deployment,false
5.802942346,Regular,21,Create,Deployment,false
5.824245893,Regular,14,Create,ConfigMap,false
5.843644543,Regular,22,Update,Deployment,false
5.866220075,Regular,9,Delete,ConfigMap,false
5.883124398,Regular,13,Delete,Deployment,false
5.9017509839999995,Regular,13,Create,Deployment,false
5.922400639,Regular,8,Create,ConfigMap,false
5.942324428,Regular,13,Update,Deployment,false
5.962566416,Regular,8,Delete,ConfigMap,false
5.982563612,Regular,5,Delete,Deployment,false
5.001882564,Regular,8,Create,Deployment,false
5.021983116,Regular,6,Create,ConfigMap,false
5.042161845,Regular,8,Update,Deployment,false
5.062585003,Regular,6,Delete,ConfigMap,false
5.081858949,Regular,4,Delete,Deployment,false
5.102454653,Regular,8,Create,Deployment,false
5.121569969,Regular,6,Create,ConfigMap,false
5.142489302,Regular,10,Update,Deployment,false
5.162224415,Regular,6,Delete,ConfigMap,false
5.182180836,Regular,7,Delete,Deployment,false
5.202076812,Regular,12,Create,Deployment,false
5.222601592,Regular,8,Create,ConfigMap,false
5.243015975,Regular,12,Update,Deployment,false
5.261894555,Regular,8,Delete,ConfigMap,false
5.281623326,Regular,6,Delete,Deployment,false
5.301741471,Regular,9,Create,Deployment,false
5.322372652,Regular,9,Create,ConfigMap,false
5.342816269,Regular,11,Update,Deployment,false
5.36179061,Regular,5,Delete,ConfigMap,false
5.382213198,Regular,5,Delete,Deployment,false
5.402306606,Regular,8,Create,Deployment,false
5.422713825,Regular,7,Create,ConfigMap,false
5.442062521,Regular,12,Update,Deployment,false
5.462053636,Regular,6,Delete,ConfigMap,false
5.481787858,Regular,7,Delete,Deployment,false
5.501652305,Regular,7,Create,Deployment,false
5.522042171,Regular,7,Create,ConfigMap,false
5.542484546,Regular,8,Update,Deployment,false
5.561658793,Regular,7,Delete,ConfigMap,false
5.581733406,Regular,6,Delete,Deployment,false
5.602144502,Regular,11,Create,Deployment,false
5.622004721,Regular,8,Create,ConfigMap,false
5.642192948,Regular,12,Update,Deployment,false
5.662338604,Regular,6,Delete,ConfigMap,false
5.681714241,Regular,6,Delete,Deployment,false
5.701757214,Regular,8,Create,Deployment,false
5.723761731,Regular,10,Create,ConfigMap,false
5.741932789,Regular,15,Update,Deployment,false
5.761747332,Regular,5,Delete,ConfigMap,false
5.78230281,Regular,19,Delete,Deployment,false
5.804278342,Regular,16,Create,Deployment,false
5.822316009,Regular,16,Create,ConfigMap,false
5.843364004,Regular,25,Update,Deployment,false
5.869123282,Regular,14,Delete,ConfigMap,false
5.884036425,Regular,12,Delete,Deployment,false
5.901965127,Regular,12,Create,Deployment,false
5.922441366,Regular,7,Create,ConfigMap,false
5.942573096,Regular,13,Update,Deployment,false
5.96177207,Regular,9,Delete,ConfigMap,false
5.982313952,Regular,5,Delete,Deployment,false
5.002060389,Regular,7,Create,Deployment,false
5.022023342,Regular,6,Create,ConfigMap,false
5.042052108,Regular,9,Update,Deployment,false
5.062611694,Regular,6,Delete,ConfigMap,false
5.08168467,Regular,5,Delete,Deployment,false
5.102261018,Regular,8,Create,Deployment,false
5.12158662,Regular,7,Create,ConfigMap,false
5.142695921,Regular,9,Update,Deployment,false
5.162435653,Regular,4,Delete,ConfigMap,false
5.182269803,Regular,6,Delete,Deployment,false
5.202390633,Regular,11,Create,Deployment,false
5.222230834,Regular,9,Create,ConfigMap,false
5.242500193,Regular,12,Update,Deployment,false
5.262100743,Regular,7,Delete,ConfigMap,false
5.281828373,Regular,6,Delete,Deployment,false
5.302102882,Regular,8,Create,Deployment,false
5.322375698,Regular,9,Create,ConfigMap,false
5.342932799,Regular,9,Update,Deployment,false
5.361642702,Regular,6,Delete,ConfigMap,false
5.382048117,Regular,6,Delete,Deployment,false
5.402343496,Regular,8,Create,Deployment,false
5.422126028,Regular,8,Create,ConfigMap,false
5.442187195,Regular,12,Update,Deployment,false
5.461888946,Regular,6,Delete,ConfigMap,false
5.481772799,Regular,7,Delete,Deployment,false
5.501683724,Regular,7,Create,Deployment,false
5.521743368,Regular,7,Create,ConfigMap,false
5.542273258,Regular,8,Update,Deployment,false
5.561611484,Regular,6,Delete,ConfigMap,false
5.582015998,Regular,6,Delete,Deployment,false
5.601795625,Regular,8,Create,Deployment,false
5.622069994,Regular,8,Create,ConfigMap,false
5.642144006,Regular,12,Update,Deployment,false
5.662486903,Regular,5,Delete,ConfigMap,false
5.681704873,Regular,6,Delete,Deployment,false
5.701652537,Regular,7,Create,Deployment,false
5.722713898,Regular,13,Create,ConfigMap,false
5.742562855,Regular,14,Update,Deployment,false
5.761776757,Regular,5,Delete,ConfigMap,false
5.781879883,Regular,16,Delete,Deployment,false
5.802259721,Regular,19,Create,Deployment,false
5.822164323,Regular,15,Create,ConfigMap,false
5.843240742,Regular,22,Update,Deployment,false
5.865544924,Regular,10,Delete,ConfigMap,false
5.883346085,Regular,13,Delete,Deployment,false
5.901936062,Regular,11,Create,Deployment,false
5.922020223,Regular,8,Create,ConfigMap,false
5.942845198,Regular,12,Update,Deployment,false
5.962443274,Regular,8,Delete,ConfigMap,false
5.982518798,Regular,5,Delete,Deployment,false
5.001776695,Regular,8,Create,Deployment,false
5.021850977,Regular,6,Create,ConfigMap,false
5.041981585,Regular,8,Update,Deployment,false
5.062506776,Regular,6,Delete,ConfigMap,false
5.082163542,Regular,4,Delete,Deployment,false
5.102677392,Regular,8,Create,Deployment,false
5.121477204,Regular,7,Create,ConfigMap,false
5.142082125,Regular,10,Update,Deployment,false
5.162371653,Regular,6,Delete,ConfigMap,false
5.182080857,Regular,6,Delete,Deployment,false
5.201873589,Regular,11,Create,Deployment,false
5.221563908,Regular,9,Create,ConfigMap,false
5.242317229,Regular,13,Update,Deployment,false
5.262444961,Regular,7,Delete,ConfigMap,false
5.281773359,Regular,6,Delete,Deployment,false
5.301864803,Regular,10,Create,Deployment,false
5.322373213,Regular,9,Create,ConfigMap,false
5.342350212,Regular,11,Update,Deployment,false
5.361977352,Regular,6,Delete,ConfigMap,false
5.381839224,Regular,6,Delete,Deployment,false
5.402476235,Regular,8,Create,Deployment,false
5.422146246,Regular,8,Create,ConfigMap,false
5.442143433,Regular,12,Update,Deployment,false
5.461843019,Regular,6,Delete,ConfigMap,false
5.481606286,Regular,7,Delete,Deployment,false
5.501844607,Regular,7,Create,Deployment,false
5.521857443,Regular,8,Create,ConfigMap,false
5.542247831,Regular,9,Update,Deployment,false
5.561727823,Regular,6,Delete,ConfigMap,false
5.581904629,Regular,5,Delete,Deployment,false
5.601879724,Regular,11,Create,Deployment,false
5.621917387,Regular,8,Create,ConfigMap,false
5.642190994,Regular,12,Update,Deployment,false
5.662484289,Regular,5,Delete,ConfigMap,false
5.681785535,Regular,6,Delete,Deployment,false
5.701632268,Regular,7,Create,Deployment,false
5.722452365,Regular,14,Create,ConfigMap,false
5.741884037,Regular,14,Update,Deployment,false
5.761912433,Regular,5,Delete,ConfigMap,false
5.781998898,Regular,16,Delete,Deployment,false
5.802216129,Regular,21,Create,Deployment,false
5.824125486,Regular,13,Create,ConfigMap,false
5.842765878,Regular,22,Update,Deployment,false
5.865075109,Regular,11,Delete,ConfigMap,false
5.882007474,Regular,14,Delete,Deployment,false
5.90193502,Regular,12,Create,Deployment,false
5.922191515,Regular,8,Create,ConfigMap,false
5.94245855,Regular,12,Update,Deployment,false
5.962558561,Regular,8,Delete,ConfigMap,false
5.982401026,Regular,6,Delete,Deployment,false
5.021905389,Regular,6,Create,ConfigMap,false
5.04212737,Regular,9,Update,Deployment,false
5.062597687,Regular,6,Delete,ConfigMap,false
5.08207721,Regular,4,Delete,Deployment,false
5.102114101,Regular,8,Create,Deployment,false
5.12158672,Regular,7,Create,ConfigMap,false
5.142577558,Regular,10,Update,Deployment,false
5.162299366,Regular,6,Delete,ConfigMap,false
5.182255456,Regular,7,Delete,Deployment,false
5.201913083,Regular,12,Create,Deployment,false
5.222736366,Regular,8,Create,ConfigMap,false
5.242733292,Regular,10,Update,Deployment,false
5.262229977,Regular,6,Delete,ConfigMap,false
5.282027998,Regular,6,Delete,Deployment,false
5.301802726,Regular,10,Create,Deployment,false
5.322304934,Regular,9,Create,ConfigMap,false
5.342918322,Regular,11,Update,Deployment,false
5.361935703,Regular,6,Delete,ConfigMap,false
5.382266168,Regular,5,Delete,Deployment,false
5.402397257,Regular,8,Create,Deployment,false
5.42247224,Regular,7,Create,ConfigMap,false
5.441970077,Regular,10,Update,Deployment,false
5.4616678499999995,Regular,6,Delete,ConfigMap,false
5.481850115,Regular,7,Delete,Deployment,false
5.502089177,Regular,6,Create,Deployment,false
5.521865218,Regular,7,Create,ConfigMap,false
5.542323152,Regular,9,Update,Deployment,false
5.561698819,Regular,5,Delete,ConfigMap,false
5.581845297,Regular,5,Delete,Deployment,false
5.602096632,Regular,11,Create,Deployment,false
5.62198823,Regular,8,Create,ConfigMap,false
5.64199745,Regular,11,Update,Deployment,false
5.662430597,Regular,5,Delete,ConfigMap,false
5.681645441,Regular,6,Delete,Deployment,false
5.702239973,Regular,7,Create,Deployment,false
5.723611327,Regular,10,Create,ConfigMap,false
5.742013911,Regular,15,Update,Deployment,false
5.761886384,Regular,5,Delete,ConfigMap,false
5.782114856,Regular,13,Delete,Deployment,false
5.803927762,Regular,20,Create,Deployment,false
5.824805697,Regular,12,Create,ConfigMap,false
5.843098224,Regular,14,Update,Deployment,false
5.862560644,Regular,13,Delete,ConfigMap,false
5.883548106,Regular,13,Delete,Deployment,false
5.901962462,Regular,13,Create,Deployment,false
5.923197069,Regular,7,Create,ConfigMap,false
5.942703762,Regular,12,Update,Deployment,false
5.963092496,Regular,8,Delete,ConfigMap,false
5.982783497,Regular,5,Delete,Deployment,false
6.002527507,Regular,8,Create,Deployment,false
5.002033759,Regular,8,Create,Deployment,false
5.022052687,Regular,6,Create,ConfigMap,false
5.042070453,Regular,8,Update,Deployment,false
5.062604971,Regular,6,Delete,ConfigMap,false
5.082191645,Regular,4,Delete,Deployment,false
5.102302877,Regular,8,Create,Deployment,false
5.12161317,Regular,7,Create,ConfigMap,false
5.142062829,Regular,10,Update,Deployment,false
5.162426506,Regular,6,Delete,ConfigMap,false
5.18230555,Regular,5,Delete,Deployment,false
5.202075679,Regular,12,Create,Deployment,false
5.221988618,Regular,9,Create,ConfigMap,false
5.242516273,Regular,13,Update,Deployment,false
5.262336637,Regular,7,Delete,ConfigMap,false
5.281643354,Regular,6,Delete,Deployment,false
5.301912523,Regular,9,Create,Deployment,false
5.322304834,Regular,10,Create,ConfigMap,false
5.343179263,Regular,10,Update,Deployment,false
5.36173217,Regular,6,Delete,ConfigMap,false
5.381849804,Regular,5,Delete,Deployment,false
5.402532451,Regular,7,Create,Deployment,false
5.422637401,Regular,5,Create,ConfigMap,false
5.442011234,Regular,12,Update,Deployment,false
5.461880871,Regular,6,Delete,ConfigMap,false
5.481653855,Regular,7,Delete,Deployment,false
5.501658907,Regular,5,Create,Deployment,false
5.521758457,Regular,8,Create,ConfigMap,false
5.542264993,Regular,9,Update,Deployment,false
5.561548105,Regular,5,Delete,ConfigMap,false
5.5819687590000004,Regular,5,Delete,Deployment,false
5.601864375,Regular,12,Create,Deployment,false
5.6220733,Regular,8,Create,ConfigMap,false
5.642199941,Regular,11,Update,Deployment,false
5.662534553,Regular,5,Delete,ConfigMap,false
5.681768613,Regular,6,Delete,Deployment,false
5.702171764,Regular,8,Create,Deployment,false
5.72306064,Regular,12,Create,ConfigMap,false
5.742346708,Regular,15,Update,Deployment,false
5.761763312,Regular,4,Delete,ConfigMap,false
5.782056526,Regular,15,Delete,Deployment,false
5.802392591,Regular,16,Create,Deployment,false
5.822483775,Regular,14,Create,ConfigMap,false
5.843084208,Regular,20,Update,Deployment,false
5.863097755,Regular,10,Delete,ConfigMap,false
5.883308224,Regular,7,Delete,Deployment,false
5.901776191,Regular,12,Create,Deployment,false
5.922190854,Regular,8,Create,ConfigMap,false
5.942339186,Regular,12,Update,Deployment,false
5.962880738,Regular,10,Delete,ConfigMap,false
5.982313962,Regular,6,Delete,Deployment,false
6.002464618,Regular,8,Create,Deployment,false
5.001988694,Regular,8,Create,Deployment,false
5.021993365,Regular,6,Create,ConfigMap,false
5.042125847,Regular,8,Update,Deployment,false
5.062614709,Regular,6,Delete,ConfigMap,false
5.081801681,Regular,5,Delete,Deployment,false
5.10203369,Regular,8,Create,Deployment,false
5.121455293,Regular,7,Create,ConfigMap,false
5.142053952,Regular,11,Update,Deployment,false
5.162279709,Regular,5,Delete,ConfigMap,false
5.182148214,Regular,7,Delete,Deployment,false
5.201891453,Regular,12,Create,Deployment,false
5.222276049,Regular,9,Create,ConfigMap,false
5.242848299,Regular,12,Update,Deployment,false
5.262000024,Regular,8,Delete,ConfigMap,false
5.282025333,Regular,6,Delete,Deployment,false
5.301912904,Regular,9,Create,Deployment,false
5.322304433,Regular,9,Create,ConfigMap,false
5.3428229720000004,Regular,10,Update,Deployment,false
5.361744493,Regular,6,Delete,ConfigMap,false
5.382047756,Regular,4,Delete,Deployment,false
5.402757215,Regular,8,Create,Deployment,false
5.422126058,Regular,8,Create,ConfigMap,false
5.442189911,Regular,12,Update,Deployment,false
5.461785371,Regular,6,Delete,ConfigMap,false
5.481625712,Regular,7,Delete,Deployment,false
5.501924437,Regular,7,Create,Deployment,false
5.521803742,Regular,7,Create,ConfigMap,false
5.542290791,Regular,8,Update,Deployment,false
5.561543276,Regular,7,Delete,ConfigMap,false
5.58190522,Regular,5,Delete,Deployment,false
5.6018665290000005,Regular,12,Create,Deployment,false
5.621945279,Regular,8,Create,ConfigMap,false
5.642014261,Regular,12,Update,Deployment,false
5.662549241,Regular,5,Delete,ConfigMap,false
5.681604784,Regular,6,Delete,Deployment,false
5.70191458,Regular,8,Create,Deployment,false
5.723297006,Regular,11,Create,ConfigMap,false
5.742152552,Regular,15,Update,Deployment,false
5.761869592,Regular,5,Delete,ConfigMap,false
5.782303151,Regular,19,Delete,Deployment,false
5.804320201,Regular,21,Create,Deployment,false
5.825482953,Regular,12,Create,ConfigMap,false
5.842950215,Regular,23,Update,Deployment,false
5.866937987,Regular,13,Delete,ConfigMap,false
5.883471101,Regular,13,Delete,Deployment,false
5.901689448,Regular,14,Create,Deployment,false
5.922464359,Regular,8,Create,ConfigMap,false
5.942508935,Regular,12,Update,Deployment,false
5.963250945,Regular,7,Delete,ConfigMap,false
5.982361452,Regular,6,Delete,Deployment,false
6.002403924,Regular,8,Create,Deployment,false
6.002857438,Regular,8,Create,Deployment,false
6.021616654,Regular,7,Create,ConfigMap,false
6.041855305,Regular,8,Update,Deployment,false
6.06230822,Regular,6,Delete,ConfigMap,false
6.08240229,Regular,8,Delete,Deployment,false
6.101754812,Regular,9,Create,Deployment,false
6.122285424,Regular,7,Create,ConfigMap,false
6.141737745,Regular,7,Update,Deployment,false
6.162294305,Regular,7,Delete,ConfigMap,false
6.182762879,Regular,6,Delete,Deployment,false
6.201955671,Regular,9,Create,Deployment,false
6.22209687,Regular,9,Create,ConfigMap,false
6.242605149,Regular,11,Update,Deployment,false
6.262506175,Regular,9,Delete,ConfigMap,false
6.282894047,Regular,6,Delete,Deployment,false
6.302429014,Regular,8,Create,Deployment,false
6.322150762,Regular,8,Create,ConfigMap,false
6.34220204,Regular,8,Update,Deployment,false
6.362024388,Regular,7,Delete,ConfigMap,false
6.38234285,Regular,8,Delete,Deployment,false
6.403623524,Regular,16,Create,Deployment,false
6.421882968,Regular,21,Create,ConfigMap,false
6.443116163,Regular,19,Update,Deployment,false
6.462981381,Regular,15,Delete,ConfigMap,false
6.481628936,Regular,8,Delete,Deployment,false
6.502320661,Regular,9,Create,Deployment,false
6.5218146,Regular,8,Create,ConfigMap,false
6.54224883,Regular,12,Update,Deployment,false
6.56196092,Regular,7,Delete,ConfigMap,false
6.582809701,Regular,7,Delete,Deployment,false
6.60195333,Regular,6,Create,Deployment,false
6.621945458,Regular,7,Create,ConfigMap,false
6.641832457,Regular,8,Update,Deployment,false
6.661644245,Regular,5,Delete,ConfigMap,false
6.682477726,Regular,5,Delete,Deployment,false
6.701996101,Regular,7,Create,Deployment,false
6.72146331,Regular,6,Create,ConfigMap,false
6.742289508,Regular,8,Update,Deployment,false
6.762354793,Regular,6,Delete,ConfigMap,false
6.782371497,Regular,7,Delete,Deployment,false
6.80211197,Regular,8,Create,Deployment,false
6.821921033,Regular,9,Create,ConfigMap,false
6.842156458,Regular,11,Update,Deployment,false
6.862153365,Regular,5,Delete,ConfigMap,false
6.882955517,Regular,5,Delete,Deployment,false
6.902713895,Regular,7,Create,Deployment,false
6.922275481,Regular,7,Create,ConfigMap,false
6.942669576,Regular,7,Update,Deployment,false
6.962387937,Regular,5,Delete,ConfigMap,false
6.982099697,Regular,8,Delete,Deployment,false
6.02162522,Regular,9,Create,ConfigMap,false
6.041845166,Regular,9,Update,Deployment,false
6.062367923,Regular,6,Delete,ConfigMap,false
6.082398553,Regular,8,Delete,Deployment,false
6.101786201,Regular,9,Create,Deployment,false
6.1222843319999996,Regular,6,Create,ConfigMap,false
6.141707948,Regular,7,Update,Deployment,false
6.162258317,Regular,7,Delete,ConfigMap,false
6.18283244,Regular,8,Delete,Deployment,false
6.202083081,Regular,9,Create,Deployment,false
6.222184164,Regular,8,Create,ConfigMap,false
6.242466427,Regular,11,Update,Deployment,false
6.262560828,Regular,8,Delete,ConfigMap,false
6.28306036,Regular,5,Delete,Deployment,false
6.3023741,Regular,8,Create,Deployment,false
6.322250289,Regular,8,Create,ConfigMap,false
6.342207831,Regular,9,Update,Deployment,false
6.362087337,Regular,7,Delete,ConfigMap,false
6.382349392,Regular,7,Delete,Deployment,false
6.403254629,Regular,23,Create,Deployment,false
6.426268687,Regular,10,Create,ConfigMap,false
6.444391985,Regular,18,Update,Deployment,false
6.462995257,Regular,16,Delete,ConfigMap,false
6.481616423,Regular,7,Delete,Deployment,false
6.502505469,Regular,10,Create,Deployment,false
6.522309242,Regular,10,Create,ConfigMap,false
6.542265672,Regular,13,Update,Deployment,false
6.56180666,Regular,11,Delete,ConfigMap,false
6.583102382,Regular,7,Delete,Deployment,false
6.602032249,Regular,6,Create,Deployment,false
6.621943594,Regular,8,Create,ConfigMap,false
6.641870498,Regular,11,Update,Deployment,false
6.661701202,Regular,5,Delete,ConfigMap,false
6.6823587920000005,Regular,5,Delete,Deployment,false
6.7020466370000005,Regular,7,Create,Deployment,false
6.72156404,Regular,6,Create,ConfigMap,false
6.742276383,Regular,8,Update,Deployment,false
6.762376094,Regular,4,Delete,ConfigMap,false
6.782177862,Regular,7,Delete,Deployment,false
6.802178856,Regular,9,Create,Deployment,false
6.821846873,Regular,9,Create,ConfigMap,false
6.842115231,Regular,11,Update,Deployment,false
6.862304259,Regular,3,Delete,ConfigMap,false
6.882647147,Regular,6,Delete,Deployment,false
6.903059606,Regular,7,Create,Deployment,false
6.922229334,Regular,7,Create,ConfigMap,false
6.942619832,Regular,9,Update,Deployment,false
6.962414136,Regular,5,Delete,ConfigMap,false
6.982099336,Regular,8,Delete,Deployment,false
6.002650038,Regular,8,Create,Deployment,false
6.021858599,Regular,8,Create,ConfigMap,false
6.041966805,Regular,8,Update,Deployment,false
6.062405303,Regular,6,Delete,ConfigMap,false
6.082363887,Regular,7,Delete,Deployment,false
6.101809585,Regular,9,Create,Deployment,false
6.122106567,Regular,7,Create,ConfigMap,false
6.141693652,Regular,8,Update,Deployment,false
6.162330383,Regular,7,Delete,ConfigMap,false
6.182089211,Regular,9,Delete,Deployment,false
6.20193367,Regular,6,Create,Deployment,false
6.221873539,Regular,9,Create,ConfigMap,false
6.242548562,Regular,9,Update,Deployment,false
6.262560777,Regular,9,Delete,ConfigMap,false
6.282912191,Regular,4,Delete,Deployment,false
6.302361066,Regular,8,Create,Deployment,false
6.322217057,Regular,8,Create,ConfigMap,false
6.342202501,Regular,9,Update,Deployment,false
6.362021583,Regular,8,Delete,ConfigMap,false
6.382419685,Regular,7,Delete,Deployment,false
6.403445799,Regular,35,Create,Deployment,false
6.438756623,Regular,21,Create,ConfigMap,false
6.459854683,Regular,12,Update,Deployment,false
6.472515214,Regular,11,Delete,ConfigMap,false
6.483704375,Regular,6,Delete,Deployment,false
6.502331111,Regular,10,Create,Deployment,false
6.521727556,Regular,10,Create,ConfigMap,false
6.541933897,Regular,12,Update,Deployment,false
6.561988211,Regular,11,Delete,ConfigMap,false
6.582625554,Regular,5,Delete,Deployment,false
6.601794721,Regular,7,Create,Deployment,false
6.622014167,Regular,8,Create,ConfigMap,false
6.641724734,Regular,11,Update,Deployment,false
6.661698707,Regular,5,Delete,ConfigMap,false
6.682343133,Regular,6,Delete,Deployment,false
6.702010549,Regular,6,Create,Deployment,false
6.721551186,Regular,6,Create,ConfigMap,false
6.74218413,Regular,7,Update,Deployment,false
6.762492974,Regular,4,Delete,ConfigMap,false
6.782087121,Regular,7,Delete,Deployment,false
6.802455487,Regular,9,Create,Deployment,false
6.82180282,Regular,10,Create,ConfigMap,false
6.8421662770000005,Regular,11,Update,Deployment,false
6.862313426,Regular,5,Delete,ConfigMap,false
6.882689396,Regular,6,Delete,Deployment,false
6.90260003,Regular,7,Create,Deployment,false
6.92232803,Regular,7,Create,ConfigMap,false
6.942536385,Regular,9,Update,Deployment,false
6.962412353,Regular,6,Delete,ConfigMap,false
6.982100598,Regular,8,Delete,Deployment,false
6.021804547,Regular,9,Create,ConfigMap,false
6.041744978,Regular,8,Update,Deployment,false
6.062333508,Regular,6,Delete,ConfigMap,false
6.082702635,Regular,7,Delete,Deployment,false
6.101977752,Regular,8,Create,Deployment,false
6.122115674,Regular,7,Create,ConfigMap,false
6.141633108,Regular,8,Update,Deployment,false
6.162379084,Regular,7,Delete,ConfigMap,false
6.182522256,Regular,9,Delete,Deployment,false
6.202338302,Regular,9,Create,Deployment,false
6.222080248,Regular,8,Create,ConfigMap,false
6.242643912,Regular,10,Update,Deployment,false
6.262468644,Regular,9,Delete,ConfigMap,false
6.28266179,Regular,4,Delete,Deployment,false
6.302296274,Regular,8,Create,Deployment,false
6.322262232,Regular,8,Create,ConfigMap,false
6.342261182,Regular,9,Update,Deployment,false
6.362114969,Regular,6,Delete,ConfigMap,false
6.382549219,Regular,6,Delete,Deployment,false
6.404471871,Regular,22,Create,Deployment,false
6.427377996,Regular,19,Create,ConfigMap,false
6.44650296,Regular,17,Update,Deployment,false
6.463797257,Regular,9,Delete,ConfigMap,false
6.481938229,Regular,8,Delete,Deployment,false
6.502598364,Regular,11,Create,Deployment,false
6.522263005,Regular,8,Create,ConfigMap,false
6.542000793,Regular,13,Update,Deployment,false
6.562261456,Regular,9,Delete,ConfigMap,false
6.582871257,Regular,7,Delete,Deployment,false
6.601531836,Regular,5,Create,Deployment,false
6.6219453470000005,Regular,7,Create,ConfigMap,false
6.641707181,Regular,11,Update,Deployment,false
6.661624487,Regular,5,Delete,ConfigMap,false
6.682318376,Regular,6,Delete,Deployment,false
6.702024585,Regular,7,Create,Deployment,false
6.721570021,Regular,6,Create,ConfigMap,false
6.74231185,Regular,8,Update,Deployment,false
6.762550422,Regular,5,Delete,ConfigMap,false
6.782103222,Regular,7,Delete,Deployment,false
6.801980423,Regular,8,Create,Deployment,false
6.821906395,Regular,9,Create,ConfigMap,false
6.842286844,Regular,11,Update,Deployment,false
6.862320069,Regular,5,Delete,ConfigMap,false
6.883037442,Regular,6,Delete,Deployment,false
6.902516553,Regular,7,Create,Deployment,false
6.922229054,Regular,7,Create,ConfigMap,false
6.942685355,Regular,9,Update,Deployment,false
6.962489959,Regular,6,Delete,ConfigMap,false
6.982027591,Regular,8,Delete,Deployment,false
6.002191765,Regular,8,Create,Deployment,false
6.021865773,Regular,9,Create,ConfigMap,false
6.041948952,Regular,8,Update,Deployment,false
6.062217088,Regular,6,Delete,ConfigMap,false
6.0826098,Regular,5,Delete,Deployment,false
6.101959598,Regular,9,Create,Deployment,false
6.122217536,Regular,7,Create,ConfigMap,false
6.141693642,Regular,8,Update,Deployment,false
6.162371099,Regular,7,Delete,ConfigMap,false
6.182521725,Regular,9,Delete,Deployment,false
6.201885499,Regular,8,Create,Deployment,false
6.221867217,Regular,8,Create,ConfigMap,false
6.242588838,Regular,10,Update,Deployment,false
6.262605512,Regular,9,Delete,ConfigMap,false
6.282820799,Regular,6,Delete,Deployment,false
6.302461895,Regular,8,Create,Deployment,false
6.3222715990000005,Regular,8,Create,ConfigMap,false
6.342201349,Regular,9,Update,Deployment,false
6.362164312,Regular,5,Delete,ConfigMap,false
6.382527227,Regular,7,Delete,Deployment,false
6.402435176,Regular,29,Create,Deployment,false
6.432098676,Regular,14,Create,ConfigMap,false
6.44613128,Regular,14,Update,Deployment,false
6.462122704,Regular,17,Delete,ConfigMap,false
6.48209269,Regular,8,Delete,Deployment,false
6.502289222,Regular,11,Create,Deployment,false
6.522148178,Regular,9,Create,ConfigMap,false
6.541791739,Regular,12,Update,Deployment,false
6.562330817,Regular,10,Delete,ConfigMap,false
6.5829320110000005,Regular,7,Delete,Deployment,false
6.601541024,Regular,7,Create,Deployment,false
6.622312899,Regular,8,Create,ConfigMap,false
6.641963223,Regular,10,Update,Deployment,false
6.661690101,Regular,5,Delete,ConfigMap,false
6.682551345,Regular,5,Delete,Deployment,false
6.70197936,Regular,7,Create,Deployment,false
6.721551867,Regular,5,Create,ConfigMap,false
6.742195752,Regular,8,Update,Deployment,false
6.762584656,Regular,4,Delete,ConfigMap,false
6.781987624,Regular,7,Delete,Deployment,false
6.801917635,Regular,9,Create,Deployment,false
6.821846142,Regular,9,Create,ConfigMap,false
6.842225098,Regular,10,Update,Deployment,false
6.8622547560000005,Regular,5,Delete,ConfigMap,false
6.882837786,Regular,5,Delete,Deployment,false
6.90280185,Regular,7,Create,Deployment,false
6.9221211,Regular,8,Create,ConfigMap,false
6.942491069,Regular,8,Update,Deployment,false
6.962356628,Regular,5,Delete,ConfigMap,false
6.982028292,Regular,8,Delete,Deployment,false
6.002864081,Regular,8,Create,Deployment,false
6.021802734,Regular,9,Create,ConfigMap,false
6.041922021,Regular,8,Update,Deployment,false
6.062594529,Regular,5,Delete,ConfigMap,false
6.082165073,Regular,8,Delete,Deployment,false
6.101729885,Regular,8,Create,Deployment,false
6.122354975,Regular,7,Create,ConfigMap,false
6.141690836,Regular,8,Update,Deployment,false
6.162321526,Regular,7,Delete,ConfigMap,false
6.18233832,Regular,5,Delete,Deployment,false
6.20215684,Regular,8,Create,Deployment,false
6.22167218,Regular,9,Create,ConfigMap,false
6.242442011,Regular,9,Update,Deployment,false
6.262495214,Regular,9,Delete,ConfigMap,false
6.282819046,Regular,6,Delete,Deployment,false
6.302189843,Regular,8,Create,Deployment,false
6.322036136,Regular,8,Create,ConfigMap,false
6.342045616,Regular,9,Update,Deployment,false
6.3618605089999996,Regular,6,Delete,ConfigMap,false
6.382612357,Regular,6,Delete,Deployment,false
6.40270281,Regular,16,Create,Deployment,false
6.421541255,Regular,12,Create,ConfigMap,false
6.442359418,Regular,20,Update,Deployment,false
6.462556932,Regular,16,Delete,ConfigMap,false
6.481898955,Regular,8,Delete,Deployment,false
6.502504397,Regular,11,Create,Deployment,false
6.522045715,Regular,10,Create,ConfigMap,false
6.542301239,Regular,11,Update,Deployment,false
6.562184892,Regular,10,Delete,ConfigMap,false
6.582331059,Regular,8,Delete,Deployment,false
6.601721564,Regular,7,Create,Deployment,false
6.621754288,Regular,6,Create,ConfigMap,false
6.641785038,Regular,11,Update,Deployment,false
6.661522275,Regular,5,Delete,ConfigMap,false
6.682483798,Regular,5,Delete,Deployment,false
6.7020992360000005,Regular,7,Create,Deployment,false
6.721435698,Regular,5,Create,ConfigMap,false
6.74237529,Regular,7,Update,Deployment,false
6.7623376010000005,Regular,5,Delete,ConfigMap,false
6.781930356,Regular,7,Delete,Deployment,false
6.802198293,Regular,8,Create,Deployment,false
6.821846142,Regular,9,Create,ConfigMap,false
6.842074023,Regular,12,Update,Deployment,false
6.8621686440000005,Regular,5,Delete,ConfigMap,false
6.882471616,Regular,6,Delete,Deployment,false
6.9025642430000005,Regular,7,Create,Deployment,false
6.922203716,Regular,8,Create,ConfigMap,false
6.9426829009999995,Regular,9,Update,Deployment,false
6.962264304,Regular,6,Delete,ConfigMap,false
6.981880554,Regular,8,Delete,Deployment,false
7.002517446,Regular,8,Create,Deployment,false
6.021804497,Regular,8,Create,ConfigMap,false
6.041924045,Regular,8,Update,Deployment,false
6.062278133,Regular,6,Delete,ConfigMap,false
6.082351193,Regular,7,Delete,Deployment,false
6.102018769,Regular,9,Create,Deployment,false
6.122339626,Regular,6,Create,ConfigMap,false
6.141588433,Regular,8,Update,Deployment,false
6.162511023,Regular,7,Delete,ConfigMap,false
6.182140718,Regular,7,Delete,Deployment,false
6.202448489,Regular,8,Create,Deployment,false
6.221692538,Regular,6,Create,ConfigMap,false
6.242639814,Regular,10,Update,Deployment,false
6.262483873,Regular,9,Delete,ConfigMap,false
6.282617907,Regular,5,Delete,Deployment,false
6.30237418,Regular,7,Create,Deployment,false
6.322171521,Regular,8,Create,ConfigMap,false
6.342255852,Regular,9,Update,Deployment,false
6.362027795,Regular,8,Delete,ConfigMap,false
6.382498343,Regular,4,Delete,Deployment,false
6.40312246,Regular,24,Create,Deployment,false
6.427742482,Regular,12,Create,ConfigMap,false
6.442644154,Regular,19,Update,Deployment,false
6.461961641,Regular,16,Delete,ConfigMap,false
6.482061902,Regular,8,Delete,Deployment,false
6.502506972,Regular,11,Create,Deployment,false
6.521985462,Regular,10,Create,ConfigMap,false
6.541972289,Regular,13,Update,Deployment,false
6.562187306,Regular,10,Delete,ConfigMap,false
6.582868571,Regular,7,Delete,Deployment,false
6.601689413,Regular,7,Create,Deployment,false
6.621845329,Regular,8,Create,ConfigMap,false
6.641784927,Regular,11,Update,Deployment,false
6.661643633,Regular,5,Delete,ConfigMap,false
6.682545073,Regular,5,Delete,Deployment,false
6.701952159,Regular,5,Create,Deployment,false
6.721592273,Regular,6,Create,ConfigMap,false
6.7423487600000005,Regular,8,Update,Deployment,false
6.762506549,Regular,4,Delete,ConfigMap,false
6.782102701,Regular,7,Delete,Deployment,false
6.80192596,Regular,9,Create,Deployment,false
6.82189263,Regular,6,Create,ConfigMap,false
6.842288357,Regular,11,Update,Deployment,false
6.862270826,Regular,5,Delete,ConfigMap,false
6.882687082,Regular,4,Delete,Deployment,false
6.902715177,Regular,8,Create,Deployment,false
6.922236828,Regular,7,Create,ConfigMap,false
6.942720151,Regular,9,Update,Deployment,false
6.962452759,Regular,6,Delete,ConfigMap,false
6.982098504,Regular,8,Delete,Deployment,false
7.002089069,Regular,9,Create,Deployment,false
6.002722925,Regular,8,Create,Deployment,false
6.021602377,Regular,7,Create,ConfigMap,false
6.041812104,Regular,8,Update,Deployment,false
6.062294003,Regular,6,Delete,ConfigMap,false
6.082459207,Regular,8,Delete,Deployment,false
6.101959568,Regular,8,Create,Deployment,false
6.122161801,Regular,7,Create,ConfigMap,false
6.141576701,Regular,8,Update,Deployment,false
6.162327367,Regular,7,Delete,ConfigMap,false
6.18237031,Regular,6,Delete,Deployment,false
6.201972814,Regular,9,Create,Deployment,false
6.221784001,Regular,9,Create,ConfigMap,false
6.242708343,Regular,10,Update,Deployment,false
6.262327428,Regular,10,Delete,ConfigMap,false
6.282478304,Regular,6,Delete,Deployment,false
6.302643167,Regular,8,Create,Deployment,false
6.322192851,Regular,8,Create,ConfigMap,false
6.342104096,Regular,9,Update,Deployment,false
6.362103888,Regular,8,Delete,ConfigMap,false
6.382556803,Regular,5,Delete,Deployment,false
6.404097166,Regular,16,Create,Deployment,false
6.422374965,Regular,20,Create,ConfigMap,false
6.443352898,Regular,20,Update,Deployment,false
6.463594165,Regular,8,Delete,ConfigMap,false
6.482062463,Regular,5,Delete,Deployment,false
6.502578537,Regular,10,Create,Deployment,false
6.522070973,Regular,8,Create,ConfigMap,false
6.541941471,Regular,13,Update,Deployment,false
6.561763408,Regular,8,Delete,ConfigMap,false
6.582692981,Regular,7,Delete,Deployment,false
6.601912173,Regular,7,Create,Deployment,false
6.622365849,Regular,8,Create,ConfigMap,false
6.6417388,Regular,10,Update,Deployment,false
6.661590113,Regular,5,Delete,ConfigMap,false
6.682552287,Regular,4,Delete,Deployment,false
6.701962879,Regular,7,Create,Deployment,false
6.721586552,Regular,5,Create,ConfigMap,false
6.7423821329999996,Regular,8,Update,Deployment,false
6.762557535,Regular,4,Delete,ConfigMap,false
6.782021888,Regular,5,Delete,Deployment,false
6.801943303,Regular,9,Create,Deployment,false
6.821730524,Regular,10,Create,ConfigMap,false
6.842227993,Regular,11,Update,Deployment,false
6.862357269,Regular,5,Delete,ConfigMap,false
6.8832223500000005,Regular,5,Delete,Deployment,false
6.902718323,Regular,6,Create,Deployment,false
6.92218994,Regular,7,Create,ConfigMap,false
6.942721283,Regular,9,Update,Deployment,false
6.962470943,Regular,6,Delete,ConfigMap,false
6.981924296,Regular,8,Delete,Deployment,false
7.002219715,Regular,9,Create,Deployment,false
6.002403614,Regular,8,Create,Deployment,false
6.021872024,Regular,8,Create,ConfigMap,false
6.041827824,Regular,7,Update,Deployment,false
6.062230965,Regular,5,Delete,ConfigMap,false
6.082273357,Regular,7,Delete,Deployment,false
6.101933038,Regular,9,Create,Deployment,false
6.122327303,Regular,7,Create,ConfigMap,false
6.141656482,Regular,8,Update,Deployment,false
6.162481217,Regular,6,Delete,ConfigMap,false
6.182101284,Regular,9,Delete,Deployment,false
6.202080346,Regular,9,Create,Deployment,false
6.222081481,Regular,8,Create,ConfigMap,false
6.24259006,Regular,10,Update,Deployment,false
6.262362063,Regular,9,Delete,ConfigMap,false
6.282888086,Regular,6,Delete,Deployment,false
6.302340958,Regular,5,Create,Deployment,false
6.322196678,Regular,8,Create,ConfigMap,false
6.3422494,Regular,11,Update,Deployment,false
6.361948245,Regular,8,Delete,ConfigMap,false
6.382515184,Regular,8,Delete,Deployment,false
6.402971015,Regular,36,Create,Deployment,false
6.439242498,Regular,21,Create,ConfigMap,false
6.460927764,Regular,11,Update,Deployment,false
6.472590105,Regular,11,Delete,ConfigMap,false
6.4837020899999995,Regular,6,Delete,Deployment,false
6.502507122,Regular,11,Create,Deployment,false
6.522004859,Regular,10,Create,ConfigMap,false
6.542270691,Regular,13,Update,Deployment,false
6.562214117,Regular,9,Delete,ConfigMap,false
6.582498425,Regular,7,Delete,Deployment,false
6.60151767,Regular,6,Create,Deployment,false
6.622014958,Regular,8,Create,ConfigMap,false
6.641956751,Regular,10,Update,Deployment,false
6.661751056,Regular,5,Delete,ConfigMap,false
6.682505248,Regular,4,Delete,Deployment,false
6.702109585,Regular,6,Create,Deployment,false
6.721633881,Regular,6,Create,ConfigMap,false
6.742325806,Regular,8,Update,Deployment,false
6.762508783,Regular,3,Delete,ConfigMap,false
6.782101268,Regular,7,Delete,Deployment,false
6.802113233,Regular,9,Create,Deployment,false
6.821656294,Regular,10,Create,ConfigMap,false
6.84225304,Regular,11,Update,Deployment,false
6.862216323,Regular,5,Delete,ConfigMap,false
6.882598866,Regular,6,Delete,Deployment,false
6.902551719,Regular,7,Create,Deployment,false
6.922152029,Regular,8,Create,ConfigMap,false
6.942702017,Regular,9,Update,Deployment,false
6.962423083,Regular,6,Delete,ConfigMap,false
6.98204281,Regular,8,Delete,Deployment,false
7.002690952,Regular,9,Create,Deployment,false
6.002423,Regular,8,Create,Deployment,false
6.021865392,Regular,8,Create,ConfigMap,false
6.041764164,Regular,9,Update,Deployment,false
6.062327787,Regular,6,Delete,ConfigMap,false
6.082202343,Regular,8,Delete,Deployment,false
6.101934421,Regular,8,Create,Deployment,false
6.122277709,Regular,6,Create,ConfigMap,false
6.141672502,Regular,6,Update,Deployment,false
6.162390185,Regular,7,Delete,ConfigMap,false
6.182522407,Regular,6,Delete,Deployment,false
6.201943669,Regular,9,Create,Deployment,false
6.22228837,Regular,6,Create,ConfigMap,false
6.242635857,Regular,8,Update,Deployment,false
6.262752208,Regular,9,Delete,ConfigMap,false
6.282493102,Regular,6,Delete,Deployment,false
6.302201786,Regular,8,Create,Deployment,false
6.322103483,Regular,8,Create,ConfigMap,false
6.342062017,Regular,11,Update,Deployment,false
6.361926093,Regular,7,Delete,ConfigMap,false
6.382524863,Regular,6,Delete,Deployment,false
6.403297891,Regular,29,Create,Deployment,false
6.433040649,Regular,14,Create,ConfigMap,false
6.447050792,Regular,15,Update,Deployment,false
6.463039551,Regular,10,Delete,ConfigMap,false
6.481881953,Regular,8,Delete,Deployment,false
6.502301475,Regular,11,Create,Deployment,false
6.52204287,Regular,9,Create,ConfigMap,false
6.541821986,Regular,13,Update,Deployment,false
6.562424092,Regular,10,Delete,ConfigMap,false
6.582923886,Regular,7,Delete,Deployment,false
6.601711164,Regular,6,Create,Deployment,false
6.622202802,Regular,7,Create,ConfigMap,false
6.641678817,Regular,11,Update,Deployment,false
6.661697916,Regular,5,Delete,ConfigMap,false
6.682487385,Regular,5,Delete,Deployment,false
6.70210133,Regular,7,Create,Deployment,false
6.721545505,Regular,6,Create,ConfigMap,false
6.742361864,Regular,8,Update,Deployment,false
6.762554059,Regular,4,Delete,ConfigMap,false
6.782157854,Regular,7,Delete,Deployment,false
6.801964543,Regular,9,Create,Deployment,false
6.821857924,Regular,9,Create,ConfigMap,false
6.842463166,Regular,11,Update,Deployment,false
6.862138377,Regular,5,Delete,ConfigMap,false
6.8825968920000005,Regular,6,Delete,Deployment,false
6.902538545,Regular,7,Create,Deployment,false
6.922179871,Regular,8,Create,ConfigMap,false
6.942663564,Regular,9,Update,Deployment,false
6.962289402,Regular,6,Delete,ConfigMap,false
6.981904389,Regular,8,Delete,Deployment,false
7.002067067,Regular,9,Create,Deployment,false
7.02213635,Regular,7,Create,ConfigMap,false
7.042097569,Regular,8,Update,Deployment,false
7.062268714,Regular,5,Delete,ConfigMap,false
7.08311546,Regular,10,Delete,Deployment,false
7.102111141,Regular,8,Create,Deployment,false
7.122049828,Regular,8,Create,ConfigMap,false
7.141834705,Regular,8,Update,Deployment,false
7.161775145,Regular,5,Delete,ConfigMap,false
7.182139073,Regular,6,Delete,Deployment,false
7.201638973,Regular,4,Create,Deployment,false
7.222264192,Regular,5,Create,ConfigMap,false
7.242201236,Regular,9,Update,Deployment,false
7.262187252,Regular,7,Delete,ConfigMap,false
7.2825930979999995,Regular,6,Delete,Deployment,false
7.302691716,Regular,10,Create,Deployment,false
7.322190314,Regular,14,Create,ConfigMap,false
7.342337694,Regular,14,Update,Deployment,false
7.362202451,Regular,7,Delete,ConfigMap,false
7.381934759,Regular,7,Delete,Deployment,false
7.402502901,Regular,9,Create,Deployment,false
7.422284482,Regular,11,Create,ConfigMap,false
7.442752215,Regular,14,Update,Deployment,false
7.462127831,Regular,6,Delete,ConfigMap,false
7.481682836,Regular,7,Delete,Deployment,false
7.502477715,Regular,9,Create,Deployment,false
7.522162243,Regular,8,Create,ConfigMap,false
7.542065593,Regular,8,Update,Deployment,false
7.562584833,Regular,5,Delete,ConfigMap,false
7.582192917,Regular,5,Delete,Deployment,false
7.602383668,Regular,8,Create,Deployment,false
7.621945045,Regular,4,Create,ConfigMap,false
7.642480064,Regular,9,Update,Deployment,false
7.6616742989999995,Regular,5,Delete,ConfigMap,false
7.682072501,Regular,6,Delete,Deployment,false
7.702499327,Regular,9,Create,Deployment,false
7.721994168,Regular,7,Create,ConfigMap,false
7.742440771,Regular,11,Update,Deployment,false
7.762394927,Regular,7,Delete,ConfigMap,false
7.782451716,Regular,5,Delete,Deployment,false
7.802143137,Regular,8,Create,Deployment,false
7.82237752,Regular,7,Create,ConfigMap,false
7.842338569,Regular,10,Update,Deployment,false
7.861757828,Regular,6,Delete,ConfigMap,false
7.882562946,Regular,9,Delete,Deployment,false
7.90288764,Regular,12,Create,Deployment,false
7.9223289900000005,Regular,11,Create,ConfigMap,false
7.941946832,Regular,13,Update,Deployment,false
7.962058725,Regular,7,Delete,ConfigMap,false
7.981756428,Regular,9,Delete,Deployment,false
7.022188578,Regular,7,Create,ConfigMap,false
7.041905758,Regular,9,Update,Deployment,false
7.062329057,Regular,5,Delete,ConfigMap,false
7.082896949,Regular,11,Delete,Deployment,false
7.101687934,Regular,10,Create,Deployment,false
7.122281825,Regular,8,Create,ConfigMap,false
7.141967946,Regular,8,Update,Deployment,false
7.161547035,Regular,5,Delete,ConfigMap,false
7.182074651,Regular,5,Delete,Deployment,false
7.201663569,Regular,7,Create,Deployment,false
7.222210942,Regular,6,Create,ConfigMap,false
7.242347361,Regular,9,Update,Deployment,false
7.262139292,Regular,7,Delete,ConfigMap,false
7.282532334,Regular,6,Delete,Deployment,false
7.302243412,Regular,10,Create,Deployment,false
7.322035873,Regular,14,Create,ConfigMap,false
7.342402676,Regular,14,Update,Deployment,false
7.3617505,Regular,5,Delete,ConfigMap,false
7.382002717,Regular,4,Delete,Deployment,false
7.402693971,Regular,9,Create,Deployment,false
7.421734717,Regular,11,Create,ConfigMap,false
7.442438765,Regular,14,Update,Deployment,false
7.462563782,Regular,7,Delete,ConfigMap,false
7.481522333,Regular,6,Delete,Deployment,false
7.501887213,Regular,11,Create,Deployment,false
7.521923503,Regular,6,Create,ConfigMap,false
7.541884051,Regular,7,Update,Deployment,false
7.562480336,Regular,5,Delete,ConfigMap,false
7.582306651,Regular,5,Delete,Deployment,false
7.602552125,Regular,6,Create,Deployment,false
7.621964992,Regular,6,Create,ConfigMap,false
7.64253099,Regular,9,Update,Deployment,false
7.661782252,Regular,5,Delete,ConfigMap,false
7.68208762,Regular,6,Delete,Deployment,false
7.702422172,Regular,10,Create,Deployment,false
7.722080671,Regular,7,Create,ConfigMap,false
7.742440651,Regular,11,Update,Deployment,false
7.762857428,Regular,7,Delete,ConfigMap,false
7.782580548,Regular,5,Delete,Deployment,false
7.801882687,Regular,8,Create,Deployment,false
7.82222324,Regular,6,Create,ConfigMap,false
7.842563212,Regular,10,Update,Deployment,false
7.861696262,Regular,6,Delete,ConfigMap,false
7.882084325,Regular,10,Delete,Deployment,false
7.902375706,Regular,13,Create,Deployment,false
7.921953583,Regular,9,Create,ConfigMap,false
7.941589169,Regular,13,Update,Deployment,false
7.962446736,Regular,6,Delete,ConfigMap,false
7.981799289,Regular,11,Delete,Deployment,false
7.002485045,Regular,8,Create,Deployment,false
7.022120119,Regular,7,Create,ConfigMap,false
7.042009824,Regular,9,Update,Deployment,false
7.062414899,Regular,5,Delete,ConfigMap,false
7.083453978,Regular,10,Delete,Deployment,false
7.102112243,Regular,8,Create,Deployment,false
7.12212507,Regular,7,Create,ConfigMap,false
7.142037096,Regular,7,Update,Deployment,false
7.161597861,Regular,6,Delete,ConfigMap,false
7.182186602,Regular,3,Delete,Deployment,false
7.201638101,Regular,7,Create,Deployment,false
7.222391212,Regular,6,Create,ConfigMap,false
7.242305412,Regular,9,Update,Deployment,false
7.262329109,Regular,6,Delete,ConfigMap,false
7.282465919,Regular,4,Delete,Deployment,false
7.30261395,Regular,10,Create,Deployment,false
7.322105234,Regular,14,Create,ConfigMap,false
7.3419825450000005,Regular,15,Update,Deployment,false
7.362251594,Regular,6,Delete,ConfigMap,false
7.382251906,Regular,5,Delete,Deployment,false
7.403378099,Regular,8,Create,Deployment,false
7.421931077,Regular,12,Create,ConfigMap,false
7.442917927,Regular,13,Update,Deployment,false
7.46301371,Regular,6,Delete,ConfigMap,false
7.481946803,Regular,7,Delete,Deployment,false
7.502285453,Regular,10,Create,Deployment,false
7.522029934,Regular,8,Create,ConfigMap,false
7.541946919,Regular,7,Update,Deployment,false
7.562511254,Regular,5,Delete,ConfigMap,false
7.582293036,Regular,4,Delete,Deployment,false
7.602444643,Regular,8,Create,Deployment,false
7.621888889,Regular,5,Create,ConfigMap,false
7.642377391,Regular,7,Update,Deployment,false
7.661869567,Regular,5,Delete,ConfigMap,false
7.682181476,Regular,6,Delete,Deployment,false
7.702221864,Regular,10,Create,Deployment,false
7.722463281,Regular,6,Create,ConfigMap,false
7.7426480909999995,Regular,10,Update,Deployment,false
7.763227545,Regular,6,Delete,ConfigMap,false
7.78251753,Regular,7,Delete,Deployment,false
7.801975471,Regular,9,Create,Deployment,false
7.822283203,Regular,6,Create,ConfigMap,false
7.842487269,Regular,8,Update,Deployment,false
7.861699227,Regular,7,Delete,ConfigMap,false
7.882678413,Regular,10,Delete,Deployment,false
7.902373622,Regular,13,Create,Deployment,false
7.922428667,Regular,9,Create,ConfigMap,false
7.941948375,Regular,13,Update,Deployment,false
7.962722255,Regular,6,Delete,ConfigMap,false
7.98153409,Regular,8,Delete,Deployment,false
7.002017915,Regular,6,Create,Deployment,false
7.022201633,Regular,7,Create,ConfigMap,false
7.042150158,Regular,8,Update,Deployment,false
7.062356339,Regular,4,Delete,ConfigMap,false
7.082894194,Regular,11,Delete,Deployment,false
7.102276262,Regular,8,Create,Deployment,false
7.121658922,Regular,8,Create,ConfigMap,false
7.142218698,Regular,7,Update,Deployment,false
7.161689995,Regular,5,Delete,ConfigMap,false
7.182197483,Regular,5,Delete,Deployment,false
7.201520309,Regular,6,Create,Deployment,false
7.222381814,Regular,7,Create,ConfigMap,false
7.242364453,Regular,9,Update,Deployment,false
7.262369345,Regular,6,Delete,ConfigMap,false
7.282662038,Regular,6,Delete,Deployment,false
7.302505976,Regular,10,Create,Deployment,false
7.322090646,Regular,15,Create,ConfigMap,false
7.341951206,Regular,13,Update,Deployment,false
7.362099377,Regular,7,Delete,ConfigMap,false
7.38194073,Regular,5,Delete,Deployment,false
7.403214652,Regular,9,Create,Deployment,false
7.42192779,Regular,10,Create,ConfigMap,false
7.442683886,Regular,14,Update,Deployment,false
7.463212214,Regular,7,Delete,ConfigMap,false
7.481786751,Regular,7,Delete,Deployment,false
7.50213548,Regular,8,Create,Deployment,false
7.522120384,Regular,8,Create,ConfigMap,false
7.5420234839999996,Regular,7,Update,Deployment,false
7.562441643,Regular,5,Delete,ConfigMap,false
7.582264151,Regular,4,Delete,Deployment,false
7.602404057,Regular,7,Create,Deployment,false
7.621859243,Regular,6,Create,ConfigMap,false
7.642442062,Regular,9,Update,Deployment,false
7.662069403,Regular,5,Delete,ConfigMap,false
7.681945933,Regular,7,Delete,Deployment,false
7.702292557,Regular,10,Create,Deployment,false
7.722182392,Regular,5,Create,ConfigMap,false
7.7425145,Regular,11,Update,Deployment,false
7.763208328,Regular,6,Delete,ConfigMap,false
7.782474749,Regular,7,Delete,Deployment,false
7.802116096,Regular,8,Create,Deployment,false
7.822459394,Regular,7,Create,ConfigMap,false
7.842519871,Regular,10,Update,Deployment,false
7.861983453,Regular,6,Delete,ConfigMap,false
7.8821407610000005,Regular,8,Delete,Deployment,false
7.902651255,Regular,13,Create,Deployment,false
7.92245143,Regular,11,Create,ConfigMap,false
7.942215849,Regular,13,Update,Deployment,false
7.962414044,Regular,6,Delete,ConfigMap,false
7.981648525,Regular,8,Delete,Deployment,false
7.022241899,Regular,7,Create,ConfigMap,false
7.042116114,Regular,7,Update,Deployment,false
7.062353643,Regular,5,Delete,ConfigMap,false
7.08327997,Regular,10,Delete,Deployment,false
7.102112594,Regular,8,Create,Deployment,false
7.122331779,Regular,7,Create,ConfigMap,false
7.141942778,Regular,7,Update,Deployment,false
7.161938793,Regular,5,Delete,ConfigMap,false
7.182010981,Regular,5,Delete,Deployment,false
7.201546358,Regular,7,Create,Deployment,false
7.222463678,Regular,6,Create,ConfigMap,false
7.242306414,Regular,9,Update,Deployment,false
7.262155853,Regular,6,Delete,ConfigMap,false
7.282638303,Regular,6,Delete,Deployment,false
7.30220537,Regular,10,Create,Deployment,false
7.322228666,Regular,15,Create,ConfigMap,false
7.342336091,Regular,14,Update,Deployment,false
7.3628497,Regular,6,Delete,ConfigMap,false
7.38183432,Regular,6,Delete,Deployment,false
7.402938912,Regular,9,Create,Deployment,false
7.422208459,Regular,10,Create,ConfigMap,false
7.442494069,Regular,13,Update,Deployment,false
7.462706651,Regular,7,Delete,ConfigMap,false
7.48161623,Regular,7,Delete,Deployment,false
7.501806471,Regular,9,Create,Deployment,false
7.522082002,Regular,8,Create,ConfigMap,false
7.542033763,Regular,8,Update,Deployment,false
7.562636891,Regular,5,Delete,ConfigMap,false
7.582181696,Regular,5,Delete,Deployment,false
7.602594676,Regular,8,Create,Deployment,false
7.621961345,Regular,7,Create,ConfigMap,false
7.642553372,Regular,7,Update,Deployment,false
7.661804073,Regular,5,Delete,ConfigMap,false
7.68211992,Regular,6,Delete,Deployment,false
7.702414597,Regular,10,Create,Deployment,false
7.7218166230000005,Regular,8,Create,ConfigMap,false
7.742241916,Regular,10,Update,Deployment,false
7.763158825,Regular,6,Delete,ConfigMap,false
7.782579837,Regular,7,Delete,Deployment,false
7.8020013299999995,Regular,9,Create,Deployment,false
7.822247696,Regular,7,Create,ConfigMap,false
7.842476769,Regular,8,Update,Deployment,false
7.861746717,Regular,7,Delete,ConfigMap,false
7.882901283,Regular,8,Delete,Deployment,false
7.902727759,Regular,12,Create,Deployment,false
7.922520991,Regular,11,Create,ConfigMap,false
7.94169574,Regular,14,Update,Deployment,false
7.962447878,Regular,6,Delete,ConfigMap,false
7.982237945,Regular,11,Delete,Deployment,false
7.002533786,Regular,8,Create,Deployment,false
7.022222622,Regular,7,Create,ConfigMap,false
7.041995357,Regular,8,Update,Deployment,false
7.062358963,Regular,5,Delete,ConfigMap,false
7.083131911,Regular,11,Delete,Deployment,false
7.101962672,Regular,8,Create,Deployment,false
7.121789818,Regular,8,Create,ConfigMap,false
7.141928301,Regular,8,Update,Deployment,false
7.161807015,Regular,5,Delete,ConfigMap,false
7.182141647,Regular,7,Delete,Deployment,false
7.201480565,Regular,7,Create,Deployment,false
7.222272698,Regular,7,Create,ConfigMap,false
7.242169226,Regular,10,Update,Deployment,false
7.262218771,Regular,7,Delete,ConfigMap,false
7.282542322,Regular,5,Delete,Deployment,false
7.302596587,Regular,10,Create,Deployment,false
7.322175616,Regular,14,Create,ConfigMap,false
7.342335439,Regular,14,Update,Deployment,false
7.36203211,Regular,7,Delete,ConfigMap,false
7.381990304,Regular,6,Delete,Deployment,false
7.403269976,Regular,8,Create,Deployment,false
7.422210533,Regular,10,Create,ConfigMap,false
7.44283986,Regular,10,Update,Deployment,false
7.462967242,Regular,7,Delete,ConfigMap,false
7.481947955,Regular,4,Delete,Deployment,false
7.502474809,Regular,8,Create,Deployment,false
7.522011669,Regular,7,Create,ConfigMap,false
7.542112652,Regular,8,Update,Deployment,false
7.562587558,Regular,5,Delete,ConfigMap,false
7.582220208,Regular,5,Delete,Deployment,false
7.602508483,Regular,8,Create,Deployment,false
7.621833194,Regular,6,Create,ConfigMap,false
7.642483981,Regular,7,Update,Deployment,false
7.661749671,Regular,4,Delete,ConfigMap,false
7.682258541,Regular,6,Delete,Deployment,false
7.702422522,Regular,10,Create,Deployment,false
7.722211126,Regular,7,Create,ConfigMap,false
7.742117642,Regular,10,Update,Deployment,false
7.763122286,Regular,6,Delete,ConfigMap,false
7.782357318,Regular,7,Delete,Deployment,false
7.802064489,Regular,8,Create,Deployment,false
7.82233466,Regular,6,Create,ConfigMap,false
7.842323611,Regular,10,Update,Deployment,false
7.861799907,Regular,6,Delete,ConfigMap,false
7.882966536,Regular,10,Delete,Deployment,false
7.902172824,Regular,13,Create,Deployment,false
7.922103525,Regular,12,Create,ConfigMap,false
7.942178409,Regular,13,Update,Deployment,false
7.962262078,Regular,6,Delete,ConfigMap,false
7.981549358,Regular,11,Delete,Deployment,false
8.003722122,Regular,11,Create,Deployment,false
7.002221448,Regular,9,Create,Deployment,false
7.022106333,Regular,7,Create,ConfigMap,false
7.042055099,Regular,7,Update,Deployment,false
7.062427583,Regular,5,Delete,ConfigMap,false
7.083247519,Regular,11,Delete,Deployment,false
7.102193316,Regular,8,Create,Deployment,false
7.122047844,Regular,6,Create,ConfigMap,false
7.1419770830000004,Regular,8,Update,Deployment,false
7.161582071,Regular,5,Delete,ConfigMap,false
7.182189497,Regular,5,Delete,Deployment,false
7.201640125,Regular,7,Create,Deployment,false
7.222383407,Regular,6,Create,ConfigMap,false
7.242354064,Regular,9,Update,Deployment,false
7.262315503,Regular,6,Delete,ConfigMap,false
7.282504882,Regular,6,Delete,Deployment,false
7.302435804,Regular,11,Create,Deployment,false
7.322063575,Regular,14,Create,ConfigMap,false
7.342099986,Regular,12,Update,Deployment,false
7.362027752,Regular,7,Delete,ConfigMap,false
7.382054765,Regular,6,Delete,Deployment,false
7.403471265,Regular,8,Create,Deployment,false
7.421989527,Regular,10,Create,ConfigMap,false
7.442838387,Regular,13,Update,Deployment,false
7.462754201,Regular,6,Delete,ConfigMap,false
7.481534677,Regular,7,Delete,Deployment,false
7.50207695,Regular,8,Create,Deployment,false
7.522092912,Regular,8,Create,ConfigMap,false
7.542033993,Regular,7,Update,Deployment,false
7.562603448,Regular,5,Delete,ConfigMap,false
7.582305639,Regular,5,Delete,Deployment,false
7.602553438,Regular,7,Create,Deployment,false
7.622017261,Regular,7,Create,ConfigMap,false
7.642360439,Regular,7,Update,Deployment,false
7.661951892,Regular,4,Delete,ConfigMap,false
7.682270925,Regular,6,Delete,Deployment,false
7.702338424,Regular,10,Create,Deployment,false
7.722098164,Regular,7,Create,ConfigMap,false
7.7426574089999995,Regular,10,Update,Deployment,false
7.763344996,Regular,6,Delete,ConfigMap,false
7.782344614,Regular,6,Delete,Deployment,false
7.8019461660000005,Regular,9,Create,Deployment,false
7.822453062,Regular,7,Create,ConfigMap,false
7.842724065,Regular,10,Update,Deployment,false
7.861521603,Regular,7,Delete,ConfigMap,false
7.882488055,Regular,7,Delete,Deployment,false
7.902216265,Regular,13,Create,Deployment,false
7.922388482,Regular,11,Create,ConfigMap,false
7.941785609,Regular,14,Update,Deployment,false
7.962715963,Regular,6,Delete,ConfigMap,false
7.98156617,Regular,11,Delete,Deployment,false
8.002910844,Regular,16,Create,Deployment,false
7.00257804,Regular,8,Create,Deployment,false
7.02207238,Regular,7,Create,ConfigMap,false
7.042053576,Regular,8,Update,Deployment,false
7.062353984,Regular,5,Delete,ConfigMap,false
7.082489462,Regular,11,Delete,Deployment,false
7.101886298,Regular,8,Create,Deployment,false
7.121625459,Regular,7,Create,ConfigMap,false
7.141883226,Regular,8,Update,Deployment,false
7.16178325,Regular,5,Delete,ConfigMap,false
7.181976086,Regular,7,Delete,Deployment,false
7.201689177,Regular,7,Create,Deployment,false
7.222316271,Regular,6,Create,ConfigMap,false
7.242288931,Regular,9,Update,Deployment,false
7.262171572,Regular,7,Delete,ConfigMap,false
7.282627152,Regular,6,Delete,Deployment,false
7.302522728,Regular,11,Create,Deployment,false
7.3221955340000004,Regular,13,Create,ConfigMap,false
7.341961505,Regular,15,Update,Deployment,false
7.36236082,Regular,7,Delete,ConfigMap,false
7.381758087,Regular,6,Delete,Deployment,false
7.403365325,Regular,7,Create,Deployment,false
7.421992642,Regular,10,Create,ConfigMap,false
7.442734963,Regular,13,Update,Deployment,false
7.463353009,Regular,6,Delete,ConfigMap,false
7.481732539,Regular,7,Delete,Deployment,false
7.502536656,Regular,8,Create,Deployment,false
7.521991922,Regular,8,Create,ConfigMap,false
7.54214898,Regular,8,Update,Deployment,false
7.562613907,Regular,7,Delete,ConfigMap,false
7.582163241,Regular,5,Delete,Deployment,false
7.602414156,Regular,7,Create,Deployment,false
7.621913866,Regular,7,Create,ConfigMap,false
7.642321796,Regular,7,Update,Deployment,false
7.661736586,Regular,5,Delete,ConfigMap,false
7.68183853,Regular,7,Delete,Deployment,false
7.702210353,Regular,10,Create,Deployment,false
7.72233503,Regular,7,Create,ConfigMap,false
7.74200487,Regular,10,Update,Deployment,false
7.762441675,Regular,7,Delete,ConfigMap,false
7.782386653,Regular,7,Delete,Deployment,false
7.802127988,Regular,8,Create,Deployment,false
7.822296808,Regular,7,Create,ConfigMap,false
7.842413781,Regular,10,Update,Deployment,false
7.861748009,Regular,6,Delete,ConfigMap,false
7.882939926,Regular,9,Delete,Deployment,false
7.902904582,Regular,12,Create,Deployment,false
7.922138621,Regular,11,Create,ConfigMap,false
7.941946492,Regular,13,Update,Deployment,false
7.962514603,Regular,6,Delete,ConfigMap,false
7.981716333,Regular,8,Delete,Deployment,false
8.003316097,Regular,16,Create,Deployment,false
7.022036813,Regular,7,Create,ConfigMap,false
7.042105414,Regular,7,Update,Deployment,false
7.062254216,Regular,5,Delete,ConfigMap,false
7.082970447,Regular,11,Delete,Deployment,false
7.101750021,Regular,9,Create,Deployment,false
7.122013289,Regular,8,Create,ConfigMap,false
7.14190626,Regular,8,Update,Deployment,false
7.161690506,Regular,5,Delete,ConfigMap,false
7.181987317,Regular,5,Delete,Deployment,false
7.201690069,Regular,7,Create,Deployment,false
7.222383517,Regular,7,Create,ConfigMap,false
7.242254386,Regular,10,Update,Deployment,false
7.262236354,Regular,6,Delete,ConfigMap,false
7.282447794,Regular,5,Delete,Deployment,false
7.302435283,Regular,10,Create,Deployment,false
7.322150559,Regular,14,Create,ConfigMap,false
7.342082844,Regular,14,Update,Deployment,false
7.362098696,Regular,7,Delete,ConfigMap,false
7.381970376,Regular,6,Delete,Deployment,false
7.403023241,Regular,9,Create,Deployment,false
7.422019513,Regular,12,Create,ConfigMap,false
7.442438665,Regular,13,Update,Deployment,false
7.463102827,Regular,7,Delete,ConfigMap,false
7.481652829,Regular,7,Delete,Deployment,false
7.502104502,Regular,10,Create,Deployment,false
7.521965101,Regular,8,Create,ConfigMap,false
7.541928234,Regular,8,Update,Deployment,false
7.562439569,Regular,5,Delete,ConfigMap,false
7.582304577,Regular,5,Delete,Deployment,false
7.602615405,Regular,8,Create,Deployment,false
7.622028422,Regular,6,Create,ConfigMap,false
7.642501244,Regular,8,Update,Deployment,false
7.661853036,Regular,5,Delete,ConfigMap,false
7.681970048,Regular,6,Delete,Deployment,false
7.70243199,Regular,9,Create,Deployment,false
7.722302529,Regular,7,Create,ConfigMap,false
7.7421687089999995,Regular,11,Update,Deployment,false
7.763032117,Regular,6,Delete,ConfigMap,false
7.78251752,Regular,5,Delete,Deployment,false
7.802076381,Regular,8,Create,Deployment,false
7.822379013,Regular,7,Create,ConfigMap,false
7.842590734,Regular,10,Update,Deployment,false
7.861547462,Regular,7,Delete,ConfigMap,false
7.882588634,Regular,8,Delete,Deployment,false
7.902462369,Regular,12,Create,Deployment,false
7.922106701,Regular,11,Create,ConfigMap,false
7.9421648529999995,Regular,13,Update,Deployment,false
7.962031444,Regular,7,Delete,ConfigMap,false
7.981768581,Regular,13,Delete,Deployment,false
8.003142591,Regular,16,Create,Deployment,false
7.022216281,Regular,7,Create,ConfigMap,false
7.042112297,Regular,8,Update,Deployment,false
7.06231449,Regular,5,Delete,ConfigMap,false
7.082896378,Regular,6,Delete,Deployment,false
7.101883623,Regular,9,Create,Deployment,false
7.122399887,Regular,8,Create,ConfigMap,false
7.14195956,Regular,7,Update,Deployment,false
7.161935297,Regular,5,Delete,ConfigMap,false
7.182097454,Regular,5,Delete,Deployment,false
7.201713784,Regular,6,Create,Deployment,false
7.222451004,Regular,7,Create,ConfigMap,false
7.242178032,Regular,9,Update,Deployment,false
7.262314682,Regular,6,Delete,ConfigMap,false
7.282648332,Regular,5,Delete,Deployment,false
7.302313113,Regular,11,Create,Deployment,false
7.322421058,Regular,12,Create,ConfigMap,false
7.342099415,Regular,14,Update,Deployment,false
7.36229732,Regular,7,Delete,ConfigMap,false
7.381948024,Regular,5,Delete,Deployment,false
7.403200775,Regular,9,Create,Deployment,false
7.42182158,Regular,12,Create,ConfigMap,false
7.442686491,Regular,13,Update,Deployment,false
7.462771684,Regular,6,Delete,ConfigMap,false
7.481687565,Regular,7,Delete,Deployment,false
7.502290612,Regular,10,Create,Deployment,false
7.52194858,Regular,8,Create,ConfigMap,false
7.541963581,Regular,8,Update,Deployment,false
7.562598288,Regular,7,Delete,ConfigMap,false
7.582206442,Regular,6,Delete,Deployment,false
7.602343953,Regular,6,Create,Deployment,false
7.622042909,Regular,6,Create,ConfigMap,false
7.642534667,Regular,7,Update,Deployment,false
7.66170666,Regular,5,Delete,ConfigMap,false
7.681937256,Regular,6,Delete,Deployment,false
7.702491652,Regular,9,Create,Deployment,false
7.722291548,Regular,7,Create,ConfigMap,false
7.742444388,Regular,11,Update,Deployment,false
7.763101016,Regular,7,Delete,ConfigMap,false
7.782578114,Regular,6,Delete,Deployment,false
7.80212869,Regular,8,Create,Deployment,false
7.8223228670000005,Regular,7,Create,ConfigMap,false
7.842355261,Regular,10,Update,Deployment,false
7.861754962,Regular,6,Delete,ConfigMap,false
7.882866848,Regular,9,Delete,Deployment,false
7.902912617,Regular,11,Create,Deployment,false
7.922344539,Regular,11,Create,ConfigMap,false
7.941694417,Regular,13,Update,Deployment,false
7.962471653,Regular,6,Delete,ConfigMap,false
7.98170426,Regular,9,Delete,Deployment,false
8.003138823,Regular,17,Create,Deployment,false
8.022175802,Regular,9,Create,ConfigMap,false
8.042476952,Regular,11,Update,Deployment,false
8.06169965,Regular,7,Delete,ConfigMap,false
8.082591712,Regular,7,Delete,Deployment,false
8.102582376,Regular,18,Create,Deployment,false
8.121621099,Regular,11,Create,ConfigMap,false
8.142627836,Regular,10,Update,Deployment,false
8.162584567,Regular,8,Delete,ConfigMap,false
8.182387317,Regular,9,Delete,Deployment,false
8.202208142,Regular,12,Create,Deployment,false
8.222326067,Regular,10,Create,ConfigMap,false
8.24307035,Regular,7,Update,Deployment,false
8.261946586,Regular,8,Delete,ConfigMap,false
8.281884842,Regular,4,Delete,Deployment,false
8.302464396,Regular,11,Create,Deployment,false
8.322350904,Regular,8,Create,ConfigMap,false
8.342529463,Regular,13,Update,Deployment,false
8.362690849,Regular,6,Delete,ConfigMap,false
8.381788241,Regular,7,Delete,Deployment,false
8.401955568,Regular,8,Create,Deployment,false
8.422461523,Regular,8,Create,ConfigMap,false
8.442467677,Regular,9,Update,Deployment,false
8.462169267,Regular,6,Delete,ConfigMap,false
8.48262619,Regular,7,Delete,Deployment,false
8.501958354,Regular,9,Create,Deployment,false
8.522525154,Regular,9,Create,ConfigMap,false
8.542255278,Regular,13,Update,Deployment,false
8.562325031,Regular,9,Delete,ConfigMap,false
8.582722823,Regular,6,Delete,Deployment,false
8.601994223,Regular,8,Create,Deployment,false
8.622174394,Regular,8,Create,ConfigMap,false
8.64227225,Regular,11,Update,Deployment,false
8.66216457,Regular,6,Delete,ConfigMap,false
8.682708396,Regular,5,Delete,Deployment,false
8.702322361,Regular,39,Create,Deployment,false
8.741907284,Regular,19,Create,ConfigMap,false
8.761398718,Regular,11,Update,Deployment,false
8.7728594,Regular,5,Delete,ConfigMap,false
8.781768778,Regular,5,Delete,Deployment,false
8.802430476,Regular,7,Create,Deployment,false
8.822034312,Regular,8,Create,ConfigMap,false
8.842070462,Regular,10,Update,Deployment,false
8.862261885,Regular,6,Delete,ConfigMap,false
8.881953847,Regular,6,Delete,Deployment,false
8.901610302,Regular,10,Create,Deployment,false
8.922303279,Regular,9,Create,ConfigMap,false
8.941685308,Regular,8,Update,Deployment,false
8.961820675,Regular,7,Delete,ConfigMap,false
8.982285813,Regular,4,Delete,Deployment,false
8.004085436,Regular,15,Create,Deployment,false
8.022368846,Regular,7,Create,ConfigMap,false
8.042589063,Regular,10,Update,Deployment,false
8.061918061,Regular,8,Delete,ConfigMap,false
8.082583396,Regular,7,Delete,Deployment,false
8.102794115,Regular,18,Create,Deployment,false
8.122605562,Regular,12,Create,ConfigMap,false
8.142869341,Regular,11,Update,Deployment,false
8.16225669,Regular,8,Delete,ConfigMap,false
8.18264358,Regular,9,Delete,Deployment,false
8.201710976,Regular,13,Create,Deployment,false
8.222156267,Regular,10,Create,ConfigMap,false
8.242735009,Regular,8,Update,Deployment,false
8.262067033,Regular,7,Delete,ConfigMap,false
8.281913937,Regular,5,Delete,Deployment,false
8.302760584,Regular,11,Create,Deployment,false
8.322517107,Regular,8,Create,ConfigMap,false
8.342711926,Regular,12,Update,Deployment,false
8.362954345,Regular,6,Delete,ConfigMap,false
8.381667404,Regular,6,Delete,Deployment,false
8.402093749,Regular,8,Create,Deployment,false
8.422677069,Regular,8,Create,ConfigMap,false
8.442481463,Regular,8,Update,Deployment,false
8.462208701,Regular,6,Delete,ConfigMap,false
8.482439338,Regular,6,Delete,Deployment,false
8.501999301,Regular,9,Create,Deployment,false
8.522281946,Regular,9,Create,ConfigMap,false
8.542217707,Regular,12,Update,Deployment,false
8.562810946,Regular,4,Delete,ConfigMap,false
8.582432576,Regular,6,Delete,Deployment,false
8.601816488,Regular,7,Create,Deployment,false
8.62213523,Regular,8,Create,ConfigMap,false
8.642283762,Regular,11,Update,Deployment,false
8.662182704,Regular,6,Delete,ConfigMap,false
8.682498571,Regular,3,Delete,Deployment,false
8.70232153,Regular,45,Create,Deployment,false
8.747782398,Regular,15,Create,ConfigMap,false
8.763189551,Regular,9,Update,Deployment,false
8.772440371,Regular,4,Delete,ConfigMap,false
8.781910294,Regular,7,Delete,Deployment,false
8.802159225,Regular,9,Create,Deployment,false
8.821883838,Regular,8,Create,ConfigMap,false
8.841770538,Regular,10,Update,Deployment,false
8.862211951,Regular,6,Delete,ConfigMap,false
8.882017557,Regular,7,Delete,Deployment,false
8.901652512,Regular,10,Create,Deployment,false
8.922372119,Regular,9,Create,ConfigMap,false
8.941744148,Regular,9,Update,Deployment,false
8.961713603,Regular,7,Delete,ConfigMap,false
8.982433802,Regular,5,Delete,Deployment,false
8.021969484,Regular,9,Create,ConfigMap,false
8.042686366,Regular,10,Update,Deployment,false
8.061766526,Regular,7,Delete,ConfigMap,false
8.082617761,Regular,7,Delete,Deployment,false
8.103095883,Regular,18,Create,Deployment,false
8.122333811,Regular,11,Create,ConfigMap,false
8.142862208,Regular,10,Update,Deployment,false
8.162131354,Regular,7,Delete,ConfigMap,false
8.182338946,Regular,9,Delete,Deployment,false
8.202370258,Regular,13,Create,Deployment,false
8.22177018,Regular,10,Create,ConfigMap,false
8.243067745,Regular,13,Update,Deployment,false
8.261872697,Regular,5,Delete,ConfigMap,false
8.281881045,Regular,6,Delete,Deployment,false
8.302305166,Regular,11,Create,Deployment,false
8.322517257,Regular,8,Create,ConfigMap,false
8.342983578,Regular,11,Update,Deployment,false
8.362619164,Regular,6,Delete,ConfigMap,false
8.381837103,Regular,7,Delete,Deployment,false
8.402069844,Regular,7,Create,Deployment,false
8.422614712,Regular,9,Create,ConfigMap,false
8.442420208,Regular,9,Update,Deployment,false
8.462389362,Regular,6,Delete,ConfigMap,false
8.482563462,Regular,6,Delete,Deployment,false
8.50205675,Regular,9,Create,Deployment,false
8.522640982,Regular,9,Create,ConfigMap,false
8.542279003,Regular,12,Update,Deployment,false
8.562734282,Regular,6,Delete,ConfigMap,false
8.582389746,Regular,9,Delete,Deployment,false
8.601644324,Regular,9,Create,Deployment,false
8.62178967,Regular,9,Create,ConfigMap,false
8.642345548,Regular,11,Update,Deployment,false
8.662703655,Regular,4,Delete,ConfigMap,false
8.682358677,Regular,6,Delete,Deployment,false
8.702023198,Regular,44,Create,Deployment,false
8.746038834,Regular,16,Create,ConfigMap,false
8.762425202,Regular,10,Update,Deployment,false
8.772930133,Regular,5,Delete,ConfigMap,false
8.781785629,Regular,5,Delete,Deployment,false
8.802022608,Regular,9,Create,Deployment,false
8.822069117,Regular,8,Create,ConfigMap,false
8.84191505,Regular,9,Update,Deployment,false
8.862272535,Regular,6,Delete,ConfigMap,false
8.88179081,Regular,7,Delete,Deployment,false
8.901809708,Regular,9,Create,Deployment,false
8.922361248,Regular,9,Create,ConfigMap,false
8.941790365,Regular,10,Update,Deployment,false
8.961765601,Regular,7,Delete,ConfigMap,false
8.982346988,Regular,5,Delete,Deployment,false
8.004086969,Regular,15,Create,Deployment,false
8.022176283,Regular,9,Create,ConfigMap,false
8.042634168,Regular,10,Update,Deployment,false
8.061854491,Regular,6,Delete,ConfigMap,false
8.082371627,Regular,7,Delete,Deployment,false
8.103443939,Regular,17,Create,Deployment,false
8.121847545,Regular,10,Create,ConfigMap,false
8.142522949,Regular,7,Update,Deployment,false
8.162513443,Regular,8,Delete,ConfigMap,false
8.182207389,Regular,10,Delete,Deployment,false
8.201889052,Regular,13,Create,Deployment,false
8.221728642,Regular,11,Create,ConfigMap,false
8.243043379,Regular,12,Update,Deployment,false
8.262180577,Regular,6,Delete,ConfigMap,false
8.281817596,Regular,5,Delete,Deployment,false
8.302455499,Regular,11,Create,Deployment,false
8.322366233,Regular,9,Create,ConfigMap,false
8.342317744,Regular,12,Update,Deployment,false
8.362467298,Regular,6,Delete,ConfigMap,false
8.381891315,Regular,6,Delete,Deployment,false
8.401885296,Regular,8,Create,Deployment,false
8.422481791,Regular,9,Create,ConfigMap,false
8.442504266,Regular,9,Update,Deployment,false
8.46258511,Regular,6,Delete,ConfigMap,false
8.482563291,Regular,6,Delete,Deployment,false
8.501955419,Regular,8,Create,Deployment,false
8.522409977,Regular,9,Create,ConfigMap,false
8.542219491,Regular,12,Update,Deployment,false
8.562530348,Regular,8,Delete,ConfigMap,false
8.582753761,Regular,8,Delete,Deployment,false
8.602079483,Regular,8,Create,Deployment,false
8.62215645,Regular,8,Create,ConfigMap,false
8.642441159,Regular,11,Update,Deployment,false
8.663053875,Regular,5,Delete,ConfigMap,false
8.682291571,Regular,5,Delete,Deployment,false
8.702022186,Regular,28,Create,Deployment,false
8.730344059,Regular,18,Create,ConfigMap,false
8.749097224,Regular,10,Update,Deployment,false
8.761471505,Regular,7,Delete,ConfigMap,false
8.782016103,Regular,5,Delete,Deployment,false
8.802434844,Regular,9,Create,Deployment,false
8.822101819,Regular,8,Create,ConfigMap,false
8.841913156,Regular,9,Update,Deployment,false
8.862278656,Regular,5,Delete,ConfigMap,false
8.882075306,Regular,6,Delete,Deployment,false
8.902045502,Regular,10,Create,Deployment,false
8.922547088,Regular,9,Create,ConfigMap,false
8.94154337,Regular,10,Update,Deployment,false
8.961852845,Regular,6,Delete,ConfigMap,false
8.982208828,Regular,5,Delete,Deployment,false
9.00195419,Regular,9,Create,Deployment,false
8.022183587,Regular,10,Create,ConfigMap,false
8.042505245,Regular,10,Update,Deployment,false
8.061936746,Regular,7,Delete,ConfigMap,false
8.082362861,Regular,7,Delete,Deployment,false
8.102962963,Regular,15,Create,Deployment,false
8.122017014,Regular,11,Create,ConfigMap,false
8.142680776,Regular,11,Update,Deployment,false
8.162116936,Regular,8,Delete,ConfigMap,false
8.182461197,Regular,9,Delete,Deployment,false
8.202515762,Regular,12,Create,Deployment,false
8.222158341,Regular,10,Create,ConfigMap,false
8.242891544,Regular,12,Update,Deployment,false
8.262234839,Regular,6,Delete,ConfigMap,false
8.281714672,Regular,6,Delete,Deployment,false
8.302443466,Regular,11,Create,Deployment,false
8.322582821,Regular,9,Create,ConfigMap,false
8.342651573,Regular,13,Update,Deployment,false
8.363090732,Regular,6,Delete,ConfigMap,false
8.382281089,Regular,5,Delete,Deployment,false
8.401904512,Regular,8,Create,Deployment,false
8.422618779,Regular,9,Create,ConfigMap,false
8.442471564,Regular,9,Update,Deployment,false
8.462791238,Regular,6,Delete,ConfigMap,false
8.48262616,Regular,6,Delete,Deployment,false
8.50182313,Regular,9,Create,Deployment,false
8.522246309,Regular,9,Create,ConfigMap,false
8.542077453,Regular,12,Update,Deployment,false
8.562551027,Regular,8,Delete,ConfigMap,false
8.582504211,Regular,8,Delete,Deployment,false
8.602089141,Regular,8,Create,Deployment,false
8.622205312,Regular,8,Create,ConfigMap,false
8.642488037,Regular,11,Update,Deployment,false
8.662467209999999,Regular,6,Delete,ConfigMap,false
8.682409283,Regular,6,Delete,Deployment,false
8.702091777,Regular,28,Create,Deployment,false
8.731079184,Regular,14,Create,ConfigMap,false
8.745357201000001,Regular,14,Update,Deployment,false
8.761522101,Regular,5,Delete,ConfigMap,false
8.782095563,Regular,6,Delete,Deployment,false
8.80196555,Regular,9,Create,Deployment,false
8.821867017,Regular,8,Create,ConfigMap,false
8.842071103,Regular,9,Update,Deployment,false
8.862149473,Regular,6,Delete,ConfigMap,false
8.882005364,Regular,6,Delete,Deployment,false
8.901809317,Regular,8,Create,Deployment,false
8.922565783,Regular,8,Create,ConfigMap,false
8.941758105,Regular,8,Update,Deployment,false
8.961920202,Regular,7,Delete,ConfigMap,false
8.982347649,Regular,5,Delete,Deployment,false
9.002201206,Regular,9,Create,Deployment,false
8.002750222,Regular,17,Create,Deployment,false
8.022022684,Regular,7,Create,ConfigMap,false
8.042435103,Regular,11,Update,Deployment,false
8.061864069,Regular,7,Delete,ConfigMap,false
8.08253734,Regular,8,Delete,Deployment,false
8.102482558,Regular,16,Create,Deployment,false
8.122308954,Regular,11,Create,ConfigMap,false
8.142676408,Regular,10,Update,Deployment,false
8.162255818,Regular,8,Delete,ConfigMap,false
8.182190868,Regular,9,Delete,Deployment,false
8.20171831,Regular,13,Create,Deployment,false
8.221702312,Regular,11,Create,ConfigMap,false
8.242555781,Regular,8,Update,Deployment,false
8.261475379,Regular,8,Delete,ConfigMap,false
8.281797658,Regular,6,Delete,Deployment,false
8.302399924,Regular,12,Create,Deployment,false
8.322512548,Regular,9,Create,ConfigMap,false
8.34235282,Regular,11,Update,Deployment,false
8.362423756,Regular,6,Delete,ConfigMap,false
8.381630163,Regular,7,Delete,Deployment,false
8.402060917,Regular,8,Create,Deployment,false
8.422626624,Regular,9,Create,ConfigMap,false
8.442414247,Regular,9,Update,Deployment,false
8.46232989,Regular,5,Delete,ConfigMap,false
8.482388212,Regular,7,Delete,Deployment,false
8.501831105,Regular,9,Create,Deployment,false
8.522464991,Regular,9,Create,ConfigMap,false
8.542217817000001,Regular,11,Update,Deployment,false
8.562486145,Regular,7,Delete,ConfigMap,false
8.582243731,Regular,7,Delete,Deployment,false
8.602211953,Regular,9,Create,Deployment,false
8.621752079,Regular,8,Create,ConfigMap,false
8.642443172,Regular,11,Update,Deployment,false
8.662697914,Regular,6,Delete,ConfigMap,false
8.682436744,Regular,5,Delete,Deployment,false
8.702023158,Regular,10,Create,Deployment,false
8.72242663,Regular,20,Create,ConfigMap,false
8.74486275,Regular,15,Update,Deployment,false
8.761565743,Regular,7,Delete,ConfigMap,false
8.78190294,Regular,6,Delete,Deployment,false
8.802478176,Regular,8,Create,Deployment,false
8.822098342,Regular,8,Create,ConfigMap,false
8.841729430000001,Regular,9,Update,Deployment,false
8.862263718,Regular,5,Delete,ConfigMap,false
8.881952054,Regular,7,Delete,Deployment,false
8.90204456,Regular,9,Create,Deployment,false
8.922484891,Regular,9,Create,ConfigMap,false
8.941517201,Regular,10,Update,Deployment,false
8.961768196,Regular,6,Delete,ConfigMap,false
8.982197707,Regular,6,Delete,Deployment,false
9.001853871,Regular,11,Create,Deployment,false
8.02199389,Regular,10,Create,ConfigMap,false
8.042590455,Regular,10,Update,Deployment,false
8.061918452,Regular,6,Delete,ConfigMap,false
8.082820663,Regular,8,Delete,Deployment,false
8.10256332,Regular,16,Create,Deployment,false
8.121812148,Regular,10,Create,ConfigMap,false
8.142680095,Regular,13,Update,Deployment,false
8.162577163,Regular,5,Delete,ConfigMap,false
8.182816075,Regular,9,Delete,Deployment,false
8.201691249,Regular,13,Create,Deployment,false
8.221969064,Regular,11,Create,ConfigMap,false
8.243297448,Regular,12,Update,Deployment,false
8.26227227,Regular,7,Delete,ConfigMap,false
8.281865235,Regular,6,Delete,Deployment,false
8.302337066,Regular,12,Create,Deployment,false
8.322514963,Regular,7,Create,ConfigMap,false
8.342201154,Regular,10,Update,Deployment,false
8.362791729,Regular,6,Delete,ConfigMap,false
8.381647326,Regular,7,Delete,Deployment,false
8.402058522,Regular,8,Create,Deployment,false
8.422585376,Regular,9,Create,ConfigMap,false
8.442414667,Regular,9,Update,Deployment,false
8.462684908,Regular,5,Delete,ConfigMap,false
8.482831266,Regular,5,Delete,Deployment,false
8.501880107,Regular,9,Create,Deployment,false
8.522409676,Regular,9,Create,ConfigMap,false
8.542112239,Regular,12,Update,Deployment,false
8.56234562,Regular,7,Delete,ConfigMap,false
8.582555678,Regular,9,Delete,Deployment,false
8.601663039,Regular,9,Create,Deployment,false
8.621769642,Regular,8,Create,ConfigMap,false
8.642375325,Regular,11,Update,Deployment,false
8.662650535000001,Regular,6,Delete,ConfigMap,false
8.682547082,Regular,5,Delete,Deployment,false
8.702107687,Regular,37,Create,Deployment,false
8.739644313,Regular,23,Create,ConfigMap,false
8.762745345,Regular,8,Update,Deployment,false
8.771140824,Regular,3,Delete,ConfigMap,false
8.782053343,Regular,5,Delete,Deployment,false
8.802436828,Regular,9,Create,Deployment,false
8.821988986000001,Regular,8,Create,ConfigMap,false
8.841752403,Regular,10,Update,Deployment,false
8.862129916,Regular,6,Delete,ConfigMap,false
8.881856944,Regular,7,Delete,Deployment,false
8.902137054,Regular,9,Create,Deployment,false
8.922671943,Regular,9,Create,ConfigMap,false
8.941683444,Regular,9,Update,Deployment,false
8.961644974,Regular,6,Delete,ConfigMap,false
8.982263321,Regular,5,Delete,Deployment,false
9.001764012,Regular,12,Create,Deployment,false
8.022051668,Regular,8,Create,ConfigMap,false
8.042588792,Regular,10,Update,Deployment,false
8.061811601,Regular,7,Delete,ConfigMap,false
8.082488067,Regular,7,Delete,Deployment,false
8.102963564,Regular,18,Create,Deployment,false
8.12222722,Regular,9,Create,ConfigMap,false
8.142598802,Regular,13,Update,Deployment,false
8.162387686,Regular,8,Delete,ConfigMap,false
8.182782492,Regular,9,Delete,Deployment,false
8.201730473,Regular,13,Create,Deployment,false
8.221975366,Regular,10,Create,ConfigMap,false
8.24344187,Regular,7,Update,Deployment,false
8.26185287,Regular,8,Delete,ConfigMap,false
8.281733036,Regular,6,Delete,Deployment,false
8.302346303,Regular,11,Create,Deployment,false
8.322409675,Regular,8,Create,ConfigMap,false
8.342285333,Regular,11,Update,Deployment,false
8.362969283,Regular,6,Delete,ConfigMap,false
8.381841521,Regular,5,Delete,Deployment,false
8.401981447,Regular,8,Create,Deployment,false
8.422626985,Regular,7,Create,ConfigMap,false
8.442430237,Regular,9,Update,Deployment,false
8.462467729,Regular,6,Delete,ConfigMap,false
8.482564353,Regular,6,Delete,Deployment,false
8.501852735,Regular,6,Create,Deployment,false
8.522364642,Regular,9,Create,ConfigMap,false
8.542086901,Regular,12,Update,Deployment,false
8.562614396,Regular,7,Delete,ConfigMap,false
8.582513809,Regular,9,Delete,Deployment,false
8.601954237,Regular,8,Create,Deployment,false
8.6219969,Regular,8,Create,ConfigMap,false
8.64236232,Regular,11,Update,Deployment,false
8.662602104,Regular,6,Delete,ConfigMap,false
8.682308884,Regular,6,Delete,Deployment,false
8.701832319,Regular,42,Create,Deployment,false
8.743925795,Regular,18,Create,ConfigMap,false
8.762125958,Regular,10,Update,Deployment,false
8.772529168,Regular,4,Delete,ConfigMap,false
8.781941262,Regular,5,Delete,Deployment,false
8.802445915,Regular,9,Create,Deployment,false
8.822075329,Regular,8,Create,ConfigMap,false
8.841802187,Regular,10,Update,Deployment,false
8.862310516,Regular,6,Delete,ConfigMap,false
8.882004873,Regular,6,Delete,Deployment,false
8.9016677,Regular,9,Create,Deployment,false
8.922545585,Regular,9,Create,ConfigMap,false
8.941579869,Regular,9,Update,Deployment,false
8.961817629,Regular,6,Delete,ConfigMap,false
8.982232683,Regular,6,Delete,Deployment,false
9.001782557,Regular,12,Create,Deployment,false
8.002498517,Regular,17,Create,Deployment,false
8.021856391,Regular,10,Create,ConfigMap,false
8.042493403,Regular,10,Update,Deployment,false
8.061852838,Regular,7,Delete,ConfigMap,false
8.082472908,Regular,8,Delete,Deployment,false
8.103053033,Regular,14,Create,Deployment,false
8.122180161,Regular,11,Create,ConfigMap,false
8.142558536,Regular,9,Update,Deployment,false
8.162588985,Regular,7,Delete,ConfigMap,false
8.182336492,Regular,9,Delete,Deployment,false
8.202124745,Regular,13,Create,Deployment,false
8.222156808,Regular,10,Create,ConfigMap,false
8.243274915,Regular,10,Update,Deployment,false
8.262048999,Regular,9,Delete,ConfigMap,false
8.281933935,Regular,6,Delete,Deployment,false
8.302465909,Regular,11,Create,Deployment,false
8.322578052,Regular,9,Create,ConfigMap,false
8.342175646,Regular,12,Update,Deployment,false
8.363089489,Regular,6,Delete,ConfigMap,false
8.3822868,Regular,5,Delete,Deployment,false
8.401916124,Regular,8,Create,Deployment,false
8.42260297,Regular,8,Create,ConfigMap,false
8.442440175,Regular,9,Update,Deployment,false
8.462749269,Regular,5,Delete,ConfigMap,false
8.48261544,Regular,7,Delete,Deployment,false
8.501758678,Regular,8,Create,Deployment,false
8.522443751,Regular,9,Create,ConfigMap,false
8.542242734,Regular,12,Update,Deployment,false
8.562667166,Regular,7,Delete,ConfigMap,false
8.58271609,Regular,9,Delete,Deployment,false
8.601630317,Regular,9,Create,Deployment,false
8.622233836,Regular,7,Create,ConfigMap,false
8.642528493,Regular,8,Update,Deployment,false
8.662681383,Regular,6,Delete,ConfigMap,false
8.682275982,Regular,6,Delete,Deployment,false
8.702091807,Regular,41,Create,Deployment,false
8.743644866,Regular,15,Create,ConfigMap,false
8.759494052,Regular,5,Update,Deployment,false
8.765216748,Regular,5,Delete,ConfigMap,false
8.782177287,Regular,4,Delete,Deployment,false
8.802471974,Regular,9,Create,Deployment,false
8.822062024,Regular,8,Create,ConfigMap,false
8.841865376,Regular,10,Update,Deployment,false
8.862210889,Regular,6,Delete,ConfigMap,false
8.881780691,Regular,7,Delete,Deployment,false
8.901689942,Regular,9,Create,Deployment,false
8.922549062,Regular,5,Create,ConfigMap,false
8.94168133,Regular,10,Update,Deployment,false
8.961604658,Regular,6,Delete,ConfigMap,false
8.982345936,Regular,6,Delete,Deployment,false
9.001748203,Regular,12,Create,Deployment,false
8.003887854,Regular,16,Create,Deployment,false
8.021963342,Regular,10,Create,ConfigMap,false
8.042846968,Regular,10,Update,Deployment,false
8.061743993,Regular,7,Delete,ConfigMap,false
8.082525357,Regular,8,Delete,Deployment,false
8.103150226,Regular,16,Create,Deployment,false
8.122691684,Regular,11,Create,ConfigMap,false
8.142792496,Regular,13,Update,Deployment,false
8.162499898,Regular,8,Delete,ConfigMap,false
8.18239398,Regular,9,Delete,Deployment,false
8.202207672,Regular,11,Create,Deployment,false
8.222288145,Regular,10,Create,ConfigMap,false
8.242891584,Regular,7,Update,Deployment,false
8.261669324,Regular,7,Delete,ConfigMap,false
8.281921571,Regular,5,Delete,Deployment,false
8.302715358,Regular,12,Create,Deployment,false
8.322500586,Regular,9,Create,ConfigMap,false
8.342714661,Regular,12,Update,Deployment,false
8.36278161,Regular,6,Delete,ConfigMap,false
8.382009889,Regular,6,Delete,Deployment,false
8.402121992,Regular,6,Create,Deployment,false
8.42252884,Regular,9,Create,ConfigMap,false
8.442374542,Regular,9,Update,Deployment,false
8.462191538999999,Regular,6,Delete,ConfigMap,false
8.48245079,Regular,7,Delete,Deployment,false
8.502256776,Regular,8,Create,Deployment,false
8.522702216999999,Regular,9,Create,ConfigMap,false
8.542274815,Regular,12,Update,Deployment,false
8.562822638,Regular,7,Delete,ConfigMap,false
8.582721791,Regular,8,Delete,Deployment,false
8.602108358,Regular,8,Create,Deployment,false
8.62229444,Regular,8,Create,ConfigMap,false
8.642509407,Regular,10,Update,Deployment,false
8.662316797,Regular,6,Delete,ConfigMap,false
8.682346104,Regular,6,Delete,Deployment,false
8.701936254,Regular,42,Create,Deployment,false
8.744537026,Regular,19,Create,ConfigMap,false
8.763812033,Regular,9,Update,Deployment,false
8.773128347,Regular,5,Delete,ConfigMap,false
8.781808202,Regular,7,Delete,Deployment,false
8.802189632,Regular,9,Create,Deployment,false
8.821901041,Regular,8,Create,ConfigMap,false
8.841886475999999,Regular,10,Update,Deployment,false
8.862499783,Regular,5,Delete,ConfigMap,false
8.882016004,Regular,6,Delete,Deployment,false
8.901622184,Regular,8,Create,Deployment,false
8.922339367,Regular,9,Create,ConfigMap,false
8.941765949,Regular,10,Update,Deployment,false
8.9617652,Regular,7,Delete,ConfigMap,false
8.982407943,Regular,6,Delete,Deployment,false
9.002558068,Regular,11,Create,Deployment,false
9.02166085,Regular,8,Create,ConfigMap,false
9.042161235,Regular,11,Update,Deployment,false
9.062015152,Regular,7,Delete,ConfigMap,false
9.08245882,Regular,7,Delete,Deployment,false
9.102799152,Regular,11,Create,Deployment,false
9.122162456,Regular,13,Create,ConfigMap,false
9.142489534,Regular,11,Update,Deployment,false
9.162170165,Regular,6,Delete,ConfigMap,false
9.182349454,Regular,8,Delete,Deployment,false
9.202403127,Regular,11,Create,Deployment,false
9.22287577,Regular,10,Create,ConfigMap,false
9.242579093,Regular,11,Update,Deployment,false
9.262342841,Regular,5,Delete,ConfigMap,false
9.282071692,Regular,6,Delete,Deployment,false
9.302334369,Regular,8,Create,Deployment,false
9.321768816,Regular,9,Create,ConfigMap,false
9.341621451,Regular,10,Update,Deployment,false
9.362626385,Regular,7,Delete,ConfigMap,false
9.382694706,Regular,7,Delete,Deployment,false
9.402457522,Regular,7,Create,Deployment,false
9.421760541,Regular,6,Create,ConfigMap,false
9.442329855,Regular,8,Update,Deployment,false
9.461650468,Regular,6,Delete,ConfigMap,false
9.48171419,Regular,4,Delete,Deployment,false
9.502187043,Regular,9,Create,Deployment,false
9.522068893,Regular,7,Create,ConfigMap,false
9.541868988000001,Regular,13,Update,Deployment,false
9.562711848,Regular,5,Delete,ConfigMap,false
9.581821864,Regular,5,Delete,Deployment,false
9.601621559,Regular,8,Create,Deployment,false
9.622487592,Regular,5,Create,ConfigMap,false
9.641720399,Regular,9,Update,Deployment,false
9.662382348,Regular,5,Delete,ConfigMap,false
9.682567068,Regular,6,Delete,Deployment,false
9.701984623,Regular,7,Create,Deployment,false
9.721965289,Regular,7,Create,ConfigMap,false
9.741641912,Regular,6,Update,Deployment,false
9.762120185,Regular,8,Delete,ConfigMap,false
9.781716337,Regular,6,Delete,Deployment,false
9.802404785,Regular,10,Create,Deployment,false
9.821998803,Regular,11,Create,ConfigMap,false
9.841955804,Regular,10,Update,Deployment,false
9.862805206,Regular,14,Delete,ConfigMap,false
9.881970515999999,Regular,5,Delete,Deployment,false
9.902248582,Regular,8,Create,Deployment,false
9.922753314,Regular,7,Create,ConfigMap,false
9.942205595,Regular,8,Update,Deployment,false
9.962066205,Regular,5,Delete,ConfigMap,false
9.982745717,Regular,7,Delete,Deployment,false
9.021900381,Regular,7,Create,ConfigMap,false
9.042349239,Regular,11,Update,Deployment,false
9.061985917,Regular,7,Delete,ConfigMap,false
9.082339705,Regular,7,Delete,Deployment,false
9.102959745,Regular,9,Create,Deployment,false
9.122093556,Regular,13,Create,ConfigMap,false
9.142559004,Regular,12,Update,Deployment,false
9.162570348,Regular,6,Delete,ConfigMap,false
9.182077452,Regular,7,Delete,Deployment,false
9.202316995,Regular,8,Create,Deployment,false
9.223016274,Regular,10,Create,ConfigMap,false
9.242801171,Regular,11,Update,Deployment,false
9.261718705,Regular,6,Delete,ConfigMap,false
9.28212925,Regular,5,Delete,Deployment,false
9.302523545,Regular,8,Create,Deployment,false
9.32161191,Regular,9,Create,ConfigMap,false
9.341554745,Regular,13,Update,Deployment,false
9.362632807,Regular,6,Delete,ConfigMap,false
9.382459834,Regular,6,Delete,Deployment,false
9.402470737,Regular,7,Create,Deployment,false
9.42157951,Regular,8,Create,ConfigMap,false
9.442279711,Regular,8,Update,Deployment,false
9.46176852,Regular,6,Delete,ConfigMap,false
9.481763433,Regular,6,Delete,Deployment,false
9.502189568,Regular,8,Create,Deployment,false
9.522283867,Regular,9,Create,ConfigMap,false
9.54160952,Regular,11,Update,Deployment,false
9.562747244,Regular,5,Delete,ConfigMap,false
9.581605847,Regular,5,Delete,Deployment,false
9.60151591,Regular,7,Create,Deployment,false
9.622485909,Regular,7,Create,ConfigMap,false
9.641670686,Regular,9,Update,Deployment,false
9.662162955,Regular,4,Delete,ConfigMap,false
9.68256827,Regular,6,Delete,Deployment,false
9.701988701,Regular,7,Create,Deployment,false
9.72192322,Regular,7,Create,ConfigMap,false
9.741574504999999,Regular,8,Update,Deployment,false
9.762091932,Regular,7,Delete,ConfigMap,false
9.781536177,Regular,6,Delete,Deployment,false
9.802811712,Regular,8,Create,Deployment,false
9.822156931,Regular,11,Create,ConfigMap,false
9.842043179000001,Regular,10,Update,Deployment,false
9.86274896,Regular,12,Delete,ConfigMap,false
9.881869756,Regular,6,Delete,Deployment,false
9.902159674,Regular,8,Create,Deployment,false
9.922505057,Regular,6,Create,ConfigMap,false
9.942189815999999,Regular,8,Update,Deployment,false
9.962295637,Regular,5,Delete,ConfigMap,false
9.982748282,Regular,3,Delete,Deployment,false
9.002220181,Regular,12,Create,Deployment,false
9.021570781,Regular,6,Create,ConfigMap,false
9.042320745,Regular,11,Update,Deployment,false
9.06190797,Regular,7,Delete,ConfigMap,false
9.08228896,Regular,7,Delete,Deployment,false
9.102180838,Regular,12,Create,Deployment,false
9.121996102,Regular,13,Create,ConfigMap,false
9.142489544,Regular,11,Update,Deployment,false
9.162346046,Regular,7,Delete,ConfigMap,false
9.182152884,Regular,7,Delete,Deployment,false
9.202083145,Regular,12,Create,Deployment,false
9.222388783,Regular,10,Create,ConfigMap,false
9.242519741,Regular,11,Update,Deployment,false
9.262297074,Regular,6,Delete,ConfigMap,false
9.282131685,Regular,4,Delete,Deployment,false
9.302422194,Regular,5,Create,Deployment,false
9.321672805,Regular,9,Create,ConfigMap,false
9.341569603,Regular,6,Update,Deployment,false
9.362697309,Regular,6,Delete,ConfigMap,false
9.382491603,Regular,6,Delete,Deployment,false
9.402376599,Regular,7,Create,Deployment,false
9.422017214,Regular,7,Create,ConfigMap,false
9.44233769,Regular,8,Update,Deployment,false
9.461784971,Regular,6,Delete,ConfigMap,false
9.481889019,Regular,6,Delete,Deployment,false
9.502269458,Regular,8,Create,Deployment,false
9.522290971,Regular,8,Create,ConfigMap,false
9.541832008,Regular,10,Update,Deployment,false
9.56193233,Regular,5,Delete,ConfigMap,false
9.581759837,Regular,5,Delete,Deployment,false
9.601718471,Regular,8,Create,Deployment,false
9.622331959,Regular,7,Create,ConfigMap,false
9.641853269,Regular,9,Update,Deployment,false
9.662292749,Regular,5,Delete,ConfigMap,false
9.682970387,Regular,6,Delete,Deployment,false
9.701915263,Regular,7,Create,Deployment,false
9.721935082,Regular,7,Create,ConfigMap,false
9.74161947,Regular,7,Update,Deployment,false
9.762041046,Regular,8,Delete,ConfigMap,false
9.78166518,Regular,5,Delete,Deployment,false
9.802903034,Regular,7,Create,Deployment,false
9.822206143,Regular,11,Create,ConfigMap,false
9.841984759,Regular,10,Update,Deployment,false
9.861972908,Regular,13,Delete,ConfigMap,false
9.881878613,Regular,4,Delete,Deployment,false
9.902213766,Regular,8,Create,Deployment,false
9.922795634,Regular,7,Create,ConfigMap,false
9.942186028,Regular,8,Update,Deployment,false
9.962306277,Regular,5,Delete,ConfigMap,false
9.982585906,Regular,7,Delete,Deployment,false
9.002614203,Regular,9,Create,Deployment,false
9.021661632,Regular,8,Create,ConfigMap,false
9.042322027,Regular,11,Update,Deployment,false
9.06215204,Regular,6,Delete,ConfigMap,false
9.082274262,Regular,5,Delete,Deployment,false
9.102655963,Regular,11,Create,Deployment,false
9.122227829,Regular,13,Create,ConfigMap,false
9.142277705,Regular,12,Update,Deployment,false
9.162894038,Regular,5,Delete,ConfigMap,false
9.182145791,Regular,8,Delete,Deployment,false
9.201860075,Regular,12,Create,Deployment,false
9.22285473,Regular,10,Create,ConfigMap,false
9.242550599,Regular,11,Update,Deployment,false
9.261994705,Regular,6,Delete,ConfigMap,false
9.282666782,Regular,5,Delete,Deployment,false
9.302602394,Regular,8,Create,Deployment,false
9.321749309,Regular,9,Create,ConfigMap,false
9.341485014,Regular,11,Update,Deployment,false
9.362541255,Regular,7,Delete,ConfigMap,false
9.382403498,Regular,5,Delete,Deployment,false
9.402532833,Regular,7,Create,Deployment,false
9.421587986,Regular,7,Create,ConfigMap,false
9.442391291,Regular,8,Update,Deployment,false
9.4618744,Regular,6,Delete,ConfigMap,false
9.481890953,Regular,5,Delete,Deployment,false
9.50205817,Regular,10,Create,Deployment,false
9.522150767,Regular,6,Create,ConfigMap,false
9.541642321,Regular,13,Update,Deployment,false
9.562312776,Regular,4,Delete,ConfigMap,false
9.581772852,Regular,5,Delete,Deployment,false
9.601639443,Regular,8,Create,Deployment,false
9.622346176,Regular,8,Create,ConfigMap,false
9.641750917,Regular,8,Update,Deployment,false
9.662248987,Regular,5,Delete,ConfigMap,false
9.682381989,Regular,5,Delete,Deployment,false
9.701928127,Regular,7,Create,Deployment,false
9.721940051,Regular,7,Create,ConfigMap,false
9.741692998,Regular,6,Update,Deployment,false
9.762150111,Regular,7,Delete,ConfigMap,false
9.781671973,Regular,6,Delete,Deployment,false
9.802474286,Regular,9,Create,Deployment,false
9.822015775,Regular,11,Create,ConfigMap,false
9.841788159,Regular,10,Update,Deployment,false
9.862346181,Regular,12,Delete,ConfigMap,false
9.882020911,Regular,5,Delete,Deployment,false
9.902340976,Regular,7,Create,Deployment,false
9.922411721,Regular,7,Create,ConfigMap,false
9.942127749,Regular,8,Update,Deployment,false
9.96244622,Regular,5,Delete,ConfigMap,false
9.982353749,Regular,6,Delete,Deployment,false
9.021900081,Regular,7,Create,ConfigMap,false
9.042368615,Regular,11,Update,Deployment,false
9.062013419,Regular,6,Delete,ConfigMap,false
9.08253364,Regular,7,Delete,Deployment,false
9.102694495,Regular,12,Create,Deployment,false
9.122163999,Regular,9,Create,ConfigMap,false
9.142583831,Regular,11,Update,Deployment,false
9.162340696,Regular,6,Delete,ConfigMap,false
9.182024943,Regular,8,Delete,Deployment,false
9.202129212,Regular,12,Create,Deployment,false
9.223083621,Regular,9,Create,ConfigMap,false
9.24243957,Regular,12,Update,Deployment,false
9.262188139,Regular,6,Delete,ConfigMap,false
9.282051915,Regular,5,Delete,Deployment,false
9.302436561,Regular,8,Create,Deployment,false
9.321685739,Regular,9,Create,ConfigMap,false
9.341440189,Regular,10,Update,Deployment,false
9.362849796,Regular,5,Delete,ConfigMap,false
9.382633911,Regular,5,Delete,Deployment,false
9.40250469,Regular,8,Create,Deployment,false
9.421611911,Regular,5,Create,ConfigMap,false
9.442344182,Regular,8,Update,Deployment,false
9.461698919,Regular,6,Delete,ConfigMap,false
9.481954312,Regular,6,Delete,Deployment,false
9.502545468,Regular,10,Create,Deployment,false
9.52233832,Regular,8,Create,ConfigMap,false
9.542102738,Regular,13,Update,Deployment,false
9.562485652,Regular,6,Delete,ConfigMap,false
9.581785646,Regular,5,Delete,Deployment,false
9.601603193999999,Regular,6,Create,Deployment,false
9.622561651,Regular,7,Create,ConfigMap,false
9.641830426,Regular,9,Update,Deployment,false
9.662323537,Regular,4,Delete,ConfigMap,false
9.68250431,Regular,6,Delete,Deployment,false
9.701917136,Regular,7,Create,Deployment,false
9.721906157,Regular,7,Create,ConfigMap,false
9.741652482,Regular,6,Update,Deployment,false
9.762006301,Regular,6,Delete,ConfigMap,false
9.781927905,Regular,4,Delete,Deployment,false
9.802653233000001,Regular,10,Create,Deployment,false
9.822156299,Regular,11,Create,ConfigMap,false
9.841771627,Regular,10,Update,Deployment,false
9.862661605,Regular,14,Delete,ConfigMap,false
9.881525278,Regular,6,Delete,Deployment,false
9.90217842,Regular,9,Create,Deployment,false
9.922491231,Regular,8,Create,ConfigMap,false
9.94217625,Regular,8,Update,Deployment,false
9.962232258,Regular,5,Delete,ConfigMap,false
9.982543235,Regular,6,Delete,Deployment,false
9.021810442,Regular,7,Create,ConfigMap,false
9.042321627,Regular,11,Update,Deployment,false
9.06233806,Regular,4,Delete,ConfigMap,false
9.082213978,Regular,7,Delete,Deployment,false
9.102206276,Regular,12,Create,Deployment,false
9.122225755,Regular,9,Create,ConfigMap,false
9.142239242,Regular,12,Update,Deployment,false
9.161760072,Regular,7,Delete,ConfigMap,false
9.182323605,Regular,7,Delete,Deployment,false
9.202130875,Regular,12,Create,Deployment,false
9.223132453,Regular,9,Create,ConfigMap,false
9.242592518,Regular,12,Update,Deployment,false
9.261811249,Regular,6,Delete,ConfigMap,false
9.282131204,Regular,6,Delete,Deployment,false
9.302587816,Regular,7,Create,Deployment,false
9.321808821,Regular,9,Create,ConfigMap,false
9.341563852,Regular,13,Update,Deployment,false
9.362460883,Regular,6,Delete,ConfigMap,false
9.382440968,Regular,6,Delete,Deployment,false
9.402555606,Regular,8,Create,Deployment,false
9.421769708,Regular,8,Create,ConfigMap,false
9.442338151,Regular,8,Update,Deployment,false
9.461882856,Regular,6,Delete,ConfigMap,false
9.481890432,Regular,6,Delete,Deployment,false
9.502005661,Regular,10,Create,Deployment,false
9.522074533,Regular,8,Create,ConfigMap,false
9.541614018,Regular,10,Update,Deployment,false
9.56221392,Regular,6,Delete,ConfigMap,false
9.582022792,Regular,4,Delete,Deployment,false
9.601557929,Regular,8,Create,Deployment,false
9.622512419,Regular,7,Create,ConfigMap,false
9.641801322,Regular,10,Update,Deployment,false
9.662357351,Regular,4,Delete,ConfigMap,false
9.682398841,Regular,6,Delete,Deployment,false
9.701739141000001,Regular,7,Create,Deployment,false
9.721856063,Regular,7,Create,ConfigMap,false
9.74169923,Regular,7,Update,Deployment,false
9.762118292,Regular,8,Delete,ConfigMap,false
9.781784816,Regular,6,Delete,Deployment,false
9.802442546,Regular,8,Create,Deployment,false
9.822451165,Regular,8,Create,ConfigMap,false
9.841906602,Regular,10,Update,Deployment,false
9.863070235,Regular,13,Delete,ConfigMap,false
9.881711118,Regular,6,Delete,Deployment,false
9.902574886,Regular,8,Create,Deployment,false
9.922523171,Regular,8,Create,ConfigMap,false
9.942130153,Regular,8,Update,Deployment,false
9.962195809,Regular,5,Delete,ConfigMap,false
9.98237029,Regular,7,Delete,Deployment,false
9.002418334,Regular,10,Create,Deployment,false
9.021734369,Regular,8,Create,ConfigMap,false
9.042187083,Regular,11,Update,Deployment,false
9.062126511,Regular,6,Delete,ConfigMap,false
9.082272829,Regular,6,Delete,Deployment,false
9.102920581,Regular,9,Create,Deployment,false
9.122226015,Regular,13,Create,ConfigMap,false
9.142157579,Regular,11,Update,Deployment,false
9.162994026,Regular,6,Delete,ConfigMap,false
9.181958027,Regular,8,Delete,Deployment,false
9.202070501,Regular,11,Create,Deployment,false
9.222853959,Regular,10,Create,ConfigMap,false
9.242458706,Regular,12,Update,Deployment,false
9.261889447,Regular,6,Delete,ConfigMap,false
9.282188792,Regular,5,Delete,Deployment,false
9.3025526,Regular,8,Create,Deployment,false
9.321845801,Regular,9,Create,ConfigMap,false
9.341452743,Regular,13,Update,Deployment,false
9.362700104,Regular,7,Delete,ConfigMap,false
9.382569951,Regular,5,Delete,Deployment,false
9.402517144,Regular,7,Create,Deployment,false
9.421815675,Regular,8,Create,ConfigMap,false
9.442358379,Regular,8,Update,Deployment,false
9.461888496,Regular,6,Delete,ConfigMap,false
9.481908757,Regular,6,Delete,Deployment,false
9.502188566,Regular,10,Create,Deployment,false
9.52217344,Regular,8,Create,ConfigMap,false
9.541739444,Regular,14,Update,Deployment,false
9.562587874,Regular,5,Delete,ConfigMap,false
9.582022392,Regular,5,Delete,Deployment,false
9.601730324,Regular,8,Create,Deployment,false
9.622379889,Regular,8,Create,ConfigMap,false
9.641995597,Regular,8,Update,Deployment,false
9.662365536,Regular,5,Delete,ConfigMap,false
9.682524648,Regular,7,Delete,Deployment,false
9.701915663,Regular,7,Create,Deployment,false
9.721974636,Regular,7,Create,ConfigMap,false
9.741636582,Regular,5,Update,Deployment,false
9.762091491,Regular,8,Delete,ConfigMap,false
9.781705566,Regular,6,Delete,Deployment,false
9.802765444,Regular,9,Create,Deployment,false
9.822049729,Regular,11,Create,ConfigMap,false
9.841998264,Regular,10,Update,Deployment,false
9.86308352,Regular,14,Delete,ConfigMap,false
9.881879695,Regular,5,Delete,Deployment,false
9.902431656,Regular,8,Create,Deployment,false
9.922332322,Regular,5,Create,ConfigMap,false
9.942018393,Regular,8,Update,Deployment,false
9.962248117,Regular,5,Delete,ConfigMap,false
9.98233856,Regular,7,Delete,Deployment,false
10.002102578,Regular,6,Create,Deployment,false
10.002107888,Regular,7,Create,Deployment,false
9.021500639,Regular,8,Create,ConfigMap,false
9.042364648,Regular,11,Update,Deployment,false
9.061935933,Regular,6,Delete,ConfigMap,false
9.082531096,Regular,7,Delete,Deployment,false
9.102889963,Regular,11,Create,Deployment,false
9.122161654,Regular,13,Create,ConfigMap,false
9.142636851,Regular,12,Update,Deployment,false
9.162410537,Regular,6,Delete,ConfigMap,false
9.181997732,Regular,6,Delete,Deployment,false
9.202066103,Regular,9,Create,Deployment,false
9.222648993,Regular,10,Create,ConfigMap,false
9.242400787,Regular,12,Update,Deployment,false
9.262121383,Regular,5,Delete,ConfigMap,false
9.281750297,Regular,6,Delete,Deployment,false
9.302381588,Regular,7,Create,Deployment,false
9.321708372,Regular,9,Create,ConfigMap,false
9.341626771,Regular,10,Update,Deployment,false
9.362760748,Regular,7,Delete,ConfigMap,false
9.382625045,Regular,5,Delete,Deployment,false
9.402344328,Regular,8,Create,Deployment,false
9.421667306,Regular,8,Create,ConfigMap,false
9.442302023,Regular,9,Update,Deployment,false
9.461820298,Regular,6,Delete,ConfigMap,false
9.481904929,Regular,5,Delete,Deployment,false
9.50218548,Regular,10,Create,Deployment,false
9.522299737,Regular,8,Create,ConfigMap,false
9.541786563,Regular,13,Update,Deployment,false
9.562170909,Regular,4,Delete,ConfigMap,false
9.581781648,Regular,5,Delete,Deployment,false
9.601745653,Regular,8,Create,Deployment,false
9.622557373,Regular,7,Create,ConfigMap,false
9.641769682,Regular,8,Update,Deployment,false
9.662186419,Regular,5,Delete,ConfigMap,false
9.682523616,Regular,7,Delete,Deployment,false
9.701766713,Regular,7,Create,Deployment,false
9.721813673,Regular,7,Create,ConfigMap,false
9.741612657,Regular,8,Update,Deployment,false
9.761988076,Regular,7,Delete,ConfigMap,false
9.781738689,Regular,6,Delete,Deployment,false
9.802455601,Regular,9,Create,Deployment,false
9.822155777999999,Regular,11,Create,ConfigMap,false
9.841781696,Regular,10,Update,Deployment,false
9.862561817,Regular,14,Delete,ConfigMap,false
9.881728410000001,Regular,6,Delete,Deployment,false
9.902341937,Regular,5,Create,Deployment,false
9.922560702,Regular,8,Create,ConfigMap,false
9.942126787,Regular,8,Update,Deployment,false
9.962194877,Regular,4,Delete,ConfigMap,false
9.982521304,Regular,7,Delete,Deployment,false
10.002068724,Regular,7,Create,Deployment,false
10.002112166,Regular,7,Create,Deployment,false
10.00216205,Regular,7,Create,Deployment,false
9.021664407,Regular,7,Create,ConfigMap,false
9.042183196,Regular,11,Update,Deployment,false
9.06188693,Regular,7,Delete,ConfigMap,false
9.082276045,Regular,7,Delete,Deployment,false
9.102944536,Regular,11,Create,Deployment,false
9.122059121,Regular,13,Create,ConfigMap,false
9.142453125,Regular,11,Update,Deployment,false
9.161749993,Regular,7,Delete,ConfigMap,false
9.181931808,Regular,8,Delete,Deployment,false
9.201860075,Regular,11,Create,Deployment,false
9.222957343,Regular,10,Create,ConfigMap,false
9.242385609,Regular,12,Update,Deployment,false
9.262119209,Regular,6,Delete,ConfigMap,false
9.281897644,Regular,5,Delete,Deployment,false
9.302501083,Regular,7,Create,Deployment,false
9.321780889,Regular,9,Create,ConfigMap,false
9.341702754,Regular,13,Update,Deployment,false
9.362454531000001,Regular,7,Delete,ConfigMap,false
9.382403488,Regular,6,Delete,Deployment,false
9.402395475,Regular,7,Create,Deployment,false
9.421745803,Regular,8,Create,ConfigMap,false
9.442238023,Regular,9,Update,Deployment,false
9.461887935,Regular,6,Delete,ConfigMap,false
9.481955695,Regular,5,Delete,Deployment,false
9.502326225000001,Regular,8,Create,Deployment,false
9.522363377,Regular,8,Create,ConfigMap,false
9.541995907,Regular,13,Update,Deployment,false
9.562655922,Regular,4,Delete,ConfigMap,false
9.581852862,Regular,5,Delete,Deployment,false
9.601570934,Regular,8,Create,Deployment,false
9.622630291,Regular,7,Create,ConfigMap,false
9.641867085,Regular,9,Update,Deployment,false
9.662200185,Regular,5,Delete,ConfigMap,false
9.682527542999999,Regular,6,Delete,Deployment,false
9.701730625,Regular,5,Create,Deployment,false
9.721877664,Regular,7,Create,ConfigMap,false
9.7416726,Regular,8,Update,Deployment,false
9.761971054,Regular,7,Delete,ConfigMap,false
9.781926482,Regular,5,Delete,Deployment,false
9.802439982,Regular,9,Create,Deployment,false
9.822091077,Regular,10,Create,ConfigMap,false
9.841948581,Regular,10,Update,Deployment,false
9.862477829,Regular,14,Delete,ConfigMap,false
9.881707070000001,Regular,5,Delete,Deployment,false
9.902342739,Regular,7,Create,Deployment,false
9.922554801,Regular,8,Create,ConfigMap,false
9.942141895,Regular,6,Update,Deployment,false
9.962246264000001,Regular,5,Delete,ConfigMap,false
9.982746348,Regular,6,Delete,Deployment,false
10.001956292,Regular,7,Create,Deployment,false
9.021610776,Regular,7,Create,ConfigMap,false
9.042363866,Regular,11,Update,Deployment,false
9.062071818,Regular,6,Delete,ConfigMap,false
9.082103821,Regular,7,Delete,Deployment,false
9.102787641,Regular,8,Create,Deployment,false
9.122181772,Regular,13,Create,ConfigMap,false
9.142141679,Regular,10,Update,Deployment,false
9.161959568,Regular,6,Delete,ConfigMap,false
9.181840385,Regular,7,Delete,Deployment,false
9.201879642,Regular,10,Create,Deployment,false
9.222588599,Regular,10,Create,ConfigMap,false
9.242356704,Regular,12,Update,Deployment,false
9.261886341,Regular,6,Delete,ConfigMap,false
9.2820547,Regular,5,Delete,Deployment,false
9.302537742,Regular,8,Create,Deployment,false
9.321787601,Regular,8,Create,ConfigMap,false
9.341462782,Regular,11,Update,Deployment,false
9.362656562,Regular,6,Delete,ConfigMap,false
9.382476245,Regular,5,Delete,Deployment,false
9.402535458,Regular,7,Create,Deployment,false
9.42164287,Regular,6,Create,ConfigMap,false
9.442202275,Regular,6,Update,Deployment,false
9.461822242,Regular,6,Delete,ConfigMap,false
9.481953721,Regular,5,Delete,Deployment,false
9.501974252,Regular,9,Create,Deployment,false
9.522230256,Regular,8,Create,ConfigMap,false
9.541739544,Regular,12,Update,Deployment,false
9.562534103,Regular,4,Delete,ConfigMap,false
9.581785976,Regular,5,Delete,Deployment,false
9.601773605,Regular,7,Create,Deployment,false
9.62240674,Regular,8,Create,ConfigMap,false
9.641844653,Regular,9,Update,Deployment,false
9.662271499,Regular,5,Delete,ConfigMap,false
9.682433366,Regular,5,Delete,Deployment,false
9.701755923,Regular,7,Create,Deployment,false
9.721780371,Regular,7,Create,ConfigMap,false
9.74152932,Regular,8,Update,Deployment,false
9.761914438,Regular,8,Delete,ConfigMap,false
9.781550845,Regular,6,Delete,Deployment,false
9.802814487,Regular,8,Create,Deployment,false
9.822221332,Regular,11,Create,ConfigMap,false
9.841747883,Regular,10,Update,Deployment,false
9.862344919,Regular,14,Delete,ConfigMap,false
9.881654842,Regular,6,Delete,Deployment,false
9.902340675,Regular,7,Create,Deployment,false
9.922303237,Regular,8,Create,ConfigMap,false
9.942062756,Regular,8,Update,Deployment,false
9.9622016,Regular,5,Delete,ConfigMap,false
9.982315877,Regular,3,Delete,Deployment,false
10.00198178,Regular,7,Create,Deployment,false
