start_time,role,duration_ms,operation,resource,is_error
0.003371287,Regular,48,Create,Deployment,false
0.0033086,Regular,54,Create,Deployment,false
0.057825566,Regular,35,Create,ConfigMap,false
0.051986203,Regular,41,Create,ConfigMap,false
0.09339835,Regular,55,Update,Deployment,false
0.148850443,Regular,54,Delete,ConfigMap,false
0.202928,Regular,32,Delete,Deployment,false
0.23594801,Regular,61,Create,Deployment,false
0.297406214,Regular,29,Create,ConfigMap,false
0.327052206,Regular,28,Update,Deployment,false
0.355977111,Regular,18,Delete,ConfigMap,false
0.374899811,Regular,23,Delete,Deployment,false
0.398294197,Regular,24,Create,Deployment,false
0.423170528,Regular,19,Create,ConfigMap,false
0.443160659,Regular,25,Update,Deployment,false
0.468709396,Regular,16,Delete,ConfigMap,false
0.485517708,Regular,22,Delete,Deployment,false
0.507771788,Regular,27,Create,Deployment,false
0.534829334,Regular,25,Create,ConfigMap,false
0.56029296,Regular,38,Update,Deployment,false
0.598852676,Regular,32,Delete,ConfigMap,false
0.63092098,Regular,37,Delete,Deployment,false
0.668651689,Regular,40,Create,Deployment,false
0.709117956,Regular,25,Create,ConfigMap,false
0.734373562,Regular,21,Update,Deployment,false
0.755593987,Regular,15,Delete,ConfigMap,false
0.771320831,Regular,25,Delete,Deployment,false
0.797305049,Regular,26,Create,Deployment,false
0.823886749,Regular,17,Create,ConfigMap,false
0.840988568,Regular,29,Update,Deployment,false
0.870117917,Regular,8,Delete,ConfigMap,false
0.879011541,Regular,21,Delete,Deployment,false
0.901011198,Regular,25,Create,Deployment,false
0.926644223,Regular,20,Create,ConfigMap,false
0.947570922,Regular,26,Update,Deployment,false
0.973663502,Regular,10,Delete,ConfigMap,false
0.984420582,Regular,21,Delete,Deployment,false
0.002988552,Regular,37,Create,Deployment,false
0.040294077,Regular,41,Create,ConfigMap,false
0.082192261,Regular,96,Update,Deployment,false
0.179005375,Regular,36,Delete,ConfigMap,false
0.215129053,Regular,28,Delete,Deployment,false
0.243494907,Regular,31,Create,Deployment,false
0.275126636,Regular,44,Create,ConfigMap,false
0.319571762,Regular,35,Update,Deployment,false
0.355397708,Regular,23,Delete,ConfigMap,false
0.378704671,Regular,25,Delete,Deployment,false
0.403823237,Regular,31,Create,Deployment,false
0.435679575,Regular,19,Create,ConfigMap,false
0.455044919,Regular,22,Update,Deployment,false
0.477416653,Regular,24,Delete,ConfigMap,false
0.502000096,Regular,15,Delete,Deployment,false
0.517135258,Regular,23,Create,Deployment,false
0.540918929,Regular,20,Create,ConfigMap,false
0.561321863,Regular,23,Update,Deployment,false
0.584905639,Regular,45,Delete,ConfigMap,false
0.630680876,Regular,52,Delete,Deployment,false
0.683403553,Regular,37,Create,Deployment,false
0.720879923,Regular,24,Create,ConfigMap,false
0.745835329,Regular,32,Update,Deployment,false
0.77848413,Regular,18,Delete,ConfigMap,false
0.796841761,Regular,25,Delete,Deployment,false
0.822755109,Regular,19,Create,Deployment,false
0.842083539,Regular,31,Create,ConfigMap,false
0.87312212,Regular,41,Update,Deployment,false
0.914796754,Regular,32,Delete,ConfigMap,false
0.947687355,Regular,16,Delete,Deployment,false
0.964568201,Regular,25,Create,Deployment,false
0.990327454,Regular,26,Create,ConfigMap,false
0.00344191,Regular,32,Create,Deployment,false
0.036030805,Regular,45,Create,ConfigMap,false
0.081906055,Regular,70,Update,Deployment,false
0.151965737,Regular,52,Delete,ConfigMap,false
0.204780637,Regular,30,Delete,Deployment,false
0.235804889,Regular,61,Create,Deployment,false
0.297266779,Regular,24,Create,ConfigMap,false
0.321610802,Regular,28,Update,Deployment,false
0.350454945,Regular,18,Delete,ConfigMap,false
0.369269519,Regular,22,Delete,Deployment,false
0.392114409,Regular,32,Create,Deployment,false
0.424810331,Regular,29,Create,ConfigMap,false
0.454100079,Regular,28,Update,Deployment,false
0.482188245,Regular,27,Delete,ConfigMap,false
0.509282206,Regular,24,Delete,Deployment,false
0.533813497,Regular,25,Create,Deployment,false
0.559713883,Regular,18,Create,ConfigMap,false
0.578425304,Regular,61,Update,Deployment,false
0.640277094,Regular,36,Delete,ConfigMap,false
0.676826812,Regular,28,Delete,Deployment,false
0.705314571,Regular,22,Create,Deployment,false
0.72778547,Regular,18,Create,ConfigMap,false
0.747049889,Regular,31,Update,Deployment,false
0.77828927,Regular,17,Delete,ConfigMap,false
0.795699484,Regular,22,Delete,Deployment,false
0.818130465,Regular,24,Create,Deployment,false
0.842284591,Regular,19,Create,ConfigMap,false
0.862250301,Regular,26,Update,Deployment,false
0.888330959,Regular,26,Delete,ConfigMap,false
0.91527833,Regular,26,Delete,Deployment,false
0.941307771,Regular,21,Create,Deployment,false
0.962502428,Regular,19,Create,ConfigMap,false
0.982151187,Regular,35,Update,Deployment,false
0.003652572,Regular,37,Create,Deployment,false
0.040756965,Regular,41,Create,ConfigMap,false
0.081987099,Regular,68,Update,Deployment,false
0.150752692,Regular,53,Delete,ConfigMap,false
0.204508972,Regular,32,Delete,Deployment,false
0.236925419,Regular,47,Create,Deployment,false
0.284509461,Regular,36,Create,ConfigMap,false
0.321250627,Regular,34,Update,Deployment,false
0.355636257,Regular,16,Delete,ConfigMap,false
0.372140411,Regular,18,Delete,Deployment,false
0.390846893,Regular,32,Create,Deployment,false
0.423883711,Regular,28,Create,ConfigMap,false
0.452775199,Regular,25,Update,Deployment,false
0.478140213,Regular,25,Delete,ConfigMap,false
0.503475314,Regular,9,Delete,Deployment,false
0.512714998,Regular,21,Create,Deployment,false
0.534529702,Regular,26,Create,ConfigMap,false
0.560984083,Regular,35,Update,Deployment,false
0.596868346,Regular,33,Delete,ConfigMap,false
0.630057928,Regular,52,Delete,Deployment,false
0.682799676,Regular,37,Create,Deployment,false
0.720046755,Regular,26,Create,ConfigMap,false
0.746552192,Regular,36,Update,Deployment,false
0.783247065,Regular,37,Delete,ConfigMap,false
0.820602917,Regular,21,Delete,Deployment,false
0.842062008,Regular,30,Create,Deployment,false
0.872259094,Regular,30,Create,ConfigMap,false
0.902642303,Regular,29,Update,Deployment,false
0.931914283,Regular,16,Delete,ConfigMap,false
0.948471865,Regular,16,Delete,Deployment,false
0.964801748,Regular,31,Create,Deployment,false
0.996415709,Regular,26,Create,ConfigMap,false
0.003581862,Regular,43,Create,Deployment,false
0.046701449,Regular,34,Create,ConfigMap,false
0.081680695,Regular,77,Update,Deployment,false
0.159651142,Regular,38,Delete,ConfigMap,false
0.198068674,Regular,38,Delete,Deployment,false
0.236924004,Regular,38,Create,Deployment,false
0.275248342,Regular,44,Create,ConfigMap,false
0.320006727,Regular,39,Update,Deployment,false
0.359722283,Regular,17,Delete,ConfigMap,false
0.377085223,Regular,26,Delete,Deployment,false
0.403419137,Regular,18,Create,Deployment,false
0.421888356,Regular,19,Create,ConfigMap,false
0.441646166,Regular,33,Update,Deployment,false
0.475393728,Regular,28,Delete,ConfigMap,false
0.504043216,Regular,13,Delete,Deployment,false
0.518021273,Regular,37,Create,Deployment,false
0.555727516,Regular,17,Create,ConfigMap,false
0.57278751,Regular,52,Update,Deployment,false
0.625401128,Regular,27,Delete,ConfigMap,false
0.652524287,Regular,31,Delete,Deployment,false
0.684548505,Regular,35,Create,Deployment,false
0.719761306,Regular,22,Create,ConfigMap,false
0.742757761,Regular,21,Update,Deployment,false
0.764230463,Regular,33,Delete,ConfigMap,false
0.797909824,Regular,24,Delete,Deployment,false
0.822552335,Regular,18,Create,Deployment,false
0.840673636,Regular,22,Create,ConfigMap,false
0.862941017,Regular,31,Update,Deployment,false
0.894961371,Regular,27,Delete,ConfigMap,false
0.922072937,Regular,28,Delete,Deployment,false
0.950399609,Regular,26,Create,Deployment,false
0.97672474,Regular,21,Create,ConfigMap,false
0.998189637,Regular,26,Update,Deployment,false
0.003120428,Regular,49,Create,Deployment,false
0.053123733,Regular,30,Create,ConfigMap,false
0.083427461,Regular,52,Update,Deployment,false
0.135847193,Regular,69,Delete,ConfigMap,false
0.205118652,Regular,32,Delete,Deployment,false
0.237313632,Regular,36,Create,Deployment,false
0.274122589,Regular,45,Create,ConfigMap,false
0.319160554,Regular,34,Update,Deployment,false
0.353315788,Regular,15,Delete,ConfigMap,false
0.368835002,Regular,22,Delete,Deployment,false
0.391582649,Regular,33,Create,Deployment,false
0.42465842,Regular,29,Create,ConfigMap,false
0.454287331,Regular,31,Update,Deployment,false
0.485451129,Regular,24,Delete,ConfigMap,false
0.509531114,Regular,17,Delete,Deployment,false
0.527118602,Regular,34,Create,Deployment,false
0.561326515,Regular,46,Create,ConfigMap,false
0.608180285,Regular,53,Update,Deployment,false
0.662193789,Regular,33,Delete,ConfigMap,false
0.695524004,Regular,24,Delete,Deployment,false
0.719924026,Regular,27,Create,Deployment,false
0.747788141,Regular,17,Create,ConfigMap,false
0.764929083,Regular,43,Update,Deployment,false
0.80806035,Regular,19,Delete,ConfigMap,false
0.827448163,Regular,23,Delete,Deployment,false
0.850608595,Regular,22,Create,Deployment,false
0.872973544,Regular,37,Create,ConfigMap,false
0.910419707,Regular,26,Update,Deployment,false
0.936975158,Regular,18,Delete,ConfigMap,false
0.955171629,Regular,21,Delete,Deployment,false
0.977039114,Regular,32,Create,Deployment,false
1.009475578,Regular,19,Create,ConfigMap,false
0.003009366,Regular,37,Create,Deployment,false
0.040818123,Regular,41,Create,ConfigMap,false
0.081922169,Regular,48,Update,Deployment,false
0.130151104,Regular,56,Delete,ConfigMap,false
0.18689217,Regular,37,Delete,Deployment,false
0.224460851,Regular,43,Create,Deployment,false
0.26824353,Regular,53,Create,ConfigMap,false
0.321317662,Regular,35,Update,Deployment,false
0.35650424,Regular,21,Delete,ConfigMap,false
0.378142962,Regular,25,Delete,Deployment,false
0.403650872,Regular,19,Create,Deployment,false
0.423570421,Regular,21,Create,ConfigMap,false
0.444773132,Regular,30,Update,Deployment,false
0.475459316,Regular,27,Delete,ConfigMap,false
0.503309363,Regular,13,Delete,Deployment,false
0.517133246,Regular,38,Create,Deployment,false
0.556037168,Regular,22,Create,ConfigMap,false
0.578896571,Regular,60,Update,Deployment,false
0.6397187,Regular,41,Delete,ConfigMap,false
0.681386616,Regular,32,Delete,Deployment,false
0.713562599,Regular,22,Create,Deployment,false
0.736089813,Regular,20,Create,ConfigMap,false
0.756205816,Regular,25,Update,Deployment,false
0.781356907,Regular,39,Delete,ConfigMap,false
0.820488592,Regular,20,Delete,Deployment,false
0.841429851,Regular,21,Create,Deployment,false
0.86287179,Regular,15,Create,ConfigMap,false
0.877913132,Regular,36,Update,Deployment,false
0.914207647,Regular,33,Delete,ConfigMap,false
0.947870315,Regular,17,Delete,Deployment,false
0.965342684,Regular,18,Create,Deployment,false
0.984332699,Regular,17,Create,ConfigMap,false
1.002084026,Regular,38,Update,Deployment,false
0.00315735,Regular,49,Create,Deployment,false
0.053134335,Regular,40,Create,ConfigMap,false
0.093689223,Regular,57,Update,Deployment,false
0.151075272,Regular,53,Delete,ConfigMap,false
0.20481274,Regular,30,Delete,Deployment,false
0.235530567,Regular,32,Create,Deployment,false
0.268188882,Regular,31,Create,ConfigMap,false
0.299802471,Regular,41,Update,Deployment,false
0.341126768,Regular,28,Delete,ConfigMap,false
0.369386415,Regular,21,Delete,Deployment,false
0.391025026,Regular,32,Create,Deployment,false
0.423430421,Regular,30,Create,ConfigMap,false
0.454346466,Regular,23,Update,Deployment,false
0.477923977,Regular,25,Delete,ConfigMap,false
0.503125442,Regular,13,Delete,Deployment,false
0.516823406,Regular,26,Create,Deployment,false
0.543816413,Regular,23,Create,ConfigMap,false
0.567232918,Regular,51,Update,Deployment,false
0.619024675,Regular,42,Delete,ConfigMap,false
0.661992409,Regular,41,Delete,Deployment,false
0.703302735,Regular,24,Create,Deployment,false
0.727901459,Regular,25,Create,ConfigMap,false
0.753885121,Regular,23,Update,Deployment,false
0.777812795,Regular,28,Delete,ConfigMap,false
0.806235828,Regular,24,Delete,Deployment,false
0.830457836,Regular,18,Create,Deployment,false
0.848764171,Regular,16,Create,ConfigMap,false
0.865084714,Regular,31,Update,Deployment,false
0.89666206,Regular,24,Delete,ConfigMap,false
0.920801091,Regular,24,Delete,Deployment,false
0.945468397,Regular,31,Create,Deployment,false
0.977514811,Regular,23,Create,ConfigMap,false
1.000700466,Regular,41,Update,Deployment,false
0.092930029,Regular,52,Update,Deployment,false
0.145516692,Regular,57,Delete,ConfigMap,false
0.202809164,Regular,33,Delete,Deployment,false
0.236662587,Regular,36,Create,Deployment,false
0.27305822,Regular,41,Create,ConfigMap,false
0.314478978,Regular,28,Update,Deployment,false
0.342625473,Regular,26,Delete,ConfigMap,false
0.36892227,Regular,22,Delete,Deployment,false
0.391262989,Regular,31,Create,Deployment,false
0.423013407,Regular,21,Create,ConfigMap,false
0.444186992,Regular,31,Update,Deployment,false
0.475401145,Regular,27,Delete,ConfigMap,false
0.503133263,Regular,13,Delete,Deployment,false
0.517045626,Regular,27,Create,Deployment,false
0.544099586,Regular,24,Create,ConfigMap,false
0.568229732,Regular,41,Update,Deployment,false
0.609633257,Regular,33,Delete,ConfigMap,false
0.643640767,Regular,40,Delete,Deployment,false
0.684540468,Regular,35,Create,Deployment,false
0.720024809,Regular,26,Create,ConfigMap,false
0.747079444,Regular,30,Update,Deployment,false
0.778052759,Regular,42,Delete,ConfigMap,false
0.8209685,Regular,19,Delete,Deployment,false
0.840080822,Regular,19,Create,Deployment,false
0.859932794,Regular,34,Create,ConfigMap,false
0.894806299,Regular,32,Update,Deployment,false
0.92711405,Regular,22,Delete,ConfigMap,false
0.949211489,Regular,14,Delete,Deployment,false
0.963377236,Regular,37,Create,Deployment,false
1.000751189,Regular,46,Create,ConfigMap,false
0.003478002,Regular,44,Create,Deployment,false
0.047850692,Regular,31,Create,ConfigMap,false
0.079775014,Regular,53,Update,Deployment,false
0.133325925,Regular,70,Delete,ConfigMap,false
0.203412714,Regular,33,Delete,Deployment,false
0.23712141,Regular,38,Create,Deployment,false
0.275669269,Regular,36,Create,ConfigMap,false
0.312677093,Regular,43,Update,Deployment,false
0.356078171,Regular,19,Delete,ConfigMap,false
0.375726171,Regular,24,Delete,Deployment,false
0.399863822,Regular,24,Create,Deployment,false
0.424104127,Regular,29,Create,ConfigMap,false
0.453724437,Regular,44,Update,Deployment,false
0.498398955,Regular,19,Delete,ConfigMap,false
0.517767775,Regular,25,Delete,Deployment,false
0.543087344,Regular,23,Create,Deployment,false
0.566824172,Regular,47,Create,ConfigMap,false
0.614713555,Regular,51,Update,Deployment,false
0.666201745,Regular,27,Delete,ConfigMap,false
0.693898927,Regular,24,Delete,Deployment,false
0.718124915,Regular,26,Create,Deployment,false
0.745124469,Regular,18,Create,ConfigMap,false
0.763557896,Regular,29,Update,Deployment,false
0.792653302,Regular,28,Delete,ConfigMap,false
0.82134088,Regular,20,Delete,Deployment,false
0.841447162,Regular,23,Create,Deployment,false
0.865136693,Regular,22,Create,ConfigMap,false
0.888160025,Regular,25,Update,Deployment,false
0.913285791,Regular,23,Delete,ConfigMap,false
0.93691691,Regular,16,Delete,Deployment,false
0.953641921,Regular,23,Create,Deployment,false
0.977220338,Regular,23,Create,ConfigMap,false
1.000398474,Regular,26,Update,Deployment,false
1.02736514,Regular,27,Delete,ConfigMap,false
1.016686736,Regular,19,Update,Deployment,false
1.036106832,Regular,21,Delete,ConfigMap,false
1.057845223,Regular,24,Delete,Deployment,false
1.082131512,Regular,31,Create,Deployment,false
1.113176382,Regular,22,Create,ConfigMap,false
1.135403581,Regular,28,Update,Deployment,false
1.163549032,Regular,17,Delete,ConfigMap,false
1.180827478,Regular,20,Delete,Deployment,false
1.2016389969999999,Regular,34,Create,Deployment,false
1.235984115,Regular,33,Create,ConfigMap,false
1.269548085,Regular,21,Update,Deployment,false
1.291156344,Regular,18,Delete,ConfigMap,false
1.309387648,Regular,18,Delete,Deployment,false
1.327641182,Regular,41,Create,Deployment,false
1.369564872,Regular,31,Create,ConfigMap,false
1.401487381,Regular,32,Update,Deployment,false
1.433695156,Regular,20,Delete,ConfigMap,false
1.453970139,Regular,30,Delete,Deployment,false
1.484693317,Regular,20,Create,Deployment,false
1.505525644,Regular,17,Create,ConfigMap,false
1.522672043,Regular,21,Update,Deployment,false
1.544201321,Regular,18,Delete,ConfigMap,false
1.562968433,Regular,29,Delete,Deployment,false
1.592577337,Regular,28,Create,Deployment,false
1.621091761,Regular,25,Create,ConfigMap,false
1.646760931,Regular,25,Update,Deployment,false
1.671829201,Regular,20,Delete,ConfigMap,false
1.692145316,Regular,19,Delete,Deployment,false
1.711309139,Regular,25,Create,Deployment,false
1.737289678,Regular,28,Create,ConfigMap,false
1.7654767310000001,Regular,21,Update,Deployment,false
1.786657787,Regular,20,Delete,ConfigMap,false
1.8075448010000001,Regular,14,Delete,Deployment,false
1.822461853,Regular,27,Create,Deployment,false
1.849892842,Regular,21,Create,ConfigMap,false
1.87103553,Regular,28,Update,Deployment,false
1.899750533,Regular,22,Delete,ConfigMap,false
1.922061803,Regular,28,Delete,Deployment,false
1.9506308799999998,Regular,24,Create,Deployment,false
1.9747670400000001,Regular,44,Create,ConfigMap,false
1.055202723,Regular,26,Delete,Deployment,false
1.081638781,Regular,36,Create,Deployment,false
1.118569619,Regular,16,Create,ConfigMap,false
1.135266841,Regular,26,Update,Deployment,false
1.161835844,Regular,18,Delete,ConfigMap,false
1.180456135,Regular,21,Delete,Deployment,false
1.202003097,Regular,31,Create,Deployment,false
1.233505272,Regular,20,Create,ConfigMap,false
1.254531643,Regular,36,Update,Deployment,false
1.291075356,Regular,17,Delete,ConfigMap,false
1.3086692549999999,Regular,18,Delete,Deployment,false
1.32741547,Regular,41,Create,Deployment,false
1.3684798040000001,Regular,33,Create,ConfigMap,false
1.401662162,Regular,42,Update,Deployment,false
1.444179466,Regular,26,Delete,ConfigMap,false
1.470604413,Regular,24,Delete,Deployment,false
1.494798872,Regular,22,Create,Deployment,false
1.5174422939999999,Regular,14,Create,ConfigMap,false
1.532274597,Regular,31,Update,Deployment,false
1.563910065,Regular,25,Delete,ConfigMap,false
1.589084874,Regular,20,Delete,Deployment,false
1.609299536,Regular,26,Create,Deployment,false
1.6358789040000001,Regular,20,Create,ConfigMap,false
1.6568557579999998,Regular,25,Update,Deployment,false
1.6824674210000001,Regular,13,Delete,ConfigMap,false
1.69577754,Regular,11,Delete,Deployment,false
1.7077220720000001,Regular,24,Create,Deployment,false
1.732708422,Regular,23,Create,ConfigMap,false
1.7560719439999999,Regular,28,Update,Deployment,false
1.784668955,Regular,28,Delete,ConfigMap,false
1.812785836,Regular,16,Delete,Deployment,false
1.829416417,Regular,28,Create,Deployment,false
1.85823457,Regular,23,Create,ConfigMap,false
1.8818727659999999,Regular,26,Update,Deployment,false
1.9085420320000002,Regular,24,Delete,ConfigMap,false
1.932587874,Regular,28,Delete,Deployment,false
1.9607034890000001,Regular,17,Create,Deployment,false
1.9778684800000002,Regular,45,Create,ConfigMap,false
1.024680797,Regular,32,Delete,ConfigMap,false
1.057600289,Regular,24,Delete,Deployment,false
1.082553634,Regular,36,Create,Deployment,false
1.118784671,Regular,18,Create,ConfigMap,false
1.137520538,Regular,24,Update,Deployment,false
1.162078487,Regular,15,Delete,ConfigMap,false
1.177616022,Regular,23,Delete,Deployment,false
1.201200062,Regular,34,Create,Deployment,false
1.235336284,Regular,35,Create,ConfigMap,false
1.270702902,Regular,28,Update,Deployment,false
1.299755574,Regular,17,Delete,ConfigMap,false
1.317721533,Regular,18,Delete,Deployment,false
1.3363320920000001,Regular,33,Create,Deployment,false
1.369778903,Regular,35,Create,ConfigMap,false
1.405252362,Regular,40,Update,Deployment,false
1.445983112,Regular,27,Delete,ConfigMap,false
1.473881806,Regular,12,Delete,Deployment,false
1.4865595,Regular,23,Create,Deployment,false
1.510315971,Regular,22,Create,ConfigMap,false
1.532573587,Regular,22,Update,Deployment,false
1.554760513,Regular,16,Delete,ConfigMap,false
1.571374958,Regular,21,Delete,Deployment,false
1.592805534,Regular,28,Create,Deployment,false
1.621415284,Regular,35,Create,ConfigMap,false
1.65731717,Regular,18,Update,Deployment,false
1.675756357,Regular,25,Delete,ConfigMap,false
1.700999497,Regular,17,Delete,Deployment,false
1.7186923429999998,Regular,25,Create,Deployment,false
1.743968462,Regular,22,Create,ConfigMap,false
1.766382256,Regular,19,Update,Deployment,false
1.78639285,Regular,25,Delete,ConfigMap,false
1.812015793,Regular,25,Delete,Deployment,false
1.837313787,Regular,21,Create,Deployment,false
1.858683755,Regular,23,Create,ConfigMap,false
1.881874829,Regular,26,Update,Deployment,false
1.9083856,Regular,16,Delete,ConfigMap,false
1.9244445909999999,Regular,36,Delete,Deployment,false
1.9605804949999999,Regular,23,Create,Deployment,false
1.983757274,Regular,39,Create,ConfigMap,false
1.017681377,Regular,29,Delete,ConfigMap,false
1.047206799,Regular,26,Delete,Deployment,false
1.073969414,Regular,33,Create,Deployment,false
1.107310943,Regular,26,Create,ConfigMap,false
1.133722129,Regular,25,Update,Deployment,false
1.159149792,Regular,18,Delete,ConfigMap,false
1.177522268,Regular,23,Delete,Deployment,false
1.20145639,Regular,34,Create,Deployment,false
1.235708427,Regular,29,Create,ConfigMap,false
1.2648248579999999,Regular,29,Update,Deployment,false
1.294089479,Regular,10,Delete,ConfigMap,false
1.304666811,Regular,22,Delete,Deployment,false
1.3269233790000001,Regular,29,Create,Deployment,false
1.356308633,Regular,20,Create,ConfigMap,false
1.377084394,Regular,39,Update,Deployment,false
1.416784721,Regular,21,Delete,ConfigMap,false
1.438678363,Regular,21,Delete,Deployment,false
1.4601146649999999,Regular,32,Create,Deployment,false
1.493066077,Regular,16,Create,ConfigMap,false
1.509538288,Regular,29,Update,Deployment,false
1.539127314,Regular,17,Delete,ConfigMap,false
1.556299764,Regular,19,Delete,Deployment,false
1.576324247,Regular,31,Create,Deployment,false
1.60750211,Regular,27,Create,ConfigMap,false
1.635291768,Regular,23,Update,Deployment,false
1.6587138380000002,Regular,21,Delete,ConfigMap,false
1.680165358,Regular,23,Delete,Deployment,false
1.70329668,Regular,28,Create,Deployment,false
1.732238006,Regular,23,Create,ConfigMap,false
1.755755513,Regular,27,Update,Deployment,false
1.782821539,Regular,29,Delete,ConfigMap,false
1.812812873,Regular,17,Delete,Deployment,false
1.830788549,Regular,26,Create,Deployment,false
1.857647547,Regular,17,Create,ConfigMap,false
1.875546234,Regular,23,Update,Deployment,false
1.8992573,Regular,19,Delete,ConfigMap,false
1.918509531,Regular,33,Delete,Deployment,false
1.952209329,Regular,25,Create,Deployment,false
1.97762864,Regular,46,Create,ConfigMap,false
1.040602904,Regular,24,Delete,ConfigMap,false
1.065290158,Regular,17,Delete,Deployment,false
1.082909243,Regular,36,Create,Deployment,false
1.11968507,Regular,24,Create,ConfigMap,false
1.144057245,Regular,25,Update,Deployment,false
1.169958039,Regular,17,Delete,ConfigMap,false
1.187315766,Regular,30,Delete,Deployment,false
1.217591413,Regular,38,Create,Deployment,false
1.255772866,Regular,19,Create,ConfigMap,false
1.275450342,Regular,45,Update,Deployment,false
1.321086387,Regular,16,Delete,ConfigMap,false
1.3372941090000001,Regular,31,Delete,Deployment,false
1.368433875,Regular,33,Create,Deployment,false
1.401683855,Regular,23,Create,ConfigMap,false
1.425658547,Regular,28,Update,Deployment,false
1.4542677990000001,Regular,21,Delete,ConfigMap,false
1.4758075640000001,Regular,29,Delete,Deployment,false
1.505265556,Regular,25,Create,Deployment,false
1.530630081,Regular,24,Create,ConfigMap,false
1.555253296,Regular,22,Update,Deployment,false
1.577819879,Regular,26,Delete,ConfigMap,false
1.603987721,Regular,10,Delete,Deployment,false
1.614488577,Regular,22,Create,Deployment,false
1.6368498790000001,Regular,26,Create,ConfigMap,false
1.663681565,Regular,27,Update,Deployment,false
1.6911456249999999,Regular,19,Delete,ConfigMap,false
1.7109563639999998,Regular,19,Delete,Deployment,false
1.7301107550000001,Regular,25,Create,Deployment,false
1.7562461470000001,Regular,28,Create,ConfigMap,false
1.784579415,Regular,30,Update,Deployment,false
1.815255404,Regular,21,Delete,ConfigMap,false
1.836822212,Regular,15,Delete,Deployment,false
1.852012395,Regular,20,Create,Deployment,false
1.872991082,Regular,21,Create,ConfigMap,false
1.894844933,Regular,29,Update,Deployment,false
1.924567023,Regular,24,Delete,ConfigMap,false
1.9493478199999998,Regular,19,Delete,Deployment,false
1.968831319,Regular,25,Create,Deployment,false
1.994378958,Regular,40,Create,ConfigMap,false
1.042248964,Regular,30,Delete,ConfigMap,false
1.0729332679999999,Regular,22,Delete,Deployment,false
1.095034047,Regular,24,Create,Deployment,false
1.119500722,Regular,21,Create,ConfigMap,false
1.140863593,Regular,27,Update,Deployment,false
1.168721075,Regular,19,Delete,ConfigMap,false
1.187853209,Regular,28,Delete,Deployment,false
1.216932276,Regular,40,Create,Deployment,false
1.25707695,Regular,26,Create,ConfigMap,false
1.283834189,Regular,37,Update,Deployment,false
1.321527038,Regular,14,Delete,ConfigMap,false
1.336545974,Regular,32,Delete,Deployment,false
1.368906564,Regular,34,Create,Deployment,false
1.403324174,Regular,40,Create,ConfigMap,false
1.444322132,Regular,27,Update,Deployment,false
1.471458621,Regular,23,Delete,ConfigMap,false
1.495076797,Regular,14,Delete,Deployment,false
1.509949882,Regular,19,Create,Deployment,false
1.529774705,Regular,25,Create,ConfigMap,false
1.5549890039999998,Regular,22,Update,Deployment,false
1.577039219,Regular,15,Delete,ConfigMap,false
1.592319382,Regular,24,Delete,Deployment,false
1.6171510420000001,Regular,20,Create,Deployment,false
1.6380683999999999,Regular,24,Create,ConfigMap,false
1.662366574,Regular,30,Update,Deployment,false
1.693203085,Regular,16,Delete,ConfigMap,false
1.709663935,Regular,18,Delete,Deployment,false
1.728476715,Regular,23,Create,Deployment,false
1.752225804,Regular,22,Create,ConfigMap,false
1.774907558,Regular,23,Update,Deployment,false
1.798673259,Regular,23,Delete,ConfigMap,false
1.822091036,Regular,27,Delete,Deployment,false
1.8496295759999999,Regular,18,Create,Deployment,false
1.868028817,Regular,25,Create,ConfigMap,false
1.893605268,Regular,28,Update,Deployment,false
1.9224168700000002,Regular,38,Delete,ConfigMap,false
1.960662589,Regular,13,Delete,Deployment,false
1.974313708,Regular,21,Create,Deployment,false
1.995619622,Regular,39,Create,ConfigMap,false
1.023020445,Regular,37,Update,Deployment,false
1.060174626,Regular,14,Delete,ConfigMap,false
1.074628025,Regular,30,Delete,Deployment,false
1.104882411,Regular,22,Create,Deployment,false
1.127706645,Regular,23,Create,ConfigMap,false
1.1512073489999999,Regular,24,Update,Deployment,false
1.175867111,Regular,25,Delete,ConfigMap,false
1.2017593,Regular,31,Delete,Deployment,false
1.2337548680000001,Regular,27,Create,Deployment,false
1.260802594,Regular,28,Create,ConfigMap,false
1.2889681290000001,Regular,31,Update,Deployment,false
1.32035665,Regular,16,Delete,ConfigMap,false
1.337065121,Regular,30,Delete,Deployment,false
1.367770632,Regular,28,Create,Deployment,false
1.396445769,Regular,43,Create,ConfigMap,false
1.440216206,Regular,27,Update,Deployment,false
1.467799169,Regular,11,Delete,ConfigMap,false
1.4792116960000001,Regular,24,Delete,Deployment,false
1.503438464,Regular,26,Create,Deployment,false
1.530028242,Regular,24,Create,ConfigMap,false
1.554921719,Regular,26,Update,Deployment,false
1.581425398,Regular,21,Delete,ConfigMap,false
1.602484573,Regular,14,Delete,Deployment,false
1.617259577,Regular,21,Create,Deployment,false
1.638330568,Regular,16,Create,ConfigMap,false
1.654972206,Regular,19,Update,Deployment,false
1.674105318,Regular,18,Delete,ConfigMap,false
1.692526116,Regular,18,Delete,Deployment,false
1.711196744,Regular,21,Create,Deployment,false
1.7323728809999999,Regular,23,Create,ConfigMap,false
1.7555620520000002,Regular,29,Update,Deployment,false
1.784991384,Regular,27,Delete,ConfigMap,false
1.812801181,Regular,18,Delete,Deployment,false
1.831045332,Regular,26,Create,Deployment,false
1.857577341,Regular,24,Create,ConfigMap,false
1.881854869,Regular,22,Update,Deployment,false
1.904564785,Regular,15,Delete,ConfigMap,false
1.9204419640000001,Regular,29,Delete,Deployment,false
1.950327293,Regular,24,Create,Deployment,false
1.975359977,Regular,21,Create,ConfigMap,false
1.99671623,Regular,39,Update,Deployment,false
1.005901186,Regular,22,Create,Deployment,false
1.028184895,Regular,37,Create,ConfigMap,false
1.065946373,Regular,29,Update,Deployment,false
1.09541404,Regular,16,Delete,ConfigMap,false
1.111688979,Regular,10,Delete,Deployment,false
1.122266162,Regular,20,Create,Deployment,false
1.142940513,Regular,23,Create,ConfigMap,false
1.166226599,Regular,36,Update,Deployment,false
1.202653362,Regular,29,Delete,ConfigMap,false
1.232673128,Regular,21,Delete,Deployment,false
1.253954699,Regular,27,Create,Deployment,false
1.281994292,Regular,26,Create,ConfigMap,false
1.308543259,Regular,26,Update,Deployment,false
1.335165892,Regular,33,Delete,ConfigMap,false
1.36822008,Regular,33,Delete,Deployment,false
1.401967633,Regular,42,Create,Deployment,false
1.444550067,Regular,31,Create,ConfigMap,false
1.47597657,Regular,32,Update,Deployment,false
1.5084853740000002,Regular,23,Delete,ConfigMap,false
1.53183217,Regular,31,Delete,Deployment,false
1.563122973,Regular,28,Create,Deployment,false
1.5913319110000002,Regular,16,Create,ConfigMap,false
1.60834753,Regular,28,Update,Deployment,false
1.636575468,Regular,20,Delete,ConfigMap,false
1.6572814930000002,Regular,14,Delete,Deployment,false
1.671908509,Regular,20,Create,Deployment,false
1.692271416,Regular,17,Create,ConfigMap,false
1.709936784,Regular,20,Update,Deployment,false
1.730468009,Regular,19,Delete,ConfigMap,false
1.7499565320000001,Regular,17,Delete,Deployment,false
1.7671814430000001,Regular,33,Create,Deployment,false
1.800228046,Regular,23,Create,ConfigMap,false
1.823860232,Regular,26,Update,Deployment,false
1.8501251459999999,Regular,15,Delete,ConfigMap,false
1.865338005,Regular,9,Delete,Deployment,false
1.875155474,Regular,27,Create,Deployment,false
1.902435515,Regular,20,Create,ConfigMap,false
1.923174387,Regular,29,Update,Deployment,false
1.952275459,Regular,24,Delete,ConfigMap,false
1.976950343,Regular,14,Delete,Deployment,false
1.991812345,Regular,44,Create,Deployment,false
1.047633806,Regular,26,Update,Deployment,false
1.074221117,Regular,22,Delete,ConfigMap,false
1.096977707,Regular,18,Delete,Deployment,false
1.115056982,Regular,20,Create,Deployment,false
1.135852786,Regular,21,Create,ConfigMap,false
1.1574453949999999,Regular,22,Update,Deployment,false
1.179762551,Regular,19,Delete,ConfigMap,false
1.19948824,Regular,35,Delete,Deployment,false
1.234663591,Regular,36,Create,Deployment,false
1.271238265,Regular,30,Create,ConfigMap,false
1.301929068,Regular,24,Update,Deployment,false
1.3264229730000001,Regular,22,Delete,ConfigMap,false
1.348538601,Regular,30,Delete,Deployment,false
1.379046456,Regular,24,Create,Deployment,false
1.40343521,Regular,41,Create,ConfigMap,false
1.445031895,Regular,31,Update,Deployment,false
1.47698273,Regular,25,Delete,ConfigMap,false
1.502019996,Regular,16,Delete,Deployment,false
1.518489641,Regular,18,Create,Deployment,false
1.537017422,Regular,26,Create,ConfigMap,false
1.5630629360000001,Regular,29,Update,Deployment,false
1.592458409,Regular,24,Delete,ConfigMap,false
1.617243768,Regular,19,Delete,Deployment,false
1.637131416,Regular,34,Create,Deployment,false
1.671786717,Regular,18,Create,ConfigMap,false
1.690784516,Regular,26,Update,Deployment,false
1.71715719,Regular,13,Delete,ConfigMap,false
1.7309449030000001,Regular,22,Delete,Deployment,false
1.753925074,Regular,19,Create,Deployment,false
1.773747283,Regular,24,Create,ConfigMap,false
1.798617259,Regular,25,Update,Deployment,false
1.824459665,Regular,25,Delete,ConfigMap,false
1.849839282,Regular,14,Delete,Deployment,false
1.864887022,Regular,20,Create,Deployment,false
1.8855266290000001,Regular,24,Create,ConfigMap,false
1.910326563,Regular,41,Update,Deployment,false
1.95203206,Regular,25,Delete,ConfigMap,false
1.977941376,Regular,38,Delete,Deployment,false
2.016577726,Regular,27,Create,Deployment,false
1.029239932,Regular,37,Update,Deployment,false
1.066391838,Regular,12,Delete,ConfigMap,false
1.078941805,Regular,24,Delete,Deployment,false
1.103304871,Regular,23,Create,Deployment,false
1.126898889,Regular,16,Create,ConfigMap,false
1.143595685,Regular,29,Update,Deployment,false
1.173334707,Regular,27,Delete,ConfigMap,false
1.201060385,Regular,32,Delete,Deployment,false
1.233770605,Regular,23,Create,Deployment,false
1.257723229,Regular,17,Create,ConfigMap,false
1.275765742,Regular,35,Update,Deployment,false
1.311104763,Regular,16,Delete,ConfigMap,false
1.32789127,Regular,39,Delete,Deployment,false
1.367545392,Regular,27,Create,Deployment,false
1.395168709,Regular,27,Create,ConfigMap,false
1.4222454070000001,Regular,39,Update,Deployment,false
1.461685466,Regular,17,Delete,ConfigMap,false
1.478909018,Regular,25,Delete,Deployment,false
1.504505327,Regular,23,Create,Deployment,false
1.527771335,Regular,27,Create,ConfigMap,false
1.555795225,Regular,23,Update,Deployment,false
1.5790778589999999,Regular,23,Delete,ConfigMap,false
1.602913209,Regular,13,Delete,Deployment,false
1.616867917,Regular,20,Create,Deployment,false
1.637336104,Regular,26,Create,ConfigMap,false
1.66388381,Regular,29,Update,Deployment,false
1.693159071,Regular,17,Delete,ConfigMap,false
1.7105225910000001,Regular,17,Delete,Deployment,false
1.727875026,Regular,24,Create,Deployment,false
1.7522258,Regular,22,Create,ConfigMap,false
1.77450922,Regular,24,Update,Deployment,false
1.798660226,Regular,23,Delete,ConfigMap,false
1.822601548,Regular,27,Delete,Deployment,false
1.849838402,Regular,23,Create,Deployment,false
1.8736632800000002,Regular,22,Create,ConfigMap,false
1.895694795,Regular,27,Update,Deployment,false
1.923244082,Regular,12,Delete,ConfigMap,false
1.9356042530000002,Regular,25,Delete,Deployment,false
1.9612325350000002,Regular,16,Create,Deployment,false
1.9776385749999998,Regular,30,Create,ConfigMap,false
2.008077694,Regular,36,Update,Deployment,false
2.023270361,Regular,30,Update,Deployment,false
2.053319628,Regular,26,Delete,ConfigMap,false
2.080344529,Regular,31,Delete,Deployment,false
2.111773448,Regular,26,Create,Deployment,false
2.138423231,Regular,28,Create,ConfigMap,false
2.167437257,Regular,27,Update,Deployment,false
2.194577701,Regular,16,Delete,ConfigMap,false
2.211403409,Regular,26,Delete,Deployment,false
2.2375852800000002,Regular,34,Create,Deployment,false
2.27259559,Regular,26,Create,ConfigMap,false
2.299003241,Regular,34,Update,Deployment,false
2.333665739,Regular,17,Delete,ConfigMap,false
2.351518469,Regular,34,Delete,Deployment,false
2.386155236,Regular,24,Create,Deployment,false
2.410984825,Regular,34,Create,ConfigMap,false
2.445327226,Regular,34,Update,Deployment,false
2.479531493,Regular,22,Delete,ConfigMap,false
2.5021396339999997,Regular,22,Delete,Deployment,false
2.524769686,Regular,32,Create,Deployment,false
2.557532676,Regular,36,Create,ConfigMap,false
2.593651494,Regular,34,Update,Deployment,false
2.628457284,Regular,30,Delete,ConfigMap,false
2.658595546,Regular,21,Delete,Deployment,false
2.680530858,Regular,22,Create,Deployment,false
2.703356075,Regular,19,Create,ConfigMap,false
2.722707531,Regular,28,Update,Deployment,false
2.751152948,Regular,15,Delete,ConfigMap,false
2.766621852,Regular,18,Delete,Deployment,false
2.784913283,Regular,30,Create,Deployment,false
2.81540585,Regular,28,Create,ConfigMap,false
2.844139276,Regular,22,Update,Deployment,false
2.866211841,Regular,19,Delete,ConfigMap,false
2.885664808,Regular,13,Delete,Deployment,false
2.899104141,Regular,25,Create,Deployment,false
2.924937844,Regular,27,Create,ConfigMap,false
2.952347377,Regular,30,Update,Deployment,false
2.982649017,Regular,20,Delete,ConfigMap,false
2.044440335,Regular,23,Create,ConfigMap,false
2.067827261,Regular,31,Update,Deployment,false
2.099777707,Regular,21,Delete,ConfigMap,false
2.121400807,Regular,18,Delete,Deployment,false
2.1399600579999998,Regular,25,Create,Deployment,false
2.165526264,Regular,27,Create,ConfigMap,false
2.192767906,Regular,21,Update,Deployment,false
2.214362,Regular,24,Delete,ConfigMap,false
2.238496032,Regular,23,Delete,Deployment,false
2.262428657,Regular,19,Create,Deployment,false
2.28216363,Regular,31,Create,ConfigMap,false
2.313848616,Regular,24,Update,Deployment,false
2.338143982,Regular,17,Delete,ConfigMap,false
2.355931548,Regular,29,Delete,Deployment,false
2.385305761,Regular,21,Create,Deployment,false
2.4071191020000002,Regular,24,Create,ConfigMap,false
2.431512692,Regular,34,Update,Deployment,false
2.466400986,Regular,21,Delete,ConfigMap,false
2.487544404,Regular,19,Delete,Deployment,false
2.507461576,Regular,32,Create,Deployment,false
2.5399012770000002,Regular,37,Create,ConfigMap,false
2.577855098,Regular,36,Update,Deployment,false
2.614406538,Regular,30,Delete,ConfigMap,false
2.644819267,Regular,20,Delete,Deployment,false
2.665022419,Regular,26,Create,Deployment,false
2.691646801,Regular,24,Create,ConfigMap,false
2.715853315,Regular,21,Update,Deployment,false
2.737011403,Regular,18,Delete,ConfigMap,false
2.755216442,Regular,13,Delete,Deployment,false
2.768340921,Regular,17,Create,Deployment,false
2.7859815230000002,Regular,17,Create,ConfigMap,false
2.8035346690000003,Regular,28,Update,Deployment,false
2.831790863,Regular,15,Delete,ConfigMap,false
2.847370948,Regular,14,Delete,Deployment,false
2.862225415,Regular,17,Create,Deployment,false
2.8802186929999998,Regular,21,Create,ConfigMap,false
2.901933153,Regular,26,Update,Deployment,false
2.928907254,Regular,24,Delete,ConfigMap,false
2.9530077649999997,Regular,21,Delete,Deployment,false
2.974685807,Regular,29,Create,Deployment,false
2.036013964,Regular,14,Delete,ConfigMap,false
2.050127576,Regular,17,Delete,Deployment,false
2.068037042,Regular,29,Create,Deployment,false
2.097495481,Regular,28,Create,ConfigMap,false
2.125980834,Regular,31,Update,Deployment,false
2.157439065,Regular,15,Delete,ConfigMap,false
2.173359556,Regular,19,Delete,Deployment,false
2.192627298,Regular,30,Create,Deployment,false
2.222861276,Regular,36,Create,ConfigMap,false
2.2598724900000002,Regular,28,Update,Deployment,false
2.288048162,Regular,26,Delete,ConfigMap,false
2.314223563,Regular,20,Delete,Deployment,false
2.334728097,Regular,18,Create,Deployment,false
2.353437689,Regular,41,Create,ConfigMap,false
2.395032895,Regular,24,Update,Deployment,false
2.419797885,Regular,18,Delete,ConfigMap,false
2.438496333,Regular,23,Delete,Deployment,false
2.4617890989999998,Regular,26,Create,Deployment,false
2.488155773,Regular,26,Create,ConfigMap,false
2.514721467,Regular,31,Update,Deployment,false
2.545805617,Regular,15,Delete,ConfigMap,false
2.561489488,Regular,52,Delete,Deployment,false
2.61367653,Regular,29,Create,Deployment,false
2.6430900939999997,Regular,23,Create,ConfigMap,false
2.666601798,Regular,24,Update,Deployment,false
2.691289325,Regular,21,Delete,ConfigMap,false
2.712917232,Regular,16,Delete,Deployment,false
2.7290287429999998,Regular,22,Create,Deployment,false
2.751122162,Regular,16,Create,ConfigMap,false
2.768042907,Regular,26,Update,Deployment,false
2.794677311,Regular,14,Delete,ConfigMap,false
2.809557891,Regular,17,Delete,Deployment,false
2.8266064159999997,Regular,22,Create,Deployment,false
2.849299196,Regular,15,Create,ConfigMap,false
2.864330515,Regular,26,Update,Deployment,false
2.890634644,Regular,20,Delete,ConfigMap,false
2.91098226,Regular,20,Delete,Deployment,false
2.9311734659999997,Regular,21,Create,Deployment,false
2.952650765,Regular,24,Create,ConfigMap,false
2.977286391,Regular,28,Update,Deployment,false
2.036465052,Regular,22,Create,ConfigMap,false
2.059410166,Regular,23,Update,Deployment,false
2.083336297,Regular,23,Delete,ConfigMap,false
2.106727072,Regular,17,Delete,Deployment,false
2.124627767,Regular,22,Create,Deployment,false
2.147486256,Regular,18,Create,ConfigMap,false
2.166296562,Regular,20,Update,Deployment,false
2.187163506,Regular,17,Delete,ConfigMap,false
2.204274341,Regular,17,Delete,Deployment,false
2.222155073,Regular,35,Create,Deployment,false
2.258181991,Regular,25,Create,ConfigMap,false
2.28324118,Regular,30,Update,Deployment,false
2.314180163,Regular,25,Delete,ConfigMap,false
2.340067372,Regular,21,Delete,Deployment,false
2.361805205,Regular,34,Create,Deployment,false
2.396761658,Regular,25,Create,ConfigMap,false
2.421898597,Regular,25,Update,Deployment,false
2.446984628,Regular,14,Delete,ConfigMap,false
2.461331939,Regular,24,Delete,Deployment,false
2.485957228,Regular,24,Create,Deployment,false
2.510015722,Regular,26,Create,ConfigMap,false
2.536947793,Regular,29,Update,Deployment,false
2.566217871,Regular,28,Delete,ConfigMap,false
2.59507363,Regular,26,Delete,Deployment,false
2.621180536,Regular,22,Create,Deployment,false
2.643301347,Regular,23,Create,ConfigMap,false
2.666867373,Regular,30,Update,Deployment,false
2.697443453,Regular,24,Delete,ConfigMap,false
2.72245779,Regular,20,Delete,Deployment,false
2.743468478,Regular,21,Create,Deployment,false
2.764755341,Regular,19,Create,ConfigMap,false
2.78452498,Regular,35,Update,Deployment,false
2.820135944,Regular,17,Delete,ConfigMap,false
2.837412397,Regular,18,Delete,Deployment,false
2.8555193599999997,Regular,24,Create,Deployment,false
2.8800631,Regular,22,Create,ConfigMap,false
2.902632859,Regular,34,Update,Deployment,false
2.9373921689999998,Regular,25,Delete,ConfigMap,false
2.962514269,Regular,29,Delete,Deployment,false
2.9922579540000003,Regular,25,Create,Deployment,false
2.018921352,Regular,25,Update,Deployment,false
2.044413976,Regular,24,Delete,ConfigMap,false
2.068538513,Regular,21,Delete,Deployment,false
2.090355029,Regular,20,Create,Deployment,false
2.111130828,Regular,26,Create,ConfigMap,false
2.137273506,Regular,24,Update,Deployment,false
2.162043612,Regular,13,Delete,ConfigMap,false
2.175155775,Regular,18,Delete,Deployment,false
2.193616898,Regular,31,Create,Deployment,false
2.225103612,Regular,35,Create,ConfigMap,false
2.2605525220000002,Regular,33,Update,Deployment,false
2.294518837,Regular,30,Delete,ConfigMap,false
2.3254374589999998,Regular,22,Delete,Deployment,false
2.348330801,Regular,27,Create,Deployment,false
2.375691732,Regular,21,Create,ConfigMap,false
2.397560881,Regular,24,Update,Deployment,false
2.421614214,Regular,16,Delete,ConfigMap,false
2.438414828,Regular,20,Delete,Deployment,false
2.458773179,Regular,42,Create,Deployment,false
2.5009108270000002,Regular,27,Create,ConfigMap,false
2.528536927,Regular,37,Update,Deployment,false
2.565670441,Regular,28,Delete,ConfigMap,false
2.594068391,Regular,27,Delete,Deployment,false
2.6213698450000003,Regular,37,Create,Deployment,false
2.659001635,Regular,20,Create,ConfigMap,false
2.679513466,Regular,34,Update,Deployment,false
2.713560647,Regular,16,Delete,ConfigMap,false
2.730291998,Regular,21,Delete,Deployment,false
2.751351242,Regular,22,Create,Deployment,false
2.773913016,Regular,24,Create,ConfigMap,false
2.798727762,Regular,24,Update,Deployment,false
2.823024597,Regular,20,Delete,ConfigMap,false
2.843718102,Regular,19,Delete,Deployment,false
2.862968901,Regular,24,Create,Deployment,false
2.887615154,Regular,25,Create,ConfigMap,false
2.912761723,Regular,24,Update,Deployment,false
2.937219034,Regular,24,Delete,ConfigMap,false
2.961798737,Regular,24,Delete,Deployment,false
2.986589019,Regular,31,Create,Deployment,false
2.035335917,Regular,21,Update,Deployment,false
2.056881694,Regular,17,Delete,ConfigMap,false
2.074902728,Regular,37,Delete,Deployment,false
2.111960578,Regular,26,Create,Deployment,false
2.138894451,Regular,28,Create,ConfigMap,false
2.167012152,Regular,27,Update,Deployment,false
2.194877352,Regular,16,Delete,ConfigMap,false
2.211725966,Regular,24,Delete,Deployment,false
2.236717299,Regular,32,Create,Deployment,false
2.269438497,Regular,29,Create,ConfigMap,false
2.299241259,Regular,29,Update,Deployment,false
2.328553722,Regular,19,Delete,ConfigMap,false
2.348362126,Regular,27,Delete,Deployment,false
2.37577314,Regular,30,Create,Deployment,false
2.406168262,Regular,39,Create,ConfigMap,false
2.445398632,Regular,40,Update,Deployment,false
2.485790788,Regular,22,Delete,ConfigMap,false
2.508102972,Regular,24,Delete,Deployment,false
2.532489818,Regular,32,Create,Deployment,false
2.565424061,Regular,27,Create,ConfigMap,false
2.593278386,Regular,34,Update,Deployment,false
2.62822634,Regular,30,Delete,ConfigMap,false
2.658981383,Regular,18,Delete,Deployment,false
2.6776472460000003,Regular,21,Create,Deployment,false
2.699442903,Regular,22,Create,ConfigMap,false
2.722241783,Regular,23,Update,Deployment,false
2.745488482,Regular,15,Delete,ConfigMap,false
2.760718377,Regular,15,Delete,Deployment,false
2.776519891,Regular,38,Create,Deployment,false
2.815020013,Regular,28,Create,ConfigMap,false
2.843694139,Regular,27,Update,Deployment,false
2.87160063,Regular,15,Delete,ConfigMap,false
2.8873628609999997,Regular,21,Delete,Deployment,false
2.908598152,Regular,27,Create,Deployment,false
2.936618611,Regular,26,Create,ConfigMap,false
2.96363198,Regular,36,Update,Deployment,false
3.000304027,Regular,24,Delete,ConfigMap,false
2.045050856,Regular,23,Delete,ConfigMap,false
2.068237221,Regular,30,Delete,Deployment,false
2.098925437,Regular,24,Create,Deployment,false
2.123698215,Regular,21,Create,ConfigMap,false
2.14518389,Regular,22,Update,Deployment,false
2.167871407,Regular,22,Delete,ConfigMap,false
2.190282761,Regular,21,Delete,Deployment,false
2.211597969,Regular,32,Create,Deployment,false
2.24422445,Regular,29,Create,ConfigMap,false
2.274062526,Regular,26,Update,Deployment,false
2.300108989,Regular,22,Delete,ConfigMap,false
2.322271587,Regular,19,Delete,Deployment,false
2.341500869,Regular,20,Create,Deployment,false
2.362146116,Regular,25,Create,ConfigMap,false
2.387307179,Regular,20,Update,Deployment,false
2.407620218,Regular,30,Delete,ConfigMap,false
2.4378757269999998,Regular,15,Delete,Deployment,false
2.45384215,Regular,32,Create,Deployment,false
2.486472804,Regular,22,Create,ConfigMap,false
2.508825202,Regular,28,Update,Deployment,false
2.537625734,Regular,21,Delete,ConfigMap,false
2.5590067210000003,Regular,32,Delete,Deployment,false
2.591135731,Regular,31,Create,Deployment,false
2.622297845,Regular,34,Create,ConfigMap,false
2.656523838,Regular,21,Update,Deployment,false
2.678467974,Regular,36,Delete,ConfigMap,false
2.714952409,Regular,10,Delete,Deployment,false
2.725273171,Regular,26,Create,Deployment,false
2.751824885,Regular,23,Create,ConfigMap,false
2.775642223,Regular,25,Update,Deployment,false
2.801139805,Regular,20,Delete,ConfigMap,false
2.822058433,Regular,19,Delete,Deployment,false
2.841993229,Regular,20,Create,Deployment,false
2.862825618,Regular,16,Create,ConfigMap,false
2.879338077,Regular,29,Update,Deployment,false
2.909159019,Regular,18,Delete,ConfigMap,false
2.928022091,Regular,37,Delete,Deployment,false
2.965365829,Regular,29,Create,Deployment,false
2.994457893,Regular,30,Create,ConfigMap,false
2.035666071,Regular,33,Update,Deployment,false
2.069681455,Regular,42,Delete,ConfigMap,false
2.112547315,Regular,25,Delete,Deployment,false
2.138071829,Regular,27,Create,Deployment,false
2.165278586,Regular,26,Create,ConfigMap,false
2.191796023,Regular,22,Update,Deployment,false
2.214249041,Regular,25,Delete,ConfigMap,false
2.240182023,Regular,31,Delete,Deployment,false
2.272032921,Regular,28,Create,Deployment,false
2.300079124,Regular,30,Create,ConfigMap,false
2.330684158,Regular,26,Update,Deployment,false
2.356980985,Regular,28,Delete,ConfigMap,false
2.3853949070000002,Regular,20,Delete,Deployment,false
2.406369345,Regular,40,Create,Deployment,false
2.446574908,Regular,32,Create,ConfigMap,false
2.478693753,Regular,32,Update,Deployment,false
2.510751155,Regular,21,Delete,ConfigMap,false
2.532273993,Regular,25,Delete,Deployment,false
2.557481616,Regular,38,Create,Deployment,false
2.595691071,Regular,25,Create,ConfigMap,false
2.620942142,Regular,37,Update,Deployment,false
2.6588700530000002,Regular,12,Delete,ConfigMap,false
2.671645222,Regular,18,Delete,Deployment,false
2.690334781,Regular,27,Create,Deployment,false
2.717957084,Regular,23,Create,ConfigMap,false
2.741988593,Regular,16,Update,Deployment,false
2.758041929,Regular,17,Delete,ConfigMap,false
2.775824253,Regular,20,Delete,Deployment,false
2.796724774,Regular,24,Create,Deployment,false
2.82129181,Regular,31,Create,ConfigMap,false
2.852887516,Regular,25,Update,Deployment,false
2.8782573620000003,Regular,23,Delete,ConfigMap,false
2.901428256,Regular,22,Delete,Deployment,false
2.924352215,Regular,26,Create,Deployment,false
2.950496688,Regular,28,Create,ConfigMap,false
2.979242794,Regular,31,Update,Deployment,false
3.010642123,Regular,20,Delete,ConfigMap,false
2.024084125,Regular,29,Update,Deployment,false
2.053407603,Regular,28,Delete,ConfigMap,false
2.081450334,Regular,29,Delete,Deployment,false
2.111359246,Regular,26,Create,Deployment,false
2.138010458,Regular,29,Create,ConfigMap,false
2.167060688,Regular,25,Update,Deployment,false
2.192544443,Regular,16,Delete,ConfigMap,false
2.209513089,Regular,13,Delete,Deployment,false
2.223156172,Regular,37,Create,Deployment,false
2.260931344,Regular,21,Create,ConfigMap,false
2.282747502,Regular,23,Update,Deployment,false
2.306444731,Regular,18,Delete,ConfigMap,false
2.32460325,Regular,24,Delete,Deployment,false
2.349506273,Regular,26,Create,Deployment,false
2.3763830439999998,Regular,31,Create,ConfigMap,false
2.40799375,Regular,24,Update,Deployment,false
2.432205388,Regular,21,Delete,ConfigMap,false
2.454159167,Regular,24,Delete,Deployment,false
2.478963596,Regular,30,Create,Deployment,false
2.509881022,Regular,29,Create,ConfigMap,false
2.5393858270000003,Regular,28,Update,Deployment,false
2.568352522,Regular,26,Delete,ConfigMap,false
2.595370697,Regular,23,Delete,Deployment,false
2.619240788,Regular,24,Create,Deployment,false
2.643454944,Regular,23,Create,ConfigMap,false
2.666676985,Regular,25,Update,Deployment,false
2.692157928,Regular,27,Delete,ConfigMap,false
2.719647539,Regular,24,Delete,Deployment,false
2.743790762,Regular,19,Create,Deployment,false
2.7634015290000002,Regular,21,Create,ConfigMap,false
2.785362743,Regular,35,Update,Deployment,false
2.820605078,Regular,23,Delete,ConfigMap,false
2.844335752,Regular,20,Delete,Deployment,false
2.864493366,Regular,27,Create,Deployment,false
2.8915340560000002,Regular,21,Create,ConfigMap,false
2.913607903,Regular,28,Update,Deployment,false
2.9416783410000003,Regular,19,Delete,ConfigMap,false
2.961664929,Regular,31,Delete,Deployment,false
2.993230587,Regular,31,Create,Deployment,false
3.025195749,Regular,22,Create,ConfigMap,false
2.023451265,Regular,29,Update,Deployment,false
2.053434871,Regular,27,Delete,ConfigMap,false
2.080946208,Regular,30,Delete,Deployment,false
2.111328845,Regular,27,Create,Deployment,false
2.138542558,Regular,28,Create,ConfigMap,false
2.16723692,Regular,27,Update,Deployment,false
2.194814075,Regular,17,Delete,ConfigMap,false
2.211961982,Regular,16,Delete,Deployment,false
2.228699753,Regular,32,Create,Deployment,false
2.260951054,Regular,22,Create,ConfigMap,false
2.283839205,Regular,28,Update,Deployment,false
2.312283308,Regular,22,Delete,ConfigMap,false
2.335059399,Regular,19,Delete,Deployment,false
2.3550760840000002,Regular,39,Create,Deployment,false
2.394205314,Regular,27,Create,ConfigMap,false
2.422073512,Regular,24,Update,Deployment,false
2.44685912,Regular,30,Delete,ConfigMap,false
2.477488913,Regular,17,Delete,Deployment,false
2.495159415,Regular,25,Create,Deployment,false
2.520919562,Regular,31,Create,ConfigMap,false
2.552009469,Regular,26,Update,Deployment,false
2.57843734,Regular,31,Delete,ConfigMap,false
2.610444118,Regular,23,Delete,Deployment,false
2.634122192,Regular,24,Create,Deployment,false
2.658682015,Regular,20,Create,ConfigMap,false
2.678832872,Regular,39,Update,Deployment,false
2.717901211,Regular,19,Delete,ConfigMap,false
2.7371628660000002,Regular,18,Delete,Deployment,false
2.7553545,Regular,22,Create,Deployment,false
2.777580933,Regular,32,Create,ConfigMap,false
2.809864018,Regular,27,Update,Deployment,false
2.8371410839999998,Regular,17,Delete,ConfigMap,false
2.854517839,Regular,16,Delete,Deployment,false
2.870925895,Regular,21,Create,Deployment,false
2.892222564,Regular,17,Create,ConfigMap,false
2.9096472049999997,Regular,26,Update,Deployment,false
2.936372758,Regular,26,Delete,ConfigMap,false
2.962829841,Regular,30,Delete,Deployment,false
2.992973,Regular,30,Create,Deployment,false
3.023850336,Regular,25,Create,ConfigMap,false
3.031394345,Regular,25,Delete,Deployment,false
3.05710593,Regular,36,Create,Deployment,false
3.093883941,Regular,30,Create,ConfigMap,false
3.124362927,Regular,30,Update,Deployment,false
3.154566213,Regular,40,Delete,ConfigMap,false
3.195600451,Regular,37,Delete,Deployment,false
3.233119439,Regular,24,Create,Deployment,false
3.257999513,Regular,20,Create,ConfigMap,false
3.27831902,Regular,23,Update,Deployment,false
3.301780427,Regular,25,Delete,ConfigMap,false
3.327114931,Regular,22,Delete,Deployment,false
3.350078741,Regular,23,Create,Deployment,false
3.3740757,Regular,29,Create,ConfigMap,false
3.403211101,Regular,21,Update,Deployment,false
3.425080605,Regular,14,Delete,ConfigMap,false
3.439126233,Regular,22,Delete,Deployment,false
3.46152055,Regular,20,Create,Deployment,false
3.482548972,Regular,28,Create,ConfigMap,false
3.5106378,Regular,19,Update,Deployment,false
3.530456203,Regular,16,Delete,ConfigMap,false
3.547255757,Regular,10,Delete,Deployment,false
3.558197666,Regular,26,Create,Deployment,false
3.5847913829999998,Regular,32,Create,ConfigMap,false
3.61764727,Regular,37,Update,Deployment,false
3.655008726,Regular,26,Delete,ConfigMap,false
3.681689845,Regular,23,Delete,Deployment,false
3.705277073,Regular,23,Create,Deployment,false
3.729300574,Regular,41,Create,ConfigMap,false
3.770400821,Regular,45,Update,Deployment,false
3.816262258,Regular,23,Delete,ConfigMap,false
3.840306869,Regular,16,Delete,Deployment,false
3.856435742,Regular,28,Create,Deployment,false
3.885303134,Regular,25,Create,ConfigMap,false
3.910791488,Regular,25,Update,Deployment,false
3.936235537,Regular,20,Delete,ConfigMap,false
3.956964858,Regular,22,Delete,Deployment,false
3.979915147,Regular,24,Create,Deployment,false
3.004496917,Regular,19,Create,ConfigMap,false
3.024500661,Regular,31,Update,Deployment,false
3.055634551,Regular,21,Delete,ConfigMap,false
3.077543982,Regular,24,Delete,Deployment,false
3.101714077,Regular,22,Create,Deployment,false
3.124718752,Regular,27,Create,ConfigMap,false
3.152595396,Regular,44,Update,Deployment,false
3.197527251,Regular,39,Delete,ConfigMap,false
3.236635059,Regular,22,Delete,Deployment,false
3.258786852,Regular,31,Create,Deployment,false
3.290084973,Regular,30,Create,ConfigMap,false
3.321050471,Regular,32,Update,Deployment,false
3.353476094,Regular,18,Delete,ConfigMap,false
3.372068165,Regular,20,Delete,Deployment,false
3.392303404,Regular,30,Create,Deployment,false
3.422471394,Regular,22,Create,ConfigMap,false
3.444791988,Regular,29,Update,Deployment,false
3.473968654,Regular,24,Delete,ConfigMap,false
3.49800021,Regular,20,Delete,Deployment,false
3.518474184,Regular,33,Create,Deployment,false
3.5524773769999998,Regular,23,Create,ConfigMap,false
3.576033836,Regular,30,Update,Deployment,false
3.606287294,Regular,18,Delete,ConfigMap,false
3.624800285,Regular,27,Delete,Deployment,false
3.652823263,Regular,28,Create,Deployment,false
3.681169214,Regular,31,Create,ConfigMap,false
3.7125911240000002,Regular,33,Update,Deployment,false
3.746362338,Regular,20,Delete,ConfigMap,false
3.767532217,Regular,35,Delete,Deployment,false
3.803300051,Regular,26,Create,Deployment,false
3.830224917,Regular,36,Create,ConfigMap,false
3.866545791,Regular,32,Update,Deployment,false
3.899538924,Regular,16,Delete,ConfigMap,false
3.9160120750000003,Regular,28,Delete,Deployment,false
3.944898474,Regular,30,Create,Deployment,false
3.9757747119999998,Regular,28,Create,ConfigMap,false
3.018092766,Regular,29,Create,ConfigMap,false
3.047493156,Regular,22,Update,Deployment,false
3.069863846,Regular,14,Delete,ConfigMap,false
3.084515862,Regular,26,Delete,Deployment,false
3.111542273,Regular,24,Create,Deployment,false
3.136574131,Regular,38,Create,ConfigMap,false
3.175507155,Regular,42,Update,Deployment,false
3.217700065,Regular,18,Delete,ConfigMap,false
3.235903101,Regular,22,Delete,Deployment,false
3.2588336780000002,Regular,32,Create,Deployment,false
3.291375473,Regular,28,Create,ConfigMap,false
3.320033659,Regular,30,Update,Deployment,false
3.350225218,Regular,23,Delete,ConfigMap,false
3.373280037,Regular,24,Delete,Deployment,false
3.398012811,Regular,24,Create,Deployment,false
3.42304686,Regular,21,Create,ConfigMap,false
3.444612904,Regular,29,Update,Deployment,false
3.473987679,Regular,24,Delete,ConfigMap,false
3.498095413,Regular,20,Delete,Deployment,false
3.5187834220000003,Regular,33,Create,Deployment,false
3.552169166,Regular,31,Create,ConfigMap,false
3.583234708,Regular,22,Update,Deployment,false
3.6056610620000002,Regular,20,Delete,ConfigMap,false
3.626095602,Regular,27,Delete,Deployment,false
3.65381836,Regular,36,Create,Deployment,false
3.690512169,Regular,27,Create,ConfigMap,false
3.718454527,Regular,27,Update,Deployment,false
3.745647155,Regular,19,Delete,ConfigMap,false
3.765423287,Regular,24,Delete,Deployment,false
3.790348226,Regular,38,Create,Deployment,false
3.828788045,Regular,27,Create,ConfigMap,false
3.856490339,Regular,32,Update,Deployment,false
3.888867966,Regular,28,Delete,ConfigMap,false
3.916984132,Regular,27,Delete,Deployment,false
3.944051634,Regular,29,Create,Deployment,false
3.973754104,Regular,30,Create,ConfigMap,false
3.017859421,Regular,30,Create,ConfigMap,false
3.04816541,Regular,27,Update,Deployment,false
3.07550173,Regular,25,Delete,ConfigMap,false
3.100698941,Regular,22,Delete,Deployment,false
3.122879153,Regular,27,Create,Deployment,false
3.150448104,Regular,23,Create,ConfigMap,false
3.174041192,Regular,43,Update,Deployment,false
3.217712149,Regular,18,Delete,ConfigMap,false
3.236689243,Regular,22,Delete,Deployment,false
3.259145507,Regular,29,Create,Deployment,false
3.28820941,Regular,32,Create,ConfigMap,false
3.320480054,Regular,33,Update,Deployment,false
3.353681212,Regular,19,Delete,ConfigMap,false
3.373423011,Regular,24,Delete,Deployment,false
3.3976818460000002,Regular,25,Create,Deployment,false
3.422990514,Regular,22,Create,ConfigMap,false
3.445648471,Regular,23,Update,Deployment,false
3.46893901,Regular,23,Delete,ConfigMap,false
3.492442424,Regular,25,Delete,Deployment,false
3.517722476,Regular,34,Create,Deployment,false
3.552529305,Regular,34,Create,ConfigMap,false
3.586597287,Regular,37,Update,Deployment,false
3.6244072960000002,Regular,12,Delete,ConfigMap,false
3.636531589,Regular,26,Delete,Deployment,false
3.6632210670000003,Regular,32,Create,Deployment,false
3.695784209,Regular,22,Create,ConfigMap,false
3.717914836,Regular,26,Update,Deployment,false
3.744123883,Regular,21,Delete,ConfigMap,false
3.765792361,Regular,25,Delete,Deployment,false
3.791281866,Regular,38,Create,Deployment,false
3.830140681,Regular,22,Create,ConfigMap,false
3.852612968,Regular,30,Update,Deployment,false
3.8829672200000003,Regular,23,Delete,ConfigMap,false
3.906532919,Regular,17,Delete,Deployment,false
3.924311967,Regular,25,Create,Deployment,false
3.949871749,Regular,25,Create,ConfigMap,false
3.975406172,Regular,28,Update,Deployment,false
3.003302654,Regular,20,Delete,Deployment,false
3.023787579,Regular,33,Create,Deployment,false
3.056905887,Regular,27,Create,ConfigMap,false
3.0844103880000002,Regular,24,Update,Deployment,false
3.109359936,Regular,21,Delete,ConfigMap,false
3.130476125,Regular,22,Delete,Deployment,false
3.152790578,Regular,46,Create,Deployment,false
3.199284818,Regular,24,Create,ConfigMap,false
3.223648041,Regular,25,Update,Deployment,false
3.248716353,Regular,15,Delete,ConfigMap,false
3.26429472,Regular,21,Delete,Deployment,false
3.286189685,Regular,35,Create,Deployment,false
3.321411391,Regular,24,Create,ConfigMap,false
3.346169697,Regular,19,Update,Deployment,false
3.3660663570000002,Regular,15,Delete,ConfigMap,false
3.381588084,Regular,23,Delete,Deployment,false
3.4046295779999998,Regular,18,Create,Deployment,false
3.423097654,Regular,30,Create,ConfigMap,false
3.454122272,Regular,28,Update,Deployment,false
3.483096214,Regular,27,Delete,ConfigMap,false
3.5111185320000002,Regular,17,Delete,Deployment,false
3.528865046,Regular,24,Create,Deployment,false
3.553287437,Regular,24,Create,ConfigMap,false
3.57752788,Regular,28,Update,Deployment,false
3.606279194,Regular,18,Delete,ConfigMap,false
3.62471265,Regular,12,Delete,Deployment,false
3.636848497,Regular,26,Create,Deployment,false
3.663584278,Regular,29,Create,ConfigMap,false
3.693401306,Regular,33,Update,Deployment,false
3.727168704,Regular,26,Delete,ConfigMap,false
3.7539634619999998,Regular,23,Delete,Deployment,false
3.777213608,Regular,38,Create,Deployment,false
3.815540426,Regular,25,Create,ConfigMap,false
3.840581497,Regular,34,Update,Deployment,false
3.87483323,Regular,23,Delete,ConfigMap,false
3.897980278,Regular,16,Delete,Deployment,false
3.914960551,Regular,29,Create,Deployment,false
3.9440749410000002,Regular,30,Create,ConfigMap,false
3.9742818399999997,Regular,30,Update,Deployment,false
3.049500864,Regular,26,Update,Deployment,false
3.076055435,Regular,25,Delete,ConfigMap,false
3.101303236,Regular,20,Delete,Deployment,false
3.122029137,Regular,30,Create,Deployment,false
3.152962798,Regular,31,Create,ConfigMap,false
3.1845297439999998,Regular,37,Update,Deployment,false
3.221599229,Regular,14,Delete,ConfigMap,false
3.236519334,Regular,22,Delete,Deployment,false
3.258756465,Regular,32,Create,Deployment,false
3.291271105,Regular,29,Create,ConfigMap,false
3.320883183,Regular,27,Update,Deployment,false
3.348249129,Regular,10,Delete,ConfigMap,false
3.359045649,Regular,17,Delete,Deployment,false
3.376875488,Regular,20,Create,Deployment,false
3.3977773510000002,Regular,25,Create,ConfigMap,false
3.423380657,Regular,19,Update,Deployment,false
3.442598231,Regular,20,Delete,ConfigMap,false
3.462847708,Regular,18,Delete,Deployment,false
3.481651798,Regular,35,Create,Deployment,false
3.517237596,Regular,27,Create,ConfigMap,false
3.545196754,Regular,20,Update,Deployment,false
3.5662042290000002,Regular,19,Delete,ConfigMap,false
3.585986404,Regular,31,Delete,Deployment,false
3.617851802,Regular,38,Create,Deployment,false
3.656343659,Regular,30,Create,ConfigMap,false
3.687322777,Regular,43,Update,Deployment,false
3.730908783,Regular,22,Delete,ConfigMap,false
3.753315334,Regular,21,Delete,Deployment,false
3.775334919,Regular,38,Create,Deployment,false
3.813907709,Regular,25,Create,ConfigMap,false
3.839550125,Regular,32,Update,Deployment,false
3.87257939,Regular,25,Delete,ConfigMap,false
3.898417833,Regular,19,Delete,Deployment,false
3.918086512,Regular,31,Create,Deployment,false
3.94988141,Regular,25,Create,ConfigMap,false
3.975670375,Regular,29,Update,Deployment,false
3.047806683,Regular,27,Update,Deployment,false
3.075050238,Regular,25,Delete,ConfigMap,false
3.100660196,Regular,22,Delete,Deployment,false
3.123260526,Regular,30,Create,Deployment,false
3.153880316,Regular,36,Create,ConfigMap,false
3.190323274,Regular,33,Update,Deployment,false
3.224010829,Regular,19,Delete,ConfigMap,false
3.243920616,Regular,18,Delete,Deployment,false
3.262563164,Regular,28,Create,Deployment,false
3.29081838,Regular,28,Create,ConfigMap,false
3.319386759,Regular,35,Update,Deployment,false
3.354818389,Regular,17,Delete,ConfigMap,false
3.372508311,Regular,11,Delete,Deployment,false
3.383854204,Regular,31,Create,Deployment,false
3.415122255,Regular,18,Create,ConfigMap,false
3.433506361,Regular,21,Update,Deployment,false
3.454841412,Regular,23,Delete,ConfigMap,false
3.478014946,Regular,23,Delete,Deployment,false
3.501992757,Regular,27,Create,Deployment,false
3.529315418,Regular,22,Create,ConfigMap,false
3.551791429,Regular,29,Update,Deployment,false
3.581430395,Regular,23,Delete,ConfigMap,false
3.604839439,Regular,20,Delete,Deployment,false
3.625555577,Regular,29,Create,Deployment,false
3.654926646,Regular,38,Create,ConfigMap,false
3.693401326,Regular,37,Update,Deployment,false
3.7309600229999997,Regular,24,Delete,ConfigMap,false
3.755621948,Regular,21,Delete,Deployment,false
3.777361144,Regular,39,Create,Deployment,false
3.816664914,Regular,22,Create,ConfigMap,false
3.838810417,Regular,36,Update,Deployment,false
3.875371926,Regular,22,Delete,ConfigMap,false
3.897878781,Regular,17,Delete,Deployment,false
3.915787355,Regular,33,Create,Deployment,false
3.94916671,Regular,26,Create,ConfigMap,false
3.97562686,Regular,27,Update,Deployment,false
4.003657927,Regular,12,Delete,ConfigMap,false
3.00547683,Regular,20,Delete,ConfigMap,false
3.025872056,Regular,19,Delete,Deployment,false
3.04582388,Regular,30,Create,Deployment,false
3.076555965,Regular,34,Create,ConfigMap,false
3.11122734,Regular,31,Update,Deployment,false
3.142823266,Regular,11,Delete,ConfigMap,false
3.154352833,Regular,33,Delete,Deployment,false
3.188227776,Regular,41,Create,Deployment,false
3.230004832,Regular,20,Create,ConfigMap,false
3.250069304,Regular,14,Update,Deployment,false
3.26500338,Regular,22,Delete,ConfigMap,false
3.2875757549999998,Regular,29,Delete,Deployment,false
3.317566371,Regular,30,Create,Deployment,false
3.348482018,Regular,25,Create,ConfigMap,false
3.374069965,Regular,37,Update,Deployment,false
3.411699655,Regular,18,Delete,ConfigMap,false
3.4303466719999998,Regular,17,Delete,Deployment,false
3.44798644,Regular,25,Create,Deployment,false
3.473713082,Regular,33,Create,ConfigMap,false
3.507240277,Regular,29,Update,Deployment,false
3.536432321,Regular,17,Delete,ConfigMap,false
3.553981346,Regular,25,Delete,Deployment,false
3.579494032,Regular,16,Create,Deployment,false
3.596149591,Regular,27,Create,ConfigMap,false
3.623718837,Regular,30,Update,Deployment,false
3.6544242799999997,Regular,26,Delete,ConfigMap,false
3.680476386,Regular,23,Delete,Deployment,false
3.7044216370000003,Regular,25,Create,Deployment,false
3.729915347,Regular,34,Create,ConfigMap,false
3.764659461,Regular,38,Update,Deployment,false
3.803326994,Regular,14,Delete,ConfigMap,false
3.817418478,Regular,22,Delete,Deployment,false
3.840088137,Regular,34,Create,Deployment,false
3.874545027,Regular,25,Create,ConfigMap,false
3.899626539,Regular,27,Update,Deployment,false
3.927048339,Regular,15,Delete,ConfigMap,false
3.9422844660000003,Regular,14,Delete,Deployment,false
3.95710951,Regular,26,Create,Deployment,false
3.983723451,Regular,19,Create,ConfigMap,false
4.003051013,Regular,20,Update,Deployment,false
3.024868285,Regular,23,Delete,Deployment,false
3.048133587,Regular,28,Create,Deployment,false
3.07623963,Regular,26,Create,ConfigMap,false
3.102700852,Regular,21,Update,Deployment,false
3.12429949,Regular,20,Delete,ConfigMap,false
3.144692361,Regular,16,Delete,Deployment,false
3.161237493,Regular,37,Create,Deployment,false
3.198340471,Regular,28,Create,ConfigMap,false
3.22722883,Regular,23,Update,Deployment,false
3.251158082,Regular,23,Delete,ConfigMap,false
3.2749758509999998,Regular,21,Delete,Deployment,false
3.2964229720000002,Regular,23,Create,Deployment,false
3.31957546,Regular,30,Create,ConfigMap,false
3.350571249,Regular,22,Update,Deployment,false
3.373199691,Regular,14,Delete,ConfigMap,false
3.387714452,Regular,25,Delete,Deployment,false
3.412852918,Regular,20,Create,Deployment,false
3.433449372,Regular,19,Create,ConfigMap,false
3.453274603,Regular,29,Update,Deployment,false
3.48260709,Regular,28,Delete,ConfigMap,false
3.510926587,Regular,26,Delete,Deployment,false
3.537289243,Regular,23,Create,Deployment,false
3.560401594,Regular,25,Create,ConfigMap,false
3.585679812,Regular,26,Update,Deployment,false
3.612567881,Regular,19,Delete,ConfigMap,false
3.631685549,Regular,32,Delete,Deployment,false
3.663972286,Regular,31,Create,Deployment,false
3.695633038,Regular,21,Create,ConfigMap,false
3.71731795,Regular,26,Update,Deployment,false
3.743780555,Regular,20,Delete,ConfigMap,false
3.764445512,Regular,24,Delete,Deployment,false
3.7885372459999997,Regular,40,Create,Deployment,false
3.829389044,Regular,35,Create,ConfigMap,false
3.864867563,Regular,32,Update,Deployment,false
3.89756212,Regular,19,Delete,ConfigMap,false
3.9173883849999998,Regular,31,Delete,Deployment,false
3.948855306,Regular,28,Create,Deployment,false
3.976981201,Regular,26,Create,ConfigMap,false
4.003081527,Regular,21,Update,Deployment,false
3.025449376,Regular,28,Update,Deployment,false
3.053706944,Regular,14,Delete,ConfigMap,false
3.067942015,Regular,13,Delete,Deployment,false
3.081229005,Regular,30,Create,Deployment,false
3.111768203,Regular,28,Create,ConfigMap,false
3.139848508,Regular,27,Update,Deployment,false
3.166904669,Regular,21,Delete,ConfigMap,false
3.188001016,Regular,30,Delete,Deployment,false
3.21808436,Regular,21,Create,Deployment,false
3.239920586,Regular,16,Create,ConfigMap,false
3.256379782,Regular,21,Update,Deployment,false
3.278189503,Regular,19,Delete,ConfigMap,false
3.297673535,Regular,19,Delete,Deployment,false
3.317435543,Regular,33,Create,Deployment,false
3.350812506,Regular,23,Create,ConfigMap,false
3.373985068,Regular,35,Update,Deployment,false
3.409582889,Regular,13,Delete,ConfigMap,false
3.423267194,Regular,16,Delete,Deployment,false
3.439854027,Regular,34,Create,Deployment,false
3.474521626,Regular,30,Create,ConfigMap,false
3.505358861,Regular,31,Update,Deployment,false
3.536542901,Regular,20,Delete,ConfigMap,false
3.556750641,Regular,24,Delete,Deployment,false
3.581272231,Regular,28,Create,Deployment,false
3.609685351,Regular,19,Create,ConfigMap,false
3.6296421089999997,Regular,29,Update,Deployment,false
3.659629166,Regular,20,Delete,ConfigMap,false
3.680327057,Regular,23,Delete,Deployment,false
3.7041378959999998,Regular,26,Create,Deployment,false
3.730283334,Regular,38,Create,ConfigMap,false
3.769489756,Regular,46,Update,Deployment,false
3.815612164,Regular,24,Delete,ConfigMap,false
3.839721323,Regular,24,Delete,Deployment,false
3.864409923,Regular,33,Create,Deployment,false
3.897548441,Regular,27,Create,ConfigMap,false
3.92476304,Regular,27,Update,Deployment,false
3.9521726360000002,Regular,23,Delete,ConfigMap,false
3.9756656660000003,Regular,20,Delete,Deployment,false
3.996206775,Regular,26,Create,Deployment,false
4.022622412,Regular,21,Create,ConfigMap,false
4.044501757,Regular,32,Update,Deployment,false
4.005474175,Regular,16,Delete,ConfigMap,false
4.022377637,Regular,13,Delete,Deployment,false
4.035503245,Regular,20,Create,Deployment,false
4.056255027,Regular,35,Create,ConfigMap,false
4.092076754,Regular,25,Update,Deployment,false
4.11732958,Regular,15,Delete,ConfigMap,false
4.1327910469999996,Regular,14,Delete,Deployment,false
4.147748969,Regular,19,Create,Deployment,false
4.16698618,Regular,17,Create,ConfigMap,false
4.184056536,Regular,18,Update,Deployment,false
4.202801266,Regular,19,Delete,ConfigMap,false
4.222229611,Regular,10,Delete,Deployment,false
4.232661684,Regular,18,Create,Deployment,false
4.251513798,Regular,13,Create,ConfigMap,false
4.265552484,Regular,18,Update,Deployment,false
4.284069657,Regular,19,Delete,ConfigMap,false
4.303244089,Regular,7,Delete,Deployment,false
4.311199949,Regular,19,Create,Deployment,false
4.330696071,Regular,10,Create,ConfigMap,false
4.341242085,Regular,17,Update,Deployment,false
4.3588528140000005,Regular,8,Delete,ConfigMap,false
4.367453385,Regular,11,Delete,Deployment,false
4.378929885,Regular,15,Create,Deployment,false
4.394210904,Regular,11,Create,ConfigMap,false
4.405931831,Regular,11,Update,Deployment,false
4.417935993,Regular,10,Delete,ConfigMap,false
4.428943468,Regular,12,Delete,Deployment,false
4.441303093,Regular,11,Create,Deployment,false
4.45305176,Regular,18,Create,ConfigMap,false
4.471242945,Regular,18,Update,Deployment,false
4.489342338,Regular,10,Delete,ConfigMap,false
4.49995163,Regular,14,Delete,Deployment,false
4.514948392,Regular,15,Create,Deployment,false
4.530002123,Regular,14,Create,ConfigMap,false
4.5442092899999995,Regular,15,Update,Deployment,false
4.559688194,Regular,12,Delete,ConfigMap,false
4.571798426,Regular,14,Delete,Deployment,false
4.58665624,Regular,18,Create,Deployment,false
4.605005467,Regular,15,Create,ConfigMap,false
4.620799029,Regular,15,Update,Deployment,false
4.636727182,Regular,9,Delete,ConfigMap,false
4.646520492,Regular,20,Delete,Deployment,false
4.666973134,Regular,19,Create,Deployment,false
4.68605255,Regular,13,Create,ConfigMap,false
4.699635486,Regular,12,Update,Deployment,false
4.7119768,Regular,10,Delete,ConfigMap,false
4.722125524,Regular,9,Delete,Deployment,false
4.731954974,Regular,20,Create,Deployment,false
4.752107295,Regular,11,Create,ConfigMap,false
4.764087705,Regular,15,Update,Deployment,false
4.780068552,Regular,16,Delete,ConfigMap,false
4.796199308,Regular,17,Delete,Deployment,false
4.814206279,Regular,17,Create,Deployment,false
4.831419376,Regular,34,Create,ConfigMap,false
4.866064646,Regular,28,Update,Deployment,false
4.894612372,Regular,15,Delete,ConfigMap,false
4.909775419,Regular,21,Delete,Deployment,false
4.930977792,Regular,47,Create,Deployment,false
4.978885849,Regular,37,Create,ConfigMap,false
4.077383498,Regular,25,Delete,ConfigMap,false
4.102693847,Regular,14,Delete,Deployment,false
4.11700416,Regular,23,Create,Deployment,false
4.140533159,Regular,13,Create,ConfigMap,false
4.154192466,Regular,13,Update,Deployment,false
4.167906217,Regular,9,Delete,ConfigMap,false
4.177304043,Regular,17,Delete,Deployment,false
4.194577007,Regular,17,Create,Deployment,false
4.211878425,Regular,19,Create,ConfigMap,false
4.231312764,Regular,18,Update,Deployment,false
4.249944359,Regular,8,Delete,ConfigMap,false
4.258757472,Regular,9,Delete,Deployment,false
4.268234011,Regular,16,Create,Deployment,false
4.285104009,Regular,19,Create,ConfigMap,false
4.304819549,Regular,21,Update,Deployment,false
4.326308631,Regular,15,Delete,ConfigMap,false
4.341567675,Regular,11,Delete,Deployment,false
4.352787497,Regular,20,Create,Deployment,false
4.373129208,Regular,17,Create,ConfigMap,false
4.390784984,Regular,18,Update,Deployment,false
4.409160294,Regular,11,Delete,ConfigMap,false
4.4208661209999995,Regular,7,Delete,Deployment,false
4.428270173,Regular,20,Create,Deployment,false
4.449057604,Regular,11,Create,ConfigMap,false
4.460645326,Regular,19,Update,Deployment,false
4.480168325,Regular,10,Delete,ConfigMap,false
4.490266469,Regular,11,Delete,Deployment,false
4.501355981,Regular,19,Create,Deployment,false
4.520975947,Regular,17,Create,ConfigMap,false
4.538213578,Regular,17,Update,Deployment,false
4.55569191,Regular,8,Delete,ConfigMap,false
4.564097837,Regular,7,Delete,Deployment,false
4.572036784,Regular,16,Create,Deployment,false
4.588886058,Regular,15,Create,ConfigMap,false
4.604014544,Regular,17,Update,Deployment,false
4.621063456,Regular,8,Delete,ConfigMap,false
4.629178802,Regular,13,Delete,Deployment,false
4.642870787,Regular,26,Create,Deployment,false
4.669125195,Regular,18,Create,ConfigMap,false
4.687627194,Regular,22,Update,Deployment,false
4.710000308,Regular,11,Delete,ConfigMap,false
4.721617957,Regular,10,Delete,Deployment,false
4.731995759,Regular,16,Create,Deployment,false
4.748389897,Regular,11,Create,ConfigMap,false
4.759885824,Regular,19,Update,Deployment,false
4.779136627,Regular,17,Delete,ConfigMap,false
4.796223815,Regular,15,Delete,Deployment,false
4.812020622,Regular,19,Create,Deployment,false
4.831843109,Regular,33,Create,ConfigMap,false
4.865564827,Regular,33,Update,Deployment,false
4.898983145,Regular,11,Delete,ConfigMap,false
4.910430016,Regular,19,Delete,Deployment,false
4.92961665,Regular,37,Create,Deployment,false
4.9672133800000005,Regular,50,Create,ConfigMap,false
4.004273767,Regular,29,Create,ConfigMap,false
4.033862981,Regular,23,Update,Deployment,false
4.057155216,Regular,36,Delete,ConfigMap,false
4.093295865,Regular,17,Delete,Deployment,false
4.111196171,Regular,17,Create,Deployment,false
4.1286828,Regular,17,Create,ConfigMap,false
4.146320519,Regular,14,Update,Deployment,false
4.161259424,Regular,11,Delete,ConfigMap,false
4.172894868,Regular,9,Delete,Deployment,false
4.182568084,Regular,20,Create,Deployment,false
4.202797955,Regular,20,Create,ConfigMap,false
4.223743274,Regular,24,Update,Deployment,false
4.248410599,Regular,10,Delete,ConfigMap,false
4.25857029,Regular,10,Delete,Deployment,false
4.26891377,Regular,24,Create,Deployment,false
4.29302265,Regular,21,Create,ConfigMap,false
4.314701444,Regular,18,Update,Deployment,false
4.332892307,Regular,9,Delete,ConfigMap,false
4.3419776389999996,Regular,10,Delete,Deployment,false
4.3523812490000005,Regular,14,Create,Deployment,false
4.367329161,Regular,14,Create,ConfigMap,false
4.382043277,Regular,12,Update,Deployment,false
4.394354882,Regular,11,Delete,ConfigMap,false
4.406289071,Regular,8,Delete,Deployment,false
4.414409009,Regular,11,Create,Deployment,false
4.4264124,Regular,19,Create,ConfigMap,false
4.446327056,Regular,12,Update,Deployment,false
4.459082532,Regular,8,Delete,ConfigMap,false
4.468140623,Regular,8,Delete,Deployment,false
4.477055591,Regular,14,Create,Deployment,false
4.491511629,Regular,10,Create,ConfigMap,false
4.50236544,Regular,14,Update,Deployment,false
4.516889744,Regular,10,Delete,ConfigMap,false
4.527292082,Regular,10,Delete,Deployment,false
4.5381301480000005,Regular,21,Create,Deployment,false
4.559144276,Regular,21,Create,ConfigMap,false
4.580924114,Regular,17,Update,Deployment,false
4.598339019,Regular,6,Delete,ConfigMap,false
4.604399591,Regular,11,Delete,Deployment,false
4.616022143,Regular,15,Create,Deployment,false
4.631442257,Regular,18,Create,ConfigMap,false
4.649710996,Regular,21,Update,Deployment,false
4.6710436699999995,Regular,16,Delete,ConfigMap,false
4.687212646,Regular,7,Delete,Deployment,false
4.694817694,Regular,12,Create,Deployment,false
4.707702897,Regular,18,Create,ConfigMap,false
4.726521324,Regular,15,Update,Deployment,false
4.7419894540000005,Regular,6,Delete,ConfigMap,false
4.748567053,Regular,7,Delete,Deployment,false
4.7556407929999995,Regular,14,Create,Deployment,false
4.770368101,Regular,15,Create,ConfigMap,false
4.785576041,Regular,21,Update,Deployment,false
4.807152655,Regular,13,Delete,ConfigMap,false
4.820755954,Regular,10,Delete,Deployment,false
4.830920284,Regular,33,Create,Deployment,false
4.864239636,Regular,16,Create,ConfigMap,false
4.880942115,Regular,27,Update,Deployment,false
4.908399467,Regular,16,Delete,ConfigMap,false
4.925283564,Regular,21,Delete,Deployment,false
4.9467562229999995,Regular,32,Create,Deployment,false
4.978901469,Regular,38,Create,ConfigMap,false
4.015948046,Regular,14,Delete,Deployment,false
4.030415353,Regular,25,Create,Deployment,false
4.056083575,Regular,36,Create,ConfigMap,false
4.093007213,Regular,20,Update,Deployment,false
4.113440021,Regular,9,Delete,ConfigMap,false
4.122708098,Regular,7,Delete,Deployment,false
4.130117823,Regular,17,Create,Deployment,false
4.148138942,Regular,15,Create,ConfigMap,false
4.163212678,Regular,16,Update,Deployment,false
4.180158004,Regular,21,Delete,ConfigMap,false
4.201269408,Regular,7,Delete,Deployment,false
4.208322915,Regular,18,Create,Deployment,false
4.227086066,Regular,22,Create,ConfigMap,false
4.24965246,Regular,15,Update,Deployment,false
4.265455807,Regular,7,Delete,ConfigMap,false
4.272802162,Regular,19,Delete,Deployment,false
4.2924526499999995,Regular,23,Create,Deployment,false
4.316203115,Regular,15,Create,ConfigMap,false
4.331484768,Regular,11,Update,Deployment,false
4.34296991,Regular,10,Delete,ConfigMap,false
4.353437089,Regular,10,Delete,Deployment,false
4.363878932,Regular,12,Create,Deployment,false
4.376378188,Regular,15,Create,ConfigMap,false
4.392348607,Regular,16,Update,Deployment,false
4.408521794,Regular,8,Delete,ConfigMap,false
4.417218566,Regular,8,Delete,Deployment,false
4.425906885,Regular,11,Create,Deployment,false
4.437796267,Regular,14,Create,ConfigMap,false
4.452576207,Regular,20,Update,Deployment,false
4.472760607,Regular,9,Delete,ConfigMap,false
4.482409325,Regular,12,Delete,Deployment,false
4.494965953,Regular,15,Create,Deployment,false
4.51017852,Regular,16,Create,ConfigMap,false
4.526820019,Regular,18,Update,Deployment,false
4.545527498,Regular,8,Delete,ConfigMap,false
4.554348673,Regular,16,Delete,Deployment,false
4.571267061,Regular,17,Create,Deployment,false
4.588746852,Regular,20,Create,ConfigMap,false
4.608858254,Regular,20,Update,Deployment,false
4.629129762,Regular,10,Delete,ConfigMap,false
4.639905649,Regular,17,Delete,Deployment,false
4.656989836,Regular,22,Create,Deployment,false
4.679020662,Regular,11,Create,ConfigMap,false
4.690874012,Regular,14,Update,Deployment,false
4.705199525,Regular,10,Delete,ConfigMap,false
4.715683305,Regular,5,Delete,Deployment,false
4.7216383969999995,Regular,12,Create,Deployment,false
4.733871391,Regular,17,Create,ConfigMap,false
4.751313883,Regular,10,Update,Deployment,false
4.761861005,Regular,9,Delete,ConfigMap,false
4.7718216810000005,Regular,15,Delete,Deployment,false
4.7868651159999995,Regular,18,Create,Deployment,false
4.805149195,Regular,21,Create,ConfigMap,false
4.826907046,Regular,16,Update,Deployment,false
4.843855477,Regular,20,Delete,ConfigMap,false
4.864261136,Regular,13,Delete,Deployment,false
4.8774400700000005,Regular,31,Create,Deployment,false
4.908514113,Regular,18,Create,ConfigMap,false
4.926778355,Regular,19,Update,Deployment,false
4.946464219,Regular,20,Delete,ConfigMap,false
4.967376005,Regular,50,Delete,Deployment,false
4.025037006,Regular,12,Delete,ConfigMap,false
4.03723626,Regular,15,Delete,Deployment,false
4.052320372,Regular,42,Create,Deployment,false
4.094881937,Regular,17,Create,ConfigMap,false
4.112443073,Regular,15,Update,Deployment,false
4.127781178,Regular,21,Delete,ConfigMap,false
4.149331242,Regular,16,Delete,Deployment,false
4.165648164,Regular,15,Create,Deployment,false
4.181288717,Regular,20,Create,ConfigMap,false
4.202239175,Regular,18,Update,Deployment,false
4.220607013,Regular,10,Delete,ConfigMap,false
4.231136092,Regular,12,Delete,Deployment,false
4.243170067,Regular,16,Create,Deployment,false
4.259462038,Regular,11,Create,ConfigMap,false
4.270724127,Regular,29,Update,Deployment,false
4.300104009,Regular,10,Delete,ConfigMap,false
4.310511037,Regular,19,Delete,Deployment,false
4.330021548,Regular,12,Create,Deployment,false
4.342657599,Regular,14,Create,ConfigMap,false
4.356890032,Regular,17,Update,Deployment,false
4.374167548,Regular,10,Delete,ConfigMap,false
4.384981875,Regular,12,Delete,Deployment,false
4.39794297,Regular,17,Create,Deployment,false
4.41598321,Regular,11,Create,ConfigMap,false
4.427814342,Regular,16,Update,Deployment,false
4.444778592,Regular,9,Delete,ConfigMap,false
4.454203216,Regular,8,Delete,Deployment,false
4.463151715,Regular,15,Create,Deployment,false
4.47902285,Regular,15,Create,ConfigMap,false
4.494327866,Regular,16,Update,Deployment,false
4.51133034,Regular,9,Delete,ConfigMap,false
4.521266092,Regular,9,Delete,Deployment,false
4.530709611,Regular,14,Create,Deployment,false
4.545341027,Regular,12,Create,ConfigMap,false
4.558271652,Regular,23,Update,Deployment,false
4.581706308,Regular,12,Delete,ConfigMap,false
4.594231475,Regular,9,Delete,Deployment,false
4.604136082,Regular,16,Create,Deployment,false
4.620425658,Regular,16,Create,ConfigMap,false
4.636480322,Regular,19,Update,Deployment,false
4.655862104,Regular,19,Delete,ConfigMap,false
4.675322635,Regular,10,Delete,Deployment,false
4.685629734,Regular,11,Create,Deployment,false
4.6969630460000005,Regular,16,Create,ConfigMap,false
4.713236108,Regular,13,Update,Deployment,false
4.726646787,Regular,11,Delete,ConfigMap,false
4.738545016,Regular,9,Delete,Deployment,false
4.748382215,Regular,17,Create,Deployment,false
4.765547888,Regular,12,Create,ConfigMap,false
4.777747607,Regular,16,Update,Deployment,false
4.794068148,Regular,16,Delete,ConfigMap,false
4.810444387,Regular,11,Delete,Deployment,false
4.8219567770000005,Regular,30,Create,Deployment,false
4.852668089,Regular,19,Create,ConfigMap,false
4.872659806,Regular,20,Update,Deployment,false
4.89276876,Regular,17,Delete,ConfigMap,false
4.910657768,Regular,20,Delete,Deployment,false
4.9313328720000005,Regular,21,Create,Deployment,false
4.953353474,Regular,33,Create,ConfigMap,false
4.987199761,Regular,40,Update,Deployment,false
4.004456438,Regular,22,Delete,ConfigMap,false
4.026744626,Regular,16,Delete,Deployment,false
4.043692868,Regular,28,Create,Deployment,false
4.072321483,Regular,28,Create,ConfigMap,false
4.101174667,Regular,16,Update,Deployment,false
4.1172629,Regular,14,Delete,ConfigMap,false
4.132172107,Regular,15,Delete,Deployment,false
4.147709497,Regular,13,Create,Deployment,false
4.161152648,Regular,16,Create,ConfigMap,false
4.177688429,Regular,22,Update,Deployment,false
4.199874683,Regular,5,Delete,ConfigMap,false
4.205612398,Regular,18,Delete,Deployment,false
4.224383754,Regular,20,Create,Deployment,false
4.244559579,Regular,11,Create,ConfigMap,false
4.256305624,Regular,14,Update,Deployment,false
4.270374794,Regular,13,Delete,ConfigMap,false
4.28436483,Regular,20,Delete,Deployment,false
4.30470098,Regular,13,Create,Deployment,false
4.318049624,Regular,18,Create,ConfigMap,false
4.336644803,Regular,14,Update,Deployment,false
4.351165099,Regular,12,Delete,ConfigMap,false
4.363232689,Regular,14,Delete,Deployment,false
4.377741843,Regular,19,Create,Deployment,false
4.396838944,Regular,15,Create,ConfigMap,false
4.412672601,Regular,13,Update,Deployment,false
4.426212462,Regular,19,Delete,ConfigMap,false
4.446159928,Regular,14,Delete,Deployment,false
4.4603616,Regular,18,Create,Deployment,false
4.478583187,Regular,15,Create,ConfigMap,false
4.493969884,Regular,16,Update,Deployment,false
4.510720345,Regular,13,Delete,ConfigMap,false
4.524645302,Regular,8,Delete,Deployment,false
4.533646462,Regular,22,Create,Deployment,false
4.555937002,Regular,22,Create,ConfigMap,false
4.578018533,Regular,11,Update,Deployment,false
4.589416748,Regular,14,Delete,ConfigMap,false
4.60413607,Regular,11,Delete,Deployment,false
4.616032038,Regular,11,Create,Deployment,false
4.627507462,Regular,15,Create,ConfigMap,false
4.643423361,Regular,27,Update,Deployment,false
4.671046575,Regular,15,Delete,ConfigMap,false
4.686485566,Regular,8,Delete,Deployment,false
4.695108418,Regular,14,Create,Deployment,false
4.709549908,Regular,16,Create,ConfigMap,false
4.726338559,Regular,13,Update,Deployment,false
4.740289463,Regular,11,Delete,ConfigMap,false
4.752007355,Regular,13,Delete,Deployment,false
4.765783217,Regular,25,Create,Deployment,false
4.791406586,Regular,20,Create,ConfigMap,false
4.812333699,Regular,15,Update,Deployment,false
4.828424433,Regular,19,Delete,ConfigMap,false
4.847993583,Regular,16,Delete,Deployment,false
4.864244139,Regular,21,Create,Deployment,false
4.886124582,Regular,20,Create,ConfigMap,false
4.906934576,Regular,25,Update,Deployment,false
4.932883512,Regular,17,Delete,ConfigMap,false
4.9505740110000005,Regular,35,Delete,Deployment,false
4.985994169,Regular,42,Create,Deployment,false
4.00445643,Regular,16,Delete,ConfigMap,false
4.020662772,Regular,11,Delete,Deployment,false
4.032046665,Regular,20,Create,Deployment,false
4.052516157,Regular,39,Create,ConfigMap,false
4.091626537,Regular,25,Update,Deployment,false
4.117236933,Regular,15,Delete,ConfigMap,false
4.132712123,Regular,14,Delete,Deployment,false
4.147707849,Regular,19,Create,Deployment,false
4.166918896,Regular,17,Create,ConfigMap,false
4.183974249,Regular,18,Update,Deployment,false
4.202680786,Regular,20,Delete,ConfigMap,false
4.223438265,Regular,8,Delete,Deployment,false
4.232291261,Regular,19,Create,Deployment,false
4.251344143,Regular,12,Create,ConfigMap,false
4.263823724,Regular,19,Update,Deployment,false
4.283604986,Regular,21,Delete,ConfigMap,false
4.304912209,Regular,21,Delete,Deployment,false
4.326861563,Regular,14,Create,Deployment,false
4.341490202,Regular,15,Create,ConfigMap,false
4.356625877,Regular,12,Update,Deployment,false
4.369211953,Regular,9,Delete,ConfigMap,false
4.379185205,Regular,13,Delete,Deployment,false
4.392666216,Regular,18,Create,Deployment,false
4.411135414,Regular,10,Create,ConfigMap,false
4.421982505,Regular,18,Update,Deployment,false
4.440251901,Regular,8,Delete,ConfigMap,false
4.448853316,Regular,11,Delete,Deployment,false
4.4604383,Regular,18,Create,Deployment,false
4.478819459,Regular,15,Create,ConfigMap,false
4.494076806,Regular,15,Update,Deployment,false
4.510012625,Regular,15,Delete,ConfigMap,false
4.525748636,Regular,11,Delete,Deployment,false
4.537097286,Regular,13,Create,Deployment,false
4.550646178,Regular,14,Create,ConfigMap,false
4.565454367,Regular,16,Update,Deployment,false
4.582090476,Regular,12,Delete,ConfigMap,false
4.5944099099999995,Regular,15,Delete,Deployment,false
4.610106942,Regular,15,Create,Deployment,false
4.625310465,Regular,17,Create,ConfigMap,false
4.642426829,Regular,28,Update,Deployment,false
4.67094426,Regular,15,Delete,ConfigMap,false
4.686602534,Regular,9,Delete,Deployment,false
4.696205417,Regular,17,Create,Deployment,false
4.713560516,Regular,12,Create,ConfigMap,false
4.726457912,Regular,17,Update,Deployment,false
4.743745035,Regular,11,Delete,ConfigMap,false
4.755158782,Regular,11,Delete,Deployment,false
4.767010274,Regular,12,Create,Deployment,false
4.779566009,Regular,15,Create,ConfigMap,false
4.795111372,Regular,11,Update,Deployment,false
4.806842572,Regular,13,Delete,ConfigMap,false
4.820617051,Regular,10,Delete,Deployment,false
4.830919078,Regular,35,Create,Deployment,false
4.865989746,Regular,28,Create,ConfigMap,false
4.8945936020000005,Regular,30,Update,Deployment,false
4.925014358,Regular,11,Delete,ConfigMap,false
4.936615447,Regular,14,Delete,Deployment,false
4.951108491,Regular,35,Create,Deployment,false
4.986653055,Regular,42,Create,ConfigMap,false
4.004444147,Regular,24,Update,Deployment,false
4.028888118,Regular,14,Delete,ConfigMap,false
4.043210257,Regular,14,Delete,Deployment,false
4.058191444,Regular,45,Create,Deployment,false
4.103252284,Regular,24,Create,ConfigMap,false
4.128260886,Regular,19,Update,Deployment,false
4.148023049,Regular,13,Delete,ConfigMap,false
4.161347221,Regular,11,Delete,Deployment,false
4.1724756450000005,Regular,23,Create,Deployment,false
4.195726759,Regular,12,Create,ConfigMap,false
4.20810465,Regular,16,Update,Deployment,false
4.224958906,Regular,16,Delete,ConfigMap,false
4.241488461,Regular,9,Delete,Deployment,false
4.25125574,Regular,14,Create,Deployment,false
4.265354262,Regular,10,Create,ConfigMap,false
4.275627146,Regular,21,Update,Deployment,false
4.297058156,Regular,8,Delete,ConfigMap,false
4.305226375,Regular,20,Delete,Deployment,false
4.325434948,Regular,16,Create,Deployment,false
4.342007445,Regular,12,Create,ConfigMap,false
4.354802289,Regular,14,Update,Deployment,false
4.369062028,Regular,13,Delete,ConfigMap,false
4.382279068,Regular,10,Delete,Deployment,false
4.392442184,Regular,17,Create,Deployment,false
4.410015286,Regular,11,Create,ConfigMap,false
4.421388493,Regular,16,Update,Deployment,false
4.4378104369999996,Regular,10,Delete,ConfigMap,false
4.448131351,Regular,11,Delete,Deployment,false
4.459869342,Regular,17,Create,Deployment,false
4.477251999,Regular,10,Create,ConfigMap,false
4.4880006009999995,Regular,14,Update,Deployment,false
4.502762405,Regular,10,Delete,ConfigMap,false
4.513672817,Regular,12,Delete,Deployment,false
4.525896259,Regular,19,Create,Deployment,false
4.54531181,Regular,16,Create,ConfigMap,false
4.561681877,Regular,16,Update,Deployment,false
4.578398533,Regular,15,Delete,ConfigMap,false
4.593970243,Regular,15,Delete,Deployment,false
4.609391099,Regular,16,Create,Deployment,false
4.625889868,Regular,16,Create,ConfigMap,false
4.642482789,Regular,28,Update,Deployment,false
4.6710567130000005,Regular,9,Delete,ConfigMap,false
4.680469273,Regular,10,Delete,Deployment,false
4.691227926,Regular,14,Create,Deployment,false
4.705575393,Regular,13,Create,ConfigMap,false
4.718641164,Regular,15,Update,Deployment,false
4.733867544,Regular,13,Delete,ConfigMap,false
4.747754026,Regular,7,Delete,Deployment,false
4.755429185,Regular,11,Create,Deployment,false
4.76706222,Regular,16,Create,ConfigMap,false
4.783940587,Regular,17,Update,Deployment,false
4.80183269,Regular,12,Delete,ConfigMap,false
4.814075842,Regular,16,Delete,Deployment,false
4.830926558,Regular,33,Create,Deployment,false
4.864438716,Regular,16,Create,ConfigMap,false
4.880665775,Regular,31,Update,Deployment,false
4.911962065,Regular,19,Delete,ConfigMap,false
4.931058624,Regular,20,Delete,Deployment,false
4.951279283,Regular,35,Create,Deployment,false
4.986502529,Regular,42,Create,ConfigMap,false
4.004329433,Regular,22,Update,Deployment,false
4.027331469,Regular,15,Delete,ConfigMap,false
4.043340191,Regular,15,Delete,Deployment,false
4.059137372,Regular,33,Create,Deployment,false
4.09253629,Regular,18,Create,ConfigMap,false
4.1111189790000005,Regular,16,Update,Deployment,false
4.127461775,Regular,21,Delete,ConfigMap,false
4.148898578,Regular,16,Delete,Deployment,false
4.1658315009999995,Regular,14,Create,Deployment,false
4.18025812,Regular,21,Create,ConfigMap,false
4.202157568,Regular,22,Update,Deployment,false
4.224642706,Regular,21,Delete,ConfigMap,false
4.246387553,Regular,10,Delete,Deployment,false
4.256495938,Regular,14,Create,Deployment,false
4.270611131,Regular,26,Create,ConfigMap,false
4.29676766,Regular,19,Update,Deployment,false
4.316252316,Regular,14,Delete,ConfigMap,false
4.330583598,Regular,10,Delete,Deployment,false
4.341376675,Regular,13,Create,Deployment,false
4.354966466,Regular,13,Create,ConfigMap,false
4.368757925,Regular,12,Update,Deployment,false
4.381392563,Regular,10,Delete,ConfigMap,false
4.392021579,Regular,16,Delete,Deployment,false
4.408717603,Regular,14,Create,Deployment,false
4.423754002,Regular,22,Create,ConfigMap,false
4.446011972,Regular,15,Update,Deployment,false
4.46150642,Regular,12,Delete,ConfigMap,false
4.473537459,Regular,10,Delete,Deployment,false
4.483719994,Regular,12,Create,Deployment,false
4.495904109,Regular,13,Create,ConfigMap,false
4.509262628,Regular,17,Update,Deployment,false
4.526423282,Regular,10,Delete,ConfigMap,false
4.536607055,Regular,13,Delete,Deployment,false
4.55024799,Regular,16,Create,Deployment,false
4.567019797,Regular,23,Create,ConfigMap,false
4.590318228,Regular,16,Update,Deployment,false
4.606403234,Regular,8,Delete,ConfigMap,false
4.614756905,Regular,10,Delete,Deployment,false
4.625380013,Regular,15,Create,Deployment,false
4.640557715,Regular,16,Create,ConfigMap,false
4.6569679,Regular,23,Update,Deployment,false
4.680034225,Regular,10,Delete,ConfigMap,false
4.690412089,Regular,8,Delete,Deployment,false
4.699297256,Regular,14,Create,Deployment,false
4.71414384,Regular,12,Create,ConfigMap,false
4.726687307,Regular,20,Update,Deployment,false
4.7468681010000005,Regular,8,Delete,ConfigMap,false
4.755623941,Regular,9,Delete,Deployment,false
4.765283002,Regular,14,Create,Deployment,false
4.779491104,Regular,23,Create,ConfigMap,false
4.802880886,Regular,19,Update,Deployment,false
4.822270223,Regular,6,Delete,ConfigMap,false
4.828916136,Regular,23,Delete,Deployment,false
4.852220197,Regular,24,Create,Deployment,false
4.876745961,Regular,17,Create,ConfigMap,false
4.894264134,Regular,29,Update,Deployment,false
4.923653178,Regular,7,Delete,ConfigMap,false
4.930972432,Regular,20,Delete,Deployment,false
4.951907863,Regular,34,Create,Deployment,false
4.986405544,Regular,42,Create,ConfigMap,false
4.023657309,Regular,19,Delete,ConfigMap,false
4.043174716,Regular,15,Delete,Deployment,false
4.058971319,Regular,44,Create,Deployment,false
4.103486047,Regular,12,Create,ConfigMap,false
4.115787691,Regular,17,Update,Deployment,false
4.133104012,Regular,15,Delete,ConfigMap,false
4.149110986,Regular,15,Delete,Deployment,false
4.165012588,Regular,13,Create,Deployment,false
4.178236909,Regular,15,Create,ConfigMap,false
4.193281624,Regular,20,Update,Deployment,false
4.213594253,Regular,14,Delete,ConfigMap,false
4.227702657,Regular,17,Delete,Deployment,false
4.245389496,Regular,12,Create,Deployment,false
4.2575873699999995,Regular,13,Create,ConfigMap,false
4.271000317,Regular,27,Update,Deployment,false
4.298487322,Regular,7,Delete,ConfigMap,false
4.306026117,Regular,11,Delete,Deployment,false
4.317815011,Regular,23,Create,Deployment,false
4.341488915,Regular,15,Create,ConfigMap,false
4.357026786,Regular,12,Update,Deployment,false
4.369825431,Regular,9,Delete,ConfigMap,false
4.379705035,Regular,12,Delete,Deployment,false
4.392341104,Regular,10,Create,Deployment,false
4.403331296,Regular,12,Create,ConfigMap,false
4.4160642150000005,Regular,11,Update,Deployment,false
4.427685376,Regular,18,Delete,ConfigMap,false
4.446008188,Regular,7,Delete,Deployment,false
4.453141356,Regular,18,Create,Deployment,false
4.471969385,Regular,10,Create,ConfigMap,false
4.482098266,Regular,13,Update,Deployment,false
4.495408804,Regular,8,Delete,ConfigMap,false
4.504089782,Regular,11,Delete,Deployment,false
4.516102487,Regular,17,Create,Deployment,false
4.533520262,Regular,16,Create,ConfigMap,false
4.549870958,Regular,15,Update,Deployment,false
4.565805274,Regular,13,Delete,ConfigMap,false
4.579568225,Regular,9,Delete,Deployment,false
4.588885648,Regular,10,Create,Deployment,false
4.598967879,Regular,11,Create,ConfigMap,false
4.610776482,Regular,17,Update,Deployment,false
4.627909322,Regular,13,Delete,ConfigMap,false
4.641234769,Regular,20,Delete,Deployment,false
4.661499728,Regular,17,Create,Deployment,false
4.67881391,Regular,9,Create,ConfigMap,false
4.688763819,Regular,14,Update,Deployment,false
4.703782081,Regular,9,Delete,ConfigMap,false
4.713348388,Regular,8,Delete,Deployment,false
4.72163034,Regular,12,Create,Deployment,false
4.733708367,Regular,18,Create,ConfigMap,false
4.752481762,Regular,14,Update,Deployment,false
4.766726428,Regular,12,Delete,ConfigMap,false
4.779341249,Regular,17,Delete,Deployment,false
4.796373428,Regular,19,Create,Deployment,false
4.815487622,Regular,14,Create,ConfigMap,false
4.83011107,Regular,34,Update,Deployment,false
4.864483174,Regular,26,Delete,ConfigMap,false
4.8912193649999995,Regular,19,Delete,Deployment,false
4.911163633,Regular,35,Create,Deployment,false
4.946743734,Regular,37,Create,ConfigMap,false
4.984614296,Regular,51,Update,Deployment,false
5.036612727,Regular,14,Delete,ConfigMap,false
5.018377039,Regular,23,Create,Deployment,false
5.041419714,Regular,20,Create,ConfigMap,false
5.061637519,Regular,26,Update,Deployment,false
5.08787179,Regular,12,Delete,ConfigMap,false
5.100281697,Regular,16,Delete,Deployment,false
5.116566608,Regular,36,Create,Deployment,false
5.152750734,Regular,17,Create,ConfigMap,false
5.170483418,Regular,23,Update,Deployment,false
5.194061972,Regular,7,Delete,ConfigMap,false
5.201420502,Regular,8,Delete,Deployment,false
5.210179881,Regular,14,Create,Deployment,false
5.224540227,Regular,13,Create,ConfigMap,false
5.237795537,Regular,14,Update,Deployment,false
5.252172888,Regular,15,Delete,ConfigMap,false
5.267434655,Regular,10,Delete,Deployment,false
5.277880097,Regular,13,Create,Deployment,false
5.291616226,Regular,10,Create,ConfigMap,false
5.302310793,Regular,15,Update,Deployment,false
5.317766692,Regular,12,Delete,ConfigMap,false
5.330164811,Regular,10,Delete,Deployment,false
5.340533335,Regular,19,Create,Deployment,false
5.359873622,Regular,12,Create,ConfigMap,false
5.372464666,Regular,19,Update,Deployment,false
5.39166624,Regular,8,Delete,ConfigMap,false
5.40067837,Regular,9,Delete,Deployment,false
5.410263516,Regular,17,Create,Deployment,false
5.427766273,Regular,14,Create,ConfigMap,false
5.442181458,Regular,15,Update,Deployment,false
5.457524993,Regular,9,Delete,ConfigMap,false
5.46682894,Regular,21,Delete,Deployment,false
5.487860222,Regular,12,Create,Deployment,false
5.500435009,Regular,12,Create,ConfigMap,false
5.513371289,Regular,16,Update,Deployment,false
5.529573707,Regular,9,Delete,ConfigMap,false
5.539425296,Regular,7,Delete,Deployment,false
5.546486267,Regular,9,Create,Deployment,false
5.55646441,Regular,14,Create,ConfigMap,false
5.57133808,Regular,19,Update,Deployment,false
5.590980943,Regular,9,Delete,ConfigMap,false
5.600353743,Regular,6,Delete,Deployment,false
5.607233792,Regular,14,Create,Deployment,false
5.621396486,Regular,13,Create,ConfigMap,false
5.635041645,Regular,12,Update,Deployment,false
5.647237512,Regular,5,Delete,ConfigMap,false
5.652293577,Regular,7,Delete,Deployment,false
5.659956296,Regular,18,Create,Deployment,false
5.678949907,Regular,14,Create,ConfigMap,false
5.693622299,Regular,14,Update,Deployment,false
5.707883292,Regular,11,Delete,ConfigMap,false
5.719637477,Regular,12,Delete,Deployment,false
5.732000484,Regular,13,Create,Deployment,false
5.7453247229999995,Regular,13,Create,ConfigMap,false
5.7587929429999996,Regular,13,Update,Deployment,false
5.771902337,Regular,21,Delete,ConfigMap,false
5.793134413,Regular,21,Delete,Deployment,false
5.815160491,Regular,19,Create,Deployment,false
5.834262241,Regular,40,Create,ConfigMap,false
5.874599526,Regular,28,Update,Deployment,false
5.903298374,Regular,5,Delete,ConfigMap,false
5.90927058,Regular,16,Delete,Deployment,false
5.925682033,Regular,28,Create,Deployment,false
5.954159362,Regular,20,Create,ConfigMap,false
5.974241856,Regular,20,Update,Deployment,false
5.994697172,Regular,11,Delete,ConfigMap,false
5.028907604,Regular,20,Update,Deployment,false
5.049905636,Regular,12,Delete,ConfigMap,false
5.062643275,Regular,14,Delete,Deployment,false
5.077109914,Regular,22,Create,Deployment,false
5.099692645,Regular,16,Create,ConfigMap,false
5.115864396,Regular,36,Update,Deployment,false
5.152771205,Regular,15,Delete,ConfigMap,false
5.168069161,Regular,12,Delete,Deployment,false
5.180722697,Regular,21,Create,Deployment,false
5.201987926,Regular,16,Create,ConfigMap,false
5.218102607,Regular,14,Update,Deployment,false
5.232798385,Regular,10,Delete,ConfigMap,false
5.243193361,Regular,16,Delete,Deployment,false
5.259466863,Regular,13,Create,Deployment,false
5.272527799,Regular,20,Create,ConfigMap,false
5.293300061,Regular,11,Update,Deployment,false
5.304907845,Regular,13,Delete,ConfigMap,false
5.318041541,Regular,12,Delete,Deployment,false
5.330194796,Regular,13,Create,Deployment,false
5.34327812,Regular,10,Create,ConfigMap,false
5.353699407,Regular,11,Update,Deployment,false
5.365602117,Regular,6,Delete,ConfigMap,false
5.372479661,Regular,9,Delete,Deployment,false
5.382315016,Regular,13,Create,Deployment,false
5.39594839,Regular,14,Create,ConfigMap,false
5.410025279,Regular,20,Update,Deployment,false
5.430519534,Regular,11,Delete,ConfigMap,false
5.442212368,Regular,8,Delete,Deployment,false
5.451131792,Regular,14,Create,Deployment,false
5.465753146,Regular,14,Create,ConfigMap,false
5.480145502,Regular,15,Update,Deployment,false
5.495838889,Regular,7,Delete,ConfigMap,false
5.503608424,Regular,6,Delete,Deployment,false
5.5101669730000005,Regular,14,Create,Deployment,false
5.524589716,Regular,14,Create,ConfigMap,false
5.5393911110000005,Regular,10,Update,Deployment,false
5.550394495,Regular,7,Delete,ConfigMap,false
5.557657685,Regular,12,Delete,Deployment,false
5.570462421,Regular,14,Create,Deployment,false
5.585331405,Regular,13,Create,ConfigMap,false
5.599093163,Regular,13,Update,Deployment,false
5.612256279,Regular,9,Delete,ConfigMap,false
5.621715591,Regular,6,Delete,Deployment,false
5.628378861,Regular,13,Create,Deployment,false
5.642157529,Regular,11,Create,ConfigMap,false
5.653593021,Regular,12,Update,Deployment,false
5.666234245,Regular,7,Delete,ConfigMap,false
5.673538988,Regular,6,Delete,Deployment,false
5.67977853,Regular,16,Create,Deployment,false
5.695844039,Regular,8,Create,ConfigMap,false
5.704913438,Regular,13,Update,Deployment,false
5.718221037,Regular,10,Delete,ConfigMap,false
5.72838326,Regular,12,Delete,Deployment,false
5.740613379,Regular,10,Create,Deployment,false
5.7509111090000005,Regular,14,Create,ConfigMap,false
5.765579161,Regular,19,Update,Deployment,false
5.785516144,Regular,25,Delete,ConfigMap,false
5.810755747,Regular,12,Delete,Deployment,false
5.8231054140000005,Regular,25,Create,Deployment,false
5.848322809,Regular,36,Create,ConfigMap,false
5.885010423,Regular,19,Update,Deployment,false
5.904374109,Regular,10,Delete,ConfigMap,false
5.915247609,Regular,25,Delete,Deployment,false
5.940602502,Regular,24,Create,Deployment,false
5.965263781,Regular,16,Create,ConfigMap,false
5.981556492,Regular,17,Update,Deployment,false
5.998704107,Regular,11,Delete,ConfigMap,false
5.017892714,Regular,16,Update,Deployment,false
5.034861038,Regular,16,Delete,ConfigMap,false
5.051697668,Regular,19,Delete,Deployment,false
5.071096543,Regular,27,Create,Deployment,false
5.098965082,Regular,17,Create,ConfigMap,false
5.116099261,Regular,27,Update,Deployment,false
5.143670019,Regular,16,Delete,ConfigMap,false
5.16060147,Regular,11,Delete,Deployment,false
5.172585217,Regular,14,Create,Deployment,false
5.1868643070000005,Regular,14,Create,ConfigMap,false
5.201436526,Regular,15,Update,Deployment,false
5.216950062,Regular,5,Delete,ConfigMap,false
5.221992873,Regular,11,Delete,Deployment,false
5.233154709,Regular,20,Create,Deployment,false
5.25397344,Regular,16,Create,ConfigMap,false
5.270939504,Regular,22,Update,Deployment,false
5.293198518,Regular,9,Delete,ConfigMap,false
5.302432068,Regular,7,Delete,Deployment,false
5.310011017,Regular,13,Create,Deployment,false
5.323763782,Regular,10,Create,ConfigMap,false
5.333964648,Regular,15,Update,Deployment,false
5.349260367,Regular,5,Delete,ConfigMap,false
5.355052294,Regular,6,Delete,Deployment,false
5.361572149,Regular,20,Create,Deployment,false
5.382306413,Regular,14,Create,ConfigMap,false
5.3966760990000004,Regular,12,Update,Deployment,false
5.408714283,Regular,14,Delete,ConfigMap,false
5.42277715,Regular,10,Delete,Deployment,false
5.433628222,Regular,16,Create,Deployment,false
5.449696327,Regular,14,Create,ConfigMap,false
5.464205243,Regular,15,Update,Deployment,false
5.47995731,Regular,12,Delete,ConfigMap,false
5.492937678,Regular,10,Delete,Deployment,false
5.503494498,Regular,15,Create,Deployment,false
5.518856117,Regular,10,Create,ConfigMap,false
5.529355422,Regular,14,Update,Deployment,false
5.5434086350000005,Regular,7,Delete,ConfigMap,false
5.550611121,Regular,7,Delete,Deployment,false
5.558644205,Regular,14,Create,Deployment,false
5.573635132,Regular,11,Create,ConfigMap,false
5.585010941,Regular,14,Update,Deployment,false
5.599973158,Regular,10,Delete,ConfigMap,false
5.610751559,Regular,10,Delete,Deployment,false
5.621149151,Regular,14,Create,Deployment,false
5.635234253,Regular,13,Create,ConfigMap,false
5.6487484949999995,Regular,10,Update,Deployment,false
5.659674819,Regular,13,Delete,ConfigMap,false
5.67331734,Regular,7,Delete,Deployment,false
5.680625966,Regular,14,Create,Deployment,false
5.695653549,Regular,14,Create,ConfigMap,false
5.710069778,Regular,15,Update,Deployment,false
5.72598514,Regular,13,Delete,ConfigMap,false
5.7392026640000005,Regular,10,Delete,Deployment,false
5.749898974,Regular,9,Create,Deployment,false
5.75974529,Regular,11,Create,ConfigMap,false
5.771671149,Regular,23,Update,Deployment,false
5.794876463,Regular,15,Delete,ConfigMap,false
5.810437275,Regular,13,Delete,Deployment,false
5.823825797,Regular,24,Create,Deployment,false
5.848822957,Regular,37,Create,ConfigMap,false
5.886453801,Regular,29,Update,Deployment,false
5.915848381,Regular,18,Delete,ConfigMap,false
5.9344368,Regular,9,Delete,Deployment,false
5.943769838,Regular,18,Create,Deployment,false
5.96278173,Regular,14,Create,ConfigMap,false
5.9774146649999995,Regular,20,Update,Deployment,false
5.9980012590000005,Regular,12,Delete,ConfigMap,false
5.027993841,Regular,19,Delete,ConfigMap,false
5.047368331,Regular,13,Delete,Deployment,false
5.06053311,Regular,28,Create,Deployment,false
5.088982198,Regular,20,Create,ConfigMap,false
5.109071109,Regular,16,Update,Deployment,false
5.125555294,Regular,24,Delete,ConfigMap,false
5.150004602,Regular,9,Delete,Deployment,false
5.159872331,Regular,13,Create,Deployment,false
5.173647905,Regular,14,Create,ConfigMap,false
5.188317467,Regular,16,Update,Deployment,false
5.204712136,Regular,14,Delete,ConfigMap,false
5.219654007,Regular,12,Delete,Deployment,false
5.232653305,Regular,17,Create,Deployment,false
5.250299216,Regular,12,Create,ConfigMap,false
5.262598495,Regular,12,Update,Deployment,false
5.275320337,Regular,17,Delete,ConfigMap,false
5.292728256,Regular,7,Delete,Deployment,false
5.299815065,Regular,13,Create,Deployment,false
5.313667857,Regular,12,Create,ConfigMap,false
5.325846088,Regular,14,Update,Deployment,false
5.340703063,Regular,10,Delete,ConfigMap,false
5.350876247,Regular,6,Delete,Deployment,false
5.357451497,Regular,11,Create,Deployment,false
5.368819412,Regular,17,Create,ConfigMap,false
5.386573851,Regular,11,Update,Deployment,false
5.397952215,Regular,7,Delete,ConfigMap,false
5.405781662,Regular,9,Delete,Deployment,false
5.415251289,Regular,15,Create,Deployment,false
5.430514114,Regular,18,Create,ConfigMap,false
5.448615532,Regular,17,Update,Deployment,false
5.4656895,Regular,17,Delete,ConfigMap,false
5.483186654,Regular,9,Delete,Deployment,false
5.492937771,Regular,11,Create,Deployment,false
5.504280325,Regular,19,Create,ConfigMap,false
5.523724327,Regular,13,Update,Deployment,false
5.537685134,Regular,8,Delete,ConfigMap,false
5.546693743,Regular,8,Delete,Deployment,false
5.555434101,Regular,20,Create,Deployment,false
5.5756421,Regular,14,Create,ConfigMap,false
5.590029233,Regular,15,Update,Deployment,false
5.605890532,Regular,10,Delete,ConfigMap,false
5.616537351,Regular,9,Delete,Deployment,false
5.626494581,Regular,15,Create,Deployment,false
5.642391777,Regular,10,Create,ConfigMap,false
5.652703429,Regular,16,Update,Deployment,false
5.66945294,Regular,14,Delete,ConfigMap,false
5.683481779,Regular,11,Delete,Deployment,false
5.695415365,Regular,12,Create,Deployment,false
5.708426513,Regular,12,Create,ConfigMap,false
5.7210794,Regular,15,Update,Deployment,false
5.736146467,Regular,9,Delete,ConfigMap,false
5.745615709,Regular,5,Delete,Deployment,false
5.751552891,Regular,12,Create,Deployment,false
5.764114734,Regular,15,Create,ConfigMap,false
5.779513904,Regular,29,Update,Deployment,false
5.80940995,Regular,11,Delete,ConfigMap,false
5.821101502,Regular,7,Delete,Deployment,false
5.8289989779999996,Regular,44,Create,Deployment,false
5.873635579,Regular,34,Create,ConfigMap,false
5.907802494,Regular,21,Update,Deployment,false
5.929589998,Regular,19,Delete,ConfigMap,false
5.949618791,Regular,11,Delete,Deployment,false
5.961259097,Regular,16,Create,Deployment,false
5.977771773,Regular,16,Create,ConfigMap,false
5.994704132,Regular,15,Update,Deployment,false
5.051100612,Regular,22,Delete,Deployment,false
5.074018891,Regular,25,Create,Deployment,false
5.099050482,Regular,17,Create,ConfigMap,false
5.116116529,Regular,42,Update,Deployment,false
5.158815906,Regular,16,Delete,ConfigMap,false
5.174911013,Regular,12,Delete,Deployment,false
5.187408243,Regular,17,Create,Deployment,false
5.205120863,Regular,20,Create,ConfigMap,false
5.225918105,Regular,17,Update,Deployment,false
5.243189733,Regular,11,Delete,ConfigMap,false
5.254241776,Regular,12,Delete,Deployment,false
5.267230504,Regular,16,Create,Deployment,false
5.283505889,Regular,19,Create,ConfigMap,false
5.30272873,Regular,12,Update,Deployment,false
5.31504876,Regular,15,Delete,ConfigMap,false
5.330169028,Regular,10,Delete,Deployment,false
5.340515587,Regular,14,Create,Deployment,false
5.354706654,Regular,12,Create,ConfigMap,false
5.366754254,Regular,15,Update,Deployment,false
5.382315168,Regular,13,Delete,ConfigMap,false
5.39539802,Regular,6,Delete,Deployment,false
5.402273376,Regular,18,Create,Deployment,false
5.420909015,Regular,13,Create,ConfigMap,false
5.434913128,Regular,15,Update,Deployment,false
5.450224793,Regular,10,Delete,ConfigMap,false
5.461040619,Regular,6,Delete,Deployment,false
5.467492735,Regular,21,Create,Deployment,false
5.488815049,Regular,16,Create,ConfigMap,false
5.505272084,Regular,16,Update,Deployment,false
5.521991524,Regular,7,Delete,ConfigMap,false
5.529760604,Regular,9,Delete,Deployment,false
5.539061539,Regular,12,Create,Deployment,false
5.551131155,Regular,18,Create,ConfigMap,false
5.569289454,Regular,15,Update,Deployment,false
5.585167008,Regular,12,Delete,ConfigMap,false
5.597463063,Regular,8,Delete,Deployment,false
5.605816255,Regular,15,Create,Deployment,false
5.621295814,Regular,11,Create,ConfigMap,false
5.632887138,Regular,9,Update,Deployment,false
5.642684389,Regular,7,Delete,ConfigMap,false
5.650543644,Regular,5,Delete,Deployment,false
5.656484101,Regular,12,Create,Deployment,false
5.668822212,Regular,14,Create,ConfigMap,false
5.683585415,Regular,17,Update,Deployment,false
5.700787086,Regular,8,Delete,ConfigMap,false
5.709424198,Regular,9,Delete,Deployment,false
5.71939974,Regular,14,Create,Deployment,false
5.734020059,Regular,10,Create,ConfigMap,false
5.745128859,Regular,12,Update,Deployment,false
5.75757357,Regular,5,Delete,ConfigMap,false
5.763015533,Regular,15,Delete,Deployment,false
5.778771074,Regular,40,Create,Deployment,false
5.819697931,Regular,10,Create,ConfigMap,false
5.830309054,Regular,39,Update,Deployment,false
5.870144227,Regular,16,Delete,ConfigMap,false
5.886406121,Regular,16,Delete,Deployment,false
5.902881106,Regular,13,Create,Deployment,false
5.916358885,Regular,25,Create,ConfigMap,false
5.942351459,Regular,20,Update,Deployment,false
5.963094583,Regular,14,Delete,ConfigMap,false
5.977549302,Regular,10,Delete,Deployment,false
5.987911417,Regular,16,Create,Deployment,false
6.004703408,Regular,12,Create,ConfigMap,false
5.028112469,Regular,23,Create,ConfigMap,false
5.051988737,Regular,26,Update,Deployment,false
5.078799903,Regular,17,Delete,ConfigMap,false
5.096670702,Regular,10,Delete,Deployment,false
5.107631094,Regular,36,Create,Deployment,false
5.143789831,Regular,26,Create,ConfigMap,false
5.170231595,Regular,25,Update,Deployment,false
5.195986311,Regular,10,Delete,ConfigMap,false
5.206973251,Regular,11,Delete,Deployment,false
5.218834875,Regular,17,Create,Deployment,false
5.236433306,Regular,16,Create,ConfigMap,false
5.252923748,Regular,19,Update,Deployment,false
5.272489215,Regular,9,Delete,ConfigMap,false
5.281664446,Regular,15,Delete,Deployment,false
5.297507218,Regular,20,Create,Deployment,false
5.318165632,Regular,17,Create,ConfigMap,false
5.335787114,Regular,13,Update,Deployment,false
5.349054718,Regular,9,Delete,ConfigMap,false
5.358711399,Regular,8,Delete,Deployment,false
5.367184509,Regular,22,Create,Deployment,false
5.389664537,Regular,12,Create,ConfigMap,false
5.40231465,Regular,17,Update,Deployment,false
5.419615253,Regular,10,Delete,ConfigMap,false
5.430256868,Regular,13,Delete,Deployment,false
5.443576304,Regular,17,Create,Deployment,false
5.460792931,Regular,10,Create,ConfigMap,false
5.471288126,Regular,21,Update,Deployment,false
5.492946354,Regular,9,Delete,ConfigMap,false
5.502956013,Regular,7,Delete,Deployment,false
5.510420905,Regular,19,Create,Deployment,false
5.529946692,Regular,14,Create,ConfigMap,false
5.544613755,Regular,13,Update,Deployment,false
5.557860358,Regular,14,Delete,ConfigMap,false
5.572153674,Regular,5,Delete,Deployment,false
5.577489381,Regular,20,Create,Deployment,false
5.597597918,Regular,17,Create,ConfigMap,false
5.615069697,Regular,11,Update,Deployment,false
5.626897578,Regular,8,Delete,ConfigMap,false
5.635001568,Regular,9,Delete,Deployment,false
5.644257957,Regular,11,Create,Deployment,false
5.655751152,Regular,14,Create,ConfigMap,false
5.670120055,Regular,19,Update,Deployment,false
5.689769879,Regular,9,Delete,ConfigMap,false
5.6989153340000005,Regular,8,Delete,Deployment,false
5.706958764,Regular,14,Create,Deployment,false
5.721160016,Regular,11,Create,ConfigMap,false
5.733083124,Regular,17,Update,Deployment,false
5.750429509,Regular,10,Delete,ConfigMap,false
5.760846582,Regular,8,Delete,Deployment,false
5.768977053,Regular,31,Create,Deployment,false
5.8007786679999995,Regular,22,Create,ConfigMap,false
5.823048717,Regular,22,Update,Deployment,false
5.8453427399999995,Regular,28,Delete,ConfigMap,false
5.8734126159999995,Regular,22,Delete,Deployment,false
5.895716167,Regular,21,Create,Deployment,false
5.9169844959999995,Regular,38,Create,ConfigMap,false
5.956009277,Regular,18,Update,Deployment,false
5.974679516,Regular,8,Delete,ConfigMap,false
5.982839252,Regular,13,Delete,Deployment,false
5.9964004079999995,Regular,12,Create,Deployment,false
6.008658608,Regular,13,Create,ConfigMap,false
5.028986186,Regular,24,Update,Deployment,false
5.053240317,Regular,16,Delete,ConfigMap,false
5.069806351,Regular,17,Delete,Deployment,false
5.087122283,Regular,23,Create,Deployment,false
5.110494869,Regular,31,Create,ConfigMap,false
5.142189627,Regular,15,Update,Deployment,false
5.157283845,Regular,15,Delete,ConfigMap,false
5.173205937,Regular,14,Delete,Deployment,false
5.187408084,Regular,17,Create,Deployment,false
5.204614316,Regular,22,Create,ConfigMap,false
5.226904634,Regular,24,Update,Deployment,false
5.251780805,Regular,9,Delete,ConfigMap,false
5.261250624,Regular,10,Delete,Deployment,false
5.272151482,Regular,11,Create,Deployment,false
5.283338277,Regular,19,Create,ConfigMap,false
5.30292635,Regular,15,Update,Deployment,false
5.318406469,Regular,11,Delete,ConfigMap,false
5.330308034,Regular,8,Delete,Deployment,false
5.339295995,Regular,14,Create,Deployment,false
5.354214657,Regular,13,Create,ConfigMap,false
5.367962241,Regular,15,Update,Deployment,false
5.3839259649999995,Regular,13,Delete,ConfigMap,false
5.397124732,Regular,9,Delete,Deployment,false
5.406754036,Regular,21,Create,Deployment,false
5.428545765,Regular,15,Create,ConfigMap,false
5.443595081,Regular,17,Update,Deployment,false
5.460695826,Regular,6,Delete,ConfigMap,false
5.467070735,Regular,21,Delete,Deployment,false
5.488233566,Regular,16,Create,Deployment,false
5.505132713,Regular,16,Create,ConfigMap,false
5.521412365,Regular,16,Update,Deployment,false
5.537517734,Regular,8,Delete,ConfigMap,false
5.545967926,Regular,9,Delete,Deployment,false
5.555414365,Regular,21,Create,Deployment,false
5.5771501610000005,Regular,13,Create,ConfigMap,false
5.590698319,Regular,13,Update,Deployment,false
5.6045258780000005,Regular,10,Delete,ConfigMap,false
5.614999266,Regular,10,Delete,Deployment,false
5.625796597,Regular,16,Create,Deployment,false
5.642428025,Regular,11,Create,ConfigMap,false
5.653908189,Regular,16,Update,Deployment,false
5.670170099,Regular,12,Delete,ConfigMap,false
5.682241875,Regular,9,Delete,Deployment,false
5.692114605,Regular,11,Create,Deployment,false
5.70337231,Regular,11,Create,ConfigMap,false
5.714963844,Regular,11,Update,Deployment,false
5.726929115,Regular,11,Delete,ConfigMap,false
5.738668531,Regular,11,Delete,Deployment,false
5.749692809,Regular,12,Create,Deployment,false
5.762190765,Regular,9,Create,ConfigMap,false
5.771877392,Regular,28,Update,Deployment,false
5.800785231,Regular,20,Delete,ConfigMap,false
5.821327994,Regular,12,Delete,Deployment,false
5.833562801,Regular,41,Create,Deployment,false
5.874763511,Regular,28,Create,ConfigMap,false
5.902982214,Regular,12,Update,Deployment,false
5.915794085,Regular,16,Delete,ConfigMap,false
5.9322166119999995,Regular,15,Delete,Deployment,false
5.948053251,Regular,16,Create,Deployment,false
5.964523086,Regular,13,Create,ConfigMap,false
5.977639516,Regular,17,Update,Deployment,false
5.995477735,Regular,9,Delete,ConfigMap,false
6.004823531,Regular,10,Delete,Deployment,false
6.015559866,Regular,12,Create,Deployment,false
5.016480667,Regular,12,Update,Deployment,false
5.029009609,Regular,20,Delete,ConfigMap,false
5.049086937,Regular,11,Delete,Deployment,false
5.060913284,Regular,26,Create,Deployment,false
5.087620406,Regular,17,Create,ConfigMap,false
5.105458701,Regular,30,Update,Deployment,false
5.13566507,Regular,25,Delete,ConfigMap,false
5.16117873,Regular,10,Delete,Deployment,false
5.171779908,Regular,16,Create,Deployment,false
5.187953337,Regular,15,Create,ConfigMap,false
5.203048551,Regular,15,Update,Deployment,false
5.218598633,Regular,8,Delete,ConfigMap,false
5.227322094,Regular,19,Delete,Deployment,false
5.247147431,Regular,15,Create,Deployment,false
5.262973378,Regular,13,Create,ConfigMap,false
5.2769771500000004,Regular,20,Update,Deployment,false
5.297501053,Regular,11,Delete,ConfigMap,false
5.308919035,Regular,16,Delete,Deployment,false
5.325161559,Regular,13,Create,Deployment,false
5.339015186,Regular,14,Create,ConfigMap,false
5.353972607,Regular,13,Update,Deployment,false
5.367660689,Regular,14,Delete,ConfigMap,false
5.381870573,Regular,13,Delete,Deployment,false
5.395565903,Regular,11,Create,Deployment,false
5.40702333,Regular,18,Create,ConfigMap,false
5.425369022,Regular,15,Update,Deployment,false
5.440980828,Regular,10,Delete,ConfigMap,false
5.451286341,Regular,13,Delete,Deployment,false
5.464890686,Regular,23,Create,Deployment,false
5.488465811,Regular,12,Create,ConfigMap,false
5.500891458,Regular,12,Update,Deployment,false
5.513718977,Regular,15,Delete,ConfigMap,false
5.529381872,Regular,11,Delete,Deployment,false
5.541308303,Regular,10,Create,Deployment,false
5.551499526,Regular,16,Create,ConfigMap,false
5.568273602,Regular,15,Update,Deployment,false
5.583790496,Regular,13,Delete,ConfigMap,false
5.59734172,Regular,13,Delete,Deployment,false
5.610571317,Regular,13,Create,Deployment,false
5.6243463689999995,Regular,11,Create,ConfigMap,false
5.635519478,Regular,13,Update,Deployment,false
5.649232095,Regular,4,Delete,ConfigMap,false
5.654247696,Regular,10,Delete,Deployment,false
5.664929143,Regular,13,Create,Deployment,false
5.6784501,Regular,16,Create,ConfigMap,false
5.694928419,Regular,9,Update,Deployment,false
5.704911289,Regular,11,Delete,ConfigMap,false
5.716347985,Regular,10,Delete,Deployment,false
5.726920897,Regular,18,Create,Deployment,false
5.745122054,Regular,13,Create,ConfigMap,false
5.758954022,Regular,12,Update,Deployment,false
5.771174309,Regular,26,Delete,ConfigMap,false
5.79727462,Regular,16,Delete,Deployment,false
5.813982922,Regular,13,Create,Deployment,false
5.827860354,Regular,42,Create,ConfigMap,false
5.870016636,Regular,33,Update,Deployment,false
5.903632082,Regular,11,Delete,ConfigMap,false
5.915603796,Regular,24,Delete,Deployment,false
5.9400361440000005,Regular,24,Create,Deployment,false
5.96420787,Regular,12,Create,ConfigMap,false
5.976233325,Regular,12,Update,Deployment,false
5.988557729,Regular,11,Delete,ConfigMap,false
6.000098444,Regular,10,Delete,Deployment,false
6.010270666,Regular,16,Create,Deployment,false
6.026507334,Regular,19,Create,ConfigMap,false
5.017849613,Regular,24,Update,Deployment,false
5.042243638,Regular,13,Delete,ConfigMap,false
5.055769067,Regular,19,Delete,Deployment,false
5.075441751,Regular,24,Create,Deployment,false
5.099526034,Regular,15,Create,ConfigMap,false
5.114672881,Regular,37,Update,Deployment,false
5.152326414,Regular,15,Delete,ConfigMap,false
5.167621533,Regular,12,Delete,Deployment,false
5.180040717,Regular,21,Create,Deployment,false
5.201245196,Regular,18,Create,ConfigMap,false
5.219339087,Regular,18,Update,Deployment,false
5.238335977,Regular,13,Delete,ConfigMap,false
5.252212425,Regular,15,Delete,Deployment,false
5.267705304,Regular,15,Create,Deployment,false
5.283274497,Regular,17,Create,ConfigMap,false
5.30123169,Regular,17,Update,Deployment,false
5.318929864,Regular,11,Delete,ConfigMap,false
5.330160633,Regular,10,Delete,Deployment,false
5.340245975,Regular,18,Create,Deployment,false
5.359181217,Regular,14,Create,ConfigMap,false
5.373619321,Regular,18,Update,Deployment,false
5.391921111,Regular,7,Delete,ConfigMap,false
5.399168202,Regular,10,Delete,Deployment,false
5.410151671,Regular,18,Create,Deployment,false
5.4283255950000004,Regular,15,Create,ConfigMap,false
5.443883027,Regular,16,Update,Deployment,false
5.460703979,Regular,6,Delete,ConfigMap,false
5.466799858,Regular,20,Delete,Deployment,false
5.487669049,Regular,16,Create,Deployment,false
5.504605053,Regular,19,Create,ConfigMap,false
5.523936684,Regular,13,Update,Deployment,false
5.537648506,Regular,8,Delete,ConfigMap,false
5.546167906,Regular,9,Delete,Deployment,false
5.555275861,Regular,21,Create,Deployment,false
5.576764658,Regular,21,Create,ConfigMap,false
5.5984126,Regular,15,Update,Deployment,false
5.614410242,Regular,11,Delete,ConfigMap,false
5.62627035,Regular,10,Delete,Deployment,false
5.636649225,Regular,14,Create,Deployment,false
5.651400889,Regular,10,Create,ConfigMap,false
5.662086811,Regular,16,Update,Deployment,false
5.678934267,Regular,15,Delete,ConfigMap,false
5.694266456,Regular,9,Delete,Deployment,false
5.703478781,Regular,13,Create,Deployment,false
5.716884408,Regular,16,Create,ConfigMap,false
5.733510259,Regular,16,Update,Deployment,false
5.750396269,Regular,11,Delete,ConfigMap,false
5.761572478,Regular,9,Delete,Deployment,false
5.770913833,Regular,29,Create,Deployment,false
5.800536612,Regular,28,Create,ConfigMap,false
5.829195161,Regular,44,Update,Deployment,false
5.8733415860000004,Regular,21,Delete,ConfigMap,false
5.894991142,Regular,12,Delete,Deployment,false
5.907803444,Regular,23,Create,Deployment,false
5.93103428,Regular,18,Create,ConfigMap,false
5.94949163,Regular,16,Update,Deployment,false
5.965861706,Regular,14,Delete,ConfigMap,false
5.980181009,Regular,17,Delete,Deployment,false
5.997814008,Regular,17,Create,Deployment,false
6.015763287,Regular,11,Create,ConfigMap,false
6.027420974,Regular,18,Update,Deployment,false
5.029126541,Regular,21,Update,Deployment,false
5.050154945,Regular,9,Delete,ConfigMap,false
5.059848676,Regular,18,Delete,Deployment,false
5.078520866,Regular,18,Create,Deployment,false
5.0975134,Regular,15,Create,ConfigMap,false
5.112678079,Regular,39,Update,Deployment,false
5.151983249,Regular,18,Delete,ConfigMap,false
5.170196608,Regular,10,Delete,Deployment,false
5.180709345,Regular,19,Create,Deployment,false
5.200324008,Regular,17,Create,ConfigMap,false
5.218325358,Regular,20,Update,Deployment,false
5.239203277,Regular,12,Delete,ConfigMap,false
5.2515131329999996,Regular,10,Delete,Deployment,false
5.262337463,Regular,15,Create,Deployment,false
5.27747223,Regular,12,Create,ConfigMap,false
5.289522598,Regular,19,Update,Deployment,false
5.308581049,Regular,16,Delete,ConfigMap,false
5.325093395,Regular,8,Delete,Deployment,false
5.333467399,Regular,19,Create,Deployment,false
5.352709517,Regular,9,Create,ConfigMap,false
5.362338094,Regular,19,Update,Deployment,false
5.381756291,Regular,14,Delete,ConfigMap,false
5.396634479,Regular,10,Delete,Deployment,false
5.406898471,Regular,21,Create,Deployment,false
5.42832019,Regular,14,Create,ConfigMap,false
5.442487589,Regular,13,Update,Deployment,false
5.455872148,Regular,9,Delete,ConfigMap,false
5.465657132,Regular,17,Delete,Deployment,false
5.483379805,Regular,18,Create,Deployment,false
5.501677801,Regular,10,Create,ConfigMap,false
5.511954008,Regular,15,Update,Deployment,false
5.527808632,Regular,10,Delete,ConfigMap,false
5.538767782,Regular,7,Delete,Deployment,false
5.545887741,Regular,12,Create,Deployment,false
5.558640022,Regular,15,Create,ConfigMap,false
5.574219626,Regular,16,Update,Deployment,false
5.591038388,Regular,11,Delete,ConfigMap,false
5.602884179,Regular,12,Delete,Deployment,false
5.615059631,Regular,12,Create,Deployment,false
5.627582943,Regular,9,Create,ConfigMap,false
5.636690893,Regular,14,Update,Deployment,false
5.651653289,Regular,7,Delete,ConfigMap,false
5.659645344,Regular,10,Delete,Deployment,false
5.669984679,Regular,19,Create,Deployment,false
5.689351688,Regular,9,Create,ConfigMap,false
5.6988152119999995,Regular,13,Update,Deployment,false
5.712451118,Regular,9,Delete,ConfigMap,false
5.7218287,Regular,10,Delete,Deployment,false
5.732181083,Regular,14,Create,Deployment,false
5.746312042,Regular,12,Create,ConfigMap,false
5.758960802,Regular,12,Update,Deployment,false
5.771514902,Regular,25,Delete,ConfigMap,false
5.7970455990000005,Regular,18,Delete,Deployment,false
5.815464605,Regular,18,Create,Deployment,false
5.833949261,Regular,40,Create,ConfigMap,false
5.874438866,Regular,27,Update,Deployment,false
5.901647674,Regular,10,Delete,ConfigMap,false
5.911763969,Regular,13,Delete,Deployment,false
5.925780003,Regular,26,Create,Deployment,false
5.952711857,Regular,12,Create,ConfigMap,false
5.964984953,Regular,18,Update,Deployment,false
5.983085449,Regular,15,Delete,ConfigMap,false
5.998133974,Regular,6,Delete,Deployment,false
6.005084696,Regular,17,Create,Deployment,false
6.022667327,Regular,13,Create,ConfigMap,false
6.035818086,Regular,18,Update,Deployment,false
6.027771126,Regular,18,Create,ConfigMap,false
6.045874885,Regular,18,Update,Deployment,false
6.063948027,Regular,7,Delete,ConfigMap,false
6.071472516,Regular,9,Delete,Deployment,false
6.081404936,Regular,22,Create,Deployment,false
6.103997793,Regular,16,Create,ConfigMap,false
6.120637641,Regular,18,Update,Deployment,false
6.139584451,Regular,7,Delete,ConfigMap,false
6.146777015,Regular,8,Delete,Deployment,false
6.155466167,Regular,20,Create,Deployment,false
6.176365864,Regular,22,Create,ConfigMap,false
6.199223864,Regular,17,Update,Deployment,false
6.2164500480000005,Regular,9,Delete,ConfigMap,false
6.226008435,Regular,11,Delete,Deployment,false
6.237382905,Regular,20,Create,Deployment,false
6.258058739,Regular,21,Create,ConfigMap,false
6.279196535,Regular,14,Update,Deployment,false
6.293782126,Regular,14,Delete,ConfigMap,false
6.308661876,Regular,10,Delete,Deployment,false
6.319054601,Regular,18,Create,Deployment,false
6.337607068,Regular,18,Create,ConfigMap,false
6.355754316,Regular,16,Update,Deployment,false
6.372661817,Regular,12,Delete,ConfigMap,false
6.385286696,Regular,11,Delete,Deployment,false
6.396867611,Regular,15,Create,Deployment,false
6.41262573,Regular,13,Create,ConfigMap,false
6.426404049,Regular,19,Update,Deployment,false
6.445884774,Regular,14,Delete,ConfigMap,false
6.460720051,Regular,11,Delete,Deployment,false
6.472606572,Regular,16,Create,Deployment,false
6.489295514,Regular,11,Create,ConfigMap,false
6.501115506,Regular,15,Update,Deployment,false
6.516807737,Regular,10,Delete,ConfigMap,false
6.526997169,Regular,10,Delete,Deployment,false
6.537063796,Regular,14,Create,Deployment,false
6.551747106,Regular,16,Create,ConfigMap,false
6.5684778470000005,Regular,11,Update,Deployment,false
6.580476186,Regular,17,Delete,ConfigMap,false
6.597823659,Regular,9,Delete,Deployment,false
6.607382115,Regular,15,Create,Deployment,false
6.623092677,Regular,28,Create,ConfigMap,false
6.652075569,Regular,9,Update,Deployment,false
6.661940384,Regular,10,Delete,ConfigMap,false
6.672836274,Regular,16,Delete,Deployment,false
6.689851973,Regular,19,Create,Deployment,false
6.709115172,Regular,27,Create,ConfigMap,false
6.736963004,Regular,27,Update,Deployment,false
6.764015118,Regular,10,Delete,ConfigMap,false
6.77443401,Regular,21,Delete,Deployment,false
6.7964383680000005,Regular,28,Create,Deployment,false
6.8251896389999995,Regular,25,Create,ConfigMap,false
6.850339924,Regular,32,Update,Deployment,false
6.882796026,Regular,8,Delete,ConfigMap,false
6.891705955,Regular,26,Delete,Deployment,false
6.918448701,Regular,21,Create,Deployment,false
6.9397178,Regular,15,Create,ConfigMap,false
6.955639123,Regular,11,Update,Deployment,false
6.967445078,Regular,12,Delete,ConfigMap,false
6.97993371,Regular,22,Delete,Deployment,false
6.009885748,Regular,8,Delete,Deployment,false
6.01799629,Regular,15,Create,Deployment,false
6.033883432,Regular,21,Create,ConfigMap,false
6.055034365,Regular,19,Update,Deployment,false
6.074534964,Regular,13,Delete,ConfigMap,false
6.088452698,Regular,10,Delete,Deployment,false
6.098663885,Regular,14,Create,Deployment,false
6.112926824,Regular,11,Create,ConfigMap,false
6.124856699,Regular,17,Update,Deployment,false
6.142501003,Regular,6,Delete,ConfigMap,false
6.148906547,Regular,16,Delete,Deployment,false
6.164987829,Regular,11,Create,Deployment,false
6.176597158,Regular,24,Create,ConfigMap,false
6.201148719,Regular,19,Update,Deployment,false
6.221006403,Regular,12,Delete,ConfigMap,false
6.233067494,Regular,12,Delete,Deployment,false
6.245262741,Regular,13,Create,Deployment,false
6.259273243,Regular,19,Create,ConfigMap,false
6.2792937349999995,Regular,19,Update,Deployment,false
6.298805716,Regular,13,Delete,ConfigMap,false
6.3126994849999996,Regular,11,Delete,Deployment,false
6.323831237,Regular,24,Create,Deployment,false
6.348011063,Regular,14,Create,ConfigMap,false
6.362295322,Regular,13,Update,Deployment,false
6.375869204,Regular,11,Delete,ConfigMap,false
6.387750317,Regular,12,Delete,Deployment,false
6.40033479,Regular,12,Create,Deployment,false
6.41332907,Regular,11,Create,ConfigMap,false
6.425083706,Regular,15,Update,Deployment,false
6.440920757,Regular,20,Delete,ConfigMap,false
6.461898973,Regular,14,Delete,Deployment,false
6.475994175,Regular,16,Create,Deployment,false
6.49295233,Regular,13,Create,ConfigMap,false
6.506600429,Regular,12,Update,Deployment,false
6.519505377,Regular,11,Delete,ConfigMap,false
6.531334875,Regular,11,Delete,Deployment,false
6.542608467,Regular,15,Create,Deployment,false
6.558177855,Regular,10,Create,ConfigMap,false
6.568287007,Regular,13,Update,Deployment,false
6.581654497,Regular,16,Delete,ConfigMap,false
6.598009985,Regular,9,Delete,Deployment,false
6.60711962,Regular,14,Create,Deployment,false
6.621440117,Regular,21,Create,ConfigMap,false
6.643179816,Regular,19,Update,Deployment,false
6.662574319,Regular,12,Delete,ConfigMap,false
6.675132626,Regular,23,Delete,Deployment,false
6.699020665,Regular,30,Create,Deployment,false
6.72947522,Regular,41,Create,ConfigMap,false
6.770635958,Regular,20,Update,Deployment,false
6.791478493,Regular,14,Delete,ConfigMap,false
6.8058036600000005,Regular,38,Delete,Deployment,false
6.844569381,Regular,36,Create,Deployment,false
6.881329166,Regular,11,Create,ConfigMap,false
6.893163101,Regular,31,Update,Deployment,false
6.924687819,Regular,8,Delete,ConfigMap,false
6.933287592,Regular,9,Delete,Deployment,false
6.943148338,Regular,10,Create,Deployment,false
6.953810719,Regular,13,Create,ConfigMap,false
6.967178957,Regular,13,Update,Deployment,false
6.98115576,Regular,22,Delete,ConfigMap,false
6.005889388,Regular,12,Delete,Deployment,false
6.017988678,Regular,9,Create,Deployment,false
6.02804033,Regular,16,Create,ConfigMap,false
6.044338281,Regular,19,Update,Deployment,false
6.063671257,Regular,9,Delete,ConfigMap,false
6.073072124,Regular,8,Delete,Deployment,false
6.081997851,Regular,22,Create,Deployment,false
6.10498894,Regular,14,Create,ConfigMap,false
6.119315927,Regular,14,Update,Deployment,false
6.133519646,Regular,9,Delete,ConfigMap,false
6.14328488,Regular,9,Delete,Deployment,false
6.152382818,Regular,13,Create,Deployment,false
6.165965461,Regular,20,Create,ConfigMap,false
6.18603302,Regular,17,Update,Deployment,false
6.203191316,Regular,7,Delete,ConfigMap,false
6.211005339,Regular,15,Delete,Deployment,false
6.226199315,Regular,16,Create,Deployment,false
6.2430882,Regular,10,Create,ConfigMap,false
6.253145021,Regular,24,Update,Deployment,false
6.278033864,Regular,13,Delete,ConfigMap,false
6.291308991,Regular,10,Delete,Deployment,false
6.301333476,Regular,13,Create,Deployment,false
6.314775182,Regular,16,Create,ConfigMap,false
6.331485079,Regular,16,Update,Deployment,false
6.348080907,Regular,14,Delete,ConfigMap,false
6.362640957,Regular,11,Delete,Deployment,false
6.373691292,Regular,21,Create,Deployment,false
6.394815158,Regular,17,Create,ConfigMap,false
6.41246319,Regular,14,Update,Deployment,false
6.4266750550000005,Regular,13,Delete,ConfigMap,false
6.440693957,Regular,16,Delete,Deployment,false
6.4571176789999996,Regular,15,Create,Deployment,false
6.472837272,Regular,13,Create,ConfigMap,false
6.486755874,Regular,12,Update,Deployment,false
6.498976821,Regular,11,Delete,ConfigMap,false
6.510908178,Regular,11,Delete,Deployment,false
6.522273557,Regular,17,Create,Deployment,false
6.540138816,Regular,10,Create,ConfigMap,false
6.551108154,Regular,18,Update,Deployment,false
6.569257965,Regular,6,Delete,ConfigMap,false
6.576119865,Regular,10,Delete,Deployment,false
6.586860521,Regular,21,Create,Deployment,false
6.607933292,Regular,13,Create,ConfigMap,false
6.621456463,Regular,19,Update,Deployment,false
6.64063803,Regular,12,Delete,ConfigMap,false
6.653341161,Regular,10,Delete,Deployment,false
6.663872195,Regular,25,Create,Deployment,false
6.689802825,Regular,16,Create,ConfigMap,false
6.706520134,Regular,18,Update,Deployment,false
6.724895265,Regular,11,Delete,ConfigMap,false
6.73695044,Regular,26,Delete,Deployment,false
6.76339769,Regular,26,Create,Deployment,false
6.789678116,Regular,16,Create,ConfigMap,false
6.806227628,Regular,38,Update,Deployment,false
6.844793393,Regular,25,Delete,ConfigMap,false
6.870069044,Regular,16,Delete,Deployment,false
6.886876363,Regular,18,Create,Deployment,false
6.905674597,Regular,28,Create,ConfigMap,false
6.934118172,Regular,23,Update,Deployment,false
6.958052682,Regular,10,Delete,ConfigMap,false
6.968395477,Regular,10,Delete,Deployment,false
6.978678193,Regular,25,Create,Deployment,false
6.054001045,Regular,12,Delete,ConfigMap,false
6.066143775,Regular,10,Delete,Deployment,false
6.077177267,Regular,18,Create,Deployment,false
6.095379226,Regular,11,Create,ConfigMap,false
6.106570054,Regular,14,Update,Deployment,false
6.120819869,Regular,12,Delete,ConfigMap,false
6.133154546,Regular,13,Delete,Deployment,false
6.146787319,Regular,14,Create,Deployment,false
6.161510009,Regular,10,Create,ConfigMap,false
6.1724988960000005,Regular,16,Update,Deployment,false
6.189145728,Regular,15,Delete,ConfigMap,false
6.204703381,Regular,11,Delete,Deployment,false
6.216132166,Regular,12,Create,Deployment,false
6.229188154,Regular,15,Create,ConfigMap,false
6.24437088,Regular,14,Update,Deployment,false
6.258681531,Regular,20,Delete,ConfigMap,false
6.279065567,Regular,10,Delete,Deployment,false
6.290082631,Regular,22,Create,Deployment,false
6.31298316,Regular,11,Create,ConfigMap,false
6.324777784,Regular,26,Update,Deployment,false
6.35118677,Regular,10,Delete,ConfigMap,false
6.362223353,Regular,9,Delete,Deployment,false
6.372144586,Regular,15,Create,Deployment,false
6.38815352,Regular,11,Create,ConfigMap,false
6.39985028,Regular,12,Update,Deployment,false
6.412205599,Regular,8,Delete,ConfigMap,false
6.421234169,Regular,9,Delete,Deployment,false
6.430278058,Regular,21,Create,Deployment,false
6.451408137,Regular,16,Create,ConfigMap,false
6.467660823,Regular,13,Update,Deployment,false
6.481015726,Regular,6,Delete,ConfigMap,false
6.48801573,Regular,13,Delete,Deployment,false
6.501438351,Regular,17,Create,Deployment,false
6.518949796,Regular,12,Create,ConfigMap,false
6.531765009,Regular,15,Update,Deployment,false
6.547215968,Regular,16,Delete,ConfigMap,false
6.563904236,Regular,11,Delete,Deployment,false
6.575779637,Regular,14,Create,Deployment,false
6.590798488,Regular,15,Create,ConfigMap,false
6.605875138,Regular,17,Update,Deployment,false
6.623453954,Regular,26,Delete,ConfigMap,false
6.6500316999999995,Regular,10,Delete,Deployment,false
6.660723136,Regular,26,Create,Deployment,false
6.687301333,Regular,15,Create,ConfigMap,false
6.703063569,Regular,24,Update,Deployment,false
6.727166365,Regular,24,Delete,ConfigMap,false
6.752168514,Regular,23,Delete,Deployment,false
6.77595334,Regular,30,Create,Deployment,false
6.806637608,Regular,33,Create,ConfigMap,false
6.84057331,Regular,30,Update,Deployment,false
6.870753647,Regular,16,Delete,ConfigMap,false
6.887423615,Regular,9,Delete,Deployment,false
6.897359421,Regular,32,Create,Deployment,false
6.929590003,Regular,20,Create,ConfigMap,false
6.950499871,Regular,15,Update,Deployment,false
6.966025578,Regular,8,Delete,ConfigMap,false
6.975013058,Regular,12,Delete,Deployment,false
6.987365435,Regular,22,Create,Deployment,false
6.010796558,Regular,11,Delete,ConfigMap,false
6.022270105,Regular,11,Delete,Deployment,false
6.033646702,Regular,16,Create,Deployment,false
6.050561344,Regular,10,Create,ConfigMap,false
6.060879752,Regular,14,Update,Deployment,false
6.075647147,Regular,11,Delete,ConfigMap,false
6.087432895,Regular,11,Delete,Deployment,false
6.099021233,Regular,14,Create,Deployment,false
6.113525794,Regular,10,Create,ConfigMap,false
6.123605267,Regular,16,Update,Deployment,false
6.139762655,Regular,8,Delete,ConfigMap,false
6.147986839,Regular,9,Delete,Deployment,false
6.157647257,Regular,18,Create,Deployment,false
6.176590073,Regular,25,Create,ConfigMap,false
6.202369844,Regular,18,Update,Deployment,false
6.220533143,Regular,8,Delete,ConfigMap,false
6.228817321,Regular,15,Delete,Deployment,false
6.24388786,Regular,20,Create,Deployment,false
6.2647413180000004,Regular,15,Create,ConfigMap,false
6.280202818,Regular,13,Update,Deployment,false
6.293369883,Regular,15,Delete,ConfigMap,false
6.308604696,Regular,10,Delete,Deployment,false
6.318718897,Regular,18,Create,Deployment,false
6.33689296,Regular,18,Create,ConfigMap,false
6.355758307,Regular,18,Update,Deployment,false
6.374193924,Regular,15,Delete,ConfigMap,false
6.39020862,Regular,9,Delete,Deployment,false
6.400016204,Regular,17,Create,Deployment,false
6.417108711,Regular,15,Create,ConfigMap,false
6.432509822,Regular,23,Update,Deployment,false
6.455745716,Regular,12,Delete,ConfigMap,false
6.468423226,Regular,9,Delete,Deployment,false
6.478362472,Regular,18,Create,Deployment,false
6.496910045,Regular,14,Create,ConfigMap,false
6.51130819,Regular,13,Update,Deployment,false
6.524920157,Regular,13,Delete,ConfigMap,false
6.538203862,Regular,13,Delete,Deployment,false
6.551240926,Regular,16,Create,Deployment,false
6.567571562,Regular,13,Create,ConfigMap,false
6.580603077,Regular,18,Update,Deployment,false
6.598801328,Regular,7,Delete,ConfigMap,false
6.606356004,Regular,13,Delete,Deployment,false
6.619671234,Regular,22,Create,Deployment,false
6.64258155,Regular,16,Create,ConfigMap,false
6.659488449,Regular,16,Update,Deployment,false
6.675895291,Regular,19,Delete,ConfigMap,false
6.695125839,Regular,12,Delete,Deployment,false
6.707934024,Regular,29,Create,Deployment,false
6.737352604,Regular,32,Create,ConfigMap,false
6.769604495,Regular,25,Update,Deployment,false
6.795571844,Regular,16,Delete,ConfigMap,false
6.8116636,Regular,39,Delete,Deployment,false
6.851142293,Regular,30,Create,Deployment,false
6.881431528,Regular,12,Create,ConfigMap,false
6.893523375,Regular,24,Update,Deployment,false
6.918470793,Regular,12,Delete,ConfigMap,false
6.931458933,Regular,17,Delete,Deployment,false
6.949360984,Regular,13,Create,Deployment,false
6.962812671,Regular,11,Create,ConfigMap,false
6.974590524,Regular,21,Update,Deployment,false
6.996023969,Regular,14,Delete,ConfigMap,false
6.010389195,Regular,8,Delete,Deployment,false
6.01886211,Regular,13,Create,Deployment,false
6.032364846,Regular,12,Create,ConfigMap,false
6.045214101,Regular,16,Update,Deployment,false
6.061782288,Regular,12,Delete,ConfigMap,false
6.073920779,Regular,13,Delete,Deployment,false
6.087584046,Regular,16,Create,Deployment,false
6.104398922,Regular,11,Create,ConfigMap,false
6.115793487,Regular,14,Update,Deployment,false
6.129948056,Regular,13,Delete,ConfigMap,false
6.143899295,Regular,6,Delete,Deployment,false
6.150802835,Regular,14,Create,Deployment,false
6.165396901,Regular,10,Create,ConfigMap,false
6.175937768,Regular,10,Update,Deployment,false
6.186791688,Regular,17,Delete,ConfigMap,false
6.203891222,Regular,12,Delete,Deployment,false
6.216156881,Regular,14,Create,Deployment,false
6.231051582,Regular,14,Create,ConfigMap,false
6.245382249,Regular,14,Update,Deployment,false
6.260338399,Regular,14,Delete,ConfigMap,false
6.275144538,Regular,10,Delete,Deployment,false
6.285547706,Regular,17,Create,Deployment,false
6.303033396,Regular,15,Create,ConfigMap,false
6.318299429,Regular,13,Update,Deployment,false
6.331655891,Regular,12,Delete,ConfigMap,false
6.343855274,Regular,11,Delete,Deployment,false
6.3557254069999995,Regular,20,Create,Deployment,false
6.376053746,Regular,10,Create,ConfigMap,false
6.386422337,Regular,15,Update,Deployment,false
6.402442932,Regular,11,Delete,ConfigMap,false
6.41395799,Regular,7,Delete,Deployment,false
6.421927803,Regular,15,Create,Deployment,false
6.436983893,Regular,20,Create,ConfigMap,false
6.457154399,Regular,15,Update,Deployment,false
6.472460055,Regular,13,Delete,ConfigMap,false
6.485765551,Regular,12,Delete,Deployment,false
6.498085011,Regular,15,Create,Deployment,false
6.513454913,Regular,11,Create,ConfigMap,false
6.524961435,Regular,14,Update,Deployment,false
6.539557339,Regular,11,Delete,ConfigMap,false
6.550926688,Regular,13,Delete,Deployment,false
6.564016498,Regular,18,Create,Deployment,false
6.582183893,Regular,17,Create,ConfigMap,false
6.599232395,Regular,16,Update,Deployment,false
6.615950482,Regular,12,Delete,ConfigMap,false
6.628608791,Regular,19,Delete,Deployment,false
6.648588909,Regular,13,Create,Deployment,false
6.662547664,Regular,19,Create,ConfigMap,false
6.681658458,Regular,30,Update,Deployment,false
6.712145409,Regular,18,Delete,ConfigMap,false
6.730789252,Regular,32,Delete,Deployment,false
6.763398013,Regular,33,Create,Deployment,false
6.797317441,Regular,29,Create,ConfigMap,false
6.827104731,Regular,43,Update,Deployment,false
6.870899507,Regular,17,Delete,ConfigMap,false
6.888006371,Regular,9,Delete,Deployment,false
6.897562065,Regular,21,Create,Deployment,false
6.918642612,Regular,15,Create,ConfigMap,false
6.934620552,Regular,17,Update,Deployment,false
6.952145934,Regular,13,Delete,ConfigMap,false
6.966050798,Regular,8,Delete,Deployment,false
6.974377502,Regular,21,Create,Deployment,false
6.996016901,Regular,17,Create,ConfigMap,false
6.017141175,Regular,11,Update,Deployment,false
6.028728297,Regular,9,Delete,ConfigMap,false
6.037872194,Regular,13,Delete,Deployment,false
6.051463053,Regular,16,Create,Deployment,false
6.068239924,Regular,17,Create,ConfigMap,false
6.085321195,Regular,19,Update,Deployment,false
6.104430614,Regular,9,Delete,ConfigMap,false
6.113814201,Regular,8,Delete,Deployment,false
6.122285627,Regular,19,Create,Deployment,false
6.142026952,Regular,12,Create,ConfigMap,false
6.154955119,Regular,16,Update,Deployment,false
6.171029869,Regular,5,Delete,ConfigMap,false
6.176553368,Regular,20,Delete,Deployment,false
6.197137896,Regular,13,Create,Deployment,false
6.210233171,Regular,12,Create,ConfigMap,false
6.222747926,Regular,16,Update,Deployment,false
6.2388988659999995,Regular,12,Delete,ConfigMap,false
6.250994185,Regular,17,Delete,Deployment,false
6.268818131,Regular,17,Create,Deployment,false
6.286123397,Regular,16,Create,ConfigMap,false
6.30302119,Regular,15,Update,Deployment,false
6.318505797,Regular,12,Delete,ConfigMap,false
6.330693175,Regular,9,Delete,Deployment,false
6.339775576,Regular,15,Create,Deployment,false
6.355082913,Regular,17,Create,ConfigMap,false
6.373057061,Regular,14,Update,Deployment,false
6.387466531,Regular,9,Delete,ConfigMap,false
6.396628711,Regular,8,Delete,Deployment,false
6.405003404,Regular,12,Create,Deployment,false
6.417498842,Regular,13,Create,ConfigMap,false
6.430656575,Regular,26,Update,Deployment,false
6.457475181,Regular,14,Delete,ConfigMap,false
6.471968171,Regular,14,Delete,Deployment,false
6.486420327,Regular,15,Create,Deployment,false
6.501557601,Regular,14,Create,ConfigMap,false
6.51631577,Regular,13,Update,Deployment,false
6.530129024,Regular,9,Delete,ConfigMap,false
6.540009396,Regular,11,Delete,Deployment,false
6.551617108,Regular,17,Create,Deployment,false
6.569187537,Regular,10,Create,ConfigMap,false
6.579948304,Regular,13,Update,Deployment,false
6.593919573,Regular,9,Delete,ConfigMap,false
6.603427791,Regular,17,Delete,Deployment,false
6.62105143,Regular,21,Create,Deployment,false
6.642594321,Regular,16,Create,ConfigMap,false
6.65907176,Regular,14,Update,Deployment,false
6.673974145,Regular,18,Delete,ConfigMap,false
6.692966527,Regular,14,Delete,Deployment,false
6.707532198,Regular,29,Create,Deployment,false
6.73721765,Regular,23,Create,ConfigMap,false
6.760663474,Regular,16,Update,Deployment,false
6.7769321940000005,Regular,28,Delete,ConfigMap,false
6.8058746,Regular,37,Delete,Deployment,false
6.843902518,Regular,37,Create,Deployment,false
6.881366002,Regular,10,Create,ConfigMap,false
6.892114147,Regular,26,Update,Deployment,false
6.918693429,Regular,15,Delete,ConfigMap,false
6.9345777250000005,Regular,14,Delete,Deployment,false
6.949230718,Regular,18,Create,Deployment,false
6.967262063,Regular,12,Create,ConfigMap,false
6.9800155329999996,Regular,29,Update,Deployment,false
7.009367094,Regular,6,Delete,ConfigMap,false
6.045618845,Regular,18,Update,Deployment,false
6.063995044,Regular,8,Delete,ConfigMap,false
6.072870662,Regular,10,Delete,Deployment,false
6.083714466,Regular,20,Create,Deployment,false
6.103960785,Regular,16,Create,ConfigMap,false
6.120747204,Regular,21,Update,Deployment,false
6.142243592,Regular,9,Delete,ConfigMap,false
6.15208225,Regular,9,Delete,Deployment,false
6.161408251,Regular,15,Create,Deployment,false
6.176635358,Regular,22,Create,ConfigMap,false
6.199310839,Regular,16,Update,Deployment,false
6.215428374,Regular,6,Delete,ConfigMap,false
6.222426275,Regular,11,Delete,Deployment,false
6.233914705,Regular,17,Create,Deployment,false
6.251189532,Regular,19,Create,ConfigMap,false
6.270480672,Regular,15,Update,Deployment,false
6.285644946,Regular,14,Delete,ConfigMap,false
6.299943921,Regular,14,Delete,Deployment,false
6.31424824,Regular,22,Create,Deployment,false
6.337107748,Regular,18,Create,ConfigMap,false
6.355991575,Regular,17,Update,Deployment,false
6.3740248059999995,Regular,6,Delete,ConfigMap,false
6.380765701,Regular,11,Delete,Deployment,false
6.391932288,Regular,10,Create,Deployment,false
6.402333927,Regular,14,Create,ConfigMap,false
6.417291696,Regular,17,Update,Deployment,false
6.434421105,Regular,16,Delete,ConfigMap,false
6.450587001,Regular,16,Delete,Deployment,false
6.467243551,Regular,14,Create,Deployment,false
6.481595542,Regular,12,Create,ConfigMap,false
6.494042562,Regular,17,Update,Deployment,false
6.51187287,Regular,11,Delete,ConfigMap,false
6.523550503,Regular,10,Delete,Deployment,false
6.534564642,Regular,17,Create,Deployment,false
6.551706171,Regular,15,Create,ConfigMap,false
6.56715671,Regular,15,Update,Deployment,false
6.583031552,Regular,12,Delete,ConfigMap,false
6.595644383,Regular,8,Delete,Deployment,false
6.603934948,Regular,17,Create,Deployment,false
6.621407154,Regular,21,Create,ConfigMap,false
6.642526001,Regular,21,Update,Deployment,false
6.6636550549999995,Regular,15,Delete,ConfigMap,false
6.678910611,Regular,19,Delete,Deployment,false
6.698140713,Regular,15,Create,Deployment,false
6.714169766,Regular,37,Create,ConfigMap,false
6.751224523,Regular,19,Update,Deployment,false
6.770771688,Regular,7,Delete,ConfigMap,false
6.778211154,Regular,27,Delete,Deployment,false
6.805911851,Regular,38,Create,Deployment,false
6.844281985,Regular,36,Create,ConfigMap,false
6.881156616,Regular,16,Update,Deployment,false
6.89799527,Regular,16,Delete,ConfigMap,false
6.914043857,Regular,15,Delete,Deployment,false
6.929801213,Regular,17,Create,Deployment,false
6.94706085,Regular,11,Create,ConfigMap,false
6.958725106,Regular,14,Update,Deployment,false
6.97324811,Regular,14,Delete,ConfigMap,false
6.987934969,Regular,17,Delete,Deployment,false
7.005517204,Regular,11,Create,Deployment,false
6.022088165,Regular,12,Update,Deployment,false
6.034342437,Regular,10,Delete,ConfigMap,false
6.045277556,Regular,14,Delete,Deployment,false
6.06005676,Regular,14,Create,Deployment,false
6.074249004,Regular,20,Create,ConfigMap,false
6.095202675,Regular,17,Update,Deployment,false
6.112881961,Regular,7,Delete,ConfigMap,false
6.120566021,Regular,8,Delete,Deployment,false
6.129535443,Regular,18,Create,Deployment,false
6.147608359,Regular,11,Create,ConfigMap,false
6.159615359,Regular,17,Update,Deployment,false
6.176696753,Regular,15,Delete,ConfigMap,false
6.192127532,Regular,10,Delete,Deployment,false
6.202469516,Regular,17,Create,Deployment,false
6.220325375,Regular,16,Create,ConfigMap,false
6.237089814,Regular,22,Update,Deployment,false
6.2599856,Regular,12,Delete,ConfigMap,false
6.272355784,Regular,13,Delete,Deployment,false
6.285812406,Regular,20,Create,Deployment,false
6.306263018,Regular,13,Create,ConfigMap,false
6.319473417,Regular,15,Update,Deployment,false
6.335471087,Regular,15,Delete,ConfigMap,false
6.351239618,Regular,15,Delete,Deployment,false
6.366821054,Regular,11,Create,Deployment,false
6.378829316,Regular,14,Create,ConfigMap,false
6.393395617,Regular,18,Update,Deployment,false
6.411887322,Regular,9,Delete,ConfigMap,false
6.421057823,Regular,9,Delete,Deployment,false
6.430105722,Regular,27,Create,Deployment,false
6.457618661,Regular,16,Create,ConfigMap,false
6.474573648,Regular,13,Update,Deployment,false
6.488222314,Regular,10,Delete,ConfigMap,false
6.498390098,Regular,13,Delete,Deployment,false
6.511614301,Regular,11,Create,Deployment,false
6.523051463,Regular,16,Create,ConfigMap,false
6.540120764,Regular,15,Update,Deployment,false
6.555948683,Regular,12,Delete,ConfigMap,false
6.568450165,Regular,12,Delete,Deployment,false
6.580821094,Regular,18,Create,Deployment,false
6.599518191,Regular,15,Create,ConfigMap,false
6.615135935,Regular,19,Update,Deployment,false
6.634286083,Regular,15,Delete,ConfigMap,false
6.6499086720000005,Regular,11,Delete,Deployment,false
6.661499089,Regular,17,Create,Deployment,false
6.678956471,Regular,25,Create,ConfigMap,false
6.704410018,Regular,22,Update,Deployment,false
6.727310177,Regular,25,Delete,ConfigMap,false
6.752448431,Regular,19,Delete,Deployment,false
6.77242263,Regular,25,Create,Deployment,false
6.7976477299999996,Regular,33,Create,ConfigMap,false
6.830911922,Regular,40,Update,Deployment,false
6.871143175,Regular,16,Delete,ConfigMap,false
6.887356991,Regular,10,Delete,Deployment,false
6.897982344,Regular,26,Create,Deployment,false
6.9246170110000005,Regular,24,Create,ConfigMap,false
6.949285424,Regular,16,Update,Deployment,false
6.965757097,Regular,4,Delete,ConfigMap,false
6.970558158,Regular,5,Delete,Deployment,false
6.975982116,Regular,18,Create,Deployment,false
6.994182509,Regular,16,Create,ConfigMap,false
7.01041506,Regular,16,Update,Deployment,false
6.045616592,Regular,14,Delete,ConfigMap,false
6.060462015,Regular,13,Delete,Deployment,false
6.07387609,Regular,15,Create,Deployment,false
6.089310689,Regular,14,Create,ConfigMap,false
6.103855642,Regular,17,Update,Deployment,false
6.120976381,Regular,12,Delete,ConfigMap,false
6.13348272,Regular,13,Delete,Deployment,false
6.147238072,Regular,19,Create,Deployment,false
6.166641238,Regular,11,Create,ConfigMap,false
6.178177098,Regular,19,Update,Deployment,false
6.197439939,Regular,8,Delete,ConfigMap,false
6.206190254,Regular,12,Delete,Deployment,false
6.218833995,Regular,15,Create,Deployment,false
6.23441627,Regular,16,Create,ConfigMap,false
6.250887481,Regular,18,Update,Deployment,false
6.269062843,Regular,14,Delete,ConfigMap,false
6.283905164,Regular,15,Delete,Deployment,false
6.299198433,Regular,14,Create,Deployment,false
6.313755493,Regular,10,Create,ConfigMap,false
6.324482544,Regular,25,Update,Deployment,false
6.350180655,Regular,9,Delete,ConfigMap,false
6.359896754,Regular,13,Delete,Deployment,false
6.3734948209999995,Regular,13,Create,Deployment,false
6.386552428,Regular,14,Create,ConfigMap,false
6.400695695,Regular,12,Update,Deployment,false
6.412801507,Regular,8,Delete,ConfigMap,false
6.420948526,Regular,8,Delete,Deployment,false
6.429190833,Regular,14,Create,Deployment,false
6.444128362,Regular,24,Create,ConfigMap,false
6.468417668,Regular,16,Update,Deployment,false
6.4845604869999995,Regular,9,Delete,ConfigMap,false
6.494572911,Regular,6,Delete,Deployment,false
6.501132941,Regular,17,Create,Deployment,false
6.518343566,Regular,13,Create,ConfigMap,false
6.532048616,Regular,20,Update,Deployment,false
6.552210514,Regular,11,Delete,ConfigMap,false
6.56393959,Regular,8,Delete,Deployment,false
6.572218486,Regular,14,Create,Deployment,false
6.587122064,Regular,15,Create,ConfigMap,false
6.602877328,Regular,21,Update,Deployment,false
6.624030474,Regular,18,Delete,ConfigMap,false
6.642830145,Regular,17,Delete,Deployment,false
6.660831704,Regular,26,Create,Deployment,false
6.687389267,Regular,12,Create,ConfigMap,false
6.700137506,Regular,11,Update,Deployment,false
6.711610593,Regular,19,Delete,ConfigMap,false
6.730666265,Regular,32,Delete,Deployment,false
6.763394743,Regular,33,Create,Deployment,false
6.797196227,Regular,47,Create,ConfigMap,false
6.8444175529999995,Regular,29,Update,Deployment,false
6.873495879,Regular,12,Delete,ConfigMap,false
6.886451035,Regular,18,Delete,Deployment,false
6.904535342,Regular,26,Create,Deployment,false
6.930910788,Regular,17,Create,ConfigMap,false
6.94878389,Regular,15,Update,Deployment,false
6.964342818,Regular,7,Delete,ConfigMap,false
6.971569426,Regular,14,Delete,Deployment,false
6.986370223,Regular,18,Create,Deployment,false
7.004874879,Regular,11,Create,ConfigMap,false
7.016163114,Regular,25,Update,Deployment,false
7.041269961,Regular,9,Delete,ConfigMap,false
7.017293294,Regular,9,Create,ConfigMap,false
7.026950179,Regular,12,Update,Deployment,false
7.039352235,Regular,8,Delete,ConfigMap,false
7.047420946,Regular,11,Delete,Deployment,false
7.058924716,Regular,16,Create,Deployment,false
7.075919027,Regular,19,Create,ConfigMap,false
7.095160338,Regular,13,Update,Deployment,false
7.108543622,Regular,7,Delete,ConfigMap,false
7.116011612,Regular,12,Delete,Deployment,false
7.128144461,Regular,23,Create,Deployment,false
7.151319527,Regular,15,Create,ConfigMap,false
7.167136437,Regular,15,Update,Deployment,false
7.182528405,Regular,6,Delete,ConfigMap,false
7.189036843,Regular,13,Delete,Deployment,false
7.202689444,Regular,20,Create,Deployment,false
7.223355843,Regular,20,Create,ConfigMap,false
7.243632789,Regular,17,Update,Deployment,false
7.261164588,Regular,12,Delete,ConfigMap,false
7.273693383,Regular,8,Delete,Deployment,false
7.282595199,Regular,17,Create,Deployment,false
7.300447066,Regular,9,Create,ConfigMap,false
7.309618701,Regular,14,Update,Deployment,false
7.323845785,Regular,15,Delete,ConfigMap,false
7.338911371,Regular,17,Delete,Deployment,false
7.356855266,Regular,22,Create,Deployment,false
7.379164917,Regular,18,Create,ConfigMap,false
7.39722822,Regular,16,Update,Deployment,false
7.41360767,Regular,13,Delete,ConfigMap,false
7.427042671,Regular,13,Delete,Deployment,false
7.440772482,Regular,11,Create,Deployment,false
7.4525398339999995,Regular,18,Create,ConfigMap,false
7.471375844,Regular,22,Update,Deployment,false
7.493916159,Regular,10,Delete,ConfigMap,false
7.504351485,Regular,28,Delete,Deployment,false
7.53283994,Regular,19,Create,Deployment,false
7.551963462,Regular,18,Create,ConfigMap,false
7.570172862,Regular,17,Update,Deployment,false
7.587436874,Regular,8,Delete,ConfigMap,false
7.5958255789999995,Regular,8,Delete,Deployment,false
7.6048303310000005,Regular,16,Create,Deployment,false
7.62098429,Regular,15,Create,ConfigMap,false
7.636040374,Regular,13,Update,Deployment,false
7.649929053,Regular,6,Delete,ConfigMap,false
7.656870616,Regular,13,Delete,Deployment,false
7.670142779,Regular,14,Create,Deployment,false
7.684560963,Regular,17,Create,ConfigMap,false
7.701888094,Regular,22,Update,Deployment,false
7.724766924,Regular,15,Delete,ConfigMap,false
7.739993532,Regular,11,Delete,Deployment,false
7.751769816,Regular,16,Create,Deployment,false
7.768656283,Regular,23,Create,ConfigMap,false
7.792358984,Regular,46,Update,Deployment,false
7.838950302,Regular,23,Delete,ConfigMap,false
7.863001745,Regular,16,Delete,Deployment,false
7.879288216,Regular,31,Create,Deployment,false
7.911026934,Regular,25,Create,ConfigMap,false
7.936358188,Regular,29,Update,Deployment,false
7.965499123,Regular,14,Delete,ConfigMap,false
7.9804773220000005,Regular,10,Delete,Deployment,false
7.991005569,Regular,18,Create,Deployment,false
7.003520318,Regular,11,Delete,Deployment,false
7.014809614,Regular,11,Create,Deployment,false
7.026380653,Regular,20,Create,ConfigMap,false
7.047357486,Regular,10,Update,Deployment,false
7.05766772,Regular,8,Delete,ConfigMap,false
7.065795785,Regular,9,Delete,Deployment,false
7.075440655,Regular,25,Create,Deployment,false
7.101009542,Regular,13,Create,ConfigMap,false
7.114142088,Regular,15,Update,Deployment,false
7.129461584,Regular,15,Delete,ConfigMap,false
7.145006543,Regular,10,Delete,Deployment,false
7.155453219,Regular,17,Create,Deployment,false
7.173236757,Regular,13,Create,ConfigMap,false
7.186717205,Regular,12,Update,Deployment,false
7.199499012,Regular,8,Delete,ConfigMap,false
7.208286344,Regular,16,Delete,Deployment,false
7.224612187,Regular,23,Create,Deployment,false
7.24807824,Regular,21,Create,ConfigMap,false
7.26960522,Regular,13,Update,Deployment,false
7.282669452,Regular,9,Delete,ConfigMap,false
7.292624963,Regular,11,Delete,Deployment,false
7.304426563,Regular,18,Create,Deployment,false
7.322985842,Regular,18,Create,ConfigMap,false
7.341699544,Regular,20,Update,Deployment,false
7.362782425,Regular,15,Delete,ConfigMap,false
7.378656672,Regular,17,Delete,Deployment,false
7.395774253,Regular,8,Create,Deployment,false
7.404447444,Regular,20,Create,ConfigMap,false
7.425175429,Regular,11,Update,Deployment,false
7.436346986,Regular,12,Delete,ConfigMap,false
7.448612769,Regular,11,Delete,Deployment,false
7.460276524,Regular,15,Create,Deployment,false
7.476162688,Regular,21,Create,ConfigMap,false
7.497389414,Regular,21,Update,Deployment,false
7.519193904,Regular,9,Delete,ConfigMap,false
7.528807623,Regular,9,Delete,Deployment,false
7.538212869,Regular,13,Create,Deployment,false
7.552130703,Regular,11,Create,ConfigMap,false
7.56332865,Regular,14,Update,Deployment,false
7.57804018,Regular,12,Delete,ConfigMap,false
7.591041559,Regular,8,Delete,Deployment,false
7.602670108,Regular,17,Create,Deployment,false
7.623593071,Regular,20,Create,ConfigMap,false
7.6438786180000005,Regular,16,Update,Deployment,false
7.663029929,Regular,12,Delete,ConfigMap,false
7.68312748,Regular,14,Delete,Deployment,false
7.702767153,Regular,17,Create,Deployment,false
7.723579653,Regular,16,Create,ConfigMap,false
7.743139692,Regular,17,Update,Deployment,false
7.762907334,Regular,16,Delete,ConfigMap,false
7.782994734,Regular,42,Delete,Deployment,false
7.82553025,Regular,36,Create,Deployment,false
7.86207848,Regular,18,Create,ConfigMap,false
7.880949816,Regular,35,Update,Deployment,false
7.916307529,Regular,19,Delete,ConfigMap,false
7.936121711,Regular,23,Delete,Deployment,false
7.959994374,Regular,15,Create,Deployment,false
7.975991001,Regular,16,Create,ConfigMap,false
7.992480009,Regular,17,Update,Deployment,false
7.002827981,Regular,13,Create,Deployment,false
7.016089174,Regular,10,Create,ConfigMap,false
7.026492405,Regular,16,Update,Deployment,false
7.043017381,Regular,8,Delete,ConfigMap,false
7.051272061,Regular,13,Delete,Deployment,false
7.064361665,Regular,10,Create,Deployment,false
7.075255252,Regular,21,Create,ConfigMap,false
7.096340066,Regular,19,Update,Deployment,false
7.115658245,Regular,7,Delete,ConfigMap,false
7.123562807,Regular,7,Delete,Deployment,false
7.131131653,Regular,20,Create,Deployment,false
7.151168166,Regular,15,Create,ConfigMap,false
7.166431086,Regular,17,Update,Deployment,false
7.184147113,Regular,9,Delete,ConfigMap,false
7.193514009,Regular,9,Delete,Deployment,false
7.203405344,Regular,15,Create,Deployment,false
7.219277623,Regular,16,Create,ConfigMap,false
7.236197553,Regular,29,Update,Deployment,false
7.265573016,Regular,8,Delete,ConfigMap,false
7.2738406,Regular,15,Delete,Deployment,false
7.288915259,Regular,15,Create,Deployment,false
7.304918696,Regular,14,Create,ConfigMap,false
7.319760809,Regular,18,Update,Deployment,false
7.338054608,Regular,16,Delete,ConfigMap,false
7.354686478,Regular,15,Delete,Deployment,false
7.37045915,Regular,21,Create,Deployment,false
7.391858325,Regular,18,Create,ConfigMap,false
7.410001364,Regular,17,Update,Deployment,false
7.427280331,Regular,12,Delete,ConfigMap,false
7.44012285,Regular,13,Delete,Deployment,false
7.45377042,Regular,17,Create,Deployment,false
7.470914304,Regular,13,Create,ConfigMap,false
7.48472027,Regular,17,Update,Deployment,false
7.502165806,Regular,25,Delete,ConfigMap,false
7.527632648,Regular,8,Delete,Deployment,false
7.536334669,Regular,10,Create,Deployment,false
7.546428622,Regular,16,Create,ConfigMap,false
7.56334387,Regular,13,Update,Deployment,false
7.576569317,Regular,11,Delete,ConfigMap,false
7.588400613,Regular,12,Delete,Deployment,false
7.600622188,Regular,15,Create,Deployment,false
7.616208755,Regular,18,Create,ConfigMap,false
7.634906817,Regular,17,Update,Deployment,false
7.65202483,Regular,10,Delete,ConfigMap,false
7.662875589,Regular,13,Delete,Deployment,false
7.675909154,Regular,10,Create,Deployment,false
7.686210651,Regular,15,Create,ConfigMap,false
7.70204485,Regular,12,Update,Deployment,false
7.714263309,Regular,12,Delete,ConfigMap,false
7.726820056,Regular,20,Delete,Deployment,false
7.746894672,Regular,15,Create,Deployment,false
7.761950083,Regular,17,Create,ConfigMap,false
7.779570817,Regular,46,Update,Deployment,false
7.826484545,Regular,36,Delete,ConfigMap,false
7.86288138,Regular,16,Delete,Deployment,false
7.879230435,Regular,21,Create,Deployment,false
7.90086109,Regular,24,Create,ConfigMap,false
7.925226913,Regular,36,Update,Deployment,false
7.961850439,Regular,15,Delete,ConfigMap,false
7.977831738,Regular,12,Delete,Deployment,false
7.99071586,Regular,24,Create,Deployment,false
7.015511811,Regular,9,Delete,Deployment,false
7.024812498,Regular,17,Create,Deployment,false
7.042293637,Regular,11,Create,ConfigMap,false
7.053973285,Regular,17,Update,Deployment,false
7.071341184,Regular,5,Delete,ConfigMap,false
7.07699313,Regular,16,Delete,Deployment,false
7.093595438,Regular,14,Create,Deployment,false
7.107813948,Regular,11,Create,ConfigMap,false
7.119584157,Regular,19,Update,Deployment,false
7.13939334,Regular,12,Delete,ConfigMap,false
7.151860443,Regular,14,Delete,Deployment,false
7.165905182,Regular,19,Create,Deployment,false
7.185134725,Regular,16,Create,ConfigMap,false
7.201683564,Regular,19,Update,Deployment,false
7.221219175,Regular,10,Delete,ConfigMap,false
7.231692073,Regular,25,Delete,Deployment,false
7.257386453,Regular,16,Create,Deployment,false
7.273511632,Regular,9,Create,ConfigMap,false
7.282845195,Regular,13,Update,Deployment,false
7.296686374,Regular,9,Delete,ConfigMap,false
7.305922598,Regular,13,Delete,Deployment,false
7.319227256,Regular,18,Create,Deployment,false
7.338153284,Regular,17,Create,ConfigMap,false
7.356191155,Regular,20,Update,Deployment,false
7.376693374,Regular,17,Delete,ConfigMap,false
7.393924693,Regular,8,Delete,Deployment,false
7.402421932,Regular,23,Create,Deployment,false
7.425947582,Regular,8,Create,ConfigMap,false
7.434749946,Regular,13,Update,Deployment,false
7.448525182,Regular,11,Delete,ConfigMap,false
7.460376776,Regular,13,Delete,Deployment,false
7.473855676,Regular,19,Create,Deployment,false
7.493499334,Regular,35,Create,ConfigMap,false
7.528540103,Regular,13,Update,Deployment,false
7.542162289,Regular,15,Delete,ConfigMap,false
7.557725766,Regular,8,Delete,Deployment,false
7.5663407419999995,Regular,15,Create,Deployment,false
7.581559537,Regular,13,Create,ConfigMap,false
7.595054485,Regular,12,Update,Deployment,false
7.607250345,Regular,8,Delete,ConfigMap,false
7.615938535,Regular,16,Delete,Deployment,false
7.632042342,Regular,11,Create,Deployment,false
7.6440582070000005,Regular,15,Create,ConfigMap,false
7.65953742,Regular,11,Update,Deployment,false
7.671098415,Regular,13,Delete,ConfigMap,false
7.684673148,Regular,17,Delete,Deployment,false
7.702712533,Regular,21,Create,Deployment,false
7.724301705,Regular,16,Create,ConfigMap,false
7.74322762,Regular,18,Update,Deployment,false
7.762910611,Regular,17,Delete,ConfigMap,false
7.783074057,Regular,42,Delete,Deployment,false
7.825799638,Regular,37,Create,Deployment,false
7.863533009,Regular,21,Create,ConfigMap,false
7.885187459,Regular,32,Update,Deployment,false
7.9178366019999995,Regular,18,Delete,ConfigMap,false
7.936257888,Regular,23,Delete,Deployment,false
7.960002162,Regular,20,Create,Deployment,false
7.980241133,Regular,15,Create,ConfigMap,false
7.996337701,Regular,19,Update,Deployment,false
7.026608022,Regular,14,Delete,ConfigMap,false
7.040685526,Regular,12,Delete,Deployment,false
7.053014356,Regular,17,Create,Deployment,false
7.071068647,Regular,11,Create,ConfigMap,false
7.082632834,Regular,15,Update,Deployment,false
7.098293453,Regular,9,Delete,ConfigMap,false
7.10822479,Regular,9,Delete,Deployment,false
7.117929021,Regular,15,Create,Deployment,false
7.133357901,Regular,16,Create,ConfigMap,false
7.14991963,Regular,18,Update,Deployment,false
7.168384322,Regular,8,Delete,ConfigMap,false
7.17707919,Regular,10,Delete,Deployment,false
7.1880333,Regular,16,Create,Deployment,false
7.204664158,Regular,26,Create,ConfigMap,false
7.231230095,Regular,32,Update,Deployment,false
7.264145936,Regular,10,Delete,ConfigMap,false
7.274289292,Regular,14,Delete,Deployment,false
7.288921767,Regular,15,Create,Deployment,false
7.304627309,Regular,15,Create,ConfigMap,false
7.320640542,Regular,20,Update,Deployment,false
7.340809681,Regular,15,Delete,ConfigMap,false
7.3561918,Regular,20,Delete,Deployment,false
7.3767974689999996,Regular,20,Create,Deployment,false
7.396942911,Regular,16,Create,ConfigMap,false
7.413370036,Regular,16,Update,Deployment,false
7.430098478,Regular,16,Delete,ConfigMap,false
7.446282514,Regular,14,Delete,Deployment,false
7.460622373,Regular,14,Create,Deployment,false
7.475508283,Regular,22,Create,ConfigMap,false
7.498018325,Regular,15,Update,Deployment,false
7.51324053,Regular,18,Delete,ConfigMap,false
7.532003783,Regular,10,Delete,Deployment,false
7.5423468190000005,Regular,13,Create,Deployment,false
7.5563150310000005,Regular,11,Create,ConfigMap,false
7.568131395,Regular,18,Update,Deployment,false
7.586407114,Regular,10,Delete,ConfigMap,false
7.597323684,Regular,9,Delete,Deployment,false
7.606703219,Regular,20,Create,Deployment,false
7.627439067,Regular,15,Create,ConfigMap,false
7.643336993,Regular,16,Update,Deployment,false
7.659778035,Regular,10,Delete,ConfigMap,false
7.670022232,Regular,13,Delete,Deployment,false
7.6838143389999995,Regular,18,Create,Deployment,false
7.702331931,Regular,10,Create,ConfigMap,false
7.712805118,Regular,20,Update,Deployment,false
7.732902293,Regular,13,Delete,ConfigMap,false
7.74649325,Regular,10,Delete,Deployment,false
7.757078031,Regular,13,Create,Deployment,false
7.770508429,Regular,30,Create,ConfigMap,false
7.801262432,Regular,52,Update,Deployment,false
7.853513221,Regular,15,Delete,ConfigMap,false
7.868918429,Regular,13,Delete,Deployment,false
7.882108699,Regular,28,Create,Deployment,false
7.910697614,Regular,25,Create,ConfigMap,false
7.936289583,Regular,24,Update,Deployment,false
7.961313654,Regular,15,Delete,ConfigMap,false
7.977003401,Regular,12,Delete,Deployment,false
7.989902836,Regular,30,Create,Deployment,false
7.010429599,Regular,6,Delete,Deployment,false
7.017229215,Regular,18,Create,Deployment,false
7.035411802,Regular,11,Create,ConfigMap,false
7.047377186,Regular,15,Update,Deployment,false
7.063110292,Regular,12,Delete,ConfigMap,false
7.075818875,Regular,15,Delete,Deployment,false
7.091346843,Regular,13,Create,Deployment,false
7.104542173,Regular,10,Create,ConfigMap,false
7.115150297,Regular,13,Update,Deployment,false
7.129119073,Regular,10,Delete,ConfigMap,false
7.140133316,Regular,18,Delete,Deployment,false
7.159102387,Regular,12,Create,Deployment,false
7.171573738,Regular,16,Create,ConfigMap,false
7.18821038,Regular,15,Update,Deployment,false
7.204180579,Regular,16,Delete,ConfigMap,false
7.220571674,Regular,13,Delete,Deployment,false
7.234478705,Regular,29,Create,Deployment,false
7.264025765,Regular,10,Create,ConfigMap,false
7.274886444,Regular,15,Update,Deployment,false
7.2902367869999996,Regular,9,Delete,ConfigMap,false
7.300119626,Regular,4,Delete,Deployment,false
7.304835481,Regular,16,Create,Deployment,false
7.321639714,Regular,15,Create,ConfigMap,false
7.337599608,Regular,20,Update,Deployment,false
7.357691595,Regular,15,Delete,ConfigMap,false
7.373180329,Regular,11,Delete,Deployment,false
7.384777718,Regular,18,Create,Deployment,false
7.402860675,Regular,22,Create,ConfigMap,false
7.425612531,Regular,10,Update,Deployment,false
7.436588981,Regular,13,Delete,ConfigMap,false
7.449963462,Regular,14,Delete,Deployment,false
7.464040989,Regular,11,Create,Deployment,false
7.476100646,Regular,21,Create,ConfigMap,false
7.497438017,Regular,19,Update,Deployment,false
7.516642998,Regular,13,Delete,ConfigMap,false
7.530104048,Regular,8,Delete,Deployment,false
7.5384403429999995,Regular,13,Create,Deployment,false
7.5520838260000005,Regular,15,Create,ConfigMap,false
7.567561838,Regular,21,Update,Deployment,false
7.589564973,Regular,10,Delete,ConfigMap,false
7.600388424,Regular,10,Delete,Deployment,false
7.611302427,Regular,19,Create,Deployment,false
7.630622083,Regular,18,Create,ConfigMap,false
7.649428145,Regular,13,Update,Deployment,false
7.662663112,Regular,12,Delete,ConfigMap,false
7.675064799,Regular,8,Delete,Deployment,false
7.68371938,Regular,18,Create,Deployment,false
7.702631847,Regular,17,Create,ConfigMap,false
7.720107616,Regular,18,Update,Deployment,false
7.738793675,Regular,10,Delete,ConfigMap,false
7.749104939,Regular,12,Delete,Deployment,false
7.761820506,Regular,19,Create,Deployment,false
7.781439822,Regular,19,Create,ConfigMap,false
7.800709756,Regular,37,Update,Deployment,false
7.838080551,Regular,24,Delete,ConfigMap,false
7.863004725,Regular,16,Delete,Deployment,false
7.879320896,Regular,31,Create,Deployment,false
7.910410773,Regular,20,Create,ConfigMap,false
7.931028871,Regular,29,Update,Deployment,false
7.961113802,Regular,16,Delete,ConfigMap,false
7.97767077,Regular,13,Delete,Deployment,false
7.991581189,Regular,26,Create,Deployment,false
8.018497768,Regular,16,Create,ConfigMap,false
7.050819333,Regular,12,Delete,Deployment,false
7.063458805,Regular,12,Create,Deployment,false
7.075651602,Regular,20,Create,ConfigMap,false
7.096290026,Regular,19,Update,Deployment,false
7.116307188,Regular,7,Delete,ConfigMap,false
7.123904967,Regular,14,Delete,Deployment,false
7.138602079,Regular,21,Create,Deployment,false
7.160204354,Regular,13,Create,ConfigMap,false
7.17329657,Regular,15,Update,Deployment,false
7.18852621,Regular,11,Delete,ConfigMap,false
7.199973234,Regular,9,Delete,Deployment,false
7.209633439,Regular,16,Create,Deployment,false
7.226347881,Regular,22,Create,ConfigMap,false
7.248663224,Regular,22,Update,Deployment,false
7.271535652,Regular,7,Delete,ConfigMap,false
7.278710147,Regular,10,Delete,Deployment,false
7.2890215099999995,Regular,13,Create,Deployment,false
7.302996778,Regular,7,Create,ConfigMap,false
7.310898242,Regular,17,Update,Deployment,false
7.328116081,Regular,13,Delete,ConfigMap,false
7.341582268,Regular,14,Delete,Deployment,false
7.356532607,Regular,20,Create,Deployment,false
7.377184766,Regular,19,Create,ConfigMap,false
7.396532106,Regular,15,Update,Deployment,false
7.411867056,Regular,15,Delete,ConfigMap,false
7.427307269,Regular,13,Delete,Deployment,false
7.440773002,Regular,13,Create,Deployment,false
7.454442137,Regular,18,Create,ConfigMap,false
7.472495468,Regular,20,Update,Deployment,false
7.493318139,Regular,6,Delete,ConfigMap,false
7.500273171,Regular,11,Delete,Deployment,false
7.511483673,Regular,22,Create,Deployment,false
7.533625797,Regular,13,Create,ConfigMap,false
7.546824059,Regular,16,Update,Deployment,false
7.562953181,Regular,7,Delete,ConfigMap,false
7.570652121,Regular,12,Delete,Deployment,false
7.582873605,Regular,15,Create,Deployment,false
7.597950044,Regular,13,Create,ConfigMap,false
7.611675515,Regular,17,Update,Deployment,false
7.629060591,Regular,13,Delete,ConfigMap,false
7.642582515,Regular,10,Delete,Deployment,false
7.6532613959999996,Regular,15,Create,Deployment,false
7.668656084,Regular,16,Create,ConfigMap,false
7.684788298,Regular,17,Update,Deployment,false
7.701976659,Regular,15,Delete,ConfigMap,false
7.717230138,Regular,8,Delete,Deployment,false
7.725560121,Regular,24,Create,Deployment,false
7.74968647,Regular,20,Create,ConfigMap,false
7.7698952089999995,Regular,28,Update,Deployment,false
7.798157536,Regular,40,Delete,ConfigMap,false
7.838217546,Regular,29,Delete,Deployment,false
7.867702969,Regular,17,Create,Deployment,false
7.885344879,Regular,18,Create,ConfigMap,false
7.904165145,Regular,20,Update,Deployment,false
7.92467702,Regular,26,Delete,ConfigMap,false
7.951469987,Regular,12,Delete,Deployment,false
7.963710411,Regular,21,Create,Deployment,false
7.98514427,Regular,16,Create,ConfigMap,false
8.001606975,Regular,34,Update,Deployment,false
7.009664088,Regular,11,Create,ConfigMap,false
7.02099936,Regular,11,Update,Deployment,false
7.032221593,Regular,14,Delete,ConfigMap,false
7.046353678,Regular,5,Delete,Deployment,false
7.052249193,Regular,15,Create,Deployment,false
7.067920271,Regular,13,Create,ConfigMap,false
7.081395562,Regular,20,Update,Deployment,false
7.101473369,Regular,9,Delete,ConfigMap,false
7.111487373,Regular,7,Delete,Deployment,false
7.119235461,Regular,18,Create,Deployment,false
7.13742515,Regular,13,Create,ConfigMap,false
7.15070832,Regular,19,Update,Deployment,false
7.169933317,Regular,5,Delete,ConfigMap,false
7.175916341,Regular,12,Delete,Deployment,false
7.187949928,Regular,16,Create,Deployment,false
7.204556849,Regular,25,Create,ConfigMap,false
7.229635118,Regular,35,Update,Deployment,false
7.265631625,Regular,8,Delete,ConfigMap,false
7.273874608,Regular,14,Delete,Deployment,false
7.288710139,Regular,15,Create,Deployment,false
7.304639057,Regular,15,Create,ConfigMap,false
7.320438649,Regular,15,Update,Deployment,false
7.336117616,Regular,9,Delete,ConfigMap,false
7.345616528,Regular,15,Delete,Deployment,false
7.361599807,Regular,18,Create,Deployment,false
7.379770561,Regular,15,Create,ConfigMap,false
7.395789256,Regular,17,Update,Deployment,false
7.41374377,Regular,13,Delete,ConfigMap,false
7.427247775,Regular,13,Delete,Deployment,false
7.440475968,Regular,14,Create,Deployment,false
7.455206844,Regular,15,Create,ConfigMap,false
7.470826193,Regular,13,Update,Deployment,false
7.48484199,Regular,12,Delete,ConfigMap,false
7.497378959,Regular,13,Delete,Deployment,false
7.51125125,Regular,22,Create,Deployment,false
7.5339279999999995,Regular,10,Create,ConfigMap,false
7.544531964,Regular,14,Update,Deployment,false
7.559483795,Regular,13,Delete,ConfigMap,false
7.573005941,Regular,14,Delete,Deployment,false
7.587032506,Regular,11,Create,Deployment,false
7.598817868,Regular,13,Create,ConfigMap,false
7.612709695,Regular,16,Update,Deployment,false
7.629665691,Regular,18,Delete,ConfigMap,false
7.647873265,Regular,7,Delete,Deployment,false
7.655862605,Regular,19,Create,Deployment,false
7.675205201,Regular,22,Create,ConfigMap,false
7.697530885,Regular,12,Update,Deployment,false
7.7096952739999995,Regular,14,Delete,ConfigMap,false
7.724312596,Regular,17,Delete,Deployment,false
7.741637064,Regular,11,Create,Deployment,false
7.752667419,Regular,10,Create,ConfigMap,false
7.763303249,Regular,16,Update,Deployment,false
7.779823065,Regular,21,Delete,ConfigMap,false
7.801166868,Regular,36,Delete,Deployment,false
7.838166946,Regular,25,Create,Deployment,false
7.863685005,Regular,21,Create,ConfigMap,false
7.885354376,Regular,36,Update,Deployment,false
7.921404486,Regular,14,Delete,ConfigMap,false
7.936043013,Regular,23,Delete,Deployment,false
7.959249422,Regular,18,Create,Deployment,false
7.97752719,Regular,17,Create,ConfigMap,false
7.994845262,Regular,26,Update,Deployment,false
8.020985578,Regular,20,Delete,ConfigMap,false
7.013695738,Regular,11,Update,Deployment,false
7.025006833,Regular,15,Delete,ConfigMap,false
7.040631885,Regular,8,Delete,Deployment,false
7.048668992,Regular,12,Create,Deployment,false
7.061173656,Regular,15,Create,ConfigMap,false
7.076385927,Regular,25,Update,Deployment,false
7.10146441,Regular,11,Delete,ConfigMap,false
7.112673873,Regular,10,Delete,Deployment,false
7.123344509,Regular,16,Create,Deployment,false
7.139769803,Regular,13,Create,ConfigMap,false
7.153469422,Regular,14,Update,Deployment,false
7.167749709,Regular,9,Delete,ConfigMap,false
7.177432361,Regular,11,Delete,Deployment,false
7.188614765,Regular,15,Create,Deployment,false
7.204234789,Regular,28,Create,ConfigMap,false
7.232685981,Regular,33,Update,Deployment,false
7.265800225,Regular,8,Delete,ConfigMap,false
7.274364868,Regular,14,Delete,Deployment,false
7.289124139,Regular,15,Create,Deployment,false
7.3046863890000004,Regular,15,Create,ConfigMap,false
7.320536176,Regular,21,Update,Deployment,false
7.341685716,Regular,20,Delete,ConfigMap,false
7.362067295,Regular,14,Delete,Deployment,false
7.376421166,Regular,19,Create,Deployment,false
7.395899885,Regular,14,Create,ConfigMap,false
7.410867536,Regular,14,Update,Deployment,false
7.425884289,Regular,13,Delete,ConfigMap,false
7.439697262,Regular,14,Delete,Deployment,false
7.453820317,Regular,20,Create,Deployment,false
7.474470491,Regular,18,Create,ConfigMap,false
7.492557882,Regular,13,Update,Deployment,false
7.505751229,Regular,27,Delete,ConfigMap,false
7.533079771,Regular,11,Delete,Deployment,false
7.5444242070000005,Regular,18,Create,Deployment,false
7.563064803,Regular,14,Create,ConfigMap,false
7.577837954,Regular,20,Update,Deployment,false
7.598250944,Regular,14,Delete,ConfigMap,false
7.61271928,Regular,14,Delete,Deployment,false
7.627534354,Regular,14,Create,Deployment,false
7.6425187690000005,Regular,8,Create,ConfigMap,false
7.651295896,Regular,12,Update,Deployment,false
7.664230887,Regular,13,Delete,ConfigMap,false
7.67812336,Regular,11,Delete,Deployment,false
7.6892571069999995,Regular,13,Create,Deployment,false
7.702631833,Regular,20,Create,ConfigMap,false
7.722897473,Regular,14,Update,Deployment,false
7.7370865250000005,Regular,12,Delete,ConfigMap,false
7.749593804,Regular,10,Delete,Deployment,false
7.760259629,Regular,20,Create,Deployment,false
7.781341085,Regular,43,Create,ConfigMap,false
7.824819199,Regular,36,Update,Deployment,false
7.861809636,Regular,19,Delete,ConfigMap,false
7.880938607,Regular,32,Delete,Deployment,false
7.913571494,Regular,35,Create,Deployment,false
7.948897,Regular,16,Create,ConfigMap,false
7.965033451,Regular,20,Update,Deployment,false
7.985555833,Regular,10,Delete,ConfigMap,false
7.996068815,Regular,12,Delete,Deployment,false
8.008656615,Regular,22,Create,Deployment,false
8.031128487,Regular,20,Create,ConfigMap,false
7.004117971,Regular,11,Create,ConfigMap,false
7.015672728,Regular,10,Update,Deployment,false
7.02579247,Regular,7,Delete,ConfigMap,false
7.033749267,Regular,8,Delete,Deployment,false
7.042559218,Regular,18,Create,Deployment,false
7.060916031,Regular,15,Create,ConfigMap,false
7.076187239,Regular,23,Update,Deployment,false
7.099665166,Regular,8,Delete,ConfigMap,false
7.10846411,Regular,10,Delete,Deployment,false
7.119090117,Regular,14,Create,Deployment,false
7.133886131,Regular,16,Create,ConfigMap,false
7.15037168,Regular,16,Update,Deployment,false
7.167209262,Regular,10,Delete,ConfigMap,false
7.177632436,Regular,10,Delete,Deployment,false
7.188506137,Regular,16,Create,Deployment,false
7.204989322,Regular,25,Create,ConfigMap,false
7.230841122,Regular,25,Update,Deployment,false
7.256111389,Regular,11,Delete,ConfigMap,false
7.268004916,Regular,7,Delete,Deployment,false
7.27600484,Regular,14,Create,Deployment,false
7.290517382,Regular,13,Create,ConfigMap,false
7.30438065,Regular,16,Update,Deployment,false
7.320959289,Regular,16,Delete,ConfigMap,false
7.337814867,Regular,18,Delete,Deployment,false
7.355980421,Regular,18,Create,Deployment,false
7.374676289,Regular,22,Create,ConfigMap,false
7.396716565,Regular,16,Update,Deployment,false
7.413712332,Regular,13,Delete,ConfigMap,false
7.427061574,Regular,10,Delete,Deployment,false
7.438071493,Regular,16,Create,Deployment,false
7.454806292,Regular,16,Create,ConfigMap,false
7.4716373130000004,Regular,11,Update,Deployment,false
7.482980381,Regular,11,Delete,ConfigMap,false
7.494723734,Regular,15,Delete,Deployment,false
7.509873606,Regular,16,Create,Deployment,false
7.52687766,Regular,14,Create,ConfigMap,false
7.541360749,Regular,16,Update,Deployment,false
7.557808511,Regular,9,Delete,ConfigMap,false
7.567350945,Regular,10,Delete,Deployment,false
7.577666045,Regular,16,Create,Deployment,false
7.593811344,Regular,9,Create,ConfigMap,false
7.603630513,Regular,12,Update,Deployment,false
7.616535078,Regular,11,Delete,ConfigMap,false
7.627852294,Regular,15,Delete,Deployment,false
7.643690262,Regular,17,Create,Deployment,false
7.661009389,Regular,12,Create,ConfigMap,false
7.673669091,Regular,12,Update,Deployment,false
7.686466268,Regular,12,Delete,ConfigMap,false
7.69885991,Regular,4,Delete,Deployment,false
7.703274182,Regular,15,Create,Deployment,false
7.723692004,Regular,16,Create,ConfigMap,false
7.743187924,Regular,12,Update,Deployment,false
7.762890658,Regular,12,Delete,ConfigMap,false
7.782934777,Regular,42,Delete,Deployment,false
7.825784832,Regular,37,Create,Deployment,false
7.863601225,Regular,17,Create,ConfigMap,false
7.880784047,Regular,38,Update,Deployment,false
7.919417254,Regular,16,Delete,ConfigMap,false
7.93615776,Regular,22,Delete,Deployment,false
7.9590868839999995,Regular,19,Create,Deployment,false
7.978833653,Regular,22,Create,ConfigMap,false
8.001813472,Regular,34,Update,Deployment,false
8.036370587,Regular,15,Delete,ConfigMap,false
8.052034614,Regular,10,Delete,Deployment,false
8.035446354,Regular,17,Update,Deployment,false
8.053329241,Regular,15,Delete,ConfigMap,false
8.068949477,Regular,11,Delete,Deployment,false
8.080836607,Regular,17,Create,Deployment,false
8.098711271,Regular,9,Create,ConfigMap,false
8.108569282,Regular,14,Update,Deployment,false
8.123399189,Regular,12,Delete,ConfigMap,false
8.136114461,Regular,21,Delete,Deployment,false
8.158094399,Regular,26,Create,Deployment,false
8.184433181,Regular,20,Create,ConfigMap,false
8.205250557,Regular,12,Update,Deployment,false
8.217979522,Regular,8,Delete,ConfigMap,false
8.226253351,Regular,11,Delete,Deployment,false
8.237382973,Regular,15,Create,Deployment,false
8.252748194,Regular,9,Create,ConfigMap,false
8.261945409,Regular,12,Update,Deployment,false
8.274765688,Regular,8,Delete,ConfigMap,false
8.28293006,Regular,9,Delete,Deployment,false
8.302629746,Regular,11,Create,Deployment,false
8.323194253,Regular,10,Create,ConfigMap,false
8.343494181,Regular,21,Update,Deployment,false
8.364753803,Regular,14,Delete,ConfigMap,false
8.383210445,Regular,11,Delete,Deployment,false
8.404406185,Regular,18,Create,Deployment,false
8.423022787,Regular,18,Create,ConfigMap,false
8.443098398,Regular,23,Update,Deployment,false
8.466801752,Regular,11,Delete,ConfigMap,false
8.483681771,Regular,13,Delete,Deployment,false
8.503604227,Regular,17,Create,Deployment,false
8.523391484,Regular,14,Create,ConfigMap,false
8.543316004,Regular,15,Update,Deployment,false
8.563452966,Regular,13,Delete,ConfigMap,false
8.583380005,Regular,9,Delete,Deployment,false
8.603528765,Regular,18,Create,Deployment,false
8.623207263,Regular,15,Create,ConfigMap,false
8.643253431,Regular,16,Update,Deployment,false
8.664081257,Regular,8,Delete,ConfigMap,false
8.68381906,Regular,17,Delete,Deployment,false
8.702765467,Regular,11,Create,Deployment,false
8.723967149,Regular,14,Create,ConfigMap,false
8.743215672,Regular,27,Update,Deployment,false
8.770498666,Regular,26,Delete,ConfigMap,false
8.796597032,Regular,38,Delete,Deployment,false
8.835212365,Regular,26,Create,Deployment,false
8.86128195,Regular,17,Create,ConfigMap,false
8.878482257,Regular,20,Update,Deployment,false
8.898716403,Regular,15,Delete,ConfigMap,false
8.914391882,Regular,13,Delete,Deployment,false
8.928208274,Regular,20,Create,Deployment,false
8.948479459,Regular,31,Create,ConfigMap,false
8.980420406,Regular,25,Update,Deployment,false
8.062788456,Regular,22,Create,Deployment,false
8.085324484,Regular,19,Create,ConfigMap,false
8.105102363,Regular,17,Update,Deployment,false
8.122602268,Regular,11,Delete,ConfigMap,false
8.133832433,Regular,13,Delete,Deployment,false
8.147711635,Regular,24,Create,Deployment,false
8.172510859,Regular,26,Create,ConfigMap,false
8.199436149,Regular,11,Update,Deployment,false
8.211439473,Regular,7,Delete,ConfigMap,false
8.218784587,Regular,7,Delete,Deployment,false
8.226758048,Regular,15,Create,Deployment,false
8.242539707,Regular,13,Create,ConfigMap,false
8.256211446,Regular,16,Update,Deployment,false
8.273080316,Regular,9,Delete,ConfigMap,false
8.282904623,Regular,11,Delete,Deployment,false
8.302761631,Regular,12,Create,Deployment,false
8.32312431,Regular,15,Create,ConfigMap,false
8.343003368,Regular,17,Update,Deployment,false
8.362830587,Regular,16,Delete,ConfigMap,false
8.383106061,Regular,11,Delete,Deployment,false
8.404766111,Regular,17,Create,Deployment,false
8.423337234,Regular,17,Create,ConfigMap,false
8.44328197,Regular,24,Update,Deployment,false
8.467395696,Regular,10,Delete,ConfigMap,false
8.48380854,Regular,13,Delete,Deployment,false
8.503610877,Regular,11,Create,Deployment,false
8.523587118,Regular,14,Create,ConfigMap,false
8.543124109,Regular,15,Update,Deployment,false
8.563411431,Regular,17,Delete,ConfigMap,false
8.583212277,Regular,9,Delete,Deployment,false
8.603562182,Regular,13,Create,Deployment,false
8.623494478,Regular,19,Create,ConfigMap,false
8.643264417,Regular,18,Update,Deployment,false
8.664063049,Regular,7,Delete,ConfigMap,false
8.683674904,Regular,17,Delete,Deployment,false
8.70296731,Regular,14,Create,Deployment,false
8.724054388999999,Regular,18,Create,ConfigMap,false
8.743313797,Regular,18,Update,Deployment,false
8.763916943,Regular,31,Delete,ConfigMap,false
8.7956893,Regular,39,Delete,Deployment,false
8.83507399,Regular,24,Create,Deployment,false
8.859229921,Regular,23,Create,ConfigMap,false
8.882644369,Regular,37,Update,Deployment,false
8.9203818,Regular,16,Delete,ConfigMap,false
8.936624519,Regular,13,Delete,Deployment,false
8.950650925,Regular,27,Create,Deployment,false
8.978460458,Regular,11,Create,ConfigMap,false
8.99005791,Regular,21,Update,Deployment,false
8.015638956,Regular,9,Delete,ConfigMap,false
8.025394515,Regular,15,Delete,Deployment,false
8.041344162,Regular,21,Create,Deployment,false
8.063275577,Regular,16,Create,ConfigMap,false
8.080130544,Regular,25,Update,Deployment,false
8.10522931,Regular,17,Delete,ConfigMap,false
8.123091892,Regular,14,Delete,Deployment,false
8.137373827,Regular,20,Create,Deployment,false
8.157953127,Regular,25,Create,ConfigMap,false
8.183502564,Regular,22,Update,Deployment,false
8.205839477,Regular,11,Delete,ConfigMap,false
8.217595479,Regular,8,Delete,Deployment,false
8.226182846,Regular,16,Create,Deployment,false
8.242340898,Regular,13,Create,ConfigMap,false
8.25635396,Regular,13,Update,Deployment,false
8.269807213,Regular,9,Delete,ConfigMap,false
8.283014344,Regular,10,Delete,Deployment,false
8.302689431,Regular,15,Create,Deployment,false
8.323220448,Regular,15,Create,ConfigMap,false
8.343326748,Regular,15,Update,Deployment,false
8.362864715,Regular,15,Delete,ConfigMap,false
8.383238837,Regular,11,Delete,Deployment,false
8.4044582,Regular,16,Create,Deployment,false
8.422969631,Regular,16,Create,ConfigMap,false
8.443237546,Regular,23,Update,Deployment,false
8.467015684,Regular,10,Delete,ConfigMap,false
8.483585255,Regular,14,Delete,Deployment,false
8.503214467,Regular,16,Create,Deployment,false
8.523241908,Regular,15,Create,ConfigMap,false
8.543352607,Regular,14,Update,Deployment,false
8.563495275,Regular,15,Delete,ConfigMap,false
8.583251753999999,Regular,7,Delete,Deployment,false
8.603129573,Regular,18,Create,Deployment,false
8.623331744,Regular,18,Create,ConfigMap,false
8.643120661,Regular,17,Update,Deployment,false
8.663461689,Regular,9,Delete,ConfigMap,false
8.683594114,Regular,13,Delete,Deployment,false
8.702799747,Regular,13,Create,Deployment,false
8.723679161,Regular,15,Create,ConfigMap,false
8.743188783,Regular,16,Update,Deployment,false
8.76396623,Regular,25,Delete,ConfigMap,false
8.78911193,Regular,25,Delete,Deployment,false
8.814844368,Regular,34,Create,Deployment,false
8.849438040999999,Regular,23,Create,ConfigMap,false
8.872795052,Regular,24,Update,Deployment,false
8.897170548,Regular,22,Delete,ConfigMap,false
8.920005074,Regular,18,Delete,Deployment,false
8.938408719,Regular,24,Create,Deployment,false
8.963192139,Regular,25,Create,ConfigMap,false
8.988746429999999,Regular,24,Update,Deployment,false
8.020043434,Regular,23,Create,ConfigMap,false
8.043423832,Regular,25,Update,Deployment,false
8.068646831,Regular,10,Delete,ConfigMap,false
8.079134423,Regular,11,Delete,Deployment,false
8.091048316,Regular,14,Create,Deployment,false
8.105695483,Regular,16,Create,ConfigMap,false
8.121775754,Regular,10,Update,Deployment,false
8.132469579,Regular,13,Delete,ConfigMap,false
8.146029785,Regular,22,Delete,Deployment,false
8.16875839,Regular,20,Create,Deployment,false
8.189575465,Regular,15,Create,ConfigMap,false
8.205028752,Regular,19,Update,Deployment,false
8.224306766,Regular,12,Delete,ConfigMap,false
8.23698201,Regular,10,Delete,Deployment,false
8.247295082,Regular,14,Create,Deployment,false
8.261853724,Regular,13,Create,ConfigMap,false
8.275132648,Regular,14,Update,Deployment,false
8.289725039,Regular,6,Delete,ConfigMap,false
8.295829831,Regular,6,Delete,Deployment,false
8.302540609,Regular,9,Create,Deployment,false
8.31221877,Regular,7,Create,ConfigMap,false
8.320316045,Regular,16,Update,Deployment,false
8.337138755,Regular,7,Delete,ConfigMap,false
8.344337421,Regular,16,Delete,Deployment,false
8.360647867,Regular,18,Create,Deployment,false
8.378679045,Regular,11,Create,ConfigMap,false
8.390426409,Regular,12,Update,Deployment,false
8.40345084,Regular,9,Delete,ConfigMap,false
8.412912515,Regular,9,Delete,Deployment,false
8.42210175,Regular,13,Create,Deployment,false
8.435143046,Regular,9,Create,ConfigMap,false
8.444304949,Regular,22,Update,Deployment,false
8.467338992,Regular,10,Delete,ConfigMap,false
8.477934544,Regular,6,Delete,Deployment,false
8.48485966,Regular,13,Create,Deployment,false
8.497992579,Regular,8,Create,ConfigMap,false
8.506953574,Regular,17,Update,Deployment,false
8.524512128,Regular,11,Delete,ConfigMap,false
8.535725432,Regular,6,Delete,Deployment,false
8.542329469,Regular,22,Create,Deployment,false
8.564468608,Regular,17,Create,ConfigMap,false
8.581956105,Regular,11,Update,Deployment,false
8.593089434,Regular,4,Delete,ConfigMap,false
8.597442261,Regular,4,Delete,Deployment,false
8.603576748,Regular,17,Create,Deployment,false
8.623573587,Regular,19,Create,ConfigMap,false
8.643025343,Regular,15,Update,Deployment,false
8.663822552,Regular,8,Delete,ConfigMap,false
8.68376282,Regular,14,Delete,Deployment,false
8.702851785,Regular,11,Create,Deployment,false
8.724077978,Regular,19,Create,ConfigMap,false
8.743908608,Regular,33,Update,Deployment,false
8.77697513,Regular,29,Delete,ConfigMap,false
8.806883459,Regular,28,Delete,Deployment,false
8.835117171,Regular,27,Create,Deployment,false
8.862842725,Regular,23,Create,ConfigMap,false
8.886580182,Regular,33,Update,Deployment,false
8.920272477,Regular,15,Delete,ConfigMap,false
8.935426299,Regular,17,Delete,Deployment,false
8.95315272,Regular,22,Create,Deployment,false
8.975330834,Regular,14,Create,ConfigMap,false
8.989925218,Regular,27,Update,Deployment,false
8.051882306,Regular,21,Update,Deployment,false
8.073763071,Regular,11,Delete,ConfigMap,false
8.085558632,Regular,12,Delete,Deployment,false
8.098223763,Regular,11,Create,Deployment,false
8.110097142,Regular,21,Create,ConfigMap,false
8.131801429,Regular,26,Update,Deployment,false
8.158108052,Regular,20,Delete,ConfigMap,false
8.178171714,Regular,12,Delete,Deployment,false
8.191207441,Regular,13,Create,Deployment,false
8.20504276,Regular,13,Create,ConfigMap,false
8.218405819000001,Regular,13,Update,Deployment,false
8.23215115,Regular,12,Delete,ConfigMap,false
8.24448653,Regular,11,Delete,Deployment,false
8.256046674,Regular,12,Create,Deployment,false
8.268405561,Regular,11,Create,ConfigMap,false
8.279765368,Regular,12,Update,Deployment,false
8.292034622,Regular,5,Delete,ConfigMap,false
8.297516574,Regular,4,Delete,Deployment,false
8.302743463,Regular,15,Create,Deployment,false
8.323142953,Regular,16,Create,ConfigMap,false
8.343352964,Regular,17,Update,Deployment,false
8.362781795,Regular,12,Delete,ConfigMap,false
8.383061212,Regular,12,Delete,Deployment,false
8.404103785,Regular,17,Create,Deployment,false
8.422973276,Regular,15,Create,ConfigMap,false
8.44314175,Regular,12,Update,Deployment,false
8.463036737,Regular,14,Delete,ConfigMap,false
8.48361408,Regular,13,Delete,Deployment,false
8.503274439,Regular,15,Create,Deployment,false
8.523335698,Regular,14,Create,ConfigMap,false
8.543162915,Regular,13,Update,Deployment,false
8.563522397,Regular,13,Delete,ConfigMap,false
8.583291213999999,Regular,8,Delete,Deployment,false
8.603213336,Regular,13,Create,Deployment,false
8.623284383,Regular,19,Create,ConfigMap,false
8.643220201,Regular,17,Update,Deployment,false
8.663505322,Regular,12,Delete,ConfigMap,false
8.683628419,Regular,20,Delete,Deployment,false
8.704274185,Regular,13,Create,Deployment,false
8.723648489,Regular,13,Create,ConfigMap,false
8.743125992,Regular,35,Update,Deployment,false
8.778604986,Regular,22,Delete,ConfigMap,false
8.80158659,Regular,33,Delete,Deployment,false
8.835081015,Regular,27,Create,Deployment,false
8.86308007,Regular,20,Create,ConfigMap,false
8.883947282,Regular,34,Update,Deployment,false
8.91876003,Regular,13,Delete,ConfigMap,false
8.932094841,Regular,16,Delete,Deployment,false
8.948949779,Regular,30,Create,Deployment,false
8.979948186,Regular,18,Create,ConfigMap,false
8.9986692,Regular,25,Update,Deployment,false
8.015606179,Regular,20,Create,ConfigMap,false
8.036499973,Regular,16,Update,Deployment,false
8.052955469,Regular,14,Delete,ConfigMap,false
8.067909825,Regular,12,Delete,Deployment,false
8.08084491,Regular,17,Create,Deployment,false
8.098374102,Regular,10,Create,ConfigMap,false
8.109135253,Regular,22,Update,Deployment,false
8.131302009,Regular,14,Delete,ConfigMap,false
8.145392308,Regular,21,Delete,Deployment,false
8.167126171,Regular,29,Create,Deployment,false
8.196576063,Regular,13,Create,ConfigMap,false
8.210025232,Regular,11,Update,Deployment,false
8.221834748,Regular,7,Delete,ConfigMap,false
8.229587294,Regular,13,Delete,Deployment,false
8.243316454,Regular,14,Create,Deployment,false
8.258044621,Regular,11,Create,ConfigMap,false
8.269199925,Regular,12,Update,Deployment,false
8.28154312,Regular,9,Delete,ConfigMap,false
8.291048338,Regular,4,Delete,Deployment,false
8.295159079,Regular,9,Create,Deployment,false
8.305026834,Regular,12,Create,ConfigMap,false
8.317937922,Regular,11,Update,Deployment,false
8.32969832,Regular,9,Delete,ConfigMap,false
8.338967052,Regular,8,Delete,Deployment,false
8.347811868,Regular,13,Create,Deployment,false
8.360903454,Regular,19,Create,ConfigMap,false
8.380229946,Regular,17,Update,Deployment,false
8.398191728,Regular,8,Delete,ConfigMap,false
8.406377725,Regular,12,Delete,Deployment,false
8.419179987,Regular,15,Create,Deployment,false
8.434319026,Regular,9,Create,ConfigMap,false
8.444146646,Regular,23,Update,Deployment,false
8.467770039,Regular,9,Delete,ConfigMap,false
8.483653559,Regular,13,Delete,Deployment,false
8.503560822,Regular,15,Create,Deployment,false
8.523263501,Regular,13,Create,ConfigMap,false
8.543139469,Regular,22,Update,Deployment,false
8.565209935,Regular,14,Delete,ConfigMap,false
8.583324697,Regular,9,Delete,Deployment,false
8.603426722,Regular,18,Create,Deployment,false
8.623194315,Regular,19,Create,ConfigMap,false
8.643156931,Regular,17,Update,Deployment,false
8.663788002,Regular,11,Delete,ConfigMap,false
8.683856884,Regular,17,Delete,Deployment,false
8.702713559,Regular,10,Create,Deployment,false
8.723765672,Regular,10,Create,ConfigMap,false
8.743343172,Regular,21,Update,Deployment,false
8.764869491,Regular,30,Delete,ConfigMap,false
8.795753328,Regular,27,Delete,Deployment,false
8.8229033,Regular,31,Create,Deployment,false
8.854596753,Regular,19,Create,ConfigMap,false
8.874255797,Regular,24,Update,Deployment,false
8.898931755,Regular,21,Delete,ConfigMap,false
8.920248106,Regular,17,Delete,Deployment,false
8.937680945,Regular,22,Create,Deployment,false
8.959885122,Regular,23,Create,ConfigMap,false
8.98299773,Regular,22,Update,Deployment,false
9.00591588,Regular,18,Delete,ConfigMap,false
8.036423262,Regular,14,Delete,ConfigMap,false
8.050613701,Regular,17,Delete,Deployment,false
8.067931463,Regular,17,Create,Deployment,false
8.085361655,Regular,18,Create,ConfigMap,false
8.103777503,Regular,18,Update,Deployment,false
8.122289249,Regular,9,Delete,ConfigMap,false
8.132020064,Regular,14,Delete,Deployment,false
8.146706172,Regular,25,Create,Deployment,false
8.172003005,Regular,27,Create,ConfigMap,false
8.199266469,Regular,17,Update,Deployment,false
8.216613856,Regular,9,Delete,ConfigMap,false
8.226274942,Regular,9,Delete,Deployment,false
8.235548266,Regular,16,Create,Deployment,false
8.252206217,Regular,10,Create,ConfigMap,false
8.263025444,Regular,13,Update,Deployment,false
8.276137552,Regular,8,Delete,ConfigMap,false
8.284261483,Regular,10,Delete,Deployment,false
8.294482299,Regular,9,Create,Deployment,false
8.303545583,Regular,12,Create,ConfigMap,false
8.316484882,Regular,11,Update,Deployment,false
8.328000997,Regular,7,Delete,ConfigMap,false
8.335593132,Regular,8,Delete,Deployment,false
8.344347736,Regular,16,Create,Deployment,false
8.361129787,Regular,17,Create,ConfigMap,false
8.378392833,Regular,19,Update,Deployment,false
8.397490311,Regular,8,Delete,ConfigMap,false
8.406192997,Regular,13,Delete,Deployment,false
8.419337667,Regular,14,Create,Deployment,false
8.43397832,Regular,10,Create,ConfigMap,false
8.444142482,Regular,23,Update,Deployment,false
8.467799364,Regular,11,Delete,ConfigMap,false
8.4790087,Regular,9,Delete,Deployment,false
8.48818834,Regular,13,Create,Deployment,false
8.501755442,Regular,16,Create,ConfigMap,false
8.518628064,Regular,10,Update,Deployment,false
8.529451384,Regular,8,Delete,ConfigMap,false
8.538005637,Regular,8,Delete,Deployment,false
8.546182743,Regular,18,Create,Deployment,false
8.564977308,Regular,17,Create,ConfigMap,false
8.582746034,Regular,11,Update,Deployment,false
8.594150009,Regular,4,Delete,ConfigMap,false
8.598243749,Regular,4,Delete,Deployment,false
8.603047936,Regular,13,Create,Deployment,false
8.623377918,Regular,19,Create,ConfigMap,false
8.642902077,Regular,17,Update,Deployment,false
8.663821112,Regular,12,Delete,ConfigMap,false
8.683578751,Regular,19,Delete,Deployment,false
8.703427778,Regular,10,Create,Deployment,false
8.723714253,Regular,11,Create,ConfigMap,false
8.743371263,Regular,21,Update,Deployment,false
8.764806776,Regular,21,Delete,ConfigMap,false
8.786687473,Regular,28,Delete,Deployment,false
8.815414126,Regular,41,Create,Deployment,false
8.857040589,Regular,22,Create,ConfigMap,false
8.879783329,Regular,26,Update,Deployment,false
8.906543026,Regular,20,Delete,ConfigMap,false
8.927293721,Regular,18,Delete,Deployment,false
8.945894448,Regular,23,Create,Deployment,false
8.96919469,Regular,21,Create,ConfigMap,false
8.990445642,Regular,24,Update,Deployment,false
9.015282656,Regular,18,Delete,ConfigMap,false
9.03375535,Regular,11,Delete,Deployment,false
8.009844419,Regular,12,Delete,ConfigMap,false
8.022699971,Regular,21,Delete,Deployment,false
8.044400449,Regular,16,Create,Deployment,false
8.061012308,Regular,23,Create,ConfigMap,false
8.084794067,Regular,17,Update,Deployment,false
8.101847723,Regular,7,Delete,ConfigMap,false
8.109480302,Regular,13,Delete,Deployment,false
8.12322906,Regular,18,Create,Deployment,false
8.14181418,Regular,15,Create,ConfigMap,false
8.157401103,Regular,20,Update,Deployment,false
8.178198066,Regular,19,Delete,ConfigMap,false
8.198018848,Regular,6,Delete,Deployment,false
8.204877443,Regular,19,Create,Deployment,false
8.224626356,Regular,15,Create,ConfigMap,false
8.243092118,Regular,18,Update,Deployment,false
8.262864624,Regular,10,Delete,ConfigMap,false
8.282751083,Regular,8,Delete,Deployment,false
8.302692389,Regular,11,Create,Deployment,false
8.323252357,Regular,16,Create,ConfigMap,false
8.342946472,Regular,21,Update,Deployment,false
8.364490019,Regular,10,Delete,ConfigMap,false
8.383284794,Regular,11,Delete,Deployment,false
8.404567672,Regular,15,Create,Deployment,false
8.423094807,Regular,17,Create,ConfigMap,false
8.443183029,Regular,20,Update,Deployment,false
8.463371229,Regular,11,Delete,ConfigMap,false
8.483889872,Regular,13,Delete,Deployment,false
8.503175671,Regular,16,Create,Deployment,false
8.523144613,Regular,14,Create,ConfigMap,false
8.543207043,Regular,15,Update,Deployment,false
8.563106206,Regular,11,Delete,ConfigMap,false
8.583160254,Regular,6,Delete,Deployment,false
8.603183453,Regular,18,Create,Deployment,false
8.623416098,Regular,19,Create,ConfigMap,false
8.643064011,Regular,18,Update,Deployment,false
8.663450232,Regular,12,Delete,ConfigMap,false
8.68387084,Regular,20,Delete,Deployment,false
8.703955118,Regular,11,Create,Deployment,false
8.723987704,Regular,19,Create,ConfigMap,false
8.743710685,Regular,21,Update,Deployment,false
8.765665296,Regular,20,Delete,ConfigMap,false
8.786623234,Regular,23,Delete,Deployment,false
8.810155033000001,Regular,32,Create,Deployment,false
8.842603305,Regular,31,Create,ConfigMap,false
8.874003063,Regular,21,Update,Deployment,false
8.895859688,Regular,29,Delete,ConfigMap,false
8.925546101,Regular,20,Delete,Deployment,false
8.946105283,Regular,23,Create,Deployment,false
8.969838162,Regular,17,Create,ConfigMap,false
8.987502489,Regular,16,Update,Deployment,false
9.004463612,Regular,20,Delete,ConfigMap,false
9.024746816,Regular,21,Delete,Deployment,false
8.009084008,Regular,16,Create,ConfigMap,false
8.025538027,Regular,19,Update,Deployment,false
8.045119929,Regular,13,Delete,ConfigMap,false
8.058296578,Regular,18,Delete,Deployment,false
8.076996637,Regular,12,Create,Deployment,false
8.089690774,Regular,15,Create,ConfigMap,false
8.10506315,Regular,17,Update,Deployment,false
8.122290562,Regular,5,Delete,ConfigMap,false
8.127580744,Regular,9,Delete,Deployment,false
8.137017576,Regular,20,Create,Deployment,false
8.157715183,Regular,25,Create,ConfigMap,false
8.183647964,Regular,20,Update,Deployment,false
8.204188917,Regular,10,Delete,ConfigMap,false
8.214836507,Regular,8,Delete,Deployment,false
8.223555468,Regular,18,Create,Deployment,false
8.242562318,Regular,12,Create,ConfigMap,false
8.255078172,Regular,14,Update,Deployment,false
8.270113641,Regular,8,Delete,ConfigMap,false
8.278224435,Regular,8,Delete,Deployment,false
8.286919347,Regular,9,Create,Deployment,false
8.296665254,Regular,7,Create,ConfigMap,false
8.304515937,Regular,13,Update,Deployment,false
8.317841976,Regular,6,Delete,ConfigMap,false
8.324388588,Regular,9,Delete,Deployment,false
8.33362366,Regular,14,Create,Deployment,false
8.3484007,Regular,22,Create,ConfigMap,false
8.371036418,Regular,13,Update,Deployment,false
8.384104109,Regular,11,Delete,ConfigMap,false
8.395607138,Regular,6,Delete,Deployment,false
8.404657332,Regular,15,Create,Deployment,false
8.423322344,Regular,11,Create,ConfigMap,false
8.443229206,Regular,19,Update,Deployment,false
8.462928129,Regular,14,Delete,ConfigMap,false
8.483836119,Regular,13,Delete,Deployment,false
8.503530222,Regular,15,Create,Deployment,false
8.523197138,Regular,14,Create,ConfigMap,false
8.543320567,Regular,18,Update,Deployment,false
8.563142406,Regular,16,Delete,ConfigMap,false
8.58311688,Regular,9,Delete,Deployment,false
8.603495751,Regular,17,Create,Deployment,false
8.623526864,Regular,19,Create,ConfigMap,false
8.643259751,Regular,17,Update,Deployment,false
8.664014815,Regular,8,Delete,ConfigMap,false
8.683622476,Regular,14,Delete,Deployment,false
8.703082742,Regular,14,Create,Deployment,false
8.724228357,Regular,12,Create,ConfigMap,false
8.743053685,Regular,29,Update,Deployment,false
8.773042903,Regular,20,Delete,ConfigMap,false
8.793371252,Regular,29,Delete,Deployment,false
8.823165763,Regular,31,Create,Deployment,false
8.85419399,Regular,20,Create,ConfigMap,false
8.8748029,Regular,35,Update,Deployment,false
8.91004553,Regular,16,Delete,ConfigMap,false
8.92696782,Regular,19,Delete,Deployment,false
8.946777199,Regular,23,Create,Deployment,false
8.970101477,Regular,14,Create,ConfigMap,false
8.98474615,Regular,11,Update,Deployment,false
8.996023325,Regular,16,Delete,ConfigMap,false
9.012409735,Regular,14,Delete,Deployment,false
9.027278934,Regular,18,Create,Deployment,false
9.046162297,Regular,26,Create,ConfigMap,false
8.041944319,Regular,12,Delete,Deployment,false
8.054879412,Regular,18,Create,Deployment,false
8.073579092,Regular,11,Create,ConfigMap,false
8.085447382,Regular,20,Update,Deployment,false
8.105882241,Regular,14,Delete,ConfigMap,false
8.120155793,Regular,4,Delete,Deployment,false
8.12483526,Regular,16,Create,Deployment,false
8.141039648,Regular,17,Create,ConfigMap,false
8.158457418,Regular,21,Update,Deployment,false
8.180220154,Regular,24,Delete,ConfigMap,false
8.205015287,Regular,13,Delete,Deployment,false
8.218524802,Regular,11,Create,Deployment,false
8.230552278,Regular,15,Create,ConfigMap,false
8.246110477,Regular,15,Update,Deployment,false
8.261853713,Regular,8,Delete,ConfigMap,false
8.270229553,Regular,9,Delete,Deployment,false
8.279299038,Regular,14,Create,Deployment,false
8.294140878,Regular,7,Create,ConfigMap,false
8.302128871,Regular,11,Update,Deployment,false
8.314154878,Regular,5,Delete,ConfigMap,false
8.319557558,Regular,9,Delete,Deployment,false
8.329167128,Regular,19,Create,Deployment,false
8.34857058,Regular,22,Create,ConfigMap,false
8.371046018,Regular,19,Update,Deployment,false
8.390910093,Regular,9,Delete,ConfigMap,false
8.400654391,Regular,9,Delete,Deployment,false
8.41026236,Regular,8,Create,Deployment,false
8.423029024,Regular,17,Create,ConfigMap,false
8.443062773,Regular,23,Update,Deployment,false
8.466864641,Regular,11,Delete,ConfigMap,false
8.483522552,Regular,13,Delete,Deployment,false
8.50353493,Regular,21,Create,Deployment,false
8.524749796,Regular,14,Create,ConfigMap,false
8.543066422999999,Regular,26,Update,Deployment,false
8.569615335,Regular,12,Delete,ConfigMap,false
8.583178697,Regular,8,Delete,Deployment,false
8.603135391,Regular,18,Create,Deployment,false
8.623445263,Regular,19,Create,ConfigMap,false
8.642993571,Regular,10,Update,Deployment,false
8.66384316,Regular,12,Delete,ConfigMap,false
8.683883059,Regular,9,Delete,Deployment,false
8.703010665,Regular,12,Create,Deployment,false
8.723788584,Regular,19,Create,ConfigMap,false
8.743511231,Regular,19,Update,Deployment,false
8.763777411,Regular,20,Delete,ConfigMap,false
8.784129418,Regular,21,Delete,Deployment,false
8.805548256,Regular,36,Create,Deployment,false
8.842412826,Regular,20,Create,ConfigMap,false
8.862502424,Regular,29,Update,Deployment,false
8.892155396,Regular,12,Delete,ConfigMap,false
8.904797595,Regular,22,Delete,Deployment,false
8.926894624,Regular,22,Create,Deployment,false
8.949868778,Regular,26,Create,ConfigMap,false
8.976465997,Regular,21,Update,Deployment,false
8.997938433,Regular,26,Delete,ConfigMap,false
9.024417732,Regular,21,Delete,Deployment,false
9.045508979,Regular,27,Create,Deployment,false
9.073016236,Regular,23,Create,ConfigMap,false
9.097027579,Regular,25,Update,Deployment,false
9.011559601,Regular,15,Delete,ConfigMap,false
9.026824238,Regular,18,Delete,Deployment,false
9.045606659,Regular,18,Create,Deployment,false
9.063783009,Regular,16,Create,ConfigMap,false
9.080389248,Regular,20,Update,Deployment,false
9.101370359,Regular,16,Delete,ConfigMap,false
9.117546965,Regular,16,Delete,Deployment,false
9.134422152,Regular,15,Create,Deployment,false
9.150389148,Regular,15,Create,ConfigMap,false
9.165816078,Regular,12,Update,Deployment,false
9.177965242,Regular,21,Delete,ConfigMap,false
9.199786384,Regular,11,Delete,Deployment,false
9.211464957,Regular,13,Create,Deployment,false
9.224777776,Regular,17,Create,ConfigMap,false
9.24270941,Regular,18,Update,Deployment,false
9.262810421,Regular,13,Delete,ConfigMap,false
9.2831461,Regular,12,Delete,Deployment,false
9.303058411,Regular,11,Create,Deployment,false
9.322954885,Regular,13,Create,ConfigMap,false
9.342795801,Regular,16,Update,Deployment,false
9.364101711,Regular,5,Delete,ConfigMap,false
9.38312281,Regular,10,Delete,Deployment,false
9.403113236,Regular,12,Create,Deployment,false
9.423197316,Regular,10,Create,ConfigMap,false
9.442936371,Regular,13,Update,Deployment,false
9.462979248,Regular,10,Delete,ConfigMap,false
9.484652768,Regular,7,Delete,Deployment,false
9.504130559,Regular,22,Create,Deployment,false
9.526716453,Regular,15,Create,ConfigMap,false
9.542965708,Regular,13,Update,Deployment,false
9.562923068,Regular,5,Delete,ConfigMap,false
9.583445385,Regular,13,Delete,Deployment,false
9.603652839,Regular,13,Create,Deployment,false
9.623130255,Regular,11,Create,ConfigMap,false
9.643584611,Regular,11,Update,Deployment,false
9.663324728,Regular,8,Delete,ConfigMap,false
9.683278776,Regular,10,Delete,Deployment,false
9.703634494,Regular,18,Create,Deployment,false
9.723296402,Regular,13,Create,ConfigMap,false
9.743404745,Regular,16,Update,Deployment,false
9.763679564,Regular,7,Delete,ConfigMap,false
9.783442029,Regular,12,Delete,Deployment,false
9.803080008,Regular,11,Create,Deployment,false
9.8229693,Regular,12,Create,ConfigMap,false
9.843829185,Regular,13,Update,Deployment,false
9.864451445,Regular,7,Delete,ConfigMap,false
9.883213924,Regular,21,Delete,Deployment,false
9.904788551,Regular,19,Create,Deployment,false
9.924767641999999,Regular,25,Create,ConfigMap,false
9.949981199,Regular,17,Update,Deployment,false
9.96731495,Regular,12,Delete,ConfigMap,false
9.982797891,Regular,13,Delete,Deployment,false
9.023929876,Regular,22,Delete,ConfigMap,false
9.046718393,Regular,15,Delete,Deployment,false
9.061794138,Regular,32,Create,Deployment,false
9.094462111,Regular,16,Create,ConfigMap,false
9.110783758,Regular,22,Update,Deployment,false
9.133166334,Regular,17,Delete,ConfigMap,false
9.150549126,Regular,16,Delete,Deployment,false
9.167091072,Regular,28,Create,Deployment,false
9.195263521,Regular,9,Create,ConfigMap,false
9.204989745,Regular,14,Update,Deployment,false
9.219433244,Regular,11,Delete,ConfigMap,false
9.230530819,Regular,17,Delete,Deployment,false
9.248382481,Regular,15,Create,Deployment,false
9.264338541,Regular,18,Create,ConfigMap,false
9.282471772,Regular,14,Update,Deployment,false
9.296905909,Regular,7,Delete,ConfigMap,false
9.304007903,Regular,9,Delete,Deployment,false
9.313363989,Regular,9,Create,Deployment,false
9.322819905,Regular,14,Create,ConfigMap,false
9.343235969,Regular,17,Update,Deployment,false
9.363686111,Regular,7,Delete,ConfigMap,false
9.383362613,Regular,11,Delete,Deployment,false
9.402992981,Regular,13,Create,Deployment,false
9.422925812,Regular,10,Create,ConfigMap,false
9.443225314,Regular,16,Update,Deployment,false
9.462863169,Regular,9,Delete,ConfigMap,false
9.484288878,Regular,8,Delete,Deployment,false
9.503711899,Regular,19,Create,Deployment,false
9.523725089,Regular,13,Create,ConfigMap,false
9.54326846,Regular,13,Update,Deployment,false
9.563379642,Regular,6,Delete,ConfigMap,false
9.583312802,Regular,9,Delete,Deployment,false
9.603752753,Regular,17,Create,Deployment,false
9.62343846,Regular,11,Create,ConfigMap,false
9.643698983,Regular,12,Update,Deployment,false
9.66360259,Regular,7,Delete,ConfigMap,false
9.683015561,Regular,10,Delete,Deployment,false
9.703306563,Regular,16,Create,Deployment,false
9.723482309,Regular,12,Create,ConfigMap,false
9.743208091,Regular,15,Update,Deployment,false
9.763577282,Regular,6,Delete,ConfigMap,false
9.783129953,Regular,15,Delete,Deployment,false
9.802932494,Regular,15,Create,Deployment,false
9.823171573,Regular,12,Create,ConfigMap,false
9.84392763,Regular,14,Update,Deployment,false
9.864155618,Regular,7,Delete,ConfigMap,false
9.883265852,Regular,21,Delete,Deployment,false
9.904767328,Regular,18,Create,Deployment,false
9.923076737,Regular,26,Create,ConfigMap,false
9.949515759,Regular,28,Update,Deployment,false
9.978095486,Regular,21,Delete,ConfigMap,false
9.99925781,Regular,10,Delete,Deployment,false
9.017044276,Regular,16,Delete,ConfigMap,false
9.033499086,Regular,11,Delete,Deployment,false
9.045350574,Regular,20,Create,Deployment,false
9.066367358,Regular,28,Create,ConfigMap,false
9.094449685,Regular,32,Update,Deployment,false
9.127295574,Regular,17,Delete,ConfigMap,false
9.144460891,Regular,7,Delete,Deployment,false
9.151918196,Regular,15,Create,Deployment,false
9.167417139,Regular,17,Create,ConfigMap,false
9.185029581,Regular,17,Update,Deployment,false
9.203018453,Regular,14,Delete,ConfigMap,false
9.217955652,Regular,10,Delete,Deployment,false
9.22881575,Regular,13,Create,Deployment,false
9.242541001,Regular,15,Create,ConfigMap,false
9.25764132,Regular,14,Update,Deployment,false
9.271818513,Regular,15,Delete,ConfigMap,false
9.287662908,Regular,10,Delete,Deployment,false
9.303104034,Regular,11,Create,Deployment,false
9.32290419,Regular,17,Create,ConfigMap,false
9.342689244,Regular,15,Update,Deployment,false
9.364024155,Regular,6,Delete,ConfigMap,false
9.383218606,Regular,11,Delete,Deployment,false
9.403055493,Regular,15,Create,Deployment,false
9.423174295,Regular,8,Create,ConfigMap,false
9.442869658,Regular,13,Update,Deployment,false
9.463247289,Regular,12,Delete,ConfigMap,false
9.484190896,Regular,8,Delete,Deployment,false
9.504077345,Regular,23,Create,Deployment,false
9.527833929,Regular,12,Create,ConfigMap,false
9.543053665,Regular,14,Update,Deployment,false
9.563111811,Regular,7,Delete,ConfigMap,false
9.58322785,Regular,6,Delete,Deployment,false
9.603721873,Regular,17,Create,Deployment,false
9.623185698,Regular,12,Create,ConfigMap,false
9.643939174,Regular,16,Update,Deployment,false
9.66365985,Regular,6,Delete,ConfigMap,false
9.683112981,Regular,10,Delete,Deployment,false
9.70353937,Regular,18,Create,Deployment,false
9.723356669,Regular,13,Create,ConfigMap,false
9.743423671,Regular,14,Update,Deployment,false
9.763477642,Regular,7,Delete,ConfigMap,false
9.783440163,Regular,11,Delete,Deployment,false
9.803045905,Regular,15,Create,Deployment,false
9.82312086,Regular,13,Create,ConfigMap,false
9.843687399,Regular,12,Update,Deployment,false
9.864337685,Regular,7,Delete,ConfigMap,false
9.883162304,Regular,20,Delete,Deployment,false
9.904148335,Regular,19,Create,Deployment,false
9.92395523,Regular,25,Create,ConfigMap,false
9.94962034,Regular,27,Update,Deployment,false
9.977293239,Regular,21,Delete,ConfigMap,false
9.999239562,Regular,13,Delete,Deployment,false
9.006330612,Regular,27,Delete,ConfigMap,false
9.033643427,Regular,12,Delete,Deployment,false
9.046516377,Regular,26,Create,Deployment,false
9.072867365,Regular,32,Create,ConfigMap,false
9.105559398,Regular,16,Update,Deployment,false
9.122407908,Regular,22,Delete,ConfigMap,false
9.144594707,Regular,12,Delete,Deployment,false
9.156634575,Regular,21,Create,Deployment,false
9.178226259,Regular,23,Create,ConfigMap,false
9.201851225,Regular,11,Update,Deployment,false
9.213410804,Regular,12,Delete,ConfigMap,false
9.225603667,Regular,11,Delete,Deployment,false
9.237464135,Regular,21,Create,Deployment,false
9.259379365,Regular,12,Create,ConfigMap,false
9.271661919,Regular,16,Update,Deployment,false
9.2881452,Regular,9,Delete,ConfigMap,false
9.297650738,Regular,4,Delete,Deployment,false
9.30300571,Regular,16,Create,Deployment,false
9.322869422,Regular,14,Create,ConfigMap,false
9.342909715,Regular,15,Update,Deployment,false
9.364017494,Regular,6,Delete,ConfigMap,false
9.383313554,Regular,10,Delete,Deployment,false
9.403085945,Regular,15,Create,Deployment,false
9.422863884,Regular,11,Create,ConfigMap,false
9.442832751,Regular,16,Update,Deployment,false
9.463116002,Regular,8,Delete,ConfigMap,false
9.484242168,Regular,9,Delete,Deployment,false
9.504219105,Regular,23,Create,Deployment,false
9.527835458,Regular,9,Create,ConfigMap,false
9.543018863,Regular,17,Update,Deployment,false
9.563210522,Regular,6,Delete,ConfigMap,false
9.583637658,Regular,9,Delete,Deployment,false
9.603528052,Regular,18,Create,Deployment,false
9.623138338,Regular,11,Create,ConfigMap,false
9.643810906,Regular,17,Update,Deployment,false
9.663282633,Regular,7,Delete,ConfigMap,false
9.683109801,Regular,10,Delete,Deployment,false
9.703671014,Regular,17,Create,Deployment,false
9.723414825999999,Regular,9,Create,ConfigMap,false
9.743325185,Regular,15,Update,Deployment,false
9.763745384,Regular,6,Delete,ConfigMap,false
9.783333913,Regular,12,Delete,Deployment,false
9.80312644,Regular,13,Create,Deployment,false
9.823069071,Regular,13,Create,ConfigMap,false
9.843995877,Regular,13,Update,Deployment,false
9.864398889,Regular,8,Delete,ConfigMap,false
9.883258486999999,Regular,21,Delete,Deployment,false
9.904926255,Regular,18,Create,Deployment,false
9.92376987,Regular,25,Create,ConfigMap,false
9.949620338999999,Regular,30,Update,Deployment,false
9.980627542,Regular,20,Delete,ConfigMap,false
10.000836977,Regular,23,Delete,Deployment,false
9.122458642,Regular,19,Delete,ConfigMap,false
9.141608973,Regular,15,Delete,Deployment,false
9.157199463,Regular,14,Create,Deployment,false
9.171806565,Regular,16,Create,ConfigMap,false
9.18854567,Regular,17,Update,Deployment,false
9.205646468,Regular,9,Delete,ConfigMap,false
9.215246656,Regular,8,Delete,Deployment,false
9.224257604,Regular,16,Create,Deployment,false
9.241116347,Regular,18,Create,ConfigMap,false
9.259483474,Regular,13,Update,Deployment,false
9.272714244,Regular,14,Delete,ConfigMap,false
9.287711604,Regular,11,Delete,Deployment,false
9.30318938,Regular,15,Create,Deployment,false
9.323224341,Regular,17,Create,ConfigMap,false
9.342706295,Regular,12,Update,Deployment,false
9.363875248,Regular,5,Delete,ConfigMap,false
9.383387225,Regular,11,Delete,Deployment,false
9.403380736,Regular,14,Create,Deployment,false
9.422801339,Regular,11,Create,ConfigMap,false
9.443337191,Regular,15,Update,Deployment,false
9.463202808,Regular,7,Delete,ConfigMap,false
9.48454433,Regular,8,Delete,Deployment,false
9.503633415,Regular,24,Create,Deployment,false
9.527827946,Regular,9,Create,ConfigMap,false
9.543411589,Regular,12,Update,Deployment,false
9.563402719,Regular,4,Delete,ConfigMap,false
9.58350319,Regular,9,Delete,Deployment,false
9.603814544,Regular,17,Create,Deployment,false
9.623442563,Regular,11,Create,ConfigMap,false
9.643654539,Regular,16,Update,Deployment,false
9.66351427,Regular,7,Delete,ConfigMap,false
9.682956644,Regular,10,Delete,Deployment,false
9.703362907,Regular,18,Create,Deployment,false
9.723536652,Regular,13,Create,ConfigMap,false
9.743237545,Regular,14,Update,Deployment,false
9.76324117,Regular,4,Delete,ConfigMap,false
9.783069673,Regular,13,Delete,Deployment,false
9.803374449,Regular,13,Create,Deployment,false
9.823125428,Regular,12,Create,ConfigMap,false
9.843727054,Regular,14,Update,Deployment,false
9.864206029,Regular,9,Delete,ConfigMap,false
9.883122104,Regular,20,Delete,Deployment,false
9.903525991,Regular,18,Create,Deployment,false
9.922844414,Regular,26,Create,ConfigMap,false
9.949432123,Regular,30,Update,Deployment,false
9.980148857,Regular,21,Delete,ConfigMap,false
10.002061585,Regular,22,Delete,Deployment,false
9.024417236,Regular,22,Delete,Deployment,false
9.046702707,Regular,26,Create,Deployment,false
9.073525905,Regular,32,Create,ConfigMap,false
9.105743401,Regular,16,Update,Deployment,false
9.122120982,Regular,21,Delete,ConfigMap,false
9.143526616,Regular,13,Delete,Deployment,false
9.157291223,Regular,21,Create,Deployment,false
9.178645542,Regular,22,Create,ConfigMap,false
9.201014013,Regular,12,Update,Deployment,false
9.213702984,Regular,11,Delete,ConfigMap,false
9.225453274,Regular,12,Delete,Deployment,false
9.237906243,Regular,21,Create,Deployment,false
9.259351334,Regular,12,Create,ConfigMap,false
9.271841339,Regular,11,Update,Deployment,false
9.283131563,Regular,12,Delete,ConfigMap,false
9.29570371,Regular,5,Delete,Deployment,false
9.302950306,Regular,12,Create,Deployment,false
9.323186385,Regular,11,Create,ConfigMap,false
9.343124449,Regular,15,Update,Deployment,false
9.363892455,Regular,7,Delete,ConfigMap,false
9.383413442,Regular,11,Delete,Deployment,false
9.403626558,Regular,13,Create,Deployment,false
9.423355503,Regular,11,Create,ConfigMap,false
9.443389095,Regular,12,Update,Deployment,false
9.463152929,Regular,10,Delete,ConfigMap,false
9.484437627,Regular,8,Delete,Deployment,false
9.504049999,Regular,22,Create,Deployment,false
9.526596426,Regular,11,Create,ConfigMap,false
9.543320277,Regular,17,Update,Deployment,false
9.562820207,Regular,6,Delete,ConfigMap,false
9.58339103,Regular,13,Delete,Deployment,false
9.603450486,Regular,14,Create,Deployment,false
9.623393048,Regular,11,Create,ConfigMap,false
9.643760842,Regular,15,Update,Deployment,false
9.663426425,Regular,8,Delete,ConfigMap,false
9.683194964,Regular,7,Delete,Deployment,false
9.703387563,Regular,18,Create,Deployment,false
9.723203942,Regular,12,Create,ConfigMap,false
9.743188788,Regular,13,Update,Deployment,false
9.763642284,Regular,7,Delete,ConfigMap,false
9.782768718,Regular,14,Delete,Deployment,false
9.803381034000001,Regular,15,Create,Deployment,false
9.822753566,Regular,9,Create,ConfigMap,false
9.843780825,Regular,15,Update,Deployment,false
9.864291245,Regular,10,Delete,ConfigMap,false
9.882950362999999,Regular,14,Delete,Deployment,false
9.902701091,Regular,22,Create,Deployment,false
9.924801233,Regular,23,Create,ConfigMap,false
9.948298105,Regular,12,Update,Deployment,false
9.962857712,Regular,18,Delete,ConfigMap,false
9.982829221,Regular,13,Delete,Deployment,false
10.002899013,Regular,29,Create,Deployment,false
9.013371621,Regular,20,Delete,ConfigMap,false
9.033567095,Regular,12,Delete,Deployment,false
9.045760234,Regular,27,Create,Deployment,false
9.073066643,Regular,27,Create,ConfigMap,false
9.100821359,Regular,21,Update,Deployment,false
9.122006241,Regular,14,Delete,ConfigMap,false
9.136324949,Regular,13,Delete,Deployment,false
9.149941428,Regular,17,Create,Deployment,false
9.167720459,Regular,27,Create,ConfigMap,false
9.195643233,Regular,16,Update,Deployment,false
9.212084017,Regular,13,Delete,ConfigMap,false
9.225394448,Regular,12,Delete,Deployment,false
9.237713366,Regular,14,Create,Deployment,false
9.252179942,Regular,19,Create,ConfigMap,false
9.271816128,Regular,14,Update,Deployment,false
9.286539678,Regular,9,Delete,ConfigMap,false
9.296342169,Regular,5,Delete,Deployment,false
9.303251651,Regular,15,Create,Deployment,false
9.323144865,Regular,17,Create,ConfigMap,false
9.342978509,Regular,13,Update,Deployment,false
9.363763803,Regular,7,Delete,ConfigMap,false
9.383011206,Regular,11,Delete,Deployment,false
9.403396516,Regular,13,Create,Deployment,false
9.42329171,Regular,12,Create,ConfigMap,false
9.443076303,Regular,14,Update,Deployment,false
9.462914389,Regular,6,Delete,ConfigMap,false
9.484473848,Regular,7,Delete,Deployment,false
9.503673887,Regular,23,Create,Deployment,false
9.527493106,Regular,9,Create,ConfigMap,false
9.543230057,Regular,19,Update,Deployment,false
9.563278311,Regular,6,Delete,ConfigMap,false
9.583483261,Regular,9,Delete,Deployment,false
9.603493729,Regular,18,Create,Deployment,false
9.623334798,Regular,11,Create,ConfigMap,false
9.643481354,Regular,11,Update,Deployment,false
9.663569636,Regular,8,Delete,ConfigMap,false
9.682812541,Regular,7,Delete,Deployment,false
9.70335257,Regular,21,Create,Deployment,false
9.724825141,Regular,11,Create,ConfigMap,false
9.74343628,Regular,15,Update,Deployment,false
9.763162292,Regular,6,Delete,ConfigMap,false
9.782809757999999,Regular,12,Delete,Deployment,false
9.803304761,Regular,15,Create,Deployment,false
9.822770679,Regular,12,Create,ConfigMap,false
9.843743662,Regular,16,Update,Deployment,false
9.864192605,Regular,5,Delete,ConfigMap,false
9.883000524,Regular,13,Delete,Deployment,false
9.902746659,Regular,22,Create,Deployment,false
9.924775097,Regular,24,Create,ConfigMap,false
9.949361248,Regular,31,Update,Deployment,false
9.981091579,Regular,18,Delete,ConfigMap,false
9.999407922,Regular,26,Delete,Deployment,false
10.025552707,Regular,21,Create,Deployment,false
9.046444947,Regular,18,Create,Deployment,false
9.065136572,Regular,16,Create,ConfigMap,false
9.081179437,Regular,25,Update,Deployment,false
9.107083618,Regular,21,Delete,ConfigMap,false
9.128789594,Regular,12,Delete,Deployment,false
9.141600916,Regular,13,Create,Deployment,false
9.155503888,Regular,17,Create,ConfigMap,false
9.173156717,Regular,21,Update,Deployment,false
9.195048485,Regular,7,Delete,ConfigMap,false
9.203067405,Regular,10,Delete,Deployment,false
9.213699107,Regular,11,Create,Deployment,false
9.224774862,Regular,19,Create,ConfigMap,false
9.24454743,Regular,16,Update,Deployment,false
9.262700726,Regular,13,Delete,ConfigMap,false
9.283309596,Regular,9,Delete,Deployment,false
9.303141754,Regular,16,Create,Deployment,false
9.323483836,Regular,14,Create,ConfigMap,false
9.343266509,Regular,14,Update,Deployment,false
9.363769463,Regular,8,Delete,ConfigMap,false
9.383403679,Regular,8,Delete,Deployment,false
9.403399511,Regular,14,Create,Deployment,false
9.42299645,Regular,10,Create,ConfigMap,false
9.443503494,Regular,14,Update,Deployment,false
9.463172345,Regular,8,Delete,ConfigMap,false
9.484222353,Regular,8,Delete,Deployment,false
9.503989099,Regular,23,Create,Deployment,false
9.527134576,Regular,10,Create,ConfigMap,false
9.543210732,Regular,13,Update,Deployment,false
9.563438956,Regular,5,Delete,ConfigMap,false
9.583412201,Regular,8,Delete,Deployment,false
9.603556026,Regular,17,Create,Deployment,false
9.623286018,Regular,12,Create,ConfigMap,false
9.643522937,Regular,16,Update,Deployment,false
9.663455077,Regular,7,Delete,ConfigMap,false
9.683215972,Regular,10,Delete,Deployment,false
9.703498495,Regular,18,Create,Deployment,false
9.723532386,Regular,8,Create,ConfigMap,false
9.74346622,Regular,14,Update,Deployment,false
9.763276136,Regular,7,Delete,ConfigMap,false
9.783134761,Regular,12,Delete,Deployment,false
9.803224749,Regular,15,Create,Deployment,false
9.82321566,Regular,13,Create,ConfigMap,false
9.843631059,Regular,15,Update,Deployment,false
9.864070681,Regular,9,Delete,ConfigMap,false
9.883093827,Regular,20,Delete,Deployment,false
9.903407063,Regular,20,Create,Deployment,false
9.924230753,Regular,24,Create,ConfigMap,false
9.948967759,Regular,28,Update,Deployment,false
9.977152937,Regular,22,Delete,ConfigMap,false
9.999414756,Regular,16,Delete,Deployment,false
10.01599432,Regular,31,Create,Deployment,false
9.072681608,Regular,14,Update,Deployment,false
9.087306176,Regular,17,Delete,ConfigMap,false
9.104437071,Regular,17,Delete,Deployment,false
9.121984982,Regular,21,Create,Deployment,false
9.143257204,Regular,13,Create,ConfigMap,false
9.156761251,Regular,17,Update,Deployment,false
9.174723342,Regular,10,Delete,ConfigMap,false
9.185073038,Regular,11,Delete,Deployment,false
9.202789033,Regular,16,Create,Deployment,false
9.222894971,Regular,12,Create,ConfigMap,false
9.242759281,Regular,18,Update,Deployment,false
9.262752734,Regular,12,Delete,ConfigMap,false
9.283192399,Regular,12,Delete,Deployment,false
9.303105731,Regular,14,Create,Deployment,false
9.323061778,Regular,15,Create,ConfigMap,false
9.342954004,Regular,15,Update,Deployment,false
9.363712768,Regular,6,Delete,ConfigMap,false
9.38306439,Regular,11,Delete,Deployment,false
9.403166561,Regular,13,Create,Deployment,false
9.423194859,Regular,10,Create,ConfigMap,false
9.443052894,Regular,13,Update,Deployment,false
9.463027045,Regular,8,Delete,ConfigMap,false
9.484490107,Regular,8,Delete,Deployment,false
9.504165587,Regular,23,Create,Deployment,false
9.527423729,Regular,14,Create,ConfigMap,false
9.543113545,Regular,18,Update,Deployment,false
9.562876619,Regular,7,Delete,ConfigMap,false
9.583622955,Regular,12,Delete,Deployment,false
9.603614233,Regular,18,Create,Deployment,false
9.623225163,Regular,12,Create,ConfigMap,false
9.643903037,Regular,16,Update,Deployment,false
9.663717222,Regular,8,Delete,ConfigMap,false
9.683252309,Regular,7,Delete,Deployment,false
9.703596787,Regular,19,Create,Deployment,false
9.723244266,Regular,13,Create,ConfigMap,false
9.743161477,Regular,11,Update,Deployment,false
9.763562524,Regular,7,Delete,ConfigMap,false
9.783177778,Regular,14,Delete,Deployment,false
9.80286164,Regular,12,Create,Deployment,false
9.823005471,Regular,12,Create,ConfigMap,false
9.843964927,Regular,15,Update,Deployment,false
9.864116665,Regular,9,Delete,ConfigMap,false
9.883285284,Regular,20,Delete,Deployment,false
9.904126531,Regular,18,Create,Deployment,false
9.923063165,Regular,26,Create,ConfigMap,false
9.949929403,Regular,27,Update,Deployment,false
9.977552002,Regular,17,Delete,ConfigMap,false
9.995187028,Regular,7,Delete,Deployment,false
10.002774425,Regular,44,Create,Deployment,false
10.046833607,Regular,11,Create,ConfigMap,false
9.045658327,Regular,20,Create,Deployment,false
9.066659881,Regular,20,Create,ConfigMap,false
9.086746736,Regular,25,Update,Deployment,false
9.112256906,Regular,22,Delete,ConfigMap,false
9.134602954,Regular,15,Delete,Deployment,false
9.1502086,Regular,17,Create,Deployment,false
9.167923287,Regular,16,Create,ConfigMap,false
9.184937477,Regular,15,Update,Deployment,false
9.200402328,Regular,9,Delete,ConfigMap,false
9.209927569,Regular,8,Delete,Deployment,false
9.218279075,Regular,12,Create,Deployment,false
9.230982239,Regular,12,Create,ConfigMap,false
9.243211106,Regular,16,Update,Deployment,false
9.262844074,Regular,13,Delete,ConfigMap,false
9.283114772,Regular,12,Delete,Deployment,false
9.303146024,Regular,10,Create,Deployment,false
9.323230576,Regular,17,Create,ConfigMap,false
9.3432567,Regular,15,Update,Deployment,false
9.363931871,Regular,8,Delete,ConfigMap,false
9.383032813,Regular,11,Delete,Deployment,false
9.403438858,Regular,14,Create,Deployment,false
9.423034207,Regular,15,Create,ConfigMap,false
9.442803034,Regular,13,Update,Deployment,false
9.463083472,Regular,11,Delete,ConfigMap,false
9.484155802,Regular,5,Delete,Deployment,false
9.503987012,Regular,23,Create,Deployment,false
9.527465881,Regular,14,Create,ConfigMap,false
9.542950968,Regular,13,Update,Deployment,false
9.563255722,Regular,5,Delete,ConfigMap,false
9.583346099,Regular,8,Delete,Deployment,false
9.603689886,Regular,17,Create,Deployment,false
9.623139852,Regular,11,Create,ConfigMap,false
9.643642074,Regular,17,Update,Deployment,false
9.663327956,Regular,8,Delete,ConfigMap,false
9.682861056,Regular,10,Delete,Deployment,false
9.703443286,Regular,17,Create,Deployment,false
9.723469997,Regular,13,Create,ConfigMap,false
9.743285034,Regular,16,Update,Deployment,false
9.763122264,Regular,6,Delete,ConfigMap,false
9.782882969,Regular,13,Delete,Deployment,false
9.803308154,Regular,14,Create,Deployment,false
9.823333723,Regular,12,Create,ConfigMap,false
9.844005974,Regular,14,Update,Deployment,false
9.864252585,Regular,8,Delete,ConfigMap,false
9.883038332,Regular,21,Delete,Deployment,false
9.90480366,Regular,12,Create,Deployment,false
9.922993454,Regular,18,Create,ConfigMap,false
9.943112533,Regular,14,Update,Deployment,false
9.962841498,Regular,18,Delete,ConfigMap,false
9.982741514,Regular,13,Delete,Deployment,false
10.002795016,Regular,22,Create,Deployment,false
10.025397928,Regular,19,Create,ConfigMap,false
10.045405693,Regular,13,Update,Deployment,false
10.002880622,Regular,39,Create,Deployment,false
10.042454535,Regular,10,Create,ConfigMap,false
10.052863774,Regular,9,Update,Deployment,false
10.047448953,Regular,10,Create,ConfigMap,false
10.058426192,Regular,9,Update,Deployment,false
