start_time,role,duration_ms,operation,resource,is_error
0.003797369,Regular,91,Create,Deployment,false
0.00172371,Regular,78,Create,Deployment,false
0.080352533,Regular,45,Create,ConfigMap,false
0.126336424,Regular,40,Update,Deployment,false
0.167246214,Regular,35,Delete,ConfigMap,false
0.003639611,Regular,90,Create,Deployment,false
0.094559883,Regular,45,Create,ConfigMap,false
0.139794073,Regular,77,Update,Deployment,false
0.003797832,Regular,102,Create,Deployment,false
0.106343482,Regular,33,Create,ConfigMap,false
0.13937551,Regular,92,Update,Deployment,false
0.231531915,Regular,35,Delete,ConfigMap,false
0.266937978,Regular,36,Delete,Deployment,false
0.30305544,Regular,37,Create,Deployment,false
0.340296458,Regular,34,Create,ConfigMap,false
0.375189459,Regular,45,Update,Deployment,false
0.420990253,Regular,24,Delete,ConfigMap,false
0.44563023,Regular,27,Delete,Deployment,false
0.472910708,Regular,28,Create,Deployment,false
0.501831962,Regular,28,Create,ConfigMap,false
0.530586334,Regular,43,Update,Deployment,false
0.574135164,Regular,13,Delete,ConfigMap,false
0.587726191,Regular,20,Delete,Deployment,false
0.608520485,Regular,16,Create,Deployment,false
0.625477835,Regular,21,Create,ConfigMap,false
0.647190567,Regular,30,Update,Deployment,false
0.677337365,Regular,18,Delete,ConfigMap,false
0.69621992,Regular,8,Delete,Deployment,false
0.704788004,Regular,21,Create,Deployment,false
0.726080575,Regular,29,Create,ConfigMap,false
0.755595776,Regular,29,Update,Deployment,false
0.785445022,Regular,32,Delete,ConfigMap,false
0.817951285,Regular,25,Delete,Deployment,false
0.843766574,Regular,33,Create,Deployment,false
0.87772172,Regular,37,Create,ConfigMap,false
0.915224944,Regular,21,Update,Deployment,false
0.936325658,Regular,27,Delete,ConfigMap,false
0.964036668,Regular,23,Delete,Deployment,false
0.988021035,Regular,37,Create,Deployment,false
0.003382496,Regular,72,Create,Deployment,false
0.075775599,Regular,45,Create,ConfigMap,false
0.121442506,Regular,36,Update,Deployment,false
0.158371876,Regular,42,Delete,ConfigMap,false
0.201197726,Regular,36,Delete,Deployment,false
0.237838364,Regular,41,Create,Deployment,false
0.27977736,Regular,41,Create,ConfigMap,false
0.321110387,Regular,35,Update,Deployment,false
0.356283123,Regular,29,Delete,ConfigMap,false
0.385347003,Regular,30,Delete,Deployment,false
0.416140692,Regular,22,Create,Deployment,false
0.438855403,Regular,25,Create,ConfigMap,false
0.464656609,Regular,22,Update,Deployment,false
0.487617403,Regular,13,Delete,ConfigMap,false
0.501111202,Regular,20,Delete,Deployment,false
0.521989221,Regular,37,Create,Deployment,false
0.559252683,Regular,20,Create,ConfigMap,false
0.579998147,Regular,21,Update,Deployment,false
0.601889658,Regular,18,Delete,ConfigMap,false
0.620810444,Regular,15,Delete,Deployment,false
0.636296111,Regular,19,Create,Deployment,false
0.655925097,Regular,33,Create,ConfigMap,false
0.689625937,Regular,21,Update,Deployment,false
0.71091163,Regular,23,Delete,ConfigMap,false
0.734554213,Regular,17,Delete,Deployment,false
0.752500896,Regular,35,Create,Deployment,false
0.787587279,Regular,31,Create,ConfigMap,false
0.818689517,Regular,40,Update,Deployment,false
0.859545301,Regular,25,Delete,ConfigMap,false
0.884801444,Regular,24,Delete,Deployment,false
0.909563924,Regular,24,Create,Deployment,false
0.93435903,Regular,27,Create,ConfigMap,false
0.961543108,Regular,41,Update,Deployment,false
1.002611289,Regular,22,Delete,ConfigMap,false
0.203295037,Regular,59,Delete,Deployment,false
0.262987736,Regular,41,Create,Deployment,false
0.304130508,Regular,32,Create,ConfigMap,false
0.337021233,Regular,40,Update,Deployment,false
0.377720136,Regular,37,Delete,ConfigMap,false
0.415593341,Regular,24,Delete,Deployment,false
0.440464106,Regular,32,Create,Deployment,false
0.473060885,Regular,39,Create,ConfigMap,false
0.513075241,Regular,33,Update,Deployment,false
0.546410521,Regular,26,Delete,ConfigMap,false
0.572547902,Regular,9,Delete,Deployment,false
0.582136451,Regular,17,Create,Deployment,false
0.599999742,Regular,37,Create,ConfigMap,false
0.63713572,Regular,39,Update,Deployment,false
0.676429912,Regular,18,Delete,ConfigMap,false
0.695324815,Regular,15,Delete,Deployment,false
0.710968119,Regular,27,Create,Deployment,false
0.738704625,Regular,34,Create,ConfigMap,false
0.773164015,Regular,46,Update,Deployment,false
0.819214317,Regular,15,Delete,ConfigMap,false
0.834277271,Regular,25,Delete,Deployment,false
0.859656378,Regular,28,Create,Deployment,false
0.887749873,Regular,27,Create,ConfigMap,false
0.915137631,Regular,29,Update,Deployment,false
0.9446846,Regular,28,Delete,ConfigMap,false
0.973018074,Regular,28,Delete,Deployment,false
1.001829678,Regular,25,Create,Deployment,false
0.003756705,Regular,91,Create,Deployment,false
0.094917539,Regular,44,Create,ConfigMap,false
0.139613884,Regular,90,Update,Deployment,false
0.230010315,Regular,27,Delete,ConfigMap,false
0.257880473,Regular,36,Delete,Deployment,false
0.293998807,Regular,46,Create,Deployment,false
0.340471976,Regular,26,Create,ConfigMap,false
0.367284639,Regular,35,Update,Deployment,false
0.403091774,Regular,35,Delete,ConfigMap,false
0.438344423,Regular,22,Delete,Deployment,false
0.460631866,Regular,19,Create,Deployment,false
0.480225688,Regular,33,Create,ConfigMap,false
0.513310547,Regular,44,Update,Deployment,false
0.558122332,Regular,21,Delete,ConfigMap,false
0.579582444,Regular,19,Delete,Deployment,false
0.599144781,Regular,22,Create,Deployment,false
0.621506395,Regular,18,Create,ConfigMap,false
0.640531763,Regular,25,Update,Deployment,false
0.666536692,Regular,17,Delete,ConfigMap,false
0.684281708,Regular,17,Delete,Deployment,false
0.701849635,Regular,23,Create,Deployment,false
0.725314338,Regular,33,Create,ConfigMap,false
0.758824927,Regular,34,Update,Deployment,false
0.793811417,Regular,36,Delete,ConfigMap,false
0.830831776,Regular,28,Delete,Deployment,false
0.859771155,Regular,35,Create,Deployment,false
0.895645243,Regular,26,Create,ConfigMap,false
0.922559134,Regular,26,Update,Deployment,false
0.949365375,Regular,26,Delete,ConfigMap,false
0.975926218,Regular,26,Delete,Deployment,false
1.002535684,Regular,25,Create,Deployment,false
0.09532996,Regular,45,Create,ConfigMap,false
0.1407007,Regular,55,Update,Deployment,false
0.196233077,Regular,44,Delete,ConfigMap,false
0.240758642,Regular,35,Delete,Deployment,false
0.276374292,Regular,41,Create,Deployment,false
0.317994816,Regular,37,Create,ConfigMap,false
0.355429495,Regular,33,Update,Deployment,false
0.389265433,Regular,25,Delete,ConfigMap,false
0.414673889,Regular,23,Delete,Deployment,false
0.43775657,Regular,27,Create,Deployment,false
0.465349849,Regular,20,Create,ConfigMap,false
0.485755083,Regular,29,Update,Deployment,false
0.515080487,Regular,38,Delete,ConfigMap,false
0.553487856,Regular,11,Delete,Deployment,false
0.564839278,Regular,22,Create,Deployment,false
0.587347082,Regular,31,Create,ConfigMap,false
0.618486255,Regular,19,Update,Deployment,false
0.637879408,Regular,16,Delete,ConfigMap,false
0.653935213,Regular,22,Delete,Deployment,false
0.676549264,Regular,21,Create,Deployment,false
0.69764747,Regular,24,Create,ConfigMap,false
0.722452238,Regular,23,Update,Deployment,false
0.746110661,Regular,26,Delete,ConfigMap,false
0.773057727,Regular,30,Delete,Deployment,false
0.803634118,Regular,40,Create,Deployment,false
0.844113342,Regular,33,Create,ConfigMap,false
0.878137716,Regular,36,Update,Deployment,false
0.914464437,Regular,20,Delete,ConfigMap,false
0.935164541,Regular,24,Delete,Deployment,false
0.959760089,Regular,26,Create,Deployment,false
0.98665589,Regular,24,Create,ConfigMap,false
1.011519924,Regular,30,Update,Deployment,false
0.217376593,Regular,40,Delete,ConfigMap,false
0.257786833,Regular,35,Delete,Deployment,false
0.293361136,Regular,36,Create,Deployment,false
0.329933692,Regular,31,Create,ConfigMap,false
0.361396477,Regular,31,Update,Deployment,false
0.393034825,Regular,22,Delete,ConfigMap,false
0.416013292,Regular,22,Delete,Deployment,false
0.438662867,Regular,32,Create,Deployment,false
0.471003248,Regular,25,Create,ConfigMap,false
0.496134387,Regular,30,Update,Deployment,false
0.52694765,Regular,45,Delete,ConfigMap,false
0.572169052,Regular,12,Delete,Deployment,false
0.584922946,Regular,24,Create,Deployment,false
0.609626428,Regular,13,Create,ConfigMap,false
0.623509956,Regular,32,Update,Deployment,false
0.656048099,Regular,23,Delete,ConfigMap,false
0.679963848,Regular,16,Delete,Deployment,false
0.69695748,Regular,26,Create,Deployment,false
0.723424986,Regular,32,Create,ConfigMap,false
0.755628547,Regular,41,Update,Deployment,false
0.797536014,Regular,33,Delete,ConfigMap,false
0.831352747,Regular,26,Delete,Deployment,false
0.85799709,Regular,28,Create,Deployment,false
0.887027105,Regular,21,Create,ConfigMap,false
0.908135247,Regular,17,Update,Deployment,false
0.925816591,Regular,25,Delete,ConfigMap,false
0.951327797,Regular,23,Delete,Deployment,false
0.974806023,Regular,50,Create,Deployment,false
1.0250164449999999,Regular,28,Create,ConfigMap,false
0.00388962,Regular,89,Create,Deployment,false
0.093433749,Regular,46,Create,ConfigMap,false
0.140475256,Regular,96,Update,Deployment,false
0.237106699,Regular,34,Delete,ConfigMap,false
0.271216076,Regular,32,Delete,Deployment,false
0.304064331,Regular,44,Create,Deployment,false
0.348469843,Regular,27,Create,ConfigMap,false
0.376018366,Regular,43,Update,Deployment,false
0.419128388,Regular,18,Delete,ConfigMap,false
0.437707147,Regular,29,Delete,Deployment,false
0.467279476,Regular,13,Create,Deployment,false
0.480506097,Regular,31,Create,ConfigMap,false
0.512083643,Regular,45,Update,Deployment,false
0.55769554,Regular,21,Delete,ConfigMap,false
0.579667171,Regular,19,Delete,Deployment,false
0.598958936,Regular,21,Create,Deployment,false
0.620541315,Regular,20,Create,ConfigMap,false
0.640652388,Regular,34,Update,Deployment,false
0.675984658,Regular,19,Delete,ConfigMap,false
0.695898604,Regular,14,Delete,Deployment,false
0.710755359,Regular,25,Create,Deployment,false
0.736356354,Regular,33,Create,ConfigMap,false
0.769914455,Regular,35,Update,Deployment,false
0.805630598,Regular,26,Delete,ConfigMap,false
0.832185308,Regular,33,Delete,Deployment,false
0.866105173,Regular,21,Create,Deployment,false
0.887501313,Regular,26,Create,ConfigMap,false
0.914354111,Regular,28,Update,Deployment,false
0.942796033,Regular,31,Delete,ConfigMap,false
0.974328806,Regular,27,Delete,Deployment,false
1.002108917,Regular,23,Create,Deployment,false
1.025233712,Regular,30,Create,ConfigMap,false
0.003705749,Regular,91,Create,Deployment,false
0.095540169,Regular,43,Create,ConfigMap,false
0.139191584,Regular,84,Update,Deployment,false
0.223678412,Regular,27,Delete,ConfigMap,false
0.250995235,Regular,34,Delete,Deployment,false
0.285975247,Regular,37,Create,Deployment,false
0.323181906,Regular,33,Create,ConfigMap,false
0.356578064,Regular,38,Update,Deployment,false
0.39560347,Regular,21,Delete,ConfigMap,false
0.416774204,Regular,19,Delete,Deployment,false
0.436448271,Regular,29,Create,Deployment,false
0.465760933,Regular,17,Create,ConfigMap,false
0.483435445,Regular,29,Update,Deployment,false
0.512720167,Regular,29,Delete,ConfigMap,false
0.542460004,Regular,26,Delete,Deployment,false
0.56893711,Regular,18,Create,Deployment,false
0.586979826,Regular,21,Create,ConfigMap,false
0.608792917,Regular,29,Update,Deployment,false
0.638295583,Regular,15,Delete,ConfigMap,false
0.653627539,Regular,22,Delete,Deployment,false
0.676069816,Regular,22,Create,Deployment,false
0.698297495,Regular,28,Create,ConfigMap,false
0.726419095,Regular,31,Update,Deployment,false
0.758405531,Regular,29,Delete,ConfigMap,false
0.787598817,Regular,30,Delete,Deployment,false
0.81841462,Regular,24,Create,Deployment,false
0.843022756,Regular,21,Create,ConfigMap,false
0.86437973,Regular,31,Update,Deployment,false
0.895590108,Regular,27,Delete,ConfigMap,false
0.922905186,Regular,23,Delete,Deployment,false
0.946132025,Regular,30,Create,Deployment,false
0.976984588,Regular,30,Create,ConfigMap,false
1.007536866,Regular,43,Update,Deployment,false
1.051505903,Regular,24,Delete,ConfigMap,false
0.003785106,Regular,87,Create,Deployment,false
0.091532284,Regular,48,Create,ConfigMap,false
0.140201053,Regular,71,Update,Deployment,false
0.211662044,Regular,44,Delete,ConfigMap,false
0.256020421,Regular,29,Delete,Deployment,false
0.285862481,Regular,35,Create,Deployment,false
0.321546845,Regular,35,Create,ConfigMap,false
0.357170275,Regular,35,Update,Deployment,false
0.392922662,Regular,23,Delete,ConfigMap,false
0.416775064,Regular,21,Delete,Deployment,false
0.438119678,Regular,35,Create,Deployment,false
0.473274068,Regular,22,Create,ConfigMap,false
0.496291236,Regular,34,Update,Deployment,false
0.530898689,Regular,42,Delete,ConfigMap,false
0.573515798,Regular,13,Delete,Deployment,false
0.586789346,Regular,21,Create,Deployment,false
0.608827553,Regular,21,Create,ConfigMap,false
0.630256227,Regular,25,Update,Deployment,false
0.655604134,Regular,15,Delete,ConfigMap,false
0.67119244,Regular,16,Delete,Deployment,false
0.687282092,Regular,23,Create,Deployment,false
0.711030219,Regular,21,Create,ConfigMap,false
0.732913421,Regular,31,Update,Deployment,false
0.76401758,Regular,21,Delete,ConfigMap,false
0.785506994,Regular,33,Delete,Deployment,false
0.819008409,Regular,36,Create,Deployment,false
0.855058686,Regular,33,Create,ConfigMap,false
0.888209513,Regular,25,Update,Deployment,false
0.913987511,Regular,19,Delete,ConfigMap,false
0.933534456,Regular,26,Delete,Deployment,false
0.959995619,Regular,23,Create,Deployment,false
0.984021475,Regular,26,Create,ConfigMap,false
1.010961829,Regular,39,Update,Deployment,false
1.050897991,Regular,27,Delete,ConfigMap,false
1.078627888,Regular,22,Delete,Deployment,false
0.003043132,Regular,90,Create,Deployment,false
0.093372363,Regular,47,Create,ConfigMap,false
0.14048949,Regular,54,Update,Deployment,false
0.194798522,Regular,45,Delete,ConfigMap,false
0.240003991,Regular,38,Delete,Deployment,false
0.278389509,Regular,43,Create,Deployment,false
0.322054802,Regular,35,Create,ConfigMap,false
0.357159088,Regular,46,Update,Deployment,false
0.403312812,Regular,26,Delete,ConfigMap,false
0.429454412,Regular,21,Delete,Deployment,false
0.451127302,Regular,24,Create,Deployment,false
0.475209841,Regular,20,Create,ConfigMap,false
0.495573772,Regular,32,Update,Deployment,false
0.528163034,Regular,43,Delete,ConfigMap,false
0.571814779,Regular,13,Delete,Deployment,false
0.585263497,Regular,21,Create,Deployment,false
0.606437437,Regular,17,Create,ConfigMap,false
0.623845956,Regular,27,Update,Deployment,false
0.651079035,Regular,9,Delete,ConfigMap,false
0.660319537,Regular,24,Delete,Deployment,false
0.68518112,Regular,32,Create,Deployment,false
0.718073949,Regular,21,Create,ConfigMap,false
0.739190545,Regular,36,Update,Deployment,false
0.775717286,Regular,20,Delete,ConfigMap,false
0.795962064,Regular,34,Delete,Deployment,false
0.830669202,Regular,26,Create,Deployment,false
0.857546062,Regular,29,Create,ConfigMap,false
0.886771359,Regular,27,Update,Deployment,false
0.914414384,Regular,13,Delete,ConfigMap,false
0.927786418,Regular,19,Delete,Deployment,false
0.946930069,Regular,28,Create,Deployment,false
0.975615711,Regular,34,Create,ConfigMap,false
1.010448016,Regular,36,Update,Deployment,false
1.047236754,Regular,20,Delete,ConfigMap,false
1.06757941,Regular,16,Delete,Deployment,false
1.083947444,Regular,24,Create,Deployment,false
1.10869576,Regular,19,Create,ConfigMap,false
1.025438983,Regular,25,Delete,Deployment,false
1.051375094,Regular,31,Create,Deployment,false
1.082786134,Regular,24,Create,ConfigMap,false
1.107509895,Regular,27,Update,Deployment,false
1.134943269,Regular,19,Delete,ConfigMap,false
1.15490176,Regular,24,Delete,Deployment,false
1.179772794,Regular,46,Create,Deployment,false
1.22596308,Regular,19,Create,ConfigMap,false
1.245550572,Regular,31,Update,Deployment,false
1.276848576,Regular,31,Delete,ConfigMap,false
1.308537688,Regular,24,Delete,Deployment,false
1.332961989,Regular,22,Create,Deployment,false
1.35562358,Regular,26,Create,ConfigMap,false
1.381675271,Regular,25,Update,Deployment,false
1.4073119649999999,Regular,23,Delete,ConfigMap,false
1.431286264,Regular,33,Delete,Deployment,false
1.464647094,Regular,19,Create,Deployment,false
1.484523593,Regular,23,Create,ConfigMap,false
1.5079372640000002,Regular,31,Update,Deployment,false
1.539873949,Regular,15,Delete,ConfigMap,false
1.5554800009999998,Regular,21,Delete,Deployment,false
1.5772179149999999,Regular,23,Create,Deployment,false
1.60040645,Regular,26,Create,ConfigMap,false
1.6266902349999999,Regular,31,Update,Deployment,false
1.6586964530000001,Regular,17,Delete,ConfigMap,false
1.6766854690000002,Regular,21,Delete,Deployment,false
1.697993375,Regular,38,Create,Deployment,false
1.736156502,Regular,23,Create,ConfigMap,false
1.7600280609999999,Regular,30,Update,Deployment,false
1.790949387,Regular,18,Delete,ConfigMap,false
1.809346406,Regular,19,Delete,Deployment,false
1.829060017,Regular,48,Create,Deployment,false
1.877597949,Regular,22,Create,ConfigMap,false
1.899657685,Regular,30,Update,Deployment,false
1.930135109,Regular,24,Delete,ConfigMap,false
1.9549342090000001,Regular,24,Delete,Deployment,false
1.978995235,Regular,29,Create,Deployment,false
1.042587004,Regular,21,Delete,ConfigMap,false
1.06384229,Regular,12,Delete,Deployment,false
1.076636085,Regular,34,Create,Deployment,false
1.111036803,Regular,17,Create,ConfigMap,false
1.128683774,Regular,40,Update,Deployment,false
1.168923616,Regular,35,Delete,ConfigMap,false
1.204836817,Regular,18,Delete,Deployment,false
1.223301645,Regular,24,Create,Deployment,false
1.247542479,Regular,38,Create,ConfigMap,false
1.285628257,Regular,47,Update,Deployment,false
1.333345897,Regular,16,Delete,ConfigMap,false
1.349970096,Regular,13,Delete,Deployment,false
1.363892903,Regular,21,Create,Deployment,false
1.385817522,Regular,26,Create,ConfigMap,false
1.412431497,Regular,44,Update,Deployment,false
1.456768734,Regular,26,Delete,ConfigMap,false
1.483649357,Regular,28,Delete,Deployment,false
1.512500786,Regular,27,Create,Deployment,false
1.539649845,Regular,27,Create,ConfigMap,false
1.567051299,Regular,23,Update,Deployment,false
1.590647929,Regular,14,Delete,ConfigMap,false
1.605114621,Regular,26,Delete,Deployment,false
1.631143915,Regular,29,Create,Deployment,false
1.660465299,Regular,30,Create,ConfigMap,false
1.69130388,Regular,31,Update,Deployment,false
1.722742311,Regular,22,Delete,ConfigMap,false
1.745050042,Regular,19,Delete,Deployment,false
1.764544276,Regular,25,Create,Deployment,false
1.789854811,Regular,31,Create,ConfigMap,false
1.821712596,Regular,24,Update,Deployment,false
1.8458060619999999,Regular,17,Delete,ConfigMap,false
1.863159718,Regular,25,Delete,Deployment,false
1.888640524,Regular,35,Create,Deployment,false
1.9237799660000001,Regular,30,Create,ConfigMap,false
1.954302045,Regular,34,Update,Deployment,false
1.98904172,Regular,27,Delete,ConfigMap,false
1.025282835,Regular,25,Create,ConfigMap,false
1.051158063,Regular,40,Update,Deployment,false
1.092176024,Regular,18,Delete,ConfigMap,false
1.110978363,Regular,16,Delete,Deployment,false
1.127771569,Regular,26,Create,Deployment,false
1.154010417,Regular,31,Create,ConfigMap,false
1.186038161,Regular,39,Update,Deployment,false
1.2260286200000001,Regular,21,Delete,ConfigMap,false
1.247491013,Regular,19,Delete,Deployment,false
1.266626533,Regular,29,Create,Deployment,false
1.296417388,Regular,26,Create,ConfigMap,false
1.323173498,Regular,28,Update,Deployment,false
1.351711093,Regular,28,Delete,ConfigMap,false
1.380060454,Regular,17,Delete,Deployment,false
1.397703322,Regular,32,Create,Deployment,false
1.429765421,Regular,31,Create,ConfigMap,false
1.460978782,Regular,23,Update,Deployment,false
1.484931737,Regular,25,Delete,ConfigMap,false
1.5108213560000001,Regular,21,Delete,Deployment,false
1.532572434,Regular,24,Create,Deployment,false
1.556677799,Regular,30,Create,ConfigMap,false
1.586955159,Regular,23,Update,Deployment,false
1.610351861,Regular,19,Delete,ConfigMap,false
1.630318075,Regular,22,Delete,Deployment,false
1.653352766,Regular,20,Create,Deployment,false
1.6742645170000001,Regular,28,Create,ConfigMap,false
1.703104357,Regular,29,Update,Deployment,false
1.73260583,Regular,21,Delete,ConfigMap,false
1.754133752,Regular,19,Delete,Deployment,false
1.77410778,Regular,32,Create,Deployment,false
1.806379918,Regular,25,Create,ConfigMap,false
1.832279244,Regular,45,Update,Deployment,false
1.877586362,Regular,20,Delete,ConfigMap,false
1.8978702429999998,Regular,24,Delete,Deployment,false
1.9221540369999999,Regular,24,Create,Deployment,false
1.946939158,Regular,23,Create,ConfigMap,false
1.970456878,Regular,46,Update,Deployment,false
1.1016317,Regular,27,Create,Deployment,false
1.129250222,Regular,22,Create,ConfigMap,false
1.152051237,Regular,34,Update,Deployment,false
1.186886921,Regular,30,Delete,ConfigMap,false
1.217466519,Regular,13,Delete,Deployment,false
1.230799703,Regular,18,Create,Deployment,false
1.249174077,Regular,36,Create,ConfigMap,false
1.285382609,Regular,40,Update,Deployment,false
1.3254218469999999,Regular,14,Delete,ConfigMap,false
1.339971434,Regular,16,Delete,Deployment,false
1.356836133,Regular,31,Create,Deployment,false
1.3885126429999999,Regular,25,Create,ConfigMap,false
1.414076945,Regular,38,Update,Deployment,false
1.4523438149999999,Regular,17,Delete,ConfigMap,false
1.469436681,Regular,25,Delete,Deployment,false
1.494679557,Regular,35,Create,Deployment,false
1.530484365,Regular,29,Create,ConfigMap,false
1.560002756,Regular,23,Update,Deployment,false
1.583402044,Regular,25,Delete,ConfigMap,false
1.60919321,Regular,20,Delete,Deployment,false
1.629896644,Regular,27,Create,Deployment,false
1.6577672350000001,Regular,23,Create,ConfigMap,false
1.681232626,Regular,30,Update,Deployment,false
1.711623682,Regular,24,Delete,ConfigMap,false
1.73621929,Regular,21,Delete,Deployment,false
1.758128573,Regular,23,Create,Deployment,false
1.781977052,Regular,26,Create,ConfigMap,false
1.80889715,Regular,23,Update,Deployment,false
1.8321777639999999,Regular,18,Delete,ConfigMap,false
1.850485215,Regular,37,Delete,Deployment,false
1.887949316,Regular,26,Create,Deployment,false
1.9143937819999999,Regular,34,Create,ConfigMap,false
1.9486481329999998,Regular,19,Update,Deployment,false
1.968145012,Regular,20,Delete,ConfigMap,false
1.988236398,Regular,36,Delete,Deployment,false
1.053659814,Regular,30,Update,Deployment,false
1.084246277,Regular,20,Delete,ConfigMap,false
1.10463796,Regular,24,Delete,Deployment,false
1.129447025,Regular,23,Create,Deployment,false
1.153000132,Regular,32,Create,ConfigMap,false
1.185583086,Regular,39,Update,Deployment,false
1.225562753,Regular,21,Delete,ConfigMap,false
1.247437445,Regular,19,Delete,Deployment,false
1.26712529,Regular,43,Create,Deployment,false
1.31099534,Regular,34,Create,ConfigMap,false
1.3460089960000001,Regular,34,Update,Deployment,false
1.380650579,Regular,19,Delete,ConfigMap,false
1.399811745,Regular,31,Delete,Deployment,false
1.4317527270000001,Regular,39,Create,Deployment,false
1.471051804,Regular,24,Create,ConfigMap,false
1.495850455,Regular,30,Update,Deployment,false
1.526724995,Regular,20,Delete,ConfigMap,false
1.547551054,Regular,28,Delete,Deployment,false
1.576140055,Regular,29,Create,Deployment,false
1.606140176,Regular,22,Create,ConfigMap,false
1.628653752,Regular,27,Update,Deployment,false
1.6565941990000002,Regular,18,Delete,ConfigMap,false
1.674759661,Regular,17,Delete,Deployment,false
1.691862588,Regular,33,Create,Deployment,false
1.7250130000000001,Regular,28,Create,ConfigMap,false
1.753379612,Regular,28,Update,Deployment,false
1.7822139799999999,Regular,21,Delete,ConfigMap,false
1.803964098,Regular,24,Delete,Deployment,false
1.828853297,Regular,46,Create,Deployment,false
1.8751598569999999,Regular,24,Create,ConfigMap,false
1.899661253,Regular,32,Update,Deployment,false
1.932292034,Regular,22,Delete,ConfigMap,false
1.955138565,Regular,30,Delete,Deployment,false
1.985324287,Regular,39,Create,Deployment,false
1.075799288,Regular,18,Delete,Deployment,false
1.094700941,Regular,26,Create,Deployment,false
1.121548579,Regular,23,Create,ConfigMap,false
1.145053796,Regular,23,Update,Deployment,false
1.168330479,Regular,36,Delete,ConfigMap,false
1.205034265,Regular,25,Delete,Deployment,false
1.230432128,Regular,24,Create,Deployment,false
1.255444891,Regular,40,Create,ConfigMap,false
1.296042124,Regular,34,Update,Deployment,false
1.331039073,Regular,19,Delete,ConfigMap,false
1.350201911,Regular,20,Delete,Deployment,false
1.371218772,Regular,24,Create,Deployment,false
1.395913075,Regular,30,Create,ConfigMap,false
1.426026021,Regular,33,Update,Deployment,false
1.459665546,Regular,25,Delete,ConfigMap,false
1.48490556,Regular,28,Delete,Deployment,false
1.513284377,Regular,33,Create,Deployment,false
1.546802494,Regular,24,Create,ConfigMap,false
1.5715914,Regular,29,Update,Deployment,false
1.600906301,Regular,29,Delete,ConfigMap,false
1.630201996,Regular,25,Delete,Deployment,false
1.655437446,Regular,18,Create,Deployment,false
1.673799406,Regular,31,Create,ConfigMap,false
1.7054270470000001,Regular,30,Update,Deployment,false
1.73546385,Regular,22,Delete,ConfigMap,false
1.7579393589999999,Regular,15,Delete,Deployment,false
1.77360324,Regular,32,Create,Deployment,false
1.8062257640000001,Regular,31,Create,ConfigMap,false
1.837475009,Regular,37,Update,Deployment,false
1.8754528449999999,Regular,22,Delete,ConfigMap,false
1.8981453529999999,Regular,24,Delete,Deployment,false
1.922758534,Regular,31,Create,Deployment,false
1.9543900619999999,Regular,23,Create,ConfigMap,false
1.977535346,Regular,47,Update,Deployment,false
1.128305371,Regular,20,Update,Deployment,false
1.149203217,Regular,28,Delete,ConfigMap,false
1.178041759,Regular,28,Delete,Deployment,false
1.206180769,Regular,25,Create,Deployment,false
1.23146486,Regular,16,Create,ConfigMap,false
1.247709734,Regular,31,Update,Deployment,false
1.279690336,Regular,28,Delete,ConfigMap,false
1.308019863,Regular,25,Delete,Deployment,false
1.333222757,Regular,24,Create,Deployment,false
1.357490496,Regular,30,Create,ConfigMap,false
1.387831754,Regular,22,Update,Deployment,false
1.4107497119999999,Regular,21,Delete,ConfigMap,false
1.43196496,Regular,35,Delete,Deployment,false
1.467551937,Regular,29,Create,Deployment,false
1.497558024,Regular,33,Create,ConfigMap,false
1.531409802,Regular,33,Update,Deployment,false
1.5653647560000001,Regular,17,Delete,ConfigMap,false
1.5829686139999999,Regular,27,Delete,Deployment,false
1.610114893,Regular,18,Create,Deployment,false
1.6286256749999999,Regular,20,Create,ConfigMap,false
1.6489615469999999,Regular,23,Update,Deployment,false
1.672895605,Regular,17,Delete,ConfigMap,false
1.690157768,Regular,32,Delete,Deployment,false
1.722228275,Regular,27,Create,Deployment,false
1.7498583810000001,Regular,21,Create,ConfigMap,false
1.771884251,Regular,28,Update,Deployment,false
1.800046754,Regular,22,Delete,ConfigMap,false
1.823021383,Regular,24,Delete,Deployment,false
1.847725576,Regular,39,Create,Deployment,false
1.887560046,Regular,22,Create,ConfigMap,false
1.910538452,Regular,37,Update,Deployment,false
1.947809093,Regular,16,Delete,ConfigMap,false
1.964783799,Regular,25,Delete,Deployment,false
1.990810047,Regular,41,Create,Deployment,false
1.027271878,Regular,28,Create,ConfigMap,false
1.055612998,Regular,38,Update,Deployment,false
1.094452687,Regular,19,Delete,ConfigMap,false
1.113535998,Regular,13,Delete,Deployment,false
1.127574282,Regular,20,Create,Deployment,false
1.147614264,Regular,22,Create,ConfigMap,false
1.169691742,Regular,41,Update,Deployment,false
1.210747934,Regular,18,Delete,ConfigMap,false
1.228983863,Regular,20,Delete,Deployment,false
1.249190747,Regular,37,Create,Deployment,false
1.286461348,Regular,34,Create,ConfigMap,false
1.32069281,Regular,30,Update,Deployment,false
1.351433891,Regular,29,Delete,ConfigMap,false
1.380643203,Regular,17,Delete,Deployment,false
1.398127602,Regular,33,Create,Deployment,false
1.431836365,Regular,28,Create,ConfigMap,false
1.4605543060000001,Regular,23,Update,Deployment,false
1.484258936,Regular,16,Delete,ConfigMap,false
1.500793222,Regular,23,Delete,Deployment,false
1.524713406,Regular,21,Create,Deployment,false
1.546461474,Regular,23,Create,ConfigMap,false
1.56990248,Regular,30,Update,Deployment,false
1.6006885610000001,Regular,28,Delete,ConfigMap,false
1.629580359,Regular,19,Delete,Deployment,false
1.649411994,Regular,24,Create,Deployment,false
1.673762892,Regular,23,Create,ConfigMap,false
1.6975639999999999,Regular,25,Update,Deployment,false
1.723271209,Regular,22,Delete,ConfigMap,false
1.745854225,Regular,19,Delete,Deployment,false
1.7658690510000001,Regular,27,Create,Deployment,false
1.793627105,Regular,27,Create,ConfigMap,false
1.8211389900000001,Regular,26,Update,Deployment,false
1.847717783,Regular,28,Delete,ConfigMap,false
1.875848397,Regular,20,Delete,Deployment,false
1.896384053,Regular,26,Create,Deployment,false
1.923354437,Regular,35,Create,ConfigMap,false
1.959052961,Regular,27,Update,Deployment,false
1.98651795,Regular,13,Delete,ConfigMap,false
1.999855087,Regular,34,Delete,Deployment,false
1.02777822,Regular,31,Create,ConfigMap,false
1.059137989,Regular,27,Update,Deployment,false
1.086843821,Regular,18,Delete,ConfigMap,false
1.105853663,Regular,18,Delete,Deployment,false
1.124125925,Regular,24,Create,Deployment,false
1.148961243,Regular,36,Create,ConfigMap,false
1.185893207,Regular,39,Update,Deployment,false
1.225318568,Regular,22,Delete,ConfigMap,false
1.248316723,Regular,18,Delete,Deployment,false
1.267135073,Regular,43,Create,Deployment,false
1.31059728,Regular,40,Create,ConfigMap,false
1.350667091,Regular,30,Update,Deployment,false
1.381497131,Regular,13,Delete,ConfigMap,false
1.394799366,Regular,28,Delete,Deployment,false
1.423950236,Regular,34,Create,Deployment,false
1.458584647,Regular,25,Create,ConfigMap,false
1.483758568,Regular,41,Update,Deployment,false
1.52574493,Regular,24,Delete,ConfigMap,false
1.5498863040000002,Regular,27,Delete,Deployment,false
1.57704501,Regular,23,Create,Deployment,false
1.600192309,Regular,26,Create,ConfigMap,false
1.6268767400000002,Regular,29,Update,Deployment,false
1.656243013,Regular,19,Delete,ConfigMap,false
1.676075706,Regular,21,Delete,Deployment,false
1.697399328,Regular,36,Create,Deployment,false
1.734429255,Regular,25,Create,ConfigMap,false
1.760315101,Regular,29,Update,Deployment,false
1.790068894,Regular,29,Delete,ConfigMap,false
1.819174457,Regular,16,Delete,Deployment,false
1.835267084,Regular,28,Create,Deployment,false
1.863935315,Regular,25,Create,ConfigMap,false
1.889065457,Regular,27,Update,Deployment,false
1.917086015,Regular,32,Delete,ConfigMap,false
1.949179076,Regular,16,Delete,Deployment,false
1.9654369630000001,Regular,43,Create,Deployment,false
2.008545372,Regular,33,Create,ConfigMap,false
1.056110398,Regular,38,Update,Deployment,false
1.094307544,Regular,18,Delete,ConfigMap,false
1.113095655,Regular,9,Delete,Deployment,false
1.123078314,Regular,25,Create,Deployment,false
1.148452736,Regular,38,Create,ConfigMap,false
1.186725918,Regular,39,Update,Deployment,false
1.225963083,Regular,21,Delete,ConfigMap,false
1.24788371,Regular,20,Delete,Deployment,false
1.2679553559999999,Regular,42,Create,Deployment,false
1.310233558,Regular,40,Create,ConfigMap,false
1.351185216,Regular,29,Update,Deployment,false
1.381126747,Regular,11,Delete,ConfigMap,false
1.392913675,Regular,23,Delete,Deployment,false
1.416404281,Regular,42,Create,Deployment,false
1.458868039,Regular,23,Create,ConfigMap,false
1.482041256,Regular,44,Update,Deployment,false
1.526335427,Regular,27,Delete,ConfigMap,false
1.553592932,Regular,23,Delete,Deployment,false
1.576794063,Regular,24,Create,Deployment,false
1.601074386,Regular,25,Create,ConfigMap,false
1.627069121,Regular,33,Update,Deployment,false
1.66075501,Regular,20,Delete,ConfigMap,false
1.681311586,Regular,16,Delete,Deployment,false
1.6978710430000001,Regular,27,Create,Deployment,false
1.725493083,Regular,25,Create,ConfigMap,false
1.751217692,Regular,31,Update,Deployment,false
1.782377758,Regular,20,Delete,ConfigMap,false
1.803292012,Regular,25,Delete,Deployment,false
1.828705297,Regular,48,Create,Deployment,false
1.877755106,Regular,22,Create,ConfigMap,false
1.9003125920000001,Regular,32,Update,Deployment,false
1.932706866,Regular,21,Delete,ConfigMap,false
1.954093689,Regular,24,Delete,Deployment,false
1.978683923,Regular,38,Create,Deployment,false
2.016865032,Regular,26,Create,ConfigMap,false
2.008967178,Regular,32,Create,ConfigMap,false
2.041550296,Regular,24,Update,Deployment,false
2.066094446,Regular,11,Delete,ConfigMap,false
2.077938722,Regular,25,Delete,Deployment,false
2.10336494,Regular,32,Create,Deployment,false
2.135964294,Regular,27,Create,ConfigMap,false
2.163755124,Regular,17,Update,Deployment,false
2.180907091,Regular,21,Delete,ConfigMap,false
2.202522174,Regular,22,Delete,Deployment,false
2.224846132,Regular,19,Create,Deployment,false
2.2441961519999998,Regular,27,Create,ConfigMap,false
2.271235426,Regular,22,Update,Deployment,false
2.293910567,Regular,21,Delete,ConfigMap,false
2.31495488,Regular,15,Delete,Deployment,false
2.330241193,Regular,25,Create,Deployment,false
2.355442758,Regular,21,Create,ConfigMap,false
2.377423436,Regular,37,Update,Deployment,false
2.4146460100000002,Regular,22,Delete,ConfigMap,false
2.437642124,Regular,22,Delete,Deployment,false
2.460317802,Regular,30,Create,Deployment,false
2.490811597,Regular,37,Create,ConfigMap,false
2.527921618,Regular,38,Update,Deployment,false
2.566062719,Regular,15,Delete,ConfigMap,false
2.581784092,Regular,24,Delete,Deployment,false
2.606503161,Regular,28,Create,Deployment,false
2.635320963,Regular,127,Create,ConfigMap,false
2.762401976,Regular,148,Update,Deployment,false
2.910910823,Regular,97,Delete,ConfigMap,false
2.025022257,Regular,26,Delete,ConfigMap,false
2.052050627,Regular,23,Delete,Deployment,false
2.07528929,Regular,19,Create,Deployment,false
2.094922796,Regular,24,Create,ConfigMap,false
2.119843459,Regular,33,Update,Deployment,false
2.153395456,Regular,23,Delete,ConfigMap,false
2.177192067,Regular,23,Delete,Deployment,false
2.200553467,Regular,24,Create,Deployment,false
2.225354781,Regular,18,Create,ConfigMap,false
2.243706919,Regular,17,Update,Deployment,false
2.261527971,Regular,15,Delete,ConfigMap,false
2.27743207,Regular,28,Delete,Deployment,false
2.306269207,Regular,38,Create,Deployment,false
2.345058654,Regular,25,Create,ConfigMap,false
2.370090195,Regular,25,Update,Deployment,false
2.395668855,Regular,17,Delete,ConfigMap,false
2.412964108,Regular,15,Delete,Deployment,false
2.4287830870000002,Regular,20,Create,Deployment,false
2.4493147029999998,Regular,29,Create,ConfigMap,false
2.479150776,Regular,30,Update,Deployment,false
2.509824612,Regular,27,Delete,ConfigMap,false
2.537795574,Regular,19,Delete,Deployment,false
2.557750616,Regular,25,Create,Deployment,false
2.583607292,Regular,29,Create,ConfigMap,false
2.613320121,Regular,97,Update,Deployment,false
2.710840347,Regular,126,Delete,ConfigMap,false
2.8378413350000002,Regular,92,Delete,Deployment,false
2.9307804219999998,Regular,84,Create,Deployment,false
2.032140232,Regular,31,Create,ConfigMap,false
2.063684703,Regular,30,Update,Deployment,false
2.093960489,Regular,20,Delete,ConfigMap,false
2.114756243,Regular,21,Delete,Deployment,false
2.136050702,Regular,44,Create,Deployment,false
2.180448576,Regular,22,Create,ConfigMap,false
2.202873182,Regular,32,Update,Deployment,false
2.235386076,Regular,10,Delete,ConfigMap,false
2.246140004,Regular,20,Delete,Deployment,false
2.266416426,Regular,20,Create,Deployment,false
2.287119002,Regular,28,Create,ConfigMap,false
2.3152145,Regular,30,Update,Deployment,false
2.346067357,Regular,23,Delete,ConfigMap,false
2.369352271,Regular,17,Delete,Deployment,false
2.386874503,Regular,26,Create,Deployment,false
2.412921382,Regular,33,Create,ConfigMap,false
2.446688703,Regular,41,Update,Deployment,false
2.48865126,Regular,25,Delete,ConfigMap,false
2.513728459,Regular,25,Delete,Deployment,false
2.5391489050000002,Regular,18,Create,Deployment,false
2.5578547130000002,Regular,34,Create,ConfigMap,false
2.592439982,Regular,43,Update,Deployment,false
2.6359103409999998,Regular,123,Delete,ConfigMap,false
2.759512684,Regular,151,Delete,Deployment,false
2.910618345,Regular,105,Create,Deployment,false
2.016150509,Regular,28,Delete,Deployment,false
2.044952292,Regular,30,Create,Deployment,false
2.075777328,Regular,27,Create,ConfigMap,false
2.1035627630000002,Regular,31,Update,Deployment,false
2.135310538,Regular,30,Delete,ConfigMap,false
2.1658226,Regular,21,Delete,Deployment,false
2.187264142,Regular,26,Create,Deployment,false
2.213399817,Regular,23,Create,ConfigMap,false
2.237205099,Regular,22,Update,Deployment,false
2.259526023,Regular,16,Delete,ConfigMap,false
2.275943249,Regular,29,Delete,Deployment,false
2.305308604,Regular,18,Create,Deployment,false
2.32395297,Regular,27,Create,ConfigMap,false
2.351540556,Regular,17,Update,Deployment,false
2.3690840570000002,Regular,14,Delete,ConfigMap,false
2.38394851,Regular,15,Delete,Deployment,false
2.399684441,Regular,24,Create,Deployment,false
2.424228767,Regular,20,Create,ConfigMap,false
2.444929718,Regular,25,Update,Deployment,false
2.470602229,Regular,19,Delete,ConfigMap,false
2.490214313,Regular,37,Delete,Deployment,false
2.52728547,Regular,30,Create,Deployment,false
2.557944295,Regular,26,Create,ConfigMap,false
2.584131852,Regular,28,Update,Deployment,false
2.61293945,Regular,55,Delete,ConfigMap,false
2.6688166730000003,Regular,109,Delete,Deployment,false
2.778594828,Regular,174,Create,Deployment,false
2.953426765,Regular,114,Create,ConfigMap,false
2.04346045,Regular,32,Update,Deployment,false
2.076331868,Regular,15,Delete,ConfigMap,false
2.092250821,Regular,25,Delete,Deployment,false
2.117747763,Regular,20,Create,Deployment,false
2.138590829,Regular,27,Create,ConfigMap,false
2.165834892,Regular,35,Update,Deployment,false
2.201694882,Regular,18,Delete,ConfigMap,false
2.220712136,Regular,21,Delete,Deployment,false
2.242635004,Regular,29,Create,Deployment,false
2.271669151,Regular,34,Create,ConfigMap,false
2.305797036,Regular,34,Update,Deployment,false
2.340289789,Regular,15,Delete,ConfigMap,false
2.356249034,Regular,20,Delete,Deployment,false
2.37722935,Regular,22,Create,Deployment,false
2.400210638,Regular,20,Create,ConfigMap,false
2.420316109,Regular,22,Update,Deployment,false
2.443330712,Regular,21,Delete,ConfigMap,false
2.464958285,Regular,25,Delete,Deployment,false
2.490424563,Regular,38,Create,Deployment,false
2.529373503,Regular,30,Create,ConfigMap,false
2.559621389,Regular,29,Update,Deployment,false
2.589622219,Regular,23,Delete,ConfigMap,false
2.612753842,Regular,82,Delete,Deployment,false
2.695419645,Regular,232,Create,Deployment,false
2.928004547,Regular,140,Create,ConfigMap,false
2.024534984,Regular,36,Create,Deployment,false
2.061494354,Regular,20,Create,ConfigMap,false
2.082399862,Regular,26,Update,Deployment,false
2.109046285,Regular,20,Delete,ConfigMap,false
2.129442839,Regular,17,Delete,Deployment,false
2.146898573,Regular,32,Create,Deployment,false
2.179809336,Regular,31,Create,ConfigMap,false
2.21152578,Regular,30,Update,Deployment,false
2.242031608,Regular,22,Delete,ConfigMap,false
2.264655206,Regular,13,Delete,Deployment,false
2.277888496,Regular,28,Create,Deployment,false
2.306144056,Regular,24,Create,ConfigMap,false
2.330624995,Regular,26,Update,Deployment,false
2.357294961,Regular,16,Delete,ConfigMap,false
2.373789715,Regular,12,Delete,Deployment,false
2.386211574,Regular,28,Create,Deployment,false
2.414382788,Regular,25,Create,ConfigMap,false
2.439425373,Regular,23,Update,Deployment,false
2.4628587250000002,Regular,27,Delete,ConfigMap,false
2.490726897,Regular,35,Delete,Deployment,false
2.5262183609999997,Regular,22,Create,Deployment,false
2.548343145,Regular,31,Create,ConfigMap,false
2.580161743,Regular,32,Update,Deployment,false
2.612353156,Regular,55,Delete,ConfigMap,false
2.66821585,Regular,109,Delete,Deployment,false
2.7777723659999998,Regular,175,Create,Deployment,false
2.953608217,Regular,122,Create,ConfigMap,false
2.042453227,Regular,30,Update,Deployment,false
2.073376202,Regular,20,Delete,ConfigMap,false
2.094237104,Regular,25,Delete,Deployment,false
2.119924059,Regular,23,Create,Deployment,false
2.1435974780000002,Regular,33,Create,ConfigMap,false
2.176694547,Regular,24,Update,Deployment,false
2.201205013,Regular,22,Delete,ConfigMap,false
2.224126513,Regular,18,Delete,Deployment,false
2.242193624,Regular,29,Create,Deployment,false
2.271491449,Regular,33,Create,ConfigMap,false
2.305487328,Regular,26,Update,Deployment,false
2.332124694,Regular,18,Delete,ConfigMap,false
2.350884601,Regular,25,Delete,Deployment,false
2.376488624,Regular,23,Create,Deployment,false
2.39997329,Regular,22,Create,ConfigMap,false
2.422123861,Regular,30,Update,Deployment,false
2.452249407,Regular,25,Delete,ConfigMap,false
2.478180913,Regular,24,Delete,Deployment,false
2.503120312,Regular,30,Create,Deployment,false
2.53381899,Regular,18,Create,ConfigMap,false
2.552619681,Regular,27,Update,Deployment,false
2.5801997,Regular,23,Delete,ConfigMap,false
2.6039130310000003,Regular,23,Delete,Deployment,false
2.627642447,Regular,149,Create,Deployment,false
2.777504586,Regular,166,Create,ConfigMap,false
2.943682881,Regular,135,Update,Deployment,false
2.017211513,Regular,25,Delete,ConfigMap,false
2.04310373,Regular,20,Delete,Deployment,false
2.063272575,Regular,21,Create,Deployment,false
2.085194572,Regular,21,Create,ConfigMap,false
2.106682536,Regular,29,Update,Deployment,false
2.136172849,Regular,29,Delete,ConfigMap,false
2.165807804,Regular,15,Delete,Deployment,false
2.181403662,Regular,33,Create,Deployment,false
2.214474465,Regular,22,Create,ConfigMap,false
2.236625464,Regular,19,Update,Deployment,false
2.255847694,Regular,16,Delete,ConfigMap,false
2.27216783,Regular,32,Delete,Deployment,false
2.305171171,Regular,35,Create,Deployment,false
2.341212754,Regular,26,Create,ConfigMap,false
2.367955295,Regular,23,Update,Deployment,false
2.391921599,Regular,15,Delete,ConfigMap,false
2.407538048,Regular,24,Delete,Deployment,false
2.431633176,Regular,30,Create,Deployment,false
2.46247177,Regular,26,Create,ConfigMap,false
2.4887483169999998,Regular,36,Update,Deployment,false
2.525350863,Regular,21,Delete,ConfigMap,false
2.546668854,Regular,23,Delete,Deployment,false
2.5702947,Regular,22,Create,Deployment,false
2.592677794,Regular,42,Create,ConfigMap,false
2.635318427,Regular,92,Update,Deployment,false
2.728073055,Regular,152,Delete,ConfigMap,false
2.880916614,Regular,96,Delete,Deployment,false
2.977129691,Regular,92,Create,Deployment,false
3.069634554,Regular,83,Create,ConfigMap,false
2.0339767,Regular,27,Create,Deployment,false
2.061919806,Regular,21,Create,ConfigMap,false
2.082995564,Regular,20,Update,Deployment,false
2.103595835,Regular,15,Delete,ConfigMap,false
2.119281975,Regular,18,Delete,Deployment,false
2.138375719,Regular,43,Create,Deployment,false
2.181832128,Regular,20,Create,ConfigMap,false
2.201982465,Regular,24,Update,Deployment,false
2.226833621,Regular,15,Delete,ConfigMap,false
2.241921788,Regular,17,Delete,Deployment,false
2.259817123,Regular,20,Create,Deployment,false
2.27993067,Regular,26,Create,ConfigMap,false
2.306065039,Regular,35,Update,Deployment,false
2.341494038,Regular,28,Delete,ConfigMap,false
2.370329068,Regular,16,Delete,Deployment,false
2.386614959,Regular,27,Create,Deployment,false
2.414517974,Regular,22,Create,ConfigMap,false
2.437294171,Regular,25,Update,Deployment,false
2.463249474,Regular,25,Delete,ConfigMap,false
2.489200134,Regular,36,Delete,Deployment,false
2.525301091,Regular,23,Create,Deployment,false
2.548515989,Regular,30,Create,ConfigMap,false
2.579319167,Regular,33,Update,Deployment,false
2.612426196,Regular,55,Delete,ConfigMap,false
2.668177687,Regular,110,Delete,Deployment,false
2.7790186,Regular,174,Create,Deployment,false
2.9538156559999997,Regular,113,Create,ConfigMap,false
3.067917546,Regular,94,Update,Deployment,false
2.024904708,Regular,27,Create,ConfigMap,false
2.052440836,Regular,24,Update,Deployment,false
2.07676027,Regular,17,Delete,ConfigMap,false
2.094508313,Regular,25,Delete,Deployment,false
2.120490447,Regular,35,Create,Deployment,false
2.155804483,Regular,26,Create,ConfigMap,false
2.181938251,Regular,31,Update,Deployment,false
2.213906212,Regular,23,Delete,ConfigMap,false
2.237302512,Regular,7,Delete,Deployment,false
2.245100778,Regular,26,Create,Deployment,false
2.271784396,Regular,20,Create,ConfigMap,false
2.29205724,Regular,24,Update,Deployment,false
2.316766514,Regular,24,Delete,ConfigMap,false
2.341322622,Regular,21,Delete,Deployment,false
2.362552436,Regular,24,Create,Deployment,false
2.387327594,Regular,25,Create,ConfigMap,false
2.413197325,Regular,19,Update,Deployment,false
2.432484848,Regular,19,Delete,ConfigMap,false
2.452301727,Regular,26,Delete,Deployment,false
2.478662704,Regular,30,Create,Deployment,false
2.509214562,Regular,34,Create,ConfigMap,false
2.5439119999999997,Regular,26,Update,Deployment,false
2.57036526,Regular,20,Delete,ConfigMap,false
2.59128871,Regular,25,Delete,Deployment,false
2.617190507,Regular,110,Create,Deployment,false
2.727264194,Regular,160,Create,ConfigMap,false
2.888124097,Regular,125,Update,Deployment,false
3.013813526,Regular,111,Delete,ConfigMap,false
3.125085375,Regular,59,Delete,Deployment,false
3.068422423,Regular,91,Update,Deployment,false
3.160394313,Regular,41,Delete,ConfigMap,false
3.201587186,Regular,35,Delete,Deployment,false
3.237116342,Regular,41,Create,Deployment,false
3.278257584,Regular,31,Create,ConfigMap,false
3.3097043680000002,Regular,21,Update,Deployment,false
3.331171033,Regular,35,Delete,ConfigMap,false
3.366538757,Regular,28,Delete,Deployment,false
3.395369043,Regular,26,Create,Deployment,false
3.422342317,Regular,32,Create,ConfigMap,false
3.454709546,Regular,26,Update,Deployment,false
3.481410366,Regular,34,Delete,ConfigMap,false
3.516286876,Regular,29,Delete,Deployment,false
3.545505641,Regular,33,Create,Deployment,false
3.578906825,Regular,34,Create,ConfigMap,false
3.613890889,Regular,24,Update,Deployment,false
3.638457221,Regular,23,Delete,ConfigMap,false
3.6620276069999997,Regular,30,Delete,Deployment,false
3.692655916,Regular,38,Create,Deployment,false
3.731062803,Regular,31,Create,ConfigMap,false
3.762561205,Regular,38,Update,Deployment,false
3.800903999,Regular,22,Delete,ConfigMap,false
3.823586804,Regular,23,Delete,Deployment,false
3.846925507,Regular,33,Create,Deployment,false
3.880833707,Regular,47,Create,ConfigMap,false
3.928283864,Regular,32,Update,Deployment,false
3.961187922,Regular,18,Delete,ConfigMap,false
3.979416947,Regular,24,Delete,Deployment,false
3.015582449,Regular,138,Create,ConfigMap,false
3.15425243,Regular,49,Update,Deployment,false
3.20397409,Regular,20,Delete,ConfigMap,false
3.224704586,Regular,35,Delete,Deployment,false
3.259743106,Regular,35,Create,Deployment,false
3.295526012,Regular,23,Create,ConfigMap,false
3.319326194,Regular,33,Update,Deployment,false
3.353188058,Regular,22,Delete,ConfigMap,false
3.375896915,Regular,24,Delete,Deployment,false
3.400830794,Regular,43,Create,Deployment,false
3.444278808,Regular,23,Create,ConfigMap,false
3.46792229,Regular,28,Update,Deployment,false
3.49627719,Regular,37,Delete,ConfigMap,false
3.5341827500000003,Regular,30,Delete,Deployment,false
3.565135966,Regular,40,Create,Deployment,false
3.605844089,Regular,32,Create,ConfigMap,false
3.638666944,Regular,25,Update,Deployment,false
3.66422418,Regular,27,Delete,ConfigMap,false
3.692202456,Regular,28,Delete,Deployment,false
3.72046495,Regular,26,Create,Deployment,false
3.7472379350000002,Regular,33,Create,ConfigMap,false
3.7804943,Regular,32,Update,Deployment,false
3.8134170579999997,Regular,14,Delete,ConfigMap,false
3.82754051,Regular,20,Delete,Deployment,false
3.848433084,Regular,34,Create,Deployment,false
3.882855767,Regular,41,Create,ConfigMap,false
3.924346387,Regular,30,Update,Deployment,false
3.955339896,Regular,24,Delete,ConfigMap,false
3.979930881,Regular,25,Delete,Deployment,false
3.076340218,Regular,105,Update,Deployment,false
3.182041039,Regular,37,Delete,ConfigMap,false
3.219747214,Regular,39,Delete,Deployment,false
3.259287543,Regular,36,Create,Deployment,false
3.296055772,Regular,23,Create,ConfigMap,false
3.319336918,Regular,26,Update,Deployment,false
3.3462407020000002,Regular,30,Delete,ConfigMap,false
3.376472983,Regular,17,Delete,Deployment,false
3.394214399,Regular,27,Create,Deployment,false
3.42161589,Regular,33,Create,ConfigMap,false
3.4549811200000002,Regular,26,Update,Deployment,false
3.481268778,Regular,31,Delete,ConfigMap,false
3.513017503,Regular,36,Delete,Deployment,false
3.550046526,Regular,37,Create,Deployment,false
3.58729165,Regular,35,Create,ConfigMap,false
3.62256707,Regular,28,Update,Deployment,false
3.650700519,Regular,41,Delete,ConfigMap,false
3.692540193,Regular,29,Delete,Deployment,false
3.722486435,Regular,24,Create,Deployment,false
3.746674662,Regular,34,Create,ConfigMap,false
3.7808455800000003,Regular,46,Update,Deployment,false
3.826953808,Regular,20,Delete,ConfigMap,false
3.847842216,Regular,32,Delete,Deployment,false
3.880233821,Regular,35,Create,Deployment,false
3.91598626,Regular,22,Create,ConfigMap,false
3.938270111,Regular,26,Update,Deployment,false
3.964560249,Regular,23,Delete,ConfigMap,false
3.988032111,Regular,25,Delete,Deployment,false
3.15314331,Regular,69,Update,Deployment,false
3.222818334,Regular,27,Delete,ConfigMap,false
3.250414127,Regular,43,Delete,Deployment,false
3.29351289,Regular,27,Create,Deployment,false
3.321148123,Regular,30,Create,ConfigMap,false
3.351619074,Regular,23,Update,Deployment,false
3.375192965,Regular,17,Delete,ConfigMap,false
3.392828484,Regular,27,Delete,Deployment,false
3.420572265,Regular,23,Create,Deployment,false
3.4444912,Regular,35,Create,ConfigMap,false
3.480224706,Regular,36,Update,Deployment,false
3.516886242,Regular,32,Delete,ConfigMap,false
3.549222505,Regular,23,Delete,Deployment,false
3.572816973,Regular,42,Create,Deployment,false
3.615484176,Regular,36,Create,ConfigMap,false
3.6523838509999997,Regular,53,Update,Deployment,false
3.705966793,Regular,35,Delete,ConfigMap,false
3.741866118,Regular,36,Delete,Deployment,false
3.778398841,Regular,22,Create,Deployment,false
3.800778242,Regular,34,Create,ConfigMap,false
3.835399943,Regular,40,Update,Deployment,false
3.875561167,Regular,22,Delete,ConfigMap,false
3.898206264,Regular,21,Delete,Deployment,false
3.919999391,Regular,25,Create,Deployment,false
3.945963291,Regular,23,Create,ConfigMap,false
3.9690591,Regular,32,Update,Deployment,false
4.001350447,Regular,13,Delete,ConfigMap,false
3.015954577,Regular,113,Create,ConfigMap,false
3.129114815,Regular,55,Update,Deployment,false
3.184512588,Regular,35,Delete,ConfigMap,false
3.220419945,Regular,43,Delete,Deployment,false
3.263892357,Regular,31,Create,Deployment,false
3.295861765,Regular,23,Create,ConfigMap,false
3.319353503,Regular,26,Update,Deployment,false
3.345811114,Regular,14,Delete,ConfigMap,false
3.360668952,Regular,15,Delete,Deployment,false
3.375892817,Regular,37,Create,Deployment,false
3.413493122,Regular,30,Create,ConfigMap,false
3.44418926,Regular,36,Update,Deployment,false
3.480226857,Regular,34,Delete,ConfigMap,false
3.514889962,Regular,37,Delete,Deployment,false
3.552124029,Regular,32,Create,Deployment,false
3.584982775,Regular,27,Create,ConfigMap,false
3.612370258,Regular,24,Update,Deployment,false
3.636977761,Regular,24,Delete,ConfigMap,false
3.661438723,Regular,30,Delete,Deployment,false
3.692057361,Regular,39,Create,Deployment,false
3.731705776,Regular,32,Create,ConfigMap,false
3.764376912,Regular,34,Update,Deployment,false
3.798526127,Regular,26,Delete,ConfigMap,false
3.825604713,Regular,23,Delete,Deployment,false
3.848830179,Regular,34,Create,Deployment,false
3.883749313,Regular,29,Create,ConfigMap,false
3.913087476,Regular,23,Update,Deployment,false
3.937020694,Regular,23,Delete,ConfigMap,false
3.961011028,Regular,17,Delete,Deployment,false
3.978948995,Regular,36,Create,Deployment,false
3.008912649,Regular,82,Delete,Deployment,false
3.091689214,Regular,93,Create,Deployment,false
3.185523868,Regular,42,Create,ConfigMap,false
3.22803689,Regular,42,Update,Deployment,false
3.270318206,Regular,35,Delete,ConfigMap,false
3.305721107,Regular,23,Delete,Deployment,false
3.329156586,Regular,23,Create,Deployment,false
3.352839092,Regular,22,Create,ConfigMap,false
3.374996245,Regular,27,Update,Deployment,false
3.402814311,Regular,17,Delete,ConfigMap,false
3.42098105,Regular,25,Delete,Deployment,false
3.4462174,Regular,33,Create,Deployment,false
3.480143871,Regular,29,Create,ConfigMap,false
3.509184615,Regular,30,Update,Deployment,false
3.539519675,Regular,19,Delete,ConfigMap,false
3.5593505,Regular,19,Delete,Deployment,false
3.579277428,Regular,36,Create,Deployment,false
3.615434661,Regular,36,Create,ConfigMap,false
3.651809259,Regular,42,Update,Deployment,false
3.694150806,Regular,24,Delete,ConfigMap,false
3.718901247,Regular,22,Delete,Deployment,false
3.741184663,Regular,39,Create,Deployment,false
3.7812357,Regular,31,Create,ConfigMap,false
3.812954826,Regular,25,Update,Deployment,false
3.838814289,Regular,27,Delete,ConfigMap,false
3.866840323,Regular,24,Delete,Deployment,false
3.891400072,Regular,31,Create,Deployment,false
3.923029783,Regular,27,Create,ConfigMap,false
3.950880866,Regular,26,Update,Deployment,false
3.977783696,Regular,17,Delete,ConfigMap,false
3.995406008,Regular,32,Delete,Deployment,false
3.184357307,Regular,53,Create,Deployment,false
3.237933912,Regular,38,Create,ConfigMap,false
3.276809953,Regular,27,Update,Deployment,false
3.30438179,Regular,27,Delete,ConfigMap,false
3.331887123,Regular,34,Delete,Deployment,false
3.366756708,Regular,29,Create,Deployment,false
3.396023923,Regular,22,Create,ConfigMap,false
3.418977545,Regular,17,Update,Deployment,false
3.436720287,Regular,9,Delete,ConfigMap,false
3.446543343,Regular,33,Delete,Deployment,false
3.4804345039999998,Regular,35,Create,Deployment,false
3.516301516,Regular,49,Create,ConfigMap,false
3.566296221,Regular,38,Update,Deployment,false
3.604765343,Regular,24,Delete,ConfigMap,false
3.6292101089999997,Regular,32,Delete,Deployment,false
3.661357291,Regular,32,Create,Deployment,false
3.693815313,Regular,37,Create,ConfigMap,false
3.731069256,Regular,27,Update,Deployment,false
3.758302414,Regular,33,Delete,ConfigMap,false
3.79164272,Regular,19,Delete,Deployment,false
3.810936734,Regular,25,Create,Deployment,false
3.836373369,Regular,21,Create,ConfigMap,false
3.857572662,Regular,44,Update,Deployment,false
3.901744204,Regular,20,Delete,ConfigMap,false
3.922625012,Regular,24,Delete,Deployment,false
3.947284146,Regular,23,Create,Deployment,false
3.970933012,Regular,24,Create,ConfigMap,false
3.9950167519999997,Regular,39,Update,Deployment,false
3.068981801,Regular,115,Update,Deployment,false
3.184697776,Regular,49,Delete,ConfigMap,false
3.233816578,Regular,25,Delete,Deployment,false
3.2594922840000002,Regular,36,Create,Deployment,false
3.296446522,Regular,21,Create,ConfigMap,false
3.318265228,Regular,27,Update,Deployment,false
3.345815722,Regular,30,Delete,ConfigMap,false
3.376409688,Regular,18,Delete,Deployment,false
3.395141759,Regular,27,Create,Deployment,false
3.422990542,Regular,23,Create,ConfigMap,false
3.446596576,Regular,35,Update,Deployment,false
3.481702798,Regular,32,Delete,ConfigMap,false
3.513967772,Regular,37,Delete,Deployment,false
3.551317549,Regular,35,Create,Deployment,false
3.5871342950000003,Regular,39,Create,ConfigMap,false
3.626921882,Regular,27,Update,Deployment,false
3.654465388,Regular,29,Delete,ConfigMap,false
3.683720829,Regular,27,Delete,Deployment,false
3.711310692,Regular,30,Create,Deployment,false
3.7420835180000003,Regular,38,Create,ConfigMap,false
3.780526993,Regular,22,Update,Deployment,false
3.803091085,Regular,35,Delete,ConfigMap,false
3.838476349,Regular,29,Delete,Deployment,false
3.867568866,Regular,27,Create,Deployment,false
3.895051604,Regular,33,Create,ConfigMap,false
3.928703462,Regular,33,Update,Deployment,false
3.962416116,Regular,17,Delete,ConfigMap,false
3.979664915,Regular,24,Delete,Deployment,false
4.004548435,Regular,41,Create,Deployment,false
4.045600525,Regular,32,Create,ConfigMap,false
3.16220098,Regular,35,Delete,ConfigMap,false
3.197318255,Regular,39,Delete,Deployment,false
3.236826227,Regular,39,Create,Deployment,false
3.276496383,Regular,33,Create,ConfigMap,false
3.310340079,Regular,28,Update,Deployment,false
3.339329019,Regular,24,Delete,ConfigMap,false
3.363370601,Regular,12,Delete,Deployment,false
3.375876757,Regular,31,Create,Deployment,false
3.407018403,Regular,21,Create,ConfigMap,false
3.428694784,Regular,33,Update,Deployment,false
3.462871115,Regular,26,Delete,ConfigMap,false
3.489762193,Regular,34,Delete,Deployment,false
3.524158611,Regular,29,Create,Deployment,false
3.5537744460000003,Regular,31,Create,ConfigMap,false
3.585391572,Regular,38,Update,Deployment,false
3.62356007,Regular,26,Delete,ConfigMap,false
3.650551108,Regular,30,Delete,Deployment,false
3.681575952,Regular,30,Create,Deployment,false
3.712332572,Regular,29,Create,ConfigMap,false
3.74142983,Regular,38,Update,Deployment,false
3.779718796,Regular,20,Delete,ConfigMap,false
3.800470095,Regular,36,Delete,Deployment,false
3.836889512,Regular,41,Create,Deployment,false
3.878395641,Regular,36,Create,ConfigMap,false
3.9151826830000003,Regular,24,Update,Deployment,false
3.940078314,Regular,32,Delete,ConfigMap,false
3.972667075,Regular,21,Delete,Deployment,false
3.994660114,Regular,39,Create,Deployment,false
4.034204781,Regular,37,Create,ConfigMap,false
4.071645858,Regular,25,Update,Deployment,false
3.079763923,Regular,74,Delete,ConfigMap,false
3.15380097,Regular,49,Delete,Deployment,false
3.203814666,Regular,42,Create,Deployment,false
3.245973448,Regular,37,Create,ConfigMap,false
3.283768462,Regular,32,Update,Deployment,false
3.315918507,Regular,23,Delete,ConfigMap,false
3.339597617,Regular,27,Delete,Deployment,false
3.367380865,Regular,26,Create,Deployment,false
3.39380351,Regular,27,Create,ConfigMap,false
3.421788645,Regular,33,Update,Deployment,false
3.455633069,Regular,18,Delete,ConfigMap,false
3.474075402,Regular,27,Delete,Deployment,false
3.501511217,Regular,49,Create,Deployment,false
3.550922622,Regular,36,Create,ConfigMap,false
3.587174907,Regular,35,Update,Deployment,false
3.623086853,Regular,28,Delete,ConfigMap,false
3.651182388,Regular,31,Delete,Deployment,false
3.682233005,Regular,29,Create,Deployment,false
3.712058791,Regular,35,Create,ConfigMap,false
3.747685229,Regular,30,Update,Deployment,false
3.778574311,Regular,22,Delete,ConfigMap,false
3.800680875,Regular,35,Delete,Deployment,false
3.836443997,Regular,44,Create,Deployment,false
3.881029554,Regular,46,Create,ConfigMap,false
3.928012212,Regular,33,Update,Deployment,false
3.961786097,Regular,18,Delete,ConfigMap,false
3.979982156,Regular,28,Delete,Deployment,false
4.008213499,Regular,35,Create,Deployment,false
4.043665877,Regular,33,Create,ConfigMap,false
4.07737077,Regular,32,Update,Deployment,false
4.109543268,Regular,16,Delete,ConfigMap,false
4.125806171,Regular,14,Delete,Deployment,false
4.140316545,Regular,38,Create,Deployment,false
4.178996644,Regular,23,Create,ConfigMap,false
4.004402646,Regular,30,Create,Deployment,false
4.034578113,Regular,35,Create,ConfigMap,false
4.070346171,Regular,27,Update,Deployment,false
4.097487077,Regular,20,Delete,ConfigMap,false
4.117861696,Regular,12,Delete,Deployment,false
4.130903443,Regular,33,Create,Deployment,false
4.164097318,Regular,24,Create,ConfigMap,false
4.188152532,Regular,15,Update,Deployment,false
4.203477358,Regular,15,Delete,ConfigMap,false
4.218661694,Regular,23,Delete,Deployment,false
4.242650982,Regular,27,Create,Deployment,false
4.270242599,Regular,28,Create,ConfigMap,false
4.29827403,Regular,20,Update,Deployment,false
4.318663708,Regular,21,Delete,ConfigMap,false
4.340355407,Regular,18,Delete,Deployment,false
4.359005766,Regular,22,Create,Deployment,false
4.381969117,Regular,18,Create,ConfigMap,false
4.400946391,Regular,24,Update,Deployment,false
4.425465188,Regular,20,Delete,ConfigMap,false
4.445912593,Regular,15,Delete,Deployment,false
4.461428508,Regular,12,Create,Deployment,false
4.474286325,Regular,12,Create,ConfigMap,false
4.486858881,Regular,16,Update,Deployment,false
4.503789177,Regular,12,Delete,ConfigMap,false
4.516341912,Regular,16,Delete,Deployment,false
4.533117232,Regular,19,Create,Deployment,false
4.552500401,Regular,24,Create,ConfigMap,false
4.576600159,Regular,20,Update,Deployment,false
4.59712327,Regular,42,Delete,ConfigMap,false
4.63978884,Regular,8,Delete,Deployment,false
4.647877969,Regular,22,Create,Deployment,false
4.67057851,Regular,17,Create,ConfigMap,false
4.687699146,Regular,18,Update,Deployment,false
4.706707911,Regular,14,Delete,ConfigMap,false
4.720845938,Regular,10,Delete,Deployment,false
4.731751244,Regular,13,Create,Deployment,false
4.745507578,Regular,14,Create,ConfigMap,false
4.760265197,Regular,17,Update,Deployment,false
4.777877101,Regular,15,Delete,ConfigMap,false
4.793337006,Regular,7,Delete,Deployment,false
4.801301578,Regular,18,Create,Deployment,false
4.820174265,Regular,13,Create,ConfigMap,false
4.834136773,Regular,21,Update,Deployment,false
4.855279224,Regular,14,Delete,ConfigMap,false
4.870049839,Regular,14,Delete,Deployment,false
4.884496821,Regular,25,Create,Deployment,false
4.910274759,Regular,21,Create,ConfigMap,false
4.931756543,Regular,13,Update,Deployment,false
4.944952379,Regular,13,Delete,ConfigMap,false
4.958107766,Regular,21,Delete,Deployment,false
4.980093321,Regular,29,Create,Deployment,false
4.014624879,Regular,30,Delete,Deployment,false
4.04563302,Regular,28,Create,Deployment,false
4.073826035,Regular,29,Create,ConfigMap,false
4.102983327,Regular,26,Update,Deployment,false
4.129277407,Regular,13,Delete,ConfigMap,false
4.14299935,Regular,35,Delete,Deployment,false
4.178782312,Regular,26,Create,Deployment,false
4.205190763,Regular,24,Create,ConfigMap,false
4.229554481,Regular,27,Update,Deployment,false
4.257031138,Regular,25,Delete,ConfigMap,false
4.282599843,Regular,15,Delete,Deployment,false
4.298448025,Regular,17,Create,Deployment,false
4.316503808,Regular,30,Create,ConfigMap,false
4.346911807,Regular,19,Update,Deployment,false
4.366452289,Regular,17,Delete,ConfigMap,false
4.383622911,Regular,21,Delete,Deployment,false
4.404748859,Regular,20,Create,Deployment,false
4.425598462,Regular,16,Create,ConfigMap,false
4.442575987,Regular,24,Update,Deployment,false
4.466704626,Regular,14,Delete,ConfigMap,false
4.480889942,Regular,7,Delete,Deployment,false
4.488090886,Regular,15,Create,Deployment,false
4.5032435,Regular,11,Create,ConfigMap,false
4.515245704,Regular,19,Update,Deployment,false
4.534849179,Regular,8,Delete,ConfigMap,false
4.543064987,Regular,13,Delete,Deployment,false
4.55622569,Regular,12,Create,Deployment,false
4.568832341,Regular,17,Create,ConfigMap,false
4.58652744,Regular,37,Update,Deployment,false
4.62404397,Regular,15,Delete,ConfigMap,false
4.639885477,Regular,8,Delete,Deployment,false
4.648546775,Regular,17,Create,Deployment,false
4.666323854,Regular,20,Create,ConfigMap,false
4.686794442,Regular,19,Update,Deployment,false
4.705931356,Regular,14,Delete,ConfigMap,false
4.720339575,Regular,11,Delete,Deployment,false
4.731687016,Regular,16,Create,Deployment,false
4.7478793150000005,Regular,20,Create,ConfigMap,false
4.768068689,Regular,14,Update,Deployment,false
4.782289421,Regular,10,Delete,ConfigMap,false
4.793158663,Regular,6,Delete,Deployment,false
4.799324632,Regular,12,Create,Deployment,false
4.812208791,Regular,13,Create,ConfigMap,false
4.825533781,Regular,15,Update,Deployment,false
4.841251183,Regular,12,Delete,ConfigMap,false
4.85348112,Regular,10,Delete,Deployment,false
4.864022844,Regular,16,Create,Deployment,false
4.881098827,Regular,15,Create,ConfigMap,false
4.896810809,Regular,24,Update,Deployment,false
4.921639665,Regular,15,Delete,ConfigMap,false
4.936879204,Regular,8,Delete,Deployment,false
4.945380779,Regular,14,Create,Deployment,false
4.959575042,Regular,27,Create,ConfigMap,false
4.987234004,Regular,24,Update,Deployment,false
4.202995248,Regular,35,Update,Deployment,false
4.238529239,Regular,22,Delete,ConfigMap,false
4.260616199,Regular,20,Delete,Deployment,false
4.280672738,Regular,19,Create,Deployment,false
4.300477073,Regular,16,Create,ConfigMap,false
4.317467419,Regular,23,Update,Deployment,false
4.341351647,Regular,20,Delete,ConfigMap,false
4.361970373,Regular,13,Delete,Deployment,false
4.375843473,Regular,20,Create,Deployment,false
4.395979684,Regular,25,Create,ConfigMap,false
4.421406062,Regular,17,Update,Deployment,false
4.438574212,Regular,13,Delete,ConfigMap,false
4.452386147,Regular,12,Delete,Deployment,false
4.464433412,Regular,17,Create,Deployment,false
4.481522957,Regular,9,Create,ConfigMap,false
4.491489797,Regular,18,Update,Deployment,false
4.509709537,Regular,17,Delete,ConfigMap,false
4.5272189019999995,Regular,11,Delete,Deployment,false
4.538440674,Regular,12,Create,Deployment,false
4.55116389,Regular,14,Create,ConfigMap,false
4.566023566,Regular,21,Update,Deployment,false
4.5875086750000005,Regular,15,Delete,ConfigMap,false
4.602753784,Regular,36,Delete,Deployment,false
4.639609532,Regular,16,Create,Deployment,false
4.656381234,Regular,17,Create,ConfigMap,false
4.674205138,Regular,18,Update,Deployment,false
4.692475126,Regular,12,Delete,ConfigMap,false
4.7050874910000005,Regular,11,Delete,Deployment,false
4.716151091,Regular,10,Create,Deployment,false
4.727207627,Regular,18,Create,ConfigMap,false
4.745421414,Regular,13,Update,Deployment,false
4.75881763,Regular,15,Delete,ConfigMap,false
4.774555653,Regular,16,Delete,Deployment,false
4.790764136,Regular,13,Create,Deployment,false
4.803964098,Regular,15,Create,ConfigMap,false
4.819883062,Regular,18,Update,Deployment,false
4.838273017,Regular,12,Delete,ConfigMap,false
4.851024217,Regular,11,Delete,Deployment,false
4.862680327,Regular,16,Create,Deployment,false
4.8795562409999995,Regular,14,Create,ConfigMap,false
4.894493645,Regular,16,Update,Deployment,false
4.911281073,Regular,21,Delete,ConfigMap,false
4.93238029,Regular,6,Delete,Deployment,false
4.939029464,Regular,10,Create,Deployment,false
4.950018491,Regular,15,Create,ConfigMap,false
4.965042981,Regular,32,Update,Deployment,false
4.998080508,Regular,22,Delete,ConfigMap,false
4.013970647,Regular,31,Create,Deployment,false
4.045089735,Regular,32,Create,ConfigMap,false
4.077382173,Regular,36,Update,Deployment,false
4.1143102559999996,Regular,12,Delete,ConfigMap,false
4.12690182,Regular,10,Delete,Deployment,false
4.137489742,Regular,29,Create,Deployment,false
4.166837128,Regular,24,Create,ConfigMap,false
4.191574825,Regular,17,Update,Deployment,false
4.208894178,Regular,16,Delete,ConfigMap,false
4.225795886,Regular,17,Delete,Deployment,false
4.243706278,Regular,24,Create,Deployment,false
4.268475102,Regular,23,Create,ConfigMap,false
4.292483676,Regular,18,Update,Deployment,false
4.310537852,Regular,13,Delete,ConfigMap,false
4.3238489940000004,Regular,18,Delete,Deployment,false
4.341937162,Regular,21,Create,Deployment,false
4.363216421,Regular,21,Create,ConfigMap,false
4.3844046,Regular,25,Update,Deployment,false
4.410240049,Regular,18,Delete,ConfigMap,false
4.429240834,Regular,15,Delete,Deployment,false
4.444648892,Regular,23,Create,Deployment,false
4.468263039,Regular,16,Create,ConfigMap,false
4.484927129,Regular,11,Update,Deployment,false
4.496616784,Regular,11,Delete,ConfigMap,false
4.507976285,Regular,11,Delete,Deployment,false
4.519930819,Regular,12,Create,Deployment,false
4.532708356,Regular,18,Create,ConfigMap,false
4.551167304,Regular,15,Update,Deployment,false
4.567017369,Regular,11,Delete,ConfigMap,false
4.578131108,Regular,16,Delete,Deployment,false
4.595132115,Regular,44,Create,Deployment,false
4.639936009,Regular,11,Create,ConfigMap,false
4.651155744,Regular,22,Update,Deployment,false
4.673679538,Regular,13,Delete,ConfigMap,false
4.687527749,Regular,11,Delete,Deployment,false
4.698554932,Regular,16,Create,Deployment,false
4.7146555679999995,Regular,11,Create,ConfigMap,false
4.726516782,Regular,15,Update,Deployment,false
4.741933843,Regular,6,Delete,ConfigMap,false
4.748625553,Regular,16,Delete,Deployment,false
4.764758997,Regular,18,Create,Deployment,false
4.783695944,Regular,14,Create,ConfigMap,false
4.798079012,Regular,17,Update,Deployment,false
4.816029929,Regular,6,Delete,ConfigMap,false
4.822753218,Regular,11,Delete,Deployment,false
4.834096144,Regular,20,Create,Deployment,false
4.855046556,Regular,15,Create,ConfigMap,false
4.870934082,Regular,14,Update,Deployment,false
4.88564169,Regular,12,Delete,ConfigMap,false
4.897840425,Regular,19,Delete,Deployment,false
4.917112805,Regular,10,Create,Deployment,false
4.92795436,Regular,15,Create,ConfigMap,false
4.94324641,Regular,11,Update,Deployment,false
4.955050803,Regular,10,Delete,ConfigMap,false
4.96599887,Regular,20,Delete,Deployment,false
4.986244779,Regular,34,Create,Deployment,false
4.005209355,Regular,29,Create,Deployment,false
4.035265328,Regular,38,Create,ConfigMap,false
4.073628854,Regular,40,Update,Deployment,false
4.114653507,Regular,12,Delete,ConfigMap,false
4.127509515,Regular,24,Delete,Deployment,false
4.151605038,Regular,34,Create,Deployment,false
4.186137139,Regular,21,Create,ConfigMap,false
4.207236815,Regular,19,Update,Deployment,false
4.226728834,Regular,16,Delete,ConfigMap,false
4.242964324,Regular,26,Delete,Deployment,false
4.269636424,Regular,29,Create,Deployment,false
4.298797857,Regular,18,Create,ConfigMap,false
4.316987888,Regular,31,Update,Deployment,false
4.348621045,Regular,15,Delete,ConfigMap,false
4.363934758,Regular,16,Delete,Deployment,false
4.380789531,Regular,24,Create,Deployment,false
4.405329599,Regular,23,Create,ConfigMap,false
4.429271277,Regular,24,Update,Deployment,false
4.45431508,Regular,14,Delete,ConfigMap,false
4.468380802,Regular,12,Delete,Deployment,false
4.481149459,Regular,14,Create,Deployment,false
4.495334866,Regular,13,Create,ConfigMap,false
4.509197792,Regular,19,Update,Deployment,false
4.529070096,Regular,12,Delete,ConfigMap,false
4.541471366,Regular,10,Delete,Deployment,false
4.551784894,Regular,12,Create,Deployment,false
4.564621774,Regular,20,Create,ConfigMap,false
4.585360412,Regular,22,Update,Deployment,false
4.607966871,Regular,31,Delete,ConfigMap,false
4.6397629689999995,Regular,9,Delete,Deployment,false
4.649145129,Regular,16,Create,Deployment,false
4.665826568,Regular,9,Create,ConfigMap,false
4.675353802,Regular,24,Update,Deployment,false
4.699568116,Regular,9,Delete,ConfigMap,false
4.709538588,Regular,6,Delete,Deployment,false
4.716484903,Regular,20,Create,Deployment,false
4.736799734,Regular,14,Create,ConfigMap,false
4.751102113,Regular,16,Update,Deployment,false
4.767293677,Regular,12,Delete,ConfigMap,false
4.779473161,Regular,14,Delete,Deployment,false
4.79431444,Regular,13,Create,Deployment,false
4.807480632,Regular,13,Create,ConfigMap,false
4.820832137,Regular,19,Update,Deployment,false
4.839932073,Regular,10,Delete,ConfigMap,false
4.850439597,Regular,13,Delete,Deployment,false
4.8644357639999996,Regular,16,Create,Deployment,false
4.881109206,Regular,15,Create,ConfigMap,false
4.896619425,Regular,22,Update,Deployment,false
4.919083713,Regular,13,Delete,ConfigMap,false
4.932319418,Regular,10,Delete,Deployment,false
4.943095037,Regular,16,Create,Deployment,false
4.959455973,Regular,28,Create,ConfigMap,false
4.988119976,Regular,33,Update,Deployment,false
4.028276646,Regular,21,Create,Deployment,false
4.049497143,Regular,27,Create,ConfigMap,false
4.07718609,Regular,31,Update,Deployment,false
4.109156632,Regular,18,Delete,ConfigMap,false
4.127584472,Regular,24,Delete,Deployment,false
4.151857611,Regular,26,Create,Deployment,false
4.178309124,Regular,28,Create,ConfigMap,false
4.20694181,Regular,31,Update,Deployment,false
4.238047012,Regular,22,Delete,ConfigMap,false
4.260980779,Regular,15,Delete,Deployment,false
4.276023089,Regular,23,Create,Deployment,false
4.299234953,Regular,17,Create,ConfigMap,false
4.317080652,Regular,33,Update,Deployment,false
4.350826713,Regular,13,Delete,ConfigMap,false
4.364683775,Regular,21,Delete,Deployment,false
4.385779097,Regular,23,Create,Deployment,false
4.4090482810000005,Regular,19,Create,ConfigMap,false
4.428633093,Regular,25,Update,Deployment,false
4.454637508,Regular,14,Delete,ConfigMap,false
4.468899427,Regular,16,Delete,Deployment,false
4.485157031,Regular,17,Create,Deployment,false
4.502481964,Regular,13,Create,ConfigMap,false
4.5165026489999995,Regular,19,Update,Deployment,false
4.536130926,Regular,11,Delete,ConfigMap,false
4.547954287,Regular,8,Delete,Deployment,false
4.55631252,Regular,12,Create,Deployment,false
4.568441069,Regular,18,Create,ConfigMap,false
4.58684278,Regular,36,Update,Deployment,false
4.623374081,Regular,11,Delete,ConfigMap,false
4.635070997,Regular,14,Delete,Deployment,false
4.649285104,Regular,16,Create,Deployment,false
4.6656895800000004,Regular,22,Create,ConfigMap,false
4.687931686,Regular,17,Update,Deployment,false
4.705924791,Regular,14,Delete,ConfigMap,false
4.720585983,Regular,9,Delete,Deployment,false
4.730324111,Regular,16,Create,Deployment,false
4.74714997,Regular,13,Create,ConfigMap,false
4.76116893,Regular,15,Update,Deployment,false
4.776639073,Regular,9,Delete,ConfigMap,false
4.786672476,Regular,11,Delete,Deployment,false
4.798350383,Regular,15,Create,Deployment,false
4.81382083,Regular,8,Create,ConfigMap,false
4.822750278,Regular,16,Update,Deployment,false
4.839314723,Regular,14,Delete,ConfigMap,false
4.853762996,Regular,12,Delete,Deployment,false
4.866324174,Regular,18,Create,Deployment,false
4.884847827,Regular,12,Create,ConfigMap,false
4.896900285,Regular,26,Update,Deployment,false
4.923147098,Regular,13,Delete,ConfigMap,false
4.936462839,Regular,11,Delete,Deployment,false
4.948441369,Regular,16,Create,Deployment,false
4.965173673,Regular,34,Create,ConfigMap,false
5.00013682,Regular,27,Update,Deployment,false
4.015462333,Regular,29,Create,ConfigMap,false
4.044849825,Regular,33,Update,Deployment,false
4.078352243,Regular,40,Delete,ConfigMap,false
4.118989003,Regular,11,Delete,Deployment,false
4.130709466,Regular,36,Create,Deployment,false
4.166917668,Regular,28,Create,ConfigMap,false
4.195017483,Regular,26,Update,Deployment,false
4.22110086,Regular,16,Delete,ConfigMap,false
4.237815896,Regular,17,Delete,Deployment,false
4.254884081,Regular,33,Create,Deployment,false
4.288228553,Regular,20,Create,ConfigMap,false
4.308338017,Regular,19,Update,Deployment,false
4.328054599,Regular,23,Delete,ConfigMap,false
4.351110369,Regular,13,Delete,Deployment,false
4.364926212,Regular,28,Create,Deployment,false
4.393566652,Regular,19,Create,ConfigMap,false
4.412938361,Regular,26,Update,Deployment,false
4.439458757,Regular,16,Delete,ConfigMap,false
4.455925143,Regular,13,Delete,Deployment,false
4.469693775,Regular,19,Create,Deployment,false
4.488987774,Regular,13,Create,ConfigMap,false
4.502793664,Regular,13,Update,Deployment,false
4.5166509569999995,Regular,15,Delete,ConfigMap,false
4.532018182,Regular,16,Delete,Deployment,false
4.548085382,Regular,16,Create,Deployment,false
4.564756877,Regular,12,Create,ConfigMap,false
4.577193239,Regular,17,Update,Deployment,false
4.595176363,Regular,45,Delete,ConfigMap,false
4.640868715,Regular,10,Delete,Deployment,false
4.650908969,Regular,13,Create,Deployment,false
4.664196708,Regular,11,Create,ConfigMap,false
4.675606802,Regular,18,Update,Deployment,false
4.694233989,Regular,19,Delete,ConfigMap,false
4.713407951,Regular,14,Delete,Deployment,false
4.72763149,Regular,19,Create,Deployment,false
4.746883786,Regular,20,Create,ConfigMap,false
4.7672304279999995,Regular,16,Update,Deployment,false
4.784249611,Regular,8,Delete,ConfigMap,false
4.793118991,Regular,9,Delete,Deployment,false
4.802477883,Regular,18,Create,Deployment,false
4.8211192910000005,Regular,16,Create,ConfigMap,false
4.837774197,Regular,16,Update,Deployment,false
4.8545305469999995,Regular,15,Delete,ConfigMap,false
4.870217655,Regular,14,Delete,Deployment,false
4.884514421,Regular,26,Create,Deployment,false
4.910822288,Regular,22,Create,ConfigMap,false
4.932973855,Regular,11,Update,Deployment,false
4.944119362,Regular,13,Delete,ConfigMap,false
4.957612929,Regular,20,Delete,Deployment,false
4.978019521,Regular,22,Create,Deployment,false
5.000795183,Regular,29,Create,ConfigMap,false
4.096900869,Regular,24,Delete,ConfigMap,false
4.12128554,Regular,12,Delete,Deployment,false
4.133490567,Regular,33,Create,Deployment,false
4.166634433,Regular,28,Create,ConfigMap,false
4.195064346,Regular,25,Update,Deployment,false
4.220270267,Regular,11,Delete,ConfigMap,false
4.232208589,Regular,17,Delete,Deployment,false
4.249664479,Regular,20,Create,Deployment,false
4.270283144,Regular,21,Create,ConfigMap,false
4.291351561,Regular,19,Update,Deployment,false
4.310454797,Regular,13,Delete,ConfigMap,false
4.323947188,Regular,12,Delete,Deployment,false
4.336372718,Regular,18,Create,Deployment,false
4.355293612,Regular,14,Create,ConfigMap,false
4.370013293,Regular,23,Update,Deployment,false
4.393924635,Regular,17,Delete,ConfigMap,false
4.41171427,Regular,13,Delete,Deployment,false
4.425584,Regular,28,Create,Deployment,false
4.453610726,Regular,10,Create,ConfigMap,false
4.46452598,Regular,16,Update,Deployment,false
4.481463789,Regular,8,Delete,ConfigMap,false
4.489999098,Regular,7,Delete,Deployment,false
4.497619264,Regular,12,Create,Deployment,false
4.510391768,Regular,16,Create,ConfigMap,false
4.527308179,Regular,13,Update,Deployment,false
4.540362355,Regular,11,Delete,ConfigMap,false
4.552336642,Regular,8,Delete,Deployment,false
4.561115967,Regular,14,Create,Deployment,false
4.575341439,Regular,18,Create,ConfigMap,false
4.594048423,Regular,37,Update,Deployment,false
4.631148428,Regular,10,Delete,ConfigMap,false
4.641981071,Regular,10,Delete,Deployment,false
4.652310107,Regular,13,Create,Deployment,false
4.666144955,Regular,20,Create,ConfigMap,false
4.6862430459999995,Regular,13,Update,Deployment,false
4.699404946,Regular,10,Delete,ConfigMap,false
4.709745376,Regular,6,Delete,Deployment,false
4.716272475,Regular,18,Create,Deployment,false
4.734336614,Regular,12,Create,ConfigMap,false
4.747201466,Regular,14,Update,Deployment,false
4.762186213,Regular,12,Delete,ConfigMap,false
4.774899113,Regular,10,Delete,Deployment,false
4.785328271,Regular,16,Create,Deployment,false
4.802074366,Regular,11,Create,ConfigMap,false
4.813795919,Regular,14,Update,Deployment,false
4.828724518,Regular,13,Delete,ConfigMap,false
4.841964733,Regular,12,Delete,Deployment,false
4.8546066759999995,Regular,15,Create,Deployment,false
4.870512442,Regular,14,Create,ConfigMap,false
4.884565215,Regular,26,Update,Deployment,false
4.910747456,Regular,15,Delete,ConfigMap,false
4.926215495,Regular,8,Delete,Deployment,false
4.935025342,Regular,13,Create,Deployment,false
4.948762911,Regular,14,Create,ConfigMap,false
4.963190581,Regular,36,Update,Deployment,false
4.999770903,Regular,20,Delete,ConfigMap,false
5.020607079,Regular,28,Delete,Deployment,false
4.034472291,Regular,34,Delete,ConfigMap,false
4.069515763,Regular,16,Delete,Deployment,false
4.086454362,Regular,32,Create,Deployment,false
4.118756826,Regular,17,Create,ConfigMap,false
4.135819559,Regular,42,Update,Deployment,false
4.178799949,Regular,22,Delete,ConfigMap,false
4.201110395,Regular,18,Delete,Deployment,false
4.219220247,Regular,24,Create,Deployment,false
4.243723673,Regular,39,Create,ConfigMap,false
4.283012503,Regular,23,Update,Deployment,false
4.306640769,Regular,17,Delete,ConfigMap,false
4.324041728,Regular,16,Delete,Deployment,false
4.340844313,Regular,23,Create,Deployment,false
4.364087492,Regular,19,Create,ConfigMap,false
4.383269332,Regular,26,Update,Deployment,false
4.410015415,Regular,18,Delete,ConfigMap,false
4.428297965,Regular,22,Delete,Deployment,false
4.450550168,Regular,17,Create,Deployment,false
4.467788247,Regular,12,Create,ConfigMap,false
4.480497242,Regular,14,Update,Deployment,false
4.495043544,Regular,14,Delete,ConfigMap,false
4.50957636,Regular,18,Delete,Deployment,false
4.528326542,Regular,20,Create,Deployment,false
4.54901025,Regular,14,Create,ConfigMap,false
4.563262689,Regular,13,Update,Deployment,false
4.577099704,Regular,15,Delete,ConfigMap,false
4.592631015,Regular,37,Delete,Deployment,false
4.6304404009999995,Regular,16,Create,Deployment,false
4.646727189,Regular,19,Create,ConfigMap,false
4.666291414,Regular,18,Update,Deployment,false
4.684504987,Regular,10,Delete,ConfigMap,false
4.694884212,Regular,15,Delete,Deployment,false
4.709987611,Regular,11,Create,Deployment,false
4.721901844,Regular,16,Create,ConfigMap,false
4.738385854,Regular,21,Update,Deployment,false
4.759895062,Regular,9,Delete,ConfigMap,false
4.769713848,Regular,19,Delete,Deployment,false
4.789520353,Regular,13,Create,Deployment,false
4.803166646,Regular,14,Create,ConfigMap,false
4.817446631,Regular,13,Update,Deployment,false
4.831310744,Regular,10,Delete,ConfigMap,false
4.8417723,Regular,7,Delete,Deployment,false
4.849214692,Regular,16,Create,Deployment,false
4.865568208,Regular,18,Create,ConfigMap,false
4.884349661,Regular,24,Update,Deployment,false
4.909298433,Regular,14,Delete,ConfigMap,false
4.923786038,Regular,7,Delete,Deployment,false
4.93165257,Regular,12,Create,Deployment,false
4.9443088589999995,Regular,13,Create,ConfigMap,false
4.957694523,Regular,29,Update,Deployment,false
4.987220796,Regular,23,Delete,ConfigMap,false
5.010939119,Regular,17,Delete,Deployment,false
5.028867778,Regular,21,Create,Deployment,false
4.078516523,Regular,35,Update,Deployment,false
4.113955601,Regular,13,Delete,ConfigMap,false
4.12714306,Regular,24,Delete,Deployment,false
4.151711431,Regular,27,Create,Deployment,false
4.178816207,Regular,27,Create,ConfigMap,false
4.206632601,Regular,31,Update,Deployment,false
4.238088681,Regular,21,Delete,ConfigMap,false
4.260086235,Regular,21,Delete,Deployment,false
4.282068763,Regular,16,Create,Deployment,false
4.298741016,Regular,17,Create,ConfigMap,false
4.316021228,Regular,16,Update,Deployment,false
4.33235306,Regular,25,Delete,ConfigMap,false
4.357787106,Regular,13,Delete,Deployment,false
4.371588751,Regular,22,Create,Deployment,false
4.39460243,Regular,19,Create,ConfigMap,false
4.413818303,Regular,25,Update,Deployment,false
4.439459521,Regular,12,Delete,ConfigMap,false
4.452238796,Regular,15,Delete,Deployment,false
4.468022027,Regular,22,Create,Deployment,false
4.49007617,Regular,12,Create,ConfigMap,false
4.502873968,Regular,17,Update,Deployment,false
4.520209767,Regular,11,Delete,ConfigMap,false
4.532191971,Regular,12,Delete,Deployment,false
4.54428817,Regular,12,Create,Deployment,false
4.557215509,Regular,19,Create,ConfigMap,false
4.576584879,Regular,20,Update,Deployment,false
4.597334695,Regular,42,Delete,ConfigMap,false
4.639784977,Regular,8,Delete,Deployment,false
4.647977427,Regular,17,Create,Deployment,false
4.665956811,Regular,22,Create,ConfigMap,false
4.688136502,Regular,18,Update,Deployment,false
4.706937779,Regular,12,Delete,ConfigMap,false
4.719922164,Regular,11,Delete,Deployment,false
4.731894284,Regular,16,Create,Deployment,false
4.7479599409999995,Regular,13,Create,ConfigMap,false
4.761102957,Regular,16,Update,Deployment,false
4.777391724,Regular,13,Delete,ConfigMap,false
4.7910780509999995,Regular,11,Delete,Deployment,false
4.802886023,Regular,17,Create,Deployment,false
4.820964498,Regular,15,Create,ConfigMap,false
4.836362456,Regular,18,Update,Deployment,false
4.854421379,Regular,15,Delete,ConfigMap,false
4.870174235,Regular,12,Delete,Deployment,false
4.882788167,Regular,13,Create,Deployment,false
4.896633766,Regular,19,Create,ConfigMap,false
4.9158754590000004,Regular,17,Update,Deployment,false
4.933463538,Regular,9,Delete,ConfigMap,false
4.943260999,Regular,10,Delete,Deployment,false
4.953302358,Regular,11,Create,Deployment,false
4.965173701,Regular,34,Create,ConfigMap,false
4.999531523,Regular,38,Update,Deployment,false
5.038530578,Regular,21,Delete,ConfigMap,false
5.05971645,Regular,27,Delete,Deployment,false
5.087631429,Regular,18,Create,Deployment,false
5.10623864,Regular,30,Create,ConfigMap,false
5.027672561,Regular,21,Delete,ConfigMap,false
5.04885932,Regular,23,Delete,Deployment,false
5.072845179,Regular,33,Create,Deployment,false
5.106139484,Regular,33,Create,ConfigMap,false
5.139318109,Regular,30,Update,Deployment,false
5.169940145,Regular,9,Delete,ConfigMap,false
5.179312112,Regular,16,Delete,Deployment,false
5.195628267,Regular,25,Create,Deployment,false
5.220686722,Regular,26,Create,ConfigMap,false
5.247379776,Regular,15,Update,Deployment,false
5.262442792,Regular,25,Delete,ConfigMap,false
5.287767466,Regular,24,Delete,Deployment,false
5.312047575,Regular,37,Create,Deployment,false
5.349674278,Regular,17,Create,ConfigMap,false
5.367005378,Regular,38,Update,Deployment,false
5.405776979,Regular,23,Delete,ConfigMap,false
5.429131474,Regular,18,Delete,Deployment,false
5.447280304,Regular,30,Create,Deployment,false
5.477429519,Regular,17,Create,ConfigMap,false
5.494994801,Regular,18,Update,Deployment,false
5.513524585,Regular,12,Delete,ConfigMap,false
5.525979692,Regular,14,Delete,Deployment,false
5.540040342,Regular,18,Create,Deployment,false
5.558935013,Regular,18,Create,ConfigMap,false
5.577106644,Regular,14,Update,Deployment,false
5.591260552,Regular,10,Delete,ConfigMap,false
5.602034263,Regular,7,Delete,Deployment,false
5.609230104,Regular,16,Create,Deployment,false
5.62606579,Regular,18,Create,ConfigMap,false
5.645026909,Regular,9,Update,Deployment,false
5.6548899519999996,Regular,11,Delete,ConfigMap,false
5.6660704200000005,Regular,5,Delete,Deployment,false
5.671755071,Regular,20,Create,Deployment,false
5.692288205,Regular,9,Create,ConfigMap,false
5.702073497,Regular,9,Update,Deployment,false
5.711196724,Regular,8,Delete,ConfigMap,false
5.719496573,Regular,12,Delete,Deployment,false
5.73199795,Regular,11,Create,Deployment,false
5.74361541,Regular,14,Create,ConfigMap,false
5.758068509,Regular,16,Update,Deployment,false
5.774163705,Regular,12,Delete,ConfigMap,false
5.786832392,Regular,9,Delete,Deployment,false
5.795880476,Regular,20,Create,Deployment,false
5.815990294,Regular,23,Create,ConfigMap,false
5.839629144,Regular,13,Update,Deployment,false
5.85361988,Regular,11,Delete,ConfigMap,false
5.864858856,Regular,10,Delete,Deployment,false
5.875831971,Regular,15,Create,Deployment,false
5.890991442,Regular,19,Create,ConfigMap,false
5.91055822,Regular,13,Update,Deployment,false
5.924007548,Regular,16,Delete,ConfigMap,false
5.9400826349999996,Regular,9,Delete,Deployment,false
5.949542731,Regular,22,Create,Deployment,false
5.9720845019999995,Regular,14,Create,ConfigMap,false
5.986400523,Regular,16,Update,Deployment,false
5.011833595,Regular,14,Delete,ConfigMap,false
5.026079878,Regular,22,Delete,Deployment,false
5.048857651,Regular,51,Create,Deployment,false
5.100309914,Regular,31,Create,ConfigMap,false
5.132258748,Regular,18,Update,Deployment,false
5.150909317,Regular,19,Delete,ConfigMap,false
5.17021297,Regular,9,Delete,Deployment,false
5.179514652,Regular,17,Create,Deployment,false
5.197100942,Regular,28,Create,ConfigMap,false
5.225960636,Regular,21,Update,Deployment,false
5.247590848,Regular,18,Delete,ConfigMap,false
5.266216012,Regular,46,Delete,Deployment,false
5.313224161,Regular,35,Create,Deployment,false
5.349011639,Regular,18,Create,ConfigMap,false
5.367882401,Regular,37,Update,Deployment,false
5.405405067,Regular,23,Delete,ConfigMap,false
5.429145141,Regular,19,Delete,Deployment,false
5.448758521,Regular,28,Create,Deployment,false
5.477525992,Regular,16,Create,ConfigMap,false
5.493861297,Regular,12,Update,Deployment,false
5.506026318,Regular,8,Delete,ConfigMap,false
5.5149684,Regular,11,Delete,Deployment,false
5.526022456,Regular,13,Create,Deployment,false
5.539763848,Regular,14,Create,ConfigMap,false
5.55418611,Regular,13,Update,Deployment,false
5.567634917,Regular,14,Delete,ConfigMap,false
5.582043596,Regular,15,Delete,Deployment,false
5.597370058,Regular,13,Create,Deployment,false
5.610803671,Regular,16,Create,ConfigMap,false
5.627136126,Regular,16,Update,Deployment,false
5.643577476,Regular,8,Delete,ConfigMap,false
5.6525675,Regular,15,Delete,Deployment,false
5.667727568,Regular,20,Create,Deployment,false
5.68817889,Regular,14,Create,ConfigMap,false
5.702532032,Regular,14,Update,Deployment,false
5.717270353,Regular,14,Delete,ConfigMap,false
5.732167372,Regular,9,Delete,Deployment,false
5.741546231,Regular,16,Create,Deployment,false
5.75801369,Regular,17,Create,ConfigMap,false
5.775421682,Regular,18,Update,Deployment,false
5.793970713,Regular,11,Delete,ConfigMap,false
5.805514143,Regular,16,Delete,Deployment,false
5.82156715,Regular,27,Create,Deployment,false
5.848770543,Regular,14,Create,ConfigMap,false
5.863666487,Regular,14,Update,Deployment,false
5.878207071,Regular,11,Delete,ConfigMap,false
5.889764715,Regular,16,Delete,Deployment,false
5.90656992,Regular,15,Create,Deployment,false
5.9225074840000005,Regular,13,Create,ConfigMap,false
5.936189709,Regular,17,Update,Deployment,false
5.953310046,Regular,11,Delete,ConfigMap,false
5.964743618,Regular,14,Delete,Deployment,false
5.979050497,Regular,21,Create,Deployment,false
6.000607214,Regular,14,Create,ConfigMap,false
5.021705586,Regular,16,Delete,ConfigMap,false
5.0379133209999996,Regular,20,Delete,Deployment,false
5.05848316,Regular,27,Create,Deployment,false
5.08575673,Regular,13,Create,ConfigMap,false
5.099720009,Regular,26,Update,Deployment,false
5.126638576,Regular,18,Delete,ConfigMap,false
5.145131502,Regular,26,Delete,Deployment,false
5.171344556,Regular,24,Create,Deployment,false
5.195536944,Regular,30,Create,ConfigMap,false
5.225837153,Regular,14,Update,Deployment,false
5.240187896,Regular,20,Delete,ConfigMap,false
5.260633765,Regular,43,Delete,Deployment,false
5.303975668,Regular,45,Create,Deployment,false
5.349028319,Regular,17,Create,ConfigMap,false
5.366996521,Regular,12,Update,Deployment,false
5.379455468,Regular,22,Delete,ConfigMap,false
5.401983519,Regular,10,Delete,Deployment,false
5.412012229,Regular,31,Create,Deployment,false
5.443104904,Regular,20,Create,ConfigMap,false
5.46336912,Regular,20,Update,Deployment,false
5.483656507,Regular,14,Delete,ConfigMap,false
5.4982607980000004,Regular,9,Delete,Deployment,false
5.5077480009999995,Regular,14,Create,Deployment,false
5.52193576,Regular,18,Create,ConfigMap,false
5.540829455,Regular,17,Update,Deployment,false
5.558375602,Regular,14,Delete,ConfigMap,false
5.572886746,Regular,13,Delete,Deployment,false
5.586332864,Regular,14,Create,Deployment,false
5.601316143,Regular,10,Create,ConfigMap,false
5.611720742,Regular,14,Update,Deployment,false
5.626120563,Regular,12,Delete,ConfigMap,false
5.639055702,Regular,6,Delete,Deployment,false
5.645516128,Regular,14,Create,Deployment,false
5.660509119,Regular,11,Create,ConfigMap,false
5.672365843,Regular,19,Update,Deployment,false
5.692379653,Regular,7,Delete,ConfigMap,false
5.699914421,Regular,7,Delete,Deployment,false
5.707292573,Regular,16,Create,Deployment,false
5.724286191,Regular,11,Create,ConfigMap,false
5.735750538,Regular,16,Update,Deployment,false
5.751807446,Regular,12,Delete,ConfigMap,false
5.764429908,Regular,11,Delete,Deployment,false
5.775773889,Regular,17,Create,Deployment,false
5.793398607,Regular,12,Create,ConfigMap,false
5.805749835,Regular,24,Update,Deployment,false
5.830707644,Regular,14,Delete,ConfigMap,false
5.84537115,Regular,8,Delete,Deployment,false
5.8536945,Regular,18,Create,Deployment,false
5.872056042,Regular,33,Create,ConfigMap,false
5.9058720000000005,Regular,11,Update,Deployment,false
5.917137379,Regular,9,Delete,ConfigMap,false
5.926360239,Regular,11,Delete,Deployment,false
5.938353532,Regular,14,Create,Deployment,false
5.952834023,Regular,15,Create,ConfigMap,false
5.968445668,Regular,16,Update,Deployment,false
5.98447844,Regular,15,Delete,ConfigMap,false
6.000190317,Regular,15,Delete,Deployment,false
5.020376659,Regular,29,Create,ConfigMap,false
5.049602245,Regular,45,Update,Deployment,false
5.094772502,Regular,11,Delete,ConfigMap,false
5.105894049,Regular,24,Delete,Deployment,false
5.130677535,Regular,19,Create,Deployment,false
5.150465685,Regular,23,Create,ConfigMap,false
5.174197716,Regular,17,Update,Deployment,false
5.191578836,Regular,9,Delete,ConfigMap,false
5.201140256,Regular,17,Delete,Deployment,false
5.218887801,Regular,13,Create,Deployment,false
5.232032722,Regular,28,Create,ConfigMap,false
5.260802483,Regular,45,Update,Deployment,false
5.30636158,Regular,33,Delete,ConfigMap,false
5.340383275,Regular,14,Delete,Deployment,false
5.354653597,Regular,19,Create,Deployment,false
5.373960498,Regular,45,Create,ConfigMap,false
5.419812426,Regular,25,Update,Deployment,false
5.44526644,Regular,13,Delete,ConfigMap,false
5.459064153,Regular,17,Delete,Deployment,false
5.476931847,Regular,14,Create,Deployment,false
5.491497846,Regular,10,Create,ConfigMap,false
5.502488384,Regular,13,Update,Deployment,false
5.515548811,Regular,9,Delete,ConfigMap,false
5.525305496,Regular,10,Delete,Deployment,false
5.535970488,Regular,22,Create,Deployment,false
5.558046565,Regular,15,Create,ConfigMap,false
5.573524012,Regular,14,Update,Deployment,false
5.587973731,Regular,14,Delete,ConfigMap,false
5.602524915,Regular,12,Delete,Deployment,false
5.614931531,Regular,21,Create,Deployment,false
5.6369474969999995,Regular,15,Create,ConfigMap,false
5.652631404,Regular,16,Update,Deployment,false
5.669534294,Regular,15,Delete,ConfigMap,false
5.685010307,Regular,10,Delete,Deployment,false
5.695455766,Regular,16,Create,Deployment,false
5.711777764,Regular,14,Create,ConfigMap,false
5.726188323,Regular,17,Update,Deployment,false
5.743299859,Regular,13,Delete,ConfigMap,false
5.75641067,Regular,13,Delete,Deployment,false
5.769758857,Regular,17,Create,Deployment,false
5.787167639,Regular,14,Create,ConfigMap,false
5.80198688,Regular,20,Update,Deployment,false
5.822514119,Regular,14,Delete,ConfigMap,false
5.836640478,Regular,12,Delete,Deployment,false
5.848697377,Regular,17,Create,Deployment,false
5.866636982,Regular,13,Create,ConfigMap,false
5.880479191,Regular,13,Update,Deployment,false
5.893887401,Regular,16,Delete,ConfigMap,false
5.91023456,Regular,8,Delete,Deployment,false
5.918356613,Regular,18,Create,Deployment,false
5.937009435,Regular,15,Create,ConfigMap,false
5.952585311,Regular,19,Update,Deployment,false
5.971955361,Regular,11,Delete,ConfigMap,false
5.983870355,Regular,12,Delete,Deployment,false
5.996653907,Regular,19,Create,Deployment,false
5.050267752,Regular,36,Create,ConfigMap,false
5.087125946,Regular,36,Update,Deployment,false
5.123556308,Regular,21,Delete,ConfigMap,false
5.145309322,Regular,25,Delete,Deployment,false
5.171336044,Regular,24,Create,Deployment,false
5.195854064,Regular,31,Create,ConfigMap,false
5.227039217,Regular,20,Update,Deployment,false
5.247369625,Regular,13,Delete,ConfigMap,false
5.260723878,Regular,45,Delete,Deployment,false
5.306061909,Regular,41,Create,Deployment,false
5.34717575,Regular,19,Create,ConfigMap,false
5.366749438,Regular,29,Update,Deployment,false
5.396444941,Regular,20,Delete,ConfigMap,false
5.416865114,Regular,21,Delete,Deployment,false
5.438498325,Regular,16,Create,Deployment,false
5.455489956,Regular,20,Create,ConfigMap,false
5.47578563,Regular,17,Update,Deployment,false
5.493428304,Regular,10,Delete,ConfigMap,false
5.503679224,Regular,11,Delete,Deployment,false
5.515649348,Regular,15,Create,Deployment,false
5.531123036,Regular,20,Create,ConfigMap,false
5.552143519,Regular,16,Update,Deployment,false
5.568660229,Regular,9,Delete,ConfigMap,false
5.578052833,Regular,8,Delete,Deployment,false
5.586897808,Regular,16,Create,Deployment,false
5.603580572,Regular,11,Create,ConfigMap,false
5.615091659,Regular,23,Update,Deployment,false
5.638783128,Regular,9,Delete,ConfigMap,false
5.648423597,Regular,10,Delete,Deployment,false
5.659440061,Regular,19,Create,Deployment,false
5.679456453,Regular,13,Create,ConfigMap,false
5.693048759,Regular,10,Update,Deployment,false
5.703187012,Regular,9,Delete,ConfigMap,false
5.713123404,Regular,5,Delete,Deployment,false
5.718237145,Regular,17,Create,Deployment,false
5.73561869,Regular,13,Create,ConfigMap,false
5.749148663,Regular,18,Update,Deployment,false
5.767262025,Regular,12,Delete,ConfigMap,false
5.779508441,Regular,17,Delete,Deployment,false
5.796766199,Regular,15,Create,Deployment,false
5.811839372,Regular,18,Create,ConfigMap,false
5.830700574,Regular,16,Update,Deployment,false
5.847207628,Regular,14,Delete,ConfigMap,false
5.861398403,Regular,14,Delete,Deployment,false
5.876174116,Regular,14,Create,Deployment,false
5.890971995,Regular,23,Create,ConfigMap,false
5.914767493,Regular,21,Update,Deployment,false
5.9365557429999996,Regular,12,Delete,ConfigMap,false
5.949329034,Regular,10,Delete,Deployment,false
5.959945803,Regular,18,Create,Deployment,false
5.978422452,Regular,15,Create,ConfigMap,false
5.993953008,Regular,19,Update,Deployment,false
6.013574887,Regular,5,Delete,ConfigMap,false
5.048999108,Regular,39,Create,Deployment,false
5.088047526,Regular,17,Create,ConfigMap,false
5.105980057,Regular,32,Update,Deployment,false
5.138270675,Regular,23,Delete,ConfigMap,false
5.161990744,Regular,17,Delete,Deployment,false
5.179897143,Regular,16,Create,Deployment,false
5.196917547,Regular,29,Create,ConfigMap,false
5.226209042,Regular,15,Update,Deployment,false
5.242035069,Regular,23,Delete,ConfigMap,false
5.266047687,Regular,38,Delete,Deployment,false
5.30455713,Regular,44,Create,Deployment,false
5.34902663,Regular,18,Create,ConfigMap,false
5.367727184,Regular,26,Update,Deployment,false
5.394233512,Regular,22,Delete,ConfigMap,false
5.416814378,Regular,26,Delete,Deployment,false
5.443339869,Regular,19,Create,Deployment,false
5.463321708,Regular,19,Create,ConfigMap,false
5.48309039,Regular,16,Update,Deployment,false
5.500057606,Regular,8,Delete,ConfigMap,false
5.508896168,Regular,11,Delete,Deployment,false
5.520906126,Regular,11,Create,Deployment,false
5.532413644,Regular,15,Create,ConfigMap,false
5.548334998,Regular,19,Update,Deployment,false
5.567888714,Regular,9,Delete,ConfigMap,false
5.577912521,Regular,8,Delete,Deployment,false
5.586229491,Regular,16,Create,Deployment,false
5.602953263,Regular,11,Create,ConfigMap,false
5.614817111,Regular,21,Update,Deployment,false
5.635984153,Regular,8,Delete,ConfigMap,false
5.644931342,Regular,4,Delete,Deployment,false
5.649784927,Regular,19,Create,Deployment,false
5.669503566,Regular,15,Create,ConfigMap,false
5.684922195,Regular,14,Update,Deployment,false
5.699728758,Regular,5,Delete,ConfigMap,false
5.704930312,Regular,11,Delete,Deployment,false
5.716454433,Regular,18,Create,Deployment,false
5.735421124,Regular,15,Create,ConfigMap,false
5.751378649,Regular,16,Update,Deployment,false
5.767873925,Regular,11,Delete,ConfigMap,false
5.779714914,Regular,11,Delete,Deployment,false
5.791679371,Regular,14,Create,Deployment,false
5.80605297,Regular,17,Create,ConfigMap,false
5.823176954,Regular,16,Update,Deployment,false
5.839865676,Regular,9,Delete,ConfigMap,false
5.84946684,Regular,12,Delete,Deployment,false
5.861519724,Regular,15,Create,Deployment,false
5.8772727830000004,Regular,20,Create,ConfigMap,false
5.897470557,Regular,18,Update,Deployment,false
5.9159129010000004,Regular,10,Delete,ConfigMap,false
5.926114816,Regular,14,Delete,Deployment,false
5.940265115,Regular,16,Create,Deployment,false
5.956793114,Regular,14,Create,ConfigMap,false
5.971449422,Regular,14,Update,Deployment,false
5.986049101,Regular,9,Delete,ConfigMap,false
5.995440859,Regular,11,Delete,Deployment,false
6.006803018,Regular,16,Create,Deployment,false
5.137047195,Regular,29,Update,Deployment,false
5.166440981,Regular,13,Delete,ConfigMap,false
5.179715635,Regular,10,Delete,Deployment,false
5.190049355,Regular,25,Create,Deployment,false
5.215102255,Regular,15,Create,ConfigMap,false
5.230253837,Regular,25,Update,Deployment,false
5.255396736,Regular,17,Delete,ConfigMap,false
5.273277828,Regular,32,Delete,Deployment,false
5.305967222,Regular,42,Create,Deployment,false
5.348923033,Regular,24,Create,ConfigMap,false
5.373436685,Regular,44,Update,Deployment,false
5.418028541,Regular,16,Delete,ConfigMap,false
5.435010349,Regular,13,Delete,Deployment,false
5.448602713,Regular,23,Create,Deployment,false
5.47195902,Regular,23,Create,ConfigMap,false
5.495243781,Regular,18,Update,Deployment,false
5.513977603,Regular,8,Delete,ConfigMap,false
5.522262563,Regular,15,Delete,Deployment,false
5.537338156,Regular,20,Create,Deployment,false
5.5581862619999995,Regular,16,Create,ConfigMap,false
5.575153144,Regular,16,Update,Deployment,false
5.5915878679999995,Regular,14,Delete,ConfigMap,false
5.6065512779999995,Regular,9,Delete,Deployment,false
5.615818023,Regular,21,Create,Deployment,false
5.63721027,Regular,11,Create,ConfigMap,false
5.648841461,Regular,11,Update,Deployment,false
5.660821671,Regular,10,Delete,ConfigMap,false
5.671603395,Regular,14,Delete,Deployment,false
5.686388282,Regular,12,Create,Deployment,false
5.6989295890000005,Regular,9,Create,ConfigMap,false
5.708513632,Regular,20,Update,Deployment,false
5.72857118,Regular,7,Delete,ConfigMap,false
5.7364621620000005,Regular,12,Delete,Deployment,false
5.748751275,Regular,16,Create,Deployment,false
5.765514088,Regular,13,Create,ConfigMap,false
5.779405304,Regular,16,Update,Deployment,false
5.795510451,Regular,15,Delete,ConfigMap,false
5.81069203,Regular,10,Delete,Deployment,false
5.8212190790000005,Regular,17,Create,Deployment,false
5.838391538,Regular,15,Create,ConfigMap,false
5.853911225,Regular,14,Update,Deployment,false
5.86845067,Regular,13,Delete,ConfigMap,false
5.882118838,Regular,22,Delete,Deployment,false
5.904573469,Regular,14,Create,Deployment,false
5.918998461,Regular,17,Create,ConfigMap,false
5.936349107,Regular,10,Update,Deployment,false
5.946418642,Regular,8,Delete,ConfigMap,false
5.955139691,Regular,8,Delete,Deployment,false
5.96394483,Regular,15,Create,Deployment,false
5.9791093889999996,Regular,20,Create,ConfigMap,false
6.000015408,Regular,25,Update,Deployment,false
5.00971391,Regular,21,Create,ConfigMap,false
5.031045244,Regular,30,Update,Deployment,false
5.061414275,Regular,26,Delete,ConfigMap,false
5.087825746,Regular,17,Delete,Deployment,false
5.105464461,Regular,32,Create,Deployment,false
5.138161373,Regular,22,Create,ConfigMap,false
5.160552941,Regular,26,Update,Deployment,false
5.186624897,Regular,9,Delete,ConfigMap,false
5.196328847,Regular,24,Delete,Deployment,false
5.220936367,Regular,10,Create,Deployment,false
5.231814774,Regular,27,Create,ConfigMap,false
5.259413806,Regular,45,Update,Deployment,false
5.304902916,Regular,36,Delete,ConfigMap,false
5.341743447,Regular,14,Delete,Deployment,false
5.3559539990000005,Regular,17,Create,Deployment,false
5.373156576,Regular,43,Create,ConfigMap,false
5.416547791,Regular,32,Update,Deployment,false
5.448788964,Regular,12,Delete,ConfigMap,false
5.461365128,Regular,13,Delete,Deployment,false
5.474526486,Regular,16,Create,Deployment,false
5.491358034,Regular,15,Create,ConfigMap,false
5.507317397,Regular,13,Update,Deployment,false
5.521034135,Regular,12,Delete,ConfigMap,false
5.533123602,Regular,13,Delete,Deployment,false
5.546430641,Regular,23,Create,Deployment,false
5.569825197,Regular,11,Create,ConfigMap,false
5.581374381,Regular,21,Update,Deployment,false
5.602784843,Regular,8,Delete,ConfigMap,false
5.61110465,Regular,6,Delete,Deployment,false
5.617564409,Regular,19,Create,Deployment,false
5.6369815370000005,Regular,11,Create,ConfigMap,false
5.648777089,Regular,13,Update,Deployment,false
5.662084234,Regular,8,Delete,ConfigMap,false
5.670351188,Regular,15,Delete,Deployment,false
5.68618535,Regular,17,Create,Deployment,false
5.703499326,Regular,12,Create,ConfigMap,false
5.716239997,Regular,19,Update,Deployment,false
5.735694927,Regular,13,Delete,ConfigMap,false
5.749637722,Regular,11,Delete,Deployment,false
5.761390441,Regular,17,Create,Deployment,false
5.77916456,Regular,15,Create,ConfigMap,false
5.794866687,Regular,16,Update,Deployment,false
5.81096559,Regular,10,Delete,ConfigMap,false
5.821847986,Regular,14,Delete,Deployment,false
5.836343138,Regular,17,Create,Deployment,false
5.853613429,Regular,18,Create,ConfigMap,false
5.872189531,Regular,16,Update,Deployment,false
5.888516553,Regular,20,Delete,ConfigMap,false
5.909014101,Regular,9,Delete,Deployment,false
5.918652724,Regular,17,Create,Deployment,false
5.936552095,Regular,15,Create,ConfigMap,false
5.952510782,Regular,19,Update,Deployment,false
5.97177633,Regular,13,Delete,ConfigMap,false
5.985187755,Regular,14,Delete,Deployment,false
5.999443224,Regular,16,Create,Deployment,false
6.015997247,Regular,10,Create,ConfigMap,false
5.020197725,Regular,20,Delete,Deployment,false
5.040568121,Regular,32,Create,Deployment,false
5.072991376,Regular,31,Create,ConfigMap,false
5.104236832,Regular,35,Update,Deployment,false
5.139560939,Regular,22,Delete,ConfigMap,false
5.162082967,Regular,11,Delete,Deployment,false
5.173953017,Regular,22,Create,Deployment,false
5.196135835,Regular,30,Create,ConfigMap,false
5.226311667,Regular,16,Update,Deployment,false
5.242672813,Regular,16,Delete,ConfigMap,false
5.259473603,Regular,44,Delete,Deployment,false
5.30445749,Regular,45,Create,Deployment,false
5.349500259,Regular,17,Create,ConfigMap,false
5.367365397,Regular,29,Update,Deployment,false
5.397206799,Regular,22,Delete,ConfigMap,false
5.419327455,Regular,23,Delete,Deployment,false
5.443256741,Regular,20,Create,Deployment,false
5.46403746,Regular,16,Create,ConfigMap,false
5.480073578,Regular,24,Update,Deployment,false
5.504111504,Regular,11,Delete,ConfigMap,false
5.516178848,Regular,8,Delete,Deployment,false
5.524700653,Regular,15,Create,Deployment,false
5.540054959,Regular,16,Create,ConfigMap,false
5.556968201,Regular,18,Update,Deployment,false
5.575299886,Regular,9,Delete,ConfigMap,false
5.585265399,Regular,10,Delete,Deployment,false
5.59601626,Regular,14,Create,Deployment,false
5.6109104819999995,Regular,10,Create,ConfigMap,false
5.621266043,Regular,16,Update,Deployment,false
5.63763383,Regular,11,Delete,ConfigMap,false
5.648809777,Regular,9,Delete,Deployment,false
5.658105709,Regular,21,Create,Deployment,false
5.679161538,Regular,18,Create,ConfigMap,false
5.697368582,Regular,14,Update,Deployment,false
5.712105678,Regular,6,Delete,ConfigMap,false
5.718822965,Regular,13,Delete,Deployment,false
5.731887656,Regular,11,Create,Deployment,false
5.743286979,Regular,15,Create,ConfigMap,false
5.758680978,Regular,18,Update,Deployment,false
5.77749952,Regular,10,Delete,ConfigMap,false
5.788111847,Regular,7,Delete,Deployment,false
5.7958494510000005,Regular,14,Create,Deployment,false
5.810312487,Regular,19,Create,ConfigMap,false
5.8293821040000005,Regular,14,Update,Deployment,false
5.843790557,Regular,10,Delete,ConfigMap,false
5.854043552,Regular,11,Delete,Deployment,false
5.865304744,Regular,16,Create,Deployment,false
5.8821279749999995,Regular,22,Create,ConfigMap,false
5.905126814,Regular,20,Update,Deployment,false
5.925418956,Regular,10,Delete,ConfigMap,false
5.935587132,Regular,13,Delete,Deployment,false
5.949307651,Regular,16,Create,Deployment,false
5.9655703209999995,Regular,14,Create,ConfigMap,false
5.980351977,Regular,19,Update,Deployment,false
6.000213374,Regular,14,Delete,ConfigMap,false
6.014810253,Regular,6,Delete,Deployment,false
6.020855955,Regular,15,Create,Deployment,false
5.030641769,Regular,42,Update,Deployment,false
5.073516271,Regular,26,Delete,ConfigMap,false
5.100054374,Regular,27,Delete,Deployment,false
5.127842432,Regular,22,Create,Deployment,false
5.149943611,Regular,29,Create,ConfigMap,false
5.179188409,Regular,17,Update,Deployment,false
5.197184151,Regular,28,Delete,ConfigMap,false
5.226129065,Regular,14,Delete,Deployment,false
5.24047868,Regular,21,Create,Deployment,false
5.2623495909999995,Regular,44,Create,ConfigMap,false
5.307300625,Regular,35,Update,Deployment,false
5.3431399299999995,Regular,7,Delete,ConfigMap,false
5.350287402,Regular,12,Delete,Deployment,false
5.362624826,Regular,43,Create,Deployment,false
5.40591727,Regular,23,Create,ConfigMap,false
5.429677833,Regular,24,Update,Deployment,false
5.453709628,Regular,9,Delete,ConfigMap,false
5.463626179,Regular,18,Delete,Deployment,false
5.481888336,Regular,12,Create,Deployment,false
5.494392534,Regular,14,Create,ConfigMap,false
5.508614984,Regular,13,Update,Deployment,false
5.522465336,Regular,11,Delete,ConfigMap,false
5.533599254,Regular,13,Delete,Deployment,false
5.546863681,Regular,21,Create,Deployment,false
5.568473037,Regular,13,Create,ConfigMap,false
5.582121811,Regular,17,Update,Deployment,false
5.599848535,Regular,10,Delete,ConfigMap,false
5.610508057,Regular,10,Delete,Deployment,false
5.621066631,Regular,14,Create,Deployment,false
5.635192433,Regular,13,Create,ConfigMap,false
5.648784912,Regular,13,Update,Deployment,false
5.6623684480000005,Regular,8,Delete,ConfigMap,false
5.671007495,Regular,15,Delete,Deployment,false
5.686053178,Regular,17,Create,Deployment,false
5.703566241,Regular,12,Create,ConfigMap,false
5.7165911529999995,Regular,18,Update,Deployment,false
5.735073087,Regular,12,Delete,ConfigMap,false
5.747896555,Regular,12,Delete,Deployment,false
5.760194342,Regular,19,Create,Deployment,false
5.779483849,Regular,15,Create,ConfigMap,false
5.795400788,Regular,12,Update,Deployment,false
5.80793845,Regular,8,Delete,ConfigMap,false
5.816586311,Regular,17,Delete,Deployment,false
5.834353116,Regular,19,Create,Deployment,false
5.854378904,Regular,17,Create,ConfigMap,false
5.872157907,Regular,25,Update,Deployment,false
5.898062267,Regular,11,Delete,ConfigMap,false
5.909744949,Regular,7,Delete,Deployment,false
5.916961592,Regular,14,Create,Deployment,false
5.931227548,Regular,13,Create,ConfigMap,false
5.945140311,Regular,13,Update,Deployment,false
5.9587893229999995,Regular,10,Delete,ConfigMap,false
5.969764585,Regular,15,Delete,Deployment,false
5.985060832,Regular,15,Create,Deployment,false
6.000217979,Regular,16,Create,ConfigMap,false
6.017072658,Regular,21,Update,Deployment,false
6.014866295,Regular,14,Update,Deployment,false
6.029070189,Regular,9,Delete,ConfigMap,false
6.039040689,Regular,6,Delete,Deployment,false
6.045159681,Regular,17,Create,Deployment,false
6.06248384,Regular,9,Create,ConfigMap,false
6.071579575,Regular,13,Update,Deployment,false
6.084855129,Regular,13,Delete,ConfigMap,false
6.098054255,Regular,20,Delete,Deployment,false
6.118098972,Regular,24,Create,Deployment,false
6.142403446,Regular,21,Create,ConfigMap,false
6.163790961,Regular,24,Update,Deployment,false
6.188365143,Regular,14,Delete,ConfigMap,false
6.202771231,Regular,12,Delete,Deployment,false
6.215021758,Regular,13,Create,Deployment,false
6.228361345,Regular,15,Create,ConfigMap,false
6.244099914,Regular,17,Update,Deployment,false
6.26203508,Regular,6,Delete,ConfigMap,false
6.268378588,Regular,6,Delete,Deployment,false
6.274765384,Regular,18,Create,Deployment,false
6.293010583,Regular,11,Create,ConfigMap,false
6.304643058,Regular,14,Update,Deployment,false
6.319163955,Regular,11,Delete,ConfigMap,false
6.330191139,Regular,11,Delete,Deployment,false
6.34133116,Regular,12,Create,Deployment,false
6.353477773,Regular,12,Create,ConfigMap,false
6.366232052,Regular,18,Update,Deployment,false
6.385017637,Regular,8,Delete,ConfigMap,false
6.393171415,Regular,9,Delete,Deployment,false
6.402654464,Regular,25,Create,Deployment,false
6.427704255,Regular,13,Create,ConfigMap,false
6.441479017,Regular,11,Update,Deployment,false
6.4532814290000005,Regular,13,Delete,ConfigMap,false
6.467185156,Regular,10,Delete,Deployment,false
6.47804387,Regular,18,Create,Deployment,false
6.496976419,Regular,10,Create,ConfigMap,false
6.507424961,Regular,19,Update,Deployment,false
6.526583144,Regular,12,Delete,ConfigMap,false
6.539319979,Regular,8,Delete,Deployment,false
6.547833886,Regular,14,Create,Deployment,false
6.5628219009999995,Regular,11,Create,ConfigMap,false
6.5741090490000005,Regular,15,Update,Deployment,false
6.589209648,Regular,10,Delete,ConfigMap,false
6.599667959,Regular,13,Delete,Deployment,false
6.612793092,Regular,14,Create,Deployment,false
6.627581558,Regular,14,Create,ConfigMap,false
6.641875856,Regular,18,Update,Deployment,false
6.660610169,Regular,10,Delete,ConfigMap,false
6.671604039,Regular,15,Delete,Deployment,false
6.686849843,Regular,17,Create,Deployment,false
6.704808817,Regular,10,Create,ConfigMap,false
6.714929846,Regular,16,Update,Deployment,false
6.731081435,Regular,11,Delete,ConfigMap,false
6.742216147,Regular,10,Delete,Deployment,false
6.753094269,Regular,18,Create,Deployment,false
6.771330382,Regular,20,Create,ConfigMap,false
6.792362127,Regular,19,Update,Deployment,false
6.811933463,Regular,10,Delete,ConfigMap,false
6.822690422,Regular,12,Delete,Deployment,false
6.835407658,Regular,10,Create,Deployment,false
6.845499968,Regular,12,Create,ConfigMap,false
6.858045769,Regular,17,Update,Deployment,false
6.875221734,Regular,10,Delete,ConfigMap,false
6.885562621,Regular,8,Delete,Deployment,false
6.8941785410000005,Regular,17,Create,Deployment,false
6.912124069,Regular,30,Create,ConfigMap,false
6.9430748829999995,Regular,41,Update,Deployment,false
6.985026829,Regular,11,Delete,ConfigMap,false
6.9961405039999995,Regular,11,Delete,Deployment,false
6.038944149,Regular,6,Delete,ConfigMap,false
6.045165145,Regular,11,Delete,Deployment,false
6.056441825,Regular,15,Create,Deployment,false
6.071937604,Regular,14,Create,ConfigMap,false
6.086247054,Regular,18,Update,Deployment,false
6.105121893,Regular,27,Delete,ConfigMap,false
6.13285442,Regular,12,Delete,Deployment,false
6.145591599,Regular,19,Create,Deployment,false
6.165520661,Regular,28,Create,ConfigMap,false
6.193969857,Regular,9,Update,Deployment,false
6.203639388,Regular,17,Delete,ConfigMap,false
6.22125525,Regular,11,Delete,Deployment,false
6.233103687,Regular,24,Create,Deployment,false
6.257586225,Regular,13,Create,ConfigMap,false
6.270700512,Regular,15,Update,Deployment,false
6.286482614,Regular,10,Delete,ConfigMap,false
6.297072601,Regular,6,Delete,Deployment,false
6.303970253,Regular,15,Create,Deployment,false
6.319935604,Regular,13,Create,ConfigMap,false
6.333064484,Regular,12,Update,Deployment,false
6.346049806,Regular,8,Delete,ConfigMap,false
6.354867587,Regular,10,Delete,Deployment,false
6.365000925,Regular,9,Create,Deployment,false
6.374935077,Regular,13,Create,ConfigMap,false
6.388387256,Regular,18,Update,Deployment,false
6.406428704,Regular,8,Delete,ConfigMap,false
6.414559583,Regular,12,Delete,Deployment,false
6.426627723,Regular,14,Create,Deployment,false
6.440944222,Regular,17,Create,ConfigMap,false
6.458498181,Regular,15,Update,Deployment,false
6.473639846,Regular,12,Delete,ConfigMap,false
6.486479471,Regular,12,Delete,Deployment,false
6.499352726,Regular,19,Create,Deployment,false
6.519013209,Regular,17,Create,ConfigMap,false
6.536864832,Regular,16,Update,Deployment,false
6.553766855,Regular,19,Delete,ConfigMap,false
6.573698702,Regular,8,Delete,Deployment,false
6.582049933,Regular,14,Create,Deployment,false
6.5967667389999995,Regular,15,Create,ConfigMap,false
6.612301642,Regular,10,Update,Deployment,false
6.622727914,Regular,8,Delete,ConfigMap,false
6.631128386,Regular,10,Delete,Deployment,false
6.641952468,Regular,27,Create,Deployment,false
6.669835191,Regular,16,Create,ConfigMap,false
6.6867081,Regular,12,Update,Deployment,false
6.698992433,Regular,14,Delete,ConfigMap,false
6.713807606,Regular,7,Delete,Deployment,false
6.721479431,Regular,17,Create,Deployment,false
6.73901665,Regular,19,Create,ConfigMap,false
6.758923803,Regular,18,Update,Deployment,false
6.778011054,Regular,7,Delete,ConfigMap,false
6.785771967,Regular,14,Delete,Deployment,false
6.800047771,Regular,18,Create,Deployment,false
6.818249799,Regular,12,Create,ConfigMap,false
6.831262739,Regular,14,Update,Deployment,false
6.845396265,Regular,12,Delete,ConfigMap,false
6.857873685,Regular,12,Delete,Deployment,false
6.870890547,Regular,17,Create,Deployment,false
6.8889146409999995,Regular,10,Create,ConfigMap,false
6.89932581,Regular,35,Update,Deployment,false
6.935141299,Regular,24,Delete,ConfigMap,false
6.959514254,Regular,35,Delete,Deployment,false
6.995508329,Regular,13,Create,Deployment,false
6.036534334,Regular,12,Create,ConfigMap,false
6.048875053,Regular,16,Update,Deployment,false
6.065198717,Regular,12,Delete,ConfigMap,false
6.077515484,Regular,9,Delete,Deployment,false
6.087273555,Regular,18,Create,Deployment,false
6.105800782,Regular,19,Create,ConfigMap,false
6.125505441,Regular,13,Update,Deployment,false
6.138819098,Regular,22,Delete,ConfigMap,false
6.161068011,Regular,18,Delete,Deployment,false
6.180016553,Regular,14,Create,Deployment,false
6.194518055,Regular,13,Create,ConfigMap,false
6.207903063,Regular,13,Update,Deployment,false
6.221257755,Regular,11,Delete,ConfigMap,false
6.232566567,Regular,12,Delete,Deployment,false
6.245147684,Regular,14,Create,Deployment,false
6.2598977,Regular,11,Create,ConfigMap,false
6.271272204,Regular,22,Update,Deployment,false
6.294086783,Regular,10,Delete,ConfigMap,false
6.304990842,Regular,13,Delete,Deployment,false
6.318234081,Regular,12,Create,Deployment,false
6.330687708,Regular,17,Create,ConfigMap,false
6.34774389,Regular,12,Update,Deployment,false
6.359836353,Regular,12,Delete,ConfigMap,false
6.372269292,Regular,16,Delete,Deployment,false
6.388518468,Regular,12,Create,Deployment,false
6.400951572,Regular,16,Create,ConfigMap,false
6.417010291,Regular,15,Update,Deployment,false
6.43247841,Regular,8,Delete,ConfigMap,false
6.441013722,Regular,6,Delete,Deployment,false
6.447872141,Regular,16,Create,Deployment,false
6.46430118,Regular,10,Create,ConfigMap,false
6.475204355,Regular,17,Update,Deployment,false
6.492647106,Regular,11,Delete,ConfigMap,false
6.504283501,Regular,7,Delete,Deployment,false
6.511630268,Regular,15,Create,Deployment,false
6.527197877,Regular,13,Create,ConfigMap,false
6.54098663,Regular,20,Update,Deployment,false
6.561253941,Regular,12,Delete,ConfigMap,false
6.573545254,Regular,9,Delete,Deployment,false
6.58327434,Regular,20,Create,Deployment,false
6.603322951,Regular,13,Create,ConfigMap,false
6.616961531,Regular,17,Update,Deployment,false
6.63423603,Regular,8,Delete,ConfigMap,false
6.64249297,Regular,27,Delete,Deployment,false
6.669530228,Regular,18,Create,Deployment,false
6.687920587,Regular,12,Create,ConfigMap,false
6.7005546129999995,Regular,15,Update,Deployment,false
6.716007556,Regular,10,Delete,ConfigMap,false
6.726223143,Regular,11,Delete,Deployment,false
6.737270284,Regular,14,Create,Deployment,false
6.751407283,Regular,18,Create,ConfigMap,false
6.770405445,Regular,20,Update,Deployment,false
6.791393632,Regular,14,Delete,ConfigMap,false
6.805636026,Regular,16,Delete,Deployment,false
6.822356738,Regular,15,Create,Deployment,false
6.837896034,Regular,14,Create,ConfigMap,false
6.85259251,Regular,14,Update,Deployment,false
6.86685926,Regular,12,Delete,ConfigMap,false
6.879768466,Regular,9,Delete,Deployment,false
6.889699635,Regular,22,Create,Deployment,false
6.912040449,Regular,30,Create,ConfigMap,false
6.943014763,Regular,43,Update,Deployment,false
6.986927008,Regular,14,Delete,ConfigMap,false
7.001368895,Regular,9,Delete,Deployment,false
6.022980458,Regular,12,Create,ConfigMap,false
6.035320758,Regular,15,Update,Deployment,false
6.050390624,Regular,10,Delete,ConfigMap,false
6.061222644,Regular,7,Delete,Deployment,false
6.069019535,Regular,13,Create,Deployment,false
6.082798174,Regular,13,Create,ConfigMap,false
6.095980465,Regular,15,Update,Deployment,false
6.111171309,Regular,20,Delete,ConfigMap,false
6.131944503,Regular,11,Delete,Deployment,false
6.14315391,Regular,22,Create,Deployment,false
6.165769661,Regular,20,Create,ConfigMap,false
6.1860712,Regular,11,Update,Deployment,false
6.197527536,Regular,10,Delete,ConfigMap,false
6.208253151,Regular,12,Delete,Deployment,false
6.220563653,Regular,12,Create,Deployment,false
6.233491725,Regular,16,Create,ConfigMap,false
6.250357096,Regular,18,Update,Deployment,false
6.268438703,Regular,6,Delete,ConfigMap,false
6.274680298,Regular,16,Delete,Deployment,false
6.291426054,Regular,16,Create,Deployment,false
6.308366341,Regular,15,Create,ConfigMap,false
6.324059901,Regular,11,Update,Deployment,false
6.336043823,Regular,10,Delete,ConfigMap,false
6.346457766,Regular,8,Delete,Deployment,false
6.354627555,Regular,13,Create,Deployment,false
6.368663898,Regular,15,Create,ConfigMap,false
6.384275556,Regular,10,Update,Deployment,false
6.394989425,Regular,8,Delete,ConfigMap,false
6.403296027,Regular,11,Delete,Deployment,false
6.415076906,Regular,19,Create,Deployment,false
6.434711635,Regular,11,Create,ConfigMap,false
6.446290334,Regular,17,Update,Deployment,false
6.4638162789999996,Regular,10,Delete,ConfigMap,false
6.473926135,Regular,13,Delete,Deployment,false
6.48765537,Regular,19,Create,Deployment,false
6.50762435,Regular,13,Create,ConfigMap,false
6.521100217,Regular,14,Update,Deployment,false
6.535718942,Regular,14,Delete,ConfigMap,false
6.549865328,Regular,11,Delete,Deployment,false
6.560915347,Regular,12,Create,Deployment,false
6.573920134,Regular,13,Create,ConfigMap,false
6.587264952,Regular,15,Update,Deployment,false
6.60323432,Regular,13,Delete,ConfigMap,false
6.616543899,Regular,6,Delete,Deployment,false
6.622761926,Regular,9,Create,Deployment,false
6.632532223,Regular,9,Create,ConfigMap,false
6.641964308,Regular,28,Update,Deployment,false
6.67001242,Regular,11,Delete,ConfigMap,false
6.681760051,Regular,8,Delete,Deployment,false
6.690512398,Regular,18,Create,Deployment,false
6.709103986,Regular,11,Create,ConfigMap,false
6.720182681,Regular,17,Update,Deployment,false
6.73728802,Regular,14,Delete,ConfigMap,false
6.75181674,Regular,17,Delete,Deployment,false
6.769803162,Regular,14,Create,Deployment,false
6.784252708,Regular,13,Create,ConfigMap,false
6.797522273,Regular,19,Update,Deployment,false
6.817193415,Regular,5,Delete,ConfigMap,false
6.822303234,Regular,8,Delete,Deployment,false
6.830991012,Regular,11,Create,Deployment,false
6.8425693899999995,Regular,15,Create,ConfigMap,false
6.858410425,Regular,16,Update,Deployment,false
6.875214291,Regular,9,Delete,ConfigMap,false
6.885319728,Regular,9,Delete,Deployment,false
6.894619496,Regular,17,Create,Deployment,false
6.91205032,Regular,31,Create,ConfigMap,false
6.943191852,Regular,43,Update,Deployment,false
6.986421689,Regular,13,Delete,ConfigMap,false
7.000071701,Regular,12,Delete,Deployment,false
6.025244027,Regular,9,Delete,ConfigMap,false
6.035177012,Regular,9,Delete,Deployment,false
6.044770129,Regular,15,Create,Deployment,false
6.060127423,Regular,11,Create,ConfigMap,false
6.071404795,Regular,13,Update,Deployment,false
6.084586014,Regular,15,Delete,ConfigMap,false
6.099967608,Regular,12,Delete,Deployment,false
6.112578709,Regular,18,Create,Deployment,false
6.131382643,Regular,23,Create,ConfigMap,false
6.155324697,Regular,24,Update,Deployment,false
6.180104837,Regular,13,Delete,ConfigMap,false
6.193468184,Regular,13,Delete,Deployment,false
6.206529928,Regular,14,Create,Deployment,false
6.220871563,Regular,11,Create,ConfigMap,false
6.232799462,Regular,16,Update,Deployment,false
6.249156084,Regular,9,Delete,ConfigMap,false
6.258392185,Regular,8,Delete,Deployment,false
6.266555112,Regular,11,Create,Deployment,false
6.278276732,Regular,14,Create,ConfigMap,false
6.293056901,Regular,17,Update,Deployment,false
6.310458145,Regular,13,Delete,ConfigMap,false
6.323899829,Regular,8,Delete,Deployment,false
6.332398268,Regular,12,Create,Deployment,false
6.344591208,Regular,10,Create,ConfigMap,false
6.354832019,Regular,12,Update,Deployment,false
6.367096112,Regular,10,Delete,ConfigMap,false
6.377807881,Regular,10,Delete,Deployment,false
6.388141111,Regular,13,Create,Deployment,false
6.40123428,Regular,12,Create,ConfigMap,false
6.413988291,Regular,13,Update,Deployment,false
6.427201643,Regular,8,Delete,ConfigMap,false
6.435350982,Regular,11,Delete,Deployment,false
6.446860385,Regular,17,Create,Deployment,false
6.464304708,Regular,13,Create,ConfigMap,false
6.477439986,Regular,22,Update,Deployment,false
6.500136361,Regular,10,Delete,ConfigMap,false
6.510568053,Regular,10,Delete,Deployment,false
6.521206983,Regular,11,Create,Deployment,false
6.532756764,Regular,12,Create,ConfigMap,false
6.545753919,Regular,17,Update,Deployment,false
6.563219002,Regular,10,Delete,ConfigMap,false
6.574177934,Regular,8,Delete,Deployment,false
6.5831049010000005,Regular,20,Create,Deployment,false
6.603258512,Regular,14,Create,ConfigMap,false
6.617560857,Regular,13,Update,Deployment,false
6.630872303,Regular,7,Delete,ConfigMap,false
6.638191098,Regular,11,Delete,Deployment,false
6.650013422,Regular,20,Create,Deployment,false
6.670517859,Regular,10,Create,ConfigMap,false
6.680606774,Regular,16,Update,Deployment,false
6.697375999,Regular,6,Delete,ConfigMap,false
6.704211222,Regular,9,Delete,Deployment,false
6.713559138,Regular,12,Create,Deployment,false
6.726431497,Regular,17,Create,ConfigMap,false
6.74351729,Regular,18,Update,Deployment,false
6.762476163,Regular,8,Delete,ConfigMap,false
6.770970518,Regular,14,Delete,Deployment,false
6.78520722,Regular,21,Create,Deployment,false
6.80627848,Regular,16,Create,ConfigMap,false
6.822665538,Regular,14,Update,Deployment,false
6.837606263,Regular,10,Delete,ConfigMap,false
6.84789605,Regular,11,Delete,Deployment,false
6.859883472,Regular,21,Create,Deployment,false
6.881138468,Regular,12,Create,ConfigMap,false
6.893965361,Regular,14,Update,Deployment,false
6.908014762,Regular,17,Delete,ConfigMap,false
6.9257052439999995,Regular,15,Delete,Deployment,false
6.941695567,Regular,46,Create,Deployment,false
6.987937025,Regular,26,Create,ConfigMap,false
6.019364602,Regular,14,Delete,Deployment,false
6.033684352,Regular,16,Create,Deployment,false
6.050305696,Regular,12,Create,ConfigMap,false
6.063001915,Regular,13,Update,Deployment,false
6.076859064,Regular,18,Delete,ConfigMap,false
6.09505727,Regular,8,Delete,Deployment,false
6.10384125,Regular,24,Create,Deployment,false
6.128343216,Regular,10,Create,ConfigMap,false
6.138549091,Regular,28,Update,Deployment,false
6.166953349,Regular,20,Delete,ConfigMap,false
6.187256832,Regular,9,Delete,Deployment,false
6.197172603,Regular,14,Create,Deployment,false
6.211880859,Regular,15,Create,ConfigMap,false
6.22749903,Regular,16,Update,Deployment,false
6.243792203,Regular,15,Delete,ConfigMap,false
6.259565459,Regular,12,Delete,Deployment,false
6.271724607,Regular,20,Create,Deployment,false
6.292266211,Regular,11,Create,ConfigMap,false
6.304129687,Regular,16,Update,Deployment,false
6.320496917,Regular,9,Delete,ConfigMap,false
6.330447739,Regular,12,Delete,Deployment,false
6.342777848,Regular,18,Create,Deployment,false
6.361497077,Regular,10,Create,ConfigMap,false
6.372205606,Regular,12,Update,Deployment,false
6.384258088,Regular,5,Delete,ConfigMap,false
6.390181776,Regular,7,Delete,Deployment,false
6.397968704,Regular,17,Create,Deployment,false
6.415836331,Regular,17,Create,ConfigMap,false
6.432952045,Regular,14,Update,Deployment,false
6.447592981,Regular,10,Delete,ConfigMap,false
6.457955147,Regular,9,Delete,Deployment,false
6.46735252,Regular,14,Create,Deployment,false
6.481880375,Regular,18,Create,ConfigMap,false
6.500465038,Regular,17,Update,Deployment,false
6.5181503450000005,Regular,13,Delete,ConfigMap,false
6.531363576,Regular,14,Delete,Deployment,false
6.545879823,Regular,16,Create,Deployment,false
6.562724715,Regular,11,Create,ConfigMap,false
6.574249589,Regular,11,Update,Deployment,false
6.585357429,Regular,9,Delete,ConfigMap,false
6.595235643,Regular,13,Delete,Deployment,false
6.609054404,Regular,13,Create,Deployment,false
6.622613951,Regular,14,Create,ConfigMap,false
6.637036016,Regular,13,Update,Deployment,false
6.650145597,Regular,20,Delete,ConfigMap,false
6.670661939,Regular,11,Delete,Deployment,false
6.68205264,Regular,15,Create,Deployment,false
6.698135173,Regular,12,Create,ConfigMap,false
6.710275977,Regular,11,Update,Deployment,false
6.721742885,Regular,5,Delete,ConfigMap,false
6.727518385,Regular,10,Delete,Deployment,false
6.73756957,Regular,12,Create,Deployment,false
6.749815107,Regular,19,Create,ConfigMap,false
6.76975263,Regular,16,Update,Deployment,false
6.786289789,Regular,7,Delete,ConfigMap,false
6.794009401,Regular,11,Delete,Deployment,false
6.805569466,Regular,17,Create,Deployment,false
6.822761239,Regular,14,Create,ConfigMap,false
6.837716186,Regular,14,Update,Deployment,false
6.851809936,Regular,9,Delete,ConfigMap,false
6.861026144,Regular,13,Delete,Deployment,false
6.874918856,Regular,14,Create,Deployment,false
6.889690286,Regular,12,Create,ConfigMap,false
6.901951945,Regular,25,Update,Deployment,false
6.9270345639999995,Regular,16,Delete,ConfigMap,false
6.943228395,Regular,12,Delete,Deployment,false
6.95542237,Regular,41,Create,Deployment,false
6.996940093,Regular,20,Create,ConfigMap,false
6.016169055,Regular,10,Create,ConfigMap,false
6.026515714,Regular,17,Update,Deployment,false
6.044109879,Regular,6,Delete,ConfigMap,false
6.051118276,Regular,11,Delete,Deployment,false
6.062493044,Regular,13,Create,Deployment,false
6.076518331,Regular,12,Create,ConfigMap,false
6.088557231,Regular,13,Update,Deployment,false
6.102321028,Regular,21,Delete,ConfigMap,false
6.124226721,Regular,12,Delete,Deployment,false
6.137187786,Regular,18,Create,Deployment,false
6.155255062,Regular,19,Create,ConfigMap,false
6.174710724,Regular,17,Update,Deployment,false
6.192545123,Regular,10,Delete,ConfigMap,false
6.203497584,Regular,11,Delete,Deployment,false
6.214769191,Regular,9,Create,Deployment,false
6.224711435,Regular,11,Create,ConfigMap,false
6.236318854,Regular,16,Update,Deployment,false
6.253288808,Regular,9,Delete,ConfigMap,false
6.262759759,Regular,8,Delete,Deployment,false
6.27125569,Regular,22,Create,Deployment,false
6.293639871,Regular,9,Create,ConfigMap,false
6.302814613,Regular,15,Update,Deployment,false
6.318423505,Regular,7,Delete,ConfigMap,false
6.326050447,Regular,8,Delete,Deployment,false
6.334115388,Regular,19,Create,Deployment,false
6.353666147,Regular,13,Create,ConfigMap,false
6.366948129,Regular,17,Update,Deployment,false
6.384207911,Regular,10,Delete,ConfigMap,false
6.394245515,Regular,12,Delete,Deployment,false
6.406289904,Regular,20,Create,Deployment,false
6.426650763,Regular,14,Create,ConfigMap,false
6.441409537,Regular,12,Update,Deployment,false
6.453621553,Regular,12,Delete,ConfigMap,false
6.466176851,Regular,8,Delete,Deployment,false
6.474871543,Regular,17,Create,Deployment,false
6.492707999,Regular,12,Create,ConfigMap,false
6.505188458,Regular,17,Update,Deployment,false
6.522426868,Regular,5,Delete,ConfigMap,false
6.52801638,Regular,17,Delete,Deployment,false
6.545901586,Regular,14,Create,Deployment,false
6.56037655,Regular,14,Create,ConfigMap,false
6.574848942,Regular,15,Update,Deployment,false
6.590808501,Regular,10,Delete,ConfigMap,false
6.601607425,Regular,8,Delete,Deployment,false
6.610314455,Regular,17,Create,Deployment,false
6.627605394,Regular,10,Create,ConfigMap,false
6.638336616,Regular,19,Update,Deployment,false
6.657367452,Regular,13,Delete,ConfigMap,false
6.671324448,Regular,15,Delete,Deployment,false
6.6867114260000005,Regular,22,Create,Deployment,false
6.709501234,Regular,11,Create,ConfigMap,false
6.720959897,Regular,14,Update,Deployment,false
6.735437175,Regular,16,Delete,ConfigMap,false
6.751801709,Regular,18,Delete,Deployment,false
6.76989369,Regular,16,Create,Deployment,false
6.786140201,Regular,15,Create,ConfigMap,false
6.80212104,Regular,20,Update,Deployment,false
6.822943071,Regular,14,Delete,ConfigMap,false
6.837277946,Regular,14,Delete,Deployment,false
6.85140593,Regular,14,Create,Deployment,false
6.865880095,Regular,16,Create,ConfigMap,false
6.882235908,Regular,10,Update,Deployment,false
6.892314853,Regular,12,Delete,ConfigMap,false
6.905012685,Regular,10,Delete,Deployment,false
6.915244177,Regular,28,Create,Deployment,false
6.943466923,Regular,42,Create,ConfigMap,false
6.986384529,Regular,17,Update,Deployment,false
7.003419579,Regular,20,Delete,ConfigMap,false
6.016059835,Regular,12,Create,Deployment,false
6.028385906,Regular,15,Create,ConfigMap,false
6.043696773,Regular,11,Update,Deployment,false
6.05567786,Regular,8,Delete,ConfigMap,false
6.063790517,Regular,12,Delete,Deployment,false
6.076435111,Regular,12,Create,Deployment,false
6.088677454,Regular,10,Create,ConfigMap,false
6.099305458,Regular,24,Update,Deployment,false
6.123879741,Regular,15,Delete,ConfigMap,false
6.139388892,Regular,25,Delete,Deployment,false
6.165282684,Regular,25,Create,Deployment,false
6.191261007,Regular,11,Create,ConfigMap,false
6.202565935,Regular,12,Update,Deployment,false
6.215046668,Regular,9,Delete,ConfigMap,false
6.22469665,Regular,8,Delete,Deployment,false
6.232788222,Regular,24,Create,Deployment,false
6.257759548,Regular,12,Create,ConfigMap,false
6.269923003,Regular,16,Update,Deployment,false
6.286338657,Regular,9,Delete,ConfigMap,false
6.29585229,Regular,7,Delete,Deployment,false
6.303663338,Regular,15,Create,Deployment,false
6.319644717,Regular,14,Create,ConfigMap,false
6.333904976,Regular,19,Update,Deployment,false
6.353256247,Regular,13,Delete,ConfigMap,false
6.3665615540000005,Regular,9,Delete,Deployment,false
6.375894546,Regular,14,Create,Deployment,false
6.390052836,Regular,9,Create,ConfigMap,false
6.399332215,Regular,15,Update,Deployment,false
6.414580891,Regular,17,Delete,ConfigMap,false
6.432468635,Regular,14,Delete,Deployment,false
6.446714328,Regular,17,Create,Deployment,false
6.464165453,Regular,12,Create,ConfigMap,false
6.477028387,Regular,19,Update,Deployment,false
6.496595669,Regular,10,Delete,ConfigMap,false
6.507184161,Regular,12,Delete,Deployment,false
6.519454577,Regular,14,Create,Deployment,false
6.533883696,Regular,13,Create,ConfigMap,false
6.547417111,Regular,18,Update,Deployment,false
6.565786854,Regular,9,Delete,ConfigMap,false
6.575309182,Regular,7,Delete,Deployment,false
6.583283189,Regular,13,Create,Deployment,false
6.597231716,Regular,16,Create,ConfigMap,false
6.613353492,Regular,13,Update,Deployment,false
6.627311851,Regular,8,Delete,ConfigMap,false
6.635413229,Regular,7,Delete,Deployment,false
6.642817741,Regular,27,Create,Deployment,false
6.670539107,Regular,16,Create,ConfigMap,false
6.686726355,Regular,17,Update,Deployment,false
6.704497457,Regular,5,Delete,ConfigMap,false
6.7103209459999995,Regular,9,Delete,Deployment,false
6.720207816,Regular,19,Create,Deployment,false
6.739370836,Regular,22,Create,ConfigMap,false
6.761991169,Regular,17,Update,Deployment,false
6.779644385,Regular,11,Delete,ConfigMap,false
6.790974747,Regular,9,Delete,Deployment,false
6.800313808,Regular,20,Create,Deployment,false
6.821076111,Regular,15,Create,ConfigMap,false
6.8369572739999995,Regular,12,Update,Deployment,false
6.849465881,Regular,14,Delete,ConfigMap,false
6.8637435490000005,Regular,11,Delete,Deployment,false
6.874947291,Regular,15,Create,Deployment,false
6.890404215,Regular,8,Create,ConfigMap,false
6.899069305,Regular,28,Update,Deployment,false
6.927816428,Regular,15,Delete,ConfigMap,false
6.943072312,Regular,12,Delete,Deployment,false
6.955333387,Regular,46,Create,Deployment,false
7.001879035,Regular,22,Create,ConfigMap,false
6.027032297,Regular,17,Update,Deployment,false
6.044780878,Regular,9,Delete,ConfigMap,false
6.054249336,Regular,14,Delete,Deployment,false
6.068715659,Regular,9,Create,Deployment,false
6.077769054,Regular,19,Create,ConfigMap,false
6.09697737,Regular,26,Update,Deployment,false
6.123934767,Regular,14,Delete,ConfigMap,false
6.138827786,Regular,26,Delete,Deployment,false
6.164898761,Regular,24,Create,Deployment,false
6.189803215,Regular,14,Create,ConfigMap,false
6.204276516,Regular,12,Update,Deployment,false
6.216612254,Regular,7,Delete,ConfigMap,false
6.224229982,Regular,8,Delete,Deployment,false
6.232841702,Regular,24,Create,Deployment,false
6.25775624,Regular,13,Create,ConfigMap,false
6.271715195,Regular,15,Update,Deployment,false
6.287119742,Regular,9,Delete,ConfigMap,false
6.297011137,Regular,10,Delete,Deployment,false
6.307207478,Regular,12,Create,Deployment,false
6.319836655,Regular,13,Create,ConfigMap,false
6.333864314,Regular,19,Update,Deployment,false
6.353558679,Regular,12,Delete,ConfigMap,false
6.366428706,Regular,14,Delete,Deployment,false
6.3804691049999995,Regular,9,Create,Deployment,false
6.39022512,Regular,11,Create,ConfigMap,false
6.4012774,Regular,11,Update,Deployment,false
6.412876699,Regular,12,Delete,ConfigMap,false
6.425481269,Regular,9,Delete,Deployment,false
6.434996175,Regular,22,Create,Deployment,false
6.457155153,Regular,12,Create,ConfigMap,false
6.469208679,Regular,12,Update,Deployment,false
6.482004882,Regular,17,Delete,ConfigMap,false
6.499826531,Regular,12,Delete,Deployment,false
6.51186813,Regular,14,Create,Deployment,false
6.526660243,Regular,20,Create,ConfigMap,false
6.546964416,Regular,16,Update,Deployment,false
6.56341231,Regular,11,Delete,ConfigMap,false
6.574856466,Regular,8,Delete,Deployment,false
6.5830586,Regular,20,Create,Deployment,false
6.60320026,Regular,11,Create,ConfigMap,false
6.614887431,Regular,12,Update,Deployment,false
6.627475721,Regular,10,Delete,ConfigMap,false
6.637841989,Regular,7,Delete,Deployment,false
6.645717576,Regular,24,Create,Deployment,false
6.669932256,Regular,17,Create,ConfigMap,false
6.687006207,Regular,22,Update,Deployment,false
6.709445741,Regular,9,Delete,ConfigMap,false
6.718924991,Regular,7,Delete,Deployment,false
6.726507711,Regular,17,Create,Deployment,false
6.744130222,Regular,17,Create,ConfigMap,false
6.761896829,Regular,18,Update,Deployment,false
6.780404509,Regular,7,Delete,ConfigMap,false
6.787583644,Regular,11,Delete,Deployment,false
6.799411128,Regular,12,Create,Deployment,false
6.811653967,Regular,11,Create,ConfigMap,false
6.822941411,Regular,15,Update,Deployment,false
6.838054678,Regular,13,Delete,ConfigMap,false
6.852023496,Regular,12,Delete,Deployment,false
6.8649189,Regular,18,Create,Deployment,false
6.883711551,Regular,8,Create,ConfigMap,false
6.8927214150000005,Regular,12,Update,Deployment,false
6.905046994,Regular,27,Delete,ConfigMap,false
6.932182545,Regular,11,Delete,Deployment,false
6.944047815,Regular,42,Create,Deployment,false
6.986641709,Regular,18,Create,ConfigMap,false
7.004971976,Regular,19,Update,Deployment,false
6.003439523,Regular,11,Delete,ConfigMap,false
6.01505513,Regular,13,Delete,Deployment,false
6.028537185,Regular,16,Create,Deployment,false
6.044906289,Regular,16,Create,ConfigMap,false
6.061525395,Regular,9,Update,Deployment,false
6.070715104,Regular,10,Delete,ConfigMap,false
6.080837351,Regular,12,Delete,Deployment,false
6.093793566,Regular,26,Create,Deployment,false
6.120620284,Regular,18,Create,ConfigMap,false
6.138822308,Regular,28,Update,Deployment,false
6.167196377,Regular,18,Delete,ConfigMap,false
6.185910423,Regular,7,Delete,Deployment,false
6.193899164,Regular,11,Create,Deployment,false
6.205341076,Regular,16,Create,ConfigMap,false
6.221701586,Regular,13,Update,Deployment,false
6.235581905,Regular,14,Delete,ConfigMap,false
6.250468476,Regular,9,Delete,Deployment,false
6.259902459,Regular,11,Create,Deployment,false
6.271407015,Regular,23,Create,ConfigMap,false
6.294563586,Regular,12,Update,Deployment,false
6.30693797,Regular,17,Delete,ConfigMap,false
6.32408548,Regular,9,Delete,Deployment,false
6.3340624309999995,Regular,18,Create,Deployment,false
6.352999815,Regular,8,Create,ConfigMap,false
6.361792419,Regular,14,Update,Deployment,false
6.376162524,Regular,10,Delete,ConfigMap,false
6.38703918,Regular,7,Delete,Deployment,false
6.394174312,Regular,15,Create,Deployment,false
6.409501002,Regular,17,Create,ConfigMap,false
6.426885693,Regular,12,Update,Deployment,false
6.439297194,Regular,10,Delete,ConfigMap,false
6.449417501,Regular,8,Delete,Deployment,false
6.457714116,Regular,17,Create,Deployment,false
6.475602803,Regular,17,Create,ConfigMap,false
6.493201342,Regular,12,Update,Deployment,false
6.506103389,Regular,7,Delete,ConfigMap,false
6.513378565,Regular,12,Delete,Deployment,false
6.5263845289999995,Regular,15,Create,Deployment,false
6.541627951,Regular,12,Create,ConfigMap,false
6.5545747500000004,Regular,15,Update,Deployment,false
6.57039187,Regular,9,Delete,ConfigMap,false
6.57961012,Regular,10,Delete,Deployment,false
6.590441284,Regular,14,Create,Deployment,false
6.605153332,Regular,11,Create,ConfigMap,false
6.616551891,Regular,10,Update,Deployment,false
6.627558621,Regular,9,Delete,ConfigMap,false
6.636698282,Regular,6,Delete,Deployment,false
6.643062545,Regular,26,Create,Deployment,false
6.6700561910000005,Regular,15,Create,ConfigMap,false
6.68547991,Regular,13,Update,Deployment,false
6.698759593,Regular,10,Delete,ConfigMap,false
6.709200349,Regular,10,Delete,Deployment,false
6.720211045,Regular,19,Create,Deployment,false
6.739479044,Regular,11,Create,ConfigMap,false
6.751310183,Regular,18,Update,Deployment,false
6.7700795419999995,Regular,10,Delete,ConfigMap,false
6.780807332,Regular,10,Delete,Deployment,false
6.791186272,Regular,13,Create,Deployment,false
6.804381311,Regular,17,Create,ConfigMap,false
6.822331854,Regular,15,Update,Deployment,false
6.837500574,Regular,8,Delete,ConfigMap,false
6.846008798,Regular,10,Delete,Deployment,false
6.856659243,Regular,18,Create,Deployment,false
6.874939551,Regular,9,Create,ConfigMap,false
6.884861351,Regular,13,Update,Deployment,false
6.89881659,Regular,13,Delete,ConfigMap,false
6.912558968,Regular,25,Delete,Deployment,false
6.937970312,Regular,50,Create,Deployment,false
6.988081642,Regular,16,Create,ConfigMap,false
7.004998636,Regular,20,Update,Deployment,false
7.013121088,Regular,11,Create,Deployment,false
7.025074298,Regular,20,Create,ConfigMap,false
7.045337449,Regular,34,Update,Deployment,false
7.07944057,Regular,14,Delete,ConfigMap,false
7.093842226,Regular,25,Delete,Deployment,false
7.119789809,Regular,23,Create,Deployment,false
7.1431084,Regular,14,Create,ConfigMap,false
7.157155685,Regular,18,Update,Deployment,false
7.175408298,Regular,15,Delete,ConfigMap,false
7.190600365,Regular,12,Delete,Deployment,false
7.202975424,Regular,18,Create,Deployment,false
7.221212288,Regular,36,Create,ConfigMap,false
7.257370776,Regular,21,Update,Deployment,false
7.278505747,Regular,22,Delete,ConfigMap,false
7.300685881,Regular,15,Delete,Deployment,false
7.31625617,Regular,23,Create,Deployment,false
7.339929836,Regular,20,Create,ConfigMap,false
7.36066237,Regular,17,Update,Deployment,false
7.378051452,Regular,11,Delete,ConfigMap,false
7.389791765,Regular,7,Delete,Deployment,false
7.397164688,Regular,22,Create,Deployment,false
7.419544499,Regular,17,Create,ConfigMap,false
7.436700402,Regular,11,Update,Deployment,false
7.448772965,Regular,7,Delete,ConfigMap,false
7.455998814,Regular,12,Delete,Deployment,false
7.468227904,Regular,23,Create,Deployment,false
7.491286822,Regular,13,Create,ConfigMap,false
7.504971805,Regular,13,Update,Deployment,false
7.518360713,Regular,7,Delete,ConfigMap,false
7.5261806369999995,Regular,12,Delete,Deployment,false
7.539175309,Regular,13,Create,Deployment,false
7.552445254,Regular,12,Create,ConfigMap,false
7.564938103,Regular,19,Update,Deployment,false
7.584583566,Regular,7,Delete,ConfigMap,false
7.592322289,Regular,6,Delete,Deployment,false
7.599271696,Regular,14,Create,Deployment,false
7.614211684,Regular,8,Create,ConfigMap,false
7.622996167,Regular,19,Update,Deployment,false
7.64234277,Regular,6,Delete,ConfigMap,false
7.648571493,Regular,10,Delete,Deployment,false
7.658978875,Regular,10,Create,Deployment,false
7.669168419,Regular,23,Create,ConfigMap,false
7.692389515,Regular,20,Update,Deployment,false
7.713308812,Regular,15,Delete,ConfigMap,false
7.728443213,Regular,11,Delete,Deployment,false
7.7403108750000005,Regular,18,Create,Deployment,false
7.759046136,Regular,19,Create,ConfigMap,false
7.778396802,Regular,14,Update,Deployment,false
7.792587446,Regular,10,Delete,ConfigMap,false
7.803339428,Regular,14,Delete,Deployment,false
7.817929747,Regular,14,Create,Deployment,false
7.832787131,Regular,14,Create,ConfigMap,false
7.84722941,Regular,9,Update,Deployment,false
7.857104845,Regular,7,Delete,ConfigMap,false
7.865108317,Regular,8,Delete,Deployment,false
7.873839129,Regular,15,Create,Deployment,false
7.889194026,Regular,13,Create,ConfigMap,false
7.90222497,Regular,24,Update,Deployment,false
7.926336893,Regular,8,Delete,ConfigMap,false
7.934674756,Regular,9,Delete,Deployment,false
7.943793008,Regular,15,Create,Deployment,false
7.959189847,Regular,13,Create,ConfigMap,false
7.972677521,Regular,14,Update,Deployment,false
7.98683327,Regular,15,Delete,ConfigMap,false
7.011205859,Regular,15,Create,Deployment,false
7.02639151,Regular,23,Create,ConfigMap,false
7.049625369,Regular,29,Update,Deployment,false
7.079364096,Regular,14,Delete,ConfigMap,false
7.093703043,Regular,35,Delete,Deployment,false
7.129313232,Regular,15,Create,Deployment,false
7.144694311,Regular,21,Create,ConfigMap,false
7.165943854,Regular,31,Update,Deployment,false
7.197281523,Regular,40,Delete,ConfigMap,false
7.23746815,Regular,10,Delete,Deployment,false
7.247539785,Regular,19,Create,Deployment,false
7.2668962,Regular,30,Create,ConfigMap,false
7.297828598,Regular,21,Update,Deployment,false
7.319508756,Regular,21,Delete,ConfigMap,false
7.341533534,Regular,21,Delete,Deployment,false
7.36296513,Regular,14,Create,Deployment,false
7.377992601,Regular,18,Create,ConfigMap,false
7.396153851,Regular,16,Update,Deployment,false
7.412506315,Regular,8,Delete,ConfigMap,false
7.421112559,Regular,9,Delete,Deployment,false
7.430930621,Regular,16,Create,Deployment,false
7.447041537,Regular,13,Create,ConfigMap,false
7.460409896,Regular,9,Update,Deployment,false
7.470201113,Regular,7,Delete,ConfigMap,false
7.477271066,Regular,17,Delete,Deployment,false
7.495278925,Regular,17,Create,Deployment,false
7.512713746,Regular,12,Create,ConfigMap,false
7.525723388,Regular,17,Update,Deployment,false
7.543273867,Regular,14,Delete,ConfigMap,false
7.557459591,Regular,8,Delete,Deployment,false
7.566192966,Regular,18,Create,Deployment,false
7.5850052770000005,Regular,11,Create,ConfigMap,false
7.596261256,Regular,16,Update,Deployment,false
7.6124507999999995,Regular,7,Delete,ConfigMap,false
7.620360838,Regular,11,Delete,Deployment,false
7.631826822,Regular,15,Create,Deployment,false
7.647265513,Regular,12,Create,ConfigMap,false
7.660093237,Regular,15,Update,Deployment,false
7.675247951,Regular,12,Delete,ConfigMap,false
7.687805708,Regular,9,Delete,Deployment,false
7.697601399,Regular,20,Create,Deployment,false
7.718260964,Regular,16,Create,ConfigMap,false
7.734330677,Regular,24,Update,Deployment,false
7.759034496,Regular,10,Delete,ConfigMap,false
7.770036438,Regular,13,Delete,Deployment,false
7.783805805,Regular,19,Create,Deployment,false
7.802939536,Regular,13,Create,ConfigMap,false
7.816351563,Regular,13,Update,Deployment,false
7.830132907,Regular,9,Delete,ConfigMap,false
7.839896294,Regular,7,Delete,Deployment,false
7.847753826,Regular,12,Create,Deployment,false
7.8603471769999995,Regular,10,Create,ConfigMap,false
7.871183995,Regular,13,Update,Deployment,false
7.884529588,Regular,7,Delete,ConfigMap,false
7.891769675,Regular,10,Delete,Deployment,false
7.902603905,Regular,18,Create,Deployment,false
7.921418014,Regular,16,Create,ConfigMap,false
7.937875991,Regular,21,Update,Deployment,false
7.959438087,Regular,13,Delete,ConfigMap,false
7.973258078,Regular,15,Delete,Deployment,false
7.988548765,Regular,14,Create,Deployment,false
7.026062735,Regular,17,Delete,ConfigMap,false
7.043479652,Regular,16,Delete,Deployment,false
7.060226665,Regular,25,Create,Deployment,false
7.086044734,Regular,13,Create,ConfigMap,false
7.099866743,Regular,29,Update,Deployment,false
7.129398412,Regular,13,Delete,ConfigMap,false
7.142557011,Regular,12,Delete,Deployment,false
7.154644665,Regular,33,Create,Deployment,false
7.188572708,Regular,20,Create,ConfigMap,false
7.209341088,Regular,27,Update,Deployment,false
7.236404107,Regular,12,Delete,ConfigMap,false
7.248459309,Regular,15,Delete,Deployment,false
7.264060573,Regular,43,Create,Deployment,false
7.307542322,Regular,33,Create,ConfigMap,false
7.341175104,Regular,19,Update,Deployment,false
7.360502167,Regular,10,Delete,ConfigMap,false
7.371590429,Regular,11,Delete,Deployment,false
7.383586009,Regular,12,Create,Deployment,false
7.39567412,Regular,17,Create,ConfigMap,false
7.413504862,Regular,17,Update,Deployment,false
7.431370214,Regular,8,Delete,ConfigMap,false
7.43975875,Regular,14,Delete,Deployment,false
7.454461928,Regular,14,Create,Deployment,false
7.468880461,Regular,17,Create,ConfigMap,false
7.486066543,Regular,19,Update,Deployment,false
7.505554541,Regular,9,Delete,ConfigMap,false
7.514762289,Regular,10,Delete,Deployment,false
7.525743649,Regular,13,Create,Deployment,false
7.539440707,Regular,18,Create,ConfigMap,false
7.557773023,Regular,17,Update,Deployment,false
7.575459277,Regular,10,Delete,ConfigMap,false
7.585825741,Regular,8,Delete,Deployment,false
7.594087899,Regular,15,Create,Deployment,false
7.609992278,Regular,9,Create,ConfigMap,false
7.619347122,Regular,12,Update,Deployment,false
7.632039903,Regular,14,Delete,ConfigMap,false
7.646486056,Regular,11,Delete,Deployment,false
7.657551225,Regular,9,Create,Deployment,false
7.667045784,Regular,17,Create,ConfigMap,false
7.684643875,Regular,16,Update,Deployment,false
7.700702247,Regular,15,Delete,ConfigMap,false
7.715950918,Regular,13,Delete,Deployment,false
7.7295405,Regular,17,Create,Deployment,false
7.747316867,Regular,17,Create,ConfigMap,false
7.764340175,Regular,17,Update,Deployment,false
7.782357017,Regular,8,Delete,ConfigMap,false
7.791012544,Regular,7,Delete,Deployment,false
7.798474047,Regular,17,Create,Deployment,false
7.816472368,Regular,14,Create,ConfigMap,false
7.831420582,Regular,14,Update,Deployment,false
7.846222586,Regular,9,Delete,ConfigMap,false
7.855782088,Regular,8,Delete,Deployment,false
7.864343968,Regular,11,Create,Deployment,false
7.876280184,Regular,12,Create,ConfigMap,false
7.888713116,Regular,20,Update,Deployment,false
7.908796565,Regular,15,Delete,ConfigMap,false
7.9244222319999995,Regular,12,Delete,Deployment,false
7.937199079,Regular,20,Create,Deployment,false
7.957807351,Regular,16,Create,ConfigMap,false
7.974464021,Regular,22,Update,Deployment,false
7.997320884,Regular,10,Delete,ConfigMap,false
7.017097388,Regular,28,Update,Deployment,false
7.046070789,Regular,28,Delete,ConfigMap,false
7.074779552,Regular,18,Delete,Deployment,false
7.093180866,Regular,13,Create,Deployment,false
7.106930358,Regular,21,Create,ConfigMap,false
7.128721989,Regular,14,Update,Deployment,false
7.143437118,Regular,11,Delete,ConfigMap,false
7.154537882,Regular,19,Delete,Deployment,false
7.17413581,Regular,24,Create,Deployment,false
7.19887594,Regular,37,Create,ConfigMap,false
7.236027378,Regular,13,Update,Deployment,false
7.249616454,Regular,15,Delete,ConfigMap,false
7.265262263,Regular,12,Delete,Deployment,false
7.277367004,Regular,31,Create,Deployment,false
7.309131942,Regular,21,Create,ConfigMap,false
7.331070712,Regular,22,Update,Deployment,false
7.353186381,Regular,14,Delete,ConfigMap,false
7.36817625,Regular,9,Delete,Deployment,false
7.377338149,Regular,11,Create,Deployment,false
7.388788184,Regular,22,Create,ConfigMap,false
7.410837835,Regular,14,Update,Deployment,false
7.425636866,Regular,5,Delete,ConfigMap,false
7.431141058,Regular,9,Delete,Deployment,false
7.4402275620000005,Regular,15,Create,Deployment,false
7.455511001,Regular,13,Create,ConfigMap,false
7.469142059,Regular,20,Update,Deployment,false
7.489342435,Regular,13,Delete,ConfigMap,false
7.502522029,Regular,13,Delete,Deployment,false
7.516088104,Regular,15,Create,Deployment,false
7.531191189,Regular,13,Create,ConfigMap,false
7.544639402,Regular,15,Update,Deployment,false
7.559912675,Regular,6,Delete,ConfigMap,false
7.566229535,Regular,9,Delete,Deployment,false
7.575414213,Regular,11,Create,Deployment,false
7.586761564,Regular,10,Create,ConfigMap,false
7.597152868,Regular,15,Update,Deployment,false
7.612554418,Regular,5,Delete,ConfigMap,false
7.618245327,Regular,7,Delete,Deployment,false
7.625414762,Regular,19,Create,Deployment,false
7.645391173,Regular,15,Create,ConfigMap,false
7.660966925,Regular,14,Update,Deployment,false
7.675370208,Regular,12,Delete,ConfigMap,false
7.6881459979999995,Regular,9,Delete,Deployment,false
7.6974253390000005,Regular,12,Create,Deployment,false
7.709876854,Regular,22,Create,ConfigMap,false
7.732138548,Regular,16,Update,Deployment,false
7.748938296,Regular,15,Delete,ConfigMap,false
7.7640181550000005,Regular,7,Delete,Deployment,false
7.771623638,Regular,12,Create,Deployment,false
7.784332194,Regular,12,Create,ConfigMap,false
7.796481713,Regular,17,Update,Deployment,false
7.814437886,Regular,5,Delete,ConfigMap,false
7.82013736,Regular,7,Delete,Deployment,false
7.827829099,Regular,14,Create,Deployment,false
7.842120317,Regular,13,Create,ConfigMap,false
7.855232313,Regular,14,Update,Deployment,false
7.869742407,Regular,9,Delete,ConfigMap,false
7.879190673,Regular,6,Delete,Deployment,false
7.885804808,Regular,11,Create,Deployment,false
7.896969874,Regular,27,Create,ConfigMap,false
7.924446666,Regular,13,Update,Deployment,false
7.938154745,Regular,10,Delete,ConfigMap,false
7.948388532,Regular,17,Delete,Deployment,false
7.9655544339999995,Regular,9,Create,Deployment,false
7.975153443,Regular,17,Create,ConfigMap,false
7.992704176,Regular,16,Update,Deployment,false
7.024541295,Regular,4,Delete,ConfigMap,false
7.02940355,Regular,23,Delete,Deployment,false
7.052442416,Regular,23,Create,Deployment,false
7.075562744,Regular,21,Create,ConfigMap,false
7.09660731,Regular,32,Update,Deployment,false
7.128993492,Regular,12,Delete,ConfigMap,false
7.141471526,Regular,9,Delete,Deployment,false
7.1510664,Regular,41,Create,Deployment,false
7.192572549,Regular,18,Create,ConfigMap,false
7.210888376,Regular,28,Update,Deployment,false
7.238941147,Regular,14,Delete,ConfigMap,false
7.253223924,Regular,6,Delete,Deployment,false
7.260014413,Regular,14,Create,Deployment,false
7.274161471,Regular,26,Create,ConfigMap,false
7.300280871,Regular,28,Update,Deployment,false
7.328764092,Regular,16,Delete,ConfigMap,false
7.344899783,Regular,21,Delete,Deployment,false
7.36666393,Regular,11,Create,Deployment,false
7.378507794,Regular,11,Create,ConfigMap,false
7.389705073,Regular,21,Update,Deployment,false
7.411245964,Regular,8,Delete,ConfigMap,false
7.419724444,Regular,10,Delete,Deployment,false
7.429886766,Regular,24,Create,Deployment,false
7.454047681,Regular,11,Create,ConfigMap,false
7.465713179,Regular,11,Update,Deployment,false
7.477599419,Regular,17,Delete,ConfigMap,false
7.495470294,Regular,17,Delete,Deployment,false
7.512767124,Regular,11,Create,Deployment,false
7.524220368,Regular,14,Create,ConfigMap,false
7.539162067,Regular,12,Update,Deployment,false
7.551867548,Regular,10,Delete,ConfigMap,false
7.56225027,Regular,8,Delete,Deployment,false
7.571122301,Regular,17,Create,Deployment,false
7.588930781,Regular,12,Create,ConfigMap,false
7.601920523,Regular,12,Update,Deployment,false
7.614087798,Regular,5,Delete,ConfigMap,false
7.620022038,Regular,20,Delete,Deployment,false
7.64040581,Regular,11,Create,Deployment,false
7.65202482,Regular,14,Create,ConfigMap,false
7.666765381,Regular,17,Update,Deployment,false
7.684434938,Regular,17,Delete,ConfigMap,false
7.70235939,Regular,10,Delete,Deployment,false
7.712981926,Regular,20,Create,Deployment,false
7.733746096,Regular,14,Create,ConfigMap,false
7.748307384,Regular,22,Update,Deployment,false
7.770655706,Regular,9,Delete,ConfigMap,false
7.7805837570000005,Regular,11,Delete,Deployment,false
7.792203572,Regular,15,Create,Deployment,false
7.808145679,Regular,13,Create,ConfigMap,false
7.821956146,Regular,19,Update,Deployment,false
7.841920178,Regular,11,Delete,ConfigMap,false
7.853314105,Regular,9,Delete,Deployment,false
7.863041437,Regular,12,Create,Deployment,false
7.875915107,Regular,12,Create,ConfigMap,false
7.888465514,Regular,22,Update,Deployment,false
7.911019587,Regular,19,Delete,ConfigMap,false
7.930984839,Regular,11,Delete,Deployment,false
7.94253284,Regular,17,Create,Deployment,false
7.9600135309999995,Regular,13,Create,ConfigMap,false
7.973466723,Regular,23,Update,Deployment,false
7.99719446,Regular,11,Delete,ConfigMap,false
7.024310473,Regular,36,Update,Deployment,false
7.060894057,Regular,16,Delete,ConfigMap,false
7.077868099,Regular,13,Delete,Deployment,false
7.091829578,Regular,12,Create,Deployment,false
7.10455789,Regular,35,Create,ConfigMap,false
7.139858432,Regular,15,Update,Deployment,false
7.15516077,Regular,19,Delete,ConfigMap,false
7.174203397,Regular,17,Delete,Deployment,false
7.192222868,Regular,18,Create,Deployment,false
7.210939765,Regular,31,Create,ConfigMap,false
7.242605489,Regular,16,Update,Deployment,false
7.258875345,Regular,11,Delete,ConfigMap,false
7.270209346,Regular,29,Delete,Deployment,false
7.299287606,Regular,30,Create,Deployment,false
7.329344717,Regular,25,Create,ConfigMap,false
7.355217543,Regular,21,Update,Deployment,false
7.376964181,Regular,11,Delete,ConfigMap,false
7.388373705,Regular,8,Delete,Deployment,false
7.397103325,Regular,20,Create,Deployment,false
7.417348774,Regular,12,Create,ConfigMap,false
7.430187883,Regular,15,Update,Deployment,false
7.446220882,Regular,9,Delete,ConfigMap,false
7.45528318,Regular,13,Delete,Deployment,false
7.468593881,Regular,22,Create,Deployment,false
7.491263138,Regular,14,Create,ConfigMap,false
7.505896088,Regular,14,Update,Deployment,false
7.520422365,Regular,7,Delete,ConfigMap,false
7.528005317,Regular,11,Delete,Deployment,false
7.539384012,Regular,20,Create,Deployment,false
7.559514451,Regular,12,Create,ConfigMap,false
7.571650562,Regular,13,Update,Deployment,false
7.584920764,Regular,7,Delete,ConfigMap,false
7.5923100439999995,Regular,8,Delete,Deployment,false
7.600986945,Regular,11,Create,Deployment,false
7.612551224,Regular,6,Create,ConfigMap,false
7.619554422,Regular,21,Update,Deployment,false
7.641212306,Regular,8,Delete,ConfigMap,false
7.650005501,Regular,7,Delete,Deployment,false
7.657099737,Regular,18,Create,Deployment,false
7.675758564,Regular,16,Create,ConfigMap,false
7.692753638,Regular,20,Update,Deployment,false
7.713576221,Regular,17,Delete,ConfigMap,false
7.7308355760000005,Regular,15,Delete,Deployment,false
7.746499984,Regular,24,Create,Deployment,false
7.770924255,Regular,13,Create,ConfigMap,false
7.784127597,Regular,18,Update,Deployment,false
7.803005853,Regular,9,Delete,ConfigMap,false
7.812989275,Regular,9,Delete,Deployment,false
7.822599326,Regular,17,Create,Deployment,false
7.840072109,Regular,12,Create,ConfigMap,false
7.852095624,Regular,12,Update,Deployment,false
7.865114275,Regular,8,Delete,ConfigMap,false
7.873197376,Regular,10,Delete,Deployment,false
7.883769368,Regular,12,Create,Deployment,false
7.896540306,Regular,27,Create,ConfigMap,false
7.92426616,Regular,15,Update,Deployment,false
7.939498093,Regular,8,Delete,ConfigMap,false
7.948218592,Regular,10,Delete,Deployment,false
7.959083459,Regular,13,Create,Deployment,false
7.972115154,Regular,11,Create,ConfigMap,false
7.98392825,Regular,19,Update,Deployment,false
8.003826716,Regular,15,Delete,ConfigMap,false
7.02364413,Regular,20,Delete,Deployment,false
7.044510989,Regular,16,Create,Deployment,false
7.061386565,Regular,35,Create,ConfigMap,false
7.097043281,Regular,16,Update,Deployment,false
7.113947412,Regular,9,Delete,ConfigMap,false
7.123650453,Regular,15,Delete,Deployment,false
7.139525283,Regular,17,Create,Deployment,false
7.156657942,Regular,26,Create,ConfigMap,false
7.183764058,Regular,19,Update,Deployment,false
7.203359779,Regular,34,Delete,ConfigMap,false
7.237593662,Regular,9,Delete,Deployment,false
7.2473203,Regular,19,Create,Deployment,false
7.26678448,Regular,31,Create,ConfigMap,false
7.298153406,Regular,23,Update,Deployment,false
7.322162949,Regular,19,Delete,ConfigMap,false
7.341374604,Regular,18,Delete,Deployment,false
7.360202959,Regular,14,Create,Deployment,false
7.375216406,Regular,14,Create,ConfigMap,false
7.389485725,Regular,21,Update,Deployment,false
7.41056161,Regular,7,Delete,ConfigMap,false
7.417701559,Regular,8,Delete,Deployment,false
7.426516429,Regular,20,Create,Deployment,false
7.446682893,Regular,19,Create,ConfigMap,false
7.465848272,Regular,11,Update,Deployment,false
7.477285452,Regular,18,Delete,ConfigMap,false
7.495628199,Regular,18,Delete,Deployment,false
7.51375409,Regular,12,Create,Deployment,false
7.526280896,Regular,12,Create,ConfigMap,false
7.539313112,Regular,18,Update,Deployment,false
7.558025098,Regular,6,Delete,ConfigMap,false
7.56464137,Regular,11,Delete,Deployment,false
7.57606739,Regular,12,Create,Deployment,false
7.58885514,Regular,9,Create,ConfigMap,false
7.598548365,Regular,13,Update,Deployment,false
7.612494535,Regular,7,Delete,ConfigMap,false
7.620032918,Regular,21,Delete,Deployment,false
7.641623518,Regular,13,Create,Deployment,false
7.654996316,Regular,12,Create,ConfigMap,false
7.667288887,Regular,17,Update,Deployment,false
7.684395563,Regular,18,Delete,ConfigMap,false
7.702948859,Regular,8,Delete,Deployment,false
7.711415412,Regular,29,Create,Deployment,false
7.740496364,Regular,16,Create,ConfigMap,false
7.75717547,Regular,13,Update,Deployment,false
7.771162049,Regular,9,Delete,ConfigMap,false
7.78050276,Regular,13,Delete,Deployment,false
7.793882361,Regular,14,Create,Deployment,false
7.808280446,Regular,13,Create,ConfigMap,false
7.821855055,Regular,23,Update,Deployment,false
7.845198878,Regular,8,Delete,ConfigMap,false
7.85338301,Regular,11,Delete,Deployment,false
7.864687669,Regular,11,Create,Deployment,false
7.875993209,Regular,10,Create,ConfigMap,false
7.886940776,Regular,15,Update,Deployment,false
7.902541445,Regular,14,Delete,ConfigMap,false
7.91754408,Regular,11,Delete,Deployment,false
7.929547039,Regular,13,Create,Deployment,false
7.943092052,Regular,10,Create,ConfigMap,false
7.95346655,Regular,15,Update,Deployment,false
7.969446631,Regular,6,Delete,ConfigMap,false
7.976189746,Regular,15,Delete,Deployment,false
7.992100597,Regular,16,Create,Deployment,false
8.008902484,Regular,14,Create,ConfigMap,false
7.009586268,Regular,14,Create,ConfigMap,false
7.024287475,Regular,36,Update,Deployment,false
7.060691265,Regular,17,Delete,ConfigMap,false
7.078404304,Regular,14,Delete,Deployment,false
7.092549171,Regular,12,Create,Deployment,false
7.10474473,Regular,20,Create,ConfigMap,false
7.124987053,Regular,16,Update,Deployment,false
7.141542015,Regular,13,Delete,ConfigMap,false
7.154659895,Regular,19,Delete,Deployment,false
7.174488278,Regular,29,Create,Deployment,false
7.203716867,Regular,38,Create,ConfigMap,false
7.242423073,Regular,16,Update,Deployment,false
7.258680981,Regular,8,Delete,ConfigMap,false
7.267614271,Regular,31,Delete,Deployment,false
7.299538594,Regular,23,Create,Deployment,false
7.323364022,Regular,18,Create,ConfigMap,false
7.341807976,Regular,15,Update,Deployment,false
7.357437336,Regular,13,Delete,ConfigMap,false
7.371419959,Regular,7,Delete,Deployment,false
7.378860672,Regular,16,Create,Deployment,false
7.395668077,Regular,19,Create,ConfigMap,false
7.415184324,Regular,12,Update,Deployment,false
7.427253423,Regular,6,Delete,ConfigMap,false
7.43333273,Regular,11,Delete,Deployment,false
7.444510893,Regular,15,Create,Deployment,false
7.460518981,Regular,15,Create,ConfigMap,false
7.476353126,Regular,20,Update,Deployment,false
7.497379482,Regular,13,Delete,ConfigMap,false
7.511261886,Regular,14,Delete,Deployment,false
7.525513945,Regular,14,Create,Deployment,false
7.539606872,Regular,18,Create,ConfigMap,false
7.558444318,Regular,15,Update,Deployment,false
7.57391904,Regular,10,Delete,ConfigMap,false
7.584546249,Regular,7,Delete,Deployment,false
7.592070169,Regular,13,Create,Deployment,false
7.605097092,Regular,11,Create,ConfigMap,false
7.616801072,Regular,14,Update,Deployment,false
7.631338834,Regular,14,Delete,ConfigMap,false
7.646203461,Regular,10,Delete,Deployment,false
7.657096925,Regular,13,Create,Deployment,false
7.670855652,Regular,21,Create,ConfigMap,false
7.692431623,Regular,17,Update,Deployment,false
7.709570039,Regular,18,Delete,ConfigMap,false
7.728148197,Regular,13,Delete,Deployment,false
7.742073595,Regular,16,Create,Deployment,false
7.758596431,Regular,19,Create,ConfigMap,false
7.77818857,Regular,15,Update,Deployment,false
7.793905672,Regular,12,Delete,ConfigMap,false
7.805994811,Regular,12,Delete,Deployment,false
7.818988946,Regular,12,Create,Deployment,false
7.831987454,Regular,13,Create,ConfigMap,false
7.845097041,Regular,11,Update,Deployment,false
7.856771597,Regular,8,Delete,ConfigMap,false
7.864870363,Regular,10,Delete,Deployment,false
7.875611052,Regular,13,Create,Deployment,false
7.888769371,Regular,13,Create,ConfigMap,false
7.902389907,Regular,17,Update,Deployment,false
7.92038942,Regular,10,Delete,ConfigMap,false
7.930655393,Regular,10,Delete,Deployment,false
7.941115336,Regular,10,Create,Deployment,false
7.952080667,Regular,17,Create,ConfigMap,false
7.969605798,Regular,12,Update,Deployment,false
7.982172022,Regular,14,Delete,ConfigMap,false
7.996909255,Regular,11,Delete,Deployment,false
8.008645801,Regular,14,Create,Deployment,false
7.014198978,Regular,31,Update,Deployment,false
7.046044546,Regular,20,Delete,ConfigMap,false
7.066982305,Regular,16,Delete,Deployment,false
7.083256104,Regular,22,Create,Deployment,false
7.106039805,Regular,22,Create,ConfigMap,false
7.128215529,Regular,14,Update,Deployment,false
7.142998231,Regular,11,Delete,ConfigMap,false
7.154831219,Regular,19,Delete,Deployment,false
7.174360498,Regular,24,Create,Deployment,false
7.198852275,Regular,38,Create,ConfigMap,false
7.23757857,Regular,21,Update,Deployment,false
7.258911605,Regular,12,Delete,ConfigMap,false
7.271168,Regular,27,Delete,Deployment,false
7.298949517,Regular,30,Create,Deployment,false
7.329270257,Regular,15,Create,ConfigMap,false
7.34498306,Regular,23,Update,Deployment,false
7.368675462,Regular,7,Delete,ConfigMap,false
7.376539472,Regular,11,Delete,Deployment,false
7.388362205,Regular,14,Create,Deployment,false
7.403191464,Regular,9,Create,ConfigMap,false
7.412554944,Regular,14,Update,Deployment,false
7.426666298,Regular,10,Delete,ConfigMap,false
7.437492615,Regular,10,Delete,Deployment,false
7.448315157,Regular,11,Create,Deployment,false
7.459392627,Regular,13,Create,ConfigMap,false
7.472925131,Regular,22,Update,Deployment,false
7.495463579,Regular,9,Delete,ConfigMap,false
7.505318498,Regular,13,Delete,Deployment,false
7.518679521,Regular,11,Create,Deployment,false
7.529722477,Regular,12,Create,ConfigMap,false
7.542208562,Regular,10,Update,Deployment,false
7.553035011,Regular,11,Delete,ConfigMap,false
7.564217383,Regular,11,Delete,Deployment,false
7.575752314,Regular,13,Create,Deployment,false
7.589214653,Regular,12,Create,ConfigMap,false
7.6022242129999995,Regular,9,Update,Deployment,false
7.611966218,Regular,8,Delete,ConfigMap,false
7.62012113,Regular,25,Delete,Deployment,false
7.645347642,Regular,14,Create,Deployment,false
7.659554277,Regular,17,Create,ConfigMap,false
7.676761904,Regular,14,Update,Deployment,false
7.691076123,Regular,17,Delete,ConfigMap,false
7.708225737,Regular,16,Delete,Deployment,false
7.725036641,Regular,20,Create,Deployment,false
7.745263916,Regular,18,Create,ConfigMap,false
7.763698269,Regular,15,Update,Deployment,false
7.779285625,Regular,10,Delete,ConfigMap,false
7.789477,Regular,4,Delete,Deployment,false
7.794001837,Regular,14,Create,Deployment,false
7.808420848,Regular,13,Create,ConfigMap,false
7.821693855,Regular,18,Update,Deployment,false
7.8402767650000005,Regular,13,Delete,ConfigMap,false
7.853317044,Regular,8,Delete,Deployment,false
7.861635789,Regular,9,Create,Deployment,false
7.871385747,Regular,13,Create,ConfigMap,false
7.8846287539999995,Regular,19,Update,Deployment,false
7.903929647,Regular,20,Delete,ConfigMap,false
7.924422261,Regular,12,Delete,Deployment,false
7.937331671,Regular,14,Create,Deployment,false
7.951801884,Regular,17,Create,ConfigMap,false
7.969052606,Regular,12,Update,Deployment,false
7.981866556,Regular,14,Delete,ConfigMap,false
7.9964917920000005,Regular,8,Delete,Deployment,false
8.004570632,Regular,19,Create,Deployment,false
7.007635408,Regular,17,Create,Deployment,false
7.024963758,Regular,19,Create,ConfigMap,false
7.044908337,Regular,28,Update,Deployment,false
7.073603084,Regular,16,Delete,ConfigMap,false
7.090273511,Regular,14,Delete,Deployment,false
7.105152588,Regular,36,Create,Deployment,false
7.141463009,Regular,14,Create,ConfigMap,false
7.156152899,Regular,36,Update,Deployment,false
7.193040572,Regular,11,Delete,ConfigMap,false
7.204467355,Regular,15,Delete,Deployment,false
7.220464182,Regular,25,Create,Deployment,false
7.246207034,Regular,19,Create,ConfigMap,false
7.265338903,Regular,15,Update,Deployment,false
7.280942744,Regular,24,Delete,ConfigMap,false
7.3055053260000005,Regular,23,Delete,Deployment,false
7.329289784,Regular,19,Create,Deployment,false
7.34884264,Regular,21,Create,ConfigMap,false
7.370665265,Regular,11,Update,Deployment,false
7.382322413,Regular,8,Delete,ConfigMap,false
7.391072471,Regular,6,Delete,Deployment,false
7.397161823,Regular,22,Create,Deployment,false
7.419219134,Regular,12,Create,ConfigMap,false
7.431762766,Regular,17,Update,Deployment,false
7.448818962,Regular,8,Delete,ConfigMap,false
7.457822357,Regular,10,Delete,Deployment,false
7.468210351,Regular,16,Create,Deployment,false
7.48466766,Regular,14,Create,ConfigMap,false
7.499455899,Regular,13,Update,Deployment,false
7.513317324,Regular,13,Delete,ConfigMap,false
7.526547983,Regular,12,Delete,Deployment,false
7.539549015,Regular,20,Create,Deployment,false
7.560212794,Regular,11,Create,ConfigMap,false
7.5717605070000005,Regular,13,Update,Deployment,false
7.5849903,Regular,11,Delete,ConfigMap,false
7.596258245,Regular,10,Delete,Deployment,false
7.606589572,Regular,13,Create,Deployment,false
7.619805219,Regular,20,Create,ConfigMap,false
7.640601001,Regular,14,Update,Deployment,false
7.654690933,Regular,10,Delete,ConfigMap,false
7.66512154,Regular,10,Delete,Deployment,false
7.676037219,Regular,16,Create,Deployment,false
7.692699767,Regular,17,Create,ConfigMap,false
7.709956754,Regular,24,Update,Deployment,false
7.734146591,Regular,16,Delete,ConfigMap,false
7.750514427,Regular,12,Delete,Deployment,false
7.763400103,Regular,13,Create,Deployment,false
7.776862745,Regular,15,Create,ConfigMap,false
7.792165887,Regular,22,Update,Deployment,false
7.814572158,Regular,6,Delete,ConfigMap,false
7.821462455,Regular,15,Delete,Deployment,false
7.837060414,Regular,11,Create,Deployment,false
7.848694073,Regular,13,Create,ConfigMap,false
7.8619892799999995,Regular,12,Update,Deployment,false
7.874597379,Regular,6,Delete,ConfigMap,false
7.881192642,Regular,6,Delete,Deployment,false
7.887628496,Regular,17,Create,Deployment,false
7.904711967,Regular,26,Create,ConfigMap,false
7.931682773,Regular,17,Update,Deployment,false
7.949101303,Regular,8,Delete,ConfigMap,false
7.957804119,Regular,11,Delete,Deployment,false
7.968844186,Regular,15,Create,Deployment,false
7.98454733,Regular,17,Create,ConfigMap,false
8.002257864,Regular,19,Update,Deployment,false
8.021490255,Regular,15,Delete,ConfigMap,false
8.019087328,Regular,12,Delete,Deployment,false
8.031351998,Regular,16,Create,Deployment,false
8.047690714,Regular,20,Create,ConfigMap,false
8.068207971,Regular,17,Update,Deployment,false
8.085777571,Regular,7,Delete,ConfigMap,false
8.093293571,Regular,9,Delete,Deployment,false
8.103137315,Regular,14,Create,Deployment,false
8.11724658,Regular,13,Create,ConfigMap,false
8.131048687,Regular,17,Update,Deployment,false
8.148753083,Regular,13,Delete,ConfigMap,false
8.162779639,Regular,10,Delete,Deployment,false
8.173423219,Regular,16,Create,Deployment,false
8.189708401,Regular,16,Create,ConfigMap,false
8.206573617,Regular,24,Update,Deployment,false
8.230850675,Regular,9,Delete,ConfigMap,false
8.240331075,Regular,12,Delete,Deployment,false
8.253265274,Regular,11,Create,Deployment,false
8.264717881,Regular,18,Create,ConfigMap,false
8.282941387,Regular,11,Update,Deployment,false
8.294269879,Regular,7,Delete,ConfigMap,false
8.301571706,Regular,12,Delete,Deployment,false
8.31447655,Regular,15,Create,Deployment,false
8.330475309,Regular,16,Create,ConfigMap,false
8.346681016,Regular,10,Update,Deployment,false
8.357534071,Regular,13,Delete,ConfigMap,false
8.371411873,Regular,13,Delete,Deployment,false
8.384593192,Regular,12,Create,Deployment,false
8.396755545,Regular,15,Create,ConfigMap,false
8.411827051,Regular,18,Update,Deployment,false
8.430559254,Regular,14,Delete,ConfigMap,false
8.44524877,Regular,11,Delete,Deployment,false
8.457117568,Regular,15,Create,Deployment,false
8.472861013,Regular,12,Create,ConfigMap,false
8.485526235,Regular,21,Update,Deployment,false
8.507315145,Regular,16,Delete,ConfigMap,false
8.523576338,Regular,6,Delete,Deployment,false
8.530192905,Regular,18,Create,Deployment,false
8.548514127,Regular,10,Create,ConfigMap,false
8.559198051,Regular,15,Update,Deployment,false
8.575153858,Regular,6,Delete,ConfigMap,false
8.581703547,Regular,6,Delete,Deployment,false
8.588021077,Regular,17,Create,Deployment,false
8.605195653,Regular,10,Create,ConfigMap,false
8.615643218,Regular,19,Update,Deployment,false
8.635114623,Regular,13,Delete,ConfigMap,false
8.64872347,Regular,11,Delete,Deployment,false
8.659768722,Regular,16,Create,Deployment,false
8.676204105,Regular,18,Create,ConfigMap,false
8.694717008,Regular,18,Update,Deployment,false
8.712928319,Regular,17,Delete,ConfigMap,false
8.730389253,Regular,9,Delete,Deployment,false
8.739603503,Regular,27,Create,Deployment,false
8.767286719,Regular,27,Create,ConfigMap,false
8.795188282,Regular,40,Update,Deployment,false
8.835793842,Regular,15,Delete,ConfigMap,false
8.851774794,Regular,21,Delete,Deployment,false
8.872837255,Regular,27,Create,Deployment,false
8.900516226,Regular,53,Create,ConfigMap,false
8.954401192,Regular,27,Update,Deployment,false
8.982188866,Regular,22,Delete,ConfigMap,false
8.023546808,Regular,12,Create,ConfigMap,false
8.036354742,Regular,18,Update,Deployment,false
8.054757346,Regular,12,Delete,ConfigMap,false
8.067515425,Regular,7,Delete,Deployment,false
8.075446087,Regular,23,Create,Deployment,false
8.098711255,Regular,13,Create,ConfigMap,false
8.112704522,Regular,13,Update,Deployment,false
8.126753404,Regular,8,Delete,ConfigMap,false
8.135069812,Regular,8,Delete,Deployment,false
8.143321151,Regular,20,Create,Deployment,false
8.163659827,Regular,9,Create,ConfigMap,false
8.173351291,Regular,16,Update,Deployment,false
8.189904524,Regular,16,Delete,ConfigMap,false
8.20596889,Regular,16,Delete,Deployment,false
8.222939351,Regular,19,Create,Deployment,false
8.242899834,Regular,19,Create,ConfigMap,false
8.262148069,Regular,21,Update,Deployment,false
8.28370128,Regular,13,Delete,ConfigMap,false
8.297566327,Regular,11,Delete,Deployment,false
8.309199137,Regular,12,Create,Deployment,false
8.322039096,Regular,11,Create,ConfigMap,false
8.333746009,Regular,11,Update,Deployment,false
8.345358521,Regular,8,Delete,ConfigMap,false
8.354095854,Regular,12,Delete,Deployment,false
8.36634207,Regular,14,Create,Deployment,false
8.380414326,Regular,14,Create,ConfigMap,false
8.394865708,Regular,12,Update,Deployment,false
8.407266295,Regular,16,Delete,ConfigMap,false
8.423946939,Regular,12,Delete,Deployment,false
8.436413463,Regular,16,Create,Deployment,false
8.453059942,Regular,13,Create,ConfigMap,false
8.466440444,Regular,20,Update,Deployment,false
8.486607568,Regular,20,Delete,ConfigMap,false
8.506702319,Regular,10,Delete,Deployment,false
8.517664241,Regular,16,Create,Deployment,false
8.534504265,Regular,21,Create,ConfigMap,false
8.556312274,Regular,20,Update,Deployment,false
8.576461542,Regular,8,Delete,ConfigMap,false
8.584635662,Regular,10,Delete,Deployment,false
8.594653744,Regular,14,Create,Deployment,false
8.609016079,Regular,11,Create,ConfigMap,false
8.620080395,Regular,15,Update,Deployment,false
8.636071457,Regular,18,Delete,ConfigMap,false
8.654211151,Regular,8,Delete,Deployment,false
8.662601409,Regular,17,Create,Deployment,false
8.680518475,Regular,22,Create,ConfigMap,false
8.702816659,Regular,20,Update,Deployment,false
8.722981106,Regular,12,Delete,ConfigMap,false
8.735541005,Regular,6,Delete,Deployment,false
8.74245944,Regular,26,Create,Deployment,false
8.768780511,Regular,26,Create,ConfigMap,false
8.795658185,Regular,39,Update,Deployment,false
8.835500945,Regular,16,Delete,ConfigMap,false
8.852463029,Regular,12,Delete,Deployment,false
8.86500801,Regular,21,Create,Deployment,false
8.887009419,Regular,21,Create,ConfigMap,false
8.90848871,Regular,35,Update,Deployment,false
8.943544045,Regular,18,Delete,ConfigMap,false
8.961756624,Regular,11,Delete,Deployment,false
8.973365317,Regular,34,Create,Deployment,false
8.023762494,Regular,17,Create,ConfigMap,false
8.04157225,Regular,18,Update,Deployment,false
8.060319476,Regular,11,Delete,ConfigMap,false
8.072157472,Regular,10,Delete,Deployment,false
8.082434516,Regular,14,Create,Deployment,false
8.096550123,Regular,14,Create,ConfigMap,false
8.111429602,Regular,15,Update,Deployment,false
8.126789609,Regular,8,Delete,ConfigMap,false
8.135528782,Regular,6,Delete,Deployment,false
8.141824739,Regular,13,Create,Deployment,false
8.15580552,Regular,17,Create,ConfigMap,false
8.173439971,Regular,17,Update,Deployment,false
8.191151758,Regular,14,Delete,ConfigMap,false
8.206028403,Regular,16,Delete,Deployment,false
8.223022168,Regular,19,Create,Deployment,false
8.242450774,Regular,19,Create,ConfigMap,false
8.262366753,Regular,22,Update,Deployment,false
8.284803947,Regular,13,Delete,ConfigMap,false
8.298186422,Regular,8,Delete,Deployment,false
8.306491591,Regular,15,Create,Deployment,false
8.32213411,Regular,15,Create,ConfigMap,false
8.337744389,Regular,12,Update,Deployment,false
8.350519748,Regular,9,Delete,ConfigMap,false
8.360297023,Regular,11,Delete,Deployment,false
8.371523579,Regular,15,Create,Deployment,false
8.387190906,Regular,8,Create,ConfigMap,false
8.395701381,Regular,23,Update,Deployment,false
8.419041802,Regular,11,Delete,ConfigMap,false
8.430568119,Regular,14,Delete,Deployment,false
8.445480042,Regular,15,Create,Deployment,false
8.460878212,Regular,11,Create,ConfigMap,false
8.472549201,Regular,12,Update,Deployment,false
8.485370831000001,Regular,21,Delete,ConfigMap,false
8.506763414,Regular,18,Delete,Deployment,false
8.524797104,Regular,19,Create,Deployment,false
8.544045829,Regular,15,Create,ConfigMap,false
8.559664659,Regular,13,Update,Deployment,false
8.573547135,Regular,6,Delete,ConfigMap,false
8.580494999999999,Regular,6,Delete,Deployment,false
8.587473477,Regular,15,Create,Deployment,false
8.603477581,Regular,11,Create,ConfigMap,false
8.61548396,Regular,20,Update,Deployment,false
8.636273562,Regular,17,Delete,ConfigMap,false
8.65386253,Regular,13,Delete,Deployment,false
8.667453,Regular,10,Create,Deployment,false
8.678243281,Regular,16,Create,ConfigMap,false
8.694885478,Regular,17,Update,Deployment,false
8.712371822,Regular,12,Delete,ConfigMap,false
8.725071205999999,Regular,7,Delete,Deployment,false
8.732508968,Regular,10,Create,Deployment,false
8.74288398,Regular,27,Create,ConfigMap,false
8.770538654,Regular,25,Update,Deployment,false
8.796557961,Regular,41,Delete,ConfigMap,false
8.838538414,Regular,12,Delete,Deployment,false
8.850658231,Regular,21,Create,Deployment,false
8.872228097,Regular,17,Create,ConfigMap,false
8.889812319,Regular,37,Update,Deployment,false
8.927566326,Regular,23,Delete,ConfigMap,false
8.951247618,Regular,17,Delete,Deployment,false
8.968581671,Regular,22,Create,Deployment,false
8.991527913,Regular,21,Create,ConfigMap,false
8.02337942,Regular,18,Update,Deployment,false
8.041794322,Regular,11,Delete,ConfigMap,false
8.052915637,Regular,14,Delete,Deployment,false
8.067289343,Regular,13,Create,Deployment,false
8.080838012,Regular,17,Create,ConfigMap,false
8.098206223,Regular,16,Update,Deployment,false
8.114517017,Regular,7,Delete,ConfigMap,false
8.121711212,Regular,7,Delete,Deployment,false
8.129702447,Regular,18,Create,Deployment,false
8.14872508,Regular,12,Create,ConfigMap,false
8.161622505,Regular,11,Update,Deployment,false
8.172873137,Regular,16,Delete,ConfigMap,false
8.18904049,Regular,13,Delete,Deployment,false
8.202546077,Regular,19,Create,Deployment,false
8.222441676,Regular,9,Create,ConfigMap,false
8.23175871,Regular,21,Update,Deployment,false
8.253392057,Regular,12,Delete,ConfigMap,false
8.265883061,Regular,20,Delete,Deployment,false
8.286079895,Regular,11,Create,Deployment,false
8.297539883,Regular,7,Create,ConfigMap,false
8.304837483,Regular,16,Update,Deployment,false
8.32133183,Regular,11,Delete,ConfigMap,false
8.332389504,Regular,6,Delete,Deployment,false
8.338966541,Regular,13,Create,Deployment,false
8.352141191,Regular,15,Create,ConfigMap,false
8.368100165,Regular,17,Update,Deployment,false
8.385397684,Regular,7,Delete,ConfigMap,false
8.393092764,Regular,5,Delete,Deployment,false
8.398464391,Regular,15,Create,Deployment,false
8.413887304,Regular,12,Create,ConfigMap,false
8.426399674,Regular,14,Update,Deployment,false
8.440678438,Regular,10,Delete,ConfigMap,false
8.45135293,Regular,14,Delete,Deployment,false
8.465951587,Regular,13,Create,Deployment,false
8.479092263,Regular,16,Create,ConfigMap,false
8.496150012,Regular,21,Update,Deployment,false
8.517651169,Regular,16,Delete,ConfigMap,false
8.534603463,Regular,9,Delete,Deployment,false
8.543981816,Regular,24,Create,Deployment,false
8.568625201,Regular,17,Create,ConfigMap,false
8.586174982,Regular,17,Update,Deployment,false
8.603408088,Regular,12,Delete,ConfigMap,false
8.616301044,Regular,11,Delete,Deployment,false
8.627532584,Regular,10,Create,Deployment,false
8.638404206,Regular,15,Create,ConfigMap,false
8.654237278,Regular,16,Update,Deployment,false
8.67123244,Regular,11,Delete,ConfigMap,false
8.682897361,Regular,19,Delete,Deployment,false
8.702484999,Regular,23,Create,Deployment,false
8.726249578000001,Regular,14,Create,ConfigMap,false
8.740684456,Regular,27,Update,Deployment,false
8.767830809,Regular,19,Delete,ConfigMap,false
8.787568508,Regular,25,Delete,Deployment,false
8.813513331,Regular,25,Create,Deployment,false
8.838586919,Regular,24,Create,ConfigMap,false
8.863642057,Regular,36,Update,Deployment,false
8.900388568,Regular,49,Delete,ConfigMap,false
8.949758957,Regular,18,Delete,Deployment,false
8.968314602,Regular,22,Create,Deployment,false
8.99130771,Regular,22,Create,ConfigMap,false
8.036803453,Regular,10,Delete,Deployment,false
8.047031686,Regular,19,Create,Deployment,false
8.066145017,Regular,9,Create,ConfigMap,false
8.075670867,Regular,18,Update,Deployment,false
8.094539954,Regular,13,Delete,ConfigMap,false
8.107853575,Regular,9,Delete,Deployment,false
8.117515048,Regular,13,Create,Deployment,false
8.13098551,Regular,13,Create,ConfigMap,false
8.14484999,Regular,18,Update,Deployment,false
8.163456799,Regular,7,Delete,ConfigMap,false
8.171055485,Regular,8,Delete,Deployment,false
8.179179881,Regular,22,Create,Deployment,false
8.202014185,Regular,23,Create,ConfigMap,false
8.225958643,Regular,14,Update,Deployment,false
8.24082609,Regular,11,Delete,ConfigMap,false
8.252330274,Regular,12,Delete,Deployment,false
8.26501265,Regular,21,Create,Deployment,false
8.286398958,Regular,10,Create,ConfigMap,false
8.297260862,Regular,13,Update,Deployment,false
8.311137906,Regular,9,Delete,ConfigMap,false
8.320326098,Regular,9,Delete,Deployment,false
8.32936382,Regular,15,Create,Deployment,false
8.344588219,Regular,10,Create,ConfigMap,false
8.355034988,Regular,17,Update,Deployment,false
8.37243447,Regular,6,Delete,ConfigMap,false
8.379300502,Regular,9,Delete,Deployment,false
8.388456349,Regular,17,Create,Deployment,false
8.405599257,Regular,18,Create,ConfigMap,false
8.423889591,Regular,13,Update,Deployment,false
8.437642891,Regular,9,Delete,ConfigMap,false
8.447135755,Regular,18,Delete,Deployment,false
8.465951678,Regular,12,Create,Deployment,false
8.478263533,Regular,18,Create,ConfigMap,false
8.496598435,Regular,20,Update,Deployment,false
8.517184341,Regular,17,Delete,ConfigMap,false
8.534754743,Regular,14,Delete,Deployment,false
8.549372619,Regular,19,Create,Deployment,false
8.568754795,Regular,14,Create,ConfigMap,false
8.583149834,Regular,12,Update,Deployment,false
8.595804001,Regular,8,Delete,ConfigMap,false
8.604622301,Regular,9,Delete,Deployment,false
8.614341951,Regular,11,Create,Deployment,false
8.626136755,Regular,22,Create,ConfigMap,false
8.648988703,Regular,11,Update,Deployment,false
8.660993945,Regular,14,Delete,ConfigMap,false
8.676084975,Regular,9,Delete,Deployment,false
8.685670119,Regular,20,Create,Deployment,false
8.706214455,Regular,12,Create,ConfigMap,false
8.718256861,Regular,15,Update,Deployment,false
8.733533691,Regular,7,Delete,ConfigMap,false
8.741233568,Regular,26,Delete,Deployment,false
8.767415591,Regular,21,Create,Deployment,false
8.78864079,Regular,38,Create,ConfigMap,false
8.82732028,Regular,19,Update,Deployment,false
8.846683194,Regular,10,Delete,ConfigMap,false
8.857526081,Regular,14,Delete,Deployment,false
8.872306823,Regular,28,Create,Deployment,false
8.900497435,Regular,44,Create,ConfigMap,false
8.94485962,Regular,18,Update,Deployment,false
8.963269559,Regular,13,Delete,ConfigMap,false
8.977217283,Regular,16,Delete,Deployment,false
8.993962408,Regular,27,Create,Deployment,false
8.009035568,Regular,13,Delete,ConfigMap,false
8.022623255,Regular,19,Delete,Deployment,false
8.041788893,Regular,13,Create,Deployment,false
8.054899601,Regular,14,Create,ConfigMap,false
8.068947791,Regular,12,Update,Deployment,false
8.081255612,Regular,11,Delete,ConfigMap,false
8.093149363,Regular,11,Delete,Deployment,false
8.104831101,Regular,12,Create,Deployment,false
8.117162762,Regular,11,Create,ConfigMap,false
8.128948674,Regular,12,Update,Deployment,false
8.141035641,Regular,11,Delete,ConfigMap,false
8.152437068,Regular,10,Delete,Deployment,false
8.162945807,Regular,18,Create,Deployment,false
8.181247913,Regular,17,Create,ConfigMap,false
8.19836014,Regular,19,Update,Deployment,false
8.218131124,Regular,11,Delete,ConfigMap,false
8.229567721,Regular,11,Delete,Deployment,false
8.240803955,Regular,12,Create,Deployment,false
8.252986609,Regular,13,Create,ConfigMap,false
8.266488716,Regular,19,Update,Deployment,false
8.285580492,Regular,13,Delete,ConfigMap,false
8.298872431,Regular,8,Delete,Deployment,false
8.307295651,Regular,14,Create,Deployment,false
8.32185959,Regular,11,Create,ConfigMap,false
8.333529357,Regular,11,Update,Deployment,false
8.344624019,Regular,8,Delete,ConfigMap,false
8.352703108,Regular,8,Delete,Deployment,false
8.3615179,Regular,12,Create,Deployment,false
8.374225897,Regular,15,Create,ConfigMap,false
8.389659021,Regular,15,Update,Deployment,false
8.4049954,Regular,19,Delete,ConfigMap,false
8.424141682,Regular,12,Delete,Deployment,false
8.436228734,Regular,17,Create,Deployment,false
8.453680682,Regular,12,Create,ConfigMap,false
8.466479449,Regular,15,Update,Deployment,false
8.481531826,Regular,14,Delete,ConfigMap,false
8.495770459,Regular,16,Delete,Deployment,false
8.512361921,Regular,16,Create,Deployment,false
8.529332168,Regular,15,Create,ConfigMap,false
8.545061444,Regular,11,Update,Deployment,false
8.556872808,Regular,11,Delete,ConfigMap,false
8.568685807,Regular,11,Delete,Deployment,false
8.58070461,Regular,8,Create,Deployment,false
8.589104559999999,Regular,14,Create,ConfigMap,false
8.603175424,Regular,12,Update,Deployment,false
8.615994271,Regular,8,Delete,ConfigMap,false
8.624312222,Regular,12,Delete,Deployment,false
8.636434291,Regular,13,Create,Deployment,false
8.649605481,Regular,12,Create,ConfigMap,false
8.662077028,Regular,17,Update,Deployment,false
8.679843271,Regular,16,Delete,ConfigMap,false
8.696064215,Regular,12,Delete,Deployment,false
8.708136737,Regular,18,Create,Deployment,false
8.726440336,Regular,15,Create,ConfigMap,false
8.742412851,Regular,26,Update,Deployment,false
8.768944571,Regular,16,Delete,ConfigMap,false
8.785518053,Regular,10,Delete,Deployment,false
8.796508481,Regular,37,Create,Deployment,false
8.833671187,Regular,18,Create,ConfigMap,false
8.852060057,Regular,28,Update,Deployment,false
8.8805879,Regular,13,Delete,ConfigMap,false
8.894089796,Regular,20,Delete,Deployment,false
8.914206122,Regular,50,Create,Deployment,false
8.964803059,Regular,23,Create,ConfigMap,false
8.98881991,Regular,17,Update,Deployment,false
9.00662502,Regular,18,Delete,ConfigMap,false
9.024988239,Regular,8,Delete,Deployment,false
8.007581408,Regular,14,Delete,Deployment,false
8.021964851,Regular,12,Create,Deployment,false
8.034251639,Regular,12,Create,ConfigMap,false
8.047174201,Regular,22,Update,Deployment,false
8.06955756,Regular,9,Delete,ConfigMap,false
8.079397816,Regular,13,Delete,Deployment,false
8.093076263,Regular,12,Create,Deployment,false
8.105468429,Regular,10,Create,ConfigMap,false
8.116095345,Regular,12,Update,Deployment,false
8.128488817,Regular,11,Delete,ConfigMap,false
8.139634529,Regular,13,Delete,Deployment,false
8.153613763,Regular,15,Create,Deployment,false
8.169495131,Regular,11,Create,ConfigMap,false
8.180562938,Regular,21,Update,Deployment,false
8.20165744,Regular,18,Delete,ConfigMap,false
8.220446202,Regular,10,Delete,Deployment,false
8.231201891,Regular,13,Create,Deployment,false
8.244405862,Regular,17,Create,ConfigMap,false
8.262252216,Regular,21,Update,Deployment,false
8.28397117,Regular,12,Delete,ConfigMap,false
8.296406239,Regular,11,Delete,Deployment,false
8.307634623,Regular,14,Create,Deployment,false
8.322280365,Regular,15,Create,ConfigMap,false
8.337356696,Regular,14,Update,Deployment,false
8.352173388,Regular,11,Delete,ConfigMap,false
8.363513383,Regular,11,Delete,Deployment,false
8.374609007,Regular,14,Create,Deployment,false
8.388868626,Regular,9,Create,ConfigMap,false
8.398094093,Regular,21,Update,Deployment,false
8.419367067,Regular,8,Delete,ConfigMap,false
8.428180739,Regular,12,Delete,Deployment,false
8.441128463,Regular,17,Create,Deployment,false
8.459135037,Regular,8,Create,ConfigMap,false
8.467886056,Regular,17,Update,Deployment,false
8.4856071,Regular,19,Delete,ConfigMap,false
8.505557182,Regular,10,Delete,Deployment,false
8.516428509,Regular,18,Create,Deployment,false
8.534497892,Regular,14,Create,ConfigMap,false
8.548966402,Regular,19,Update,Deployment,false
8.568500787,Regular,13,Delete,ConfigMap,false
8.582249014,Regular,6,Delete,Deployment,false
8.588667885,Regular,14,Create,Deployment,false
8.603119431,Regular,11,Create,ConfigMap,false
8.615066711,Regular,14,Update,Deployment,false
8.629508542,Regular,8,Delete,ConfigMap,false
8.637819317,Regular,14,Delete,Deployment,false
8.652379216,Regular,15,Create,Deployment,false
8.667818524,Regular,11,Create,ConfigMap,false
8.679517667,Regular,20,Update,Deployment,false
8.69991992,Regular,11,Delete,ConfigMap,false
8.711524687,Regular,14,Delete,Deployment,false
8.726242186,Regular,10,Create,Deployment,false
8.737267156,Regular,13,Create,ConfigMap,false
8.750890383,Regular,35,Update,Deployment,false
8.786149421,Regular,28,Delete,ConfigMap,false
8.814800543,Regular,26,Delete,Deployment,false
8.840821137,Regular,23,Create,Deployment,false
8.864710368,Regular,25,Create,ConfigMap,false
8.890099851,Regular,37,Update,Deployment,false
8.927304894,Regular,27,Delete,ConfigMap,false
8.954356964,Regular,15,Delete,Deployment,false
8.969839522000001,Regular,21,Create,Deployment,false
8.990922198,Regular,23,Create,ConfigMap,false
9.014269032,Regular,20,Update,Deployment,false
8.003455875,Regular,14,Create,ConfigMap,false
8.018381034,Regular,16,Update,Deployment,false
8.034871039,Regular,12,Delete,ConfigMap,false
8.047191746,Regular,13,Delete,Deployment,false
8.060345988,Regular,13,Create,Deployment,false
8.073789228,Regular,19,Create,ConfigMap,false
8.09283659,Regular,18,Update,Deployment,false
8.111031475,Regular,7,Delete,ConfigMap,false
8.118708108,Regular,10,Delete,Deployment,false
8.129531834,Regular,17,Create,Deployment,false
8.146573774,Regular,16,Create,ConfigMap,false
8.163014399,Regular,11,Update,Deployment,false
8.175014931,Regular,7,Delete,ConfigMap,false
8.182323646,Regular,12,Delete,Deployment,false
8.1949244,Regular,22,Create,Deployment,false
8.217569197,Regular,12,Create,ConfigMap,false
8.229595758,Regular,13,Update,Deployment,false
8.242622654,Regular,9,Delete,ConfigMap,false
8.251747074,Regular,10,Delete,Deployment,false
8.262720633,Regular,20,Create,Deployment,false
8.283198823,Regular,15,Create,ConfigMap,false
8.298654283,Regular,13,Update,Deployment,false
8.312380321,Regular,6,Delete,ConfigMap,false
8.319067648,Regular,6,Delete,Deployment,false
8.325104817,Regular,12,Create,Deployment,false
8.337970869,Regular,14,Create,ConfigMap,false
8.3520442,Regular,17,Update,Deployment,false
8.36954617,Regular,6,Delete,ConfigMap,false
8.376515714,Regular,12,Delete,Deployment,false
8.388852124,Regular,16,Create,Deployment,false
8.405412545,Regular,16,Create,ConfigMap,false
8.422397304,Regular,18,Update,Deployment,false
8.440754138,Regular,7,Delete,ConfigMap,false
8.448255230000001,Regular,17,Delete,Deployment,false
8.465577567,Regular,19,Create,Deployment,false
8.485186783,Regular,21,Create,ConfigMap,false
8.507038682,Regular,17,Update,Deployment,false
8.524365108,Regular,10,Delete,ConfigMap,false
8.535052129,Regular,13,Delete,Deployment,false
8.548910816,Regular,19,Create,Deployment,false
8.568608033,Regular,13,Create,ConfigMap,false
8.582281767,Regular,12,Update,Deployment,false
8.595218846,Regular,8,Delete,ConfigMap,false
8.603316831,Regular,7,Delete,Deployment,false
8.610834259,Regular,24,Create,Deployment,false
8.635861543,Regular,18,Create,ConfigMap,false
8.654283721,Regular,17,Update,Deployment,false
8.671448961,Regular,9,Delete,ConfigMap,false
8.680851547,Regular,20,Delete,Deployment,false
8.701197035,Regular,18,Create,Deployment,false
8.719903418,Regular,17,Create,ConfigMap,false
8.737406236,Regular,13,Update,Deployment,false
8.75061337,Regular,33,Delete,ConfigMap,false
8.784333922,Regular,10,Delete,Deployment,false
8.794536228,Regular,41,Create,Deployment,false
8.836374925,Regular,18,Create,ConfigMap,false
8.855055081,Regular,19,Update,Deployment,false
8.874513292,Regular,15,Delete,ConfigMap,false
8.889555287,Regular,23,Delete,Deployment,false
8.913013498,Regular,31,Create,Deployment,false
8.94504833,Regular,21,Create,ConfigMap,false
8.966211194,Regular,24,Update,Deployment,false
8.990667322,Regular,17,Delete,ConfigMap,false
9.008236472,Regular,17,Delete,Deployment,false
9.02577664,Regular,15,Create,Deployment,false
8.00284866,Regular,12,Delete,Deployment,false
8.015143088,Regular,14,Create,Deployment,false
8.029479183,Regular,12,Create,ConfigMap,false
8.042539086,Regular,20,Update,Deployment,false
8.063124245,Regular,10,Delete,ConfigMap,false
8.07359346,Regular,17,Delete,Deployment,false
8.090986299,Regular,16,Create,Deployment,false
8.108008446,Regular,13,Create,ConfigMap,false
8.121853829,Regular,13,Update,Deployment,false
8.135123001,Regular,9,Delete,ConfigMap,false
8.144800939,Regular,12,Delete,Deployment,false
8.15691943,Regular,13,Create,Deployment,false
8.170955729,Regular,14,Create,ConfigMap,false
8.185303764,Regular,13,Update,Deployment,false
8.199226883,Regular,21,Delete,ConfigMap,false
8.220584687,Regular,9,Delete,Deployment,false
8.230222703,Regular,23,Create,Deployment,false
8.253653746,Regular,12,Create,ConfigMap,false
8.266448144,Regular,21,Update,Deployment,false
8.287758303,Regular,10,Delete,ConfigMap,false
8.298164751,Regular,10,Delete,Deployment,false
8.308678671,Regular,11,Create,Deployment,false
8.320675321,Regular,10,Create,ConfigMap,false
8.330718182,Regular,13,Update,Deployment,false
8.344412699,Regular,11,Delete,ConfigMap,false
8.355550355,Regular,10,Delete,Deployment,false
8.366443859,Regular,13,Create,Deployment,false
8.380211906,Regular,13,Create,ConfigMap,false
8.393416336,Regular,14,Update,Deployment,false
8.408083923,Regular,16,Delete,ConfigMap,false
8.424262656,Regular,11,Delete,Deployment,false
8.435836146,Regular,14,Create,Deployment,false
8.449927928,Regular,14,Create,ConfigMap,false
8.464888054,Regular,12,Update,Deployment,false
8.477623879,Regular,19,Delete,ConfigMap,false
8.496920665,Regular,14,Delete,Deployment,false
8.511920578,Regular,17,Create,Deployment,false
8.529590288,Regular,19,Create,ConfigMap,false
8.548752069,Regular,19,Update,Deployment,false
8.568513827,Regular,13,Delete,ConfigMap,false
8.582104393,Regular,6,Delete,Deployment,false
8.588304625,Regular,15,Create,Deployment,false
8.603532856,Regular,12,Create,ConfigMap,false
8.615709848,Regular,19,Update,Deployment,false
8.635162490999999,Regular,19,Delete,ConfigMap,false
8.65434793,Regular,11,Delete,Deployment,false
8.666147988,Regular,14,Create,Deployment,false
8.680354702,Regular,21,Create,ConfigMap,false
8.701988895,Regular,24,Update,Deployment,false
8.726847064,Regular,12,Delete,ConfigMap,false
8.739263605,Regular,9,Delete,Deployment,false
8.748335715,Regular,37,Create,Deployment,false
8.786177413,Regular,28,Create,ConfigMap,false
8.815136006,Regular,23,Update,Deployment,false
8.838283779,Regular,16,Delete,ConfigMap,false
8.854612804,Regular,18,Delete,Deployment,false
8.872990743,Regular,27,Create,Deployment,false
8.900461323,Regular,54,Create,ConfigMap,false
8.954622895,Regular,17,Update,Deployment,false
8.972192942,Regular,12,Delete,ConfigMap,false
8.984270541,Regular,13,Delete,Deployment,false
8.997952653,Regular,30,Create,Deployment,false
9.028370795,Regular,15,Create,ConfigMap,false
9.044256557,Regular,19,Update,Deployment,false
8.009081035,Regular,13,Delete,Deployment,false
8.022157254,Regular,14,Create,Deployment,false
8.036724268,Regular,11,Create,ConfigMap,false
8.048243326,Regular,19,Update,Deployment,false
8.067683663,Regular,11,Delete,ConfigMap,false
8.079417215,Regular,14,Delete,Deployment,false
8.093667003,Regular,13,Create,Deployment,false
8.107347363,Regular,14,Create,ConfigMap,false
8.121693122,Regular,18,Update,Deployment,false
8.140299424,Regular,7,Delete,ConfigMap,false
8.147603243,Regular,15,Delete,Deployment,false
8.163220185,Regular,13,Create,Deployment,false
8.176775494,Regular,10,Create,ConfigMap,false
8.187346421,Regular,16,Update,Deployment,false
8.20376586,Regular,21,Delete,ConfigMap,false
8.225238499,Regular,9,Delete,Deployment,false
8.234310155,Regular,13,Create,Deployment,false
8.247790274,Regular,14,Create,ConfigMap,false
8.262633706,Regular,25,Update,Deployment,false
8.288029824,Regular,10,Delete,ConfigMap,false
8.298589199,Regular,6,Delete,Deployment,false
8.305555537,Regular,16,Create,Deployment,false
8.321919085,Regular,11,Create,ConfigMap,false
8.333678435,Regular,12,Update,Deployment,false
8.346338364,Regular,8,Delete,ConfigMap,false
8.355328855,Regular,11,Delete,Deployment,false
8.366413055,Regular,12,Create,Deployment,false
8.379293886,Regular,10,Create,ConfigMap,false
8.389838033,Regular,15,Update,Deployment,false
8.404918552,Regular,13,Delete,ConfigMap,false
8.418224762,Regular,8,Delete,Deployment,false
8.426469616,Regular,14,Create,Deployment,false
8.44054233,Regular,14,Create,ConfigMap,false
8.45554116,Regular,22,Update,Deployment,false
8.478220731,Regular,19,Delete,ConfigMap,false
8.497521267,Regular,14,Delete,Deployment,false
8.512132009,Regular,17,Create,Deployment,false
8.529522137,Regular,10,Create,ConfigMap,false
8.540522597,Regular,18,Update,Deployment,false
8.558974679,Regular,9,Delete,ConfigMap,false
8.568934895,Regular,10,Delete,Deployment,false
8.579233805,Regular,15,Create,Deployment,false
8.595041733,Regular,13,Create,ConfigMap,false
8.608426533,Regular,14,Update,Deployment,false
8.622843032,Regular,15,Delete,ConfigMap,false
8.638275982,Regular,12,Delete,Deployment,false
8.650887576,Regular,13,Create,Deployment,false
8.664653195,Regular,16,Create,ConfigMap,false
8.680935928,Regular,16,Update,Deployment,false
8.69801626,Regular,6,Delete,ConfigMap,false
8.704613138,Regular,12,Delete,Deployment,false
8.717513094,Regular,13,Create,Deployment,false
8.731010305,Regular,8,Create,ConfigMap,false
8.739914165,Regular,17,Update,Deployment,false
8.757236044,Regular,23,Delete,ConfigMap,false
8.781193122,Regular,8,Delete,Deployment,false
8.789815908,Regular,46,Create,Deployment,false
8.835905902,Regular,18,Create,ConfigMap,false
8.854239029,Regular,18,Update,Deployment,false
8.872825532,Regular,12,Delete,ConfigMap,false
8.885470704,Regular,30,Delete,Deployment,false
8.915583522,Regular,41,Create,Deployment,false
8.956632504,Regular,22,Create,ConfigMap,false
8.978722294,Regular,19,Update,Deployment,false
8.998680972,Regular,30,Delete,ConfigMap,false
9.02906322,Regular,10,Delete,Deployment,false
9.039119027,Regular,25,Create,Deployment,false
9.064981349,Regular,13,Create,ConfigMap,false
9.078723492,Regular,19,Update,Deployment,false
9.098709234,Regular,29,Delete,ConfigMap,false
9.12858016,Regular,11,Delete,Deployment,false
9.064343625,Regular,12,Delete,ConfigMap,false
9.076652728,Regular,16,Delete,Deployment,false
9.093131044,Regular,28,Create,Deployment,false
9.121213825,Regular,20,Create,ConfigMap,false
9.141980367,Regular,15,Update,Deployment,false
9.157497292,Regular,15,Delete,ConfigMap,false
9.173126242,Regular,16,Delete,Deployment,false
9.190031364,Regular,29,Create,Deployment,false
9.219892824,Regular,12,Create,ConfigMap,false
9.232371055,Regular,16,Update,Deployment,false
9.248820834,Regular,11,Delete,ConfigMap,false
9.260158309,Regular,13,Delete,Deployment,false
9.273246268,Regular,16,Create,Deployment,false
9.289694312,Regular,11,Create,ConfigMap,false
9.300822244999999,Regular,14,Update,Deployment,false
9.315157423,Regular,13,Delete,ConfigMap,false
9.329036505,Regular,12,Delete,Deployment,false
9.341629584,Regular,12,Create,Deployment,false
9.354130139,Regular,16,Create,ConfigMap,false
9.37034072,Regular,13,Update,Deployment,false
9.383384119,Regular,7,Delete,ConfigMap,false
9.391356861,Regular,8,Delete,Deployment,false
9.399423732,Regular,18,Create,Deployment,false
9.418396357,Regular,14,Create,ConfigMap,false
9.432571054,Regular,16,Update,Deployment,false
9.449505829,Regular,12,Delete,ConfigMap,false
9.461886765,Regular,8,Delete,Deployment,false
9.470008684,Regular,23,Create,Deployment,false
9.493396503,Regular,16,Create,ConfigMap,false
9.509501591,Regular,18,Update,Deployment,false
9.528031941,Regular,9,Delete,ConfigMap,false
9.537635708,Regular,12,Delete,Deployment,false
9.550231444,Regular,26,Create,Deployment,false
9.576875858,Regular,10,Create,ConfigMap,false
9.587559085,Regular,15,Update,Deployment,false
9.602830766,Regular,16,Delete,ConfigMap,false
9.619707855,Regular,13,Delete,Deployment,false
9.633616939,Regular,14,Create,Deployment,false
9.647977301,Regular,13,Create,ConfigMap,false
9.661596802,Regular,13,Update,Deployment,false
9.675179709,Regular,14,Delete,ConfigMap,false
9.689755007,Regular,11,Delete,Deployment,false
9.701487438000001,Regular,19,Create,Deployment,false
9.721255106,Regular,20,Create,ConfigMap,false
9.741613945,Regular,17,Update,Deployment,false
9.758770135,Regular,13,Delete,ConfigMap,false
9.772532319,Regular,14,Delete,Deployment,false
9.787318521,Regular,26,Create,Deployment,false
9.813822141,Regular,14,Create,ConfigMap,false
9.82848254,Regular,16,Update,Deployment,false
9.84507013,Regular,12,Delete,ConfigMap,false
9.857210917,Regular,15,Delete,Deployment,false
9.87317247,Regular,14,Create,Deployment,false
9.887477467,Regular,15,Create,ConfigMap,false
9.903041939,Regular,16,Update,Deployment,false
9.91955281,Regular,13,Delete,ConfigMap,false
9.933211906,Regular,10,Delete,Deployment,false
9.943705528,Regular,15,Create,Deployment,false
9.958857278,Regular,11,Create,ConfigMap,false
9.970015987,Regular,13,Update,Deployment,false
9.984004637,Regular,8,Delete,ConfigMap,false
9.992088293,Regular,6,Delete,Deployment,false
9.034779818,Regular,7,Delete,ConfigMap,false
9.04275263,Regular,13,Delete,Deployment,false
9.055863318,Regular,15,Create,Deployment,false
9.07161672,Regular,20,Create,ConfigMap,false
9.091898227,Regular,28,Update,Deployment,false
9.12090355,Regular,13,Delete,ConfigMap,false
9.1345182,Regular,10,Delete,Deployment,false
9.145319296,Regular,14,Create,Deployment,false
9.16023008,Regular,25,Create,ConfigMap,false
9.186116041,Regular,25,Update,Deployment,false
9.211593557,Regular,9,Delete,ConfigMap,false
9.221399516,Regular,7,Delete,Deployment,false
9.228578796,Regular,11,Create,Deployment,false
9.240328283,Regular,15,Create,ConfigMap,false
9.255858089,Regular,16,Update,Deployment,false
9.272062521,Regular,9,Delete,ConfigMap,false
9.281117719,Regular,11,Delete,Deployment,false
9.292915595,Regular,12,Create,Deployment,false
9.305136051,Regular,10,Create,ConfigMap,false
9.316173661,Regular,13,Update,Deployment,false
9.329206462,Regular,14,Delete,ConfigMap,false
9.343635909,Regular,8,Delete,Deployment,false
9.352027091,Regular,13,Create,Deployment,false
9.365604594,Regular,11,Create,ConfigMap,false
9.377579887,Regular,13,Update,Deployment,false
9.390827809,Regular,7,Delete,ConfigMap,false
9.398194938,Regular,11,Delete,Deployment,false
9.409952496,Regular,13,Create,Deployment,false
9.423692259,Regular,20,Create,ConfigMap,false
9.443746446,Regular,19,Update,Deployment,false
9.463392392,Regular,7,Delete,ConfigMap,false
9.470638507,Regular,22,Delete,Deployment,false
9.4931755,Regular,15,Create,Deployment,false
9.508647902,Regular,19,Create,ConfigMap,false
9.527842473,Regular,17,Update,Deployment,false
9.545461683,Regular,9,Delete,ConfigMap,false
9.555193784,Regular,20,Delete,Deployment,false
9.575256141,Regular,13,Create,Deployment,false
9.588379657,Regular,17,Create,ConfigMap,false
9.605658099,Regular,17,Update,Deployment,false
9.62269088,Regular,12,Delete,ConfigMap,false
9.635482699,Regular,13,Delete,Deployment,false
9.648810486,Regular,15,Create,Deployment,false
9.664302717,Regular,10,Create,ConfigMap,false
9.674826537,Regular,20,Update,Deployment,false
9.695587534,Regular,10,Delete,ConfigMap,false
9.706277327,Regular,7,Delete,Deployment,false
9.713621539,Regular,28,Create,Deployment,false
9.742374573,Regular,16,Create,ConfigMap,false
9.758472964,Regular,16,Update,Deployment,false
9.775323331,Regular,8,Delete,ConfigMap,false
9.784337921,Regular,17,Delete,Deployment,false
9.801977794,Regular,18,Create,Deployment,false
9.820917211,Regular,13,Create,ConfigMap,false
9.834065832,Regular,19,Update,Deployment,false
9.853657734,Regular,13,Delete,ConfigMap,false
9.867455221,Regular,7,Delete,Deployment,false
9.874786489,Regular,10,Create,Deployment,false
9.885330955,Regular,16,Create,ConfigMap,false
9.902220326,Regular,16,Update,Deployment,false
9.919092781,Regular,13,Delete,ConfigMap,false
9.93288546,Regular,11,Delete,Deployment,false
9.943983133,Regular,9,Create,Deployment,false
9.953390163,Regular,11,Create,ConfigMap,false
9.964884252000001,Regular,14,Update,Deployment,false
9.979286337,Regular,12,Delete,ConfigMap,false
9.991551078,Regular,10,Delete,Deployment,false
9.140301061,Regular,18,Create,Deployment,false
9.15861866,Regular,16,Create,ConfigMap,false
9.175070291,Regular,28,Update,Deployment,false
9.203948193,Regular,8,Delete,ConfigMap,false
9.212896412,Regular,10,Delete,Deployment,false
9.223092056,Regular,9,Create,Deployment,false
9.232359295,Regular,16,Create,ConfigMap,false
9.248697905,Regular,12,Update,Deployment,false
9.26093774,Regular,12,Delete,ConfigMap,false
9.273590124,Regular,15,Delete,Deployment,false
9.288863724,Regular,18,Create,Deployment,false
9.307807914,Regular,11,Create,ConfigMap,false
9.319051841,Regular,17,Update,Deployment,false
9.336206725,Regular,10,Delete,ConfigMap,false
9.346884404,Regular,10,Delete,Deployment,false
9.357870468,Regular,14,Create,Deployment,false
9.372244419,Regular,12,Create,ConfigMap,false
9.384582905,Regular,11,Update,Deployment,false
9.396130658,Regular,9,Delete,ConfigMap,false
9.405881725,Regular,5,Delete,Deployment,false
9.411640831,Regular,12,Create,Deployment,false
9.423907679,Regular,13,Create,ConfigMap,false
9.437481029,Regular,16,Update,Deployment,false
9.454485282,Regular,9,Delete,ConfigMap,false
9.464046228,Regular,8,Delete,Deployment,false
9.472248944,Regular,21,Create,Deployment,false
9.493688546,Regular,15,Create,ConfigMap,false
9.509345987,Regular,17,Update,Deployment,false
9.526979504,Regular,8,Delete,ConfigMap,false
9.535438913,Regular,12,Delete,Deployment,false
9.54824162,Regular,23,Create,Deployment,false
9.571825581,Regular,14,Create,ConfigMap,false
9.586397354,Regular,21,Update,Deployment,false
9.607461008,Regular,16,Delete,ConfigMap,false
9.62410096,Regular,14,Delete,Deployment,false
9.638663617,Regular,13,Create,Deployment,false
9.651885206,Regular,16,Create,ConfigMap,false
9.668328989,Regular,12,Update,Deployment,false
9.681039115,Regular,16,Delete,ConfigMap,false
9.697404714,Regular,10,Delete,Deployment,false
9.707563099,Regular,20,Create,Deployment,false
9.728107669,Regular,19,Create,ConfigMap,false
9.74749284,Regular,19,Update,Deployment,false
9.767013242,Regular,10,Delete,ConfigMap,false
9.778050294,Regular,24,Delete,Deployment,false
9.802190191,Regular,21,Create,Deployment,false
9.823242411,Regular,20,Create,ConfigMap,false
9.84410933,Regular,16,Update,Deployment,false
9.860858098,Regular,9,Delete,ConfigMap,false
9.870686008,Regular,9,Delete,Deployment,false
9.879909685,Regular,12,Create,Deployment,false
9.892387007,Regular,14,Create,ConfigMap,false
9.906549171,Regular,13,Update,Deployment,false
9.919750242,Regular,12,Delete,ConfigMap,false
9.932709746,Regular,14,Delete,Deployment,false
9.946946881,Regular,10,Create,Deployment,false
9.957329088,Regular,12,Create,ConfigMap,false
9.969883012,Regular,15,Update,Deployment,false
9.985600443,Regular,8,Delete,ConfigMap,false
9.994033753,Regular,9,Delete,Deployment,false
9.007912195,Regular,21,Create,ConfigMap,false
9.029693138,Regular,18,Update,Deployment,false
9.048113186,Regular,19,Delete,ConfigMap,false
9.067470811,Regular,12,Delete,Deployment,false
9.079938885,Regular,13,Create,Deployment,false
9.093306544,Regular,26,Create,ConfigMap,false
9.119437805,Regular,21,Update,Deployment,false
9.140590356,Regular,16,Delete,ConfigMap,false
9.1567646,Regular,16,Delete,Deployment,false
9.17345371,Regular,16,Create,Deployment,false
9.190434849,Regular,28,Create,ConfigMap,false
9.219032042,Regular,21,Update,Deployment,false
9.24080397,Regular,10,Delete,ConfigMap,false
9.251608294,Regular,12,Delete,Deployment,false
9.264517206,Regular,11,Create,Deployment,false
9.276020633,Regular,12,Create,ConfigMap,false
9.288996492,Regular,19,Update,Deployment,false
9.308352094,Regular,9,Delete,ConfigMap,false
9.31815003,Regular,10,Delete,Deployment,false
9.328482405,Regular,13,Create,Deployment,false
9.341843052,Regular,11,Create,ConfigMap,false
9.353262576,Regular,22,Update,Deployment,false
9.375333087,Regular,7,Delete,ConfigMap,false
9.382611842,Regular,11,Delete,Deployment,false
9.394030277,Regular,14,Create,Deployment,false
9.408817063,Regular,9,Create,ConfigMap,false
9.418257724,Regular,15,Update,Deployment,false
9.43356035,Regular,17,Delete,ConfigMap,false
9.451127989,Regular,11,Delete,Deployment,false
9.46302946,Regular,20,Create,Deployment,false
9.48366944,Regular,14,Create,ConfigMap,false
9.498301283,Regular,17,Update,Deployment,false
9.516224177,Regular,11,Delete,ConfigMap,false
9.527693213,Regular,14,Delete,Deployment,false
9.542407803,Regular,18,Create,Deployment,false
9.561060676,Regular,15,Create,ConfigMap,false
9.577039067,Regular,22,Update,Deployment,false
9.59934846,Regular,19,Delete,ConfigMap,false
9.619381063,Regular,12,Delete,Deployment,false
9.632347842,Regular,15,Create,Deployment,false
9.647459278,Regular,14,Create,ConfigMap,false
9.661560359,Regular,20,Update,Deployment,false
9.682537109,Regular,14,Delete,ConfigMap,false
9.697075868,Regular,15,Delete,Deployment,false
9.712512133,Regular,19,Create,Deployment,false
9.732277946,Regular,17,Create,ConfigMap,false
9.75015114,Regular,21,Update,Deployment,false
9.771186456,Regular,11,Delete,ConfigMap,false
9.782774873,Regular,19,Delete,Deployment,false
9.802185029,Regular,21,Create,Deployment,false
9.823467636,Regular,21,Create,ConfigMap,false
9.844540551,Regular,21,Update,Deployment,false
9.865618848,Regular,13,Delete,ConfigMap,false
9.87965518,Regular,10,Delete,Deployment,false
9.890546496,Regular,19,Create,Deployment,false
9.909910967,Regular,14,Create,ConfigMap,false
9.924910074,Regular,17,Update,Deployment,false
9.942530759,Regular,10,Delete,ConfigMap,false
9.953388992,Regular,9,Delete,Deployment,false
9.963413518,Regular,13,Create,Deployment,false
9.977349903,Regular,14,Create,ConfigMap,false
9.991494403,Regular,11,Update,Deployment,false
9.033555283,Regular,17,Create,Deployment,false
9.051202574,Regular,16,Create,ConfigMap,false
9.067569245,Regular,18,Update,Deployment,false
9.086079947,Regular,13,Delete,ConfigMap,false
9.099975223,Regular,28,Delete,Deployment,false
9.128548129,Regular,22,Create,Deployment,false
9.151432451,Regular,23,Create,ConfigMap,false
9.175272582,Regular,33,Update,Deployment,false
9.208388649,Regular,13,Delete,ConfigMap,false
9.222089787,Regular,7,Delete,Deployment,false
9.229794351,Regular,15,Create,Deployment,false
9.245433047,Regular,14,Create,ConfigMap,false
9.2598467,Regular,13,Update,Deployment,false
9.273266819,Regular,14,Delete,ConfigMap,false
9.288218488,Regular,9,Delete,Deployment,false
9.298085564,Regular,18,Create,Deployment,false
9.316968618,Regular,14,Create,ConfigMap,false
9.331400165,Regular,16,Update,Deployment,false
9.348355616,Regular,9,Delete,ConfigMap,false
9.358222243,Regular,12,Delete,Deployment,false
9.37070042,Regular,10,Create,Deployment,false
9.381384319,Regular,11,Create,ConfigMap,false
9.392813798,Regular,10,Update,Deployment,false
9.403087473,Regular,7,Delete,ConfigMap,false
9.410989924999999,Regular,13,Delete,Deployment,false
9.42424677,Regular,18,Create,Deployment,false
9.442586746,Regular,13,Create,ConfigMap,false
9.456605661,Regular,12,Update,Deployment,false
9.469363627,Regular,18,Delete,ConfigMap,false
9.488336179,Regular,13,Delete,Deployment,false
9.501622095,Regular,14,Create,Deployment,false
9.516193279,Regular,14,Create,ConfigMap,false
9.530613453,Regular,13,Update,Deployment,false
9.543999732,Regular,10,Delete,ConfigMap,false
9.554072636,Regular,8,Delete,Deployment,false
9.562620043,Regular,15,Create,Deployment,false
9.577718315,Regular,11,Create,ConfigMap,false
9.588864437,Regular,16,Update,Deployment,false
9.605877476,Regular,23,Delete,ConfigMap,false
9.629393103,Regular,17,Delete,Deployment,false
9.646833882,Regular,14,Create,Deployment,false
9.661214168,Regular,13,Create,ConfigMap,false
9.674918237,Regular,21,Update,Deployment,false
9.696089248,Regular,11,Delete,ConfigMap,false
9.707369523,Regular,10,Delete,Deployment,false
9.718254614,Regular,16,Create,Deployment,false
9.734808306,Regular,12,Create,ConfigMap,false
9.747456725,Regular,24,Update,Deployment,false
9.771752179,Regular,7,Delete,ConfigMap,false
9.779200638,Regular,22,Delete,Deployment,false
9.802176688,Regular,20,Create,Deployment,false
9.822724331,Regular,24,Create,ConfigMap,false
9.846880859,Regular,18,Update,Deployment,false
9.865414065,Regular,14,Delete,ConfigMap,false
9.879777985,Regular,9,Delete,Deployment,false
9.889288616,Regular,20,Create,Deployment,false
9.910279827,Regular,15,Create,ConfigMap,false
9.925460666,Regular,15,Update,Deployment,false
9.940858061,Regular,9,Delete,ConfigMap,false
9.94991404,Regular,12,Delete,Deployment,false
9.961995067,Regular,15,Create,Deployment,false
9.97728235,Regular,14,Create,ConfigMap,false
9.991713516,Regular,13,Update,Deployment,false
9.013707135,Regular,18,Update,Deployment,false
9.032280754,Regular,31,Delete,ConfigMap,false
9.064198832,Regular,12,Delete,Deployment,false
9.076694297,Regular,16,Create,Deployment,false
9.093604744,Regular,35,Create,ConfigMap,false
9.128875734,Regular,14,Update,Deployment,false
9.143323296,Regular,15,Delete,ConfigMap,false
9.158941411,Regular,14,Delete,Deployment,false
9.173344607,Regular,16,Create,Deployment,false
9.19034997,Regular,28,Create,ConfigMap,false
9.219277172,Regular,22,Update,Deployment,false
9.242151746,Regular,9,Delete,ConfigMap,false
9.252056807,Regular,9,Delete,Deployment,false
9.261285685,Regular,15,Create,Deployment,false
9.276460141,Regular,15,Create,ConfigMap,false
9.291751078,Regular,14,Update,Deployment,false
9.306250251,Regular,9,Delete,ConfigMap,false
9.315595643,Regular,7,Delete,Deployment,false
9.323580005,Regular,16,Create,Deployment,false
9.339658115,Regular,15,Create,ConfigMap,false
9.354913771,Regular,20,Update,Deployment,false
9.37567601,Regular,7,Delete,ConfigMap,false
9.382915785,Regular,11,Delete,Deployment,false
9.394630989,Regular,10,Create,Deployment,false
9.405461048,Regular,13,Create,ConfigMap,false
9.419304157,Regular,10,Update,Deployment,false
9.430343502,Regular,13,Delete,ConfigMap,false
9.444074986,Regular,12,Delete,Deployment,false
9.456578625,Regular,13,Create,Deployment,false
9.470637924,Regular,21,Create,ConfigMap,false
9.492055271,Regular,16,Update,Deployment,false
9.508170587,Regular,16,Delete,ConfigMap,false
9.525156246,Regular,9,Delete,Deployment,false
9.534625393,Regular,26,Create,Deployment,false
9.560931719,Regular,15,Create,ConfigMap,false
9.576594721,Regular,19,Update,Deployment,false
9.596421124999999,Regular,13,Delete,ConfigMap,false
9.610217782,Regular,18,Delete,Deployment,false
9.629128895000001,Regular,17,Create,Deployment,false
9.646571171,Regular,14,Create,ConfigMap,false
9.661332201,Regular,15,Update,Deployment,false
9.676616864,Regular,13,Delete,ConfigMap,false
9.689893774,Regular,12,Delete,Deployment,false
9.702727982999999,Regular,18,Create,Deployment,false
9.720940732,Regular,20,Create,ConfigMap,false
9.741539337,Regular,9,Update,Deployment,false
9.750952631,Regular,10,Delete,ConfigMap,false
9.760987744,Regular,15,Delete,Deployment,false
9.776726286,Regular,17,Create,Deployment,false
9.794415017,Regular,12,Create,ConfigMap,false
9.806970672,Regular,15,Update,Deployment,false
9.822833131,Regular,13,Delete,ConfigMap,false
9.836480906,Regular,16,Delete,Deployment,false
9.852681754,Regular,20,Create,Deployment,false
9.873297263,Regular,15,Create,ConfigMap,false
9.888785207,Regular,19,Update,Deployment,false
9.908585262999999,Regular,13,Delete,ConfigMap,false
9.922237107,Regular,18,Delete,Deployment,false
9.941095776000001,Regular,13,Create,Deployment,false
9.955034992,Regular,15,Create,ConfigMap,false
9.970060935,Regular,17,Update,Deployment,false
9.987803983,Regular,7,Delete,ConfigMap,false
9.99537145,Regular,10,Delete,Deployment,false
9.040888942,Regular,26,Create,ConfigMap,false
9.067696988,Regular,16,Update,Deployment,false
9.084634135,Regular,15,Delete,ConfigMap,false
9.099783239,Regular,28,Delete,Deployment,false
9.128747928,Regular,23,Create,Deployment,false
9.15180062,Regular,21,Create,ConfigMap,false
9.173443477,Regular,16,Update,Deployment,false
9.190054766,Regular,28,Delete,ConfigMap,false
9.218594172,Regular,16,Delete,Deployment,false
9.235320801,Regular,14,Create,Deployment,false
9.249973467,Regular,11,Create,ConfigMap,false
9.261789681,Regular,14,Update,Deployment,false
9.276151008,Regular,12,Delete,ConfigMap,false
9.288996892,Regular,8,Delete,Deployment,false
9.29764675,Regular,19,Create,Deployment,false
9.31690735,Regular,11,Create,ConfigMap,false
9.328704625,Regular,16,Update,Deployment,false
9.345374752,Regular,5,Delete,ConfigMap,false
9.350469748,Regular,14,Delete,Deployment,false
9.364813803,Regular,13,Create,Deployment,false
9.378750242,Regular,11,Create,ConfigMap,false
9.389849226,Regular,14,Update,Deployment,false
9.404154751,Regular,8,Delete,ConfigMap,false
9.412672808,Regular,10,Delete,Deployment,false
9.423246812,Regular,19,Create,Deployment,false
9.442607298,Regular,14,Create,ConfigMap,false
9.457057962,Regular,15,Update,Deployment,false
9.47264706,Regular,13,Delete,ConfigMap,false
9.485879204,Regular,12,Delete,Deployment,false
9.498315135,Regular,16,Create,Deployment,false
9.514645299,Regular,17,Create,ConfigMap,false
9.532030118,Regular,17,Update,Deployment,false
9.54913644,Regular,12,Delete,ConfigMap,false
9.561193824,Regular,8,Delete,Deployment,false
9.569675395,Regular,15,Create,Deployment,false
9.585105881,Regular,13,Create,ConfigMap,false
9.599074526,Regular,21,Update,Deployment,false
9.620383483,Regular,13,Delete,ConfigMap,false
9.633476327,Regular,13,Delete,Deployment,false
9.646544071,Regular,13,Create,Deployment,false
9.660038318,Regular,14,Create,ConfigMap,false
9.674923375,Regular,13,Update,Deployment,false
9.688555614,Regular,10,Delete,ConfigMap,false
9.698655771,Regular,18,Delete,Deployment,false
9.717034833,Regular,18,Create,Deployment,false
9.735778353,Regular,16,Create,ConfigMap,false
9.751915664,Regular,19,Update,Deployment,false
9.771748903,Regular,10,Delete,ConfigMap,false
9.782599241,Regular,19,Delete,Deployment,false
9.802220574,Regular,20,Create,Deployment,false
9.822782079,Regular,22,Create,ConfigMap,false
9.845144514,Regular,18,Update,Deployment,false
9.863397001,Regular,8,Delete,ConfigMap,false
9.872048723,Regular,12,Delete,Deployment,false
9.884626737,Regular,16,Create,Deployment,false
9.901623246,Regular,21,Create,ConfigMap,false
9.923228477,Regular,17,Update,Deployment,false
9.941239916,Regular,7,Delete,ConfigMap,false
9.948629868,Regular,12,Delete,Deployment,false
9.961481263,Regular,13,Create,Deployment,false
9.975291831,Regular,11,Create,ConfigMap,false
9.986872258,Regular,9,Update,Deployment,false
9.996025325,Regular,11,Delete,ConfigMap,false
9.02181788,Regular,12,Create,ConfigMap,false
9.03449288,Regular,16,Update,Deployment,false
9.051366819,Regular,13,Delete,ConfigMap,false
9.064430972,Regular,12,Delete,Deployment,false
9.076744905,Regular,17,Create,Deployment,false
9.094126704,Regular,40,Create,ConfigMap,false
9.134404417,Regular,11,Update,Deployment,false
9.146041321,Regular,10,Delete,ConfigMap,false
9.156902826,Regular,16,Delete,Deployment,false
9.173835142,Regular,30,Create,Deployment,false
9.204272328,Regular,14,Create,ConfigMap,false
9.218809799,Regular,16,Update,Deployment,false
9.235223348,Regular,8,Delete,ConfigMap,false
9.243934966,Regular,6,Delete,Deployment,false
9.250333701,Regular,22,Create,Deployment,false
9.272496873,Regular,16,Create,ConfigMap,false
9.288690067,Regular,15,Update,Deployment,false
9.304039957,Regular,7,Delete,ConfigMap,false
9.311364443,Regular,8,Delete,Deployment,false
9.31950101,Regular,16,Create,Deployment,false
9.335762849,Regular,18,Create,ConfigMap,false
9.354351939,Regular,21,Update,Deployment,false
9.375797175,Regular,6,Delete,ConfigMap,false
9.382661665,Regular,11,Delete,Deployment,false
9.394532466,Regular,16,Create,Deployment,false
9.410708808,Regular,13,Create,ConfigMap,false
9.424680956,Regular,16,Update,Deployment,false
9.441040075,Regular,14,Delete,ConfigMap,false
9.45581343,Regular,11,Delete,Deployment,false
9.467601252,Regular,12,Create,Deployment,false
9.479789213,Regular,18,Create,ConfigMap,false
9.4981792,Regular,20,Update,Deployment,false
9.519190969,Regular,12,Delete,ConfigMap,false
9.53186859,Regular,7,Delete,Deployment,false
9.539115203,Regular,16,Create,Deployment,false
9.555835799,Regular,14,Create,ConfigMap,false
9.569932886,Regular,15,Update,Deployment,false
9.585862634,Regular,12,Delete,ConfigMap,false
9.598851569,Regular,20,Delete,Deployment,false
9.619795672,Regular,14,Create,Deployment,false
9.634358392,Regular,13,Create,ConfigMap,false
9.648122706,Regular,22,Update,Deployment,false
9.670919599,Regular,13,Delete,ConfigMap,false
9.684090724,Regular,12,Delete,Deployment,false
9.696766268,Regular,15,Create,Deployment,false
9.712823933,Regular,16,Create,ConfigMap,false
9.729126801,Regular,16,Update,Deployment,false
9.7460278,Regular,11,Delete,ConfigMap,false
9.75753533,Regular,13,Delete,Deployment,false
9.771423191,Regular,21,Create,Deployment,false
9.792663708,Regular,19,Create,ConfigMap,false
9.812078221,Regular,23,Update,Deployment,false
9.835942943,Regular,16,Delete,ConfigMap,false
9.852936014,Regular,12,Delete,Deployment,false
9.865307293,Regular,12,Create,Deployment,false
9.877972657,Regular,15,Create,ConfigMap,false
9.893911674,Regular,16,Update,Deployment,false
9.910044095,Regular,16,Delete,ConfigMap,false
9.926871517,Regular,10,Delete,Deployment,false
9.937716849,Regular,12,Create,Deployment,false
9.950607859,Regular,12,Create,ConfigMap,false
9.963422683,Regular,15,Update,Deployment,false
9.979070406,Regular,9,Delete,ConfigMap,false
9.988789957,Regular,7,Delete,Deployment,false
9.99602029,Regular,11,Create,Deployment,false
9.013176795,Regular,17,Update,Deployment,false
9.030373231,Regular,9,Delete,ConfigMap,false
9.040105173,Regular,9,Delete,Deployment,false
9.049698925,Regular,22,Create,Deployment,false
9.071811948,Regular,21,Create,ConfigMap,false
9.093275791,Regular,27,Update,Deployment,false
9.121183433,Regular,17,Delete,ConfigMap,false
9.138767567,Regular,12,Delete,Deployment,false
9.151242336,Regular,35,Create,Deployment,false
9.186357057,Regular,24,Create,ConfigMap,false
9.211281032,Regular,17,Update,Deployment,false
9.229088588,Regular,12,Delete,ConfigMap,false
9.241198498,Regular,10,Delete,Deployment,false
9.251650999,Regular,16,Create,Deployment,false
9.268149973,Regular,13,Create,ConfigMap,false
9.281399776,Regular,16,Update,Deployment,false
9.298160012,Regular,11,Delete,ConfigMap,false
9.309271623,Regular,9,Delete,Deployment,false
9.318957881,Regular,17,Create,Deployment,false
9.336817442,Regular,17,Create,ConfigMap,false
9.354419528,Regular,16,Update,Deployment,false
9.37046458,Regular,7,Delete,ConfigMap,false
9.377976031,Regular,9,Delete,Deployment,false
9.387009762,Regular,13,Create,Deployment,false
9.40032195,Regular,10,Create,ConfigMap,false
9.410547863,Regular,11,Update,Deployment,false
9.4221235,Regular,6,Delete,ConfigMap,false
9.42881437,Regular,9,Delete,Deployment,false
9.438666899,Regular,18,Create,Deployment,false
9.45707853,Regular,11,Create,ConfigMap,false
9.469090357,Regular,16,Update,Deployment,false
9.485667088,Regular,12,Delete,ConfigMap,false
9.498060746,Regular,9,Delete,Deployment,false
9.507679334,Regular,19,Create,Deployment,false
9.52682463,Regular,15,Create,ConfigMap,false
9.542026305,Regular,17,Update,Deployment,false
9.559102351,Regular,14,Delete,ConfigMap,false
9.573848821,Regular,12,Delete,Deployment,false
9.58672801,Regular,22,Create,Deployment,false
9.609146613,Regular,20,Create,ConfigMap,false
9.629387015,Regular,16,Update,Deployment,false
9.646340066,Regular,6,Delete,ConfigMap,false
9.653023473,Regular,9,Delete,Deployment,false
9.662408116,Regular,11,Create,Deployment,false
9.673491201000001,Regular,12,Create,ConfigMap,false
9.686482084,Regular,16,Update,Deployment,false
9.70318581,Regular,9,Delete,ConfigMap,false
9.71233923,Regular,15,Delete,Deployment,false
9.727914807,Regular,21,Create,Deployment,false
9.749397188,Regular,15,Create,ConfigMap,false
9.765380564,Regular,13,Update,Deployment,false
9.778700586,Regular,19,Delete,ConfigMap,false
9.798021033,Regular,15,Delete,Deployment,false
9.813817416,Regular,22,Create,Deployment,false
9.835934703,Regular,15,Create,ConfigMap,false
9.851600389,Regular,14,Update,Deployment,false
9.866379773,Regular,13,Delete,ConfigMap,false
9.879647297,Regular,14,Delete,Deployment,false
9.893673519,Regular,15,Create,Deployment,false
9.909547183,Regular,16,Create,ConfigMap,false
9.926133925,Regular,13,Update,Deployment,false
9.939693873,Regular,9,Delete,ConfigMap,false
9.949241373,Regular,12,Delete,Deployment,false
9.961709204,Regular,10,Create,Deployment,false
9.972043074,Regular,14,Create,ConfigMap,false
9.986276829,Regular,14,Update,Deployment,false
10.00061419,Regular,7,Delete,ConfigMap,false
10.006345232,Regular,11,Create,Deployment,false
9.004375949,Regular,15,Delete,Deployment,false
9.02017782,Regular,13,Create,Deployment,false
9.034227243,Regular,32,Create,ConfigMap,false
9.066651848,Regular,13,Update,Deployment,false
9.080558285,Regular,9,Delete,ConfigMap,false
9.090359852,Regular,30,Delete,Deployment,false
9.120677665,Regular,20,Create,Deployment,false
9.141374389,Regular,17,Create,ConfigMap,false
9.158604995,Regular,17,Update,Deployment,false
9.175886985,Regular,22,Delete,ConfigMap,false
9.198641684,Regular,14,Delete,Deployment,false
9.213347672,Regular,15,Create,Deployment,false
9.228936268,Regular,12,Create,ConfigMap,false
9.241135823,Regular,15,Update,Deployment,false
9.256459909,Regular,7,Delete,ConfigMap,false
9.264172489,Regular,8,Delete,Deployment,false
9.273140241,Regular,16,Create,Deployment,false
9.290074543,Regular,10,Create,ConfigMap,false
9.300240306,Regular,17,Update,Deployment,false
9.317748898,Regular,12,Delete,ConfigMap,false
9.330207502,Regular,12,Delete,Deployment,false
9.34301216,Regular,8,Create,Deployment,false
9.352017667,Regular,14,Create,ConfigMap,false
9.366109598,Regular,17,Update,Deployment,false
9.383330726,Regular,10,Delete,ConfigMap,false
9.393785446,Regular,11,Delete,Deployment,false
9.404838805,Regular,11,Create,Deployment,false
9.416386471,Regular,18,Create,ConfigMap,false
9.434801963,Regular,21,Update,Deployment,false
9.45628049,Regular,7,Delete,ConfigMap,false
9.464081157,Regular,16,Delete,Deployment,false
9.480961288,Regular,15,Create,Deployment,false
9.49692528,Regular,21,Create,ConfigMap,false
9.518925274,Regular,14,Update,Deployment,false
9.533313198,Regular,8,Delete,ConfigMap,false
9.542082849,Regular,8,Delete,Deployment,false
9.550636432,Regular,18,Create,Deployment,false
9.569254235,Regular,17,Create,ConfigMap,false
9.5867492,Regular,20,Update,Deployment,false
9.607289825,Regular,21,Delete,ConfigMap,false
9.628989206,Regular,17,Delete,Deployment,false
9.646760586,Regular,14,Create,Deployment,false
9.661416776,Regular,13,Create,ConfigMap,false
9.674682848,Regular,17,Update,Deployment,false
9.69205444,Regular,10,Delete,ConfigMap,false
9.702913835,Regular,16,Delete,Deployment,false
9.71949695,Regular,22,Create,Deployment,false
9.742447265,Regular,15,Create,ConfigMap,false
9.758406047,Regular,23,Update,Deployment,false
9.781508958,Regular,21,Delete,ConfigMap,false
9.803075092,Regular,19,Delete,Deployment,false
9.822103616,Regular,15,Create,Deployment,false
9.837295619,Regular,21,Create,ConfigMap,false
9.859215357,Regular,16,Update,Deployment,false
9.876231892,Regular,9,Delete,ConfigMap,false
9.886045672,Regular,15,Delete,Deployment,false
9.901623151,Regular,19,Create,Deployment,false
9.921636447000001,Regular,15,Create,ConfigMap,false
9.937264201,Regular,18,Update,Deployment,false
9.955571732,Regular,7,Delete,ConfigMap,false
9.963072038,Regular,7,Delete,Deployment,false
9.970580524,Regular,16,Create,Deployment,false
9.986900494,Regular,13,Create,ConfigMap,false
10.000567825,Regular,10,Update,Deployment,false
10.011481244,Regular,7,Delete,ConfigMap,false
10.018773876,Regular,4,Delete,Deployment,false
10.023596741,Regular,6,Create,Deployment,false
