start_time,role,duration_ms,operation,resource,is_error
0.003486034,Regular,37,Create,Deployment,false
0.002947776,Regular,38,Create,Deployment,false
0.041154132,Regular,29,Create,ConfigMap,false
0.003604747,Regular,30,Create,Deployment,false
0.034098448,Regular,24,Create,ConfigMap,false
0.05873978,Regular,51,Update,Deployment,false
0.110198819,Regular,86,Delete,ConfigMap,false
0.19661442,Regular,42,Delete,Deployment,false
0.239023502,Regular,51,Create,Deployment,false
0.290652299,Regular,40,Create,ConfigMap,false
0.331554529,Regular,35,Update,Deployment,false
0.366828056,Regular,27,Delete,ConfigMap,false
0.394739618,Regular,27,Delete,Deployment,false
0.422341908,Regular,31,Create,Deployment,false
0.454154317,Regular,37,Create,ConfigMap,false
0.491363703,Regular,29,Update,Deployment,false
0.52054061,Regular,25,Delete,ConfigMap,false
0.545823956,Regular,18,Delete,Deployment,false
0.564777267,Regular,26,Create,Deployment,false
0.591786858,Regular,30,Create,ConfigMap,false
0.622317192,Regular,34,Update,Deployment,false
0.657109607,Regular,14,Delete,ConfigMap,false
0.671557358,Regular,17,Delete,Deployment,false
0.689381972,Regular,28,Create,Deployment,false
0.718190786,Regular,24,Create,ConfigMap,false
0.742578589,Regular,23,Update,Deployment,false
0.765662151,Regular,13,Delete,ConfigMap,false
0.778730055,Regular,23,Delete,Deployment,false
0.802090481,Regular,23,Create,Deployment,false
0.825489077,Regular,17,Create,ConfigMap,false
0.842968102,Regular,28,Update,Deployment,false
0.871597745,Regular,17,Delete,ConfigMap,false
0.889272628,Regular,11,Delete,Deployment,false
0.901164018,Regular,26,Create,Deployment,false
0.928054546,Regular,17,Create,ConfigMap,false
0.945905965,Regular,28,Update,Deployment,false
0.974732755,Regular,12,Delete,ConfigMap,false
0.987408147,Regular,18,Delete,Deployment,false
0.003018835,Regular,37,Create,Deployment,false
0.040826217,Regular,30,Create,ConfigMap,false
0.071178051,Regular,49,Update,Deployment,false
0.120517952,Regular,76,Delete,ConfigMap,false
0.197100957,Regular,37,Delete,Deployment,false
0.23417721,Regular,56,Create,Deployment,false
0.290645735,Regular,46,Create,ConfigMap,false
0.337292404,Regular,29,Update,Deployment,false
0.367156716,Regular,14,Delete,ConfigMap,false
0.381211663,Regular,15,Delete,Deployment,false
0.39694679,Regular,35,Create,Deployment,false
0.432897723,Regular,28,Create,ConfigMap,false
0.461502649,Regular,31,Update,Deployment,false
0.492907836,Regular,18,Delete,ConfigMap,false
0.511027161,Regular,14,Delete,Deployment,false
0.525796002,Regular,22,Create,Deployment,false
0.547904964,Regular,16,Create,ConfigMap,false
0.564659175,Regular,26,Update,Deployment,false
0.591339578,Regular,30,Delete,ConfigMap,false
0.622116612,Regular,28,Delete,Deployment,false
0.65065761,Regular,29,Create,Deployment,false
0.679720776,Regular,22,Create,ConfigMap,false
0.702934532,Regular,32,Update,Deployment,false
0.735703402,Regular,18,Delete,ConfigMap,false
0.754106308,Regular,20,Delete,Deployment,false
0.774583658,Regular,35,Create,Deployment,false
0.810370496,Regular,24,Create,ConfigMap,false
0.834899802,Regular,26,Update,Deployment,false
0.861064934,Regular,18,Delete,ConfigMap,false
0.879575513,Regular,19,Delete,Deployment,false
0.899082724,Regular,28,Create,Deployment,false
0.92784067,Regular,17,Create,ConfigMap,false
0.945661249,Regular,29,Update,Deployment,false
0.975476543,Regular,10,Delete,ConfigMap,false
0.985736722,Regular,20,Delete,Deployment,false
0.003448517,Regular,37,Create,Deployment,false
0.041432978,Regular,28,Create,ConfigMap,false
0.069851238,Regular,46,Update,Deployment,false
0.116314774,Regular,81,Delete,ConfigMap,false
0.197514889,Regular,40,Delete,Deployment,false
0.238511267,Regular,51,Create,Deployment,false
0.289893807,Regular,41,Create,ConfigMap,false
0.331051061,Regular,35,Update,Deployment,false
0.366503264,Regular,14,Delete,ConfigMap,false
0.381453278,Regular,19,Delete,Deployment,false
0.401036622,Regular,32,Create,Deployment,false
0.43313762,Regular,27,Create,ConfigMap,false
0.460736501,Regular,32,Update,Deployment,false
0.493252179,Regular,28,Delete,ConfigMap,false
0.522099382,Regular,22,Delete,Deployment,false
0.544484192,Regular,27,Create,Deployment,false
0.571700758,Regular,26,Create,ConfigMap,false
0.59854027,Regular,39,Update,Deployment,false
0.638208811,Regular,26,Delete,ConfigMap,false
0.665242506,Regular,23,Delete,Deployment,false
0.688600628,Regular,14,Create,Deployment,false
0.703446367,Regular,13,Create,ConfigMap,false
0.717188775,Regular,29,Update,Deployment,false
0.746693757,Regular,18,Delete,ConfigMap,false
0.765676219,Regular,21,Delete,Deployment,false
0.787054154,Regular,29,Create,Deployment,false
0.816387477,Regular,22,Create,ConfigMap,false
0.838945248,Regular,19,Update,Deployment,false
0.859182382,Regular,18,Delete,ConfigMap,false
0.877824804,Regular,21,Delete,Deployment,false
0.8993288,Regular,18,Create,Deployment,false
0.917522317,Regular,28,Create,ConfigMap,false
0.946356185,Regular,28,Update,Deployment,false
0.975157888,Regular,12,Delete,ConfigMap,false
0.987404667,Regular,21,Delete,Deployment,false
0.003450022,Regular,37,Create,Deployment,false
0.040552159,Regular,30,Create,ConfigMap,false
0.070697531,Regular,46,Update,Deployment,false
0.117107234,Regular,80,Delete,ConfigMap,false
0.197739314,Regular,38,Delete,Deployment,false
0.236311902,Regular,55,Create,Deployment,false
0.291493774,Regular,39,Create,ConfigMap,false
0.331351674,Regular,33,Update,Deployment,false
0.364519507,Regular,18,Delete,ConfigMap,false
0.382811286,Regular,17,Delete,Deployment,false
0.40052417,Regular,35,Create,Deployment,false
0.435665572,Regular,37,Create,ConfigMap,false
0.47307689,Regular,34,Update,Deployment,false
0.507679579,Regular,22,Delete,ConfigMap,false
0.530396934,Regular,25,Delete,Deployment,false
0.555598159,Regular,33,Create,Deployment,false
0.589319651,Regular,32,Create,ConfigMap,false
0.622042287,Regular,30,Update,Deployment,false
0.652116119,Regular,19,Delete,ConfigMap,false
0.671243829,Regular,17,Delete,Deployment,false
0.68829858,Regular,19,Create,Deployment,false
0.707663796,Regular,17,Create,ConfigMap,false
0.72503433,Regular,36,Update,Deployment,false
0.761512456,Regular,22,Delete,ConfigMap,false
0.78383895,Regular,26,Delete,Deployment,false
0.810251728,Regular,31,Create,Deployment,false
0.842038651,Regular,19,Create,ConfigMap,false
0.861100362,Regular,22,Update,Deployment,false
0.884216759,Regular,17,Delete,ConfigMap,false
0.90154728,Regular,15,Delete,Deployment,false
0.917634249,Regular,28,Create,Deployment,false
0.94641074,Regular,25,Create,ConfigMap,false
0.972422868,Regular,19,Update,Deployment,false
0.99189297,Regular,28,Delete,ConfigMap,false
0.041235692,Regular,29,Create,ConfigMap,false
0.071249478,Regular,48,Update,Deployment,false
0.119516969,Regular,71,Delete,ConfigMap,false
0.191288367,Regular,46,Delete,Deployment,false
0.237891207,Regular,53,Create,Deployment,false
0.291099075,Regular,46,Create,ConfigMap,false
0.337594326,Regular,29,Update,Deployment,false
0.36692567,Regular,14,Delete,ConfigMap,false
0.381570023,Regular,19,Delete,Deployment,false
0.401093777,Regular,31,Create,Deployment,false
0.432506843,Regular,40,Create,ConfigMap,false
0.472850061,Regular,28,Update,Deployment,false
0.501585556,Regular,17,Delete,ConfigMap,false
0.519087758,Regular,26,Delete,Deployment,false
0.545197619,Regular,27,Create,Deployment,false
0.572764524,Regular,29,Create,ConfigMap,false
0.602255949,Regular,21,Update,Deployment,false
0.623981029,Regular,25,Delete,ConfigMap,false
0.649931867,Regular,20,Delete,Deployment,false
0.670028737,Regular,19,Create,Deployment,false
0.689412948,Regular,20,Create,ConfigMap,false
0.710330446,Regular,32,Update,Deployment,false
0.742388805,Regular,24,Delete,ConfigMap,false
0.767252663,Regular,15,Delete,Deployment,false
0.782323214,Regular,31,Create,Deployment,false
0.813644973,Regular,27,Create,ConfigMap,false
0.840979139,Regular,19,Update,Deployment,false
0.860602453,Regular,16,Delete,ConfigMap,false
0.877577746,Regular,20,Delete,Deployment,false
0.898402684,Regular,19,Create,Deployment,false
0.917587574,Regular,24,Create,ConfigMap,false
0.941900942,Regular,32,Update,Deployment,false
0.974387468,Regular,13,Delete,ConfigMap,false
0.988006873,Regular,40,Delete,Deployment,false
0.00276508,Regular,36,Create,Deployment,false
0.039647004,Regular,20,Create,ConfigMap,false
0.060182073,Regular,46,Update,Deployment,false
0.106760113,Regular,64,Delete,ConfigMap,false
0.170953176,Regular,37,Delete,Deployment,false
0.208959373,Regular,45,Create,Deployment,false
0.254803606,Regular,33,Create,ConfigMap,false
0.288234904,Regular,33,Update,Deployment,false
0.321749527,Regular,23,Delete,ConfigMap,false
0.345563011,Regular,36,Delete,Deployment,false
0.381833315,Regular,30,Create,Deployment,false
0.41221,Regular,33,Create,ConfigMap,false
0.445792739,Regular,25,Update,Deployment,false
0.471796581,Regular,26,Delete,ConfigMap,false
0.498555919,Regular,20,Delete,Deployment,false
0.519576382,Regular,25,Create,Deployment,false
0.545176201,Regular,14,Create,ConfigMap,false
0.559953972,Regular,24,Update,Deployment,false
0.584152559,Regular,22,Delete,ConfigMap,false
0.60708415,Regular,22,Delete,Deployment,false
0.629462728,Regular,33,Create,Deployment,false
0.662652717,Regular,18,Create,ConfigMap,false
0.681334773,Regular,22,Update,Deployment,false
0.703956542,Regular,15,Delete,ConfigMap,false
0.719780163,Regular,33,Delete,Deployment,false
0.753346913,Regular,40,Create,Deployment,false
0.793853711,Regular,21,Create,ConfigMap,false
0.815268497,Regular,25,Update,Deployment,false
0.840935186,Regular,10,Delete,ConfigMap,false
0.851375678,Regular,11,Delete,Deployment,false
0.863030794,Regular,33,Create,Deployment,false
0.896839665,Regular,19,Create,ConfigMap,false
0.91681865,Regular,21,Update,Deployment,false
0.938062676,Regular,15,Delete,ConfigMap,false
0.953802109,Regular,23,Delete,Deployment,false
0.977270438,Regular,17,Create,Deployment,false
0.994891197,Regular,45,Create,ConfigMap,false
0.003314659,Regular,37,Create,Deployment,false
0.04129489,Regular,30,Create,ConfigMap,false
0.071742568,Regular,38,Update,Deployment,false
0.110151439,Regular,87,Delete,ConfigMap,false
0.197330046,Regular,41,Delete,Deployment,false
0.238781062,Regular,51,Create,Deployment,false
0.289920735,Regular,47,Create,ConfigMap,false
0.337261306,Regular,36,Update,Deployment,false
0.374150554,Regular,24,Delete,ConfigMap,false
0.398777542,Regular,34,Delete,Deployment,false
0.433491912,Regular,19,Create,Deployment,false
0.453349579,Regular,37,Create,ConfigMap,false
0.491353012,Regular,26,Update,Deployment,false
0.517847658,Regular,14,Delete,ConfigMap,false
0.531920923,Regular,20,Delete,Deployment,false
0.552519556,Regular,33,Create,Deployment,false
0.586472582,Regular,31,Create,ConfigMap,false
0.617534875,Regular,32,Update,Deployment,false
0.64978299,Regular,22,Delete,ConfigMap,false
0.672007596,Regular,16,Delete,Deployment,false
0.688512865,Regular,20,Create,Deployment,false
0.709510563,Regular,34,Create,ConfigMap,false
0.744195314,Regular,28,Update,Deployment,false
0.77316138,Regular,20,Delete,ConfigMap,false
0.794145914,Regular,27,Delete,Deployment,false
0.821298683,Regular,21,Create,Deployment,false
0.842833195,Regular,21,Create,ConfigMap,false
0.864616557,Regular,25,Update,Deployment,false
0.889723651,Regular,11,Delete,ConfigMap,false
0.900941543,Regular,15,Delete,Deployment,false
0.916943306,Regular,22,Create,Deployment,false
0.939924262,Regular,17,Create,ConfigMap,false
0.957076512,Regular,31,Update,Deployment,false
0.988768587,Regular,13,Delete,ConfigMap,false
1.002584621,Regular,39,Delete,Deployment,false
0.002983062,Regular,37,Create,Deployment,false
0.040550244,Regular,30,Create,ConfigMap,false
0.07153506,Regular,47,Update,Deployment,false
0.118755352,Regular,76,Delete,ConfigMap,false
0.195010077,Regular,49,Delete,Deployment,false
0.244697177,Regular,44,Create,Deployment,false
0.288934408,Regular,41,Create,ConfigMap,false
0.330922409,Regular,36,Update,Deployment,false
0.367002279,Regular,28,Delete,ConfigMap,false
0.395138545,Regular,16,Delete,Deployment,false
0.412086301,Regular,35,Create,Deployment,false
0.447548702,Regular,24,Create,ConfigMap,false
0.472744836,Regular,37,Update,Deployment,false
0.510963314,Regular,20,Delete,ConfigMap,false
0.531333026,Regular,24,Delete,Deployment,false
0.556135059,Regular,35,Create,Deployment,false
0.591406742,Regular,34,Create,ConfigMap,false
0.625606307,Regular,27,Update,Deployment,false
0.652750745,Regular,19,Delete,ConfigMap,false
0.671987776,Regular,14,Delete,Deployment,false
0.686878485,Regular,23,Create,Deployment,false
0.710200454,Regular,30,Create,ConfigMap,false
0.740363972,Regular,35,Update,Deployment,false
0.776083415,Regular,19,Delete,ConfigMap,false
0.795446398,Regular,24,Delete,Deployment,false
0.819536405,Regular,22,Create,Deployment,false
0.842403035,Regular,22,Create,ConfigMap,false
0.864936605,Regular,22,Update,Deployment,false
0.887058865,Regular,14,Delete,ConfigMap,false
0.90190929,Regular,15,Delete,Deployment,false
0.917494079,Regular,37,Create,Deployment,false
0.9555718,Regular,25,Create,ConfigMap,false
0.981590955,Regular,24,Update,Deployment,false
1.006092084,Regular,35,Delete,ConfigMap,false
0.003716469,Regular,37,Create,Deployment,false
0.041249004,Regular,30,Create,ConfigMap,false
0.071593459,Regular,44,Update,Deployment,false
0.116179071,Regular,80,Delete,ConfigMap,false
0.196941545,Regular,41,Delete,Deployment,false
0.238653364,Regular,50,Create,Deployment,false
0.289635068,Regular,31,Create,ConfigMap,false
0.32121327,Regular,25,Update,Deployment,false
0.34700472,Regular,23,Delete,ConfigMap,false
0.370056104,Regular,22,Delete,Deployment,false
0.392952733,Regular,39,Create,Deployment,false
0.432372878,Regular,20,Create,ConfigMap,false
0.453188342,Regular,39,Update,Deployment,false
0.492264724,Regular,18,Delete,ConfigMap,false
0.510796186,Regular,22,Delete,Deployment,false
0.532992414,Regular,25,Create,Deployment,false
0.558248385,Regular,33,Create,ConfigMap,false
0.591476397,Regular,35,Update,Deployment,false
0.626899244,Regular,23,Delete,ConfigMap,false
0.650216607,Regular,19,Delete,Deployment,false
0.669274541,Regular,19,Create,Deployment,false
0.688544619,Regular,17,Create,ConfigMap,false
0.70558149,Regular,37,Update,Deployment,false
0.742879557,Regular,23,Delete,ConfigMap,false
0.766304595,Regular,22,Delete,Deployment,false
0.788566325,Regular,20,Create,Deployment,false
0.809178505,Regular,26,Create,ConfigMap,false
0.836169774,Regular,23,Update,Deployment,false
0.860149645,Regular,17,Delete,ConfigMap,false
0.877651572,Regular,21,Delete,Deployment,false
0.899067452,Regular,29,Create,Deployment,false
0.928328513,Regular,15,Create,ConfigMap,false
0.944182656,Regular,24,Update,Deployment,false
0.968841283,Regular,12,Delete,ConfigMap,false
0.981094766,Regular,14,Delete,Deployment,false
0.995142779,Regular,48,Create,Deployment,false
1.043335434,Regular,27,Create,ConfigMap,false
0.071025798,Regular,40,Update,Deployment,false
0.111144481,Regular,60,Delete,ConfigMap,false
0.171976115,Regular,48,Delete,Deployment,false
0.220616953,Regular,48,Create,Deployment,false
0.268780185,Regular,22,Create,ConfigMap,false
0.291751036,Regular,37,Update,Deployment,false
0.329276261,Regular,19,Delete,ConfigMap,false
0.348455588,Regular,24,Delete,Deployment,false
0.373184174,Regular,22,Create,Deployment,false
0.395539282,Regular,24,Create,ConfigMap,false
0.419604533,Regular,34,Update,Deployment,false
0.454023199,Regular,24,Delete,ConfigMap,false
0.478809828,Regular,20,Delete,Deployment,false
0.499449127,Regular,22,Create,Deployment,false
0.521776621,Regular,21,Create,ConfigMap,false
0.543156159,Regular,29,Update,Deployment,false
0.572225796,Regular,27,Delete,ConfigMap,false
0.59966884,Regular,26,Delete,Deployment,false
0.626502004,Regular,38,Create,Deployment,false
0.665438726,Regular,22,Create,ConfigMap,false
0.688520331,Regular,27,Update,Deployment,false
0.716278023,Regular,25,Delete,ConfigMap,false
0.742049481,Regular,21,Delete,Deployment,false
0.763111543,Regular,32,Create,Deployment,false
0.796012651,Regular,25,Create,ConfigMap,false
0.821742237,Regular,25,Update,Deployment,false
0.847180895,Regular,14,Delete,ConfigMap,false
0.86183056,Regular,11,Delete,Deployment,false
0.873677589,Regular,25,Create,Deployment,false
0.899063623,Regular,18,Create,ConfigMap,false
0.917528617,Regular,38,Update,Deployment,false
0.956143079,Regular,21,Delete,ConfigMap,false
0.97764012,Regular,17,Delete,Deployment,false
0.995086779,Regular,48,Create,Deployment,false
1.043218814,Regular,27,Create,ConfigMap,false
1.07037489,Regular,26,Update,Deployment,false
1.042309339,Regular,31,Create,Deployment,false
1.074332902,Regular,32,Create,ConfigMap,false
1.106657798,Regular,24,Update,Deployment,false
1.1316200379999999,Regular,12,Delete,ConfigMap,false
1.14462421,Regular,28,Delete,Deployment,false
1.173170827,Regular,40,Create,Deployment,false
1.213733293,Regular,23,Create,ConfigMap,false
1.23711526,Regular,18,Update,Deployment,false
1.255673526,Regular,13,Delete,ConfigMap,false
1.2691168130000001,Regular,30,Delete,Deployment,false
1.300031827,Regular,34,Create,Deployment,false
1.334516137,Regular,39,Create,ConfigMap,false
1.373919715,Regular,30,Update,Deployment,false
1.404255634,Regular,18,Delete,ConfigMap,false
1.4230971559999999,Regular,20,Delete,Deployment,false
1.443305055,Regular,44,Create,Deployment,false
1.488005572,Regular,31,Create,ConfigMap,false
1.5193455949999999,Regular,19,Update,Deployment,false
1.538945634,Regular,26,Delete,ConfigMap,false
1.565253725,Regular,17,Delete,Deployment,false
1.582281419,Regular,26,Create,Deployment,false
1.608375608,Regular,23,Create,ConfigMap,false
1.631571152,Regular,20,Update,Deployment,false
1.652425547,Regular,44,Delete,ConfigMap,false
1.697095205,Regular,18,Delete,Deployment,false
1.715595891,Regular,23,Create,Deployment,false
1.7396717879999999,Regular,35,Create,ConfigMap,false
1.775415031,Regular,30,Update,Deployment,false
1.805844001,Regular,15,Delete,ConfigMap,false
1.820916763,Regular,22,Delete,Deployment,false
1.8437836760000001,Regular,30,Create,Deployment,false
1.8744012799999998,Regular,28,Create,ConfigMap,false
1.9031485,Regular,27,Update,Deployment,false
1.930990119,Regular,18,Delete,ConfigMap,false
1.949409645,Regular,18,Delete,Deployment,false
1.9675535210000001,Regular,38,Create,Deployment,false
1.097082266,Regular,22,Delete,ConfigMap,false
1.119777674,Regular,20,Delete,Deployment,false
1.140390364,Regular,33,Create,Deployment,false
1.174337306,Regular,29,Create,ConfigMap,false
1.203997225,Regular,30,Update,Deployment,false
1.234304312,Regular,18,Delete,ConfigMap,false
1.252892619,Regular,18,Delete,Deployment,false
1.27182869,Regular,21,Create,Deployment,false
1.293067761,Regular,23,Create,ConfigMap,false
1.3164993,Regular,37,Update,Deployment,false
1.353934183,Regular,27,Delete,ConfigMap,false
1.381310111,Regular,14,Delete,Deployment,false
1.395776978,Regular,18,Create,Deployment,false
1.41446874,Regular,31,Create,ConfigMap,false
1.445582066,Regular,42,Update,Deployment,false
1.4882868280000001,Regular,27,Delete,ConfigMap,false
1.5159203780000001,Regular,15,Delete,Deployment,false
1.531632221,Regular,27,Create,Deployment,false
1.559652056,Regular,25,Create,ConfigMap,false
1.585767711,Regular,22,Update,Deployment,false
1.608322524,Regular,23,Delete,ConfigMap,false
1.6315210439999999,Regular,12,Delete,Deployment,false
1.644552571,Regular,27,Create,Deployment,false
1.671757178,Regular,24,Create,ConfigMap,false
1.6964204,Regular,17,Update,Deployment,false
1.713642374,Regular,19,Delete,ConfigMap,false
1.733052915,Regular,12,Delete,Deployment,false
1.7459606220000001,Regular,29,Create,Deployment,false
1.77560886,Regular,28,Create,ConfigMap,false
1.803837854,Regular,34,Update,Deployment,false
1.8382983560000001,Regular,22,Delete,ConfigMap,false
1.8611358550000001,Regular,23,Delete,Deployment,false
1.884498861,Regular,32,Create,Deployment,false
1.917233425,Regular,26,Create,ConfigMap,false
1.943497436,Regular,30,Update,Deployment,false
1.974523211,Regular,34,Delete,ConfigMap,false
1.006226686,Regular,44,Create,Deployment,false
1.050912578,Regular,18,Create,ConfigMap,false
1.06895731,Regular,27,Update,Deployment,false
1.096515431,Regular,22,Delete,ConfigMap,false
1.118757105,Regular,20,Delete,Deployment,false
1.139333138,Regular,34,Create,Deployment,false
1.1741924479999999,Regular,36,Create,ConfigMap,false
1.2110691199999999,Regular,23,Update,Deployment,false
1.235081855,Regular,17,Delete,ConfigMap,false
1.252404891,Regular,11,Delete,Deployment,false
1.2644997980000001,Regular,28,Create,Deployment,false
1.292800889,Regular,23,Create,ConfigMap,false
1.31633042,Regular,36,Update,Deployment,false
1.35280223,Regular,33,Delete,ConfigMap,false
1.386360714,Regular,19,Delete,Deployment,false
1.4059413680000001,Regular,20,Create,Deployment,false
1.4268948639999999,Regular,19,Create,ConfigMap,false
1.446636207,Regular,37,Update,Deployment,false
1.48409904,Regular,33,Delete,ConfigMap,false
1.517565121,Regular,31,Delete,Deployment,false
1.549286261,Regular,24,Create,Deployment,false
1.5741763149999999,Regular,22,Create,ConfigMap,false
1.596298701,Regular,24,Update,Deployment,false
1.6205075199999999,Regular,22,Delete,ConfigMap,false
1.642854137,Regular,27,Delete,Deployment,false
1.6707786580000001,Regular,27,Create,Deployment,false
1.698210548,Regular,29,Create,ConfigMap,false
1.727577429,Regular,21,Update,Deployment,false
1.749469809,Regular,12,Delete,ConfigMap,false
1.7616561640000001,Regular,21,Delete,Deployment,false
1.783221092,Regular,21,Create,Deployment,false
1.805149009,Regular,22,Create,ConfigMap,false
1.8281755880000001,Regular,33,Update,Deployment,false
1.861641163,Regular,27,Delete,ConfigMap,false
1.889392864,Regular,18,Delete,Deployment,false
1.907640549,Regular,26,Create,Deployment,false
1.934606109,Regular,17,Create,ConfigMap,false
1.9521620290000001,Regular,30,Update,Deployment,false
1.982480426,Regular,27,Delete,ConfigMap,false
1.008910232,Regular,44,Create,Deployment,false
1.053253891,Regular,24,Create,ConfigMap,false
1.077722621,Regular,27,Update,Deployment,false
1.104902972,Regular,22,Delete,ConfigMap,false
1.127201026,Regular,12,Delete,Deployment,false
1.140173104,Regular,33,Create,Deployment,false
1.173724248,Regular,31,Create,ConfigMap,false
1.205218882,Regular,29,Update,Deployment,false
1.235016698,Regular,18,Delete,ConfigMap,false
1.253535699,Regular,16,Delete,Deployment,false
1.269701333,Regular,23,Create,Deployment,false
1.292747969,Regular,21,Create,ConfigMap,false
1.314372014,Regular,27,Update,Deployment,false
1.3422999660000001,Regular,27,Delete,ConfigMap,false
1.369625676,Regular,29,Delete,Deployment,false
1.399561673,Regular,28,Create,Deployment,false
1.428184259,Regular,18,Create,ConfigMap,false
1.447159658,Regular,37,Update,Deployment,false
1.484301633,Regular,30,Delete,ConfigMap,false
1.5144848789999998,Regular,23,Delete,Deployment,false
1.537539314,Regular,31,Create,Deployment,false
1.5692167719999999,Regular,27,Create,ConfigMap,false
1.5972028059999999,Regular,27,Update,Deployment,false
1.6245010610000001,Regular,17,Delete,ConfigMap,false
1.6424467759999999,Regular,29,Delete,Deployment,false
1.671731958,Regular,25,Create,Deployment,false
1.697647612,Regular,29,Create,ConfigMap,false
1.72682985,Regular,31,Update,Deployment,false
1.7583844690000001,Regular,23,Delete,ConfigMap,false
1.781438563,Regular,23,Delete,Deployment,false
1.805171206,Regular,30,Create,Deployment,false
1.835775135,Regular,17,Create,ConfigMap,false
1.8530410480000001,Regular,21,Update,Deployment,false
1.874891965,Regular,22,Delete,ConfigMap,false
1.897053283,Regular,23,Delete,Deployment,false
1.920677404,Regular,26,Create,Deployment,false
1.947644545,Regular,25,Create,ConfigMap,false
1.973420236,Regular,38,Update,Deployment,false
1.042453979,Regular,25,Delete,Deployment,false
1.068031593,Regular,28,Create,Deployment,false
1.096903519,Regular,21,Create,ConfigMap,false
1.118302014,Regular,31,Update,Deployment,false
1.149701505,Regular,22,Delete,ConfigMap,false
1.172315662,Regular,31,Delete,Deployment,false
1.204213074,Regular,33,Create,Deployment,false
1.238051,Regular,23,Create,ConfigMap,false
1.262023784,Regular,28,Update,Deployment,false
1.290734515,Regular,17,Delete,ConfigMap,false
1.308346118,Regular,16,Delete,Deployment,false
1.32463715,Regular,29,Create,Deployment,false
1.354442063,Regular,21,Create,ConfigMap,false
1.375703071,Regular,31,Update,Deployment,false
1.406765493,Regular,16,Delete,ConfigMap,false
1.423807049,Regular,21,Delete,Deployment,false
1.445822283,Regular,41,Create,Deployment,false
1.48767838,Regular,31,Create,ConfigMap,false
1.518761918,Regular,41,Update,Deployment,false
1.559818996,Regular,24,Delete,ConfigMap,false
1.584205962,Regular,20,Delete,Deployment,false
1.604570685,Regular,25,Create,Deployment,false
1.629720829,Regular,24,Create,ConfigMap,false
1.6544777929999999,Regular,40,Update,Deployment,false
1.694821165,Regular,20,Delete,ConfigMap,false
1.715746931,Regular,17,Delete,Deployment,false
1.73350549,Regular,22,Create,Deployment,false
1.756022993,Regular,24,Create,ConfigMap,false
1.78131714,Regular,26,Update,Deployment,false
1.8077462579999999,Regular,22,Delete,ConfigMap,false
1.830176937,Regular,16,Delete,Deployment,false
1.846304768,Regular,38,Create,Deployment,false
1.884846566,Regular,25,Create,ConfigMap,false
1.9104986400000001,Regular,27,Update,Deployment,false
1.937577546,Regular,12,Delete,ConfigMap,false
1.950054873,Regular,23,Delete,Deployment,false
1.9737656879999999,Regular,40,Create,Deployment,false
1.02090156,Regular,31,Delete,Deployment,false
1.052427635,Regular,31,Create,Deployment,false
1.083650569,Regular,35,Create,ConfigMap,false
1.118778662,Regular,29,Update,Deployment,false
1.148527043,Regular,25,Delete,ConfigMap,false
1.174563406,Regular,30,Delete,Deployment,false
1.204893414,Regular,33,Create,Deployment,false
1.238585112,Regular,23,Create,ConfigMap,false
1.262340461,Regular,29,Update,Deployment,false
1.292242799,Regular,23,Delete,ConfigMap,false
1.315777146,Regular,28,Delete,Deployment,false
1.344349712,Regular,25,Create,Deployment,false
1.369736127,Regular,30,Create,ConfigMap,false
1.400119793,Regular,24,Update,Deployment,false
1.425038816,Regular,12,Delete,ConfigMap,false
1.437900011,Regular,20,Delete,Deployment,false
1.458408486,Regular,49,Create,Deployment,false
1.508207016,Regular,21,Create,ConfigMap,false
1.529777958,Regular,29,Update,Deployment,false
1.559188716,Regular,18,Delete,ConfigMap,false
1.577290955,Regular,20,Delete,Deployment,false
1.598116817,Regular,27,Create,Deployment,false
1.6256213640000001,Regular,29,Create,ConfigMap,false
1.6551673180000002,Regular,31,Update,Deployment,false
1.687098771,Regular,14,Delete,ConfigMap,false
1.701755084,Regular,14,Delete,Deployment,false
1.716965979,Regular,21,Create,Deployment,false
1.738941737,Regular,35,Create,ConfigMap,false
1.7742394830000001,Regular,22,Update,Deployment,false
1.796453962,Regular,19,Delete,ConfigMap,false
1.815958097,Regular,21,Delete,Deployment,false
1.837343709,Regular,22,Create,Deployment,false
1.859636345,Regular,30,Create,ConfigMap,false
1.8898204079999998,Regular,31,Update,Deployment,false
1.921006571,Regular,21,Delete,ConfigMap,false
1.943037348,Regular,20,Delete,Deployment,false
1.9633960350000002,Regular,25,Create,Deployment,false
1.989008127,Regular,25,Create,ConfigMap,false
1.006227193,Regular,36,Create,Deployment,false
1.042512794,Regular,25,Create,ConfigMap,false
1.067598913,Regular,29,Update,Deployment,false
1.097248088,Regular,21,Delete,ConfigMap,false
1.119178322,Regular,20,Delete,Deployment,false
1.1399354019999999,Regular,33,Create,Deployment,false
1.173254822,Regular,31,Create,ConfigMap,false
1.204406877,Regular,27,Update,Deployment,false
1.232350308,Regular,21,Delete,ConfigMap,false
1.254276711,Regular,18,Delete,Deployment,false
1.273222682,Regular,27,Create,Deployment,false
1.301057254,Regular,14,Create,ConfigMap,false
1.3157096099999999,Regular,29,Update,Deployment,false
1.344984836,Regular,31,Delete,ConfigMap,false
1.3762487509999999,Regular,22,Delete,Deployment,false
1.3992669549999999,Regular,29,Create,Deployment,false
1.428390021,Regular,23,Create,ConfigMap,false
1.452240659,Regular,39,Update,Deployment,false
1.491736349,Regular,34,Delete,ConfigMap,false
1.525848258,Regular,19,Delete,Deployment,false
1.545402926,Regular,23,Create,Deployment,false
1.569216771,Regular,26,Create,ConfigMap,false
1.596197129,Regular,22,Update,Deployment,false
1.619163895,Regular,18,Delete,ConfigMap,false
1.6372757999999998,Regular,14,Delete,Deployment,false
1.651451086,Regular,45,Create,Deployment,false
1.6972779949999999,Regular,29,Create,ConfigMap,false
1.7263476660000001,Regular,31,Update,Deployment,false
1.757480027,Regular,24,Delete,ConfigMap,false
1.7817031920000002,Regular,23,Delete,Deployment,false
1.805097458,Regular,25,Create,Deployment,false
1.8302660670000002,Regular,17,Create,ConfigMap,false
1.848054571,Regular,28,Update,Deployment,false
1.8770121180000001,Regular,26,Delete,ConfigMap,false
1.9033757580000001,Regular,17,Delete,Deployment,false
1.9212732909999999,Regular,23,Create,Deployment,false
1.94448825,Regular,20,Create,ConfigMap,false
1.9649079550000002,Regular,32,Update,Deployment,false
1.997731422,Regular,26,Delete,ConfigMap,false
1.040536254,Regular,20,Update,Deployment,false
1.061535955,Regular,14,Delete,ConfigMap,false
1.075947325,Regular,28,Delete,Deployment,false
1.104331135,Regular,20,Create,Deployment,false
1.124916471,Regular,17,Create,ConfigMap,false
1.142159584,Regular,31,Update,Deployment,false
1.173322234,Regular,23,Delete,ConfigMap,false
1.197346217,Regular,18,Delete,Deployment,false
1.216236429,Regular,44,Create,Deployment,false
1.260877234,Regular,26,Create,ConfigMap,false
1.287256949,Regular,27,Update,Deployment,false
1.314437607,Regular,28,Delete,ConfigMap,false
1.3425990460000001,Regular,26,Delete,Deployment,false
1.369431196,Regular,35,Create,Deployment,false
1.404554974,Regular,22,Create,ConfigMap,false
1.426886528,Regular,22,Update,Deployment,false
1.449037299,Regular,33,Delete,ConfigMap,false
1.482106617,Regular,19,Delete,Deployment,false
1.501796444,Regular,35,Create,Deployment,false
1.537341976,Regular,28,Create,ConfigMap,false
1.565586355,Regular,26,Update,Deployment,false
1.5923969310000001,Regular,15,Delete,ConfigMap,false
1.607759562,Regular,21,Delete,Deployment,false
1.6295270240000002,Regular,27,Create,Deployment,false
1.6566352420000001,Regular,31,Create,ConfigMap,false
1.688669364,Regular,18,Update,Deployment,false
1.7072626039999999,Regular,19,Delete,ConfigMap,false
1.726537615,Regular,14,Delete,Deployment,false
1.74098025,Regular,34,Create,Deployment,false
1.7750966400000001,Regular,30,Create,ConfigMap,false
1.805710018,Regular,31,Update,Deployment,false
1.837392527,Regular,25,Delete,ConfigMap,false
1.863055924,Regular,25,Delete,Deployment,false
1.888744864,Regular,25,Create,Deployment,false
1.913910895,Regular,28,Create,ConfigMap,false
1.942768478,Regular,21,Update,Deployment,false
1.963836841,Regular,23,Delete,ConfigMap,false
1.9873133630000002,Regular,38,Delete,Deployment,false
1.070539834,Regular,25,Update,Deployment,false
1.095992987,Regular,22,Delete,ConfigMap,false
1.118917091,Regular,21,Delete,Deployment,false
1.140494408,Regular,32,Create,Deployment,false
1.173704708,Regular,39,Create,ConfigMap,false
1.212779952,Regular,40,Update,Deployment,false
1.253150502,Regular,15,Delete,ConfigMap,false
1.268631916,Regular,29,Delete,Deployment,false
1.298259801,Regular,34,Create,Deployment,false
1.333141002,Regular,40,Create,ConfigMap,false
1.373924535,Regular,32,Update,Deployment,false
1.40623251,Regular,25,Delete,ConfigMap,false
1.432048374,Regular,21,Delete,Deployment,false
1.453580599,Regular,34,Create,Deployment,false
1.488215809,Regular,29,Create,ConfigMap,false
1.517287108,Regular,31,Update,Deployment,false
1.548993072,Regular,19,Delete,ConfigMap,false
1.568333728,Regular,27,Delete,Deployment,false
1.5963435910000001,Regular,16,Create,Deployment,false
1.6133224,Regular,18,Create,ConfigMap,false
1.631601799,Regular,26,Update,Deployment,false
1.6584368299999999,Regular,26,Delete,ConfigMap,false
1.684537931,Regular,13,Delete,Deployment,false
1.6977368350000002,Regular,28,Create,Deployment,false
1.726457669,Regular,27,Create,ConfigMap,false
1.754068961,Regular,23,Update,Deployment,false
1.777677432,Regular,26,Delete,ConfigMap,false
1.803971869,Regular,25,Delete,Deployment,false
1.8298736089999998,Regular,32,Create,Deployment,false
1.862124438,Regular,40,Create,ConfigMap,false
1.902895498,Regular,33,Update,Deployment,false
1.936498989,Regular,13,Delete,ConfigMap,false
1.950490249,Regular,22,Delete,Deployment,false
1.97300208,Regular,27,Create,Deployment,false
2.000387797,Regular,27,Create,ConfigMap,false
1.028847011,Regular,25,Create,Deployment,false
1.053958723,Regular,28,Create,ConfigMap,false
1.082270404,Regular,24,Update,Deployment,false
1.106689283,Regular,19,Delete,ConfigMap,false
1.126419185,Regular,20,Delete,Deployment,false
1.147328225,Regular,26,Create,Deployment,false
1.1743274559999999,Regular,38,Create,ConfigMap,false
1.213022824,Regular,40,Update,Deployment,false
1.253182343,Regular,15,Delete,ConfigMap,false
1.2688763299999999,Regular,23,Delete,Deployment,false
1.292725339,Regular,23,Create,Deployment,false
1.316229683,Regular,32,Create,ConfigMap,false
1.348808711,Regular,39,Update,Deployment,false
1.388818009,Regular,25,Delete,ConfigMap,false
1.413884212,Regular,20,Delete,Deployment,false
1.434614316,Regular,27,Create,Deployment,false
1.462567545,Regular,41,Create,ConfigMap,false
1.5040059590000001,Regular,32,Update,Deployment,false
1.5370320419999999,Regular,22,Delete,ConfigMap,false
1.559467819,Regular,15,Delete,Deployment,false
1.5746679000000001,Regular,30,Create,Deployment,false
1.6051821849999999,Regular,26,Create,ConfigMap,false
1.631539552,Regular,25,Update,Deployment,false
1.657460805,Regular,31,Delete,ConfigMap,false
1.6891269960000002,Regular,9,Delete,Deployment,false
1.698881964,Regular,28,Create,Deployment,false
1.72775641,Regular,20,Create,ConfigMap,false
1.748096729,Regular,22,Update,Deployment,false
1.770832156,Regular,22,Delete,ConfigMap,false
1.793811726,Regular,20,Delete,Deployment,false
1.81424259,Regular,30,Create,Deployment,false
1.844441456,Regular,16,Create,ConfigMap,false
1.860662085,Regular,27,Update,Deployment,false
1.887771576,Regular,25,Delete,ConfigMap,false
1.9130266379999998,Regular,31,Delete,Deployment,false
1.9445892900000001,Regular,20,Create,Deployment,false
1.964890292,Regular,22,Create,ConfigMap,false
1.987063746,Regular,41,Update,Deployment,false
2.013933666,Regular,30,Create,ConfigMap,false
2.044073004,Regular,35,Update,Deployment,false
2.080078757,Regular,16,Delete,ConfigMap,false
2.096456836,Regular,13,Delete,Deployment,false
2.110008623,Regular,22,Create,Deployment,false
2.132657719,Regular,19,Create,ConfigMap,false
2.1520820880000002,Regular,28,Update,Deployment,false
2.180342287,Regular,27,Delete,ConfigMap,false
2.208351874,Regular,19,Delete,Deployment,false
2.2280823610000002,Regular,26,Create,Deployment,false
2.254907851,Regular,27,Create,ConfigMap,false
2.282745982,Regular,29,Update,Deployment,false
2.312420308,Regular,22,Delete,ConfigMap,false
2.335221539,Regular,16,Delete,Deployment,false
2.351936233,Regular,37,Create,Deployment,false
2.389926737,Regular,16,Create,ConfigMap,false
2.40601195,Regular,256,Update,Deployment,false
2.662565882,Regular,47,Delete,ConfigMap,false
2.71049887,Regular,35,Delete,Deployment,false
2.745568477,Regular,38,Create,Deployment,false
2.784370146,Regular,27,Create,ConfigMap,false
2.811714074,Regular,21,Update,Deployment,false
2.833114323,Regular,29,Delete,ConfigMap,false
2.862905461,Regular,29,Delete,Deployment,false
2.892379301,Regular,12,Create,Deployment,false
2.9046968829999997,Regular,38,Create,ConfigMap,false
2.943548443,Regular,22,Update,Deployment,false
2.966554927,Regular,18,Delete,ConfigMap,false
2.984683794,Regular,25,Delete,Deployment,false
2.009609437,Regular,29,Delete,Deployment,false
2.039067215,Regular,32,Create,Deployment,false
2.071522555,Regular,23,Create,ConfigMap,false
2.095398609,Regular,21,Update,Deployment,false
2.11752401,Regular,15,Delete,ConfigMap,false
2.133462019,Regular,19,Delete,Deployment,false
2.153163333,Regular,26,Create,Deployment,false
2.179966711,Regular,33,Create,ConfigMap,false
2.213946037,Regular,32,Update,Deployment,false
2.246673824,Regular,9,Delete,ConfigMap,false
2.255815799,Regular,27,Delete,Deployment,false
2.28343199,Regular,36,Create,Deployment,false
2.319874774,Regular,26,Create,ConfigMap,false
2.346128594,Regular,41,Update,Deployment,false
2.387815894,Regular,16,Delete,ConfigMap,false
2.4039566900000002,Regular,27,Delete,Deployment,false
2.431241592,Regular,230,Create,Deployment,false
2.661568018,Regular,64,Create,ConfigMap,false
2.726396689,Regular,40,Update,Deployment,false
2.767314287,Regular,22,Delete,ConfigMap,false
2.789660723,Regular,21,Delete,Deployment,false
2.811076924,Regular,24,Create,Deployment,false
2.835418592,Regular,39,Create,ConfigMap,false
2.874768934,Regular,28,Update,Deployment,false
2.903580133,Regular,29,Delete,ConfigMap,false
2.932926346,Regular,18,Delete,Deployment,false
2.951425462,Regular,26,Create,Deployment,false
2.977659381,Regular,34,Create,ConfigMap,false
2.027981953,Regular,34,Update,Deployment,false
2.062193803,Regular,26,Delete,ConfigMap,false
2.088232132,Regular,11,Delete,Deployment,false
2.099491368,Regular,19,Create,Deployment,false
2.119421519,Regular,18,Create,ConfigMap,false
2.138331184,Regular,31,Update,Deployment,false
2.169392767,Regular,12,Delete,ConfigMap,false
2.182146996,Regular,22,Delete,Deployment,false
2.204534677,Regular,18,Create,Deployment,false
2.223447545,Regular,30,Create,ConfigMap,false
2.254477984,Regular,37,Update,Deployment,false
2.292031701,Regular,18,Delete,ConfigMap,false
2.310366751,Regular,24,Delete,Deployment,false
2.334787267,Regular,32,Create,Deployment,false
2.367561522,Regular,27,Create,ConfigMap,false
2.395244686,Regular,21,Update,Deployment,false
2.416836468,Regular,30,Delete,ConfigMap,false
2.44744762,Regular,219,Delete,Deployment,false
2.666903505,Regular,58,Create,Deployment,false
2.725150154,Regular,40,Create,ConfigMap,false
2.766193579,Regular,33,Update,Deployment,false
2.799766719,Regular,20,Delete,ConfigMap,false
2.820653918,Regular,30,Delete,Deployment,false
2.851358656,Regular,31,Create,Deployment,false
2.882739146,Regular,30,Create,ConfigMap,false
2.913076358,Regular,18,Update,Deployment,false
2.931302582,Regular,16,Delete,ConfigMap,false
2.9479743899999997,Regular,26,Delete,Deployment,false
2.974204619,Regular,44,Create,Deployment,false
2.009581872,Regular,29,Delete,Deployment,false
2.03889674,Regular,32,Create,Deployment,false
2.071598661,Regular,21,Create,ConfigMap,false
2.093614459,Regular,24,Update,Deployment,false
2.117987246,Regular,15,Delete,ConfigMap,false
2.133797354,Regular,18,Delete,Deployment,false
2.152199197,Regular,27,Create,Deployment,false
2.180328731,Regular,33,Create,ConfigMap,false
2.213749861,Regular,37,Update,Deployment,false
2.251354599,Regular,13,Delete,ConfigMap,false
2.264430709,Regular,25,Delete,Deployment,false
2.289706795,Regular,36,Create,Deployment,false
2.326695127,Regular,19,Create,ConfigMap,false
2.346640258,Regular,20,Update,Deployment,false
2.3675609619999998,Regular,26,Delete,ConfigMap,false
2.393692434,Regular,24,Delete,Deployment,false
2.417883063,Regular,244,Create,Deployment,false
2.66268523,Regular,59,Create,ConfigMap,false
2.72253861,Regular,34,Update,Deployment,false
2.7572330369999998,Regular,16,Delete,ConfigMap,false
2.773447227,Regular,19,Delete,Deployment,false
2.792511845,Regular,21,Create,Deployment,false
2.81370133,Regular,37,Create,ConfigMap,false
2.851000722,Regular,26,Update,Deployment,false
2.877856933,Regular,23,Delete,ConfigMap,false
2.900977668,Regular,20,Delete,Deployment,false
2.921517738,Regular,30,Create,Deployment,false
2.951610425,Regular,32,Create,ConfigMap,false
2.983985783,Regular,34,Update,Deployment,false
2.006257194,Regular,39,Create,ConfigMap,false
2.045529515,Regular,34,Update,Deployment,false
2.080480722,Regular,17,Delete,ConfigMap,false
2.097720851,Regular,14,Delete,Deployment,false
2.111803708,Regular,27,Create,Deployment,false
2.139526337,Regular,23,Create,ConfigMap,false
2.163147883,Regular,25,Update,Deployment,false
2.188180101,Regular,20,Delete,ConfigMap,false
2.208479502,Regular,26,Delete,Deployment,false
2.235501492,Regular,18,Create,Deployment,false
2.253995751,Regular,29,Create,ConfigMap,false
2.283086265,Regular,36,Update,Deployment,false
2.31972168,Regular,16,Delete,ConfigMap,false
2.3367348740000002,Regular,16,Delete,Deployment,false
2.353085182,Regular,36,Create,Deployment,false
2.3893978909999998,Regular,26,Create,ConfigMap,false
2.415755414,Regular,204,Update,Deployment,false
2.61996769,Regular,96,Delete,ConfigMap,false
2.71678259,Regular,22,Delete,Deployment,false
2.739270838,Regular,26,Create,Deployment,false
2.765524312,Regular,18,Create,ConfigMap,false
2.784041112,Regular,29,Update,Deployment,false
2.813766246,Regular,20,Delete,ConfigMap,false
2.834637277,Regular,32,Delete,Deployment,false
2.867014075,Regular,35,Create,Deployment,false
2.902695371,Regular,37,Create,ConfigMap,false
2.940008974,Regular,34,Update,Deployment,false
2.974731656,Regular,25,Delete,ConfigMap,false
3.00012765,Regular,25,Delete,Deployment,false
2.025747703,Regular,37,Create,Deployment,false
2.062925975,Regular,26,Create,ConfigMap,false
2.08903963,Regular,28,Update,Deployment,false
2.117517052,Regular,15,Delete,ConfigMap,false
2.133263746,Regular,18,Delete,Deployment,false
2.151941848,Regular,28,Create,Deployment,false
2.180060107,Regular,32,Create,ConfigMap,false
2.212764342,Regular,31,Update,Deployment,false
2.24404982,Regular,12,Delete,ConfigMap,false
2.256457131,Regular,25,Delete,Deployment,false
2.281732173,Regular,30,Create,Deployment,false
2.312692314,Regular,24,Create,ConfigMap,false
2.337119809,Regular,24,Update,Deployment,false
2.361272782,Regular,24,Delete,ConfigMap,false
2.386188482,Regular,17,Delete,Deployment,false
2.403769726,Regular,28,Create,Deployment,false
2.4326774110000002,Regular,260,Create,ConfigMap,false
2.693011285,Regular,52,Update,Deployment,false
2.745821082,Regular,29,Delete,ConfigMap,false
2.775468499,Regular,23,Delete,Deployment,false
2.798770759,Regular,22,Create,Deployment,false
2.8213300930000003,Regular,23,Create,ConfigMap,false
2.844735356,Regular,33,Update,Deployment,false
2.878248062,Regular,20,Delete,ConfigMap,false
2.899049433,Regular,15,Delete,Deployment,false
2.914978887,Regular,24,Create,Deployment,false
2.93996771,Regular,19,Create,ConfigMap,false
2.9596677590000002,Regular,29,Update,Deployment,false
2.9894385740000002,Regular,20,Delete,ConfigMap,false
3.009918565,Regular,16,Delete,Deployment,false
2.024795757,Regular,21,Delete,Deployment,false
2.046972987,Regular,33,Create,Deployment,false
2.080109148,Regular,19,Create,ConfigMap,false
2.099450721,Regular,18,Update,Deployment,false
2.118231747,Regular,20,Delete,ConfigMap,false
2.138472367,Regular,21,Delete,Deployment,false
2.160491197,Regular,17,Create,Deployment,false
2.177820134,Regular,31,Create,ConfigMap,false
2.209034397,Regular,23,Update,Deployment,false
2.232672948,Regular,20,Delete,ConfigMap,false
2.253092339,Regular,29,Delete,Deployment,false
2.282909662,Regular,36,Create,Deployment,false
2.319484774,Regular,18,Create,ConfigMap,false
2.337669294,Regular,22,Update,Deployment,false
2.359726798,Regular,29,Delete,ConfigMap,false
2.389324861,Regular,15,Delete,Deployment,false
2.405323692,Regular,205,Create,Deployment,false
2.610971805,Regular,114,Create,ConfigMap,false
2.7254339290000003,Regular,41,Update,Deployment,false
2.7672493559999998,Regular,24,Delete,ConfigMap,false
2.791314387,Regular,20,Delete,Deployment,false
2.811454038,Regular,22,Create,Deployment,false
2.8338202839999997,Regular,27,Create,ConfigMap,false
2.861601046,Regular,41,Update,Deployment,false
2.903073176,Regular,17,Delete,ConfigMap,false
2.920939738,Regular,25,Delete,Deployment,false
2.946418165,Regular,30,Create,Deployment,false
2.976519374,Regular,35,Create,ConfigMap,false
3.012025118,Regular,38,Update,Deployment,false
2.011600658,Regular,25,Delete,ConfigMap,false
2.03734142,Regular,18,Delete,Deployment,false
2.055975679,Regular,28,Create,Deployment,false
2.08409138,Regular,16,Create,ConfigMap,false
2.10102168,Regular,24,Update,Deployment,false
2.1253415589999998,Regular,21,Delete,ConfigMap,false
2.146759464,Regular,20,Delete,Deployment,false
2.166849089,Regular,28,Create,Deployment,false
2.194968306,Regular,20,Create,ConfigMap,false
2.215553274,Regular,21,Update,Deployment,false
2.236843795,Regular,16,Delete,ConfigMap,false
2.253322151,Regular,13,Delete,Deployment,false
2.266814546,Regular,34,Create,Deployment,false
2.301192736,Regular,36,Create,ConfigMap,false
2.337446309,Regular,23,Update,Deployment,false
2.361113439,Regular,27,Delete,ConfigMap,false
2.38829277,Regular,30,Delete,Deployment,false
2.418449342,Regular,244,Create,Deployment,false
2.662991107,Regular,63,Create,ConfigMap,false
2.726343859,Regular,39,Update,Deployment,false
2.7663252959999998,Regular,17,Delete,ConfigMap,false
2.7836256539999997,Regular,27,Delete,Deployment,false
2.811290778,Regular,41,Create,Deployment,false
2.852351646,Regular,28,Create,ConfigMap,false
2.8808853450000003,Regular,38,Update,Deployment,false
2.919400172,Regular,23,Delete,ConfigMap,false
2.942688743,Regular,21,Delete,Deployment,false
2.964292487,Regular,22,Create,Deployment,false
2.986610475,Regular,25,Create,ConfigMap,false
3.011711106,Regular,35,Update,Deployment,false
3.047382272,Regular,35,Delete,ConfigMap,false
2.014910221,Regular,32,Update,Deployment,false
2.047263547,Regular,24,Delete,ConfigMap,false
2.071912725,Regular,16,Delete,Deployment,false
2.089122073,Regular,29,Create,Deployment,false
2.118524043,Regular,18,Create,ConfigMap,false
2.136815814,Regular,18,Update,Deployment,false
2.155808525,Regular,18,Delete,ConfigMap,false
2.174719799,Regular,20,Delete,Deployment,false
2.19482551,Regular,21,Create,Deployment,false
2.216126901,Regular,30,Create,ConfigMap,false
2.246806752,Regular,19,Update,Deployment,false
2.266495006,Regular,24,Delete,ConfigMap,false
2.291004412,Regular,18,Delete,Deployment,false
2.30963726,Regular,25,Create,Deployment,false
2.3354368819999998,Regular,28,Create,ConfigMap,false
2.364429598,Regular,27,Update,Deployment,false
2.39161631,Regular,16,Delete,ConfigMap,false
2.408577746,Regular,82,Delete,Deployment,false
2.491227497,Regular,201,Create,Deployment,false
2.692498618,Regular,47,Create,ConfigMap,false
2.740340353,Regular,28,Update,Deployment,false
2.768793348,Regular,23,Delete,ConfigMap,false
2.7923431069999998,Regular,19,Delete,Deployment,false
2.812302506,Regular,34,Create,Deployment,false
2.846610391,Regular,34,Create,ConfigMap,false
2.881134497,Regular,40,Update,Deployment,false
2.921852832,Regular,30,Delete,ConfigMap,false
2.952186201,Regular,21,Delete,Deployment,false
2.973771148,Regular,44,Create,Deployment,false
3.018657041,Regular,31,Create,ConfigMap,false
3.050620664,Regular,37,Update,Deployment,false
2.029118823,Regular,26,Delete,ConfigMap,false
2.055281683,Regular,15,Delete,Deployment,false
2.070713968,Regular,21,Create,Deployment,false
2.092420952,Regular,28,Create,ConfigMap,false
2.120558847,Regular,32,Update,Deployment,false
2.152703568,Regular,21,Delete,ConfigMap,false
2.174453907,Regular,22,Delete,Deployment,false
2.197211096,Regular,34,Create,Deployment,false
2.231775423,Regular,22,Create,ConfigMap,false
2.254457062,Regular,33,Update,Deployment,false
2.288190917,Regular,23,Delete,ConfigMap,false
2.311529048,Regular,23,Delete,Deployment,false
2.334566593,Regular,24,Create,Deployment,false
2.358840308,Regular,33,Create,ConfigMap,false
2.392132539,Regular,25,Update,Deployment,false
2.417922305,Regular,28,Delete,ConfigMap,false
2.446472951,Regular,215,Delete,Deployment,false
2.662490213,Regular,62,Create,Deployment,false
2.725407843,Regular,40,Create,ConfigMap,false
2.765803536,Regular,26,Update,Deployment,false
2.7920454980000002,Regular,20,Delete,ConfigMap,false
2.812818044,Regular,38,Delete,Deployment,false
2.851704408,Regular,31,Create,Deployment,false
2.882985545,Regular,27,Create,ConfigMap,false
2.91101374,Regular,31,Update,Deployment,false
2.942658713,Regular,29,Delete,ConfigMap,false
2.971847641,Regular,37,Delete,Deployment,false
3.009427159,Regular,16,Create,Deployment,false
3.026034121,Regular,28,Create,ConfigMap,false
3.054975362,Regular,35,Update,Deployment,false
3.012014477,Regular,35,Update,Deployment,false
3.047116576,Regular,36,Delete,ConfigMap,false
3.083952928,Regular,27,Delete,Deployment,false
3.111941431,Regular,37,Create,Deployment,false
3.149825969,Regular,24,Create,ConfigMap,false
3.174769736,Regular,31,Update,Deployment,false
3.206552393,Regular,16,Delete,ConfigMap,false
3.222917494,Regular,27,Delete,Deployment,false
3.249962715,Regular,27,Create,Deployment,false
3.277587363,Regular,37,Create,ConfigMap,false
3.314817551,Regular,29,Update,Deployment,false
3.344298446,Regular,20,Delete,ConfigMap,false
3.365236384,Regular,17,Delete,Deployment,false
3.383074472,Regular,22,Create,Deployment,false
3.405954185,Regular,20,Create,ConfigMap,false
3.426751689,Regular,39,Update,Deployment,false
3.46673883,Regular,24,Delete,ConfigMap,false
3.490920084,Regular,39,Delete,Deployment,false
3.530372721,Regular,42,Create,Deployment,false
3.5731757589999997,Regular,36,Create,ConfigMap,false
3.609655294,Regular,35,Update,Deployment,false
3.644763459,Regular,21,Delete,ConfigMap,false
3.666271883,Regular,23,Delete,Deployment,false
3.6900027079999997,Regular,24,Create,Deployment,false
3.7142604500000003,Regular,30,Create,ConfigMap,false
3.7445862500000002,Regular,39,Update,Deployment,false
3.78408134,Regular,29,Delete,ConfigMap,false
3.813713471,Regular,16,Delete,Deployment,false
3.829836217,Regular,24,Create,Deployment,false
3.854857542,Regular,42,Create,ConfigMap,false
3.897423629,Regular,40,Update,Deployment,false
3.937577631,Regular,22,Delete,ConfigMap,false
3.95963583,Regular,18,Delete,Deployment,false
3.977955261,Regular,26,Create,Deployment,false
3.090248189,Regular,16,Delete,ConfigMap,false
3.1069036309999998,Regular,41,Delete,Deployment,false
3.148485189,Regular,40,Create,Deployment,false
3.188819036,Regular,27,Create,ConfigMap,false
3.216035665,Regular,44,Update,Deployment,false
3.260269658,Regular,29,Delete,ConfigMap,false
3.28941924,Regular,23,Delete,Deployment,false
3.312765519,Regular,38,Create,Deployment,false
3.350978001,Regular,21,Create,ConfigMap,false
3.372252117,Regular,30,Update,Deployment,false
3.403099053,Regular,23,Delete,ConfigMap,false
3.426676252,Regular,24,Delete,Deployment,false
3.450931646,Regular,30,Create,Deployment,false
3.481838306,Regular,48,Create,ConfigMap,false
3.530796338,Regular,59,Update,Deployment,false
3.590701539,Regular,22,Delete,ConfigMap,false
3.613072897,Regular,30,Delete,Deployment,false
3.6438710690000002,Regular,28,Create,Deployment,false
3.672442898,Regular,14,Create,ConfigMap,false
3.687421797,Regular,29,Update,Deployment,false
3.716748627,Regular,15,Delete,ConfigMap,false
3.732376349,Regular,15,Delete,Deployment,false
3.747911842,Regular,35,Create,Deployment,false
3.783195853,Regular,41,Create,ConfigMap,false
3.824586804,Regular,20,Update,Deployment,false
3.84558514,Regular,27,Delete,ConfigMap,false
3.873033793,Regular,31,Delete,Deployment,false
3.904224525,Regular,48,Create,Deployment,false
3.952455746,Regular,27,Create,ConfigMap,false
3.980152708,Regular,24,Update,Deployment,false
3.019047997,Regular,36,Delete,ConfigMap,false
3.055824096,Regular,17,Delete,Deployment,false
3.072934675,Regular,32,Create,Deployment,false
3.105356367,Regular,32,Create,ConfigMap,false
3.137617579,Regular,37,Update,Deployment,false
3.175455443,Regular,21,Delete,ConfigMap,false
3.197092941,Regular,17,Delete,Deployment,false
3.215018074,Regular,45,Create,Deployment,false
3.260606702,Regular,26,Create,ConfigMap,false
3.2874969529999998,Regular,26,Update,Deployment,false
3.314012144,Regular,17,Delete,ConfigMap,false
3.331602078,Regular,33,Delete,Deployment,false
3.365544419,Regular,30,Create,Deployment,false
3.396473523,Regular,31,Create,ConfigMap,false
3.428313354,Regular,31,Update,Deployment,false
3.460121986,Regular,31,Delete,ConfigMap,false
3.49173925,Regular,38,Delete,Deployment,false
3.530487515,Regular,41,Create,Deployment,false
3.5722289,Regular,37,Create,ConfigMap,false
3.609730937,Regular,35,Update,Deployment,false
3.645156199,Regular,20,Delete,ConfigMap,false
3.6658341869999997,Regular,22,Delete,Deployment,false
3.688781649,Regular,39,Create,Deployment,false
3.728096287,Regular,33,Create,ConfigMap,false
3.761677528,Regular,40,Update,Deployment,false
3.802211827,Regular,23,Delete,ConfigMap,false
3.8256599380000003,Regular,25,Delete,Deployment,false
3.851245592,Regular,27,Create,Deployment,false
3.87921689,Regular,31,Create,ConfigMap,false
3.91089512,Regular,38,Update,Deployment,false
3.94943785,Regular,19,Delete,ConfigMap,false
3.968847801,Regular,10,Delete,Deployment,false
3.979216579,Regular,25,Create,Deployment,false
3.088046049,Regular,14,Delete,ConfigMap,false
3.102829901,Regular,28,Delete,Deployment,false
3.131741991,Regular,42,Create,Deployment,false
3.1743863,Regular,25,Create,ConfigMap,false
3.199483866,Regular,29,Update,Deployment,false
3.229456112,Regular,24,Delete,ConfigMap,false
3.253561775,Regular,23,Delete,Deployment,false
3.27719721,Regular,25,Create,Deployment,false
3.303017197,Regular,23,Create,ConfigMap,false
3.326260186,Regular,25,Update,Deployment,false
3.351375498,Regular,32,Delete,ConfigMap,false
3.383645535,Regular,22,Delete,Deployment,false
3.406759552,Regular,26,Create,Deployment,false
3.433554296,Regular,26,Create,ConfigMap,false
3.460463235,Regular,50,Update,Deployment,false
3.510588904,Regular,43,Delete,ConfigMap,false
3.55382734,Regular,16,Delete,Deployment,false
3.5699696359999997,Regular,36,Create,Deployment,false
3.606650282,Regular,28,Create,ConfigMap,false
3.635533069,Regular,22,Update,Deployment,false
3.6580488,Regular,15,Delete,ConfigMap,false
3.6735938580000003,Regular,21,Delete,Deployment,false
3.695596572,Regular,32,Create,Deployment,false
3.7276989240000002,Regular,31,Create,ConfigMap,false
3.759496365,Regular,28,Update,Deployment,false
3.787645008,Regular,37,Delete,ConfigMap,false
3.825247141,Regular,17,Delete,Deployment,false
3.843009727,Regular,28,Create,Deployment,false
3.871360487,Regular,23,Create,ConfigMap,false
3.894565644,Regular,34,Update,Deployment,false
3.9295610439999997,Regular,31,Delete,ConfigMap,false
3.960699725,Regular,17,Delete,Deployment,false
3.977988604,Regular,27,Create,Deployment,false
3.026418538,Regular,34,Create,Deployment,false
3.061095686,Regular,34,Create,ConfigMap,false
3.095219094,Regular,36,Update,Deployment,false
3.13139903,Regular,18,Delete,ConfigMap,false
3.150196001,Regular,35,Delete,Deployment,false
3.185708548,Regular,28,Create,Deployment,false
3.21408423,Regular,26,Create,ConfigMap,false
3.240437853,Regular,38,Update,Deployment,false
3.27868009,Regular,23,Delete,ConfigMap,false
3.302708009,Regular,24,Delete,Deployment,false
3.32739323,Regular,38,Create,Deployment,false
3.365502131,Regular,30,Create,ConfigMap,false
3.396049674,Regular,27,Update,Deployment,false
3.423437232,Regular,21,Delete,ConfigMap,false
3.4452568230000002,Regular,30,Delete,Deployment,false
3.475302457,Regular,38,Create,Deployment,false
3.513789199,Regular,33,Create,ConfigMap,false
3.5473583140000002,Regular,42,Update,Deployment,false
3.590003804,Regular,18,Delete,ConfigMap,false
3.6086741140000003,Regular,19,Delete,Deployment,false
3.628119265,Regular,27,Create,Deployment,false
3.656003035,Regular,18,Create,ConfigMap,false
3.674192179,Regular,35,Update,Deployment,false
3.709304645,Regular,28,Delete,ConfigMap,false
3.7376776940000003,Regular,26,Delete,Deployment,false
3.764382912,Regular,31,Create,Deployment,false
3.7963405630000002,Regular,28,Create,ConfigMap,false
3.824713838,Regular,26,Update,Deployment,false
3.8512472559999997,Regular,21,Delete,ConfigMap,false
3.872717241,Regular,31,Delete,Deployment,false
3.903974373,Regular,47,Create,Deployment,false
3.951326656,Regular,27,Create,ConfigMap,false
3.979122924,Regular,26,Update,Deployment,false
3.025946088,Regular,34,Create,Deployment,false
3.060276983,Regular,34,Create,ConfigMap,false
3.094988501,Regular,35,Update,Deployment,false
3.130846667,Regular,20,Delete,ConfigMap,false
3.151115178,Regular,35,Delete,Deployment,false
3.186282816,Regular,30,Create,Deployment,false
3.217016094,Regular,40,Create,ConfigMap,false
3.257936744,Regular,38,Update,Deployment,false
3.296487945,Regular,29,Delete,ConfigMap,false
3.326251795,Regular,16,Delete,Deployment,false
3.343061842,Regular,24,Create,Deployment,false
3.367210576,Regular,21,Create,ConfigMap,false
3.388634391,Regular,25,Update,Deployment,false
3.414285885,Regular,19,Delete,ConfigMap,false
3.433333901,Regular,20,Delete,Deployment,false
3.4535118479999998,Regular,30,Create,Deployment,false
3.4842765780000002,Regular,39,Create,ConfigMap,false
3.524157783,Regular,31,Update,Deployment,false
3.556065441,Regular,35,Delete,ConfigMap,false
3.591714172,Regular,20,Delete,Deployment,false
3.612732913,Regular,31,Create,Deployment,false
3.644477136,Regular,27,Create,ConfigMap,false
3.671538042,Regular,40,Update,Deployment,false
3.712172248,Regular,24,Delete,ConfigMap,false
3.736934281,Regular,26,Delete,Deployment,false
3.763451774,Regular,33,Create,Deployment,false
3.797345386,Regular,28,Create,ConfigMap,false
3.825924605,Regular,28,Update,Deployment,false
3.854081779,Regular,23,Delete,ConfigMap,false
3.877256938,Regular,27,Delete,Deployment,false
3.904411913,Regular,46,Create,Deployment,false
3.9506419900000003,Regular,20,Create,ConfigMap,false
3.97127816,Regular,31,Update,Deployment,false
4.002702927,Regular,16,Delete,ConfigMap,false
3.010722932,Regular,24,Create,Deployment,false
3.03580068,Regular,24,Create,ConfigMap,false
3.060505109,Regular,32,Update,Deployment,false
3.093299934,Regular,14,Delete,ConfigMap,false
3.107460168,Regular,40,Delete,Deployment,false
3.148152881,Regular,23,Create,Deployment,false
3.172042757,Regular,24,Create,ConfigMap,false
3.196719231,Regular,34,Update,Deployment,false
3.231622959,Regular,21,Delete,ConfigMap,false
3.253413944,Regular,23,Delete,Deployment,false
3.276514843,Regular,36,Create,Deployment,false
3.312975464,Regular,22,Create,ConfigMap,false
3.335915202,Regular,27,Update,Deployment,false
3.363457165,Regular,18,Delete,ConfigMap,false
3.381612824,Regular,16,Delete,Deployment,false
3.398440142,Regular,21,Create,Deployment,false
3.42017206,Regular,24,Create,ConfigMap,false
3.444970391,Regular,35,Update,Deployment,false
3.480996574,Regular,37,Delete,ConfigMap,false
3.518480716,Regular,21,Delete,Deployment,false
3.539765241,Regular,33,Create,Deployment,false
3.573154188,Regular,36,Create,ConfigMap,false
3.609399406,Regular,35,Update,Deployment,false
3.645430224,Regular,23,Delete,ConfigMap,false
3.66903751,Regular,25,Delete,Deployment,false
3.6943463899999998,Regular,33,Create,Deployment,false
3.7280129669999997,Regular,33,Create,ConfigMap,false
3.761254405,Regular,32,Update,Deployment,false
3.79405178,Regular,31,Delete,ConfigMap,false
3.825914944,Regular,16,Delete,Deployment,false
3.842822177,Regular,27,Create,Deployment,false
3.870716981,Regular,28,Create,ConfigMap,false
3.898831356,Regular,36,Update,Deployment,false
3.935632167,Regular,23,Delete,ConfigMap,false
3.959551033,Regular,17,Delete,Deployment,false
3.977030469,Regular,26,Create,Deployment,false
4.003235173,Regular,16,Create,ConfigMap,false
3.018752501,Regular,31,Create,ConfigMap,false
3.050433692,Regular,39,Update,Deployment,false
3.09007188,Regular,28,Delete,ConfigMap,false
3.118564732,Regular,30,Delete,Deployment,false
3.14940833,Regular,38,Create,Deployment,false
3.188393516,Regular,28,Create,ConfigMap,false
3.216487709,Regular,43,Update,Deployment,false
3.260487582,Regular,28,Delete,ConfigMap,false
3.289499099,Regular,17,Delete,Deployment,false
3.306562324,Regular,36,Create,Deployment,false
3.343349953,Regular,27,Create,ConfigMap,false
3.370568005,Regular,24,Update,Deployment,false
3.395262667,Regular,18,Delete,ConfigMap,false
3.413810453,Regular,23,Delete,Deployment,false
3.437317721,Regular,43,Create,Deployment,false
3.481252458,Regular,49,Create,ConfigMap,false
3.530344323,Regular,60,Update,Deployment,false
3.590569942,Regular,26,Delete,ConfigMap,false
3.617007781,Regular,25,Delete,Deployment,false
3.642328159,Regular,20,Create,Deployment,false
3.663256498,Regular,24,Create,ConfigMap,false
3.6873316860000003,Regular,26,Update,Deployment,false
3.713666114,Regular,22,Delete,ConfigMap,false
3.7367013829999998,Regular,25,Delete,Deployment,false
3.762538094,Regular,30,Create,Deployment,false
3.793530887,Regular,31,Create,ConfigMap,false
3.825478613,Regular,25,Update,Deployment,false
3.850564942,Regular,21,Delete,ConfigMap,false
3.872575823,Regular,29,Delete,Deployment,false
3.9025843609999997,Regular,37,Create,Deployment,false
3.940043342,Regular,31,Create,ConfigMap,false
3.971153335,Regular,33,Update,Deployment,false
4.004750775,Regular,21,Delete,ConfigMap,false
3.05079863,Regular,20,Delete,ConfigMap,false
3.071443526,Regular,23,Delete,Deployment,false
3.094926341,Regular,33,Create,Deployment,false
3.128308267,Regular,20,Create,ConfigMap,false
3.14880729,Regular,37,Update,Deployment,false
3.186122819,Regular,17,Delete,ConfigMap,false
3.203771001,Regular,22,Delete,Deployment,false
3.225954246,Regular,34,Create,Deployment,false
3.260827222,Regular,33,Create,ConfigMap,false
3.294090979,Regular,26,Update,Deployment,false
3.320297568,Regular,15,Delete,ConfigMap,false
3.335595459,Regular,29,Delete,Deployment,false
3.365516736,Regular,25,Create,Deployment,false
3.391216924,Regular,13,Create,ConfigMap,false
3.404938323,Regular,28,Update,Deployment,false
3.433416484,Regular,21,Delete,ConfigMap,false
3.4550496600000002,Regular,20,Delete,Deployment,false
3.475263454,Regular,38,Create,Deployment,false
3.514219796,Regular,50,Create,ConfigMap,false
3.564600264,Regular,31,Update,Deployment,false
3.596144151,Regular,20,Delete,ConfigMap,false
3.6165359500000003,Regular,23,Delete,Deployment,false
3.6405215010000003,Regular,23,Create,Deployment,false
3.664269973,Regular,22,Create,ConfigMap,false
3.686560629,Regular,24,Update,Deployment,false
3.711324564,Regular,25,Delete,ConfigMap,false
3.736387783,Regular,25,Delete,Deployment,false
3.7623545739999997,Regular,34,Create,Deployment,false
3.797384262,Regular,28,Create,ConfigMap,false
3.82601833,Regular,19,Update,Deployment,false
3.845939772,Regular,19,Delete,ConfigMap,false
3.865772938,Regular,22,Delete,Deployment,false
3.88838226,Regular,41,Create,Deployment,false
3.929916424,Regular,30,Create,ConfigMap,false
3.959997825,Regular,26,Update,Deployment,false
3.9866070479999998,Regular,21,Delete,ConfigMap,false
4.008103175,Regular,16,Delete,Deployment,false
4.025121621,Regular,33,Create,Deployment,false
3.08332568,Regular,19,Delete,Deployment,false
3.102446036,Regular,27,Create,Deployment,false
3.130364107,Regular,33,Create,ConfigMap,false
3.164190197,Regular,23,Update,Deployment,false
3.187263348,Regular,18,Delete,ConfigMap,false
3.205320525,Regular,22,Delete,Deployment,false
3.228285496,Regular,32,Create,Deployment,false
3.261171811,Regular,27,Create,ConfigMap,false
3.289140773,Regular,26,Update,Deployment,false
3.315581779,Regular,20,Delete,ConfigMap,false
3.335954967,Regular,29,Delete,Deployment,false
3.36544146,Regular,28,Create,Deployment,false
3.3942042629999998,Regular,33,Create,ConfigMap,false
3.427970375,Regular,38,Update,Deployment,false
3.466512907,Regular,29,Delete,ConfigMap,false
3.496297723,Regular,26,Delete,Deployment,false
3.523249271,Regular,39,Create,Deployment,false
3.562492696,Regular,45,Create,ConfigMap,false
3.608395758,Regular,34,Update,Deployment,false
3.642708227,Regular,20,Delete,ConfigMap,false
3.663365267,Regular,15,Delete,Deployment,false
3.6787304499999998,Regular,30,Create,Deployment,false
3.709234791,Regular,31,Create,ConfigMap,false
3.740588663,Regular,26,Update,Deployment,false
3.767299781,Regular,30,Delete,ConfigMap,false
3.797591082,Regular,28,Delete,Deployment,false
3.826772418,Regular,26,Create,Deployment,false
3.853772891,Regular,25,Create,ConfigMap,false
3.879315116,Regular,40,Update,Deployment,false
3.9199548,Regular,29,Delete,ConfigMap,false
3.949847589,Regular,18,Delete,Deployment,false
3.968321009,Regular,18,Create,Deployment,false
3.987096747,Regular,22,Create,ConfigMap,false
4.009697485,Regular,24,Update,Deployment,false
4.034551116,Regular,21,Delete,ConfigMap,false
4.056460539,Regular,15,Delete,Deployment,false
4.006053442,Regular,20,Delete,ConfigMap,false
4.026604638,Regular,12,Delete,Deployment,false
4.039558631,Regular,41,Create,Deployment,false
4.08081181,Regular,30,Create,ConfigMap,false
4.111123907,Regular,28,Update,Deployment,false
4.139405285,Regular,24,Delete,ConfigMap,false
4.163804193,Regular,25,Delete,Deployment,false
4.189376784,Regular,19,Create,Deployment,false
4.209250503,Regular,31,Create,ConfigMap,false
4.240847999,Regular,29,Update,Deployment,false
4.270023471,Regular,22,Delete,ConfigMap,false
4.292742616,Regular,34,Delete,Deployment,false
4.327127148,Regular,27,Create,Deployment,false
4.354740992,Regular,15,Create,ConfigMap,false
4.370640868,Regular,18,Update,Deployment,false
4.388952227,Regular,21,Delete,ConfigMap,false
4.41094005,Regular,17,Delete,Deployment,false
4.428363399,Regular,23,Create,Deployment,false
4.452107399,Regular,16,Create,ConfigMap,false
4.4688507699999995,Regular,18,Update,Deployment,false
4.487517166,Regular,12,Delete,ConfigMap,false
4.500355802,Regular,11,Delete,Deployment,false
4.511997829,Regular,21,Create,Deployment,false
4.533952655,Regular,11,Create,ConfigMap,false
4.54567121,Regular,15,Update,Deployment,false
4.560812305,Regular,8,Delete,ConfigMap,false
4.569603299,Regular,11,Delete,Deployment,false
4.581186256,Regular,23,Create,Deployment,false
4.605109264,Regular,19,Create,ConfigMap,false
4.625125598,Regular,15,Update,Deployment,false
4.640232957,Regular,9,Delete,ConfigMap,false
4.650091495,Regular,10,Delete,Deployment,false
4.660754826,Regular,35,Create,Deployment,false
4.696132286,Regular,43,Create,ConfigMap,false
4.739460422,Regular,24,Update,Deployment,false
4.7636944020000005,Regular,11,Delete,ConfigMap,false
4.774965061,Regular,20,Delete,Deployment,false
4.795441811,Regular,18,Create,Deployment,false
4.81384683,Regular,25,Create,ConfigMap,false
4.839793817,Regular,29,Update,Deployment,false
4.869589588,Regular,18,Delete,ConfigMap,false
4.888083665,Regular,12,Delete,Deployment,false
4.90054068,Regular,34,Create,Deployment,false
4.934726798,Regular,67,Create,ConfigMap,false
4.004404135,Regular,20,Create,ConfigMap,false
4.024964812,Regular,26,Update,Deployment,false
4.051690527,Regular,14,Delete,ConfigMap,false
4.066064216,Regular,24,Delete,Deployment,false
4.090414073,Regular,33,Create,Deployment,false
4.124288231,Regular,24,Create,ConfigMap,false
4.148534134,Regular,34,Update,Deployment,false
4.182724236,Regular,22,Delete,ConfigMap,false
4.205134414,Regular,28,Delete,Deployment,false
4.233316353,Regular,20,Create,Deployment,false
4.253402615,Regular,30,Create,ConfigMap,false
4.284038938,Regular,35,Update,Deployment,false
4.320329524,Regular,17,Delete,ConfigMap,false
4.337554035,Regular,10,Delete,Deployment,false
4.348400805,Regular,17,Create,Deployment,false
4.365943305,Regular,19,Create,ConfigMap,false
4.385647775,Regular,25,Update,Deployment,false
4.411064209,Regular,17,Delete,ConfigMap,false
4.428217782,Regular,24,Delete,Deployment,false
4.45267688,Regular,16,Create,Deployment,false
4.469052558,Regular,15,Create,ConfigMap,false
4.484371545,Regular,20,Update,Deployment,false
4.504600537,Regular,9,Delete,ConfigMap,false
4.514215557,Regular,17,Delete,Deployment,false
4.531573163,Regular,20,Create,Deployment,false
4.551618877,Regular,24,Create,ConfigMap,false
4.576027339,Regular,16,Update,Deployment,false
4.59223244,Regular,13,Delete,ConfigMap,false
4.605483191,Regular,18,Delete,Deployment,false
4.624086467,Regular,16,Create,Deployment,false
4.640446049,Regular,12,Create,ConfigMap,false
4.6530039389999995,Regular,19,Update,Deployment,false
4.672167278,Regular,47,Delete,ConfigMap,false
4.720191112,Regular,27,Delete,Deployment,false
4.747782635,Regular,23,Create,Deployment,false
4.771147014,Regular,35,Create,ConfigMap,false
4.806245339,Regular,28,Update,Deployment,false
4.8351887300000005,Regular,17,Delete,ConfigMap,false
4.852749847,Regular,21,Delete,Deployment,false
4.874064515,Regular,27,Create,Deployment,false
4.901461212,Regular,34,Create,ConfigMap,false
4.936426551,Regular,66,Update,Deployment,false
4.005076847,Regular,22,Create,ConfigMap,false
4.027351766,Regular,25,Update,Deployment,false
4.052488023,Regular,19,Delete,ConfigMap,false
4.071648255,Regular,16,Delete,Deployment,false
4.088377813,Regular,25,Create,Deployment,false
4.113522607,Regular,28,Create,ConfigMap,false
4.14164723,Regular,35,Update,Deployment,false
4.176684277,Regular,27,Delete,ConfigMap,false
4.20462689,Regular,28,Delete,Deployment,false
4.233547403,Regular,31,Create,Deployment,false
4.265148344,Regular,33,Create,ConfigMap,false
4.298781157,Regular,48,Update,Deployment,false
4.347510313,Regular,19,Delete,ConfigMap,false
4.367160041,Regular,20,Delete,Deployment,false
4.388166607,Regular,25,Create,Deployment,false
4.413546143,Regular,14,Create,ConfigMap,false
4.428522957,Regular,24,Update,Deployment,false
4.4532543,Regular,15,Delete,ConfigMap,false
4.46850731,Regular,14,Delete,Deployment,false
4.482624254,Regular,17,Create,Deployment,false
4.50007763,Regular,14,Create,ConfigMap,false
4.514121229,Regular,18,Update,Deployment,false
4.532740896,Regular,10,Delete,ConfigMap,false
4.542892295,Regular,7,Delete,Deployment,false
4.550311421,Regular,14,Create,Deployment,false
4.564544026,Regular,12,Create,ConfigMap,false
4.576751425,Regular,20,Update,Deployment,false
4.597487067,Regular,12,Delete,ConfigMap,false
4.6095556030000004,Regular,14,Delete,Deployment,false
4.62392137,Regular,18,Create,Deployment,false
4.642442235,Regular,17,Create,ConfigMap,false
4.660240443,Regular,42,Update,Deployment,false
4.702660581,Regular,23,Delete,ConfigMap,false
4.726279579,Regular,26,Delete,Deployment,false
4.7525135689999995,Regular,18,Create,Deployment,false
4.771404184,Regular,30,Create,ConfigMap,false
4.801807719,Regular,22,Update,Deployment,false
4.82457749,Regular,13,Delete,ConfigMap,false
4.838106393,Regular,14,Delete,Deployment,false
4.852613403,Regular,37,Create,Deployment,false
4.8896900500000005,Regular,44,Create,ConfigMap,false
4.9346779640000005,Regular,58,Update,Deployment,false
4.993471848,Regular,15,Delete,ConfigMap,false
4.004770119,Regular,17,Delete,ConfigMap,false
4.022246104,Regular,24,Delete,Deployment,false
4.046524997,Regular,33,Create,Deployment,false
4.080399221,Regular,25,Create,ConfigMap,false
4.105697169,Regular,28,Update,Deployment,false
4.134336555,Regular,14,Delete,ConfigMap,false
4.148773938,Regular,24,Delete,Deployment,false
4.173653649,Regular,34,Create,Deployment,false
4.208566155,Regular,31,Create,ConfigMap,false
4.240098436,Regular,30,Update,Deployment,false
4.270174987,Regular,22,Delete,ConfigMap,false
4.293077888,Regular,36,Delete,Deployment,false
4.329778868,Regular,26,Create,Deployment,false
4.356664406,Regular,18,Create,ConfigMap,false
4.37505486,Regular,29,Update,Deployment,false
4.404379423,Regular,19,Delete,ConfigMap,false
4.423903828,Regular,18,Delete,Deployment,false
4.442043769,Regular,18,Create,Deployment,false
4.460510446,Regular,14,Create,ConfigMap,false
4.474692619,Regular,23,Update,Deployment,false
4.497937544,Regular,11,Delete,ConfigMap,false
4.509785923,Regular,9,Delete,Deployment,false
4.519079416,Regular,23,Create,Deployment,false
4.5421659949999995,Regular,11,Create,ConfigMap,false
4.553583313,Regular,16,Update,Deployment,false
4.570582739,Regular,8,Delete,ConfigMap,false
4.579016316,Regular,13,Delete,Deployment,false
4.592899272,Regular,24,Create,Deployment,false
4.617410881,Regular,13,Create,ConfigMap,false
4.631065176,Regular,14,Update,Deployment,false
4.645610392,Regular,9,Delete,ConfigMap,false
4.654972288,Regular,6,Delete,Deployment,false
4.661794106,Regular,57,Create,Deployment,false
4.719098852,Regular,25,Create,ConfigMap,false
4.744518606,Regular,27,Update,Deployment,false
4.772491564,Regular,27,Delete,ConfigMap,false
4.79994182,Regular,12,Delete,Deployment,false
4.812038402,Regular,27,Create,Deployment,false
4.839724125,Regular,35,Create,ConfigMap,false
4.875611994,Regular,23,Update,Deployment,false
4.899410201,Regular,35,Delete,ConfigMap,false
4.934816152,Regular,56,Delete,Deployment,false
4.991509871,Regular,18,Create,Deployment,false
4.05897323,Regular,21,Create,ConfigMap,false
4.080938882,Regular,34,Update,Deployment,false
4.115205331,Regular,26,Delete,ConfigMap,false
4.141836347,Regular,20,Delete,Deployment,false
4.162236776,Regular,31,Create,Deployment,false
4.193711528,Regular,26,Create,ConfigMap,false
4.22056952,Regular,32,Update,Deployment,false
4.252968555,Regular,19,Delete,ConfigMap,false
4.272955846,Regular,17,Delete,Deployment,false
4.290614079,Regular,31,Create,Deployment,false
4.321780531,Regular,26,Create,ConfigMap,false
4.347949747,Regular,29,Update,Deployment,false
4.377737937,Regular,24,Delete,ConfigMap,false
4.402757826,Regular,18,Delete,Deployment,false
4.421060205,Regular,31,Create,Deployment,false
4.452981088,Regular,16,Create,ConfigMap,false
4.469421812,Regular,16,Update,Deployment,false
4.485746161,Regular,16,Delete,ConfigMap,false
4.50225605,Regular,13,Delete,Deployment,false
4.51625644,Regular,17,Create,Deployment,false
4.533577719,Regular,12,Create,ConfigMap,false
4.546435318,Regular,16,Update,Deployment,false
4.563107072,Regular,11,Delete,ConfigMap,false
4.575092836,Regular,11,Delete,Deployment,false
4.587000603,Regular,17,Create,Deployment,false
4.604883794,Regular,20,Create,ConfigMap,false
4.625379861,Regular,18,Update,Deployment,false
4.644008892,Regular,16,Delete,ConfigMap,false
4.660255083,Regular,11,Delete,Deployment,false
4.672207087,Regular,75,Create,Deployment,false
4.747792657,Regular,23,Create,ConfigMap,false
4.770831021,Regular,21,Update,Deployment,false
4.792081683,Regular,13,Delete,ConfigMap,false
4.806052365,Regular,17,Delete,Deployment,false
4.823875958,Regular,27,Create,Deployment,false
4.851184183,Regular,38,Create,ConfigMap,false
4.889777194,Regular,17,Update,Deployment,false
4.907391732,Regular,26,Delete,ConfigMap,false
4.93437465,Regular,44,Delete,Deployment,false
4.978572355,Regular,32,Create,Deployment,false
4.026464796,Regular,18,Delete,Deployment,false
4.045025328,Regular,26,Create,Deployment,false
4.071678631,Regular,27,Create,ConfigMap,false
4.099333197,Regular,28,Update,Deployment,false
4.12815246,Regular,25,Delete,ConfigMap,false
4.153264177,Regular,16,Delete,Deployment,false
4.170131976,Regular,25,Create,Deployment,false
4.195918448,Regular,15,Create,ConfigMap,false
4.211831216,Regular,40,Update,Deployment,false
4.251884885,Regular,15,Delete,ConfigMap,false
4.267196299,Regular,24,Delete,Deployment,false
4.29217213,Regular,37,Create,Deployment,false
4.329376526,Regular,30,Create,ConfigMap,false
4.359474037,Regular,36,Update,Deployment,false
4.39634221,Regular,14,Delete,ConfigMap,false
4.411183889,Regular,17,Delete,Deployment,false
4.4289682169999995,Regular,23,Create,Deployment,false
4.452731119,Regular,13,Create,ConfigMap,false
4.46636735,Regular,20,Update,Deployment,false
4.487383911,Regular,18,Delete,ConfigMap,false
4.5061354,Regular,18,Delete,Deployment,false
4.524956304,Regular,15,Create,Deployment,false
4.540045701,Regular,10,Create,ConfigMap,false
4.551005122,Regular,20,Update,Deployment,false
4.571123219,Regular,12,Delete,ConfigMap,false
4.58325774,Regular,20,Delete,Deployment,false
4.60408267,Regular,20,Create,Deployment,false
4.624785302,Regular,20,Create,ConfigMap,false
4.645474,Regular,15,Update,Deployment,false
4.660789523,Regular,12,Delete,ConfigMap,false
4.67282605,Regular,53,Delete,Deployment,false
4.726048839,Regular,27,Create,Deployment,false
4.753242756,Regular,19,Create,ConfigMap,false
4.773105881,Regular,29,Update,Deployment,false
4.8021567990000005,Regular,24,Delete,ConfigMap,false
4.82662239,Regular,18,Delete,Deployment,false
4.845432723,Regular,25,Create,Deployment,false
4.871467082,Regular,17,Create,ConfigMap,false
4.88949879,Regular,29,Update,Deployment,false
4.9187008,Regular,20,Delete,ConfigMap,false
4.939167099,Regular,45,Delete,Deployment,false
4.985024189,Regular,26,Create,Deployment,false
4.072474843,Regular,41,Create,Deployment,false
4.114075816,Regular,27,Create,ConfigMap,false
4.141487227,Regular,23,Update,Deployment,false
4.164623541,Regular,28,Delete,ConfigMap,false
4.192904067,Regular,26,Delete,Deployment,false
4.21920971,Regular,34,Create,Deployment,false
4.253497928,Regular,27,Create,ConfigMap,false
4.280615611,Regular,39,Update,Deployment,false
4.319996994,Regular,27,Delete,ConfigMap,false
4.347432614,Regular,11,Delete,Deployment,false
4.359307432,Regular,27,Create,Deployment,false
4.38733011,Regular,28,Create,ConfigMap,false
4.4154333900000005,Regular,30,Update,Deployment,false
4.445629771,Regular,11,Delete,ConfigMap,false
4.457103155,Regular,20,Delete,Deployment,false
4.477148447,Regular,21,Create,Deployment,false
4.499024144,Regular,11,Create,ConfigMap,false
4.510413943,Regular,16,Update,Deployment,false
4.526742191,Regular,9,Delete,ConfigMap,false
4.536483154,Regular,9,Delete,Deployment,false
4.546498595,Regular,17,Create,Deployment,false
4.563850837,Regular,19,Create,ConfigMap,false
4.583110905,Regular,22,Update,Deployment,false
4.605268457,Regular,11,Delete,ConfigMap,false
4.616808331,Regular,10,Delete,Deployment,false
4.627677056,Regular,19,Create,Deployment,false
4.646964479,Regular,13,Create,ConfigMap,false
4.660151706,Regular,12,Update,Deployment,false
4.67307807,Regular,47,Delete,ConfigMap,false
4.720275724,Regular,26,Delete,Deployment,false
4.747236475,Regular,23,Create,Deployment,false
4.77103332,Regular,35,Create,ConfigMap,false
4.806343532,Regular,23,Update,Deployment,false
4.829898013,Regular,15,Delete,ConfigMap,false
4.845600748,Regular,29,Delete,Deployment,false
4.875510301,Regular,25,Create,Deployment,false
4.901303494,Regular,36,Create,ConfigMap,false
4.937734459,Regular,55,Update,Deployment,false
4.993394351,Regular,11,Delete,ConfigMap,false
5.004857283,Regular,9,Delete,Deployment,false
4.005126798,Regular,20,Create,ConfigMap,false
4.026105373,Regular,25,Update,Deployment,false
4.051540592,Regular,19,Delete,ConfigMap,false
4.070716094,Regular,19,Delete,Deployment,false
4.08983726,Regular,34,Create,Deployment,false
4.124887377,Regular,29,Create,ConfigMap,false
4.154247857,Regular,30,Update,Deployment,false
4.185155664,Regular,15,Delete,ConfigMap,false
4.200524551,Regular,32,Delete,Deployment,false
4.23330654,Regular,24,Create,Deployment,false
4.257518687,Regular,36,Create,ConfigMap,false
4.293723062,Regular,53,Update,Deployment,false
4.346942719,Regular,16,Delete,ConfigMap,false
4.363847693,Regular,22,Delete,Deployment,false
4.386882432,Regular,16,Create,Deployment,false
4.403029686,Regular,18,Create,ConfigMap,false
4.421485522,Regular,16,Update,Deployment,false
4.438198132,Regular,23,Delete,ConfigMap,false
4.46211802,Regular,7,Delete,Deployment,false
4.46975913,Regular,18,Create,Deployment,false
4.487945018,Regular,22,Create,ConfigMap,false
4.51004626,Regular,17,Update,Deployment,false
4.5271925280000005,Regular,7,Delete,ConfigMap,false
4.535090834,Regular,10,Delete,Deployment,false
4.545890526,Regular,11,Create,Deployment,false
4.55768238,Regular,17,Create,ConfigMap,false
4.575611225,Regular,15,Update,Deployment,false
4.59151512,Regular,10,Delete,ConfigMap,false
4.601845004,Regular,15,Delete,Deployment,false
4.616979443,Regular,15,Create,Deployment,false
4.63262928,Regular,20,Create,ConfigMap,false
4.653227796,Regular,19,Update,Deployment,false
4.67255721,Regular,54,Delete,ConfigMap,false
4.727565204,Regular,25,Delete,Deployment,false
4.752888298,Regular,23,Create,Deployment,false
4.776408096,Regular,30,Create,ConfigMap,false
4.806559039,Regular,26,Update,Deployment,false
4.832902168,Regular,13,Delete,ConfigMap,false
4.845989008,Regular,29,Delete,Deployment,false
4.8758419459999995,Regular,25,Create,Deployment,false
4.90100874,Regular,37,Create,ConfigMap,false
4.938575191,Regular,58,Update,Deployment,false
4.996756914,Regular,18,Delete,ConfigMap,false
4.020239472,Regular,16,Update,Deployment,false
4.037204165,Regular,24,Delete,ConfigMap,false
4.061434194,Regular,27,Delete,Deployment,false
4.088977977,Regular,32,Create,Deployment,false
4.121711623,Regular,19,Create,ConfigMap,false
4.14096175,Regular,33,Update,Deployment,false
4.174095928,Regular,21,Delete,ConfigMap,false
4.196086742,Regular,22,Delete,Deployment,false
4.218900257,Regular,34,Create,Deployment,false
4.253017492,Regular,26,Create,ConfigMap,false
4.279992466,Regular,39,Update,Deployment,false
4.319491164,Regular,28,Delete,ConfigMap,false
4.347825885,Regular,13,Delete,Deployment,false
4.361762706,Regular,32,Create,Deployment,false
4.394225211,Regular,23,Create,ConfigMap,false
4.418089565,Regular,22,Update,Deployment,false
4.44028795,Regular,23,Delete,ConfigMap,false
4.463688846,Regular,15,Delete,Deployment,false
4.479365899,Regular,27,Create,Deployment,false
4.506811652,Regular,17,Create,ConfigMap,false
4.524214559,Regular,13,Update,Deployment,false
4.538233735,Regular,8,Delete,ConfigMap,false
4.546369075,Regular,9,Delete,Deployment,false
4.55592352,Regular,14,Create,Deployment,false
4.570320329,Regular,21,Create,ConfigMap,false
4.592331692,Regular,26,Update,Deployment,false
4.618742943,Regular,13,Delete,ConfigMap,false
4.632735565,Regular,12,Delete,Deployment,false
4.645780821,Regular,12,Create,Deployment,false
4.658613108,Regular,14,Create,ConfigMap,false
4.673034989,Regular,47,Update,Deployment,false
4.721018124,Regular,19,Delete,ConfigMap,false
4.740783443,Regular,11,Delete,Deployment,false
4.752440773,Regular,37,Create,Deployment,false
4.790316266,Regular,23,Create,ConfigMap,false
4.813497971,Regular,30,Update,Deployment,false
4.844321685,Regular,32,Delete,ConfigMap,false
4.877021653,Regular,17,Delete,Deployment,false
4.894175546,Regular,38,Create,Deployment,false
4.933144858,Regular,60,Create,ConfigMap,false
4.993702939,Regular,27,Update,Deployment,false
4.019415149,Regular,14,Delete,Deployment,false
4.033965761,Regular,24,Create,Deployment,false
4.05852591,Regular,40,Create,ConfigMap,false
4.099429081,Regular,35,Update,Deployment,false
4.134669992,Regular,21,Delete,ConfigMap,false
4.156641446,Regular,20,Delete,Deployment,false
4.176908255,Regular,31,Create,Deployment,false
4.208150063,Regular,27,Create,ConfigMap,false
4.235904261,Regular,22,Update,Deployment,false
4.258114544,Regular,23,Delete,ConfigMap,false
4.281425129,Regular,22,Delete,Deployment,false
4.304305448,Regular,36,Create,Deployment,false
4.340717799,Regular,18,Create,ConfigMap,false
4.359058872,Regular,32,Update,Deployment,false
4.391551876,Regular,19,Delete,ConfigMap,false
4.411183583,Regular,16,Delete,Deployment,false
4.42751989,Regular,22,Create,Deployment,false
4.450035013,Regular,17,Create,ConfigMap,false
4.467769852,Regular,19,Update,Deployment,false
4.487132563,Regular,13,Delete,ConfigMap,false
4.500636737,Regular,12,Delete,Deployment,false
4.513354592,Regular,19,Create,Deployment,false
4.533228136,Regular,12,Create,ConfigMap,false
4.545688001,Regular,17,Update,Deployment,false
4.563361241,Regular,12,Delete,ConfigMap,false
4.575478265,Regular,11,Delete,Deployment,false
4.587107803,Regular,27,Create,Deployment,false
4.614785521,Regular,12,Create,ConfigMap,false
4.627049233,Regular,19,Update,Deployment,false
4.646901572,Regular,13,Delete,ConfigMap,false
4.66030058,Regular,12,Delete,Deployment,false
4.673043064,Regular,74,Create,Deployment,false
4.74779205,Regular,21,Create,ConfigMap,false
4.769448429,Regular,22,Update,Deployment,false
4.792241395,Regular,22,Delete,ConfigMap,false
4.814353091,Regular,24,Delete,Deployment,false
4.839311193,Regular,15,Create,Deployment,false
4.854529996,Regular,34,Create,ConfigMap,false
4.889495402,Regular,19,Update,Deployment,false
4.909222128,Regular,29,Delete,ConfigMap,false
4.938411027,Regular,41,Delete,Deployment,false
4.979893217,Regular,31,Create,Deployment,false
5.011339218,Regular,20,Create,ConfigMap,false
5.021659982,Regular,18,Delete,ConfigMap,false
5.040247678,Regular,18,Delete,Deployment,false
5.058815875,Regular,20,Create,Deployment,false
5.079203391,Regular,15,Create,ConfigMap,false
5.094963765,Regular,27,Update,Deployment,false
5.122687731,Regular,13,Delete,ConfigMap,false
5.13640274,Regular,8,Delete,Deployment,false
5.145416305,Regular,14,Create,Deployment,false
5.159996178,Regular,13,Create,ConfigMap,false
5.17373121,Regular,12,Update,Deployment,false
5.186310587,Regular,8,Delete,ConfigMap,false
5.195149476,Regular,10,Delete,Deployment,false
5.205360075,Regular,26,Create,Deployment,false
5.232308565,Regular,16,Create,ConfigMap,false
5.248731577,Regular,15,Update,Deployment,false
5.264038258,Regular,10,Delete,ConfigMap,false
5.274303217,Regular,9,Delete,Deployment,false
5.283780331,Regular,17,Create,Deployment,false
5.301775337,Regular,22,Create,ConfigMap,false
5.323892656,Regular,16,Update,Deployment,false
5.3406798,Regular,12,Delete,ConfigMap,false
5.352770127,Regular,15,Delete,Deployment,false
5.367899278,Regular,18,Create,Deployment,false
5.386522117,Regular,15,Create,ConfigMap,false
5.401986394,Regular,33,Update,Deployment,false
5.435487052,Regular,30,Delete,ConfigMap,false
5.466488228,Regular,18,Delete,Deployment,false
5.484546154,Regular,21,Create,Deployment,false
5.506550348,Regular,16,Create,ConfigMap,false
5.522773884,Regular,15,Update,Deployment,false
5.538510014,Regular,10,Delete,ConfigMap,false
5.549180747,Regular,8,Delete,Deployment,false
5.557299114,Regular,11,Create,Deployment,false
5.5690890920000005,Regular,13,Create,ConfigMap,false
5.582621368,Regular,14,Update,Deployment,false
5.597224375,Regular,7,Delete,ConfigMap,false
5.605110219,Regular,14,Delete,Deployment,false
5.619923602,Regular,19,Create,Deployment,false
5.63930114,Regular,10,Create,ConfigMap,false
5.650059629,Regular,21,Update,Deployment,false
5.6716766199999995,Regular,11,Delete,ConfigMap,false
5.683483047,Regular,8,Delete,Deployment,false
5.691744839,Regular,21,Create,Deployment,false
5.713661613,Regular,14,Create,ConfigMap,false
5.728459437,Regular,14,Update,Deployment,false
5.742913891,Regular,10,Delete,ConfigMap,false
5.753756361,Regular,8,Delete,Deployment,false
5.76213467,Regular,17,Create,Deployment,false
5.779693174,Regular,13,Create,ConfigMap,false
5.793570679,Regular,26,Update,Deployment,false
5.819911311,Regular,14,Delete,ConfigMap,false
5.834468021,Regular,14,Delete,Deployment,false
5.848509688,Regular,13,Create,Deployment,false
5.862474155,Regular,22,Create,ConfigMap,false
5.884957315,Regular,20,Update,Deployment,false
5.905227924,Regular,12,Delete,ConfigMap,false
5.917702396,Regular,9,Delete,Deployment,false
5.926748492,Regular,16,Create,Deployment,false
5.942973567,Regular,18,Create,ConfigMap,false
5.961545577,Regular,23,Update,Deployment,false
5.98521472,Regular,17,Delete,ConfigMap,false
5.010945679,Regular,21,Create,ConfigMap,false
5.032757473,Regular,18,Update,Deployment,false
5.051535377,Regular,10,Delete,ConfigMap,false
5.062494595,Regular,19,Delete,Deployment,false
5.082511646,Regular,16,Create,Deployment,false
5.098798302,Regular,16,Create,ConfigMap,false
5.115632267,Regular,21,Update,Deployment,false
5.137277478,Regular,9,Delete,ConfigMap,false
5.146355831,Regular,14,Delete,Deployment,false
5.160883493,Regular,14,Create,Deployment,false
5.175031905,Regular,22,Create,ConfigMap,false
5.197726787,Regular,25,Update,Deployment,false
5.222922227,Regular,12,Delete,ConfigMap,false
5.23558632,Regular,11,Delete,Deployment,false
5.247536416,Regular,9,Create,Deployment,false
5.257460277,Regular,17,Create,ConfigMap,false
5.274747251,Regular,20,Update,Deployment,false
5.29487849,Regular,14,Delete,ConfigMap,false
5.309216917,Regular,10,Delete,Deployment,false
5.320245369,Regular,15,Create,Deployment,false
5.336066066,Regular,12,Create,ConfigMap,false
5.348140959,Regular,15,Update,Deployment,false
5.363206592,Regular,14,Delete,ConfigMap,false
5.378176217,Regular,13,Delete,Deployment,false
5.391306331,Regular,21,Create,Deployment,false
5.412781015,Regular,17,Create,ConfigMap,false
5.430544777,Regular,37,Update,Deployment,false
5.46815684,Regular,23,Delete,ConfigMap,false
5.491846781,Regular,13,Delete,Deployment,false
5.505157164,Regular,27,Create,Deployment,false
5.5329815589999995,Regular,20,Create,ConfigMap,false
5.55334835,Regular,13,Update,Deployment,false
5.566642634,Regular,12,Delete,ConfigMap,false
5.579045172,Regular,7,Delete,Deployment,false
5.5866653280000005,Regular,18,Create,Deployment,false
5.6049198780000005,Regular,15,Create,ConfigMap,false
5.620746154,Regular,21,Update,Deployment,false
5.642298082,Regular,6,Delete,ConfigMap,false
5.64923082,Regular,15,Delete,Deployment,false
5.664499576,Regular,13,Create,Deployment,false
5.6778741870000005,Regular,10,Create,ConfigMap,false
5.688602477,Regular,25,Update,Deployment,false
5.714208081,Regular,13,Delete,ConfigMap,false
5.7276731640000005,Regular,10,Delete,Deployment,false
5.737853659,Regular,21,Create,Deployment,false
5.759433718,Regular,18,Create,ConfigMap,false
5.778126564,Regular,15,Update,Deployment,false
5.793873599,Regular,25,Delete,ConfigMap,false
5.819456547,Regular,12,Delete,Deployment,false
5.832110506,Regular,23,Create,Deployment,false
5.855459783,Regular,27,Create,ConfigMap,false
5.882637235,Regular,11,Update,Deployment,false
5.894395227,Regular,11,Delete,ConfigMap,false
5.906283114,Regular,14,Delete,Deployment,false
5.920943825,Regular,13,Create,Deployment,false
5.93427035,Regular,13,Create,ConfigMap,false
5.947809319,Regular,23,Update,Deployment,false
5.97150607,Regular,18,Delete,ConfigMap,false
5.990085369,Regular,18,Delete,Deployment,false
5.032210081,Regular,25,Update,Deployment,false
5.057372357,Regular,11,Delete,ConfigMap,false
5.068644904,Regular,13,Delete,Deployment,false
5.082112246,Regular,13,Create,Deployment,false
5.096006294,Regular,14,Create,ConfigMap,false
5.11007552,Regular,24,Update,Deployment,false
5.134653626,Regular,11,Delete,ConfigMap,false
5.145779539,Regular,14,Delete,Deployment,false
5.159918764,Regular,15,Create,Deployment,false
5.17498381,Regular,17,Create,ConfigMap,false
5.192170989,Regular,13,Update,Deployment,false
5.205939386,Regular,8,Delete,ConfigMap,false
5.214622575,Regular,15,Delete,Deployment,false
5.229669297,Regular,12,Create,Deployment,false
5.242550459,Regular,12,Create,ConfigMap,false
5.255160516,Regular,14,Update,Deployment,false
5.270146542,Regular,6,Delete,ConfigMap,false
5.27701847,Regular,12,Delete,Deployment,false
5.289817913,Regular,16,Create,Deployment,false
5.306680936,Regular,11,Create,ConfigMap,false
5.318571555,Regular,16,Update,Deployment,false
5.334840631,Regular,13,Delete,ConfigMap,false
5.348626095,Regular,7,Delete,Deployment,false
5.355904033,Regular,11,Create,Deployment,false
5.367564315,Regular,16,Create,ConfigMap,false
5.384480565,Regular,18,Update,Deployment,false
5.402894274,Regular,18,Delete,ConfigMap,false
5.421349506,Regular,18,Delete,Deployment,false
5.440304085,Regular,39,Create,Deployment,false
5.479459018,Regular,16,Create,ConfigMap,false
5.496326409,Regular,25,Update,Deployment,false
5.521490057,Regular,10,Delete,ConfigMap,false
5.532083099,Regular,11,Delete,Deployment,false
5.543481241,Regular,16,Create,Deployment,false
5.56004888,Regular,13,Create,ConfigMap,false
5.573990193,Regular,16,Update,Deployment,false
5.590303763,Regular,9,Delete,ConfigMap,false
5.599783427,Regular,12,Delete,Deployment,false
5.612314799,Regular,19,Create,Deployment,false
5.631500213,Regular,13,Create,ConfigMap,false
5.6452117170000005,Regular,14,Update,Deployment,false
5.659960631,Regular,12,Delete,ConfigMap,false
5.672494468,Regular,8,Delete,Deployment,false
5.681389807,Regular,25,Create,Deployment,false
5.706964638,Regular,10,Create,ConfigMap,false
5.717375136,Regular,15,Update,Deployment,false
5.732633836,Regular,10,Delete,ConfigMap,false
5.743098206,Regular,16,Delete,Deployment,false
5.759255553,Regular,15,Create,Deployment,false
5.774414662,Regular,15,Create,ConfigMap,false
5.790071261,Regular,23,Update,Deployment,false
5.813140155,Regular,20,Delete,ConfigMap,false
5.834133041,Regular,16,Delete,Deployment,false
5.850744417,Regular,15,Create,Deployment,false
5.866774019,Regular,18,Create,ConfigMap,false
5.8849594750000005,Regular,12,Update,Deployment,false
5.89792693,Regular,18,Delete,ConfigMap,false
5.916045213,Regular,11,Delete,Deployment,false
5.927321612,Regular,16,Create,Deployment,false
5.943653811,Regular,21,Create,ConfigMap,false
5.96479277,Regular,25,Update,Deployment,false
5.990542012,Regular,18,Delete,ConfigMap,false
5.010493758,Regular,28,Create,ConfigMap,false
5.038972941,Regular,19,Update,Deployment,false
5.058239412,Regular,15,Delete,ConfigMap,false
5.074068434,Regular,16,Delete,Deployment,false
5.090839822,Regular,15,Create,Deployment,false
5.106380727,Regular,16,Create,ConfigMap,false
5.122452307,Regular,19,Update,Deployment,false
5.14188443,Regular,5,Delete,ConfigMap,false
5.14725023,Regular,10,Delete,Deployment,false
5.158174231,Regular,16,Create,Deployment,false
5.174621105,Regular,21,Create,ConfigMap,false
5.196423556,Regular,28,Update,Deployment,false
5.224798622,Regular,10,Delete,ConfigMap,false
5.235399934,Regular,12,Delete,Deployment,false
5.247723024,Regular,16,Create,Deployment,false
5.264342643,Regular,17,Create,ConfigMap,false
5.282152706,Regular,20,Update,Deployment,false
5.30277712,Regular,11,Delete,ConfigMap,false
5.313941349,Regular,13,Delete,Deployment,false
5.327393528,Regular,12,Create,Deployment,false
5.339734592,Regular,14,Create,ConfigMap,false
5.354378659,Regular,19,Update,Deployment,false
5.373419978,Regular,8,Delete,ConfigMap,false
5.381834205,Regular,12,Delete,Deployment,false
5.394850944,Regular,17,Create,Deployment,false
5.412684942,Regular,24,Create,ConfigMap,false
5.436948242,Regular,36,Update,Deployment,false
5.47358613,Regular,17,Delete,ConfigMap,false
5.491083769,Regular,14,Delete,Deployment,false
5.505452364,Regular,20,Create,Deployment,false
5.526135016,Regular,16,Create,ConfigMap,false
5.542988118,Regular,16,Update,Deployment,false
5.55944038,Regular,10,Delete,ConfigMap,false
5.569625361,Regular,10,Delete,Deployment,false
5.580311448,Regular,15,Create,Deployment,false
5.595673928,Regular,11,Create,ConfigMap,false
5.607681531,Regular,16,Update,Deployment,false
5.624087317,Regular,7,Delete,ConfigMap,false
5.631643562,Regular,10,Delete,Deployment,false
5.642389142,Regular,16,Create,Deployment,false
5.659303651,Regular,14,Create,ConfigMap,false
5.673528295,Regular,11,Update,Deployment,false
5.68498679,Regular,5,Delete,ConfigMap,false
5.69039261,Regular,23,Delete,Deployment,false
5.714054176,Regular,13,Create,Deployment,false
5.7280603039999995,Regular,11,Create,ConfigMap,false
5.73998527,Regular,19,Update,Deployment,false
5.759308173,Regular,12,Delete,ConfigMap,false
5.772044252,Regular,10,Delete,Deployment,false
5.782110327,Regular,12,Create,Deployment,false
5.794271086,Regular,23,Create,ConfigMap,false
5.818250965,Regular,17,Update,Deployment,false
5.836162681,Regular,10,Delete,ConfigMap,false
5.847083283,Regular,16,Delete,Deployment,false
5.863402044,Regular,22,Create,Deployment,false
5.885592547,Regular,20,Create,ConfigMap,false
5.906227434,Regular,13,Update,Deployment,false
5.919500244,Regular,8,Delete,ConfigMap,false
5.928102623,Regular,9,Delete,Deployment,false
5.937500384,Regular,14,Create,Deployment,false
5.951616877,Regular,19,Create,ConfigMap,false
5.97146297,Regular,24,Update,Deployment,false
5.996125559,Regular,13,Delete,ConfigMap,false
5.011600633,Regular,20,Create,ConfigMap,false
5.032263404,Regular,19,Update,Deployment,false
5.051621605,Regular,10,Delete,ConfigMap,false
5.061931412,Regular,20,Delete,Deployment,false
5.082411386,Regular,23,Create,Deployment,false
5.1063982,Regular,16,Create,ConfigMap,false
5.122661211,Regular,14,Update,Deployment,false
5.137477866,Regular,8,Delete,ConfigMap,false
5.145809022,Regular,13,Delete,Deployment,false
5.159660858,Regular,14,Create,Deployment,false
5.174453337,Regular,16,Create,ConfigMap,false
5.190981829,Regular,13,Update,Deployment,false
5.204460702,Regular,16,Delete,ConfigMap,false
5.221239462,Regular,11,Delete,Deployment,false
5.232592694,Regular,9,Create,Deployment,false
5.242289944,Regular,13,Create,ConfigMap,false
5.256274159,Regular,19,Update,Deployment,false
5.275464414,Regular,14,Delete,ConfigMap,false
5.28983901,Regular,11,Delete,Deployment,false
5.301246445,Regular,18,Create,Deployment,false
5.319424249,Regular,15,Create,ConfigMap,false
5.335270148,Regular,16,Update,Deployment,false
5.351634502,Regular,8,Delete,ConfigMap,false
5.360243197,Regular,7,Delete,Deployment,false
5.368080184,Regular,18,Create,Deployment,false
5.3862385,Regular,10,Create,ConfigMap,false
5.396379675,Regular,15,Update,Deployment,false
5.412326235,Regular,18,Delete,ConfigMap,false
5.430595153,Regular,19,Delete,Deployment,false
5.450284641,Regular,34,Create,Deployment,false
5.485096759,Regular,27,Create,ConfigMap,false
5.512588623,Regular,19,Update,Deployment,false
5.532180202,Regular,10,Delete,ConfigMap,false
5.542633181,Regular,12,Delete,Deployment,false
5.555140215,Regular,15,Create,Deployment,false
5.570792301,Regular,20,Create,ConfigMap,false
5.591409125,Regular,15,Update,Deployment,false
5.606902238,Regular,14,Delete,ConfigMap,false
5.621468474,Regular,17,Delete,Deployment,false
5.638693882,Regular,12,Create,Deployment,false
5.65156782,Regular,12,Create,ConfigMap,false
5.6645809190000005,Regular,15,Update,Deployment,false
5.67973473,Regular,10,Delete,ConfigMap,false
5.689818907,Regular,24,Delete,Deployment,false
5.7139698679999995,Regular,14,Create,Deployment,false
5.728187027,Regular,10,Create,ConfigMap,false
5.739019596,Regular,20,Update,Deployment,false
5.76002871,Regular,15,Delete,ConfigMap,false
5.775304434,Regular,13,Delete,Deployment,false
5.7889690080000005,Regular,22,Create,Deployment,false
5.811461045,Regular,22,Create,ConfigMap,false
5.834127156,Regular,21,Update,Deployment,false
5.85593272,Regular,24,Delete,ConfigMap,false
5.880310141,Regular,10,Delete,Deployment,false
5.891308575,Regular,14,Create,Deployment,false
5.906071304,Regular,20,Create,ConfigMap,false
5.926413696,Regular,16,Update,Deployment,false
5.943360541,Regular,13,Delete,ConfigMap,false
5.956757457,Regular,14,Delete,Deployment,false
5.971089268,Regular,23,Create,Deployment,false
5.994256355,Regular,20,Create,ConfigMap,false
5.002642828,Regular,19,Update,Deployment,false
5.022384386,Regular,18,Delete,ConfigMap,false
5.040588281,Regular,15,Delete,Deployment,false
5.05629994,Regular,19,Create,Deployment,false
5.076008383,Regular,17,Create,ConfigMap,false
5.093243678,Regular,12,Update,Deployment,false
5.105916837,Regular,13,Delete,ConfigMap,false
5.119440221,Regular,10,Delete,Deployment,false
5.129754695,Regular,16,Create,Deployment,false
5.14626617,Regular,13,Create,ConfigMap,false
5.159822801,Regular,15,Update,Deployment,false
5.175490108,Regular,12,Delete,ConfigMap,false
5.18813488,Regular,13,Delete,Deployment,false
5.201833968,Regular,20,Create,Deployment,false
5.22260849,Regular,11,Create,ConfigMap,false
5.234254343,Regular,14,Update,Deployment,false
5.249017073,Regular,14,Delete,ConfigMap,false
5.26305844,Regular,15,Delete,Deployment,false
5.278158343,Regular,15,Create,Deployment,false
5.293898358,Regular,20,Create,ConfigMap,false
5.314138909,Regular,9,Update,Deployment,false
5.324172448,Regular,9,Delete,ConfigMap,false
5.333801683,Regular,10,Delete,Deployment,false
5.344560159,Regular,19,Create,Deployment,false
5.364046674,Regular,16,Create,ConfigMap,false
5.380089953,Regular,13,Update,Deployment,false
5.393634272,Regular,8,Delete,ConfigMap,false
5.402483011,Regular,18,Delete,Deployment,false
5.420574946,Regular,23,Create,Deployment,false
5.443813164,Regular,41,Create,ConfigMap,false
5.484948465,Regular,20,Update,Deployment,false
5.505730561,Regular,15,Delete,ConfigMap,false
5.521464989,Regular,11,Delete,Deployment,false
5.533480236,Regular,19,Create,Deployment,false
5.55309355,Regular,13,Create,ConfigMap,false
5.566219509,Regular,14,Update,Deployment,false
5.580377099,Regular,10,Delete,ConfigMap,false
5.591309752,Regular,16,Delete,Deployment,false
5.607691098,Regular,24,Create,Deployment,false
5.631848296,Regular,12,Create,ConfigMap,false
5.644417917,Regular,15,Update,Deployment,false
5.660137214,Regular,9,Delete,ConfigMap,false
5.670047895,Regular,9,Delete,Deployment,false
5.679169547,Regular,12,Create,Deployment,false
5.691760753,Regular,19,Create,ConfigMap,false
5.711209161,Regular,16,Update,Deployment,false
5.72799737,Regular,8,Delete,ConfigMap,false
5.736784762,Regular,11,Delete,Deployment,false
5.748132818,Regular,17,Create,Deployment,false
5.765320133,Regular,14,Create,ConfigMap,false
5.779716367,Regular,11,Update,Deployment,false
5.791062696,Regular,19,Delete,ConfigMap,false
5.811023347,Regular,13,Delete,Deployment,false
5.824623054,Regular,18,Create,Deployment,false
5.84273235,Regular,24,Create,ConfigMap,false
5.867626948,Regular,20,Update,Deployment,false
5.8881315260000004,Regular,11,Delete,ConfigMap,false
5.899964145,Regular,11,Delete,Deployment,false
5.911208246,Regular,16,Create,Deployment,false
5.927409608,Regular,10,Create,ConfigMap,false
5.937738503,Regular,29,Update,Deployment,false
5.967325508,Regular,21,Delete,ConfigMap,false
5.988510349,Regular,15,Delete,Deployment,false
6.003564014,Regular,18,Create,Deployment,false
5.014228479,Regular,27,Create,Deployment,false
5.041477505,Regular,17,Create,ConfigMap,false
5.058933403,Regular,23,Update,Deployment,false
5.082749649,Regular,11,Delete,ConfigMap,false
5.094431357,Regular,12,Delete,Deployment,false
5.10665632,Regular,17,Create,Deployment,false
5.123903851,Regular,13,Create,ConfigMap,false
5.13783191,Regular,16,Update,Deployment,false
5.154821818,Regular,11,Delete,ConfigMap,false
5.16639973,Regular,11,Delete,Deployment,false
5.177817997,Regular,19,Create,Deployment,false
5.197546354,Regular,11,Create,ConfigMap,false
5.208986363,Regular,27,Update,Deployment,false
5.236068712,Regular,12,Delete,ConfigMap,false
5.248118539,Regular,14,Delete,Deployment,false
5.26304692,Regular,17,Create,Deployment,false
5.280142269,Regular,13,Create,ConfigMap,false
5.293874376,Regular,18,Update,Deployment,false
5.312288201,Regular,12,Delete,ConfigMap,false
5.324358431,Regular,9,Delete,Deployment,false
5.334156215,Regular,19,Create,Deployment,false
5.35400747,Regular,13,Create,ConfigMap,false
5.367288406,Regular,12,Update,Deployment,false
5.380104191,Regular,11,Delete,ConfigMap,false
5.391814952,Regular,10,Delete,Deployment,false
5.4024490499999995,Regular,20,Create,Deployment,false
5.423344829,Regular,19,Create,ConfigMap,false
5.443328041,Regular,36,Update,Deployment,false
5.479708658,Regular,11,Delete,ConfigMap,false
5.491157351,Regular,14,Delete,Deployment,false
5.50522783,Regular,16,Create,Deployment,false
5.522223826,Regular,11,Create,ConfigMap,false
5.533506867,Regular,19,Update,Deployment,false
5.552750361,Regular,10,Delete,ConfigMap,false
5.563184693,Regular,9,Delete,Deployment,false
5.572705657,Regular,18,Create,Deployment,false
5.590739959,Regular,16,Create,ConfigMap,false
5.607669039,Regular,24,Update,Deployment,false
5.632336061,Regular,11,Delete,ConfigMap,false
5.643848745,Regular,13,Delete,Deployment,false
5.657722575,Regular,14,Create,Deployment,false
5.672450078,Regular,10,Create,ConfigMap,false
5.683258335,Regular,19,Update,Deployment,false
5.702602314,Regular,15,Delete,ConfigMap,false
5.718214,Regular,12,Delete,Deployment,false
5.730821804,Regular,13,Create,Deployment,false
5.744010003,Regular,13,Create,ConfigMap,false
5.757915015,Regular,14,Update,Deployment,false
5.772899582,Regular,14,Delete,ConfigMap,false
5.787016276,Regular,9,Delete,Deployment,false
5.79665468,Regular,28,Create,Deployment,false
5.825165766,Regular,15,Create,ConfigMap,false
5.840922464,Regular,13,Update,Deployment,false
5.854541104,Regular,15,Delete,ConfigMap,false
5.870273504,Regular,13,Delete,Deployment,false
5.883588906,Regular,12,Create,Deployment,false
5.896474074,Regular,19,Create,ConfigMap,false
5.916212919,Regular,16,Update,Deployment,false
5.932814238,Regular,8,Delete,ConfigMap,false
5.941761838,Regular,6,Delete,Deployment,false
5.948743202,Regular,34,Create,Deployment,false
5.9830820970000005,Regular,18,Create,ConfigMap,false
6.001995119,Regular,12,Update,Deployment,false
6.014396227,Regular,11,Delete,ConfigMap,false
5.015455202,Regular,16,Delete,Deployment,false
5.032468017,Regular,17,Create,Deployment,false
5.049919642,Regular,10,Create,ConfigMap,false
5.060642104,Regular,15,Update,Deployment,false
5.076505809,Regular,13,Delete,ConfigMap,false
5.090479041,Regular,11,Delete,Deployment,false
5.101952237,Regular,23,Create,Deployment,false
5.125658783,Regular,14,Create,ConfigMap,false
5.140335879,Regular,12,Update,Deployment,false
5.152994979,Regular,7,Delete,ConfigMap,false
5.161030906,Regular,9,Delete,Deployment,false
5.170239498,Regular,18,Create,Deployment,false
5.18836512,Regular,14,Create,ConfigMap,false
5.202659263,Regular,22,Update,Deployment,false
5.2252283,Regular,10,Delete,ConfigMap,false
5.235567712,Regular,12,Delete,Deployment,false
5.247636616,Regular,16,Create,Deployment,false
5.264615024,Regular,13,Create,ConfigMap,false
5.278380317,Regular,16,Update,Deployment,false
5.294736598,Regular,10,Delete,ConfigMap,false
5.305191269,Regular,12,Delete,Deployment,false
5.317362492,Regular,11,Create,Deployment,false
5.32937944,Regular,15,Create,ConfigMap,false
5.344914479,Regular,16,Update,Deployment,false
5.361551962,Regular,7,Delete,ConfigMap,false
5.368857396,Regular,12,Delete,Deployment,false
5.381174873,Regular,13,Create,Deployment,false
5.39464218,Regular,15,Create,ConfigMap,false
5.410466114,Regular,24,Update,Deployment,false
5.435453848,Regular,33,Delete,ConfigMap,false
5.468646067,Regular,22,Delete,Deployment,false
5.491564918,Regular,15,Create,Deployment,false
5.5073464770000005,Regular,15,Create,ConfigMap,false
5.52275312,Regular,11,Update,Deployment,false
5.534124427,Regular,8,Delete,ConfigMap,false
5.542849635,Regular,14,Delete,Deployment,false
5.557834853,Regular,16,Create,Deployment,false
5.573953572,Regular,17,Create,ConfigMap,false
5.591243936,Regular,19,Update,Deployment,false
5.610775042,Regular,14,Delete,ConfigMap,false
5.625330169,Regular,7,Delete,Deployment,false
5.63280725,Regular,15,Create,Deployment,false
5.648463281,Regular,10,Create,ConfigMap,false
5.659281808,Regular,11,Update,Deployment,false
5.671043528,Regular,12,Delete,ConfigMap,false
5.683536027,Regular,12,Delete,Deployment,false
5.695610605,Regular,18,Create,Deployment,false
5.7140419609999995,Regular,13,Create,ConfigMap,false
5.728015843,Regular,14,Update,Deployment,false
5.742071016,Regular,10,Delete,ConfigMap,false
5.752998721,Regular,9,Delete,Deployment,false
5.7627958150000005,Regular,16,Create,Deployment,false
5.779621021,Regular,14,Create,ConfigMap,false
5.794468959,Regular,25,Update,Deployment,false
5.820130979,Regular,14,Delete,ConfigMap,false
5.83469155,Regular,20,Delete,Deployment,false
5.855326892,Regular,28,Create,Deployment,false
5.883696784,Regular,11,Create,ConfigMap,false
5.895457374,Regular,20,Update,Deployment,false
5.916125304,Regular,11,Delete,ConfigMap,false
5.928144032,Regular,8,Delete,Deployment,false
5.93638746,Regular,18,Create,Deployment,false
5.955212922,Regular,24,Create,ConfigMap,false
5.980145925,Regular,20,Update,Deployment,false
6.0005458,Regular,18,Delete,ConfigMap,false
6.019237879,Regular,10,Delete,Deployment,false
6.029342034,Regular,17,Create,Deployment,false
5.00900973,Regular,11,Delete,Deployment,false
5.020123026,Regular,24,Create,Deployment,false
5.045138753,Regular,12,Create,ConfigMap,false
5.057851292,Regular,17,Update,Deployment,false
5.075775451,Regular,15,Delete,ConfigMap,false
5.091111198,Regular,13,Delete,Deployment,false
5.104993912,Regular,20,Create,Deployment,false
5.125922288,Regular,15,Create,ConfigMap,false
5.141787252,Regular,13,Update,Deployment,false
5.155058365,Regular,11,Delete,ConfigMap,false
5.166680116,Regular,7,Delete,Deployment,false
5.174372165,Regular,22,Create,Deployment,false
5.197116794,Regular,13,Create,ConfigMap,false
5.210432761,Regular,25,Update,Deployment,false
5.236397024,Regular,11,Delete,ConfigMap,false
5.247580513,Regular,10,Delete,Deployment,false
5.258187325,Regular,17,Create,Deployment,false
5.275454157,Regular,14,Create,ConfigMap,false
5.289779921,Regular,21,Update,Deployment,false
5.311064721,Regular,13,Delete,ConfigMap,false
5.324703796,Regular,9,Delete,Deployment,false
5.334509403,Regular,13,Create,Deployment,false
5.348480735,Regular,13,Create,ConfigMap,false
5.361553838,Regular,11,Update,Deployment,false
5.373158692,Regular,8,Delete,ConfigMap,false
5.382044625,Regular,9,Delete,Deployment,false
5.391330917,Regular,10,Create,Deployment,false
5.4023186469999995,Regular,28,Create,ConfigMap,false
5.43046531,Regular,35,Update,Deployment,false
5.466279075,Regular,13,Delete,ConfigMap,false
5.479790814,Regular,18,Delete,Deployment,false
5.498191018,Regular,23,Create,Deployment,false
5.521732849,Regular,15,Create,ConfigMap,false
5.537522783,Regular,16,Update,Deployment,false
5.5536076009999995,Regular,9,Delete,ConfigMap,false
5.563614226,Regular,8,Delete,Deployment,false
5.572302681,Regular,18,Create,Deployment,false
5.590924468,Regular,17,Create,ConfigMap,false
5.607976184,Regular,24,Update,Deployment,false
5.632820688,Regular,12,Delete,ConfigMap,false
5.644988229,Regular,7,Delete,Deployment,false
5.653011692,Regular,18,Create,Deployment,false
5.671469231,Regular,12,Create,ConfigMap,false
5.683999267,Regular,22,Update,Deployment,false
5.706894921,Regular,11,Delete,ConfigMap,false
5.718603525,Regular,10,Delete,Deployment,false
5.72865174,Regular,20,Create,Deployment,false
5.749076398,Regular,11,Create,ConfigMap,false
5.760594798,Regular,12,Update,Deployment,false
5.773527009,Regular,9,Delete,ConfigMap,false
5.782922424,Regular,12,Delete,Deployment,false
5.795694088,Regular,27,Create,Deployment,false
5.823064749,Regular,17,Create,ConfigMap,false
5.841012918,Regular,34,Update,Deployment,false
5.8754747510000005,Regular,9,Delete,ConfigMap,false
5.884800543,Regular,11,Delete,Deployment,false
5.896530394,Regular,19,Create,Deployment,false
5.916149868,Regular,17,Create,ConfigMap,false
5.933500827,Regular,9,Update,Deployment,false
5.943319967,Regular,7,Delete,ConfigMap,false
5.951001782,Regular,19,Delete,Deployment,false
5.970538933,Regular,25,Create,Deployment,false
5.995658901,Regular,17,Create,ConfigMap,false
6.0127319,Regular,21,Update,Deployment,false
6.034262265,Regular,12,Delete,ConfigMap,false
5.003427046,Regular,12,Delete,ConfigMap,false
5.016143942,Regular,24,Delete,Deployment,false
5.041135976,Regular,21,Create,Deployment,false
5.062482632,Regular,21,Create,ConfigMap,false
5.084277477,Regular,21,Update,Deployment,false
5.105681701,Regular,16,Delete,ConfigMap,false
5.122029663,Regular,14,Delete,Deployment,false
5.137275527,Regular,15,Create,Deployment,false
5.153211757,Regular,16,Create,ConfigMap,false
5.169956568,Regular,13,Update,Deployment,false
5.183065808,Regular,13,Delete,ConfigMap,false
5.196446456,Regular,14,Delete,Deployment,false
5.211459158,Regular,24,Create,Deployment,false
5.2358524,Regular,12,Create,ConfigMap,false
5.248735765,Regular,15,Update,Deployment,false
5.264188712,Regular,14,Delete,ConfigMap,false
5.279049679,Regular,14,Delete,Deployment,false
5.294013362,Regular,25,Create,Deployment,false
5.319122859,Regular,13,Create,ConfigMap,false
5.332369871,Regular,16,Update,Deployment,false
5.349385575,Regular,5,Delete,ConfigMap,false
5.354662887,Regular,13,Delete,Deployment,false
5.3685289560000005,Regular,17,Create,Deployment,false
5.386032672,Regular,16,Create,ConfigMap,false
5.403011551,Regular,31,Update,Deployment,false
5.434723282,Regular,33,Delete,ConfigMap,false
5.467844392,Regular,15,Delete,Deployment,false
5.48329143,Regular,22,Create,Deployment,false
5.50556349,Regular,17,Create,ConfigMap,false
5.523000797,Regular,18,Update,Deployment,false
5.541325118,Regular,11,Delete,ConfigMap,false
5.553118525,Regular,15,Delete,Deployment,false
5.569093906,Regular,17,Create,Deployment,false
5.586543873,Regular,15,Create,ConfigMap,false
5.601644272,Regular,10,Update,Deployment,false
5.612369599,Regular,13,Delete,ConfigMap,false
5.62550605,Regular,8,Delete,Deployment,false
5.634108693,Regular,12,Create,Deployment,false
5.646535808,Regular,12,Create,ConfigMap,false
5.659246761,Regular,12,Update,Deployment,false
5.671356618,Regular,12,Delete,ConfigMap,false
5.683908259,Regular,10,Delete,Deployment,false
5.694475852,Regular,20,Create,Deployment,false
5.71464066,Regular,14,Create,ConfigMap,false
5.72926326,Regular,16,Update,Deployment,false
5.745611291,Regular,8,Delete,ConfigMap,false
5.754097803,Regular,6,Delete,Deployment,false
5.76077029,Regular,13,Create,Deployment,false
5.7747157940000005,Regular,15,Create,ConfigMap,false
5.790462381,Regular,19,Update,Deployment,false
5.809902667,Regular,14,Delete,ConfigMap,false
5.824843059,Regular,17,Delete,Deployment,false
5.842265417,Regular,30,Create,Deployment,false
5.873020108,Regular,22,Create,ConfigMap,false
5.895346742,Regular,20,Update,Deployment,false
5.916339205,Regular,8,Delete,ConfigMap,false
5.925034519,Regular,11,Delete,Deployment,false
5.9367602779999995,Regular,14,Create,Deployment,false
5.951654077,Regular,28,Create,ConfigMap,false
5.979728708,Regular,15,Update,Deployment,false
5.995398301,Regular,14,Delete,ConfigMap,false
6.009463443,Regular,15,Delete,Deployment,false
6.025157633,Regular,18,Create,Deployment,false
6.043786521,Regular,13,Create,ConfigMap,false
6.009484411,Regular,16,Delete,Deployment,false
6.025580027,Regular,14,Create,Deployment,false
6.040512581,Regular,12,Create,ConfigMap,false
6.053239973,Regular,16,Update,Deployment,false
6.069294052,Regular,19,Delete,ConfigMap,false
6.088748883,Regular,13,Delete,Deployment,false
6.101949114,Regular,13,Create,Deployment,false
6.115827064,Regular,22,Create,ConfigMap,false
6.138781386,Regular,26,Update,Deployment,false
6.165213878,Regular,17,Delete,ConfigMap,false
6.182958513,Regular,16,Delete,Deployment,false
6.199471076,Regular,16,Create,Deployment,false
6.216184468,Regular,20,Create,ConfigMap,false
6.236623042,Regular,14,Update,Deployment,false
6.251066532,Regular,11,Delete,ConfigMap,false
6.2625281,Regular,13,Delete,Deployment,false
6.276066559,Regular,13,Create,Deployment,false
6.289308219,Regular,12,Create,ConfigMap,false
6.301953373,Regular,11,Update,Deployment,false
6.313707806,Regular,16,Delete,ConfigMap,false
6.330429431,Regular,10,Delete,Deployment,false
6.3409653,Regular,16,Create,Deployment,false
6.35792367,Regular,16,Create,ConfigMap,false
6.374012589,Regular,21,Update,Deployment,false
6.395350897,Regular,12,Delete,ConfigMap,false
6.407803796,Regular,13,Delete,Deployment,false
6.421605431,Regular,15,Create,Deployment,false
6.437624122,Regular,16,Create,ConfigMap,false
6.4545050889999995,Regular,17,Update,Deployment,false
6.472121392,Regular,5,Delete,ConfigMap,false
6.47799954,Regular,15,Delete,Deployment,false
6.493033969,Regular,47,Create,Deployment,false
6.540086659,Regular,20,Create,ConfigMap,false
6.560622153,Regular,40,Update,Deployment,false
6.601106551,Regular,20,Delete,ConfigMap,false
6.621224334,Regular,19,Delete,Deployment,false
6.640968518,Regular,26,Create,Deployment,false
6.667941704,Regular,27,Create,ConfigMap,false
6.69531429,Regular,28,Update,Deployment,false
6.723543308,Regular,17,Delete,ConfigMap,false
6.741377062,Regular,26,Delete,Deployment,false
6.768022545,Regular,51,Create,Deployment,false
6.819328519,Regular,41,Create,ConfigMap,false
6.861313466,Regular,19,Update,Deployment,false
6.881099203,Regular,6,Delete,ConfigMap,false
6.887701083,Regular,13,Delete,Deployment,false
6.9014974129999995,Regular,13,Create,Deployment,false
6.915064234,Regular,16,Create,ConfigMap,false
6.931696676,Regular,15,Update,Deployment,false
6.947583719,Regular,16,Delete,ConfigMap,false
6.963746226,Regular,15,Delete,Deployment,false
6.9788968449999995,Regular,10,Create,Deployment,false
6.98931736,Regular,16,Create,ConfigMap,false
6.022210882,Regular,10,Create,ConfigMap,false
6.032559878,Regular,10,Update,Deployment,false
6.043466189,Regular,8,Delete,ConfigMap,false
6.052105971,Regular,10,Delete,Deployment,false
6.06278148,Regular,24,Create,Deployment,false
6.087656463,Regular,22,Create,ConfigMap,false
6.110563512,Regular,21,Update,Deployment,false
6.132114653,Regular,13,Delete,ConfigMap,false
6.145888482,Regular,9,Delete,Deployment,false
6.155706222,Regular,17,Create,Deployment,false
6.173677161,Regular,19,Create,ConfigMap,false
6.193278524,Regular,19,Update,Deployment,false
6.212737671,Regular,18,Delete,ConfigMap,false
6.230853297,Regular,6,Delete,Deployment,false
6.237647305,Regular,15,Create,Deployment,false
6.253318088,Regular,14,Create,ConfigMap,false
6.26808188,Regular,15,Update,Deployment,false
6.283529059,Regular,6,Delete,ConfigMap,false
6.289907271,Regular,10,Delete,Deployment,false
6.300583249,Regular,14,Create,Deployment,false
6.3148372,Regular,17,Create,ConfigMap,false
6.332696668,Regular,17,Update,Deployment,false
6.350661978,Regular,8,Delete,ConfigMap,false
6.3591572020000005,Regular,13,Delete,Deployment,false
6.372773134,Regular,27,Create,Deployment,false
6.400098612,Regular,13,Create,ConfigMap,false
6.413512827,Regular,16,Update,Deployment,false
6.429776726,Regular,14,Delete,ConfigMap,false
6.44413676,Regular,11,Delete,Deployment,false
6.455244369,Regular,18,Create,Deployment,false
6.4742065,Regular,29,Create,ConfigMap,false
6.50339533,Regular,29,Update,Deployment,false
6.533138912,Regular,19,Delete,ConfigMap,false
6.552686501,Regular,13,Delete,Deployment,false
6.566264782,Regular,39,Create,Deployment,false
6.606115383,Regular,16,Create,ConfigMap,false
6.622397006,Regular,18,Update,Deployment,false
6.641317888,Regular,16,Delete,ConfigMap,false
6.658326101,Regular,18,Delete,Deployment,false
6.676650574,Regular,17,Create,Deployment,false
6.6938855969999995,Regular,26,Create,ConfigMap,false
6.719995073,Regular,18,Update,Deployment,false
6.7380354350000005,Regular,18,Delete,ConfigMap,false
6.756541083,Regular,30,Delete,Deployment,false
6.786593121,Regular,64,Create,Deployment,false
6.851078828,Regular,28,Create,ConfigMap,false
6.879626951,Regular,22,Update,Deployment,false
6.902055217,Regular,10,Delete,ConfigMap,false
6.912224786,Regular,11,Delete,Deployment,false
6.923698139,Regular,10,Create,Deployment,false
6.934536811,Regular,16,Create,ConfigMap,false
6.950996724,Regular,21,Update,Deployment,false
6.972276754,Regular,7,Delete,ConfigMap,false
6.980293242,Regular,9,Delete,Deployment,false
6.989480537,Regular,17,Create,Deployment,false
6.046440944,Regular,13,Create,ConfigMap,false
6.059562912,Regular,12,Update,Deployment,false
6.072071459,Regular,17,Delete,ConfigMap,false
6.089094583,Regular,12,Delete,Deployment,false
6.10170043,Regular,18,Create,Deployment,false
6.120319713,Regular,17,Create,ConfigMap,false
6.138373704,Regular,26,Update,Deployment,false
6.164997217,Regular,18,Delete,ConfigMap,false
6.183679037,Regular,12,Delete,Deployment,false
6.196552596,Regular,18,Create,Deployment,false
6.215356938,Regular,19,Create,ConfigMap,false
6.235293385,Regular,18,Update,Deployment,false
6.253377976,Regular,13,Delete,ConfigMap,false
6.26668636,Regular,14,Delete,Deployment,false
6.281339807,Regular,13,Create,Deployment,false
6.294600421,Regular,10,Create,ConfigMap,false
6.305609382,Regular,17,Update,Deployment,false
6.322737957,Regular,13,Delete,ConfigMap,false
6.336179177,Regular,8,Delete,Deployment,false
6.344692018,Regular,11,Create,Deployment,false
6.356294153,Regular,17,Create,ConfigMap,false
6.374005506,Regular,22,Update,Deployment,false
6.396595775,Regular,9,Delete,ConfigMap,false
6.406625632,Regular,11,Delete,Deployment,false
6.417770503,Regular,19,Create,Deployment,false
6.437194302,Regular,16,Create,ConfigMap,false
6.454089636,Regular,22,Update,Deployment,false
6.476423367,Regular,14,Delete,ConfigMap,false
6.490686779,Regular,23,Delete,Deployment,false
6.513973836,Regular,37,Create,Deployment,false
6.551324183,Regular,30,Create,ConfigMap,false
6.581733633,Regular,28,Update,Deployment,false
6.610606672,Regular,14,Delete,ConfigMap,false
6.625184379,Regular,15,Delete,Deployment,false
6.640783153,Regular,25,Create,Deployment,false
6.666441901,Regular,24,Create,ConfigMap,false
6.690526087,Regular,20,Update,Deployment,false
6.710680906,Regular,20,Delete,ConfigMap,false
6.730956165,Regular,14,Delete,Deployment,false
6.745417544,Regular,35,Create,Deployment,false
6.781323189,Regular,40,Create,ConfigMap,false
6.82137843,Regular,42,Update,Deployment,false
6.86385658,Regular,16,Delete,ConfigMap,false
6.880556482,Regular,14,Delete,Deployment,false
6.894992081,Regular,12,Create,Deployment,false
6.907521385,Regular,9,Create,ConfigMap,false
6.916960044,Regular,13,Update,Deployment,false
6.930530636,Regular,10,Delete,ConfigMap,false
6.94128662,Regular,9,Delete,Deployment,false
6.951086759,Regular,22,Create,Deployment,false
6.974004445,Regular,13,Create,ConfigMap,false
6.987127654,Regular,20,Update,Deployment,false
6.047121088,Regular,10,Delete,Deployment,false
6.057199091,Regular,19,Create,Deployment,false
6.076842779,Regular,18,Create,ConfigMap,false
6.095654269,Regular,15,Update,Deployment,false
6.111128474,Regular,9,Delete,ConfigMap,false
6.120411529,Regular,18,Delete,Deployment,false
6.139418547,Regular,21,Create,Deployment,false
6.160466089,Regular,22,Create,ConfigMap,false
6.182783357,Regular,20,Update,Deployment,false
6.203108264,Regular,9,Delete,ConfigMap,false
6.212369295,Regular,8,Delete,Deployment,false
6.221141135,Regular,16,Create,Deployment,false
6.23816724,Regular,19,Create,ConfigMap,false
6.257896093,Regular,11,Update,Deployment,false
6.269771792,Regular,9,Delete,ConfigMap,false
6.279705024,Regular,7,Delete,Deployment,false
6.287590951,Regular,10,Create,Deployment,false
6.298566993,Regular,7,Create,ConfigMap,false
6.305746761,Regular,15,Update,Deployment,false
6.321202332,Regular,10,Delete,ConfigMap,false
6.331350944,Regular,15,Delete,Deployment,false
6.347295934,Regular,21,Create,Deployment,false
6.368359722,Regular,11,Create,ConfigMap,false
6.379737645,Regular,17,Update,Deployment,false
6.397424967,Regular,9,Delete,ConfigMap,false
6.407295536,Regular,16,Delete,Deployment,false
6.42424437,Regular,13,Create,Deployment,false
6.437706277,Regular,17,Create,ConfigMap,false
6.455030513,Regular,21,Update,Deployment,false
6.476540689,Regular,15,Delete,ConfigMap,false
6.492314645,Regular,13,Delete,Deployment,false
6.506223998,Regular,20,Create,Deployment,false
6.526366709,Regular,37,Create,ConfigMap,false
6.564119334,Regular,43,Update,Deployment,false
6.607330455,Regular,23,Delete,ConfigMap,false
6.630539549,Regular,14,Delete,Deployment,false
6.644903196,Regular,30,Create,Deployment,false
6.675663943,Regular,19,Create,ConfigMap,false
6.695110513,Regular,28,Update,Deployment,false
6.724114625,Regular,17,Delete,ConfigMap,false
6.741302479,Regular,16,Delete,Deployment,false
6.757525578,Regular,62,Create,Deployment,false
6.819823647,Regular,48,Create,ConfigMap,false
6.868755375,Regular,19,Update,Deployment,false
6.888181443,Regular,12,Delete,ConfigMap,false
6.900441885,Regular,8,Delete,Deployment,false
6.9085788919999995,Regular,10,Create,Deployment,false
6.919556824,Regular,17,Create,ConfigMap,false
6.937277391,Regular,16,Update,Deployment,false
6.954113139,Regular,17,Delete,ConfigMap,false
6.97143611,Regular,8,Delete,Deployment,false
6.98027543,Regular,13,Create,Deployment,false
6.99415894,Regular,15,Create,ConfigMap,false
6.026059674,Regular,9,Delete,Deployment,false
6.035532841,Regular,14,Create,Deployment,false
6.049913951,Regular,12,Create,ConfigMap,false
6.0625269,Regular,20,Update,Deployment,false
6.082841466,Regular,18,Delete,ConfigMap,false
6.10182109,Regular,18,Delete,Deployment,false
6.120003447,Regular,19,Create,Deployment,false
6.139749966,Regular,17,Create,ConfigMap,false
6.157091225,Regular,14,Update,Deployment,false
6.172108184,Regular,9,Delete,ConfigMap,false
6.18116447,Regular,15,Delete,Deployment,false
6.196505979,Regular,19,Create,Deployment,false
6.215907931,Regular,16,Create,ConfigMap,false
6.232487813,Regular,17,Update,Deployment,false
6.250415581,Regular,12,Delete,ConfigMap,false
6.262615283,Regular,13,Delete,Deployment,false
6.276111442,Regular,13,Create,Deployment,false
6.289409302,Regular,14,Create,ConfigMap,false
6.304238933,Regular,11,Update,Deployment,false
6.315504165,Regular,12,Delete,ConfigMap,false
6.3278436750000004,Regular,8,Delete,Deployment,false
6.336851103,Regular,20,Create,Deployment,false
6.357747279,Regular,16,Create,ConfigMap,false
6.3740974040000005,Regular,22,Update,Deployment,false
6.397100277,Regular,8,Delete,ConfigMap,false
6.406152072,Regular,12,Delete,Deployment,false
6.418547383,Regular,19,Create,Deployment,false
6.43811561,Regular,17,Create,ConfigMap,false
6.455218639,Regular,18,Update,Deployment,false
6.473689771,Regular,12,Delete,ConfigMap,false
6.486365282,Regular,27,Delete,Deployment,false
6.513505185,Regular,25,Create,Deployment,false
6.539408924,Regular,25,Create,ConfigMap,false
6.565339054,Regular,24,Update,Deployment,false
6.589419013,Regular,18,Delete,ConfigMap,false
6.608148264,Regular,23,Delete,Deployment,false
6.6316409610000004,Regular,36,Create,Deployment,false
6.668294448,Regular,27,Create,ConfigMap,false
6.696287067,Regular,26,Update,Deployment,false
6.722716151,Regular,17,Delete,ConfigMap,false
6.740121284,Regular,11,Delete,Deployment,false
6.7513186659999995,Regular,67,Create,Deployment,false
6.819192302,Regular,50,Create,ConfigMap,false
6.870036855,Regular,19,Update,Deployment,false
6.889139163,Regular,16,Delete,ConfigMap,false
6.905730773,Regular,12,Delete,Deployment,false
6.918208913,Regular,15,Create,Deployment,false
6.933521165,Regular,18,Create,ConfigMap,false
6.951620802,Regular,20,Update,Deployment,false
6.972469662,Regular,8,Delete,ConfigMap,false
6.981321145,Regular,11,Delete,Deployment,false
6.99309442,Regular,20,Create,Deployment,false
6.00255528,Regular,16,Delete,Deployment,false
6.019332333,Regular,15,Create,Deployment,false
6.034506721,Regular,18,Create,ConfigMap,false
6.052651862,Regular,16,Update,Deployment,false
6.069509224,Regular,13,Delete,ConfigMap,false
6.083065283,Regular,13,Delete,Deployment,false
6.09633585,Regular,19,Create,Deployment,false
6.115537001,Regular,24,Create,ConfigMap,false
6.139781298,Regular,20,Update,Deployment,false
6.160578069,Regular,13,Delete,ConfigMap,false
6.17443771,Regular,18,Delete,Deployment,false
6.192979466,Regular,19,Create,Deployment,false
6.212418011,Regular,19,Create,ConfigMap,false
6.231905787,Regular,16,Update,Deployment,false
6.248660139,Regular,10,Delete,ConfigMap,false
6.259209423,Regular,9,Delete,Deployment,false
6.268303531,Regular,14,Create,Deployment,false
6.283340444,Regular,8,Create,ConfigMap,false
6.291499483,Regular,13,Update,Deployment,false
6.304665121,Regular,8,Delete,ConfigMap,false
6.312852789,Regular,9,Delete,Deployment,false
6.322518817,Regular,18,Create,Deployment,false
6.340961474,Regular,12,Create,ConfigMap,false
6.353640775,Regular,15,Update,Deployment,false
6.369138321,Regular,6,Delete,ConfigMap,false
6.375170347,Regular,14,Delete,Deployment,false
6.390112185,Regular,14,Create,Deployment,false
6.405017205,Regular,16,Create,ConfigMap,false
6.421562406,Regular,16,Update,Deployment,false
6.437713297,Regular,16,Delete,ConfigMap,false
6.453842924,Regular,10,Delete,Deployment,false
6.464338707,Regular,13,Create,Deployment,false
6.478287492,Regular,24,Create,ConfigMap,false
6.502773453,Regular,29,Update,Deployment,false
6.532329959,Regular,20,Delete,ConfigMap,false
6.553076863,Regular,20,Delete,Deployment,false
6.57385488,Regular,25,Create,Deployment,false
6.59970166,Regular,22,Create,ConfigMap,false
6.622599803,Regular,18,Update,Deployment,false
6.640962958,Regular,13,Delete,ConfigMap,false
6.654838844,Regular,18,Delete,Deployment,false
6.673557483,Regular,22,Create,Deployment,false
6.69629003,Regular,32,Create,ConfigMap,false
6.728463248,Regular,20,Update,Deployment,false
6.749094839,Regular,33,Delete,ConfigMap,false
6.782612677,Regular,49,Delete,Deployment,false
6.832538758,Regular,27,Create,Deployment,false
6.860131175,Regular,18,Create,ConfigMap,false
6.878495762,Regular,16,Update,Deployment,false
6.895228653,Regular,8,Delete,ConfigMap,false
6.903914842,Regular,9,Delete,Deployment,false
6.913582321,Regular,19,Create,Deployment,false
6.933615168,Regular,13,Create,ConfigMap,false
6.947423378,Regular,23,Update,Deployment,false
6.971008438,Regular,9,Delete,ConfigMap,false
6.98068888,Regular,13,Delete,Deployment,false
6.9939911089999995,Regular,19,Create,Deployment,false
6.009077114,Regular,18,Create,Deployment,false
6.027115065,Regular,19,Create,ConfigMap,false
6.046663661,Regular,14,Update,Deployment,false
6.061268952,Regular,17,Delete,ConfigMap,false
6.078304603,Regular,18,Delete,Deployment,false
6.096349002,Regular,19,Create,Deployment,false
6.115501697,Regular,23,Create,ConfigMap,false
6.13898038,Regular,26,Update,Deployment,false
6.165208777,Regular,18,Delete,ConfigMap,false
6.18375348,Regular,12,Delete,Deployment,false
6.196276983,Regular,19,Create,Deployment,false
6.216259015,Regular,20,Create,ConfigMap,false
6.236314249,Regular,15,Update,Deployment,false
6.251818876,Regular,10,Delete,ConfigMap,false
6.262547459,Regular,13,Delete,Deployment,false
6.276271232,Regular,13,Create,Deployment,false
6.289405863,Regular,9,Create,ConfigMap,false
6.299170581,Regular,15,Update,Deployment,false
6.314461629,Regular,10,Delete,ConfigMap,false
6.324655959,Regular,11,Delete,Deployment,false
6.336534914,Regular,15,Create,Deployment,false
6.352251942,Regular,15,Create,ConfigMap,false
6.368026498,Regular,15,Update,Deployment,false
6.383630385,Regular,15,Delete,ConfigMap,false
6.399376257,Regular,7,Delete,Deployment,false
6.406823856,Regular,18,Create,Deployment,false
6.425764543,Regular,18,Create,ConfigMap,false
6.444476352,Regular,18,Update,Deployment,false
6.463094513,Regular,11,Delete,ConfigMap,false
6.475132647,Regular,14,Delete,Deployment,false
6.48931471,Regular,25,Create,Deployment,false
6.51463741,Regular,31,Create,ConfigMap,false
6.545981546,Regular,23,Update,Deployment,false
6.569624285,Regular,21,Delete,ConfigMap,false
6.590762844,Regular,20,Delete,Deployment,false
6.611625958,Regular,21,Create,Deployment,false
6.633235656,Regular,22,Create,ConfigMap,false
6.656033017,Regular,34,Update,Deployment,false
6.690125722,Regular,30,Delete,ConfigMap,false
6.720972673,Regular,12,Delete,Deployment,false
6.733415863,Regular,16,Create,Deployment,false
6.74978025,Regular,62,Create,ConfigMap,false
6.812154947,Regular,39,Update,Deployment,false
6.85166053,Regular,21,Delete,ConfigMap,false
6.872690999,Regular,14,Delete,Deployment,false
6.887611566,Regular,15,Create,Deployment,false
6.9030923170000005,Regular,14,Create,ConfigMap,false
6.91811356,Regular,15,Update,Deployment,false
6.933798479,Regular,11,Delete,ConfigMap,false
6.945767975,Regular,9,Delete,Deployment,false
6.955416091,Regular,17,Create,Deployment,false
6.973390273,Regular,12,Create,ConfigMap,false
6.985956989,Regular,14,Update,Deployment,false
7.000520428,Regular,9,Delete,ConfigMap,false
7.010078231,Regular,14,Delete,Deployment,false
6.009497118,Regular,11,Delete,Deployment,false
6.021311367,Regular,23,Create,Deployment,false
6.045204438,Regular,16,Create,ConfigMap,false
6.061262544,Regular,15,Update,Deployment,false
6.076598891,Regular,12,Delete,ConfigMap,false
6.088998318,Regular,12,Delete,Deployment,false
6.10200982,Regular,13,Create,Deployment,false
6.115523884,Regular,23,Create,ConfigMap,false
6.138981651,Regular,20,Update,Deployment,false
6.159081822,Regular,11,Delete,ConfigMap,false
6.170364041,Regular,18,Delete,Deployment,false
6.189203388,Regular,17,Create,Deployment,false
6.206788216,Regular,16,Create,ConfigMap,false
6.223220862,Regular,15,Update,Deployment,false
6.239160774,Regular,13,Delete,ConfigMap,false
6.252931531,Regular,9,Delete,Deployment,false
6.262126599,Regular,14,Create,Deployment,false
6.276567382,Regular,12,Create,ConfigMap,false
6.289187574,Regular,10,Update,Deployment,false
6.300068106,Regular,7,Delete,ConfigMap,false
6.307174502,Regular,11,Delete,Deployment,false
6.318786924,Regular,13,Create,Deployment,false
6.332361184,Regular,17,Create,ConfigMap,false
6.350028773,Regular,15,Update,Deployment,false
6.365203854,Regular,10,Delete,ConfigMap,false
6.375290953,Regular,13,Delete,Deployment,false
6.388552691,Regular,16,Create,Deployment,false
6.405022539,Regular,16,Create,ConfigMap,false
6.421445234,Regular,16,Update,Deployment,false
6.438209273,Regular,15,Delete,ConfigMap,false
6.4541688090000005,Regular,12,Delete,Deployment,false
6.467124146,Regular,19,Create,Deployment,false
6.48640269,Regular,25,Create,ConfigMap,false
6.511840716,Regular,28,Update,Deployment,false
6.540677688,Regular,12,Delete,ConfigMap,false
6.553296834,Regular,15,Delete,Deployment,false
6.568344502,Regular,31,Create,Deployment,false
6.599458653,Regular,18,Create,ConfigMap,false
6.6175267269999996,Regular,21,Update,Deployment,false
6.639279358,Regular,16,Delete,ConfigMap,false
6.65622736,Regular,13,Delete,Deployment,false
6.6693334669999995,Regular,26,Create,Deployment,false
6.69568001,Regular,31,Create,ConfigMap,false
6.727303343,Regular,21,Update,Deployment,false
6.748774083,Regular,37,Delete,ConfigMap,false
6.786595104,Regular,40,Delete,Deployment,false
6.827447039,Regular,32,Create,Deployment,false
6.860275575,Regular,19,Create,ConfigMap,false
6.880318856,Regular,21,Update,Deployment,false
6.90214839,Regular,10,Delete,ConfigMap,false
6.912353266,Regular,11,Delete,Deployment,false
6.923729581,Regular,10,Create,Deployment,false
6.9341837,Regular,15,Create,ConfigMap,false
6.949682607,Regular,21,Update,Deployment,false
6.971024083,Regular,7,Delete,ConfigMap,false
6.978802177,Regular,10,Delete,Deployment,false
6.989191749,Regular,18,Create,Deployment,false
7.007313948,Regular,18,Create,ConfigMap,false
6.057386685,Regular,13,Update,Deployment,false
6.07070439,Regular,19,Delete,ConfigMap,false
6.090049478,Regular,8,Delete,Deployment,false
6.098560298,Regular,17,Create,Deployment,false
6.115943792,Regular,22,Create,ConfigMap,false
6.1389098,Regular,26,Update,Deployment,false
6.165275589,Regular,14,Delete,ConfigMap,false
6.1794213,Regular,16,Delete,Deployment,false
6.196433707,Regular,19,Create,Deployment,false
6.215991803,Regular,20,Create,ConfigMap,false
6.236317774,Regular,17,Update,Deployment,false
6.253563928,Regular,14,Delete,ConfigMap,false
6.26803448,Regular,12,Delete,Deployment,false
6.280337536,Regular,13,Create,Deployment,false
6.293602823,Regular,11,Create,ConfigMap,false
6.305331276,Regular,12,Update,Deployment,false
6.317547189,Regular,13,Delete,ConfigMap,false
6.330613064,Regular,16,Delete,Deployment,false
6.34746892,Regular,15,Create,Deployment,false
6.363426866,Regular,10,Create,ConfigMap,false
6.373935535,Regular,19,Update,Deployment,false
6.39310972,Regular,10,Delete,ConfigMap,false
6.403401755,Regular,8,Delete,Deployment,false
6.411855767,Regular,17,Create,Deployment,false
6.429717502,Regular,19,Create,ConfigMap,false
6.449547115,Regular,12,Update,Deployment,false
6.461966451,Regular,13,Delete,ConfigMap,false
6.475751055,Regular,12,Delete,Deployment,false
6.488461291,Regular,50,Create,Deployment,false
6.539331727,Regular,17,Create,ConfigMap,false
6.556834767,Regular,21,Update,Deployment,false
6.578728244,Regular,28,Delete,ConfigMap,false
6.606838884,Regular,25,Delete,Deployment,false
6.632075923,Regular,36,Create,Deployment,false
6.668212484,Regular,25,Create,ConfigMap,false
6.693266153,Regular,17,Update,Deployment,false
6.711063526,Regular,19,Delete,ConfigMap,false
6.7306562119999995,Regular,16,Delete,Deployment,false
6.746739779,Regular,33,Create,Deployment,false
6.780559448,Regular,47,Create,ConfigMap,false
6.827671377,Regular,34,Update,Deployment,false
6.861887695,Regular,17,Delete,ConfigMap,false
6.879800962,Regular,14,Delete,Deployment,false
6.894221115,Regular,19,Create,Deployment,false
6.913264634,Regular,9,Create,ConfigMap,false
6.923265396,Regular,14,Update,Deployment,false
6.937768038,Regular,9,Delete,ConfigMap,false
6.947083052,Regular,15,Delete,Deployment,false
6.962158371,Regular,15,Create,Deployment,false
6.977271362,Regular,16,Create,ConfigMap,false
6.994291315,Regular,19,Update,Deployment,false
7.013583646,Regular,16,Delete,ConfigMap,false
7.029756673,Regular,8,Delete,Deployment,false
6.01463838,Regular,19,Update,Deployment,false
6.034131657,Regular,13,Delete,ConfigMap,false
6.047502131,Regular,7,Delete,Deployment,false
6.055490611,Regular,21,Create,Deployment,false
6.07687537,Regular,24,Create,ConfigMap,false
6.101900994,Regular,18,Update,Deployment,false
6.120540756,Regular,18,Delete,ConfigMap,false
6.138696686,Regular,20,Delete,Deployment,false
6.158959825,Regular,25,Create,Deployment,false
6.184076209,Regular,18,Create,ConfigMap,false
6.2029527269999996,Regular,16,Update,Deployment,false
6.219502778,Regular,15,Delete,ConfigMap,false
6.235368346,Regular,8,Delete,Deployment,false
6.24342258,Regular,16,Create,Deployment,false
6.259527908,Regular,13,Create,ConfigMap,false
6.272719675,Regular,14,Update,Deployment,false
6.286936834,Regular,5,Delete,ConfigMap,false
6.292194563,Regular,6,Delete,Deployment,false
6.298494673,Regular,12,Create,Deployment,false
6.31120378,Regular,13,Create,ConfigMap,false
6.325073052,Regular,13,Update,Deployment,false
6.33843748,Regular,10,Delete,ConfigMap,false
6.349178215,Regular,15,Delete,Deployment,false
6.364658983,Regular,18,Create,Deployment,false
6.383156371,Regular,16,Create,ConfigMap,false
6.39995259,Regular,14,Update,Deployment,false
6.414229714,Regular,14,Delete,ConfigMap,false
6.429115426,Regular,10,Delete,Deployment,false
6.439552674,Regular,15,Create,Deployment,false
6.454725669,Regular,13,Create,ConfigMap,false
6.46785696,Regular,19,Update,Deployment,false
6.487361162,Regular,25,Delete,ConfigMap,false
6.51325955,Regular,19,Delete,Deployment,false
6.532701699,Regular,22,Create,Deployment,false
6.555396847,Regular,25,Create,ConfigMap,false
6.580570084,Regular,31,Update,Deployment,false
6.611924222,Regular,17,Delete,ConfigMap,false
6.629170471,Regular,16,Delete,Deployment,false
6.6461779960000005,Regular,29,Create,Deployment,false
6.675430211,Regular,19,Create,ConfigMap,false
6.695000945,Regular,27,Update,Deployment,false
6.722533663,Regular,30,Delete,ConfigMap,false
6.752604534,Regular,33,Delete,Deployment,false
6.78641446,Regular,65,Create,Deployment,false
6.851504677,Regular,28,Create,ConfigMap,false
6.880452443,Regular,21,Update,Deployment,false
6.902029893,Regular,10,Delete,ConfigMap,false
6.912251329,Regular,11,Delete,Deployment,false
6.923768273,Regular,17,Create,Deployment,false
6.940921152,Regular,10,Create,ConfigMap,false
6.951405199,Regular,22,Update,Deployment,false
6.973705902,Regular,6,Delete,ConfigMap,false
6.98037341,Regular,6,Delete,Deployment,false
6.9871144,Regular,20,Create,Deployment,false
7.007272999,Regular,17,Create,ConfigMap,false
7.02492113,Regular,15,Update,Deployment,false
7.040635949,Regular,13,Delete,ConfigMap,false
7.007489694,Regular,11,Delete,ConfigMap,false
7.019004775,Regular,13,Delete,Deployment,false
7.032504157,Regular,14,Create,Deployment,false
7.046754532,Regular,11,Create,ConfigMap,false
7.058335176,Regular,15,Update,Deployment,false
7.073589403,Regular,10,Delete,ConfigMap,false
7.084565836,Regular,13,Delete,Deployment,false
7.098582826,Regular,15,Create,Deployment,false
7.113652317,Regular,12,Create,ConfigMap,false
7.126075441,Regular,13,Update,Deployment,false
7.139952148,Regular,10,Delete,ConfigMap,false
7.150405441,Regular,8,Delete,Deployment,false
7.159367319,Regular,13,Create,Deployment,false
7.17288091,Regular,16,Create,ConfigMap,false
7.18926187,Regular,17,Update,Deployment,false
7.206316752,Regular,14,Delete,ConfigMap,false
7.221085998,Regular,10,Delete,Deployment,false
7.231348902,Regular,18,Create,Deployment,false
7.250329003,Regular,15,Create,ConfigMap,false
7.265605053,Regular,12,Update,Deployment,false
7.278349158,Regular,11,Delete,ConfigMap,false
7.289931037,Regular,16,Delete,Deployment,false
7.306377336,Regular,22,Create,Deployment,false
7.328715852,Regular,17,Create,ConfigMap,false
7.346363859,Regular,19,Update,Deployment,false
7.366145382,Regular,12,Delete,ConfigMap,false
7.378918834,Regular,10,Delete,Deployment,false
7.389811148,Regular,13,Create,Deployment,false
7.403277992,Regular,12,Create,ConfigMap,false
7.415805527,Regular,17,Update,Deployment,false
7.433468509,Regular,14,Delete,ConfigMap,false
7.447583925,Regular,13,Delete,Deployment,false
7.460851372,Regular,15,Create,Deployment,false
7.476091971,Regular,11,Create,ConfigMap,false
7.487404926,Regular,12,Update,Deployment,false
7.500338505,Regular,9,Delete,ConfigMap,false
7.50947916,Regular,18,Delete,Deployment,false
7.527956499,Regular,14,Create,Deployment,false
7.542061292,Regular,16,Create,ConfigMap,false
7.55908822,Regular,14,Update,Deployment,false
7.573211837,Regular,10,Delete,ConfigMap,false
7.583374449,Regular,9,Delete,Deployment,false
7.593167999,Regular,12,Create,Deployment,false
7.606132005,Regular,15,Create,ConfigMap,false
7.621666467,Regular,17,Update,Deployment,false
7.638920877,Regular,10,Delete,ConfigMap,false
7.649476128,Regular,13,Delete,Deployment,false
7.663090995,Regular,15,Create,Deployment,false
7.678468528,Regular,12,Create,ConfigMap,false
7.6911380430000005,Regular,17,Update,Deployment,false
7.708215629,Regular,9,Delete,ConfigMap,false
7.717245332,Regular,10,Delete,Deployment,false
7.727342451,Regular,18,Create,Deployment,false
7.745518604,Regular,17,Create,ConfigMap,false
7.762939826,Regular,18,Update,Deployment,false
7.78111173,Regular,11,Delete,ConfigMap,false
7.792227477,Regular,9,Delete,Deployment,false
7.801511861,Regular,23,Create,Deployment,false
7.825318895,Regular,18,Create,ConfigMap,false
7.844097638,Regular,10,Update,Deployment,false
7.85483917,Regular,6,Delete,ConfigMap,false
7.86131342,Regular,10,Delete,Deployment,false
7.871435249,Regular,11,Create,Deployment,false
7.88270603,Regular,11,Create,ConfigMap,false
7.894108747,Regular,11,Update,Deployment,false
7.905853134,Regular,16,Delete,ConfigMap,false
7.922275334,Regular,7,Delete,Deployment,false
7.930122316,Regular,12,Create,Deployment,false
7.942743855,Regular,10,Create,ConfigMap,false
7.953185962,Regular,13,Update,Deployment,false
7.967136177,Regular,12,Delete,ConfigMap,false
7.97944927,Regular,8,Delete,Deployment,false
7.987576102,Regular,18,Create,Deployment,false
7.007271728,Regular,18,Create,ConfigMap,false
7.025949507,Regular,14,Update,Deployment,false
7.040432269,Regular,8,Delete,ConfigMap,false
7.048989158,Regular,7,Delete,Deployment,false
7.05701714,Regular,15,Create,Deployment,false
7.072270367,Regular,15,Create,ConfigMap,false
7.088067806,Regular,17,Update,Deployment,false
7.105502092,Regular,6,Delete,ConfigMap,false
7.112003588,Regular,12,Delete,Deployment,false
7.125027441,Regular,12,Create,Deployment,false
7.13751976,Regular,12,Create,ConfigMap,false
7.150291403,Regular,15,Update,Deployment,false
7.165686885,Regular,6,Delete,ConfigMap,false
7.172484444,Regular,15,Delete,Deployment,false
7.187780668,Regular,20,Create,Deployment,false
7.208072808,Regular,18,Create,ConfigMap,false
7.226550113,Regular,13,Update,Deployment,false
7.239799705,Regular,6,Delete,ConfigMap,false
7.246475945,Regular,8,Delete,Deployment,false
7.254730364,Regular,17,Create,Deployment,false
7.27269554,Regular,11,Create,ConfigMap,false
7.284083879,Regular,20,Update,Deployment,false
7.305094881,Regular,13,Delete,ConfigMap,false
7.318977789,Regular,9,Delete,Deployment,false
7.328684504,Regular,16,Create,Deployment,false
7.345426519,Regular,17,Create,ConfigMap,false
7.362947915,Regular,14,Update,Deployment,false
7.377524061,Regular,10,Delete,ConfigMap,false
7.388332376,Regular,9,Delete,Deployment,false
7.397997125,Regular,12,Create,Deployment,false
7.41087127,Regular,13,Create,ConfigMap,false
7.424714303,Regular,15,Update,Deployment,false
7.440071362,Regular,13,Delete,ConfigMap,false
7.453309837,Regular,20,Delete,Deployment,false
7.473910741,Regular,13,Create,Deployment,false
7.487314175,Regular,7,Create,ConfigMap,false
7.495186585,Regular,12,Update,Deployment,false
7.507419801,Regular,21,Delete,ConfigMap,false
7.529141337,Regular,21,Delete,Deployment,false
7.550427814,Regular,16,Create,Deployment,false
7.566879738,Regular,7,Create,ConfigMap,false
7.574646442,Regular,15,Update,Deployment,false
7.590517773,Regular,10,Delete,ConfigMap,false
7.600778685,Regular,6,Delete,Deployment,false
7.607456488,Regular,15,Create,Deployment,false
7.623072157,Regular,15,Create,ConfigMap,false
7.638498473,Regular,18,Update,Deployment,false
7.656821037,Regular,10,Delete,ConfigMap,false
7.667197039,Regular,10,Delete,Deployment,false
7.677716699,Regular,13,Create,Deployment,false
7.691498866,Regular,13,Create,ConfigMap,false
7.7054285369999995,Regular,15,Update,Deployment,false
7.720965146,Regular,8,Delete,ConfigMap,false
7.729793205,Regular,13,Delete,Deployment,false
7.743027272,Regular,15,Create,Deployment,false
7.758760419,Regular,18,Create,ConfigMap,false
7.777163385,Regular,15,Update,Deployment,false
7.792712687,Regular,9,Delete,ConfigMap,false
7.801756224,Regular,23,Delete,Deployment,false
7.8251699519999995,Regular,15,Create,Deployment,false
7.840657518,Regular,15,Create,ConfigMap,false
7.85628953,Regular,11,Update,Deployment,false
7.867760737,Regular,6,Delete,ConfigMap,false
7.874262679,Regular,11,Delete,Deployment,false
7.885681799,Regular,15,Create,Deployment,false
7.901292642,Regular,15,Create,ConfigMap,false
7.9169717859999995,Regular,12,Update,Deployment,false
7.929339872,Regular,10,Delete,ConfigMap,false
7.939982736,Regular,10,Delete,Deployment,false
7.950364995,Regular,13,Create,Deployment,false
7.9642222910000005,Regular,11,Create,ConfigMap,false
7.976132516,Regular,16,Update,Deployment,false
7.992172652,Regular,13,Delete,ConfigMap,false
7.053790125,Regular,18,Delete,Deployment,false
7.072050652,Regular,13,Create,Deployment,false
7.086049282,Regular,13,Create,ConfigMap,false
7.099522969,Regular,15,Update,Deployment,false
7.115124677,Regular,11,Delete,ConfigMap,false
7.126338727,Regular,12,Delete,Deployment,false
7.139375509,Regular,18,Create,Deployment,false
7.15749929,Regular,16,Create,ConfigMap,false
7.173649961,Regular,20,Update,Deployment,false
7.194459205,Regular,13,Delete,ConfigMap,false
7.207587491,Regular,13,Delete,Deployment,false
7.221461866,Regular,18,Create,Deployment,false
7.240397594,Regular,11,Create,ConfigMap,false
7.251973133,Regular,19,Update,Deployment,false
7.271315003,Regular,13,Delete,ConfigMap,false
7.284427662,Regular,19,Delete,Deployment,false
7.304268193,Regular,24,Create,Deployment,false
7.3289347750000005,Regular,17,Create,ConfigMap,false
7.346170519,Regular,18,Update,Deployment,false
7.364635294,Regular,14,Delete,ConfigMap,false
7.378744558,Regular,14,Delete,Deployment,false
7.393234656,Regular,17,Create,Deployment,false
7.411023012,Regular,12,Create,ConfigMap,false
7.423986943,Regular,14,Update,Deployment,false
7.438371773,Regular,9,Delete,ConfigMap,false
7.448018333,Regular,12,Delete,Deployment,false
7.460802579,Regular,14,Create,Deployment,false
7.47490094,Regular,11,Create,ConfigMap,false
7.486855027,Regular,13,Update,Deployment,false
7.500805925,Regular,6,Delete,ConfigMap,false
7.507495438,Regular,16,Delete,Deployment,false
7.523723037,Regular,21,Create,Deployment,false
7.545163824,Regular,10,Create,ConfigMap,false
7.555871306,Regular,16,Update,Deployment,false
7.57281842,Regular,12,Delete,ConfigMap,false
7.585215804,Regular,11,Delete,Deployment,false
7.597001779,Regular,17,Create,Deployment,false
7.614745683,Regular,15,Create,ConfigMap,false
7.629960522,Regular,14,Update,Deployment,false
7.6448989560000005,Regular,13,Delete,ConfigMap,false
7.658161029,Regular,6,Delete,Deployment,false
7.664326337,Regular,19,Create,Deployment,false
7.683900688,Regular,14,Create,ConfigMap,false
7.6986805579999995,Regular,18,Update,Deployment,false
7.717676801,Regular,10,Delete,ConfigMap,false
7.728004533,Regular,9,Delete,Deployment,false
7.738001344,Regular,16,Create,Deployment,false
7.75442669,Regular,19,Create,ConfigMap,false
7.774182542,Regular,16,Update,Deployment,false
7.790504601,Regular,8,Delete,ConfigMap,false
7.799180096,Regular,15,Delete,Deployment,false
7.81444034,Regular,18,Create,Deployment,false
7.833428411,Regular,16,Create,ConfigMap,false
7.850023516,Regular,12,Update,Deployment,false
7.862908997,Regular,5,Delete,ConfigMap,false
7.868593734,Regular,4,Delete,Deployment,false
7.872907304,Regular,15,Create,Deployment,false
7.888454354,Regular,12,Create,ConfigMap,false
7.900692358,Regular,17,Update,Deployment,false
7.918400321,Regular,12,Delete,ConfigMap,false
7.931031351,Regular,7,Delete,Deployment,false
7.93841728,Regular,10,Create,Deployment,false
7.949423423,Regular,8,Create,ConfigMap,false
7.958264111,Regular,18,Update,Deployment,false
7.97680425,Regular,9,Delete,ConfigMap,false
7.986696022,Regular,9,Delete,Deployment,false
7.996213101,Regular,14,Create,Deployment,false
7.013682011,Regular,20,Create,ConfigMap,false
7.03419243,Regular,16,Update,Deployment,false
7.050594764,Regular,14,Delete,ConfigMap,false
7.065510788,Regular,10,Delete,Deployment,false
7.07610575,Regular,14,Create,Deployment,false
7.09082029,Regular,19,Create,ConfigMap,false
7.110492333,Regular,14,Update,Deployment,false
7.125364209,Regular,6,Delete,ConfigMap,false
7.132129921,Regular,10,Delete,Deployment,false
7.142941491,Regular,14,Create,Deployment,false
7.157238002,Regular,15,Create,ConfigMap,false
7.172530806,Regular,17,Update,Deployment,false
7.190006529,Regular,11,Delete,ConfigMap,false
7.201086072,Regular,12,Delete,Deployment,false
7.213567776,Regular,19,Create,Deployment,false
7.233184662,Regular,10,Create,ConfigMap,false
7.244033322,Regular,16,Update,Deployment,false
7.260490101,Regular,17,Delete,ConfigMap,false
7.278295358,Regular,7,Delete,Deployment,false
7.286160151,Regular,18,Create,Deployment,false
7.304671942,Regular,12,Create,ConfigMap,false
7.317576462,Regular,16,Update,Deployment,false
7.334223875,Regular,12,Delete,ConfigMap,false
7.346709428,Regular,7,Delete,Deployment,false
7.354429334,Regular,14,Create,Deployment,false
7.369246893,Regular,17,Create,ConfigMap,false
7.386745501,Regular,14,Update,Deployment,false
7.401126712,Regular,9,Delete,ConfigMap,false
7.410749744,Regular,8,Delete,Deployment,false
7.418945187,Regular,14,Create,Deployment,false
7.433831043,Regular,15,Create,ConfigMap,false
7.449819052,Regular,11,Update,Deployment,false
7.460910583,Regular,10,Delete,ConfigMap,false
7.471132578,Regular,10,Delete,Deployment,false
7.481371991,Regular,12,Create,Deployment,false
7.493963794,Regular,11,Create,ConfigMap,false
7.505806094,Regular,18,Update,Deployment,false
7.524771278,Regular,15,Delete,ConfigMap,false
7.540014727,Regular,10,Delete,Deployment,false
7.550953411,Regular,14,Create,Deployment,false
7.565290287,Regular,8,Create,ConfigMap,false
7.5740462189999995,Regular,10,Update,Deployment,false
7.584429932,Regular,10,Delete,ConfigMap,false
7.595077813,Regular,10,Delete,Deployment,false
7.605462265,Regular,17,Create,Deployment,false
7.623326151,Regular,15,Create,ConfigMap,false
7.638496437,Regular,17,Update,Deployment,false
7.6563150669999995,Regular,12,Delete,ConfigMap,false
7.668451681,Regular,8,Delete,Deployment,false
7.676529404,Regular,15,Create,Deployment,false
7.691606055,Regular,18,Create,ConfigMap,false
7.709634857,Regular,13,Update,Deployment,false
7.723034898,Regular,7,Delete,ConfigMap,false
7.730210831,Regular,14,Delete,Deployment,false
7.74440547,Regular,14,Create,Deployment,false
7.759221556,Regular,17,Create,ConfigMap,false
7.776893954,Regular,14,Update,Deployment,false
7.791925567,Regular,8,Delete,ConfigMap,false
7.800304453,Regular,18,Delete,Deployment,false
7.818440075,Regular,15,Create,Deployment,false
7.833776831,Regular,16,Create,ConfigMap,false
7.850374505,Regular,12,Update,Deployment,false
7.863218828,Regular,6,Delete,ConfigMap,false
7.870237163,Regular,9,Delete,Deployment,false
7.8799895509999995,Regular,13,Create,Deployment,false
7.893925315,Regular,16,Create,ConfigMap,false
7.910721094,Regular,17,Update,Deployment,false
7.928255596,Regular,10,Delete,ConfigMap,false
7.939251899,Regular,11,Delete,Deployment,false
7.950669692,Regular,16,Create,Deployment,false
7.967437191,Regular,17,Create,ConfigMap,false
7.985072257,Regular,15,Update,Deployment,false
8.000777572,Regular,13,Delete,ConfigMap,false
7.026097019,Regular,14,Update,Deployment,false
7.040454429,Regular,12,Delete,ConfigMap,false
7.053536918,Regular,18,Delete,Deployment,false
7.071883177,Regular,15,Create,Deployment,false
7.087018069,Regular,13,Create,ConfigMap,false
7.10102985,Regular,15,Update,Deployment,false
7.117035528,Regular,12,Delete,ConfigMap,false
7.129328344,Regular,10,Delete,Deployment,false
7.139419183,Regular,17,Create,Deployment,false
7.156910302,Regular,16,Create,ConfigMap,false
7.17359807,Regular,19,Update,Deployment,false
7.192880897,Regular,14,Delete,ConfigMap,false
7.207362962,Regular,13,Delete,Deployment,false
7.221061174,Regular,18,Create,Deployment,false
7.239251125,Regular,12,Create,ConfigMap,false
7.2513847590000005,Regular,22,Update,Deployment,false
7.274209828,Regular,10,Delete,ConfigMap,false
7.284635078,Regular,19,Delete,Deployment,false
7.304646406,Regular,14,Create,Deployment,false
7.319124362,Regular,9,Create,ConfigMap,false
7.328927601,Regular,9,Update,Deployment,false
7.338890379,Regular,9,Delete,ConfigMap,false
7.34844464,Regular,9,Delete,Deployment,false
7.358288306,Regular,20,Create,Deployment,false
7.379172534,Regular,15,Create,ConfigMap,false
7.394919991,Regular,15,Update,Deployment,false
7.41040553,Regular,11,Delete,ConfigMap,false
7.421719911,Regular,15,Delete,Deployment,false
7.43771245,Regular,16,Create,Deployment,false
7.454446681,Regular,16,Create,ConfigMap,false
7.471155996,Regular,11,Update,Deployment,false
7.482625755,Regular,5,Delete,ConfigMap,false
7.487825322,Regular,6,Delete,Deployment,false
7.494509442,Regular,12,Create,Deployment,false
7.506698478,Regular,21,Create,ConfigMap,false
7.528236929,Regular,17,Update,Deployment,false
7.545518067,Regular,5,Delete,ConfigMap,false
7.550957169,Regular,12,Delete,Deployment,false
7.56347575,Regular,11,Create,Deployment,false
7.575053477,Regular,15,Create,ConfigMap,false
7.590455636,Regular,15,Update,Deployment,false
7.60598748,Regular,12,Delete,ConfigMap,false
7.618699362,Regular,10,Delete,Deployment,false
7.628837793,Regular,14,Create,Deployment,false
7.642969553,Regular,12,Create,ConfigMap,false
7.65527304,Regular,8,Update,Deployment,false
7.663886077,Regular,18,Delete,ConfigMap,false
7.682275628,Regular,9,Delete,Deployment,false
7.691404566,Regular,19,Create,Deployment,false
7.711190832,Regular,11,Create,ConfigMap,false
7.722993545,Regular,16,Update,Deployment,false
7.739835992,Regular,12,Delete,ConfigMap,false
7.752830704,Regular,13,Delete,Deployment,false
7.766772909,Regular,14,Create,Deployment,false
7.781510977,Regular,14,Create,ConfigMap,false
7.795830507,Regular,19,Update,Deployment,false
7.815421311,Regular,11,Delete,ConfigMap,false
7.826500262,Regular,7,Delete,Deployment,false
7.834374646,Regular,16,Create,Deployment,false
7.8510292360000005,Regular,13,Create,ConfigMap,false
7.864092008,Regular,15,Update,Deployment,false
7.879359825,Regular,6,Delete,ConfigMap,false
7.885728816,Regular,10,Delete,Deployment,false
7.896023758,Regular,23,Create,Deployment,false
7.919830034,Regular,16,Create,ConfigMap,false
7.935879653,Regular,13,Update,Deployment,false
7.949232252,Regular,9,Delete,ConfigMap,false
7.958303674,Regular,15,Delete,Deployment,false
7.973458797,Regular,13,Create,Deployment,false
7.986595305,Regular,14,Create,ConfigMap,false
8.000907648,Regular,13,Update,Deployment,false
7.013785394,Regular,22,Create,ConfigMap,false
7.036179346,Regular,9,Update,Deployment,false
7.045665221,Regular,7,Delete,ConfigMap,false
7.053520245,Regular,17,Delete,Deployment,false
7.071337775,Regular,28,Create,Deployment,false
7.100237409,Regular,15,Create,ConfigMap,false
7.115540357,Regular,10,Update,Deployment,false
7.125591626,Regular,9,Delete,ConfigMap,false
7.135558554,Regular,7,Delete,Deployment,false
7.143478246,Regular,14,Create,Deployment,false
7.157929654,Regular,11,Create,ConfigMap,false
7.169780261,Regular,13,Update,Deployment,false
7.183273276,Regular,12,Delete,ConfigMap,false
7.195707645,Regular,12,Delete,Deployment,false
7.208108482,Regular,14,Create,Deployment,false
7.222770398,Regular,11,Create,ConfigMap,false
7.234490747,Regular,16,Update,Deployment,false
7.2508788840000005,Regular,9,Delete,ConfigMap,false
7.260022401,Regular,18,Delete,Deployment,false
7.278374692,Regular,16,Create,Deployment,false
7.295333039,Regular,9,Create,ConfigMap,false
7.304493383,Regular,21,Update,Deployment,false
7.325555692,Regular,11,Delete,ConfigMap,false
7.3373298479999995,Regular,7,Delete,Deployment,false
7.344929623,Regular,15,Create,Deployment,false
7.360235747,Regular,13,Create,ConfigMap,false
7.373779177,Regular,14,Update,Deployment,false
7.388147888,Regular,7,Delete,ConfigMap,false
7.395377488,Regular,8,Delete,Deployment,false
7.403841652,Regular,17,Create,Deployment,false
7.421412982,Regular,15,Create,ConfigMap,false
7.437360382,Regular,15,Update,Deployment,false
7.453244945,Regular,11,Delete,ConfigMap,false
7.464965212,Regular,9,Delete,Deployment,false
7.474305353,Regular,12,Create,Deployment,false
7.486469126,Regular,12,Create,ConfigMap,false
7.498526113,Regular,12,Update,Deployment,false
7.511104233,Regular,16,Delete,ConfigMap,false
7.527946261,Regular,12,Delete,Deployment,false
7.540892841,Regular,16,Create,Deployment,false
7.557807375,Regular,16,Create,ConfigMap,false
7.573964547,Regular,10,Update,Deployment,false
7.584428786,Regular,13,Delete,ConfigMap,false
7.5981705040000005,Regular,16,Delete,Deployment,false
7.614199884,Regular,17,Create,Deployment,false
7.631507031,Regular,12,Create,ConfigMap,false
7.64437907,Regular,14,Update,Deployment,false
7.658890229,Regular,17,Delete,ConfigMap,false
7.676072616,Regular,14,Delete,Deployment,false
7.690590766,Regular,19,Create,Deployment,false
7.709818872,Regular,13,Create,ConfigMap,false
7.723175993,Regular,12,Update,Deployment,false
7.736072865,Regular,12,Delete,ConfigMap,false
7.748918195,Regular,16,Delete,Deployment,false
7.765603895,Regular,16,Create,Deployment,false
7.782220025,Regular,12,Create,ConfigMap,false
7.794401624,Regular,16,Update,Deployment,false
7.810925736,Regular,15,Delete,ConfigMap,false
7.826689202,Regular,8,Delete,Deployment,false
7.835354355,Regular,15,Create,Deployment,false
7.851040669,Regular,6,Create,ConfigMap,false
7.857553836,Regular,13,Update,Deployment,false
7.87118233,Regular,12,Delete,ConfigMap,false
7.883341536,Regular,9,Delete,Deployment,false
7.893218535,Regular,13,Create,Deployment,false
7.906339993,Regular,16,Create,ConfigMap,false
7.923066613,Regular,11,Update,Deployment,false
7.934129028,Regular,13,Delete,ConfigMap,false
7.94744888,Regular,10,Delete,Deployment,false
7.958389391,Regular,18,Create,Deployment,false
7.976929541,Regular,11,Create,ConfigMap,false
7.988154933,Regular,18,Update,Deployment,false
8.006260476,Regular,16,Delete,ConfigMap,false
7.038586006,Regular,11,Create,Deployment,false
7.050382013,Regular,16,Create,ConfigMap,false
7.067418648,Regular,11,Update,Deployment,false
7.078545842,Regular,9,Delete,ConfigMap,false
7.088074956,Regular,12,Delete,Deployment,false
7.100845793,Regular,14,Create,Deployment,false
7.114931988,Regular,18,Create,ConfigMap,false
7.133744288,Regular,15,Update,Deployment,false
7.14908722,Regular,5,Delete,ConfigMap,false
7.155055727,Regular,13,Delete,Deployment,false
7.168621565,Regular,13,Create,Deployment,false
7.182615358,Regular,21,Create,ConfigMap,false
7.204354322,Regular,16,Update,Deployment,false
7.221290358,Regular,9,Delete,ConfigMap,false
7.231069181,Regular,13,Delete,Deployment,false
7.244239846,Regular,10,Create,Deployment,false
7.255198089,Regular,17,Create,ConfigMap,false
7.272757628,Regular,17,Update,Deployment,false
7.290094927,Regular,9,Delete,ConfigMap,false
7.299905403,Regular,5,Delete,Deployment,false
7.305839496,Regular,23,Create,Deployment,false
7.329059095,Regular,17,Create,ConfigMap,false
7.346390711,Regular,18,Update,Deployment,false
7.364422407,Regular,15,Delete,ConfigMap,false
7.379598858,Regular,13,Delete,Deployment,false
7.393626817,Regular,15,Create,Deployment,false
7.408951796,Regular,11,Create,ConfigMap,false
7.420828139,Regular,12,Update,Deployment,false
7.433499289,Regular,14,Delete,ConfigMap,false
7.448410082,Regular,9,Delete,Deployment,false
7.457488181,Regular,17,Create,Deployment,false
7.4753827,Regular,11,Create,ConfigMap,false
7.48684791,Regular,16,Update,Deployment,false
7.503808744,Regular,16,Delete,ConfigMap,false
7.519839826,Regular,11,Delete,Deployment,false
7.531108463,Regular,20,Create,Deployment,false
7.551569471,Regular,15,Create,ConfigMap,false
7.566765547,Regular,11,Update,Deployment,false
7.578768454,Regular,15,Delete,ConfigMap,false
7.594371396,Regular,10,Delete,Deployment,false
7.605303792,Regular,17,Create,Deployment,false
7.622762498,Regular,12,Create,ConfigMap,false
7.635067014,Regular,17,Update,Deployment,false
7.652437936,Regular,6,Delete,ConfigMap,false
7.659428046,Regular,13,Delete,Deployment,false
7.673046567,Regular,18,Create,Deployment,false
7.69165707,Regular,13,Create,ConfigMap,false
7.704849674,Regular,14,Update,Deployment,false
7.7193790060000005,Regular,7,Delete,ConfigMap,false
7.727109468,Regular,12,Delete,Deployment,false
7.739170197,Regular,21,Create,Deployment,false
7.761001274,Regular,13,Create,ConfigMap,false
7.774296735,Regular,13,Update,Deployment,false
7.788028668,Regular,7,Delete,ConfigMap,false
7.795662021,Regular,6,Delete,Deployment,false
7.802290236,Regular,21,Create,Deployment,false
7.823738852,Regular,9,Create,ConfigMap,false
7.833213139,Regular,11,Update,Deployment,false
7.845012896,Regular,6,Delete,ConfigMap,false
7.851986122,Regular,4,Delete,Deployment,false
7.85671125,Regular,14,Create,Deployment,false
7.871711692,Regular,13,Create,ConfigMap,false
7.884889201,Regular,9,Update,Deployment,false
7.894755475,Regular,10,Delete,ConfigMap,false
7.905641205,Regular,12,Delete,Deployment,false
7.918601326,Regular,14,Create,Deployment,false
7.932760313,Regular,16,Create,ConfigMap,false
7.949335187,Regular,16,Update,Deployment,false
7.966189754,Regular,18,Delete,ConfigMap,false
7.984906777,Regular,13,Delete,Deployment,false
7.998086867,Regular,20,Create,Deployment,false
8.01835528,Regular,21,Create,ConfigMap,false
7.006048271,Regular,19,Update,Deployment,false
7.026048798,Regular,12,Delete,ConfigMap,false
7.038608866,Regular,8,Delete,Deployment,false
7.047453232,Regular,19,Create,Deployment,false
7.066587628,Regular,14,Create,ConfigMap,false
7.080899254,Regular,14,Update,Deployment,false
7.09578551,Regular,8,Delete,ConfigMap,false
7.104088858,Regular,10,Delete,Deployment,false
7.1147509939999996,Regular,17,Create,Deployment,false
7.132185151,Regular,17,Create,ConfigMap,false
7.14967398,Regular,15,Update,Deployment,false
7.164743411,Regular,8,Delete,ConfigMap,false
7.173137698,Regular,15,Delete,Deployment,false
7.188963137,Regular,23,Create,Deployment,false
7.212308519,Regular,13,Create,ConfigMap,false
7.22632127,Regular,18,Update,Deployment,false
7.244698854,Regular,7,Delete,ConfigMap,false
7.252596304,Regular,12,Delete,Deployment,false
7.265408047,Regular,15,Create,Deployment,false
7.2811237349999995,Regular,9,Create,ConfigMap,false
7.290877073,Regular,22,Update,Deployment,false
7.313186902,Regular,7,Delete,ConfigMap,false
7.320257809,Regular,13,Delete,Deployment,false
7.333592561,Regular,12,Create,Deployment,false
7.346495441,Regular,19,Create,ConfigMap,false
7.36651045,Regular,21,Update,Deployment,false
7.388376025,Regular,7,Delete,ConfigMap,false
7.396145505,Regular,7,Delete,Deployment,false
7.404063557,Regular,10,Create,Deployment,false
7.414305616,Regular,15,Create,ConfigMap,false
7.429830611,Regular,15,Update,Deployment,false
7.44554907,Regular,14,Delete,ConfigMap,false
7.45958282,Regular,13,Delete,Deployment,false
7.47278052,Regular,14,Create,Deployment,false
7.487046367,Regular,14,Create,ConfigMap,false
7.501362685,Regular,16,Update,Deployment,false
7.518364324,Regular,16,Delete,ConfigMap,false
7.53521064,Regular,14,Delete,Deployment,false
7.550122018,Regular,10,Create,Deployment,false
7.560515395,Regular,11,Create,ConfigMap,false
7.571842243,Regular,12,Update,Deployment,false
7.5846818240000005,Regular,12,Delete,ConfigMap,false
7.597334496,Regular,6,Delete,Deployment,false
7.604164748,Regular,17,Create,Deployment,false
7.621401161,Regular,16,Create,ConfigMap,false
7.638062343,Regular,18,Update,Deployment,false
7.657140482,Regular,11,Delete,ConfigMap,false
7.668677435,Regular,9,Delete,Deployment,false
7.677913308,Regular,13,Create,Deployment,false
7.691668895,Regular,19,Create,ConfigMap,false
7.711289158,Regular,16,Update,Deployment,false
7.7275351,Regular,12,Delete,ConfigMap,false
7.739570432,Regular,7,Delete,Deployment,false
7.746622604,Regular,22,Create,Deployment,false
7.769415129,Regular,11,Create,ConfigMap,false
7.78081702,Regular,13,Update,Deployment,false
7.794439329,Regular,8,Delete,ConfigMap,false
7.802535784,Regular,22,Delete,Deployment,false
7.825188599,Regular,14,Create,Deployment,false
7.839999187,Regular,9,Create,ConfigMap,false
7.849995178,Regular,13,Update,Deployment,false
7.863400563,Regular,11,Delete,ConfigMap,false
7.874460892,Regular,11,Delete,Deployment,false
7.885644391,Regular,9,Create,Deployment,false
7.894969898,Regular,11,Create,ConfigMap,false
7.906160638,Regular,19,Update,Deployment,false
7.925820386,Regular,11,Delete,ConfigMap,false
7.936947405,Regular,11,Delete,Deployment,false
7.948913807,Regular,17,Create,Deployment,false
7.966924151,Regular,18,Create,ConfigMap,false
7.985578042,Regular,12,Update,Deployment,false
7.998446584,Regular,9,Delete,ConfigMap,false
8.007640947,Regular,16,Delete,Deployment,false
8.023714475,Regular,16,Create,Deployment,false
7.025115882,Regular,13,Create,Deployment,false
7.038620026,Regular,12,Create,ConfigMap,false
7.050872985,Regular,15,Update,Deployment,false
7.066315657,Regular,14,Delete,ConfigMap,false
7.080570116,Regular,11,Delete,Deployment,false
7.092240851,Regular,17,Create,Deployment,false
7.109795082,Regular,15,Create,ConfigMap,false
7.124940009,Regular,11,Update,Deployment,false
7.136591513,Regular,10,Delete,ConfigMap,false
7.146993452,Regular,5,Delete,Deployment,false
7.153010226,Regular,17,Create,Deployment,false
7.170376409,Regular,10,Create,ConfigMap,false
7.181030341,Regular,18,Update,Deployment,false
7.199224287,Regular,11,Delete,ConfigMap,false
7.210694911,Regular,11,Delete,Deployment,false
7.222094078,Regular,22,Create,Deployment,false
7.244491752,Regular,14,Create,ConfigMap,false
7.258701028,Regular,18,Update,Deployment,false
7.277148163,Regular,10,Delete,ConfigMap,false
7.2881369639999996,Regular,16,Delete,Deployment,false
7.304509716,Regular,24,Create,Deployment,false
7.328959557,Regular,17,Create,ConfigMap,false
7.346383994,Regular,14,Update,Deployment,false
7.361450798,Regular,17,Delete,ConfigMap,false
7.378899206,Regular,14,Delete,Deployment,false
7.393114811,Regular,12,Create,Deployment,false
7.40548917,Regular,10,Create,ConfigMap,false
7.415594116,Regular,17,Update,Deployment,false
7.433167349,Regular,9,Delete,ConfigMap,false
7.442928413,Regular,11,Delete,Deployment,false
7.454096808,Regular,18,Create,Deployment,false
7.4727411,Regular,14,Create,ConfigMap,false
7.487019447,Regular,12,Update,Deployment,false
7.500022531,Regular,7,Delete,ConfigMap,false
7.507399554,Regular,20,Delete,Deployment,false
7.527664357,Regular,23,Create,Deployment,false
7.550953956,Regular,22,Create,ConfigMap,false
7.57319345,Regular,17,Update,Deployment,false
7.590505369,Regular,8,Delete,ConfigMap,false
7.599481873,Regular,14,Delete,Deployment,false
7.614398244,Regular,18,Create,Deployment,false
7.632844026,Regular,11,Create,ConfigMap,false
7.6443048529999995,Regular,14,Update,Deployment,false
7.659254575,Regular,18,Delete,ConfigMap,false
7.67747568,Regular,11,Delete,Deployment,false
7.688783367,Regular,16,Create,Deployment,false
7.70480086,Regular,15,Create,ConfigMap,false
7.720822901,Regular,14,Update,Deployment,false
7.7353575249999995,Regular,10,Delete,ConfigMap,false
7.746276882,Regular,16,Delete,Deployment,false
7.762957226,Regular,19,Create,Deployment,false
7.782671177,Regular,13,Create,ConfigMap,false
7.796665569,Regular,18,Update,Deployment,false
7.815163715,Regular,16,Delete,ConfigMap,false
7.831527159,Regular,12,Delete,Deployment,false
7.843714134,Regular,12,Create,Deployment,false
7.85659433,Regular,13,Create,ConfigMap,false
7.87044682,Regular,10,Update,Deployment,false
7.880614924,Regular,9,Delete,ConfigMap,false
7.8901142029999995,Regular,9,Delete,Deployment,false
7.899362227,Regular,19,Create,Deployment,false
7.918616429,Regular,15,Create,ConfigMap,false
7.933659316,Regular,15,Update,Deployment,false
7.94896059,Regular,7,Delete,ConfigMap,false
7.956658921,Regular,7,Delete,Deployment,false
7.9641323889999995,Regular,14,Create,Deployment,false
7.978582438,Regular,14,Create,ConfigMap,false
7.992708862,Regular,14,Update,Deployment,false
8.007581491,Regular,17,Delete,ConfigMap,false
8.025014458,Regular,13,Delete,Deployment,false
8.038399967,Regular,13,Create,Deployment,false
7.009920783,Regular,15,Update,Deployment,false
7.025588167,Regular,14,Delete,ConfigMap,false
7.040172358,Regular,10,Delete,Deployment,false
7.051087656,Regular,21,Create,Deployment,false
7.07213613,Regular,15,Create,ConfigMap,false
7.087823063,Regular,21,Update,Deployment,false
7.109807562,Regular,10,Delete,ConfigMap,false
7.120493904,Regular,8,Delete,Deployment,false
7.128590589,Regular,13,Create,Deployment,false
7.14174926,Regular,10,Create,ConfigMap,false
7.151985286,Regular,14,Update,Deployment,false
7.166285589,Regular,15,Delete,ConfigMap,false
7.182039145,Regular,8,Delete,Deployment,false
7.190754425,Regular,21,Create,Deployment,false
7.211806344,Regular,14,Create,ConfigMap,false
7.226777135,Regular,14,Update,Deployment,false
7.241188713,Regular,10,Delete,ConfigMap,false
7.252168613,Regular,7,Delete,Deployment,false
7.2599156879999995,Regular,14,Create,Deployment,false
7.273979135,Regular,16,Create,ConfigMap,false
7.290713934,Regular,20,Update,Deployment,false
7.311105745,Regular,9,Delete,ConfigMap,false
7.320426497,Regular,13,Delete,Deployment,false
7.333918689,Regular,12,Create,Deployment,false
7.34646136,Regular,19,Create,ConfigMap,false
7.366469217,Regular,21,Update,Deployment,false
7.388376018,Regular,7,Delete,ConfigMap,false
7.39594198,Regular,7,Delete,Deployment,false
7.403551051,Regular,12,Create,Deployment,false
7.41610001,Regular,12,Create,ConfigMap,false
7.428620958,Regular,17,Update,Deployment,false
7.445747337,Regular,14,Delete,ConfigMap,false
7.460649424,Regular,13,Delete,Deployment,false
7.4743077079999996,Regular,11,Create,Deployment,false
7.48548105,Regular,15,Create,ConfigMap,false
7.501144222,Regular,17,Update,Deployment,false
7.518807956,Regular,16,Delete,ConfigMap,false
7.535216772,Regular,15,Delete,Deployment,false
7.550546991,Regular,16,Create,Deployment,false
7.566733022,Regular,7,Create,ConfigMap,false
7.574385802,Regular,14,Update,Deployment,false
7.588929109,Regular,9,Delete,ConfigMap,false
7.598061319,Regular,15,Delete,Deployment,false
7.613961945,Regular,14,Create,Deployment,false
7.628249596,Regular,16,Create,ConfigMap,false
7.644343918,Regular,14,Update,Deployment,false
7.658768982,Regular,18,Delete,ConfigMap,false
7.676791516,Regular,13,Delete,Deployment,false
7.6901800300000005,Regular,19,Create,Deployment,false
7.709785757,Regular,10,Create,ConfigMap,false
7.720208798,Regular,15,Update,Deployment,false
7.736034211,Regular,12,Delete,ConfigMap,false
7.748566135,Regular,18,Delete,Deployment,false
7.766953743,Regular,15,Create,Deployment,false
7.782481174,Regular,14,Create,ConfigMap,false
7.796540047,Regular,16,Update,Deployment,false
7.813174492,Regular,13,Delete,ConfigMap,false
7.826547038,Regular,9,Delete,Deployment,false
7.835881469,Regular,14,Create,Deployment,false
7.850096165,Regular,14,Create,ConfigMap,false
7.864153848,Regular,15,Update,Deployment,false
7.879744342,Regular,6,Delete,ConfigMap,false
7.886635759,Regular,12,Delete,Deployment,false
7.899360863,Regular,12,Create,Deployment,false
7.912277273,Regular,16,Create,ConfigMap,false
7.928647393,Regular,9,Update,Deployment,false
7.937724233,Regular,11,Delete,ConfigMap,false
7.94951188,Regular,9,Delete,Deployment,false
7.959023159,Regular,16,Create,Deployment,false
7.975434516,Regular,12,Create,ConfigMap,false
7.9880555399999995,Regular,12,Update,Deployment,false
8.000382627,Regular,11,Delete,ConfigMap,false
8.011881467,Regular,11,Delete,Deployment,false
8.023404431,Regular,20,Create,Deployment,false
8.044067652,Regular,11,Create,ConfigMap,false
8.01452784,Regular,9,Delete,ConfigMap,false
8.023602415,Regular,15,Delete,Deployment,false
8.039620422,Regular,16,Create,Deployment,false
8.056096721,Regular,11,Create,ConfigMap,false
8.067235965,Regular,10,Update,Deployment,false
8.077976507,Regular,10,Delete,ConfigMap,false
8.088079862,Regular,18,Delete,Deployment,false
8.106216903,Regular,38,Create,Deployment,false
8.144892646,Regular,21,Create,ConfigMap,false
8.166463799,Regular,21,Update,Deployment,false
8.187506438,Regular,16,Delete,ConfigMap,false
8.203570977,Regular,12,Delete,Deployment,false
8.216450584,Regular,29,Create,Deployment,false
8.246415754,Regular,37,Create,ConfigMap,false
8.283663435,Regular,28,Update,Deployment,false
8.311888049,Regular,18,Delete,ConfigMap,false
8.330225272,Regular,5,Delete,Deployment,false
8.336218527,Regular,14,Create,Deployment,false
8.350642028,Regular,17,Create,ConfigMap,false
8.368111438,Regular,19,Update,Deployment,false
8.387944298,Regular,18,Delete,ConfigMap,false
8.406876763,Regular,21,Delete,Deployment,false
8.428868856,Regular,21,Create,Deployment,false
8.450129368,Regular,13,Create,ConfigMap,false
8.463247032,Regular,11,Update,Deployment,false
8.475118922,Regular,9,Delete,ConfigMap,false
8.485058863,Regular,8,Delete,Deployment,false
8.493698206,Regular,14,Create,Deployment,false
8.508558631,Regular,21,Create,ConfigMap,false
8.529601505,Regular,18,Update,Deployment,false
8.548008904,Regular,5,Delete,ConfigMap,false
8.553997982,Regular,11,Delete,Deployment,false
8.565820427,Regular,13,Create,Deployment,false
8.579225447,Regular,11,Create,ConfigMap,false
8.590636286,Regular,19,Update,Deployment,false
8.609672723,Regular,7,Delete,ConfigMap,false
8.617632927,Regular,17,Delete,Deployment,false
8.635027086000001,Regular,12,Create,Deployment,false
8.647434343,Regular,14,Create,ConfigMap,false
8.662330216,Regular,16,Update,Deployment,false
8.678732479,Regular,12,Delete,ConfigMap,false
8.691072975,Regular,8,Delete,Deployment,false
8.69983141,Regular,12,Create,Deployment,false
8.712751506,Regular,10,Create,ConfigMap,false
8.723152698,Regular,16,Update,Deployment,false
8.7399729,Regular,10,Delete,ConfigMap,false
8.750324404,Regular,20,Delete,Deployment,false
8.770741198,Regular,11,Create,Deployment,false
8.782663342,Regular,18,Create,ConfigMap,false
8.800881752,Regular,21,Update,Deployment,false
8.822720618,Regular,17,Delete,ConfigMap,false
8.840560382,Regular,13,Delete,Deployment,false
8.853934878,Regular,20,Create,Deployment,false
8.874620171,Regular,9,Create,ConfigMap,false
8.884412902,Regular,14,Update,Deployment,false
8.899351435,Regular,8,Delete,ConfigMap,false
8.907503498,Regular,17,Delete,Deployment,false
8.924811685,Regular,16,Create,Deployment,false
8.941647325,Regular,13,Create,ConfigMap,false
8.955401224,Regular,17,Update,Deployment,false
8.973331286,Regular,18,Delete,ConfigMap,false
8.992252446,Regular,11,Delete,Deployment,false
8.01054709,Regular,14,Create,ConfigMap,false
8.024850647,Regular,19,Update,Deployment,false
8.043963486,Regular,10,Delete,ConfigMap,false
8.054438412,Regular,6,Delete,Deployment,false
8.061412968,Regular,14,Create,Deployment,false
8.076431587,Regular,13,Create,ConfigMap,false
8.089799019,Regular,20,Update,Deployment,false
8.110367102,Regular,38,Delete,ConfigMap,false
8.14934284,Regular,15,Delete,Deployment,false
8.16507893,Regular,37,Create,Deployment,false
8.202187797,Regular,13,Create,ConfigMap,false
8.215567351,Regular,29,Update,Deployment,false
8.245281893,Regular,17,Delete,ConfigMap,false
8.262401572,Regular,31,Delete,Deployment,false
8.294267571,Regular,23,Create,Deployment,false
8.317967478,Regular,17,Create,ConfigMap,false
8.335520417,Regular,15,Update,Deployment,false
8.35064494,Regular,13,Delete,ConfigMap,false
8.363890258,Regular,10,Delete,Deployment,false
8.374282162,Regular,16,Create,Deployment,false
8.390535398,Regular,15,Create,ConfigMap,false
8.406398035,Regular,22,Update,Deployment,false
8.428800509,Regular,15,Delete,ConfigMap,false
8.444076482,Regular,12,Delete,Deployment,false
8.456176753,Regular,13,Create,Deployment,false
8.470045507,Regular,12,Create,ConfigMap,false
8.48282636,Regular,15,Update,Deployment,false
8.498005027,Regular,11,Delete,ConfigMap,false
8.509281477,Regular,11,Delete,Deployment,false
8.520665349,Regular,15,Create,Deployment,false
8.536028115,Regular,12,Create,ConfigMap,false
8.548322108,Regular,11,Update,Deployment,false
8.560350159,Regular,15,Delete,ConfigMap,false
8.57543837,Regular,14,Delete,Deployment,false
8.589752664,Regular,20,Create,Deployment,false
8.609800456,Regular,9,Create,ConfigMap,false
8.619170747,Regular,16,Update,Deployment,false
8.635563419,Regular,11,Delete,ConfigMap,false
8.647003198,Regular,10,Delete,Deployment,false
8.657889082,Regular,24,Create,Deployment,false
8.682158004,Regular,16,Create,ConfigMap,false
8.698208506,Regular,21,Update,Deployment,false
8.719466726,Regular,18,Delete,ConfigMap,false
8.738100845,Regular,10,Delete,Deployment,false
8.748732223,Regular,23,Create,Deployment,false
8.772365169,Regular,20,Create,ConfigMap,false
8.792565305,Regular,17,Update,Deployment,false
8.809775127,Regular,26,Delete,ConfigMap,false
8.83595105,Regular,19,Delete,Deployment,false
8.855117121,Regular,16,Create,Deployment,false
8.871322057,Regular,12,Create,ConfigMap,false
8.883960382,Regular,16,Update,Deployment,false
8.900355661,Regular,5,Delete,ConfigMap,false
8.90637197,Regular,9,Delete,Deployment,false
8.91603328,Regular,13,Create,Deployment,false
8.92913092,Regular,21,Create,ConfigMap,false
8.950182963,Regular,14,Update,Deployment,false
8.964446662,Regular,8,Delete,ConfigMap,false
8.97302794,Regular,20,Delete,Deployment,false
8.99309097,Regular,11,Create,Deployment,false
8.03979503,Regular,12,Update,Deployment,false
8.052745635,Regular,8,Delete,ConfigMap,false
8.061388571,Regular,9,Delete,Deployment,false
8.071156477,Regular,15,Create,Deployment,false
8.086709204,Regular,25,Create,ConfigMap,false
8.112520781,Regular,34,Update,Deployment,false
8.147502772,Regular,17,Delete,ConfigMap,false
8.164760214,Regular,13,Delete,Deployment,false
8.178184589,Regular,26,Create,Deployment,false
8.204277604,Regular,15,Create,ConfigMap,false
8.219582814,Regular,26,Update,Deployment,false
8.246000585,Regular,37,Delete,ConfigMap,false
8.283627444,Regular,15,Delete,Deployment,false
8.299190697,Regular,22,Create,Deployment,false
8.321848197,Regular,21,Create,ConfigMap,false
8.343142881,Regular,18,Update,Deployment,false
8.361696886,Regular,14,Delete,ConfigMap,false
8.375727746,Regular,19,Delete,Deployment,false
8.394811025,Regular,12,Create,Deployment,false
8.407751612,Regular,27,Create,ConfigMap,false
8.435532223,Regular,14,Update,Deployment,false
8.449882934,Regular,16,Delete,ConfigMap,false
8.466227749,Regular,9,Delete,Deployment,false
8.475854007,Regular,11,Create,Deployment,false
8.487775512,Regular,14,Create,ConfigMap,false
8.502648690000001,Regular,14,Update,Deployment,false
8.517503964,Regular,13,Delete,ConfigMap,false
8.53073004,Regular,10,Delete,Deployment,false
8.540910167,Regular,10,Create,Deployment,false
8.551736008,Regular,9,Create,ConfigMap,false
8.561626743,Regular,12,Update,Deployment,false
8.574292383,Regular,10,Delete,ConfigMap,false
8.584437412,Regular,8,Delete,Deployment,false
8.592647617,Regular,14,Create,Deployment,false
8.60749432,Regular,9,Create,ConfigMap,false
8.617304115,Regular,18,Update,Deployment,false
8.635371939,Regular,11,Delete,ConfigMap,false
8.646793766,Regular,9,Delete,Deployment,false
8.656499317,Regular,15,Create,Deployment,false
8.671871421,Regular,13,Create,ConfigMap,false
8.685182303,Regular,13,Update,Deployment,false
8.698645523,Regular,9,Delete,ConfigMap,false
8.708284954,Regular,12,Delete,Deployment,false
8.720415481,Regular,17,Create,Deployment,false
8.737634653,Regular,11,Create,ConfigMap,false
8.74889614,Regular,10,Update,Deployment,false
8.759690647,Regular,17,Delete,ConfigMap,false
8.777527275,Regular,6,Delete,Deployment,false
8.78356621,Regular,12,Create,Deployment,false
8.79654334,Regular,12,Create,ConfigMap,false
8.808918847,Regular,31,Update,Deployment,false
8.840737491,Regular,12,Delete,ConfigMap,false
8.853415958,Regular,14,Delete,Deployment,false
8.868078448,Regular,11,Create,Deployment,false
8.879897287,Regular,10,Create,ConfigMap,false
8.890918402,Regular,14,Update,Deployment,false
8.905193503,Regular,15,Delete,ConfigMap,false
8.9205819,Regular,8,Delete,Deployment,false
8.929043944,Regular,11,Create,Deployment,false
8.940494399,Regular,15,Create,ConfigMap,false
8.955679838,Regular,17,Update,Deployment,false
8.973027817,Regular,18,Delete,ConfigMap,false
8.991752244,Regular,13,Delete,Deployment,false
8.005906345,Regular,18,Create,ConfigMap,false
8.024832567,Regular,17,Update,Deployment,false
8.042292269,Regular,11,Delete,ConfigMap,false
8.053851486,Regular,5,Delete,Deployment,false
8.059504531,Regular,12,Create,Deployment,false
8.071927168,Regular,14,Create,ConfigMap,false
8.086032027,Regular,31,Update,Deployment,false
8.117571048,Regular,29,Delete,ConfigMap,false
8.14751982,Regular,17,Delete,Deployment,false
8.164676265,Regular,39,Create,Deployment,false
8.204417292,Regular,17,Create,ConfigMap,false
8.222317506,Regular,23,Update,Deployment,false
8.246074314,Regular,37,Delete,ConfigMap,false
8.28325253,Regular,16,Delete,Deployment,false
8.299791286,Regular,22,Create,Deployment,false
8.321930382,Regular,14,Create,ConfigMap,false
8.336162504,Regular,16,Update,Deployment,false
8.352438131,Regular,16,Delete,ConfigMap,false
8.368886998,Regular,13,Delete,Deployment,false
8.382088829,Regular,18,Create,Deployment,false
8.401018305000001,Regular,8,Create,ConfigMap,false
8.409233228,Regular,28,Update,Deployment,false
8.437562854,Regular,14,Delete,ConfigMap,false
8.451617322,Regular,13,Delete,Deployment,false
8.465577157,Regular,15,Create,Deployment,false
8.481035153,Regular,12,Create,ConfigMap,false
8.493844227,Regular,14,Update,Deployment,false
8.508360259,Regular,10,Delete,ConfigMap,false
8.519161693000001,Regular,10,Delete,Deployment,false
8.52922639,Regular,13,Create,Deployment,false
8.54230721,Regular,10,Create,ConfigMap,false
8.552374378,Regular,17,Update,Deployment,false
8.569435103,Regular,9,Delete,ConfigMap,false
8.578748654,Regular,11,Delete,Deployment,false
8.590197981,Regular,13,Create,Deployment,false
8.603400265,Regular,13,Create,ConfigMap,false
8.616458004,Regular,13,Update,Deployment,false
8.630178504,Regular,6,Delete,ConfigMap,false
8.637032037,Regular,9,Delete,Deployment,false
8.64702765,Regular,15,Create,Deployment,false
8.662982037,Regular,16,Create,ConfigMap,false
8.679983688,Regular,12,Update,Deployment,false
8.692459472,Regular,12,Delete,ConfigMap,false
8.704990775,Regular,14,Delete,Deployment,false
8.719233292,Regular,13,Create,Deployment,false
8.732852031,Regular,17,Create,ConfigMap,false
8.750300695,Regular,27,Update,Deployment,false
8.777725421,Regular,5,Delete,ConfigMap,false
8.783492133,Regular,8,Delete,Deployment,false
8.791939157,Regular,15,Create,Deployment,false
8.807840516,Regular,28,Create,ConfigMap,false
8.836112394,Regular,22,Update,Deployment,false
8.858162545,Regular,12,Delete,ConfigMap,false
8.870217363,Regular,7,Delete,Deployment,false
8.877937277000001,Regular,13,Create,Deployment,false
8.891455047000001,Regular,14,Create,ConfigMap,false
8.90614227,Regular,15,Update,Deployment,false
8.921370409,Regular,13,Delete,ConfigMap,false
8.934991753,Regular,12,Delete,Deployment,false
8.947428748,Regular,15,Create,Deployment,false
8.963400075,Regular,22,Create,ConfigMap,false
8.985767135,Regular,14,Update,Deployment,false
9.000292165,Regular,14,Delete,ConfigMap,false
8.02265674,Regular,17,Delete,Deployment,false
8.039810679,Regular,17,Create,Deployment,false
8.056929776,Regular,14,Create,ConfigMap,false
8.071521055,Regular,15,Update,Deployment,false
8.086623134,Regular,12,Delete,ConfigMap,false
8.099085649,Regular,18,Delete,Deployment,false
8.117552345,Regular,26,Create,Deployment,false
8.144031819,Regular,14,Create,ConfigMap,false
8.158728392,Regular,17,Update,Deployment,false
8.176283026,Regular,17,Delete,ConfigMap,false
8.193599457,Regular,14,Delete,Deployment,false
8.208418804,Regular,16,Create,Deployment,false
8.225186582,Regular,10,Create,ConfigMap,false
8.236061501,Regular,14,Update,Deployment,false
8.250618731,Regular,32,Delete,ConfigMap,false
8.283005964,Regular,16,Delete,Deployment,false
8.299228942,Regular,24,Create,Deployment,false
8.323288573,Regular,16,Create,ConfigMap,false
8.339462367,Regular,22,Update,Deployment,false
8.361690833,Regular,14,Delete,ConfigMap,false
8.375921005,Regular,15,Delete,Deployment,false
8.391052638,Regular,14,Create,Deployment,false
8.405244905,Regular,13,Create,ConfigMap,false
8.418455156,Regular,19,Update,Deployment,false
8.438318275,Regular,10,Delete,ConfigMap,false
8.448426161,Regular,8,Delete,Deployment,false
8.457236537,Regular,17,Create,Deployment,false
8.474357541,Regular,12,Create,ConfigMap,false
8.486637455,Regular,9,Update,Deployment,false
8.496447022,Regular,11,Delete,ConfigMap,false
8.507829819,Regular,10,Delete,Deployment,false
8.51857293,Regular,16,Create,Deployment,false
8.534737025,Regular,18,Create,ConfigMap,false
8.552989284,Regular,14,Update,Deployment,false
8.567872166,Regular,7,Delete,ConfigMap,false
8.574915274,Regular,15,Delete,Deployment,false
8.590161709,Regular,13,Create,Deployment,false
8.603973581,Regular,12,Create,ConfigMap,false
8.616499483,Regular,17,Update,Deployment,false
8.633637336,Regular,7,Delete,ConfigMap,false
8.640978714,Regular,7,Delete,Deployment,false
8.648844103,Regular,15,Create,Deployment,false
8.663947795,Regular,14,Create,ConfigMap,false
8.678903988,Regular,13,Update,Deployment,false
8.692265263,Regular,7,Delete,ConfigMap,false
8.699781567,Regular,11,Delete,Deployment,false
8.711658896,Regular,14,Create,Deployment,false
8.726342209,Regular,17,Create,ConfigMap,false
8.743645888,Regular,18,Update,Deployment,false
8.761710144,Regular,15,Delete,ConfigMap,false
8.777196839,Regular,6,Delete,Deployment,false
8.783484199,Regular,14,Create,Deployment,false
8.79791528,Regular,10,Create,ConfigMap,false
8.808336402,Regular,19,Update,Deployment,false
8.827945083,Regular,19,Delete,ConfigMap,false
8.847335345,Regular,13,Delete,Deployment,false
8.860448525,Regular,14,Create,Deployment,false
8.875037727,Regular,11,Create,ConfigMap,false
8.887039768,Regular,10,Update,Deployment,false
8.897658708,Regular,8,Delete,ConfigMap,false
8.905843815,Regular,14,Delete,Deployment,false
8.920492752,Regular,15,Create,Deployment,false
8.935678393,Regular,12,Create,ConfigMap,false
8.948289062,Regular,16,Update,Deployment,false
8.964371344,Regular,7,Delete,ConfigMap,false
8.971778631,Regular,8,Delete,Deployment,false
8.980762077,Regular,19,Create,Deployment,false
9.000529252,Regular,14,Create,ConfigMap,false
8.052190532,Regular,15,Create,ConfigMap,false
8.067452653,Regular,12,Update,Deployment,false
8.08032373,Regular,7,Delete,ConfigMap,false
8.088018547,Regular,18,Delete,Deployment,false
8.10675337,Regular,17,Create,Deployment,false
8.124781945,Regular,32,Create,ConfigMap,false
8.15726721,Regular,13,Update,Deployment,false
8.170848202,Regular,15,Delete,ConfigMap,false
8.186520345,Regular,17,Delete,Deployment,false
8.203984272,Regular,15,Create,Deployment,false
8.219449887,Regular,16,Create,ConfigMap,false
8.236154241,Regular,16,Update,Deployment,false
8.252819914,Regular,29,Delete,ConfigMap,false
8.281964438,Regular,12,Delete,Deployment,false
8.294174534,Regular,28,Create,Deployment,false
8.322505382,Regular,16,Create,ConfigMap,false
8.339133574,Regular,22,Update,Deployment,false
8.361508518,Regular,14,Delete,ConfigMap,false
8.375622734,Regular,15,Delete,Deployment,false
8.391590738,Regular,14,Create,Deployment,false
8.40639103,Regular,13,Create,ConfigMap,false
8.41976337,Regular,28,Update,Deployment,false
8.448535998,Regular,6,Delete,ConfigMap,false
8.455506762,Regular,13,Delete,Deployment,false
8.469495687,Regular,11,Create,Deployment,false
8.481342986,Regular,12,Create,ConfigMap,false
8.493499819,Regular,13,Update,Deployment,false
8.507340365,Regular,11,Delete,ConfigMap,false
8.518974889999999,Regular,15,Delete,Deployment,false
8.534479049,Regular,18,Create,Deployment,false
8.553008067,Regular,15,Create,ConfigMap,false
8.56872437,Regular,15,Update,Deployment,false
8.583978802,Regular,6,Delete,ConfigMap,false
8.590841509,Regular,12,Delete,Deployment,false
8.603132304,Regular,13,Create,Deployment,false
8.616879231,Regular,18,Create,ConfigMap,false
8.635014839,Regular,11,Update,Deployment,false
8.646750278,Regular,6,Delete,ConfigMap,false
8.653079418,Regular,17,Delete,Deployment,false
8.670438249,Regular,22,Create,Deployment,false
8.692659115,Regular,13,Create,ConfigMap,false
8.706350513,Regular,12,Update,Deployment,false
8.718796977,Regular,12,Delete,ConfigMap,false
8.731116525000001,Regular,10,Delete,Deployment,false
8.741167263,Regular,19,Create,Deployment,false
8.760276659,Regular,20,Create,ConfigMap,false
8.781044242,Regular,13,Update,Deployment,false
8.794086168,Regular,8,Delete,ConfigMap,false
8.802978036,Regular,10,Delete,Deployment,false
8.813568816,Regular,19,Create,Deployment,false
8.832821985,Regular,20,Create,ConfigMap,false
8.85324893,Regular,23,Update,Deployment,false
8.87642912,Regular,8,Delete,ConfigMap,false
8.885385924,Regular,6,Delete,Deployment,false
8.891491083,Regular,14,Create,Deployment,false
8.905848294,Regular,14,Create,ConfigMap,false
8.920809486,Regular,12,Update,Deployment,false
8.933779749,Regular,8,Delete,ConfigMap,false
8.942666299,Regular,12,Delete,Deployment,false
8.955565015,Regular,10,Create,Deployment,false
8.966342157,Regular,18,Create,ConfigMap,false
8.984527461,Regular,15,Update,Deployment,false
9.000090869,Regular,12,Delete,ConfigMap,false
9.01237278,Regular,12,Delete,Deployment,false
8.056137141,Regular,13,Update,Deployment,false
8.069589765,Regular,9,Delete,ConfigMap,false
8.079443572,Regular,7,Delete,Deployment,false
8.087368504,Regular,15,Create,Deployment,false
8.103372735,Regular,42,Create,ConfigMap,false
8.1454489,Regular,35,Update,Deployment,false
8.181438386,Regular,11,Delete,ConfigMap,false
8.192983697,Regular,13,Delete,Deployment,false
8.206607775,Regular,19,Create,Deployment,false
8.226621998,Regular,35,Create,ConfigMap,false
8.262239308,Regular,32,Update,Deployment,false
8.294906407,Regular,23,Delete,ConfigMap,false
8.318027102,Regular,10,Delete,Deployment,false
8.328486169,Regular,15,Create,Deployment,false
8.344474056,Regular,15,Create,ConfigMap,false
8.360256938,Regular,17,Update,Deployment,false
8.377990939,Regular,19,Delete,ConfigMap,false
8.397994481,Regular,9,Delete,Deployment,false
8.40751006,Regular,14,Create,Deployment,false
8.422053224,Regular,19,Create,ConfigMap,false
8.44124263,Regular,15,Update,Deployment,false
8.457062974,Regular,11,Delete,ConfigMap,false
8.468522821,Regular,10,Delete,Deployment,false
8.479169808,Regular,8,Create,Deployment,false
8.488096795,Regular,14,Create,ConfigMap,false
8.502891587,Regular,12,Update,Deployment,false
8.51550309,Regular,6,Delete,ConfigMap,false
8.522061476,Regular,12,Delete,Deployment,false
8.534254103,Regular,13,Create,Deployment,false
8.547910056,Regular,13,Create,ConfigMap,false
8.561854606,Regular,13,Update,Deployment,false
8.575114175,Regular,14,Delete,ConfigMap,false
8.5896713,Regular,11,Delete,Deployment,false
8.601340373,Regular,11,Create,Deployment,false
8.612493418,Regular,8,Create,ConfigMap,false
8.621425276,Regular,14,Update,Deployment,false
8.635978263,Regular,11,Delete,ConfigMap,false
8.64709797,Regular,10,Delete,Deployment,false
8.657616622,Regular,26,Create,Deployment,false
8.68422748,Regular,13,Create,ConfigMap,false
8.6981807,Regular,15,Update,Deployment,false
8.713298306,Regular,7,Delete,ConfigMap,false
8.721056378,Regular,15,Delete,Deployment,false
8.736848525,Regular,14,Create,Deployment,false
8.751092112,Regular,25,Create,ConfigMap,false
8.776416838,Regular,11,Update,Deployment,false
8.787723197,Regular,10,Delete,ConfigMap,false
8.798675044,Regular,8,Delete,Deployment,false
8.807398607,Regular,25,Create,Deployment,false
8.832995732,Regular,19,Create,ConfigMap,false
8.852670566,Regular,19,Update,Deployment,false
8.871925345,Regular,10,Delete,ConfigMap,false
8.882509987,Regular,7,Delete,Deployment,false
8.890511951,Regular,16,Create,Deployment,false
8.90716205,Regular,17,Create,ConfigMap,false
8.924609705,Regular,17,Update,Deployment,false
8.941913353,Regular,11,Delete,ConfigMap,false
8.953461324,Regular,6,Delete,Deployment,false
8.959737192,Regular,18,Create,Deployment,false
8.978301571,Regular,13,Create,ConfigMap,false
8.992314585,Regular,15,Update,Deployment,false
9.007573592,Regular,10,Delete,ConfigMap,false
9.017594976,Regular,10,Delete,Deployment,false
8.006099879,Regular,8,Delete,Deployment,false
8.014624524,Regular,19,Create,Deployment,false
8.034602918,Regular,17,Create,ConfigMap,false
8.051831309,Regular,11,Update,Deployment,false
8.063118548,Regular,12,Delete,ConfigMap,false
8.075442417,Regular,10,Delete,Deployment,false
8.085967575,Regular,20,Create,Deployment,false
8.106576461,Regular,37,Create,ConfigMap,false
8.143807123,Regular,22,Update,Deployment,false
8.166576319,Regular,20,Delete,ConfigMap,false
8.186705301,Regular,18,Delete,Deployment,false
8.205174877,Regular,16,Create,Deployment,false
8.221442223,Regular,13,Create,ConfigMap,false
8.23530891,Regular,20,Update,Deployment,false
8.256152968,Regular,31,Delete,ConfigMap,false
8.287846542,Regular,10,Delete,Deployment,false
8.298850779,Regular,23,Create,Deployment,false
8.322423557,Regular,11,Create,ConfigMap,false
8.334258581,Regular,18,Update,Deployment,false
8.352671116,Regular,14,Delete,ConfigMap,false
8.367568787,Regular,13,Delete,Deployment,false
8.381252918,Regular,20,Create,Deployment,false
8.401558848,Regular,11,Create,ConfigMap,false
8.412704444,Regular,23,Update,Deployment,false
8.436709289,Regular,14,Delete,ConfigMap,false
8.45160689,Regular,13,Delete,Deployment,false
8.464850949,Regular,16,Create,Deployment,false
8.481003933,Regular,16,Create,ConfigMap,false
8.498008215,Regular,11,Update,Deployment,false
8.509128106,Regular,9,Delete,ConfigMap,false
8.518576989,Regular,15,Delete,Deployment,false
8.534381477,Regular,16,Create,Deployment,false
8.550974427,Regular,9,Create,ConfigMap,false
8.560346668,Regular,17,Update,Deployment,false
8.577814942,Regular,12,Delete,ConfigMap,false
8.590607497,Regular,10,Delete,Deployment,false
8.601246796,Regular,14,Create,Deployment,false
8.615983843,Regular,12,Create,ConfigMap,false
8.628692482,Regular,14,Update,Deployment,false
8.642968711,Regular,6,Delete,ConfigMap,false
8.64941833,Regular,9,Delete,Deployment,false
8.659040153,Regular,25,Create,Deployment,false
8.684246943,Regular,14,Create,ConfigMap,false
8.698646115,Regular,20,Update,Deployment,false
8.718980401,Regular,10,Delete,ConfigMap,false
8.729963816,Regular,11,Delete,Deployment,false
8.74155492,Regular,18,Create,Deployment,false
8.760168579,Regular,22,Create,ConfigMap,false
8.782305033,Regular,11,Update,Deployment,false
8.793938092,Regular,8,Delete,ConfigMap,false
8.802167709999999,Regular,7,Delete,Deployment,false
8.809243584,Regular,22,Create,Deployment,false
8.831320502,Regular,21,Create,ConfigMap,false
8.853311024,Regular,13,Update,Deployment,false
8.866668225,Regular,6,Delete,ConfigMap,false
8.873403128,Regular,8,Delete,Deployment,false
8.882135881,Regular,9,Create,Deployment,false
8.892037723,Regular,13,Create,ConfigMap,false
8.905885143,Regular,16,Update,Deployment,false
8.922143365,Regular,8,Delete,ConfigMap,false
8.930542973,Regular,15,Delete,Deployment,false
8.945787236,Regular,11,Create,Deployment,false
8.956849872,Regular,11,Create,ConfigMap,false
8.968323214,Regular,18,Update,Deployment,false
8.98641297,Regular,12,Delete,ConfigMap,false
8.999393537,Regular,14,Delete,Deployment,false
9.013562028,Regular,20,Create,Deployment,false
8.013977703,Regular,17,Delete,Deployment,false
8.031713933,Regular,18,Create,Deployment,false
8.050320344,Regular,10,Create,ConfigMap,false
8.060739721,Regular,15,Update,Deployment,false
8.076356692,Regular,11,Delete,ConfigMap,false
8.088112714,Regular,18,Delete,Deployment,false
8.106210933,Regular,38,Create,Deployment,false
8.144580773,Regular,21,Create,ConfigMap,false
8.165648902,Regular,22,Update,Deployment,false
8.187800248,Regular,11,Delete,ConfigMap,false
8.199159917,Regular,10,Delete,Deployment,false
8.209497589,Regular,18,Create,Deployment,false
8.228237638,Regular,27,Create,ConfigMap,false
8.256234861,Regular,33,Update,Deployment,false
8.289929738,Regular,20,Delete,ConfigMap,false
8.310567973,Regular,11,Delete,Deployment,false
8.32165561,Regular,18,Create,Deployment,false
8.339953164,Regular,13,Create,ConfigMap,false
8.35349272,Regular,15,Update,Deployment,false
8.369074867,Regular,12,Delete,ConfigMap,false
8.381581925,Regular,16,Delete,Deployment,false
8.398233851,Regular,16,Create,Deployment,false
8.414304184,Regular,21,Create,ConfigMap,false
8.435772203,Regular,14,Update,Deployment,false
8.450043797,Regular,16,Delete,ConfigMap,false
8.466303416,Regular,8,Delete,Deployment,false
8.474652519,Regular,12,Create,Deployment,false
8.48757618,Regular,11,Create,ConfigMap,false
8.498694367,Regular,18,Update,Deployment,false
8.517382058,Regular,13,Delete,ConfigMap,false
8.530851516,Regular,10,Delete,Deployment,false
8.541303923,Regular,11,Create,Deployment,false
8.552927224,Regular,15,Create,ConfigMap,false
8.568890284,Regular,19,Update,Deployment,false
8.588275214,Regular,7,Delete,ConfigMap,false
8.595365573,Regular,6,Delete,Deployment,false
8.602234164,Regular,14,Create,Deployment,false
8.6164803,Regular,11,Create,ConfigMap,false
8.62830666,Regular,13,Update,Deployment,false
8.641635507,Regular,7,Delete,ConfigMap,false
8.649713081,Regular,8,Delete,Deployment,false
8.658371616,Regular,20,Create,Deployment,false
8.678777171,Regular,12,Create,ConfigMap,false
8.690931928,Regular,9,Update,Deployment,false
8.700580629,Regular,6,Delete,ConfigMap,false
8.707332242,Regular,17,Delete,Deployment,false
8.724365538,Regular,18,Create,Deployment,false
8.742413351,Regular,11,Create,ConfigMap,false
8.754042890000001,Regular,22,Update,Deployment,false
8.776720541,Regular,5,Delete,ConfigMap,false
8.782376166,Regular,9,Delete,Deployment,false
8.792236974,Regular,15,Create,Deployment,false
8.807528472,Regular,34,Create,ConfigMap,false
8.842477022,Regular,18,Update,Deployment,false
8.861254488,Regular,7,Delete,ConfigMap,false
8.868404832,Regular,9,Delete,Deployment,false
8.878328143,Regular,12,Create,Deployment,false
8.891169648,Regular,15,Create,ConfigMap,false
8.906503395,Regular,15,Update,Deployment,false
8.92196834,Regular,11,Delete,ConfigMap,false
8.933205373,Regular,13,Delete,Deployment,false
8.946409701,Regular,8,Create,Deployment,false
8.954720824,Regular,10,Create,ConfigMap,false
8.965412828,Regular,13,Update,Deployment,false
8.978923158,Regular,13,Delete,ConfigMap,false
8.992577419,Regular,13,Delete,Deployment,false
9.005641989,Regular,19,Create,Deployment,false
9.025429877,Regular,11,Create,ConfigMap,false
8.040054042,Regular,11,Create,ConfigMap,false
8.051677132,Regular,11,Update,Deployment,false
8.063005701,Regular,8,Delete,ConfigMap,false
8.071472828,Regular,8,Delete,Deployment,false
8.080108372,Regular,17,Create,Deployment,false
8.097972291,Regular,46,Create,ConfigMap,false
8.144615736,Regular,20,Update,Deployment,false
8.165592676,Regular,17,Delete,ConfigMap,false
8.183411478,Regular,20,Delete,Deployment,false
8.203536448,Regular,18,Create,Deployment,false
8.222571243,Regular,30,Create,ConfigMap,false
8.25314012,Regular,30,Update,Deployment,false
8.284150152,Regular,9,Delete,ConfigMap,false
8.293217394,Regular,21,Delete,Deployment,false
8.314264081,Regular,21,Create,Deployment,false
8.335462802,Regular,16,Create,ConfigMap,false
8.351917459,Regular,19,Update,Deployment,false
8.371186973,Regular,15,Delete,ConfigMap,false
8.387078457,Regular,14,Delete,Deployment,false
8.40123024,Regular,13,Create,Deployment,false
8.414503184,Regular,25,Create,ConfigMap,false
8.439999413,Regular,12,Update,Deployment,false
8.452632757,Regular,11,Delete,ConfigMap,false
8.464494349,Regular,9,Delete,Deployment,false
8.473621771,Regular,14,Create,Deployment,false
8.48792086,Regular,14,Create,ConfigMap,false
8.502091719,Regular,15,Update,Deployment,false
8.517166578,Regular,17,Delete,ConfigMap,false
8.534528508,Regular,12,Delete,Deployment,false
8.546841115,Regular,10,Create,Deployment,false
8.556987979,Regular,18,Create,ConfigMap,false
8.575831802,Regular,15,Update,Deployment,false
8.591043994,Regular,11,Delete,ConfigMap,false
8.603022173,Regular,8,Delete,Deployment,false
8.611549261,Regular,7,Create,Deployment,false
8.618668572,Regular,16,Create,ConfigMap,false
8.635063434,Regular,10,Update,Deployment,false
8.645672333,Regular,8,Delete,ConfigMap,false
8.654383948,Regular,16,Delete,Deployment,false
8.671008907000001,Regular,21,Create,Deployment,false
8.692975534,Regular,13,Create,ConfigMap,false
8.70630911,Regular,25,Update,Deployment,false
8.731564713000001,Regular,9,Delete,ConfigMap,false
8.741310015,Regular,13,Delete,Deployment,false
8.754452295,Regular,22,Create,Deployment,false
8.77662008,Regular,15,Create,ConfigMap,false
8.792589748,Regular,14,Update,Deployment,false
8.807180592,Regular,28,Delete,ConfigMap,false
8.835892487,Regular,18,Delete,Deployment,false
8.854582021,Regular,18,Create,Deployment,false
8.873319125,Regular,11,Create,ConfigMap,false
8.885009204,Regular,19,Update,Deployment,false
8.90498343,Regular,5,Delete,ConfigMap,false
8.910993213,Regular,12,Delete,Deployment,false
8.92383122,Regular,15,Create,Deployment,false
8.939245159,Regular,16,Create,ConfigMap,false
8.955388144,Regular,11,Update,Deployment,false
8.966768704,Regular,19,Delete,ConfigMap,false
8.985922882,Regular,11,Delete,Deployment,false
8.9970588,Regular,15,Create,Deployment,false
9.013065262,Regular,13,Create,ConfigMap,false
9.026383428,Regular,14,Update,Deployment,false
9.041387978,Regular,17,Delete,ConfigMap,false
9.037193998,Regular,11,Update,Deployment,false
9.049130549,Regular,9,Delete,ConfigMap,false
9.058829409,Regular,9,Delete,Deployment,false
9.067976736,Regular,12,Create,Deployment,false
9.080809588,Regular,12,Create,ConfigMap,false
9.093123676,Regular,9,Update,Deployment,false
9.102998371,Regular,6,Delete,ConfigMap,false
9.109630552,Regular,9,Delete,Deployment,false
9.118893773,Regular,15,Create,Deployment,false
9.134457121,Regular,15,Create,ConfigMap,false
9.150298896,Regular,9,Update,Deployment,false
9.160329103,Regular,4,Delete,ConfigMap,false
9.165350727,Regular,14,Delete,Deployment,false
9.179512359,Regular,16,Create,Deployment,false
9.196017768,Regular,10,Create,ConfigMap,false
9.206160897,Regular,17,Update,Deployment,false
9.223317767,Regular,18,Delete,ConfigMap,false
9.241777243,Regular,9,Delete,Deployment,false
9.251614502,Regular,17,Create,Deployment,false
9.269391733,Regular,14,Create,ConfigMap,false
9.283581812,Regular,11,Update,Deployment,false
9.295420172,Regular,11,Delete,ConfigMap,false
9.306743023,Regular,13,Delete,Deployment,false
9.31992271,Regular,13,Create,Deployment,false
9.333178376,Regular,15,Create,ConfigMap,false
9.348595815,Regular,13,Update,Deployment,false
9.362403275,Regular,9,Delete,ConfigMap,false
9.372194413,Regular,11,Delete,Deployment,false
9.383778573,Regular,12,Create,Deployment,false
9.396077926,Regular,18,Create,ConfigMap,false
9.415082645,Regular,14,Update,Deployment,false
9.429534924,Regular,9,Delete,ConfigMap,false
9.439267935,Regular,10,Delete,Deployment,false
9.449542978,Regular,16,Create,Deployment,false
9.466441974,Regular,12,Create,ConfigMap,false
9.479420828,Regular,18,Update,Deployment,false
9.497524566,Regular,8,Delete,ConfigMap,false
9.505788279,Regular,19,Delete,Deployment,false
9.525469569,Regular,36,Create,Deployment,false
9.561677831,Regular,28,Create,ConfigMap,false
9.590399565,Regular,23,Update,Deployment,false
9.613752405,Regular,10,Delete,ConfigMap,false
9.623799267,Regular,9,Delete,Deployment,false
9.633717762,Regular,26,Create,Deployment,false
9.660425741,Regular,22,Create,ConfigMap,false
9.682923376,Regular,25,Update,Deployment,false
9.708344538,Regular,14,Delete,ConfigMap,false
9.722901866,Regular,14,Delete,Deployment,false
9.737043013,Regular,13,Create,Deployment,false
9.75025066,Regular,23,Create,ConfigMap,false
9.773536223,Regular,29,Update,Deployment,false
9.802921592,Regular,16,Delete,ConfigMap,false
9.819695727,Regular,39,Delete,Deployment,false
9.859582929,Regular,19,Create,Deployment,false
9.878937828,Regular,19,Create,ConfigMap,false
9.898822608,Regular,18,Update,Deployment,false
9.917595941,Regular,18,Delete,ConfigMap,false
9.93563226,Regular,9,Delete,Deployment,false
9.944673925,Regular,14,Create,Deployment,false
9.958856308,Regular,14,Create,ConfigMap,false
9.973907977,Regular,12,Update,Deployment,false
9.986206638,Regular,12,Delete,ConfigMap,false
9.998827005,Regular,7,Delete,Deployment,false
9.004702937,Regular,8,Create,ConfigMap,false
9.01360744,Regular,12,Update,Deployment,false
9.026112988,Regular,9,Delete,ConfigMap,false
9.03601213,Regular,7,Delete,Deployment,false
9.043606514,Regular,20,Create,Deployment,false
9.064453676,Regular,12,Create,ConfigMap,false
9.077324888,Regular,14,Update,Deployment,false
9.092371464,Regular,8,Delete,ConfigMap,false
9.100539056,Regular,6,Delete,Deployment,false
9.107226183,Regular,12,Create,Deployment,false
9.119264862,Regular,15,Create,ConfigMap,false
9.134668883,Regular,19,Update,Deployment,false
9.154297575,Regular,7,Delete,ConfigMap,false
9.16223707,Regular,11,Delete,Deployment,false
9.173524139,Regular,13,Create,Deployment,false
9.187479244,Regular,10,Create,ConfigMap,false
9.197523097,Regular,15,Update,Deployment,false
9.213209349,Regular,17,Delete,ConfigMap,false
9.230545906,Regular,15,Delete,Deployment,false
9.245696907,Regular,12,Create,Deployment,false
9.258256065,Regular,20,Create,ConfigMap,false
9.279020888,Regular,13,Update,Deployment,false
9.292523864,Regular,13,Delete,ConfigMap,false
9.306552054,Regular,12,Delete,Deployment,false
9.319405126,Regular,13,Create,Deployment,false
9.333241456,Regular,15,Create,ConfigMap,false
9.348280132,Regular,15,Update,Deployment,false
9.364094288,Regular,9,Delete,ConfigMap,false
9.373532133,Regular,14,Delete,Deployment,false
9.388021677,Regular,13,Create,Deployment,false
9.401182996,Regular,18,Create,ConfigMap,false
9.41959377,Regular,16,Update,Deployment,false
9.436237376,Regular,12,Delete,ConfigMap,false
9.448574438,Regular,8,Delete,Deployment,false
9.45676587,Regular,16,Create,Deployment,false
9.473071844,Regular,15,Create,ConfigMap,false
9.488367008,Regular,21,Update,Deployment,false
9.509904382,Regular,22,Delete,ConfigMap,false
9.532227444,Regular,16,Delete,Deployment,false
9.548443524,Regular,25,Create,Deployment,false
9.573627841,Regular,14,Create,ConfigMap,false
9.58863023,Regular,16,Update,Deployment,false
9.605385576,Regular,10,Delete,ConfigMap,false
9.615583053,Regular,12,Delete,Deployment,false
9.628153618,Regular,18,Create,Deployment,false
9.646833274,Regular,16,Create,ConfigMap,false
9.663722096,Regular,17,Update,Deployment,false
9.681080367,Regular,20,Delete,ConfigMap,false
9.701890011,Regular,13,Delete,Deployment,false
9.71573713,Regular,21,Create,Deployment,false
9.737597705,Regular,25,Create,ConfigMap,false
9.76287873,Regular,36,Update,Deployment,false
9.798963769,Regular,10,Delete,ConfigMap,false
9.809195601,Regular,13,Delete,Deployment,false
9.822302571,Regular,38,Create,Deployment,false
9.860635756,Regular,17,Create,ConfigMap,false
9.878479485,Regular,21,Update,Deployment,false
9.899743081,Regular,8,Delete,ConfigMap,false
9.908043535000001,Regular,13,Delete,Deployment,false
9.921378697,Regular,16,Create,Deployment,false
9.937471112,Regular,8,Create,ConfigMap,false
9.946184945,Regular,21,Update,Deployment,false
9.967767472,Regular,9,Delete,ConfigMap,false
9.977407686,Regular,9,Delete,Deployment,false
9.987264263,Regular,20,Create,Deployment,false
9.058676817,Regular,8,Delete,Deployment,false
9.067653113,Regular,14,Create,Deployment,false
9.081967707,Regular,16,Create,ConfigMap,false
9.098018759,Regular,10,Update,Deployment,false
9.108965143,Regular,9,Delete,ConfigMap,false
9.118647388,Regular,10,Delete,Deployment,false
9.129179112,Regular,16,Create,Deployment,false
9.145310307999999,Regular,9,Create,ConfigMap,false
9.154797408,Regular,13,Update,Deployment,false
9.168680802,Regular,13,Delete,ConfigMap,false
9.182008661,Regular,6,Delete,Deployment,false
9.188286773,Regular,16,Create,Deployment,false
9.204928228,Regular,25,Create,ConfigMap,false
9.230169523,Regular,20,Update,Deployment,false
9.25085089,Regular,9,Delete,ConfigMap,false
9.259984117,Regular,13,Delete,Deployment,false
9.273223825,Regular,14,Create,Deployment,false
9.287255972,Regular,18,Create,ConfigMap,false
9.305672979,Regular,15,Update,Deployment,false
9.321643796,Regular,8,Delete,ConfigMap,false
9.330090099,Regular,14,Delete,Deployment,false
9.344752664,Regular,19,Create,Deployment,false
9.363807883,Regular,11,Create,ConfigMap,false
9.375538399,Regular,16,Update,Deployment,false
9.391612457,Regular,10,Delete,ConfigMap,false
9.402073693,Regular,17,Delete,Deployment,false
9.419585844,Regular,12,Create,Deployment,false
9.432094959,Regular,15,Create,ConfigMap,false
9.448014883,Regular,12,Update,Deployment,false
9.46021273,Regular,11,Delete,ConfigMap,false
9.471977873,Regular,15,Delete,Deployment,false
9.48734488,Regular,12,Create,Deployment,false
9.499439139,Regular,25,Create,ConfigMap,false
9.525415846,Regular,35,Update,Deployment,false
9.560797051,Regular,14,Delete,ConfigMap,false
9.575606886,Regular,21,Delete,Deployment,false
9.597208469,Regular,13,Create,Deployment,false
9.610912499,Regular,15,Create,ConfigMap,false
9.626790115,Regular,20,Update,Deployment,false
9.647518889,Regular,21,Delete,ConfigMap,false
9.668747622,Regular,10,Delete,Deployment,false
9.679364927,Regular,20,Create,Deployment,false
9.699441883,Regular,19,Create,ConfigMap,false
9.719310753,Regular,18,Update,Deployment,false
9.738076321,Regular,24,Delete,ConfigMap,false
9.762266895,Regular,22,Delete,Deployment,false
9.785103673,Regular,19,Create,Deployment,false
9.805013467,Regular,30,Create,ConfigMap,false
9.835493827,Regular,35,Update,Deployment,false
9.87124465,Regular,18,Delete,ConfigMap,false
9.889840789,Regular,15,Delete,Deployment,false
9.905387531,Regular,24,Create,Deployment,false
9.930396709,Regular,12,Create,ConfigMap,false
9.943300493,Regular,14,Update,Deployment,false
9.957373638,Regular,16,Delete,ConfigMap,false
9.973693834,Regular,7,Delete,Deployment,false
9.980762797,Regular,15,Create,Deployment,false
9.99617017,Regular,13,Create,ConfigMap,false
9.014710948,Regular,12,Delete,Deployment,false
9.026947526,Regular,14,Create,Deployment,false
9.04133915,Regular,17,Create,ConfigMap,false
9.058483401,Regular,14,Update,Deployment,false
9.072723848,Regular,10,Delete,ConfigMap,false
9.082917304,Regular,8,Delete,Deployment,false
9.091549259,Regular,12,Create,Deployment,false
9.103663971,Regular,9,Create,ConfigMap,false
9.113439906,Regular,13,Update,Deployment,false
9.126602757,Regular,14,Delete,ConfigMap,false
9.140732101,Regular,7,Delete,Deployment,false
9.148736163,Regular,15,Create,Deployment,false
9.164126532,Regular,17,Create,ConfigMap,false
9.182145246,Regular,15,Update,Deployment,false
9.197797148,Regular,9,Delete,ConfigMap,false
9.206888109,Regular,16,Delete,Deployment,false
9.223817308,Regular,26,Create,Deployment,false
9.250547265,Regular,19,Create,ConfigMap,false
9.269723064,Regular,14,Update,Deployment,false
9.284437848,Regular,12,Delete,ConfigMap,false
9.296562464,Regular,15,Delete,Deployment,false
9.312198951,Regular,13,Create,Deployment,false
9.325324218,Regular,14,Create,ConfigMap,false
9.339765129,Regular,16,Update,Deployment,false
9.356212511,Regular,8,Delete,ConfigMap,false
9.364977278,Regular,11,Delete,Deployment,false
9.376313915,Regular,13,Create,Deployment,false
9.389789937,Regular,12,Create,ConfigMap,false
9.402126256,Regular,13,Update,Deployment,false
9.416144672,Regular,8,Delete,ConfigMap,false
9.424480519,Regular,5,Delete,Deployment,false
9.430436151,Regular,12,Create,Deployment,false
9.443306309,Regular,10,Create,ConfigMap,false
9.45338725,Regular,20,Update,Deployment,false
9.473490869,Regular,13,Delete,ConfigMap,false
9.487151363,Regular,11,Delete,Deployment,false
9.499281812,Regular,27,Create,Deployment,false
9.526698178,Regular,28,Create,ConfigMap,false
9.555332999,Regular,22,Update,Deployment,false
9.577541581,Regular,15,Delete,ConfigMap,false
9.593093529,Regular,14,Delete,Deployment,false
9.607128528,Regular,16,Create,Deployment,false
9.623908852,Regular,15,Create,ConfigMap,false
9.639420054,Regular,20,Update,Deployment,false
9.659905701,Regular,19,Delete,ConfigMap,false
9.679104609,Regular,8,Delete,Deployment,false
9.687295748,Regular,27,Create,Deployment,false
9.714331034,Regular,31,Create,ConfigMap,false
9.745594797,Regular,22,Update,Deployment,false
9.768052579,Regular,17,Delete,ConfigMap,false
9.785522026,Regular,18,Delete,Deployment,false
9.804495244,Regular,22,Create,Deployment,false
9.827193926,Regular,44,Create,ConfigMap,false
9.872004577,Regular,11,Update,Deployment,false
9.88326338,Regular,12,Delete,ConfigMap,false
9.895428876,Regular,11,Delete,Deployment,false
9.906654395,Regular,22,Create,Deployment,false
9.929755094,Regular,16,Create,ConfigMap,false
9.946172548,Regular,21,Update,Deployment,false
9.967755964,Regular,9,Delete,ConfigMap,false
9.977515157,Regular,8,Delete,Deployment,false
9.985804326,Regular,13,Create,Deployment,false
9.99912603,Regular,10,Create,ConfigMap,false
9.033654607,Regular,11,Create,ConfigMap,false
9.044921967,Regular,19,Update,Deployment,false
9.064269401,Regular,9,Delete,ConfigMap,false
9.07341546,Regular,9,Delete,Deployment,false
9.082731035,Regular,15,Create,Deployment,false
9.097808019,Regular,11,Create,ConfigMap,false
9.109079609,Regular,15,Update,Deployment,false
9.12511827,Regular,17,Delete,ConfigMap,false
9.142436044,Regular,12,Delete,Deployment,false
9.155011526,Regular,13,Create,Deployment,false
9.168617082,Regular,13,Create,ConfigMap,false
9.182468909,Regular,15,Update,Deployment,false
9.197698024,Regular,8,Delete,ConfigMap,false
9.206700932,Regular,16,Delete,Deployment,false
9.223301731,Regular,15,Create,Deployment,false
9.239158167,Regular,10,Create,ConfigMap,false
9.24999345,Regular,18,Update,Deployment,false
9.268251199,Regular,11,Delete,ConfigMap,false
9.279342225,Regular,12,Delete,Deployment,false
9.291443787,Regular,14,Create,Deployment,false
9.306375654,Regular,17,Create,ConfigMap,false
9.323567908,Regular,21,Update,Deployment,false
9.344981521,Regular,8,Delete,ConfigMap,false
9.353760254,Regular,10,Delete,Deployment,false
9.364475635,Regular,13,Create,Deployment,false
9.377711234,Regular,13,Create,ConfigMap,false
9.391165626,Regular,23,Update,Deployment,false
9.414941525,Regular,5,Delete,ConfigMap,false
9.420662637,Regular,11,Delete,Deployment,false
9.432674474,Regular,16,Create,Deployment,false
9.449233169,Regular,14,Create,ConfigMap,false
9.464118545,Regular,18,Update,Deployment,false
9.482659184,Regular,8,Delete,ConfigMap,false
9.491082288,Regular,12,Delete,Deployment,false
9.50384371,Regular,22,Create,Deployment,false
9.526879624,Regular,28,Create,ConfigMap,false
9.555542782,Regular,25,Update,Deployment,false
9.580977973,Regular,12,Delete,ConfigMap,false
9.593745926,Regular,18,Delete,Deployment,false
9.612253353,Regular,18,Create,Deployment,false
9.631246841,Regular,14,Create,ConfigMap,false
9.646063154,Regular,21,Update,Deployment,false
9.668076657,Regular,12,Delete,ConfigMap,false
9.682402579,Regular,16,Delete,Deployment,false
9.70258268,Regular,16,Create,Deployment,false
9.722293952,Regular,40,Create,ConfigMap,false
9.762493632,Regular,37,Update,Deployment,false
9.799617609,Regular,10,Delete,ConfigMap,false
9.810622121,Regular,16,Delete,Deployment,false
9.8272837,Regular,42,Create,Deployment,false
9.869734048,Regular,18,Create,ConfigMap,false
9.888572629,Regular,18,Update,Deployment,false
9.906913846,Regular,7,Delete,ConfigMap,false
9.914071512,Regular,14,Delete,Deployment,false
9.928366774,Regular,14,Create,Deployment,false
9.943087759,Regular,14,Create,ConfigMap,false
9.957704512,Regular,17,Update,Deployment,false
9.974801722,Regular,10,Delete,ConfigMap,false
9.985159421,Regular,12,Delete,Deployment,false
10.002917585,Regular,9,Create,Deployment,false
9.00577758,Regular,19,Create,Deployment,false
9.0254588,Regular,13,Create,ConfigMap,false
9.039417307,Regular,17,Update,Deployment,false
9.056660572,Regular,12,Delete,ConfigMap,false
9.069606491,Regular,9,Delete,Deployment,false
9.079042285,Regular,14,Create,Deployment,false
9.093452939,Regular,9,Create,ConfigMap,false
9.103449258,Regular,15,Update,Deployment,false
9.119432785,Regular,10,Delete,ConfigMap,false
9.130377041,Regular,5,Delete,Deployment,false
9.135484792,Regular,14,Create,Deployment,false
9.150435903,Regular,13,Create,ConfigMap,false
9.164154878,Regular,18,Update,Deployment,false
9.182508121,Regular,5,Delete,ConfigMap,false
9.187919581,Regular,15,Delete,Deployment,false
9.202968568,Regular,11,Create,Deployment,false
9.214914549,Regular,25,Create,ConfigMap,false
9.240521175,Regular,16,Update,Deployment,false
9.256666742,Regular,20,Delete,ConfigMap,false
9.277018724,Regular,10,Delete,Deployment,false
9.287550072,Regular,18,Create,Deployment,false
9.306016711,Regular,14,Create,ConfigMap,false
9.320335341,Regular,12,Update,Deployment,false
9.333061936,Regular,12,Delete,ConfigMap,false
9.346079549,Regular,13,Delete,Deployment,false
9.359796146,Regular,13,Create,Deployment,false
9.373705295,Regular,11,Create,ConfigMap,false
9.385610702,Regular,16,Update,Deployment,false
9.401786353,Regular,13,Delete,ConfigMap,false
9.4155851,Regular,8,Delete,Deployment,false
9.424246816,Regular,13,Create,Deployment,false
9.438340222,Regular,9,Create,ConfigMap,false
9.448190029,Regular,18,Update,Deployment,false
9.467092597,Regular,9,Delete,ConfigMap,false
9.476240747,Regular,10,Delete,Deployment,false
9.4869424,Regular,35,Create,Deployment,false
9.52230723,Regular,24,Create,ConfigMap,false
9.546369232,Regular,32,Update,Deployment,false
9.579168386,Regular,16,Delete,ConfigMap,false
9.595996214,Regular,15,Delete,Deployment,false
9.611497981,Regular,22,Create,Deployment,false
9.633900814,Regular,12,Create,ConfigMap,false
9.646144058,Regular,25,Update,Deployment,false
9.671596237,Regular,17,Delete,ConfigMap,false
9.688747484,Regular,17,Delete,Deployment,false
9.706047486,Regular,20,Create,Deployment,false
9.726369009,Regular,31,Create,ConfigMap,false
9.757671984,Regular,18,Update,Deployment,false
9.776467841,Regular,27,Delete,ConfigMap,false
9.804139224,Regular,15,Delete,Deployment,false
9.819443919,Regular,40,Create,Deployment,false
9.860374178,Regular,17,Create,ConfigMap,false
9.877990068,Regular,21,Update,Deployment,false
9.899053242,Regular,10,Delete,ConfigMap,false
9.909108055,Regular,16,Delete,Deployment,false
9.92517798,Regular,15,Create,Deployment,false
9.940853973,Regular,14,Create,ConfigMap,false
9.955619203,Regular,18,Update,Deployment,false
9.973846079,Regular,11,Delete,ConfigMap,false
9.985123389,Regular,13,Delete,Deployment,false
9.99860301,Regular,15,Create,Deployment,false
9.024811458,Regular,11,Create,Deployment,false
9.035939547,Regular,17,Create,ConfigMap,false
9.053197826,Regular,12,Update,Deployment,false
9.065765773,Regular,7,Delete,ConfigMap,false
9.073307905,Regular,9,Delete,Deployment,false
9.083005507,Regular,19,Create,Deployment,false
9.102085399,Regular,13,Create,ConfigMap,false
9.115393889,Regular,17,Update,Deployment,false
9.133026212,Regular,10,Delete,ConfigMap,false
9.143160006,Regular,11,Delete,Deployment,false
9.154792036,Regular,11,Create,Deployment,false
9.166186739,Regular,16,Create,ConfigMap,false
9.182498458,Regular,15,Update,Deployment,false
9.197717988,Regular,6,Delete,ConfigMap,false
9.204718785,Regular,18,Delete,Deployment,false
9.223399184,Regular,24,Create,Deployment,false
9.248094073,Regular,15,Create,ConfigMap,false
9.263363298,Regular,13,Update,Deployment,false
9.277121925,Regular,7,Delete,ConfigMap,false
9.284561138,Regular,12,Delete,Deployment,false
9.297106675,Regular,18,Create,Deployment,false
9.315215766,Regular,13,Create,ConfigMap,false
9.329229437,Regular,16,Update,Deployment,false
9.345493692,Regular,9,Delete,ConfigMap,false
9.354812544,Regular,9,Delete,Deployment,false
9.364751631,Regular,11,Create,Deployment,false
9.376584847,Regular,13,Create,ConfigMap,false
9.390328154,Regular,14,Update,Deployment,false
9.404479737,Regular,12,Delete,ConfigMap,false
9.417492611,Regular,11,Delete,Deployment,false
9.429262731,Regular,10,Create,Deployment,false
9.440119883,Regular,12,Create,ConfigMap,false
9.453140668,Regular,19,Update,Deployment,false
9.472832344,Regular,11,Delete,ConfigMap,false
9.484283459,Regular,9,Delete,Deployment,false
9.494172352,Regular,25,Create,Deployment,false
9.519418381,Regular,23,Create,ConfigMap,false
9.542919729,Regular,30,Update,Deployment,false
9.57355489,Regular,19,Delete,ConfigMap,false
9.593201509,Regular,18,Delete,Deployment,false
9.612031491,Regular,22,Create,Deployment,false
9.634213241,Regular,13,Create,ConfigMap,false
9.647950031,Regular,26,Update,Deployment,false
9.674056417,Regular,18,Delete,ConfigMap,false
9.692608734,Regular,13,Delete,Deployment,false
9.706203398,Regular,13,Create,Deployment,false
9.720017466,Regular,25,Create,ConfigMap,false
9.745374331,Regular,28,Update,Deployment,false
9.773844455,Regular,19,Delete,ConfigMap,false
9.792890977,Regular,16,Delete,Deployment,false
9.809376541,Regular,19,Create,Deployment,false
9.828442463,Regular,40,Create,ConfigMap,false
9.869474465,Regular,17,Update,Deployment,false
9.886952379,Regular,15,Delete,ConfigMap,false
9.902341091,Regular,10,Delete,Deployment,false
9.912893123,Regular,17,Create,Deployment,false
9.930131389,Regular,11,Create,ConfigMap,false
9.942059336,Regular,16,Update,Deployment,false
9.959080555,Regular,12,Delete,ConfigMap,false
9.971537879,Regular,6,Delete,Deployment,false
9.977822243,Regular,9,Create,Deployment,false
9.987333583,Regular,12,Create,ConfigMap,false
10.000118985,Regular,10,Update,Deployment,false
10.01044224,Regular,8,Delete,ConfigMap,false
9.004216272,Regular,21,Create,Deployment,false
9.026255166,Regular,12,Create,ConfigMap,false
9.039028113,Regular,14,Update,Deployment,false
9.053887512,Regular,9,Delete,ConfigMap,false
9.063526401,Regular,9,Delete,Deployment,false
9.073505433,Regular,14,Create,Deployment,false
9.088500695,Regular,13,Create,ConfigMap,false
9.101641454,Regular,13,Update,Deployment,false
9.114838442,Regular,8,Delete,ConfigMap,false
9.122881805,Regular,7,Delete,Deployment,false
9.130528101,Regular,16,Create,Deployment,false
9.14724302,Regular,14,Create,ConfigMap,false
9.161732412,Regular,12,Update,Deployment,false
9.17390933,Regular,11,Delete,ConfigMap,false
9.185606218,Regular,11,Delete,Deployment,false
9.197300181,Regular,14,Create,Deployment,false
9.211448287,Regular,30,Create,ConfigMap,false
9.241738735,Regular,14,Update,Deployment,false
9.256082712,Regular,20,Delete,ConfigMap,false
9.2769914,Regular,9,Delete,Deployment,false
9.286957,Regular,18,Create,Deployment,false
9.305642226,Regular,17,Create,ConfigMap,false
9.323232593,Regular,18,Update,Deployment,false
9.341896655,Regular,9,Delete,ConfigMap,false
9.351412651,Regular,9,Delete,Deployment,false
9.361268048,Regular,15,Create,Deployment,false
9.377105018,Regular,13,Create,ConfigMap,false
9.390900318,Regular,15,Update,Deployment,false
9.406816277,Regular,11,Delete,ConfigMap,false
9.417992395,Regular,10,Delete,Deployment,false
9.429025879,Regular,11,Create,Deployment,false
9.440956741,Regular,12,Create,ConfigMap,false
9.453496158,Regular,13,Update,Deployment,false
9.467106397,Regular,9,Delete,ConfigMap,false
9.476464861,Regular,9,Delete,Deployment,false
9.485668663,Regular,14,Create,Deployment,false
9.500345163,Regular,20,Create,ConfigMap,false
9.520803111,Regular,25,Update,Deployment,false
9.546133724,Regular,16,Delete,ConfigMap,false
9.562447688,Regular,22,Delete,Deployment,false
9.585072807,Regular,19,Create,Deployment,false
9.604645221,Regular,24,Create,ConfigMap,false
9.629524264,Regular,17,Update,Deployment,false
9.647198431,Regular,21,Delete,ConfigMap,false
9.668747652,Regular,12,Delete,Deployment,false
9.680962384,Regular,19,Create,Deployment,false
9.700054135,Regular,19,Create,ConfigMap,false
9.719208133,Regular,18,Update,Deployment,false
9.738051953,Regular,24,Delete,ConfigMap,false
9.762260615,Regular,13,Delete,Deployment,false
9.775560654,Regular,28,Create,Deployment,false
9.804015957,Regular,30,Create,ConfigMap,false
9.83471633,Regular,34,Update,Deployment,false
9.869441227,Regular,20,Delete,ConfigMap,false
9.889885584,Regular,16,Delete,Deployment,false
9.906875698,Regular,23,Create,Deployment,false
9.929999605,Regular,15,Create,ConfigMap,false
9.945329704,Regular,22,Update,Deployment,false
9.968124735,Regular,8,Delete,ConfigMap,false
9.976209614,Regular,8,Delete,Deployment,false
9.98518996,Regular,12,Create,Deployment,false
9.997668805,Regular,11,Create,ConfigMap,false
10.009393429,Regular,9,Update,Deployment,false
9.014743868,Regular,19,Update,Deployment,false
9.033968355,Regular,7,Delete,ConfigMap,false
9.041010982,Regular,18,Delete,Deployment,false
9.059595032,Regular,11,Create,Deployment,false
9.070680817,Regular,16,Create,ConfigMap,false
9.086836167,Regular,11,Update,Deployment,false
9.098197051,Regular,7,Delete,ConfigMap,false
9.106208189,Regular,9,Delete,Deployment,false
9.115351155,Regular,15,Create,Deployment,false
9.130819494,Regular,20,Create,ConfigMap,false
9.151376408,Regular,12,Update,Deployment,false
9.163947647,Regular,10,Delete,ConfigMap,false
9.174981205,Regular,8,Delete,Deployment,false
9.183956118,Regular,13,Create,Deployment,false
9.197492428,Regular,16,Create,ConfigMap,false
9.214413147,Regular,26,Update,Deployment,false
9.240815967,Regular,9,Delete,ConfigMap,false
9.25065928,Regular,16,Delete,Deployment,false
9.267604556,Regular,15,Create,Deployment,false
9.28291464,Regular,13,Create,ConfigMap,false
9.29679959,Regular,18,Update,Deployment,false
9.315271709,Regular,13,Delete,ConfigMap,false
9.32866881,Regular,10,Delete,Deployment,false
9.339459977,Regular,16,Create,Deployment,false
9.355703979,Regular,16,Create,ConfigMap,false
9.372023182,Regular,13,Update,Deployment,false
9.385767666,Regular,7,Delete,ConfigMap,false
9.393150941,Regular,14,Delete,Deployment,false
9.408154017,Regular,10,Create,Deployment,false
9.418937064,Regular,15,Create,ConfigMap,false
9.434371614,Regular,13,Update,Deployment,false
9.447959029,Regular,7,Delete,ConfigMap,false
9.455947976,Regular,15,Delete,Deployment,false
9.471717181,Regular,17,Create,Deployment,false
9.488984406,Regular,18,Create,ConfigMap,false
9.508061845,Regular,36,Update,Deployment,false
9.544684249,Regular,17,Delete,ConfigMap,false
9.562034756,Regular,16,Delete,Deployment,false
9.578611946,Regular,25,Create,Deployment,false
9.604471889,Regular,24,Create,ConfigMap,false
9.629253272,Regular,17,Update,Deployment,false
9.647237797,Regular,20,Delete,ConfigMap,false
9.668231285,Regular,11,Delete,Deployment,false
9.679767436,Regular,20,Create,Deployment,false
9.700220870999999,Regular,19,Create,ConfigMap,false
9.719260722,Regular,17,Update,Deployment,false
9.736409374,Regular,14,Delete,ConfigMap,false
9.751301751,Regular,22,Delete,Deployment,false
9.773846795,Regular,23,Create,Deployment,false
9.7977516,Regular,20,Create,ConfigMap,false
9.818010968,Regular,33,Update,Deployment,false
9.851352231,Regular,14,Delete,ConfigMap,false
9.866350833,Regular,11,Delete,Deployment,false
9.878008745,Regular,22,Create,Deployment,false
9.900254968,Regular,11,Create,ConfigMap,false
9.911597086,Regular,22,Update,Deployment,false
9.934596209,Regular,8,Delete,ConfigMap,false
9.943162104,Regular,10,Delete,Deployment,false
9.953421103,Regular,19,Create,Deployment,false
9.973254706,Regular,11,Create,ConfigMap,false
9.985171449,Regular,13,Update,Deployment,false
9.998749767,Regular,6,Delete,ConfigMap,false
10.005140332,Regular,4,Delete,Deployment,false
10.010007185,Regular,10,Create,Deployment,false
9.028021355,Regular,13,Create,Deployment,false
9.041547478,Regular,15,Create,ConfigMap,false
9.056671006,Regular,11,Update,Deployment,false
9.068295591,Regular,12,Delete,ConfigMap,false
9.081314791,Regular,11,Delete,Deployment,false
9.092520584,Regular,15,Create,Deployment,false
9.107906394,Regular,10,Create,ConfigMap,false
9.118498599,Regular,15,Update,Deployment,false
9.134464447,Regular,15,Delete,ConfigMap,false
9.150125946,Regular,8,Delete,Deployment,false
9.158271788,Regular,16,Create,Deployment,false
9.17522549,Regular,10,Create,ConfigMap,false
9.186025449,Regular,12,Update,Deployment,false
9.198493064,Regular,10,Delete,ConfigMap,false
9.208994232,Regular,21,Delete,Deployment,false
9.230096142,Regular,19,Create,Deployment,false
9.249881981,Regular,22,Create,ConfigMap,false
9.271961456,Regular,11,Update,Deployment,false
9.283507305,Regular,7,Delete,ConfigMap,false
9.290796412,Regular,14,Delete,Deployment,false
9.305612071,Regular,16,Create,Deployment,false
9.322196542,Regular,11,Create,ConfigMap,false
9.333799009,Regular,15,Update,Deployment,false
9.349787628,Regular,6,Delete,ConfigMap,false
9.35653838,Regular,11,Delete,Deployment,false
9.368490195,Regular,15,Create,Deployment,false
9.384131257,Regular,11,Create,ConfigMap,false
9.396085386,Regular,15,Update,Deployment,false
9.412116917,Regular,7,Delete,ConfigMap,false
9.419588764,Regular,14,Delete,Deployment,false
9.433679199,Regular,14,Create,Deployment,false
9.448290366,Regular,17,Create,ConfigMap,false
9.465452982,Regular,12,Update,Deployment,false
9.478204493,Regular,9,Delete,ConfigMap,false
9.488183783,Regular,12,Delete,Deployment,false
9.501044479,Regular,44,Create,Deployment,false
9.545957084,Regular,23,Create,ConfigMap,false
9.569187501,Regular,29,Update,Deployment,false
9.598803714,Regular,13,Delete,ConfigMap,false
9.61218086,Regular,16,Delete,Deployment,false
9.629121432,Regular,17,Create,Deployment,false
9.646972031,Regular,26,Create,ConfigMap,false
9.673298177,Regular,26,Update,Deployment,false
9.699740388,Regular,26,Delete,ConfigMap,false
9.726531526,Regular,18,Delete,Deployment,false
9.745157736,Regular,21,Create,Deployment,false
9.766575682,Regular,19,Create,ConfigMap,false
9.78629297,Regular,33,Update,Deployment,false
9.819833073,Regular,16,Delete,ConfigMap,false
9.835890872,Regular,25,Delete,Deployment,false
9.86103531,Regular,15,Create,Deployment,false
9.876457048,Regular,13,Create,ConfigMap,false
9.890275124,Regular,17,Update,Deployment,false
9.908060781,Regular,9,Delete,ConfigMap,false
9.917672365,Regular,16,Delete,Deployment,false
9.933946164,Regular,12,Create,Deployment,false
9.946706831,Regular,20,Create,ConfigMap,false
9.967661497,Regular,12,Update,Deployment,false
9.980260829,Regular,6,Delete,ConfigMap,false
9.987228057,Regular,11,Delete,Deployment,false
9.998430221,Regular,12,Create,Deployment,false
10.0105187,Regular,13,Create,ConfigMap,false
10.019316029,Regular,5,Delete,ConfigMap,false
10.014177621,Regular,9,Create,ConfigMap,false
10.023753279,Regular,8,Update,Deployment,false
10.032333431,Regular,3,Delete,ConfigMap,false
10.018829449,Regular,8,Delete,Deployment,false
10.027736934,Regular,7,Create,Deployment,false
10.035437894,Regular,6,Create,ConfigMap,false
10.041737473,Regular,9,Update,Deployment,false
10.050883354,Regular,3,Delete,ConfigMap,false
10.054848569,Regular,4,Delete,Deployment,false
10.059117998,Regular,9,Create,Deployment,false
10.009670224,Regular,13,Update,Deployment,false
10.023678251,Regular,5,Delete,ConfigMap,false
10.029019728,Regular,4,Delete,Deployment,false
10.033729435,Regular,7,Create,Deployment,false
10.041042887,Regular,8,Create,ConfigMap,false
10.049331447,Regular,7,Update,Deployment,false
10.056541606,Regular,6,Delete,ConfigMap,false
10.062667606,Regular,7,Delete,Deployment,false
10.069832861,Regular,7,Create,Deployment,false
10.077150936,Regular,6,Create,ConfigMap,false
